cell_i,cell_j,edge_id,component_index,face_i,face_j,contact_px,arclength_um,iface_cy,iface_cx,n_components,arclength_px,n_bins,mean_intensity,max_intensity,occupancy,continuity,n_segments,gap_fraction,width_mean_px,width_cv,left_intensity,right_intensity,threshold,AJ_occupancy,AJ_mean_intensity,AJ_max_intensity,AJ_skeleton_len,AJ_cluster_count,AJ_cluster_density,AJ_thickness_proxy,AJ_morph_label,aj_morph,aj_occupancy,has_AJ,AJ_threshold
385,598,27,0,1,0,34.17441313766168,,15.86328125,35.86328125,1,34.17441313766168,34,596.5596327562946,697.2608963447743,0.0,0.0,0,1.0,,,597.3864155396477,584.278285483511,853.9003953138242,0.0,596.5596327562946,697.2608963447743,0.0,0,0.0,,minimal,minimal,0.0,False,853.9003953138242
385,509,28,0,1,2,51.27841760621476,,22.71484375,70.28515625,1,51.27841760621476,51,662.1247055254478,882.3029080410956,0.011204481792717087,0.0196078431372549,3,0.9411764705882353,1.3333333333333333,0.3535533905932738,643.3972731548301,657.0858867791203,853.9003953138242,0.011204481792717087,662.1247055254478,882.3029080410956,0.5745480964281766,3,0.05850414540944046,1.3333333333333333,minimal,minimal,0.011204481792717087,False,853.9003953138242
460,509,29,0,3,2,43.49279502004336,,12.5,105.5,1,43.49279502004336,43,633.5172921966634,894.751846293725,0.006644518272425249,0.023255813953488372,1,0.9767441860465116,2.0,,620.4046623040127,623.7351871867854,853.9003953138242,0.006644518272425249,633.5172921966634,894.751846293725,0.288988671229524,1,0.022992314003713873,2.0,minimal,minimal,0.006644518272425249,False,853.9003953138242
327,460,30,0,4,3,32.36300840897465,,11.171875,132.828125,1,32.36300840897465,32,649.6129570088904,1006.6607519619236,0.022321428571428572,0.0625,1,0.9375,2.5,0.2,647.4143069270829,633.603430093165,853.9003953138242,0.022321428571428572,649.6129570088904,1006.6607519619236,0.7223885805574699,1,0.03089947594991472,2.5,minimal,minimal,0.022321428571428572,False,853.9003953138242
39,327,31,0,5,4,29.755139833192732,,14.5,166.5,1,29.755139833192732,30,649.6240563877305,1106.790327999608,0.047619047619047616,0.13333333333333333,1,0.8666666666666667,2.5,0.447213595499958,638.9825068608949,632.0266588057561,853.9003953138242,0.047619047619047616,649.6240563877305,1106.790327999608,1.4169114206282252,1,0.03360763907029167,2.5,discontinuous,discontinuous,0.047619047619047616,False,853.9003953138242
39,129,32,0,5,6,23.000983788563364,,9.609375,199.390625,1,23.000983788563364,23,654.6622367545459,904.0058400205248,0.018633540372670808,0.13043478260869565,1,0.8695652173913043,1.0,0.0,647.2920290674298,626.3537759517832,853.9003953138242,0.018633540372670808,654.6622367545459,904.0058400205248,0.4285897600353422,1,0.04347640123537776,1.0,minimal,minimal,0.018633540372670808,False,853.9003953138242
129,180,33,0,6,7,18.13066969862849,,8.27734375,234.27734375,1,18.13066969862849,18,650.3407066517722,903.6168395443915,0.031746031746031744,0.1111111111111111,1,0.8888888888888888,2.0,0.0,690.9082895454953,585.5907116630461,853.9003953138242,0.031746031746031744,650.3407066517722,903.6168395443915,0.5755768158294758,1,0.05515516065441564,2.0,minimal,minimal,0.031746031746031744,False,853.9003953138242
180,386,34,0,7,8,74.23239480209669,,20.64453125,267.35546875,1,74.23239480209669,74,755.8942084096401,1363.5088508803663,0.23552123552123552,0.24324324324324326,4,0.43243243243243246,2.9047619047619047,0.4303083524067766,713.9958080313141,746.4536178651257,853.9003953138242,0.23552123552123552,755.8942084096401,1363.5088508803663,17.483305339489956,4,0.05388483034481086,2.9047619047619047,discontinuous,discontinuous,0.23552123552123552,True,853.9003953138242
386,591,35,0,8,9,42.958418363810495,,18.28515625,296.71484375,1,42.958418363810495,43,800.7878005064127,1415.1653645847068,0.31561461794019935,0.46511627906976744,2,0.2093023255813954,2.7941176470588234,0.45750134341264703,782.0414036620946,762.3418596502462,853.9003953138242,0.31561461794019935,800.7878005064127,1415.1653645847068,13.558304799209292,2,0.04655664887524961,2.7941176470588234,punctate,punctate,0.31561461794019935,True,853.9003953138242
215,591,36,0,10,9,34.95724143458461,,18.49609375,334.49609375,1,34.95724143458461,35,739.784708928736,1100.8747409692292,0.2857142857142857,0.45714285714285713,3,0.22857142857142854,2.5925925925925926,0.5869325309764039,731.4910482327355,680.7065595739404,853.9003953138242,0.2857142857142857,739.784708928736,1100.8747409692292,9.987783267024174,3,0.08581912865218189,2.5925925925925926,discontinuous,discontinuous,0.2857142857142857,True,853.9003953138242
215,405,37,0,10,11,36.897918598660866,,19.1015625,365.1015625,1,36.897918598660866,37,717.5534874874783,1050.25,0.21621621621621623,0.24324324324324326,5,0.3783783783783784,2.4347826086956523,0.3984984572218106,675.9732512859608,709.7436273878538,853.9003953138242,0.21621621621621623,717.5534874874783,1050.25,7.977928345656403,5,0.13550899860734866,2.4347826086956523,discontinuous,discontinuous,0.21621621621621623,True,853.9003953138242
350,405,38,0,12,11,19.89689020231363,,9.390625,400.6796875,1,19.89689020231363,20,741.4140371846788,1458.6655454614076,0.2785714285714286,1.0,1,0.0,1.95,0.47210134973133255,711.4921910330492,695.7693938475016,853.9003953138242,0.2785714285714286,741.4140371846788,1458.6655454614076,5.542705127787369,1,0.050259110334926554,1.95,punctate,punctate,0.2785714285714286,True,853.9003953138242
350,585,39,0,12,13,30.511388586746186,,11.86328125,466.86328125,1,30.511388586746186,31,651.2965435482655,1223.6964823183223,0.12442396313364056,0.12903225806451613,6,0.4516129032258065,1.588235294117647,0.649997362029046,625.801498307571,606.0082864769568,853.9003953138242,0.12442396313364056,651.2965435482655,1223.6964823183223,3.7963478886734885,6,0.19664788388576765,1.588235294117647,discontinuous,discontinuous,0.12442396313364056,True,853.9003953138242
338,585,40,0,14,13,56.7533959429935,,24.8671875,505.1328125,1,56.7533959429935,57,672.0314849968738,1271.1517203450362,0.13032581453634084,0.2631578947368421,5,0.543859649122807,2.0,0.4803844614152614,611.8472556996154,667.5918190092696,853.9003953138242,0.13032581453634084,672.0314849968738,1271.1517203450362,7.39643255397409,5,0.08810045490532935,2.0,discontinuous,discontinuous,0.13032581453634084,True,853.9003953138242
338,426,41,0,14,15,22.210836730669424,,8.53515625,548.46484375,1,22.210836730669424,22,722.9085512693991,1267.3629273544236,0.19480519480519481,0.45454545454545453,2,0.40909090909090906,2.3076923076923075,0.5734883511361752,723.9846003746898,656.1360205132407,853.9003953138242,0.19480519480519481,722.9085512693991,1267.3629273544236,4.326786376104433,2,0.09004613487786063,2.3076923076923075,punctate,punctate,0.19480519480519481,True,853.9003953138242
5,426,42,0,16,15,37.23184130333449,,16.49609375,568.50390625,1,37.23184130333449,37,723.0771633248844,1271.4137978820388,0.2277992277992278,0.7027027027027027,4,0.18918918918918914,1.9666666666666666,0.5795024066874156,676.1695069037809,694.8273833218152,853.9003953138242,0.2277992277992278,723.0771633248844,1271.4137978820388,8.481384698442993,4,0.10743492290406167,1.9666666666666666,discontinuous,discontinuous,0.2277992277992278,True,853.9003953138242
5,438,43,0,16,17,17.222680583351753,,4.75390625,584.75390625,1,17.222680583351753,17,847.4698106167224,1375.5886674433036,0.453781512605042,0.7058823529411765,2,0.11764705882352944,3.6,0.42793407438116093,790.2022061448502,856.3682300345228,853.9003953138242,0.453781512605042,847.4698106167224,1375.5886674433036,7.815334046226846,2,0.11612594162219401,3.6,thick,thick,0.453781512605042,True,853.9003953138242
438,479,44,0,17,18,22.70552362274709,,3.9765625,624.0234375,1,22.70552362274709,23,725.7864759038179,1302.9171828254246,0.2546583850931677,0.391304347826087,3,0.17391304347826086,2.1578947368421053,0.48166872336906097,727.2351032656686,661.8827147639913,853.9003953138242,0.2546583850931677,725.7864759038179,1302.9171828254246,5.782151978463545,3,0.13212643979698876,2.1578947368421053,discontinuous,discontinuous,0.2546583850931677,True,853.9003953138242
267,479,45,0,19,18,44.028579543077356,,16.5,682.5,1,44.028579543077356,44,879.046112024128,1690.7750100780631,0.5357142857142857,1.0,1,0.0,3.75,0.32721660573801425,839.7694151861931,848.6675405336449,853.9003953138242,0.5357142857142857,879.046112024128,1690.7750100780631,23.586739040934297,1,0.022712520148909295,3.75,thick,thick,0.5357142857142857,True,853.9003953138242
197,267,46,0,20,19,59.45272433029396,,6.7578125,704.7578125,1,59.45272433029396,59,819.5427091143858,1809.9279384366705,0.3946731234866828,0.4406779661016949,3,0.2542372881355932,3.7045454545454546,0.37992255718751006,745.0440304200778,830.4116369672618,853.9003953138242,0.3946731234866828,819.5427091143858,1809.9279384366705,23.46439241122982,3,0.050460261220886704,3.7045454545454546,discontinuous,discontinuous,0.3946731234866828,True,853.9003953138242
197,524,47,0,20,21,15.378891081541841,,6.640625,730.3515625,1,15.378891081541841,15,911.1684937660193,1676.2069190667753,0.47619047619047616,0.8666666666666667,2,0.06666666666666665,3.5714285714285716,0.5469917732470937,885.5614087946909,825.2701314903959,853.9003953138242,0.47619047619047616,911.1684937660193,1676.2069190667753,7.323281467400876,2,0.1300483883652999,3.5714285714285716,thick,thick,0.47619047619047616,True,853.9003953138242
424,524,48,0,22,21,47.8902862788665,,19.390625,772.6796875,1,47.8902862788665,48,933.792466783355,1753.5280897843563,0.6279761904761905,1.0,1,0.0,4.395833333333333,0.3340139648596711,881.4632343015768,923.6251941407891,853.9003953138242,0.6279761904761905,933.792466783355,1753.5280897843563,30.07395953821676,1,0.020881061227677186,4.395833333333333,thick,thick,0.6279761904761905,True,853.9003953138242
424,466,49,0,22,23,43.55872476221887,,13.6484375,806.3515625,1,43.55872476221887,44,805.9949406595642,1536.5695383543575,0.40584415584415584,1.0,1,0.0,2.840909090909091,0.3178930637808885,759.8512624107552,743.8766072738364,853.9003953138242,0.40584415584415584,805.9949406595642,1536.5695383543575,17.678053880770648,1,0.022957513229757375,2.840909090909091,thick,thick,0.40584415584415584,True,853.9003953138242
293,466,50,0,24,23,30.516884732031116,,9.24609375,827.24609375,1,30.516884732031116,31,772.4246843048319,1149.8280345062117,0.3317972350230415,1.0,1,0.0,2.3225806451612905,0.40013500808022034,729.9269433863121,746.1285997092696,853.9003953138242,0.3317972350230415,772.4246843048319,1149.8280345062117,10.125417975604794,1,0.03276874454194797,2.3225806451612905,punctate,punctate,0.3317972350230415,True,853.9003953138242
8,293,51,0,25,24,25.740600062723445,,4.640625,876.359375,1,25.740600062723445,26,684.5458067259827,1067.4652991909265,0.12637362637362637,0.2692307692307692,4,0.3846153846153846,1.4375,0.4237736671656071,652.5072160113833,655.3987677094884,853.9003953138242,0.12637362637362637,684.5458067259827,1067.4652991909265,3.252932974959556,4,0.15539653272468373,1.4375,discontinuous,discontinuous,0.12637362637362637,True,853.9003953138242
8,549,52,0,25,26,3.1836008691813857,,0.8671875,955.1328125,1,3.1836008691813857,3,703.8988833931248,774.7879623068994,0.0,0.0,0,1.0,,,711.7676399944645,686.3674027614629,853.9003953138242,0.0,703.8988833931248,774.7879623068994,0.0,0,0.0,,minimal,minimal,0.0,False,853.9003953138242
8,184,53,0,25,27,29.054967870154655,,7.86328125,941.86328125,1,29.054967870154655,29,758.8217255483324,1167.1696452269182,0.2660098522167488,0.6551724137931034,2,0.31034482758620685,2.7,0.3533108153396095,688.2459316833266,788.9317745898356,853.9003953138242,0.2660098522167488,758.8217255483324,1167.1696452269182,7.728907709302224,2,0.06883504428357691,2.7,punctate,punctate,0.2660098522167488,True,853.9003953138242
184,549,54,0,27,26,76.31099236716037,,23.25,986.75,1,76.31099236716037,76,645.2363432727875,1104.4608291536372,0.09210526315789473,0.19736842105263158,5,0.6842105263157895,2.0416666666666665,0.5562862518546535,643.4005734604885,616.6541703294713,853.9003953138242,0.09210526315789473,645.2363432727875,1104.4608291536372,7.028644033817402,5,0.06552135996270568,2.0416666666666665,discontinuous,discontinuous,0.09210526315789473,True,853.9003953138242
8,221,55,0,25,28,73.81303804594162,,23.24609375,907.24609375,1,73.81303804594162,74,705.7704127312887,1219.2997041513413,0.15444015444015444,0.24324324324324326,10,0.41891891891891897,1.8604651162790697,0.5508516134132676,697.4824430712517,660.4719429521068,853.9003953138242,0.15444015444015444,705.7704127312887,1219.2997041513413,11.399696995512219,10,0.13547742058491005,1.8604651162790697,reticular,reticular,0.15444015444015444,True,853.9003953138242
221,293,56,0,28,24,55.021339065342154,,25.17578125,871.16796875,1,55.021339065342154,55,795.5870827030475,1544.4666295424204,0.32727272727272727,0.5454545454545454,4,0.19999999999999996,2.8636363636363638,0.6343251175456536,784.0108314740022,731.9070246200656,853.9003953138242,0.32727272727272727,795.5870827030475,1544.4666295424204,18.006983694111977,4,0.07269906672481537,2.8636363636363638,discontinuous,discontinuous,0.32727272727272727,True,853.9003953138242
267,524,57,0,19,21,20.108618179637098,,21.171875,730.171875,1,20.108618179637098,20,1056.421126445419,1993.3425651089606,0.7714285714285715,1.0,1,0.0,5.4,0.179543698422827,944.1602577992178,1065.8953460405792,853.9003953138242,0.7714285714285715,1056.421126445419,1993.3425651089606,15.512362595720047,1,0.04972992132361663,5.4,thick,thick,0.7714285714285715,True,853.9003953138242
426,438,58,0,15,17,34.44147408368751,,29.13671875,589.86328125,1,34.44147408368751,34,687.9911681108897,1860.9331185823894,0.14285714285714285,0.38235294117647056,5,0.4411764705882353,1.7894736842105263,0.5897040486989241,662.8229742137346,635.206058067104,853.9003953138242,0.14285714285714285,687.9911681108897,1860.9331185823894,4.92021058338393,5,0.14517380957187737,1.7894736842105263,discontinuous,discontinuous,0.14285714285714285,True,853.9003953138242
109,129,59,0,29,6,29.66100293473767,,14.5,217.5,1,29.66100293473767,30,643.5640288702344,898.409673350234,0.01904761904761905,0.1,2,0.8666666666666667,1.0,0.0,631.1624219304784,623.9383006127317,853.9003953138242,0.01904761904761905,643.5640288702344,898.409673350234,0.5649714844711937,2,0.06742860328764161,1.0,minimal,minimal,0.01904761904761905,False,853.9003953138242
226,438,60,0,30,17,33.73443100532804,,28.9765625,614.9765625,1,33.73443100532804,34,788.2316550445132,1586.4158100301668,0.3319327731092437,0.6764705882352942,2,0.08823529411764708,2.5483870967741935,0.5444509662685207,770.3852711698546,731.969630171412,853.9003953138242,0.3319327731092437,788.2316550445132,1586.4158100301668,11.197563232860988,2,0.05928660838192642,2.5483870967741935,punctate,punctate,0.3319327731092437,True,853.9003953138242
226,479,61,0,30,18,37.44685877063785,,22.859375,641.140625,1,37.44685877063785,37,833.8810430117308,1669.185799605828,0.3938223938223938,0.6216216216216216,2,0.027027027027026973,2.8333333333333335,0.5294117647058824,826.5760240456901,757.9112547060549,853.9003953138242,0.3938223938223938,833.8810430117308,1669.185799605828,14.747411562181702,2,0.05340901922508393,2.8333333333333335,punctate,punctate,0.3938223938223938,True,853.9003953138242
109,180,62,0,29,7,26.00662533547556,,25.5,239.5,1,26.00662533547556,26,690.066976626458,891.8817950759841,0.03296703296703297,0.07692307692307693,2,0.8846153846153846,2.0,0.408248290463863,700.8433409593897,659.3963500769862,853.9003953138242,0.03296703296703297,690.066976626458,891.8817950759841,0.8573612747958976,2,0.07690348033244458,2.0,minimal,minimal,0.03296703296703297,False,853.9003953138242
25,350,63,0,31,12,53.89228427672026,,26.16796875,423.83203125,1,53.89228427672026,54,705.7858589752285,1215.8677123789594,0.14814814814814814,0.5740740740740741,4,0.33333333333333337,1.5555555555555556,0.5125964319431188,670.9144911420121,670.798420612914,853.9003953138242,0.14814814814814814,705.7858589752285,1215.8677123789594,7.984042115069668,4,0.07422212759550575,1.5555555555555556,discontinuous,discontinuous,0.14814814814814814,True,853.9003953138242
25,405,64,0,31,11,5.246405675175395,,21.2421875,400.2421875,1,5.246405675175395,5,829.0102599941886,1225.2068043689744,0.4,1.0,1,0.0,2.8,0.14285714285714285,806.245393605248,754.7443675538312,853.9003953138242,0.4,829.0102599941886,1225.2068043689744,2.098562270070158,1,0.19060668616072443,2.8,thick,thick,0.4,True,853.9003953138242
211,338,65,0,32,14,42.683095302684194,,36.1015625,534.1015625,1,42.683095302684194,43,694.0617495100079,1075.9705103038632,0.132890365448505,0.18604651162790697,6,0.34883720930232553,1.4285714285714286,0.43588989435406744,674.7872935073887,655.7389443646911,853.9003953138242,0.132890365448505,694.0617495100079,1075.9705103038632,5.672172133247069,6,0.1405708737253336,1.4285714285714286,discontinuous,discontinuous,0.132890365448505,True,853.9003953138242
211,426,66,0,32,15,36.96704931954413,,32.53515625,556.46484375,1,36.96704931954413,37,783.2252775846426,1378.3725388179355,0.33204633204633205,0.7297297297297297,2,0.05405405405405406,2.4571428571428573,0.5269892648197516,773.534914295757,731.4818324321036,853.9003953138242,0.33204633204633205,783.2252775846426,1378.3725388179355,12.274773133130484,2,0.05410223528288526,2.4571428571428573,punctate,punctate,0.33204633204633205,True,853.9003953138242
8,567,67,0,25,33,72.25973333759444,,50.50390625,931.79296875,1,72.25973333759444,72,746.3176546977268,1275.9847353719585,0.25992063492063494,0.5833333333333334,4,0.2222222222222222,2.3392857142857144,0.4865776039842225,703.9563952614958,724.6538090095005,853.9003953138242,0.25992063492063494,746.3176546977268,1275.9847353719585,18.78179576830332,4,0.05535586439701027,2.3392857142857144,discontinuous,discontinuous,0.25992063492063494,True,853.9003953138242
184,567,68,0,27,33,48.25483602265858,,36.140625,952.1328125,1,48.25483602265858,48,680.8804920335259,1148.305192473639,0.09523809523809523,0.1875,4,0.5625,1.5238095238095237,0.43526213366200367,650.5591787037689,656.5456464714596,853.9003953138242,0.09523809523809523,680.8804920335259,1148.305192473639,4.595698668824626,4,0.08289324614266136,1.5238095238095237,discontinuous,discontinuous,0.09523809523809523,True,853.9003953138242
39,109,69,0,5,29,10.650293061435844,,25.5,203.5,1,10.650293061435844,11,671.0446938590992,842.6833548196031,0.0,0.0,0,1.0,,,658.8060153548943,654.0643898002671,853.9003953138242,0.0,671.0446938590992,842.6833548196031,0.0,0,0.0,,minimal,minimal,0.0,False,853.9003953138242
99,405,70,0,34,11,38.62413162470658,,24.609375,379.609375,1,38.62413162470658,39,659.6564483918252,1127.2203801671244,0.1282051282051282,0.46153846153846156,2,0.41025641025641024,1.5217391304347827,0.32826072265931583,626.9120562651159,625.8231568285313,853.9003953138242,0.1282051282051282,659.6564483918252,1127.2203801671244,4.9518117467572536,2,0.05178109942854136,1.5217391304347827,discontinuous,discontinuous,0.1282051282051282,True,853.9003953138242
25,99,71,0,31,34,53.03514955687732,,47.83203125,400.16796875,1,53.03514955687732,53,728.2417205567801,1312.4400928724006,0.22911051212938005,0.5094339622641509,3,0.2264150943396226,2.073170731707317,0.43130124187819674,683.7931152748052,699.5013911135625,853.9003953138242,0.22911051212938005,728.2417205567801,1312.4400928724006,12.150910275834427,3,0.05656625888803543,2.073170731707317,discontinuous,discontinuous,0.22911051212938005,True,853.9003953138242
327,334,72,0,4,35,20.70706722655131,,24.49609375,150.50390625,1,20.70706722655131,21,761.8677762281941,1020.4931853737992,0.19727891156462585,0.23809523809523808,3,0.33333333333333337,2.0714285714285716,0.5308553213220915,768.1084705793313,720.1898371815521,853.9003953138242,0.19727891156462585,761.8677762281941,1020.4931853737992,4.085067684149578,3,0.14487807313211876,2.0714285714285716,discontinuous,discontinuous,0.19727891156462585,True,853.9003953138242
164,466,73,0,36,23,6.598582005987182,,25.71875,820.71875,1,6.598582005987182,7,831.4379050736525,1359.1483527413047,0.4897959183673469,1.0,1,0.0,3.4285714285714284,0.5590169943749475,705.2544468784505,874.2662262236365,853.9003953138242,0.4897959183673469,831.4379050736525,1359.1483527413047,3.231958533544742,1,0.15154771117380314,3.4285714285714284,thick,thick,0.4897959183673469,True,853.9003953138242
164,293,74,0,36,24,29.639647877890837,,27.90234375,838.09765625,1,29.639647877890837,30,799.7670524053557,1290.664896904082,0.38095238095238093,0.9,2,0.06666666666666665,2.857142857142857,0.5667892024377317,769.2372867232617,750.5725616852126,853.9003953138242,0.38095238095238093,799.7670524053557,1290.664896904082,11.2912944296727,2,0.06747718489233012,2.857142857142857,punctate,punctate,0.38095238095238093,True,853.9003953138242
334,460,75,0,35,3,48.37587385607485,,46.83203125,129.83203125,1,48.37587385607485,48,732.384888504092,1083.177671079432,0.17857142857142858,0.2708333333333333,4,0.4375,2.2222222222222223,0.37416573867739406,714.7276486894217,700.7307204730396,853.9003953138242,0.17857142857142858,732.384888504092,1083.177671079432,8.63854890287051,4,0.08268584484697006,2.2222222222222223,discontinuous,discontinuous,0.17857142857142858,True,853.9003953138242
39,334,76,0,5,35,15.988622419117373,,32.86328125,165.13671875,1,15.988622419117373,16,759.225774038959,1174.44149134674,0.25,0.4375,2,0.3125,2.5454545454545454,0.4844521416518049,732.0791353997791,743.1564990392595,853.9003953138242,0.25,759.225774038959,1174.44149134674,3.9971556047793433,2,0.12508895060331326,2.5454545454545454,punctate,punctate,0.25,True,853.9003953138242
385,460,77,0,1,3,49.755684341249314,,49.609375,104.390625,1,49.755684341249314,50,739.6357231158374,1194.4853816141083,0.2,0.36,4,0.31999999999999995,2.0588235294117645,0.47034507523298086,721.85620969689,705.1263789698636,853.9003953138242,0.2,739.6357231158374,1194.4853816141083,9.951136868249863,4,0.08039282451761699,2.0588235294117645,discontinuous,discontinuous,0.2,True,853.9003953138242
368,585,78,0,37,13,40.279162145728336,,41.53515625,479.46484375,1,40.279162145728336,40,808.1244408893537,1742.3505826953203,0.32857142857142857,0.625,3,0.09999999999999998,2.5555555555555554,0.4919003695210765,751.7517170291447,765.5262771165399,853.9003953138242,0.32857142857142857,808.1244408893537,1742.3505826953203,13.234581847882167,3,0.07448019869793032,2.5555555555555554,discontinuous,discontinuous,0.32857142857142857,True,853.9003953138242
261,549,79,0,38,26,59.7472556968862,,37.72265625,999.72265625,1,59.7472556968862,60,698.1917297510092,1063.7490465128608,0.1619047619047619,0.26666666666666666,6,0.3666666666666667,1.7894736842105263,0.3879678223021447,676.9459342758494,667.8087603992321,853.9003953138242,0.1619047619047619,698.1917297510092,1063.7490465128608,9.67336520806729,6,0.10042302244708283,1.7894736842105263,reticular,reticular,0.1619047619047619,True,853.9003953138242
350,368,80,0,12,37,24.37043578677862,,31.72265625,461.27734375,1,24.37043578677862,24,852.4090764526832,1529.9045821689333,0.43452380952380953,1.0,1,0.0,3.0416666666666665,0.33526680138412107,810.1330963578295,778.2056150611737,853.9003953138242,0.43452380952380953,852.4090764526832,1529.9045821689333,10.589534597826425,1,0.041033324506347855,3.0416666666666665,thick,thick,0.43452380952380953,True,853.9003953138242
164,424,81,0,36,22,35.39842820181748,,42.3515625,809.359375,1,35.39842820181748,35,830.2881770587892,1526.342876716215,0.4448979591836735,0.5142857142857142,2,0.02857142857142858,3.2058823529411766,0.3765940504912622,740.613219694515,835.0688471389367,853.9003953138242,0.4448979591836735,830.2881770587892,1526.342876716215,15.74868846529839,2,0.056499683788143816,3.2058823529411766,thick,thick,0.4448979591836735,True,853.9003953138242
459,598,83,0,39,0,48.352671985265744,,38.609375,8.609375,1,48.352671985265744,48,587.7314315269597,841.1181463864813,0.0,0.0,0,1.0,,,572.6828010739007,581.1627325910239,853.9003953138242,0.0,587.7314315269597,841.1181463864813,0.0,0,0.0,,minimal,minimal,0.0,False,853.9003953138242
39,341,84,0,5,40,32.55282573380898,,33.640625,185.640625,1,32.55282573380898,33,659.5532196800966,1108.3667326410457,0.03896103896103896,0.06060606060606061,2,0.9090909090909091,3.0,0.5443310539518174,650.4121471664481,649.7722948516905,853.9003953138242,0.03896103896103896,659.5532196800966,1108.3667326410457,1.2682919117068434,2,0.0614385987979785,3.0,discontinuous,discontinuous,0.03896103896103896,False,853.9003953138242
109,341,85,0,29,40,26.221757385485937,,34.171875,213.828125,1,26.221757385485937,26,629.0720972015554,998.8432226175485,0.04945054945054945,0.07692307692307693,2,0.8461538461538461,2.25,0.3685138655950444,637.9150437784502,600.0873212801129,853.9003953138242,0.04945054945054945,629.0720972015554,998.8432226175485,1.2966803102712825,2,0.07627253851059672,2.25,discontinuous,discontinuous,0.04945054945054945,False,853.9003953138242
385,459,86,0,1,39,20.245988973716486,,38.49609375,34.50390625,1,20.245988973716486,20,618.5292754705653,915.4909075921147,0.014285714285714285,0.05,1,0.95,2.0,,624.8056190289624,601.4397516050709,853.9003953138242,0.014285714285714285,618.5292754705653,915.4909075921147,0.2892284139102355,1,0.049392499487093885,2.0,minimal,minimal,0.014285714285714285,False,853.9003953138242
267,312,87,0,19,41,30.614037306054115,,43.83203125,722.83203125,1,30.614037306054115,31,740.4510862242977,1213.034775155585,0.3225806451612903,0.3225806451612903,2,0.5483870967741935,5.0,0.10690449676496976,768.1176612591476,684.5047809133845,853.9003953138242,0.3225806451612903,740.4510862242977,1213.034775155585,9.875495905178747,2,0.06532950816011737,5.0,punctate,punctate,0.3225806451612903,True,853.9003953138242
312,524,88,0,41,21,54.81062226458212,,46.98828125,749.01171875,1,54.81062226458212,55,892.9583577057236,1629.7526759108887,0.5064935064935064,0.5818181818181818,2,0.054545454545454564,3.75,0.3302420764527577,877.3349910233883,819.4601233941754,853.9003953138242,0.5064935064935064,892.9583577057236,1629.7526759108887,27.761224263879253,2,0.0364892773949106,3.75,thick,thick,0.5064935064935064,True,853.9003953138242
347,385,89,0,42,1,83.28882852633035,,38.86328125,73.79296875,1,83.28882852633035,83,698.459792211163,1179.5541698050115,0.1153184165232358,0.13253012048192772,7,0.6144578313253012,2.09375,0.5646053826679922,671.1815981795626,682.0627159497633,853.9003953138242,0.1153184165232358,698.459792211163,1179.5541698050115,9.604735819731726,7,0.08404488481654018,2.09375,discontinuous,discontinuous,0.1153184165232358,True,853.9003953138242
249,591,90,0,43,9,27.865585309681016,,36.53515625,314.53515625,1,27.865585309681016,28,697.6802344863057,1130.3844690305127,0.09183673469387756,0.17857142857142858,4,0.6785714285714286,2.0,0.5270462766947299,701.5056955597972,667.231002188949,853.9003953138242,0.09183673469387756,697.6802344863057,1130.3844690305127,2.559084365174787,4,0.14354624012187273,2.0,discontinuous,discontinuous,0.09183673469387756,True,853.9003953138242
215,249,91,0,10,43,13.730558213736181,,34.5390625,335.4609375,1,13.730558213736181,14,840.5861999408231,1189.458739193513,0.46938775510204084,1.0,1,0.0,3.2857142857142856,0.4802330877037939,899.9473890666341,732.686560268665,853.9003953138242,0.46938775510204084,840.5861999408231,1189.458739193513,6.444955896243513,1,0.07283025092159695,3.2857142857142856,thick,thick,0.46938775510204084,True,853.9003953138242
215,436,92,0,10,44,27.547087904961963,,32.8984375,348.828125,1,27.547087904961963,28,916.6131672381939,1818.4232618001558,0.5663265306122449,0.9642857142857143,1,0.0357142857142857,4.111111111111111,0.25923413639528214,893.7833552303931,842.548214828423,853.9003953138242,0.5663265306122449,916.6131672381939,1818.4232618001558,15.600646721687642,1,0.03630147779867045,4.111111111111111,thick,thick,0.5663265306122449,True,853.9003953138242
25,368,93,0,31,37,55.91131721430076,,55.64453125,437.65234375,1,55.91131721430076,56,891.6310818902303,1702.5199987099927,0.5076530612244898,1.0,1,0.0,3.5535714285714284,0.3794884910781035,857.2833117781444,806.6117825232614,853.9003953138242,0.5076530612244898,891.6310818902303,1702.5199987099927,28.383551340933295,1,0.01788546666083954,3.5535714285714284,thick,thick,0.5076530612244898,True,853.9003953138242
99,436,94,0,34,44,35.08268643358783,,52.1328125,362.8671875,1,35.08268643358783,35,734.7927952673737,1067.1132905292623,0.14285714285714285,0.2,4,0.48571428571428577,1.9444444444444444,0.40101910993194856,688.904645221133,748.5386590448281,853.9003953138242,0.14285714285714285,734.7927952673737,1067.1132905292623,5.011812347655404,4,0.11401635412305364,1.9444444444444444,discontinuous,discontinuous,0.14285714285714285,True,853.9003953138242
164,221,95,0,36,28,39.41189945834265,,56.28125,845.28125,1,39.41189945834265,39,859.6791573689034,1550.5197751595854,0.4358974358974359,0.5384615384615384,2,0.1282051282051282,3.5,0.4396331549421287,820.3921201227586,800.0302171423801,853.9003953138242,0.4358974358974359,859.6791573689034,1550.5197751595854,17.179545917739105,2,0.050746095151134436,3.5,thick,thick,0.4358974358974359,True,853.9003953138242
109,328,96,0,29,45,24.035261985281295,,43.86328125,230.86328125,1,24.035261985281295,24,626.1677987870859,959.9596520581042,0.017857142857142856,0.041666666666666664,1,0.9583333333333334,3.0,,606.0833167725419,630.9156433329348,853.9003953138242,0.017857142857142856,626.1677987870859,959.9596520581042,0.4292011068800231,1,0.041605537755834726,3.0,minimal,minimal,0.017857142857142856,False,853.9003953138242
479,495,97,0,18,46,32.48617319605329,,39.13671875,665.13671875,1,32.48617319605329,32,1055.5110149039544,1635.2744938655433,0.7410714285714286,1.0,1,0.0,5.1875,0.30646017691510613,1017.1769138682097,1018.3465904476536,853.9003953138242,0.7410714285714286,1055.5110149039544,1635.2744938655433,24.07457477921806,1,0.030782326806085274,5.1875,thick,thick,0.7410714285714286,True,853.9003953138242
334,341,98,0,35,40,18.156040712995367,,45.64453125,166.64453125,1,18.156040712995367,18,824.1858839639015,1318.3864038558395,0.3492063492063492,0.3888888888888889,3,0.2777777777777778,3.3846153846153846,0.42640143271122083,826.9958048914384,784.1697647955746,853.9003953138242,0.3492063492063492,824.1858839639015,1318.3864038558395,6.340204693426953,3,0.16523426265797697,3.3846153846153846,discontinuous,discontinuous,0.3492063492063492,True,853.9003953138242
180,328,99,0,7,45,39.89547565558771,,50.75390625,255.24609375,1,39.89547565558771,40,710.1514709123329,1083.338935163546,0.18571428571428572,0.35,3,0.5,2.6,0.4772951402304176,707.8107122634385,692.7962675704637,853.9003953138242,0.18571428571428572,710.1514709123329,1083.338935163546,7.4091597646091465,3,0.07519649661276376,2.6,discontinuous,discontinuous,0.18571428571428572,True,853.9003953138242
249,386,100,0,43,8,26.36786198794544,,50.390625,297.390625,1,26.36786198794544,26,732.2749842461172,1094.9534107707734,0.1813186813186813,0.38461538461538464,3,0.34615384615384615,1.9411764705882353,0.5437684377250411,692.9819343221527,722.37640242682,853.9003953138242,0.1813186813186813,732.2749842461172,1094.9534107707734,4.7809859648472495,3,0.11377486735069783,1.9411764705882353,discontinuous,discontinuous,0.1813186813186813,True,853.9003953138242
226,495,101,0,30,46,36.744841334836885,,51.61328125,646.61328125,1,36.744841334836885,37,938.1240309863207,1916.3974878398922,0.5637065637065637,1.0,1,0.0,3.945945945945946,0.3483063598655101,950.7316269936871,839.711478302937,853.9003953138242,0.5637065637065637,938.1240309863207,1916.3974878398922,20.7133082428038,1,0.027214704531923626,3.945945945945946,thick,thick,0.5637065637065637,True,853.9003953138242
249,436,102,0,43,44,48.42267183093149,,64.13671875,339.13671875,1,48.42267183093149,48,842.932398424305,1464.2292254959202,0.43452380952380953,1.0,1,0.0,3.0416666666666665,0.2922017672287882,789.7584062170837,786.8853890428751,853.9003953138242,0.43452380952380953,842.932398424305,1464.2292254959202,21.040803831297612,1,0.020651483327717136,3.0416666666666665,thick,thick,0.43452380952380953,True,853.9003953138242
226,426,103,0,30,15,15.592474037944868,,46.171875,604.828125,1,15.592474037944868,16,910.9347656675761,1434.8685659929279,0.5535714285714286,1.0,1,0.0,3.875,0.17960530202677488,886.931779178207,827.0316593670117,853.9003953138242,0.5535714285714286,910.9347656675761,1434.8685659929279,8.631548128148053,1,0.06413350425124728,3.875,thick,thick,0.5535714285714286,True,853.9003953138242
267,495,104,0,19,46,29.592069057435754,,48.5,692.5,1,29.592069057435754,30,728.8798275363232,1038.3499043218947,0.09047619047619047,0.13333333333333333,4,0.7333333333333334,2.375,0.6962503450169976,657.2226143491295,774.7658398729224,853.9003953138242,0.09047619047619047,728.8798275363232,1038.3499043218947,2.67737767662514,4,0.1351713525754597,2.375,discontinuous,discontinuous,0.09047619047619047,True,853.9003953138242
13,424,105,0,47,22,21.093529003493792,,43.28125,788.71875,1,21.093529003493792,21,774.9049541866933,1342.7706312533394,0.3197278911564626,0.5238095238095238,2,0.19047619047619047,2.764705882352941,0.3623273694877958,726.5317925125779,739.6477045692542,853.9003953138242,0.3197278911564626,774.9049541866933,1342.7706312533394,6.74418954533475,2,0.0948158081878444,2.764705882352941,punctate,punctate,0.3197278911564626,True,853.9003953138242
13,524,106,0,47,21,4.0,,42.5,777.5,1,4.0,4,951.6919642857143,1322.0,0.6785714285714286,1.0,1,0.0,4.75,0.3113726201631377,952.1979166666666,899.71875,853.9003953138242,0.6785714285714286,951.6919642857143,1322.0,2.7142857142857144,1,0.25,4.75,thick,thick,0.6785714285714286,True,853.9003953138242
13,312,107,0,47,41,35.9882412446839,,61.71484375,781.71484375,1,35.9882412446839,36,712.0800801414573,1684.4714427713309,0.25396825396825395,0.4722222222222222,2,0.4444444444444444,3.2,0.36443449342783124,715.8836079320978,658.174390220661,853.9003953138242,0.25396825396825395,712.0800801414573,1684.4714427713309,9.139870792300671,2,0.055573707711972044,3.2,punctate,punctate,0.25396825396825395,True,853.9003953138242
328,341,108,0,45,40,27.978236135594756,,55.28515625,210.28515625,1,27.978236135594756,28,696.7983954520664,1046.1339565699213,0.07653061224489796,0.14285714285714285,4,0.6071428571428572,1.3636363636363635,0.47140452079103173,664.3268176474825,678.5187299368845,853.9003953138242,0.07653061224489796,696.7983954520664,1046.1339565699213,2.1411915409893947,4,0.14296826935816298,1.3636363636363635,discontinuous,discontinuous,0.07653061224489796,True,853.9003953138242
347,459,109,0,42,39,39.4705532141658,,65.13671875,33.13671875,1,39.4705532141658,39,668.7672780902595,1010.7344780742753,0.03663003663003663,0.07692307692307693,2,0.8974358974358975,2.5,0.34641016151377546,649.8509913214297,667.7510476364675,853.9003953138242,0.03663003663003663,668.7672780902595,1010.7344780742753,1.4458078100427032,2,0.05067068579323102,2.5,discontinuous,discontinuous,0.03663003663003663,False,853.9003953138242
549,567,110,0,26,33,22.99348464296766,,56.24609375,976.75390625,1,22.99348464296766,23,656.251937351984,1089.3135517009168,0.062111801242236024,0.30434782608695654,2,0.6521739130434783,1.25,0.34641016151377546,630.7914099548815,629.3080853435615,853.9003953138242,0.062111801242236024,656.251937351984,1089.3135517009168,1.4281667480104134,2,0.08698116144877942,1.25,discontinuous,discontinuous,0.062111801242236024,True,853.9003953138242
211,585,111,0,32,13,30.115684359520163,,59.83203125,508.83203125,1,30.115684359520163,30,735.585569333511,1301.610978134512,0.18571428571428572,0.23333333333333334,3,0.4,2.1666666666666665,0.5600084530215783,709.5588783591214,694.9015838635237,853.9003953138242,0.18571428571428572,735.585569333511,1301.610978134512,5.592912809625173,3,0.09961586674193046,2.1666666666666665,discontinuous,discontinuous,0.18571428571428572,True,853.9003953138242
221,301,112,0,28,48,50.76861042936957,,62.50390625,866.50390625,1,50.76861042936957,51,765.4119201616096,1497.6332858029905,0.2689075630252101,0.27450980392156865,6,0.21568627450980393,2.4,0.47324236215002285,728.6011341123021,741.3473851864355,853.9003953138242,0.2689075630252101,765.4119201616096,1497.6332858029905,13.652063308738036,6,0.11818326224128853,2.4,reticular,reticular,0.2689075630252101,True,853.9003953138242
8,301,113,0,25,48,34.83423486483453,,56.75390625,902.24609375,1,34.83423486483453,35,804.4526947515133,1365.3854461170893,0.37551020408163266,0.7142857142857143,2,0.02857142857142858,2.7058823529411766,0.49525155434323986,774.5406202281591,753.132211664578,853.9003953138242,0.37551020408163266,804.4526947515133,1365.3854461170893,13.080610643121537,2,0.05741478197412678,2.7058823529411766,punctate,punctate,0.37551020408163266,True,853.9003953138242
225,426,114,0,49,15,38.93884467231523,,58.28515625,577.71484375,1,38.93884467231523,39,701.5278843672152,1231.9239398484249,0.1684981684981685,0.28205128205128205,7,0.41025641025641024,2.0,0.5897678246195885,675.0754928564296,661.1187521402344,853.9003953138242,0.1684981684981685,701.5278843672152,1231.9239398484249,6.561124010719782,7,0.17976907273206455,2.0,reticular,reticular,0.1684981684981685,True,853.9003953138242
211,225,115,0,32,49,41.97342588855932,,68.390625,552.390625,1,41.97342588855932,42,712.524374115159,1169.1812946491093,0.2108843537414966,0.23809523809523808,8,0.23809523809523814,1.9375,0.49869757528194536,681.417963074346,669.7616779023607,853.9003953138242,0.2108843537414966,712.524374115159,1169.1812946491093,8.851538792825435,8,0.19059678429014196,1.9375,reticular,reticular,0.2108843537414966,True,853.9003953138242
13,164,116,0,47,36,34.06821423844159,,63.50390625,802.49609375,1,34.06821423844159,34,797.4618636838906,1396.1486465144976,0.36134453781512604,0.6176470588235294,2,0.05882352941176472,2.6875,0.4960634652953847,748.6799681230135,749.2520160660756,853.9003953138242,0.36134453781512604,797.4618636838906,1396.1486465144976,12.310363128176373,2,0.05870574800317117,2.6875,punctate,punctate,0.36134453781512604,True,853.9003953138242
267,476,117,0,19,50,6.129688755600806,,54.35546875,709.35546875,1,6.129688755600806,6,965.2132443412797,1258.8868696150817,0.7619047619047619,1.0,1,0.0,5.333333333333333,0.08838834764831845,1013.8167597626289,873.6874982909814,853.9003953138242,0.7619047619047619,965.2132443412797,1258.8868696150817,4.670239051886328,1,0.16314042031681988,5.333333333333333,thick,thick,0.7619047619047619,True,853.9003953138242
312,476,118,0,41,50,39.22522804488405,,58.171875,732.828125,1,39.22522804488405,39,879.5976701547515,2112.699213027744,0.5860805860805861,1.0,1,0.0,4.102564102564102,0.348209706929603,884.8827592153442,793.7937518605354,853.9003953138242,0.5860805860805861,879.5976701547515,2112.699213027744,22.989144641690284,1,0.025493796973104534,4.102564102564102,thick,thick,0.5860805860805861,True,853.9003953138242
1,426,119,0,51,15,21.853260295212436,,60.75,596.75,1,21.853260295212436,22,788.3069456722874,1284.3114829845508,0.3181818181818182,0.45454545454545453,4,0.2272727272727273,2.8823529411764706,0.5692377828971981,754.9478001489209,769.2418284709648,853.9003953138242,0.3181818181818182,788.3069456722874,1284.3114829845508,6.95331009393123,4,0.18303904982435554,2.8823529411764706,discontinuous,discontinuous,0.3181818181818182,True,853.9003953138242
1,226,120,0,51,30,40.00798026245012,,66.3203125,619.390625,1,40.00798026245012,40,829.8459767451732,1733.8268861077227,0.36428571428571427,0.35,4,0.09999999999999998,2.8333333333333335,0.44410790795710287,789.7443438922639,789.9113736200304,853.9003953138242,0.36428571428571427,829.8459767451732,1733.8268861077227,14.574335667035399,4,0.09998005332336757,2.8333333333333335,discontinuous,discontinuous,0.36428571428571427,True,853.9003953138242
476,495,121,0,50,46,22.718953367373544,,66.35546875,705.35546875,1,22.718953367373544,23,923.8156190686718,1606.2614340859418,0.5652173913043478,1.0,1,0.0,3.9565217391304346,0.35336121298491263,867.8266124253686,879.2664902805785,853.9003953138242,0.5652173913043478,923.8156190686718,1606.2614340859418,12.841147555472002,1,0.04401611217865739,3.9565217391304346,thick,thick,0.5652173913043478,True,853.9003953138242
297,334,122,0,52,35,20.895382987389958,,59.13671875,154.86328125,1,20.895382987389958,21,798.0732964459871,1321.717353603237,0.3469387755102041,0.42857142857142855,2,0.19047619047619047,3.0,0.3233808333817773,785.4988706486913,745.7035846655326,853.9003953138242,0.3469387755102041,798.0732964459871,1321.717353603237,7.249418587461822,2,0.09571492425896043,3.0,punctate,punctate,0.3469387755102041,True,853.9003953138242
297,341,123,0,52,40,29.506534358366856,,60.53125,178.46875,1,29.506534358366856,30,743.131167337151,1345.2960219014942,0.22857142857142856,0.3333333333333333,3,0.4666666666666667,3.0,0.5,717.9499854066042,725.2007186977313,853.9003953138242,0.22857142857142856,743.131167337151,1345.2960219014942,6.744350710483853,3,0.1016723944453789,3.0,discontinuous,discontinuous,0.22857142857142856,True,853.9003953138242
386,450,124,0,8,53,14.386629783080954,,60.46875,280.53125,1,14.386629783080954,14,754.8698158875351,1335.783885340136,0.2857142857142857,0.5,2,0.2142857142857143,2.5454545454545454,0.4844521416518049,725.6426833325521,699.0660105055313,853.9003953138242,0.2857142857142857,754.8698158875351,1335.783885340136,4.110465652308844,2,0.1390179653022038,2.5454545454545454,punctate,punctate,0.2857142857142857,True,853.9003953138242
180,450,125,0,7,53,6.827984812849695,,58.859375,273.859375,1,6.827984812849695,7,599.1484541333201,1025.9519866307646,0.08163265306122448,0.2857142857142857,1,0.7142857142857143,2.0,0.5,639.746700018088,561.136174208766,853.9003953138242,0.08163265306122448,599.1484541333201,1025.9519866307646,0.5573865153346689,1,0.14645609611170837,2.0,minimal,minimal,0.08163265306122448,True,853.9003953138242
216,368,127,0,54,37,44.82980446182957,,67.28125,466.28125,1,44.82980446182957,45,897.8990057479244,2011.2042652691134,0.5142857142857142,1.0,1,0.0,3.6,0.30653602513420086,843.1072716337459,834.1799163255929,853.9003953138242,0.5142857142857142,897.8990057479244,2011.2042652691134,23.05532800894092,1,0.02230658848515505,3.6,thick,thick,0.5142857142857142,True,853.9003953138242
216,585,128,0,54,13,17.051883077696264,,65.86328125,491.13671875,1,17.051883077696264,17,813.7722960351687,1525.040653147817,0.3949579831932773,0.6470588235294118,2,0.17647058823529416,3.357142857142857,0.3666742114811508,799.9492724986669,773.857914671589,853.9003953138242,0.3949579831932773,813.7722960351687,1525.040653147817,6.7347773500144905,2,0.11728909885712184,3.357142857142857,punctate,punctate,0.3949579831932773,True,853.9003953138242
328,450,129,0,45,53,29.91696302666366,,69.75390625,260.75390625,1,29.91696302666366,30,630.8797187657561,1021.1699325730723,0.02857142857142857,0.13333333333333333,1,0.8666666666666667,1.5,0.3333333333333333,615.1762747665106,608.4598434972969,853.9003953138242,0.02857142857142857,630.8797187657561,1021.1699325730723,0.8547703721903902,1,0.0334258527213723,1.5,minimal,minimal,0.02857142857142857,False,853.9003953138242
63,386,130,0,55,8,6.3672017383627715,,63.5,289.5,1,6.3672017383627715,6,798.1553260997194,1141.6857342881128,0.35714285714285715,1.0,1,0.0,2.5,0.38297084310253526,714.2221673774781,825.4114886199537,853.9003953138242,0.35714285714285715,798.1553260997194,1141.6857342881128,2.274000620843847,1,0.15705486351640788,2.5,punctate,punctate,0.35714285714285715,True,853.9003953138242
63,249,131,0,55,43,9.126579936302825,,65.28125,295.71875,1,9.126579936302825,9,769.8160961409741,1272.011742430654,0.31746031746031744,0.5555555555555556,2,0.2222222222222222,2.857142857142857,0.34641016151377546,780.9769131265783,677.4912481613304,853.9003953138242,0.31746031746031744,769.8160961409741,1272.011742430654,2.8973269639056585,2,0.21914013945624844,2.857142857142857,punctate,punctate,0.31746031746031744,True,853.9003953138242
261,567,132,0,38,33,28.610283434890743,,77.38671875,987.38671875,1,28.610283434890743,29,728.1195033218003,1117.338890874041,0.1724137931034483,0.5517241379310345,3,0.31034482758620685,1.75,0.306394436993246,694.8579595632682,701.0028644109652,853.9003953138242,0.1724137931034483,728.1195033218003,1117.338890874041,4.932807488774267,3,0.10485740229827459,1.75,discontinuous,discontinuous,0.1724137931034483,True,853.9003953138242
331,334,133,0,56,35,18.923693012377687,,66.609375,137.609375,1,18.923693012377687,19,670.9956071955335,1015.5195787665608,0.07518796992481203,0.10526315789473684,4,0.6842105263157895,1.6666666666666667,0.282842712474619,628.2449579221902,663.4647665816941,853.9003953138242,0.07518796992481203,670.9956071955335,1015.5195787665608,1.422834061081029,4,0.21137523195835314,1.6666666666666667,discontinuous,discontinuous,0.07518796992481203,True,853.9003953138242
297,331,134,0,52,56,21.38399262852346,,73.859375,153.140625,1,21.38399262852346,21,665.4010882568632,1114.4014203507197,0.061224489795918366,0.09523809523809523,1,0.9047619047619048,4.5,0.1111111111111111,660.89701487556,642.2440323207826,853.9003953138242,0.061224489795918366,665.4010882568632,1114.4014203507197,1.309224038481028,1,0.04676395177325914,4.5,discontinuous,discontinuous,0.061224489795918366,True,853.9003953138242
63,450,135,0,55,53,41.60245982348204,,85.640625,290.3515625,1,41.60245982348204,42,644.6139964632783,950.5514500049032,0.047619047619047616,0.14285714285714285,3,0.7142857142857143,1.1666666666666667,0.31943828249996997,624.5736604838188,617.2123006707396,853.9003953138242,0.047619047619047616,644.6139964632783,950.5514500049032,1.9810695154039066,3,0.0721111206579829,1.1666666666666667,discontinuous,discontinuous,0.047619047619047616,False,853.9003953138242
341,520,136,0,40,57,16.596850653697885,,69.31640625,196.61328125,1,16.596850653697885,17,790.4501438407141,1297.0567714986532,0.2773109243697479,0.47058823529411764,3,0.17647058823529416,2.357142857142857,0.546295647797574,726.9142580833549,804.265176759896,853.9003953138242,0.2773109243697479,790.4501438407141,1297.0567714986532,4.602487996403616,3,0.18075718475731303,2.357142857142857,discontinuous,discontinuous,0.2773109243697479,True,853.9003953138242
99,529,137,0,34,58,38.976677765686496,,68.64453125,386.64453125,1,38.976677765686496,39,696.0208644281703,1307.240544029999,0.12087912087912088,0.23076923076923078,5,0.6153846153846154,2.2,0.5300865358950273,675.7133524752422,678.2123616754509,853.9003953138242,0.12087912087912088,696.0208644281703,1307.240544029999,4.711466543104961,5,0.12828184151707767,2.2,discontinuous,discontinuous,0.12087912087912088,True,853.9003953138242
436,529,138,0,44,58,16.633011000317342,,75.35546875,368.35546875,1,16.633011000317342,17,896.2555036268676,1738.2702948408921,0.5378151260504201,1.0,1,0.0,3.764705882352941,0.4866378594499199,871.7526581307293,870.924338120389,853.9003953138242,0.5378151260504201,896.2555036268676,1738.2702948408921,8.945484907733697,1,0.06012140555795466,3.764705882352941,thick,thick,0.5378151260504201,True,853.9003953138242
1,495,139,0,51,46,33.91290608808833,,81.13671875,649.86328125,1,33.91290608808833,34,785.9544635494341,1437.7995716599137,0.3403361344537815,1.0,1,0.0,2.3823529411764706,0.3221725518691331,753.5375314619259,717.993932775272,853.9003953138242,0.3403361344537815,785.9544635494341,1437.7995716599137,11.541787366114095,1,0.02948729894756035,2.3823529411764706,punctate,punctate,0.3403361344537815,True,853.9003953138242
297,520,140,0,52,57,35.11193171493473,,86.859375,190.859375,1,35.11193171493473,35,809.5158967145484,1662.4930865924487,0.3469387755102041,0.4,3,0.19999999999999996,3.0357142857142856,0.486068900237967,773.8213526506881,776.4005046189991,853.9003953138242,0.3469387755102041,809.5158967145484,1662.4930865924487,12.181690594977354,3,0.08544104107846512,3.0357142857142856,discontinuous,discontinuous,0.3469387755102041,True,853.9003953138242
328,520,141,0,45,57,31.10802922262611,,74.72265625,219.27734375,1,31.10802922262611,31,679.3983153541129,1144.166248514456,0.1152073732718894,0.0967741935483871,5,0.5483870967741935,1.7857142857142858,0.6053098380168622,656.2106464071536,644.9105134922253,853.9003953138242,0.1152073732718894,679.3983153541129,1144.166248514456,3.58387433440393,5,0.16073020776138722,1.7857142857142858,discontinuous,discontinuous,0.1152073732718894,True,853.9003953138242
331,460,142,0,56,3,17.91461291905551,,72.5,121.5,1,17.91461291905551,18,653.6929072861788,964.1835059035536,0.015873015873015872,0.05555555555555555,1,0.9444444444444444,2.0,,625.229765861939,652.2225980970629,853.9003953138242,0.015873015873015872,653.6929072861788,964.1835059035536,0.28435893522310335,1,0.05582035205105183,2.0,minimal,minimal,0.015873015873015872,False,853.9003953138242
249,287,143,0,43,59,57.93634712624347,,85.46484375,319.53515625,1,57.93634712624347,58,776.7192073230029,2087.52897726758,0.29802955665024633,0.39655172413793105,6,0.1724137931034483,2.5208333333333335,0.5491360856324038,739.9499032467986,743.7426120992873,853.9003953138242,0.29802955665024633,776.7192073230029,2087.52897726758,17.266743847969114,6,0.10356193128513923,2.5208333333333335,reticular,reticular,0.29802955665024633,True,853.9003953138242
312,418,144,0,41,60,30.96950905591174,,79.390625,756.609375,1,30.96950905591174,31,756.2994771211706,1356.3455323369526,0.2764976958525346,0.5483870967741935,3,0.22580645161290325,2.5,0.6110100926607787,732.6228550534229,727.1055007517741,853.9003953138242,0.2764976958525346,756.2994771211706,1356.3455323369526,8.5629978956438,3,0.0968694723117457,2.5,discontinuous,discontinuous,0.2764976958525346,True,853.9003953138242
63,287,145,0,55,59,74.12853537958395,,100.6875,312.3125,1,74.12853537958395,74,719.9145890223474,1253.0298824973725,0.18725868725868725,0.17567567567567569,6,0.43243243243243246,2.3095238095238093,0.5217146774795876,706.8115834573923,682.797876663535,853.9003953138242,0.18725868725868725,719.9145890223474,1253.0298824973725,13.881212223590044,6,0.08094049031558885,2.3095238095238093,reticular,reticular,0.18725868725868725,True,853.9003953138242
211,216,146,0,32,54,2.0,,70.5,498.5,1,2.0,2,875.1339285714286,1106.5,0.5,1.0,1,0.0,3.5,0.14285714285714285,835.125,862.4583333333333,853.9003953138242,0.5,875.1339285714286,1106.5,1.0,1,0.5,3.5,thick,thick,0.5,True,853.9003953138242
1,225,147,0,51,49,21.64163253851091,,75.86328125,600.13671875,1,21.64163253851091,22,654.816608962155,991.2275888260251,0.09090909090909091,0.18181818181818182,5,0.36363636363636365,1.0,0.0,626.4980705214028,625.7636970196556,853.9003953138242,0.09090909090909091,654.816608962155,991.2275888260251,1.9674211398646282,5,0.23103617488664902,1.0,discontinuous,discontinuous,0.09090909090909091,True,853.9003953138242
418,476,148,0,60,50,78.71111358545197,,106.25,741.75,1,78.71111358545197,79,734.718905771052,1371.2192448944468,0.24773960216998192,0.5569620253164557,5,0.20253164556962022,2.1746031746031744,0.5529166967709671,708.2412697265632,689.028885454107,853.9003953138242,0.24773960216998192,734.718905771052,1371.2192448944468,19.49985996601613,5,0.06352343109174535,2.1746031746031744,discontinuous,discontinuous,0.24773960216998192,True,853.9003953138242
331,385,149,0,56,1,7.851153477029276,,74.25,109.25,1,7.851153477029276,8,700.266874540571,942.9135504593551,0.10714285714285714,0.375,1,0.625,2.0,0.408248290463863,649.7929098389643,710.0690948943729,853.9003953138242,0.10714285714285714,700.266874540571,942.9135504593551,0.8411950153959937,1,0.12736981934256883,2.0,minimal,minimal,0.10714285714285714,True,853.9003953138242
216,569,150,0,54,61,38.66142138780502,,86.53125,487.5390625,1,38.66142138780502,39,815.1087844474667,1288.3193776780936,0.4249084249084249,0.8717948717948718,2,0.07692307692307687,3.2222222222222223,0.46901622443915325,771.3374088548331,776.2368599167254,853.9003953138242,0.4249084249084249,815.1087844474667,1288.3193776780936,16.42756366661312,2,0.05173115545697087,3.2222222222222223,thick,thick,0.4249084249084249,True,853.9003953138242
211,569,151,0,32,61,34.74658061059736,,75.7578125,515.2421875,1,34.74658061059736,35,889.1332767601175,1660.7922416614542,0.5183673469387755,0.8571428571428571,2,0.08571428571428574,3.96875,0.29869412186441985,870.2224617159266,822.4942304435299,853.9003953138242,0.5183673469387755,889.1332767601175,1660.7922416614542,18.011492806309654,2,0.05755962068365426,3.96875,thick,thick,0.5183673469387755,True,853.9003953138242
8,587,152,0,25,62,5.129817481141764,,72.86328125,912.13671875,1,5.129817481141764,5,861.1230481321187,1218.6786498059541,0.45714285714285713,1.0,1,0.0,3.2,0.4592793267718459,869.8198319719206,806.0517155939667,853.9003953138242,0.45714285714285713,861.1230481321187,1218.6786498059541,2.3450594199505206,1,0.19493870954984271,3.2,thick,thick,0.45714285714285713,True,853.9003953138242
301,587,153,0,48,62,38.54694030060577,,91.27734375,909.72265625,1,38.54694030060577,39,686.3394031889505,1325.6782225898517,0.1282051282051282,0.20512820512820512,3,0.6153846153846154,2.3333333333333335,0.5111012519999519,661.4475043027724,664.3367583720294,853.9003953138242,0.1282051282051282,686.3394031889505,1325.6782225898517,4.941915423154585,3,0.07782718878864828,2.3333333333333335,discontinuous,discontinuous,0.1282051282051282,True,853.9003953138242
25,529,154,0,31,58,13.618287362575797,,78.25,410.75,1,13.618287362575797,14,824.3435077923617,1398.1817930238478,0.40816326530612246,1.0,1,0.0,2.857142857142857,0.25980762113533157,763.8128733002853,796.8124701529547,853.9003953138242,0.40816326530612246,824.3435077923617,1398.1817930238478,5.55848463778604,1,0.07343067254903758,2.857142857142857,thick,thick,0.40816326530612246,True,853.9003953138242
567,587,155,0,33,62,72.6927167580991,,77.89453125,950.10546875,1,72.6927167580991,73,671.8266832814178,1331.658974863407,0.046966731898238745,0.0684931506849315,5,0.8082191780821918,1.7142857142857142,0.5137011669140813,656.6569401650708,654.7547420547038,853.9003953138242,0.046966731898238745,671.8266832814178,1331.658974863407,3.4141393389322467,5,0.06878268171815057,1.7142857142857142,discontinuous,discontinuous,0.046966731898238745,False,853.9003953138242
164,301,156,0,36,48,22.580061266925526,,84.46484375,842.46484375,1,22.580061266925526,23,737.855869270547,1042.9145995767917,0.14906832298136646,0.21739130434782608,5,0.4782608695652174,2.0,0.67700320038633,701.5963162397055,741.4660674498234,853.9003953138242,0.14906832298136646,737.855869270547,1042.9145995767917,3.365971865877097,5,0.22143429731627093,2.0,discontinuous,discontinuous,0.14906832298136646,True,853.9003953138242
95,385,157,0,63,1,33.053500842985514,,77.53515625,91.46484375,1,33.053500842985514,33,713.2105834099652,1198.9770836101761,0.1774891774891775,0.2727272727272727,3,0.5151515151515151,2.5625,0.4356236853534573,676.9745066307619,703.5902177946246,853.9003953138242,0.1774891774891775,713.2105834099652,1198.9770836101761,5.866638677759334,3,0.09076194422645092,2.5625,discontinuous,discontinuous,0.1774891774891775,True,853.9003953138242
312,400,158,0,41,64,11.611105083756708,,80.5,773.2109375,1,11.611105083756708,12,852.718693281597,1295.5256895783614,0.5,1.0,1,0.0,3.5,0.2735506022160966,780.9459168795465,864.2359189232175,853.9003953138242,0.5,852.718693281597,1295.5256895783614,5.805552541878354,1,0.08612444662127333,3.5,thick,thick,0.5,True,853.9003953138242
13,400,159,0,47,64,24.97660644049641,,75.5,787.5,1,24.97660644049641,25,682.9063249466199,1249.6840176847688,0.08,0.12,3,0.8,2.8,0.47380354147934295,708.7336758285387,641.8142384536033,853.9003953138242,0.08,682.9063249466199,1249.6840176847688,1.998128515239713,3,0.12011239425768742,2.8,discontinuous,discontinuous,0.08,True,853.9003953138242
288,495,160,0,65,46,36.12737967606619,,80.8984375,687.8984375,1,36.12737967606619,36,887.4468162670204,1670.6707220576816,0.5238095238095238,0.7222222222222222,2,0.02777777777777779,3.7714285714285714,0.38599209705627263,815.4495576145206,893.7391330256146,853.9003953138242,0.5238095238095238,887.4468162670204,1670.6707220576816,18.9238655446061,2,0.05535967507006792,3.7714285714285714,thick,thick,0.5238095238095238,True,853.9003953138242
288,476,161,0,65,50,40.633343655886044,,91.6796875,704.6796875,1,40.633343655886044,41,896.7005192018504,2054.4112929247317,0.4355400696864111,0.4878048780487805,3,0.3902439024390244,5.0,0.2592296279363144,867.5462496645755,867.2640315299438,853.9003953138242,0.4355400696864111,896.7005192018504,2054.4112929247317,17.697449327476498,3,0.07383099026765491,5.0,thick,thick,0.4355400696864111,True,853.9003953138242
95,331,162,0,63,56,20.3044714223469,,85.50390625,104.50390625,1,20.3044714223469,20,598.7912142806665,980.0406666605293,0.05,0.1,1,0.9,3.5,0.14285714285714285,574.5911913211401,598.6722391467663,853.9003953138242,0.05,598.7912142806665,980.0406666605293,1.015223571117345,1,0.04925023553676014,3.5,discontinuous,discontinuous,0.05,True,853.9003953138242
459,592,163,0,39,66,49.34011477710861,,91.140625,12.140625,1,49.34011477710861,49,670.549348852611,949.0960489699432,0.037900874635568516,0.08163265306122448,4,0.7959183673469388,1.3,0.35250582268891073,644.6034580149184,661.342966608268,853.9003953138242,0.037900874635568516,670.549348852611,949.0960489699432,1.870033504671755,4,0.08106993706986275,1.3,discontinuous,discontinuous,0.037900874635568516,False,853.9003953138242
13,198,164,0,47,67,1.0,,78.5,799.5,1,1.0,1,1037.357142857143,1332.0,0.7142857142857143,1.0,1,0.0,5.0,,1171.8333333333333,843.9583333333334,853.9003953138242,0.7142857142857143,1037.357142857143,1332.0,0.7142857142857143,1,1.0,5.0,thick,thick,0.7142857142857143,True,853.9003953138242
164,198,165,0,36,67,46.232697561788555,,88.28125,820.71875,1,46.232697561788555,46,834.813670953248,1342.0309335410982,0.46273291925465837,0.8043478260869565,2,0.021739130434782594,3.311111111111111,0.34770023750305024,820.3408014762398,787.1657669908273,853.9003953138242,0.46273291925465837,834.813670953248,1342.0309335410982,21.393391107784144,2,0.043259426887800836,3.311111111111111,thick,thick,0.46273291925465837,True,853.9003953138242
198,400,166,0,67,64,45.46511395578245,,101.5,804.4296875,1,45.46511395578245,45,810.9773929377343,1397.31498404391,0.3968253968253968,0.9111111111111111,2,0.022222222222222254,2.840909090909091,0.3515451606835173,760.1752124123594,772.6354350884584,853.9003953138242,0.3968253968253968,810.9773929377343,1397.31498404391,18.041711887215257,2,0.04398977206886845,2.840909090909091,punctate,punctate,0.3968253968253968,True,853.9003953138242
95,347,167,0,63,42,24.281343680945856,,85.7578125,63.7578125,1,24.281343680945856,24,693.7581950199161,1132.1918988329069,0.10714285714285714,0.16666666666666666,2,0.6666666666666667,2.25,0.5328701692569688,662.2126173858807,678.6584266146235,853.9003953138242,0.10714285714285714,693.7581950199161,1132.1918988329069,2.601572537244199,2,0.08236776458007335,2.25,discontinuous,discontinuous,0.10714285714285714,True,853.9003953138242
328,578,168,0,45,68,31.987538517675585,,83.8984375,240.8984375,1,31.987538517675585,32,683.393498364779,1030.174580460842,0.08482142857142858,0.09375,6,0.65625,1.7272727272727273,0.3569647359539615,658.7987098359146,659.3428219642617,853.9003953138242,0.08482142857142858,683.393498364779,1030.174580460842,2.71322871355284,6,0.18757304494325303,1.7272727272727273,discontinuous,discontinuous,0.08482142857142858,True,853.9003953138242
25,136,169,0,31,69,33.69427065154604,,80.53515625,431.53515625,1,33.69427065154604,34,779.0040422609179,1494.3632451008295,0.28991596638655465,0.4117647058823529,6,0.2647058823529411,2.76,0.43815120167626015,741.0780355451961,754.1090588837922,853.9003953138242,0.28991596638655465,779.0040422609179,1494.3632451008295,9.768507037633096,6,0.17807181707685052,2.76,reticular,reticular,0.28991596638655465,True,853.9003953138242
136,368,170,0,69,37,3.0,,80.5,448.5,1,3.0,3,1016.6785714285714,1830.125,0.5714285714285714,1.0,1,0.0,4.0,0.3535533905932738,1015.8194444444443,894.9722222222222,853.9003953138242,0.5714285714285714,1016.6785714285714,1830.125,1.7142857142857142,1,0.3333333333333333,4.0,thick,thick,0.5714285714285714,True,853.9003953138242
136,216,171,0,69,54,25.464265535192894,,93.46875,449.5390625,1,25.464265535192894,25,770.7636944285708,1516.9122475429576,0.2057142857142857,0.36,2,0.48,2.769230769230769,0.569275042553311,749.1029084476037,746.000081961781,853.9003953138242,0.2057142857142857,770.7636944285708,1516.9122475429576,5.238363195811109,2,0.07854143671396685,2.769230769230769,punctate,punctate,0.2057142857142857,True,853.9003953138242
153,459,172,0,70,39,11.436846633306061,,83.50390625,27.50390625,1,11.436846633306061,11,797.624186350191,1051.2303929316565,0.2727272727272727,0.7272727272727273,2,0.18181818181818177,2.3333333333333335,0.4517539514526256,757.6144134665526,796.77903293062,853.9003953138242,0.2727272727272727,797.624186350191,1051.2303929316565,3.119139990901653,2,0.17487337761229188,2.3333333333333335,punctate,punctate,0.2727272727272727,True,853.9003953138242
153,347,173,0,70,42,24.42358188788298,,85.28515625,45.71484375,1,24.42358188788298,24,716.1135812818492,1038.5655375096928,0.08333333333333333,0.125,4,0.7083333333333333,2.0,0.5345224838248488,687.1262801287647,713.0175325061942,853.9003953138242,0.08333333333333333,716.1135812818492,1038.5655375096928,2.0352984906569147,4,0.1637761413687023,2.0,discontinuous,discontinuous,0.08333333333333333,True,853.9003953138242
297,490,174,0,52,71,25.734563055857056,,88.25,169.75,1,25.734563055857056,26,515.2198820323089,723.7910021217065,0.0,0.0,0,1.0,,,514.1364473243167,512.8618838268791,853.9003953138242,0.0,515.2198820323089,723.7910021217065,0.0,0,0.0,,minimal,minimal,0.0,False,853.9003953138242
436,533,175,0,44,72,19.232373102589335,,83.5,357.5,1,19.232373102589335,19,899.2716794276397,1707.243386948454,0.5413533834586466,1.0,1,0.0,3.789473684210526,0.3883925403919324,782.7748957946623,925.7933612643582,853.9003953138242,0.5413533834586466,899.2716794276397,1707.243386948454,10.411510251025804,1,0.05199566349226897,3.789473684210526,thick,thick,0.5413533834586466,True,853.9003953138242
529,533,176,0,58,72,62.60470233491537,,107.13671875,381.86328125,1,62.60470233491537,63,752.1723604531094,1653.722851391457,0.26303854875283444,0.5079365079365079,4,0.09523809523809523,2.0350877192982457,0.5284700732411759,696.8285277560934,719.4110970564827,853.9003953138242,0.26303854875283444,752.1723604531094,1653.722851391457,16.467450047279325,4,0.0638929641195523,2.0350877192982457,discontinuous,discontinuous,0.26303854875283444,True,853.9003953138242
1,558,177,0,51,73,48.22604572298947,,97.859375,623.140625,1,48.22604572298947,48,714.9293081506453,1251.0870425273554,0.22023809523809523,0.375,3,0.25,2.0555555555555554,0.7155785024256069,672.0420348316712,681.8722231917859,853.9003953138242,0.22023809523809523,714.9293081506453,1251.0870425273554,10.62121245089649,3,0.06220704922049815,2.0555555555555554,discontinuous,discontinuous,0.22023809523809523,True,853.9003953138242
331,490,178,0,56,71,75.26976158925181,,109.3515625,137.640625,1,75.26976158925181,75,561.5209485275645,916.893375237696,0.009523809523809525,0.02666666666666667,2,0.9466666666666667,1.25,0.34641016151377546,549.2050768394749,553.518833014591,853.9003953138242,0.009523809523809525,561.5209485275645,916.893375237696,0.7168548722785888,2,0.0265710951884507,1.25,minimal,minimal,0.009523809523809525,False,853.9003953138242
450,578,179,0,53,68,45.7025094662378,,98.53515625,269.46484375,1,45.7025094662378,46,764.2240297077799,1281.089587486753,0.2826086956521739,0.5869565217391305,4,0.15217391304347827,2.3333333333333335,0.4267359964603868,717.3453564968817,757.1238330476638,853.9003953138242,0.2826086956521739,764.2240297077799,1281.089587486753,12.915926588284595,4,0.08752254628282401,2.3333333333333335,discontinuous,discontinuous,0.2826086956521739,True,853.9003953138242
249,533,180,0,43,72,10.94856028357774,,90.1015625,348.1015625,1,10.94856028357774,11,793.0837516497463,1280.6990379199285,0.36363636363636365,0.6363636363636364,2,0.09090909090909094,2.8,0.6546536707079771,786.0173567880994,730.9711815542474,853.9003953138242,0.36363636363636365,793.0837516497463,1280.6990379199285,3.9812946485737237,2,0.18267241977010384,2.8,punctate,punctate,0.36363636363636365,True,853.9003953138242
136,529,181,0,69,58,30.09434376699287,,97.86328125,412.13671875,1,30.09434376699287,30,783.8010026304763,1238.7997406321665,0.34285714285714286,0.9333333333333333,2,0.033333333333333326,2.4827586206896552,0.3280836614171587,755.029435683541,745.1082974094247,853.9003953138242,0.34285714285714286,783.8010026304763,1238.7997406321665,10.318060720111841,2,0.06645767109876564,2.4827586206896552,punctate,punctate,0.34285714285714286,True,853.9003953138242
225,558,182,0,49,73,38.3269806934631,,100.86328125,598.86328125,1,38.3269806934631,38,656.8107605103048,1434.0368314809657,0.07894736842105263,0.15789473684210525,5,0.6578947368421053,1.6153846153846154,0.4567458593631161,629.5382477060487,623.0252134086472,853.9003953138242,0.07894736842105263,656.8107605103048,1434.0368314809657,3.0258142652734024,5,0.13045640197931846,1.6153846153846154,discontinuous,discontinuous,0.07894736842105263,True,853.9003953138242
400,418,183,0,64,60,30.618545459792667,,98.64453125,777.35546875,1,30.618545459792667,31,848.4304747759294,1535.406362780183,0.4792626728110599,0.7096774193548387,2,0.032258064516129004,3.466666666666667,0.32236643488923483,829.7176766522897,798.7200015027996,853.9003953138242,0.4792626728110599,848.4304747759294,1535.406362780183,14.674325934647177,2,0.06531988930128436,3.466666666666667,thick,thick,0.4792626728110599,True,853.9003953138242
211,371,184,0,32,74,20.89908951786506,,90.53515625,534.53515625,1,20.89908951786506,21,802.0202226566493,1467.0025583821266,0.3877551020408163,0.5238095238095238,2,0.09523809523809523,3.0,0.4955946277833521,733.5796852889222,785.1527402072463,853.9003953138242,0.3877551020408163,802.0202226566493,1467.0025583821266,8.103728588559921,2,0.09569794886472688,3.0,punctate,punctate,0.3877551020408163,True,853.9003953138242
225,371,185,0,49,74,37.22252182590286,,99.75,555.25,1,37.22252182590286,37,720.6895755030998,1083.3451273043595,0.15444015444015444,0.2972972972972973,4,0.45945945945945943,2.0,0.5,674.6391065343429,720.0276066806798,853.9003953138242,0.15444015444015444,720.6895755030998,1083.3451273043595,5.748652019444457,4,0.10746182160114771,2.0,discontinuous,discontinuous,0.15444015444015444,True,853.9003953138242
153,592,186,0,70,66,37.30901165730172,,106.13671875,28.06640625,1,37.30901165730172,37,688.945121907708,1016.409485208369,0.07722007722007722,0.10810810810810811,4,0.7027027027027026,1.8181818181818181,0.4582575694955841,658.8390326483259,676.2264082973315,853.9003953138242,0.07722007722007722,688.945121907708,1016.409485208369,2.8810047611816,4,0.10721270337423058,1.8181818181818181,discontinuous,discontinuous,0.07722007722007722,True,853.9003953138242
520,578,187,0,57,68,38.81421204638754,,108.46484375,225.46484375,1,38.81421204638754,39,688.3641804730944,999.0794417810041,0.09523809523809523,0.15384615384615385,6,0.5897435897435898,1.625,0.42828956637154014,666.5046951441147,662.1100199996567,853.9003953138242,0.09523809523809523,688.3641804730944,999.0794417810041,3.69659162346548,6,0.15458255323666742,1.625,discontinuous,discontinuous,0.09523809523809523,True,853.9003953138242
261,587,188,0,38,62,32.94831337081924,,97.5078125,993.5,1,32.94831337081924,33,758.7058943900928,1123.4189878964326,0.2597402597402597,0.24242424242424243,4,0.2727272727272727,2.5,0.5163977794943222,728.6970149682784,737.088044793802,853.9003953138242,0.2597402597402597,758.7058943900928,1123.4189878964326,8.558003472940062,4,0.12140226891075433,2.5,discontinuous,discontinuous,0.2597402597402597,True,853.9003953138242
371,569,189,0,74,61,32.34066760589679,,104.28125,521.0078125,1,32.34066760589679,32,824.8224535359913,1469.2692525495474,0.39732142857142855,0.5625,3,0.125,3.1785714285714284,0.5387403188645776,796.1975337002071,789.5083095046318,853.9003953138242,0.39732142857142855,824.8224535359913,1469.2692525495474,12.849640254128635,3,0.09276246355078333,3.1785714285714284,discontinuous,discontinuous,0.39732142857142855,True,853.9003953138242
495,551,190,0,46,75,11.0,,90.5,669.5,1,11.0,11,856.3587662337662,1416.5,0.45454545454545453,0.8181818181818182,2,0.09090909090909094,3.5,0.2303502213799586,785.6060606060605,826.4469696969696,853.9003953138242,0.45454545454545453,856.3587662337662,1416.5,5.0,2,0.18181818181818182,3.5,thick,thick,0.45454545454545453,True,853.9003953138242
1,551,191,0,51,75,19.46016110042638,,100.64453125,665.35546875,1,19.46016110042638,19,855.219271366839,1654.7141645437327,0.45112781954887216,1.0,1,0.0,3.1578947368421053,0.4268749491621899,812.3288954170904,808.7794340513398,853.9003953138242,0.45112781954887216,855.219271366839,1654.7141645437327,8.779020045305133,1,0.051387036049670196,3.1578947368421053,thick,thick,0.45112781954887216,True,853.9003953138242
288,551,192,0,65,75,37.8399603031505,,104.24609375,686.75390625,1,37.8399603031505,38,743.6693525578213,1309.245890449345,0.2518796992481203,0.39473684210526316,4,0.13157894736842102,2.0303030303030303,0.5876125279113292,722.0623371785811,700.8521353703284,853.9003953138242,0.2518796992481203,743.6693525578213,1309.245890449345,9.53111782071836,4,0.10570835613870784,2.0303030303030303,discontinuous,discontinuous,0.2518796992481203,True,853.9003953138242
95,153,193,0,63,70,22.374382971138385,,101.86328125,59.13671875,1,22.374382971138385,22,624.6531700204861,1022.8311187304947,0.025974025974025976,0.09090909090909091,1,0.9090909090909091,2.0,0.5,599.507370957823,610.1653656655617,853.9003953138242,0.025974025974025976,624.6531700204861,1022.8311187304947,0.5811528044451529,1,0.044693969942766254,2.0,minimal,minimal,0.025974025974025976,False,853.9003953138242
287,533,194,0,59,72,63.68344850488622,,116.5,365.5,1,63.68344850488622,64,722.7178040138444,1344.5237654542566,0.22321428571428573,0.359375,7,0.15625,1.8518518518518519,0.433589667773576,691.7954856750887,679.7583640913766,853.9003953138242,0.22321428571428573,722.7178040138444,1344.5237654542566,14.215055469840676,7,0.10991867061757676,1.8518518518518519,reticular,reticular,0.22321428571428573,True,853.9003953138242
198,301,195,0,67,48,33.28422138233774,,109.5,846.2109375,1,33.28422138233774,33,766.6938452485475,1302.0513019237853,0.2727272727272727,0.48484848484848486,2,0.06060606060606055,2.032258064516129,0.4589470569778083,732.2095504563074,744.472388871521,853.9003953138242,0.2727272727272727,766.6938452485475,1302.0513019237853,9.077514922455746,2,0.06008853195109738,2.032258064516129,punctate,punctate,0.2727272727272727,True,853.9003953138242
95,490,196,0,63,71,41.72392028904815,,117.24609375,99.24609375,1,41.72392028904815,42,623.096131224906,1187.7329624759348,0.06802721088435375,0.09523809523809523,2,0.8571428571428572,3.3333333333333335,0.282842712474619,624.5796983093633,593.3606687896616,853.9003953138242,0.06802721088435375,623.096131224906,1187.7329624759348,2.8383619244250444,2,0.0479341343321703,3.3333333333333335,discontinuous,discontinuous,0.06802721088435375,True,853.9003953138242
209,297,197,0,76,52,7.124377994300021,,99.86328125,179.13671875,1,7.124377994300021,7,726.5320890462928,1071.809988414262,0.12244897959183673,0.2857142857142857,1,0.7142857142857143,3.0,0.6666666666666666,692.3120182113229,749.0093825194862,853.9003953138242,0.12244897959183673,726.5320890462928,1071.809988414262,0.8723728156285739,1,0.14036313076033682,3.0,minimal,minimal,0.12244897959183673,True,853.9003953138242
209,490,198,0,76,71,75.06095127801164,,122.28125,150.2890625,1,75.06095127801164,75,718.7177234461334,1305.4904338745775,0.2057142857142857,0.14666666666666667,6,0.3466666666666667,2.204081632653061,0.5795734205381047,692.2747570238481,686.683513501629,853.9003953138242,0.2057142857142857,718.7177234461334,1305.4904338745775,15.441109977190965,6,0.07993503809693443,2.204081632653061,reticular,reticular,0.2057142857142857,True,853.9003953138242
261,396,199,0,38,77,16.902278543252933,,101.71875,1015.28125,1,16.902278543252933,17,796.2445966737952,1143.996993012955,0.37815126050420167,0.8235294117647058,2,0.05882352941176472,2.8125,0.3816792008292815,793.7408989936828,735.2492236382127,853.9003953138242,0.37815126050420167,796.2445966737952,1143.996993012955,6.391617936524218,2,0.11832724179062602,2.8125,punctate,punctate,0.37815126050420167,True,853.9003953138242
209,520,200,0,76,57,48.26850855894786,,117.390625,197.609375,1,48.26850855894786,48,732.075209684035,1478.517201539536,0.2261904761904762,0.3541666666666667,4,0.1875,1.9487179487179487,0.5566893631922679,703.5200148952855,691.0187381074712,853.9003953138242,0.2261904761904762,732.075209684035,1478.517201539536,10.917876935952492,4,0.08286976580424077,1.9487179487179487,discontinuous,discontinuous,0.2261904761904762,True,853.9003953138242
396,587,201,0,77,62,18.01178686533902,,110.6484375,1004.6484375,1,18.01178686533902,18,750.3039394870525,1066.5698340348358,0.1746031746031746,0.4444444444444444,2,0.5,2.4444444444444446,0.34015067152490375,717.0439741992421,741.0679555546092,853.9003953138242,0.1746031746031746,750.3039394870525,1066.5698340348358,3.1449151669639557,2,0.11103840029601393,2.4444444444444446,punctate,punctate,0.1746031746031746,True,853.9003953138242
63,394,202,0,55,78,48.76453674431386,,120.25,306.75,1,48.76453674431386,49,714.4003854505287,1136.9020050548909,0.13702623906705538,0.20408163265306123,4,0.6122448979591837,2.473684210526316,0.6734975230359325,691.0307096417216,701.4123166870036,853.9003953138242,0.13702623906705538,714.4003854505287,1136.9020050548909,6.682021069920557,4,0.08202682250367971,2.473684210526316,discontinuous,discontinuous,0.13702623906705538,True,853.9003953138242
394,450,203,0,78,53,32.20612100381202,,118.45703125,287.46484375,1,32.20612100381202,32,714.0099303205316,1313.759999472791,0.20535714285714285,0.25,5,0.40625,2.4210526315789473,0.4702892967996508,687.8349907050556,705.244734336824,853.9003953138242,0.20535714285714285,714.0099303205316,1313.759999472791,6.613756991854254,5,0.1552499911246121,2.4210526315789473,discontinuous,discontinuous,0.20535714285714285,True,853.9003953138242
216,485,205,0,54,79,19.550813403777468,,105.828125,482.171875,1,19.550813403777468,20,826.100165667858,1410.5546657296725,0.42857142857142855,1.0,1,0.0,3.0,0.4944132324730442,751.0047968644692,798.9900252418333,853.9003953138242,0.42857142857142855,826.100165667858,1410.5546657296725,8.378920030190343,1,0.05114876702811696,3.0,thick,thick,0.42857142857142855,True,853.9003953138242
485,569,206,0,79,61,14.001325602066558,,108.5,498.5,1,14.001325602066558,14,877.1724459647392,1327.442446032269,0.5408163265306123,1.0,1,0.0,3.7857142857142856,0.3024758404128565,834.3467812671507,837.5090751083663,853.9003953138242,0.5408163265306123,877.1724459647392,1327.442446032269,7.5721454786686495,1,0.07142180879304762,3.7857142857142856,thick,thick,0.5408163265306123,True,853.9003953138242
1,232,207,0,51,80,25.721940859147413,,107.75390625,650.75390625,1,25.721940859147413,26,867.9905029752232,1668.2346777652333,0.489010989010989,1.0,1,0.0,3.423076923076923,0.24539696256001747,814.8004119310675,824.5201238411269,853.9003953138242,0.489010989010989,867.9905029752232,1668.2346777652333,12.578311738813845,1,0.03887731510915022,3.423076923076923,thick,thick,0.489010989010989,True,853.9003953138242
89,301,208,0,81,48,52.96075977244716,,109.01171875,883.01171875,1,52.96075977244716,53,843.4065182090943,1503.7124962099695,0.46630727762803237,1.0,1,0.0,3.2641509433962264,0.357821677237969,763.4383902505563,829.142087149509,853.9003953138242,0.46630727762803237,843.4065182090943,1503.7124962099695,24.695987710602047,1,0.018881904343831753,3.2641509433962264,thick,thick,0.46630727762803237,True,853.9003953138242
213,216,209,0,82,54,28.702162049529772,,109.53515625,461.53515625,1,28.702162049529772,29,813.5858680023093,1646.8910651433005,0.3793103448275862,1.0,1,0.0,2.6551724137931036,0.41109589068427055,782.1201869008046,716.8782027653939,853.9003953138242,0.3793103448275862,813.5858680023093,1646.8910651433005,10.887026984304395,1,0.03484058093861898,2.6551724137931036,punctate,punctate,0.3793103448275862,True,853.9003953138242
136,213,210,0,69,82,40.99981959119234,,114.390625,431.390625,1,40.99981959119234,41,750.4906391167758,1475.6413650698244,0.2682926829268293,0.2682926829268293,4,0.3414634146341463,2.8518518518518516,0.44460370827594003,741.383196380067,690.3694391711555,853.9003953138242,0.2682926829268293,750.4906391167758,1475.6413650698244,10.99995159763697,4,0.09756140490089589,2.8518518518518516,discontinuous,discontinuous,0.2682926829268293,True,853.9003953138242
232,551,211,0,80,75,57.69782447568922,,127.86328125,678.13671875,1,57.69782447568922,58,877.6001326251244,1702.8280457199307,0.5344827586206896,1.0,1,0.0,3.7413793103448274,0.3422880664462658,823.3709153902519,848.182031204953,853.9003953138242,0.5344827586206896,877.6001326251244,1702.8280457199307,30.83849239217872,1,0.01733167600489593,3.7413793103448274,thick,thick,0.5344827586206896,True,853.9003953138242
89,587,212,0,81,62,39.05049701390338,,118.86328125,922.13671875,1,39.05049701390338,39,713.4015679182269,1320.9677306460012,0.18681318681318682,0.4358974358974359,4,0.28205128205128205,1.8214285714285714,0.6234554155131233,681.2166113567527,681.9888832598764,853.9003953138242,0.18681318681318682,713.4015679182269,1320.9677306460012,7.295147793806127,4,0.10243147477933139,1.8214285714285714,discontinuous,discontinuous,0.18681318681318682,True,853.9003953138242
198,418,214,0,67,60,24.22376802899518,,120.5,788.5,1,24.22376802899518,24,695.8696404697681,1307.2487993790992,0.17261904761904762,0.2916666666666667,3,0.375,1.9333333333333333,0.7183678157241262,670.4481964037062,650.478009357105,853.9003953138242,0.17261904761904762,695.8696404697681,1307.2487993790992,4.181483766909882,3,0.12384530748515601,1.9333333333333333,discontinuous,discontinuous,0.17261904761904762,True,853.9003953138242
371,489,215,0,74,83,47.364758993177325,,129.35546875,561.64453125,1,47.364758993177325,47,714.1193625723904,1356.187655687903,0.13677811550151975,0.2127659574468085,8,0.574468085106383,2.25,0.7009693464705556,669.312452059973,716.7479268637256,853.9003953138242,0.13677811550151975,714.1193625723904,1356.187655687903,6.478462476270455,8,0.1689019467227177,2.25,discontinuous,discontinuous,0.13677811550151975,True,853.9003953138242
225,489,216,0,49,83,18.718412457739692,,109.6484375,578.359375,1,18.718412457739692,19,729.7339125076553,1260.572380994134,0.20300751879699247,0.42105263157894735,4,0.21052631578947367,1.8,0.36288736930121157,701.8065040242485,684.5543213588412,853.9003953138242,0.20300751879699247,729.7339125076553,1260.572380994134,3.7999784688644485,4,0.21369333585477648,1.8,discontinuous,discontinuous,0.20300751879699247,True,853.9003953138242
213,485,217,0,82,79,45.639325835566865,,127.86328125,468.86328125,1,45.639325835566865,46,872.2428449179548,1583.6510417526042,0.4751552795031056,1.0,1,0.0,3.3260869565217392,0.38161204122862735,825.9564178131773,806.207701893716,853.9003953138242,0.4751552795031056,872.2428449179548,1583.6510417526042,21.685766623732082,1,0.021910928386691834,3.3260869565217392,thick,thick,0.4751552795031056,True,853.9003953138242
398,587,218,0,84,62,50.38417504539048,,117.83203125,960.83203125,1,50.38417504539048,50,627.624847054915,1049.737804562958,0.037142857142857144,0.06,5,0.84,1.625,0.8104349040655953,603.2547515749724,605.5606403938441,853.9003953138242,0.037142857142857144,627.624847054915,1049.737804562958,1.8714122159716464,5,0.09923750851324968,1.625,discontinuous,discontinuous,0.037142857142857144,False,853.9003953138242
505,569,220,0,85,61,7.1781325211239935,,112.53515625,507.46484375,1,7.1781325211239935,7,875.6197702565869,1398.762825413857,0.4897959183673469,0.42857142857142855,2,0.1428571428571429,4.0,0.47871355387816905,862.4712223984936,848.9865393889603,853.9003953138242,0.4897959183673469,875.6197702565869,1398.762825413857,3.5158200103464456,2,0.27862400061775794,4.0,thick,thick,0.4897959183673469,True,853.9003953138242
213,529,221,0,82,58,13.46915529782302,,118.5,409.5,1,13.46915529782302,13,741.9483680786306,1140.5184602340082,0.27472527472527475,1.0,1,0.0,1.9230769230769231,0.5571355310873648,734.1878534927642,670.2058489491702,853.9003953138242,0.27472527472527475,741.9483680786306,1140.5184602340082,3.700317389511819,1,0.0742437055545441,1.9230769230769231,punctate,punctate,0.27472527472527475,True,853.9003953138242
485,505,222,0,79,85,82.9936894521633,,153.1328125,504.1328125,1,82.9936894521633,83,804.545344565797,1605.3888425372252,0.39070567986230637,0.8674698795180723,2,0.02409638554216864,2.802469135802469,0.5059371157327526,750.0149166232694,767.4974006619403,853.9003953138242,0.39070567986230637,804.545344565797,1605.3888425372252,32.42610586168858,2,0.024098217746456246,2.802469135802469,punctate,punctate,0.39070567986230637,True,853.9003953138242
153,182,223,0,70,86,29.68174777838816,,117.13671875,46.13671875,1,29.68174777838816,30,526.5680784767824,851.5670624251452,0.0,0.0,0,1.0,,,531.1953806033541,522.0087547696658,853.9003953138242,0.0,526.5680784767824,851.5670624251452,0.0,0,0.0,,minimal,minimal,0.0,False,853.9003953138242
107,288,224,0,87,65,1.0,,113.5,704.5,1,1.0,1,810.3392857142857,919.375,0.42857142857142855,1.0,1,0.0,3.0,,862.7916666666666,724.25,853.9003953138242,0.42857142857142855,810.3392857142857,919.375,0.42857142857142855,1,1.0,3.0,thick,thick,0.42857142857142855,True,853.9003953138242
107,476,225,0,87,50,25.286496969710672,,118.49609375,716.50390625,1,25.286496969710672,25,873.6856998632652,1503.010920334768,0.4857142857142857,1.0,1,0.0,3.4,0.26306682088232825,801.9088316886509,842.9000204364247,853.9003953138242,0.4857142857142857,873.6856998632652,1503.010920334768,12.282012813859469,1,0.039546798482915445,3.4,thick,thick,0.4857142857142857,True,853.9003953138242
95,182,226,0,63,86,37.317207412446656,,129.13671875,68.13671875,1,37.317207412446656,37,676.6734946588005,926.917120418208,0.03474903474903475,0.08108108108108109,3,0.8648648648648649,1.8,0.41573970964154905,648.4262478533344,672.096547913616,853.9003953138242,0.03474903474903475,676.6734946588005,926.917120418208,1.296736937112046,3,0.08039186766690881,1.8,discontinuous,discontinuous,0.03474903474903475,False,853.9003953138242
371,505,227,0,74,85,57.01535739314178,,130.25,530.75,1,57.01535739314178,57,694.0682909443509,1180.1529439343242,0.12280701754385964,0.10526315789473684,6,0.6842105263157895,2.7222222222222223,0.70134041948733,690.8975954992982,660.9234037557928,853.9003953138242,0.12280701754385964,694.0682909443509,1180.1529439343242,7.00188599564899,6,0.10523480469705385,2.7222222222222223,discontinuous,discontinuous,0.12280701754385964,True,853.9003953138242
489,558,228,0,83,73,33.437285990839385,,126.28125,595.71875,1,33.437285990839385,33,704.5962805334452,1189.163236136126,0.06493506493506493,0.15151515151515152,3,0.7878787878787878,2.142857142857143,0.524933858267454,710.614231776585,665.1125341328982,853.9003953138242,0.06493506493506493,704.5962805334452,1189.163236136126,2.171252337067492,3,0.08972020040208682,2.142857142857143,discontinuous,discontinuous,0.06493506493506493,True,853.9003953138242
232,558,229,0,80,73,12.540400377087796,,117.8984375,635.8984375,1,12.540400377087796,13,888.3293076256995,1320.9988703813917,0.5494505494505495,1.0,1,0.0,3.8461538461538463,0.2244994432064365,887.02852209576,821.4415928305727,853.9003953138242,0.5494505494505495,888.3293076256995,1320.9988703813917,6.8903298775207675,1,0.0797422705759117,3.8461538461538463,thick,thick,0.5494505494505495,True,853.9003953138242
107,551,230,0,87,75,19.29657245215265,,122.53515625,703.46484375,1,19.29657245215265,19,725.0144090590273,1255.51243787767,0.22556390977443608,0.3157894736842105,3,0.42105263157894735,2.727272727272727,0.6649979114420002,754.6849896732471,667.8086786574123,853.9003953138242,0.22556390977443608,725.0144090590273,1255.51243787767,4.352610327553228,3,0.1554680245644004,2.727272727272727,discontinuous,discontinuous,0.22556390977443608,True,853.9003953138242
375,587,231,0,88,62,24.25950623674257,,119.5,991.5,1,24.25950623674257,24,544.6849479905613,875.2032979403841,0.005952380952380952,0.041666666666666664,1,0.9583333333333334,1.0,,538.570632294645,547.4699790819554,853.9003953138242,0.005952380952380952,544.6849479905613,875.2032979403841,0.14440182283775338,1,0.041220954385519856,1.0,minimal,minimal,0.005952380952380952,False,853.9003953138242
182,592,232,0,86,66,23.99772993642884,,127.13671875,25.13671875,1,23.99772993642884,24,746.2741722094627,1247.7796567570706,0.2619047619047619,0.875,2,0.08333333333333337,2.0,0.5222329678670935,708.5447686706688,708.7354801323057,853.9003953138242,0.2619047619047619,746.2741722094627,1247.7796567570706,6.285119745255173,2,0.08334121624412383,2.0,punctate,punctate,0.2619047619047619,True,853.9003953138242
375,398,233,0,88,84,33.82522778422351,,132.828125,977.171875,1,33.82522778422351,34,652.603947689814,1104.7206641472678,0.10504201680672269,0.2647058823529412,3,0.4117647058823529,1.25,0.4289522117905443,622.6049294354455,608.5786800320396,853.9003953138242,0.10504201680672269,652.603947689814,1104.7206641472678,3.553070145401629,3,0.0886911987448385,1.25,discontinuous,discontinuous,0.10504201680672269,True,853.9003953138242
394,578,234,0,78,68,23.25937751120161,,131.640625,273.359375,1,23.25937751120161,23,603.2297018474604,1270.997266971996,0.13664596273291926,0.21739130434782608,2,0.6956521739130435,3.142857142857143,0.39626354032187944,588.4298762793313,580.6428064324094,853.9003953138242,0.13664596273291926,603.2297018474604,1270.997266971996,3.1783000325865554,2,0.08598682398257688,3.142857142857143,discontinuous,discontinuous,0.13664596273291926,True,853.9003953138242
375,396,235,0,88,77,81.2576796206689,,156.34765625,1014.35546875,1,81.2576796206689,81,753.8483726012969,1210.1532423966758,0.25749559082892415,0.48148148148148145,5,0.308641975308642,2.607142857142857,0.2870181758870817,722.024581814696,724.6367256117297,853.9003953138242,0.25749559082892415,753.8483726012969,1210.1532423966758,20.923494223311565,5,0.061532645570747856,2.607142857142857,discontinuous,discontinuous,0.25749559082892415,True,853.9003953138242
529,537,236,0,58,89,20.88917132647439,,132.13671875,402.06640625,1,20.88917132647439,21,746.9722129774325,1111.5108682425166,0.21768707482993196,0.3333333333333333,4,0.38095238095238093,2.4615384615384617,0.4397264774834465,755.4300472004606,699.9168915724031,853.9003953138242,0.21768707482993196,746.9722129774325,1111.5108682425166,4.5473026016814995,4,0.19148677261938604,2.4615384615384617,discontinuous,discontinuous,0.21768707482993196,True,853.9003953138242
213,537,237,0,82,89,29.044072874578124,,136.5,414.5,1,29.044072874578124,29,781.0829618320151,1262.067408221054,0.35467980295566504,0.6551724137931034,4,0.13793103448275867,2.88,0.5038432540893627,748.007455218378,763.5400620233622,853.9003953138242,0.35467980295566504,781.0829618320151,1262.067408221054,10.301346044185344,4,0.13772173129000598,2.88,discontinuous,discontinuous,0.35467980295566504,True,853.9003953138242
217,232,238,0,90,80,30.22378241738839,,134.75,647.25,1,30.22378241738839,30,779.8904484114985,1466.2688037563476,0.3333333333333333,0.9,2,0.033333333333333326,2.413793103448276,0.39999999999999997,761.5847060353391,696.2211924018272,853.9003953138242,0.3333333333333333,779.8904484114985,1466.2688037563476,10.074594139129463,2,0.06617305446353919,2.413793103448276,punctate,punctate,0.3333333333333333,True,853.9003953138242
377,476,239,0,91,50,35.82896543869212,,124.68359375,743.38671875,1,35.82896543869212,36,693.2945702346194,1200.2682696558893,0.13095238095238096,0.25,4,0.5555555555555556,2.0625,0.46847347981031234,658.7489292779914,661.7729785931098,853.9003953138242,0.13095238095238096,693.2945702346194,1200.2682696558893,4.691888331257302,4,0.1116415154895975,2.0625,discontinuous,discontinuous,0.13095238095238096,True,853.9003953138242
289,301,240,0,92,48,24.04154787456219,,132.42578125,859.50390625,1,24.04154787456219,24,770.2988344029319,1304.4033459252053,0.2261904761904762,0.4166666666666667,4,0.29166666666666663,2.235294117647059,0.5431517747513235,751.3970376270362,745.1273600443498,853.9003953138242,0.2261904761904762,770.2988344029319,1304.4033459252053,5.437969162103353,4,0.16637863838344236,2.235294117647059,discontinuous,discontinuous,0.2261904761904762,True,853.9003953138242
217,558,241,0,90,73,31.64813148626472,,132.83203125,623.83203125,1,31.64813148626472,32,660.4289457050216,1060.4564795809163,0.08035714285714286,0.15625,5,0.65625,1.6363636363636365,0.3928371006591931,633.192522199502,634.4434205780942,853.9003953138242,0.08035714285714286,660.4289457050216,1060.4564795809163,2.543153423003415,5,0.15798721015077932,1.6363636363636365,discontinuous,discontinuous,0.08035714285714286,True,853.9003953138242
198,289,242,0,67,92,42.195734149868805,,142.2421875,842.2421875,1,42.195734149868805,42,739.7206144017454,1461.7055555798213,0.24489795918367346,0.30952380952380953,3,0.1428571428571429,2.0,0.45643546458763845,705.2007570224656,697.0142875796232,853.9003953138242,0.24489795918367346,739.7206144017454,1461.7055555798213,10.333649179559707,3,0.07109723436366204,2.0,discontinuous,discontinuous,0.24489795918367346,True,853.9003953138242
209,578,243,0,76,68,44.97502237489425,,140.13671875,234.86328125,1,44.97502237489425,45,714.9586862009473,1872.223863480615,0.13968253968253969,0.13333333333333333,6,0.6222222222222222,2.588235294117647,0.6224119971649614,684.1488584739441,699.7580563763246,853.9003953138242,0.13968253968253969,714.9586862009473,1872.223863480615,6.282225347604276,6,0.13340738221287227,2.588235294117647,discontinuous,discontinuous,0.13968253968253969,True,853.9003953138242
107,377,244,0,87,91,13.537270972381908,,131.609375,722.609375,1,13.537270972381908,14,892.7847243575122,1365.3276604622865,0.6224489795918368,1.0,1,0.0,4.357142857142857,0.3315368592812572,833.2558883660316,905.8829785340831,853.9003953138242,0.6224489795918368,892.7847243575122,1365.3276604622865,8.42626050321731,1,0.07387013246910341,4.357142857142857,thick,thick,0.6224489795918368,True,853.9003953138242
89,398,245,0,81,84,33.633433844050714,,144.13671875,932.13671875,1,33.633433844050714,34,710.7358404900713,1230.1313178170026,0.15126050420168066,0.47058823529411764,2,0.5,2.1176470588235294,0.39283710065919303,678.6750071366755,679.8960447529308,853.9003953138242,0.15126050420168066,710.7358404900713,1230.1313178170026,5.087410161284982,2,0.05946463894449398,2.1176470588235294,punctate,punctate,0.15126050420168066,True,853.9003953138242
287,394,246,0,59,78,21.540347577465994,,138.75390625,333.24609375,1,21.540347577465994,22,725.5606547432525,1187.1796183153797,0.12337662337662338,0.13636363636363635,4,0.6363636363636364,2.375,0.6636589585746574,699.0929283504053,713.7511656311951,853.9003953138242,0.12337662337662338,725.5606547432525,1187.1796183153797,2.6575753504665838,4,0.18569802486309556,2.375,discontinuous,discontinuous,0.12337662337662338,True,853.9003953138242
80,198,247,0,93,67,36.048747415379,,136.140625,808.859375,1,36.048747415379,36,767.7960202844757,1169.0302226263766,0.2261904761904762,0.3888888888888889,5,0.33333333333333337,2.375,0.41775020701019855,748.9513765279429,737.0100918500497,853.9003953138242,0.2261904761904762,767.7960202844757,1169.0302226263766,8.153883343954773,5,0.13870107447525115,2.375,discontinuous,discontinuous,0.2261904761904762,True,853.9003953138242
80,418,248,0,93,60,26.700767024118473,,139.95703125,782.24609375,1,26.700767024118473,27,841.8906116115078,1285.6188716444108,0.48677248677248675,0.5185185185185185,2,0.07407407407407407,3.68,0.33254475088648594,841.3548185381085,775.3862388826246,853.9003953138242,0.48677248677248675,841.8906116115078,1285.6188716444108,12.99719876306296,2,0.07490421523072445,3.68,thick,thick,0.48677248677248675,True,853.9003953138242
107,232,249,0,87,80,18.616205351526816,,133.28515625,711.71484375,1,18.616205351526816,19,984.4749797100533,1649.961735601776,0.6240601503759399,1.0,1,0.0,4.368421052631579,0.2128135148512734,941.7786324075851,905.3608357226884,853.9003953138242,0.6240601503759399,984.4749797100533,1649.961735601776,11.617631911103201,1,0.05371663994445488,4.368421052631579,thick,thick,0.6240601503759399,True,853.9003953138242
89,115,250,0,81,94,50.15377513446328,,140.86328125,898.13671875,1,50.15377513446328,50,552.4146186852751,1521.1874418332982,0.04285714285714286,0.08,1,0.92,3.75,0.39440531887330776,541.9901701287889,554.309097070226,853.9003953138242,0.04285714285714286,552.4146186852751,1521.1874418332982,2.149447505762712,1,0.019938678540528203,3.75,discontinuous,discontinuous,0.04285714285714286,False,853.9003953138242
377,418,251,0,91,60,17.03649623084252,,137.53125,764.46875,1,17.03649623084252,17,804.9100784755357,1353.8791757811755,0.3865546218487395,1.0,1,0.0,2.7058823529411766,0.5342698142367177,770.3751092884867,754.1611209543663,853.9003953138242,0.3865546218487395,804.9100784755357,1353.8791757811755,6.585536358140806,1,0.058697515407517935,2.7058823529411766,punctate,punctate,0.3865546218487395,True,853.9003953138242
115,301,252,0,94,48,3.642274006136114,,133.828125,871.828125,1,3.642274006136114,4,1065.874685821159,1445.1619779767993,0.7857142857142857,1.0,1,0.0,5.5,0.09090909090909091,1029.0134882684138,991.9513685540957,853.9003953138242,0.7857142857142857,1065.874685821159,1445.1619779767993,2.8617867191069464,1,0.2745537535933065,5.5,thick,thick,0.7857142857142857,True,853.9003953138242
533,537,253,0,72,89,2.2360802701559255,,134.16796875,391.16796875,1,2.2360802701559255,2,902.2085254913779,1190.5568650524583,0.6428571428571429,1.0,1,0.0,4.5,0.1111111111111111,929.8191145563142,806.4681817404285,853.9003953138242,0.6428571428571429,902.2085254913779,1190.5568650524583,1.4374801736716665,1,0.44721113698224635,4.5,thick,thick,0.6428571428571429,True,853.9003953138242
287,537,254,0,59,89,23.508755959517696,,144.86328125,384.86328125,1,23.508755959517696,24,779.484221180204,1417.50103372016,0.3333333333333333,0.75,2,0.16666666666666663,2.8,0.41649656391752155,752.4398414806795,726.2335775077303,853.9003953138242,0.3333333333333333,779.484221180204,1417.50103372016,7.836251986505898,2,0.0850746846597931,2.8,punctate,punctate,0.3333333333333333,True,853.9003953138242
115,289,255,0,94,92,44.743964750720146,,159.1015625,869.8984375,1,44.743964750720146,45,721.4176577056355,1270.1880272833407,0.2,0.4,4,0.2666666666666667,1.9090909090909092,0.5373432025336748,687.1527337744161,685.8233525191579,853.9003953138242,0.2,721.4176577056355,1270.1880272833407,8.94879295014403,4,0.08939753153939316,1.9090909090909092,discontinuous,discontinuous,0.2,True,853.9003953138242
95,307,256,0,63,95,28.57887848578573,,139.8984375,82.171875,1,28.57887848578573,29,674.1298531476116,909.3303939770877,0.03940886699507389,0.10344827586206896,3,0.8275862068965517,1.6,0.30618621784789724,659.3047260173961,667.8530284500396,853.9003953138242,0.03940886699507389,674.1298531476116,909.3303939770877,1.1262612211147085,3,0.10497262870172143,1.6,discontinuous,discontinuous,0.03940886699507389,False,853.9003953138242
307,490,257,0,95,71,33.34634951710279,,148.71484375,103.28515625,1,33.34634951710279,33,693.6561857880037,1319.4037643054182,0.19047619047619047,0.21212121212121213,4,0.48484848484848486,2.588235294117647,0.32619772941834824,703.221437983864,639.2890032231229,853.9003953138242,0.19047619047619047,693.6561857880037,1319.4037643054182,6.351685622305292,4,0.11995316002876016,2.588235294117647,discontinuous,discontinuous,0.19047619047619047,True,853.9003953138242
217,489,258,0,90,83,32.58390397343642,,150.5,614.5,1,32.58390397343642,33,722.6982664922834,1316.4732659778538,0.22510822510822512,0.3939393939393939,4,0.24242424242424243,2.08,0.40612907849890145,673.6531003752515,705.4311653172199,853.9003953138242,0.22510822510822512,722.6982664922834,1316.4732659778538,7.3349047905571165,4,0.12275999841090082,2.08,discontinuous,discontinuous,0.22510822510822512,True,853.9003953138242
232,377,259,0,80,91,39.976701930836555,,152.53515625,731.46484375,1,39.976701930836555,40,740.8131832974464,1388.0283211028843,0.26071428571428573,0.375,4,0.09999999999999998,2.0277777777777777,0.6093966142338418,698.3147321836586,697.0031826345164,853.9003953138242,0.26071428571428573,740.8131832974464,1388.0283211028843,10.422497289110959,4,0.10005827911768148,2.0277777777777777,discontinuous,discontinuous,0.26071428571428573,True,853.9003953138242
379,592,260,0,96,66,21.46711308649023,,140.5,10.5,1,21.46711308649023,21,824.9916805962743,1543.195325626473,0.35374149659863946,0.5714285714285714,1,0.4285714285714286,4.333333333333333,0.33085866411702414,844.2562411201387,756.994236301301,853.9003953138242,0.35374149659863946,824.9916805962743,1543.195325626473,7.593808710867292,1,0.04658288219617775,4.333333333333333,punctate,punctate,0.35374149659863946,True,853.9003953138242
182,379,261,0,86,96,81.94792764655935,,162.31640625,18.68359375,1,81.94792764655935,82,778.0332192326318,1559.6144505606724,0.2264808362369338,0.2073170731707317,8,0.46341463414634143,2.9545454545454546,0.426628449964986,773.2841799464936,739.1544657402944,853.9003953138242,0.2264808362369338,778.0332192326318,1559.6144505606724,18.55963518127651,8,0.09762296899689674,2.9545454545454546,reticular,reticular,0.2264808362369338,True,853.9003953138242
213,482,263,0,82,97,34.18622218339628,,144.09765625,434.83203125,1,34.18622218339628,34,745.1117818046424,1297.5059970079583,0.27310924369747897,0.38235294117647056,3,0.05882352941176472,2.03125,0.5291502622129182,702.0955679763528,707.9031002365055,853.9003953138242,0.27310924369747897,745.1117818046424,1297.5059970079583,9.336573285381336,3,0.08775465109616744,2.03125,discontinuous,discontinuous,0.27310924369747897,True,853.9003953138242
222,232,264,0,98,80,75.83219501618989,,153.609375,689.390625,1,75.83219501618989,76,746.6108121335844,1531.003424643119,0.25375939849624063,0.40789473684210525,6,0.3157894736842105,2.5961538461538463,0.5247770445646966,725.0026079902061,699.9035951681262,853.9003953138242,0.25375939849624063,746.6108121335844,1531.003424643119,19.243132193957962,6,0.07912206680446245,2.5961538461538463,reticular,reticular,0.25375939849624063,True,853.9003953138242
72,209,265,0,99,76,47.19017630299154,,142.64453125,199.64453125,1,47.19017630299154,47,774.385138690834,1177.5142427424319,0.2978723404255319,0.6382978723404256,4,0.19148936170212771,2.5789473684210527,0.538404324827466,745.6981879832487,748.0712968196581,853.9003953138242,0.2978723404255319,774.385138690834,1177.5142427424319,14.056648260465565,4,0.08476340444921006,2.5789473684210527,discontinuous,discontinuous,0.2978723404255319,True,853.9003953138242
306,578,266,0,100,68,26.256403435779955,,147.6484375,262.6484375,1,26.256403435779955,26,831.5221961511724,1491.7151683650577,0.45054945054945056,1.0,1,0.0,3.1538461538461537,0.3254064405884472,772.7570292138735,788.9472518050444,853.9003953138242,0.45054945054945056,831.5221961511724,1491.7151683650577,11.829808141395365,1,0.038085947393590336,3.1538461538461537,thick,thick,0.45054945054945056,True,853.9003953138242
306,394,267,0,100,78,41.74695796517297,,157.86328125,287.13671875,1,41.74695796517297,42,746.4007857953413,1333.9819842529819,0.23129251700680273,0.5238095238095238,2,0.4285714285714286,2.8333333333333335,0.4631769337654006,688.8720843177598,763.7310774804938,853.9003953138242,0.23129251700680273,746.4007857953413,1333.9819842529819,9.655758985142047,2,0.047907682319475405,2.8333333333333335,punctate,punctate,0.23129251700680273,True,853.9003953138242
482,485,268,0,97,79,57.3477572387952,,158.75390625,475.24609375,1,57.3477572387952,57,844.7643091541604,1617.1630621943646,0.44360902255639095,0.8947368421052632,2,0.03508771929824561,3.2181818181818183,0.4218792023185191,810.090020386362,807.7259089070952,853.9003953138242,0.44360902255639095,844.7643091541604,1617.1630621943646,25.43998253450313,2,0.034874947099884486,3.2181818181818183,thick,thick,0.44360902255639095,True,853.9003953138242
80,377,269,0,93,91,27.458239716995482,,157.5,768.5,1,27.458239716995482,27,804.1407780564118,1258.1002980410913,0.4497354497354497,1.0,1,0.0,3.1481481481481484,0.3933706705247173,774.5783559867876,749.1774637112691,853.9003953138242,0.4497354497354497,804.1407780564118,1258.1002980410913,12.34894378806675,1,0.03641894055506561,3.1481481481481484,thick,thick,0.4497354497354497,True,853.9003953138242
217,222,270,0,90,98,35.15687702010923,,162.46875,654.46875,1,35.15687702010923,35,743.3445160928286,1465.2791869332752,0.18775510204081633,0.2857142857142857,2,0.5142857142857142,2.7058823529411766,0.43478260869565216,733.4982256219319,686.6075448221806,853.9003953138242,0.18775510204081633,743.3445160928286,1465.2791869332752,6.600883032347038,2,0.0568878742800741,2.7058823529411766,punctate,punctate,0.18775510204081633,True,853.9003953138242
72,490,271,0,99,71,29.816098370440315,,157.49609375,168.49609375,1,29.816098370440315,30,915.7124475303549,1485.289159138071,0.5428571428571428,1.0,1,0.0,3.8,0.2834297266912897,847.7233237194648,875.5269180910559,853.9003953138242,0.5428571428571428,915.7124475303549,1485.289159138071,16.18588197252474,1,0.033538928788596975,3.8,thick,thick,0.5428571428571428,True,853.9003953138242
182,307,272,0,86,95,46.2367556638622,,164.64453125,63.64453125,1,46.2367556638622,46,678.6473595718934,926.8761365569795,0.040372670807453416,0.06521739130434782,5,0.8043478260869565,1.4444444444444444,0.6617173282340482,655.4857058425536,673.7399432854377,853.9003953138242,0.040372670807453416,678.6473595718934,926.8761365569795,1.8667013156217658,5,0.10813907524891303,1.4444444444444444,discontinuous,discontinuous,0.040372670807453416,False,853.9003953138242
80,289,273,0,93,92,75.16292673080771,,178.71875,830.28125,1,75.16292673080771,75,773.6131320366285,1459.4304061787996,0.30857142857142855,0.4533333333333333,7,0.16000000000000003,2.5714285714285716,0.45285256520879574,727.1351165625402,748.6469185121541,853.9003953138242,0.30857142857142855,773.6131320366285,1459.4304061787996,23.19313167693495,7,0.09313101956593776,2.5714285714285716,reticular,reticular,0.30857142857142855,True,853.9003953138242
356,375,274,0,101,88,27.17958074563433,,160.828125,987.171875,1,27.17958074563433,27,740.1065698713252,1317.6364969917868,0.20634920634920634,0.2962962962962963,4,0.2962962962962963,2.0526315789473686,0.5115368549553846,698.8323400205363,722.0068654266427,853.9003953138242,0.20634920634920634,740.1065698713252,1317.6364969917868,5.608484915765813,4,0.14716930468629444,2.0526315789473686,discontinuous,discontinuous,0.20634920634920634,True,853.9003953138242
482,537,275,0,97,89,19.981708228344264,,158.640625,420.640625,1,19.981708228344264,20,772.7200863672582,1307.9500199613262,0.20714285714285716,0.25,4,0.44999999999999996,2.6363636363636362,0.4925123054167483,760.1949361047698,744.8653976408675,853.9003953138242,0.20714285714285716,772.7200863672582,1307.9500199613262,4.139068133014169,4,0.20018308516415817,2.6363636363636362,discontinuous,discontinuous,0.20714285714285716,True,853.9003953138242
356,398,276,0,101,84,52.97164021151222,,164.171875,963.171875,1,52.97164021151222,53,762.8452131023189,1399.6064517811258,0.30727762803234504,0.6415094339622641,3,0.2075471698113207,2.7142857142857144,0.362101183167549,741.2913933107402,720.6210485555926,853.9003953138242,0.30727762803234504,762.8452131023189,1399.6064517811258,16.276999957176262,3,0.0566340779334225,2.7142857142857144,discontinuous,discontinuous,0.30727762803234504,True,853.9003953138242
179,394,277,0,102,78,36.1634146912106,,166.49609375,329.49609375,1,36.1634146912106,36,842.6835733159123,1660.303784200209,0.34523809523809523,0.2777777777777778,4,0.25,3.2222222222222223,0.44960016587604473,764.4470866253248,861.2129663506886,853.9003953138242,0.34523809523809523,842.6835733159123,1660.303784200209,12.484988405298896,4,0.11060902390315999,3.2222222222222223,discontinuous,discontinuous,0.34523809523809523,True,853.9003953138242
179,287,278,0,102,59,47.9270703611397,,152.72265625,357.27734375,1,47.9270703611397,48,739.2097050853455,1342.3332589718655,0.13392857142857142,0.14583333333333334,7,0.5416666666666667,2.0454545454545454,0.4291823981295103,717.7394609837726,720.3928943594332,853.9003953138242,0.13392857142857142,739.2097050853455,1342.3332589718655,6.418804066224067,7,0.14605524492220479,2.0454545454545454,discontinuous,discontinuous,0.13392857142857142,True,853.9003953138242
115,398,279,0,94,84,22.327576399892568,,163.28125,914.28125,1,22.327576399892568,22,726.2491584669672,1228.3604911565917,0.2012987012987013,0.6818181818181818,1,0.31818181818181823,2.066666666666667,0.44930284765110057,675.2209328687638,704.7384549399959,853.9003953138242,0.2012987012987013,726.2491584669672,1228.3604911565917,4.494512132445907,1,0.04478766445984758,2.066666666666667,punctate,punctate,0.2012987012987013,True,853.9003953138242
209,306,280,0,76,100,10.422550246565352,,157.83203125,248.83203125,1,10.422550246565352,10,988.4401271951245,1938.5854957734905,0.6428571428571429,1.0,1,0.0,4.5,0.14907119849998599,909.0079181381801,916.1508020520226,853.9003953138242,0.6428571428571429,988.4401271951245,1938.5854957734905,6.700210872792013,1,0.09594580753683965,4.5,thick,thick,0.6428571428571429,True,853.9003953138242
371,456,281,0,74,103,9.420792924191467,,154.6484375,556.6484375,1,9.420792924191467,9,876.2221986276392,1670.770100967441,0.4603174603174603,0.5555555555555556,2,0.2222222222222222,4.142857142857143,0.3961767342440019,819.7425457921703,869.10803082475,853.9003953138242,0.4603174603174603,876.2221986276392,1670.770100967441,4.336555473040517,2,0.21229635510448805,4.142857142857143,thick,thick,0.4603174603174603,True,853.9003953138242
456,489,282,0,103,83,59.367922110018,,160.86328125,588.13671875,1,59.367922110018,59,767.5032570443694,1443.630589339857,0.2929782082324455,0.3389830508474576,6,0.11864406779661019,2.326923076923077,0.5244516359737226,731.0359652170976,726.851499681026,853.9003953138242,0.2929782082324455,767.5032570443694,1443.630589339857,17.39350744627646,6,0.10106467915250708,2.326923076923077,reticular,reticular,0.2929782082324455,True,853.9003953138242
72,530,283,0,99,104,51.12490247909393,,168.0078125,195.0078125,1,51.12490247909393,51,812.6295238174903,1552.8887946321504,0.39215686274509803,0.4117647058823529,3,0.07843137254901966,2.978723404255319,0.388613443106727,778.7583845575593,772.919586474283,853.9003953138242,0.39215686274509803,812.6295238174903,1552.8887946321504,20.048981364350563,3,0.05867981853318477,2.978723404255319,discontinuous,discontinuous,0.39215686274509803,True,853.9003953138242
209,530,284,0,76,104,12.080682442456084,,156.86328125,221.13671875,1,12.080682442456084,12,790.3015765995426,1480.8438633056649,0.30952380952380953,1.0,1,0.0,2.1666666666666665,0.49254801826406536,784.6077325724497,734.0039902876837,853.9003953138242,0.30952380952380953,790.3015765995426,1480.8438633056649,3.739258851236407,1,0.08277678059689923,2.1666666666666665,punctate,punctate,0.30952380952380953,True,853.9003953138242
383,505,285,0,105,85,26.072414241396945,,158.46875,531.46875,1,26.072414241396945,26,862.5183607115446,1234.779062747145,0.5714285714285714,1.0,1,0.0,4.0,0.3466876226407682,853.0225391561166,832.2263330251023,853.9003953138242,0.5714285714285714,862.5183607115446,1234.779062747145,14.898522423655397,1,0.03835471432531292,4.0,thick,thick,0.5714285714285714,True,853.9003953138242
371,383,286,0,74,105,10.77441997494906,,157.1015625,547.8984375,1,10.77441997494906,11,925.0045984544585,1445.77639269935,0.5324675324675324,1.0,1,0.0,3.727272727272727,0.23138617025622288,915.7842663964522,809.4169005883617,853.9003953138242,0.5324675324675324,925.0045984544585,1445.77639269935,5.737028817830018,1,0.09281242074515736,3.727272727272727,thick,thick,0.5324675324675324,True,853.9003953138242
179,537,287,0,102,89,38.18518791788691,,171.25,376.75,1,38.18518791788691,38,716.8158944429849,1091.4568722497747,0.19172932330827067,0.3157894736842105,6,0.39473684210526316,2.217391304347826,0.49681801801254616,699.1328655299116,683.7006654022974,853.9003953138242,0.19172932330827067,716.8158944429849,1091.4568722497747,7.321220239895609,6,0.1571289897250826,2.217391304347826,reticular,reticular,0.19172932330827067,True,853.9003953138242
342,490,288,0,106,71,34.61890978387608,,156.75390625,130.24609375,1,34.61890978387608,35,784.5565082503366,1375.4950886693878,0.3346938775510204,0.6857142857142857,3,0.05714285714285716,2.484848484848485,0.38525778046173936,759.8358747768814,736.120385977409,853.9003953138242,0.3346938775510204,784.5565082503366,1375.4950886693878,11.586737152154443,3,0.08665784158798855,2.484848484848485,discontinuous,discontinuous,0.3346938775510204,True,853.9003953138242
383,456,289,0,105,103,49.02948434707811,,177.71875,566.28125,1,49.02948434707811,49,933.5925544711403,1979.5751429541262,0.5247813411078717,0.9387755102040817,2,0.020408163265306145,3.75,0.35486043161491804,870.9703063691234,869.8096641361424,853.9003953138242,0.5247813411078717,933.5925544711403,1979.5751429541262,25.72975854948705,2,0.04079178124416047,3.75,thick,thick,0.5247813411078717,True,853.9003953138242
307,342,290,0,95,106,15.485322085147839,,163.86328125,107.86328125,1,15.485322085147839,15,690.0652616272822,1311.3242428020683,0.10476190476190476,0.13333333333333333,3,0.6666666666666667,2.2,0.1818181818181818,663.9736291568214,656.4796379915513,853.9003953138242,0.10476190476190476,690.0652616272822,1311.3242428020683,1.6222718374916785,3,0.19373184383922737,2.2,discontinuous,discontinuous,0.10476190476190476,True,853.9003953138242
65,209,291,0,107,76,22.57824249117768,,163.13671875,236.13671875,1,22.57824249117768,23,862.4910834314734,1536.710908377187,0.5031055900621118,1.0,1,0.0,3.5217391304347827,0.3335618786692912,804.04189242007,820.1328121830314,853.9003953138242,0.5031055900621118,862.4910834314734,1536.710908377187,11.35924001108939,1,0.044290426962627596,3.5217391304347827,thick,thick,0.5031055900621118,True,853.9003953138242
65,530,292,0,107,104,76.48431989422531,,194.25,218.75,1,76.48431989422531,76,801.5875917757761,1419.6345107704785,0.4041353383458647,0.4605263157894737,2,0.11842105263157898,3.208955223880597,0.42916901858315437,780.7447525267322,752.1159347276005,853.9003953138242,0.4041353383458647,801.5875917757761,1419.6345107704785,30.910016498606094,2,0.02614915060715606,3.208955223880597,thick,thick,0.4041353383458647,True,853.9003953138242
65,306,293,0,107,100,25.33770441869449,,170.49609375,255.50390625,1,25.33770441869449,25,919.7114770003295,1715.8422058047975,0.5485714285714286,1.0,1,0.0,3.84,0.240712916839403,874.2305943119501,839.8965023300291,853.9003953138242,0.5485714285714286,919.7114770003295,1715.8422058047975,13.899540709683835,1,0.03946687448379053,3.84,thick,thick,0.5485714285714286,True,853.9003953138242
217,456,294,0,90,103,8.584383574728836,,170.13671875,616.86328125,1,8.584383574728836,9,774.9207735919942,1391.8294542279511,0.2857142857142857,1.0,1,0.0,2.0,0.5270462766947299,742.7332558128151,734.4694633941918,853.9003953138242,0.2857142857142857,774.9207735919942,1391.8294542279511,2.4526810213510957,1,0.1164906007862758,2.0,punctate,punctate,0.2857142857142857,True,853.9003953138242
482,522,295,0,97,108,58.0048510457177,,179.49609375,444.50390625,1,58.0048510457177,58,773.587685608628,1513.7910354007772,0.3374384236453202,1.0,1,0.0,2.3620689655172415,0.3307302411447939,729.3753324077362,704.6341686368755,853.9003953138242,0.3374384236453202,773.587685608628,1513.7910354007772,19.573065500648582,1,0.017239937384061717,2.3620689655172415,punctate,punctate,0.3374384236453202,True,853.9003953138242
80,92,296,0,93,109,68.46575357586211,,171.75390625,804.24609375,1,68.46575357586211,68,697.2050243783889,1406.3906735424089,0.2415966386554622,0.38235294117647056,3,0.5294117647058824,3.59375,0.4912081475651687,677.3755798702889,687.5194331610908,853.9003953138242,0.2415966386554622,697.2050243783889,1406.3906735424089,16.541095926941477,3,0.04381752691403462,3.59375,discontinuous,discontinuous,0.2415966386554622,True,853.9003953138242
369,490,297,0,110,71,25.683776775534188,,169.75,153.25,1,25.683776775534188,26,771.250881841971,1316.3523139843714,0.3516483516483517,1.0,1,0.0,2.4615384615384617,0.53125,748.4445261296348,717.0790954511334,853.9003953138242,0.3516483516483517,771.250881841971,1316.3523139843714,9.031657767220814,1,0.03893508375888777,2.4615384615384617,punctate,punctate,0.3516483516483517,True,853.9003953138242
342,369,298,0,106,110,30.535148394156433,,180.72265625,133.72265625,1,30.535148394156433,31,568.9275133862866,1075.1215499487585,0.059907834101382486,0.12903225806451613,2,0.8387096774193549,2.6,0.3922322702763681,556.4216394806788,572.9984401722566,853.9003953138242,0.059907834101382486,568.9275133862866,1075.1215499487585,1.8292946042582194,2,0.06549828984563716,2.6,discontinuous,discontinuous,0.059907834101382486,True,853.9003953138242
522,537,299,0,108,89,16.32740500048285,,171.8984375,414.8984375,1,16.32740500048285,16,798.3036197710054,1724.248796925281,0.30357142857142855,0.5,2,0.25,2.8333333333333335,0.47425045578226754,735.2655989241512,782.3533802662009,853.9003953138242,0.30357142857142855,798.3036197710054,1724.248796925281,4.956533660860865,2,0.12249343970709699,2.8333333333333335,punctate,punctate,0.30357142857142855,True,853.9003953138242
115,409,300,0,94,111,27.535001562198982,,171.828125,893.828125,1,27.535001562198982,28,748.3963147098412,1198.4762585307726,0.1989795918367347,0.35714285714285715,6,0.2857142857142857,1.95,0.47210134973133255,750.0543821655775,700.4352224362456,853.9003953138242,0.1989795918367347,748.3963147098412,1198.4762585307726,5.478903372070206,6,0.21790447283783745,1.95,reticular,reticular,0.1989795918367347,True,853.9003953138242
383,485,301,0,105,79,30.968359791124332,,183.5,533.5,1,30.968359791124332,31,851.8162944273702,1535.04480921043,0.4976958525345622,0.8064516129032258,2,0.12903225806451613,4.0,0.45133546692422,837.0946213849527,811.1618434560598,853.9003953138242,0.4976958525345622,851.8162944273702,1535.04480921043,15.412824227840682,2,0.06458204481895773,4.0,thick,thick,0.4976958525345622,True,853.9003953138242
92,377,302,0,109,91,14.288093391685457,,175.13671875,766.13671875,1,14.288093391685457,14,901.3397122982626,1673.1282996373507,0.5306122448979592,1.0,1,0.0,3.7142857142857144,0.38653367773541886,885.8375799353195,852.7526150315518,853.9003953138242,0.5306122448979592,901.3397122982626,1673.1282996373507,7.581437309873917,1,0.0699883443218478,3.7142857142857144,thick,thick,0.5306122448979592,True,853.9003953138242
398,409,303,0,84,111,44.65616550475434,,174.27734375,921.27734375,1,44.65616550475434,45,675.5883463077279,1385.356243402748,0.09206349206349207,0.1111111111111111,10,0.5333333333333333,1.380952380952381,0.522956927175969,651.8218203459184,637.8558912135202,853.9003953138242,0.09206349206349207,675.5883463077279,1385.356243402748,4.11120253853294,10,0.22393324386383656,1.380952380952381,discontinuous,discontinuous,0.09206349206349207,True,853.9003953138242
79,307,304,0,112,95,49.92164151597457,,176.86328125,84.86328125,1,49.92164151597457,50,729.7290789440043,1162.378057208397,0.18,0.26,6,0.38,2.032258064516129,0.5516872126026275,694.886931123038,713.9573116145267,853.9003953138242,0.18,729.7290789440043,1162.378057208397,8.985895472875422,6,0.12018835554676308,2.032258064516129,reticular,reticular,0.18,True,853.9003953138242
232,333,305,0,80,113,31.815324794984775,,179.13671875,728.13671875,1,31.815324794984775,32,757.3161633932066,1398.3747472819855,0.23660714285714285,0.21875,5,0.21875,2.12,0.5048712513305529,709.1477423647173,745.2004945924796,853.9003953138242,0.23660714285714285,757.3161633932066,1398.3747472819855,7.5277330988133615,5,0.15715696860615352,2.12,discontinuous,discontinuous,0.23660714285714285,True,853.9003953138242
333,377,306,0,113,91,25.61141538933147,,176.75,749.25,1,25.61141538933147,26,802.6376320540184,1683.9865040803534,0.33516483516483514,1.0,1,0.0,2.3461538461538463,0.5662267553826408,765.6360123720364,755.4530860668116,853.9003953138242,0.33516483516483514,802.6376320540184,1683.9865040803534,8.584045817303403,1,0.03904508926189818,2.3461538461538463,punctate,punctate,0.33516483516483514,True,853.9003953138242
79,342,307,0,112,106,29.379573514032252,,184.10546875,112.89453125,1,29.379573514032252,29,767.6666603193473,1121.4479383179616,0.28078817733990147,0.5172413793103449,2,0.06896551724137934,2.111111111111111,0.4144214670532532,729.273417749765,750.0383687126221,853.9003953138242,0.28078817733990147,767.6666603193473,1121.4479383179616,8.24943689802876,2,0.06807450758414724,2.111111111111111,punctate,punctate,0.28078817733990147,True,853.9003953138242
72,369,308,0,99,110,10.578944087887093,,177.390625,167.609375,1,10.578944087887093,11,887.1006501536235,1485.648942539419,0.5064935064935064,1.0,1,0.0,3.5454545454545454,0.3263569759322527,830.9522958709862,872.9624969406952,853.9003953138242,0.5064935064935064,887.1006501536235,1485.648942539419,5.358166486072683,1,0.09452739249704528,3.5454545454545454,thick,thick,0.5064935064935064,True,853.9003953138242
178,394,309,0,114,78,29.838604509500993,,176.24609375,313.75390625,1,29.838604509500993,30,939.6181042849386,1832.013355596599,0.5333333333333333,0.7,3,0.1333333333333333,4.3076923076923075,0.4259593014955916,891.4146172774313,906.4221768747344,853.9003953138242,0.5333333333333333,939.6181042849386,1832.013355596599,15.913922405067195,3,0.10054089490159507,4.3076923076923075,thick,thick,0.5333333333333333,True,853.9003953138242
217,498,310,0,90,115,34.28267880068188,,176.24609375,634.75390625,1,34.28267880068188,34,810.6118073532157,1471.2374138080138,0.3697478991596639,0.6764705882352942,2,0.02941176470588236,2.6666666666666665,0.38803116088554257,816.629782320673,736.7714808008411,853.9003953138242,0.3697478991596639,810.6118073532157,1471.2374138080138,12.67594846411767,2,0.05833849833112283,2.6666666666666665,punctate,punctate,0.3697478991596639,True,853.9003953138242
356,396,311,0,101,77,26.809045022456807,,184.5,986.4921875,1,26.809045022456807,27,729.6987022438668,1115.8023386127284,0.18518518518518517,0.25925925925925924,4,0.40740740740740744,2.1875,0.43424811867344754,679.3787306764876,724.8675423919486,853.9003953138242,0.18518518518518517,729.6987022438668,1115.8023386127284,4.9646379671216305,4,0.1492033750791708,2.1875,discontinuous,discontinuous,0.18518518518518517,True,853.9003953138242
456,498,312,0,103,115,17.30977803803797,,183.1015625,617.1015625,1,17.30977803803797,17,842.3131375236475,1439.593597254096,0.44537815126050423,1.0,1,0.0,3.1176470588235294,0.3458547694306295,807.5663137725542,798.5463245489004,853.9003953138242,0.44537815126050423,842.3131375236475,1439.593597254096,7.709396941311029,1,0.05777081588235941,3.1176470588235294,thick,thick,0.44537815126050423,True,853.9003953138242
162,306,313,0,116,100,31.14013215466449,,175.35546875,281.64453125,1,31.14013215466449,31,828.6431209844407,1607.7474796700403,0.391705069124424,0.7419354838709677,2,0.09677419354838712,3.0357142857142856,0.4266226909286764,831.2642923325355,761.268685755724,853.9003953138242,0.391705069124424,828.6431209844407,1607.7474796700403,12.197747618186552,2,0.06422580321967,3.0357142857142856,punctate,punctate,0.391705069124424,True,853.9003953138242
178,306,314,0,114,100,4.472160540311851,,176.5,297.5,1,4.472160540311851,4,902.7883866120391,1172.8156639720319,0.5714285714285714,1.0,1,0.0,4.0,0.4330127018922193,939.8566834773693,817.6540249029856,853.9003953138242,0.5714285714285714,902.7883866120391,1172.8156639720319,2.555520308749629,1,0.22360556849112317,4.0,thick,thick,0.5714285714285714,True,853.9003953138242
289,409,315,0,92,111,24.472042456747293,,188.5,879.5,1,24.472042456747293,24,755.1933335390664,1183.3869625039176,0.2619047619047619,0.6666666666666666,2,0.25,2.4444444444444446,0.34015067152490375,747.9612633566048,705.0208495488681,853.9003953138242,0.2619047619047619,755.1933335390664,1183.3869625039176,6.409344452957624,2,0.08172591247889778,2.4444444444444446,punctate,punctate,0.2619047619047619,True,853.9003953138242
65,162,316,0,107,116,22.157722049147186,,182.50390625,257.50390625,1,22.157722049147186,22,921.3544706177842,1620.3573757335193,0.5714285714285714,1.0,1,0.0,4.0,0.2820380374088831,879.4266861974219,859.7256496167988,853.9003953138242,0.5714285714285714,921.3544706177842,1620.3573757335193,12.661555456655535,1,0.04513099305885049,4.0,thick,thick,0.5714285714285714,True,853.9003953138242
356,409,317,0,101,111,38.05089517603474,,195.35546875,943.64453125,1,38.05089517603474,38,765.1160575185024,1666.6972604236876,0.29699248120300753,0.6842105263157895,2,0.02631578947368418,2.135135135135135,0.3638001990683522,745.067447180059,713.4948876859885,853.9003953138242,0.29699248120300753,765.1160575185024,1666.6972604236876,11.300829770326109,2,0.05256118130066076,2.135135135135135,punctate,punctate,0.29699248120300753,True,853.9003953138242
515,537,318,0,117,89,9.345335551023178,,178.89453125,404.89453125,1,9.345335551023178,9,971.6286878504593,1648.5930535893,0.6190476190476191,1.0,1,0.0,4.333333333333333,0.24325212770525997,974.9703974504783,871.4992571578244,853.9003953138242,0.6190476190476191,971.6286878504593,1648.5930535893,5.785207722061967,1,0.10700525353426336,4.333333333333333,thick,thick,0.6190476190476191,True,853.9003953138242
222,498,319,0,98,115,21.885097395747874,,184.6875,658.3125,1,21.885097395747874,22,869.8658887311575,1431.5552732788733,0.512987012987013,1.0,1,0.0,3.590909090909091,0.3528445535383887,843.33972499868,830.930727565337,853.9003953138242,0.512987012987013,869.8658887311575,1431.5552732788733,11.226770741974558,1,0.045693193953721824,3.590909090909091,thick,thick,0.512987012987013,True,853.9003953138242
515,522,320,0,117,108,89.38631855242339,,200.13671875,445.86328125,1,89.38631855242339,89,725.7802359415454,1908.7295673261551,0.27287319422150885,0.34831460674157305,5,0.2696629213483146,2.6153846153846154,0.34651003470642683,685.0260938525252,678.1399850868905,853.9003953138242,0.27287319422150885,725.7802359415454,1908.7295673261551,24.391130263101086,5,0.05593697202181556,2.6153846153846154,discontinuous,discontinuous,0.27287319422150885,True,853.9003953138242
162,178,321,0,116,114,65.82408093158213,,207.5,305.5,1,65.82408093158213,66,912.728880094487,1859.057588518918,0.525974025974026,1.0,1,0.0,3.6818181818181817,0.3414646095293662,863.0941540918706,814.4612957861331,853.9003953138242,0.525974025974026,912.728880094487,1859.057588518918,34.62175685362437,1,0.015192008545313452,3.6818181818181817,thick,thick,0.525974025974026,True,853.9003953138242
222,333,322,0,98,113,17.127325819332107,,187.1015625,708.1015625,1,17.127325819332107,17,843.0825966329945,1244.7889268260913,0.48739495798319327,0.7058823529411765,2,0.23529411764705888,4.461538461538462,0.2864353056178646,884.5482284192071,751.6499850615145,853.9003953138242,0.48739495798319327,843.0825966329945,1244.7889268260913,8.347772248077833,2,0.11677246180151149,4.461538461538462,thick,thick,0.48739495798319327,True,853.9003953138242
92,333,323,0,109,113,24.57532821054272,,188.49609375,770.50390625,1,24.57532821054272,25,956.0690704173536,1588.608145241054,0.6171428571428571,1.0,1,0.0,4.32,0.2832788618662659,932.8923027515732,888.686982663894,853.9003953138242,0.6171428571428571,956.0690704173536,1588.608145241054,15.166488267077794,1,0.04069121646851511,4.32,thick,thick,0.6171428571428571,True,853.9003953138242
100,369,324,0,118,110,50.34212551551935,,195.89453125,148.89453125,1,50.34212551551935,50,796.0340539643776,1660.7976885757503,0.38857142857142857,1.0,1,0.0,2.72,0.5405287043967383,778.088238035893,722.6168691590101,853.9003953138242,0.38857142857142857,796.0340539643776,1660.7976885757503,19.56151162888752,1,0.019864079828963963,2.72,punctate,punctate,0.38857142857142857,True,853.9003953138242
178,179,325,0,114,102,9.016356510585162,,184.50390625,329.49609375,1,9.016356510585162,9,936.2929182528118,1703.0789707652314,0.5714285714285714,1.0,1,0.0,4.0,0.26352313834736496,861.8503101117259,889.7919641091978,853.9003953138242,0.5714285714285714,936.2929182528118,1703.0789707652314,5.152203720334378,1,0.1109095452055389,4.0,thick,thick,0.5714285714285714,True,853.9003953138242
116,179,326,0,119,102,41.29240504655949,,184.35546875,352.64453125,1,41.29240504655949,41,833.3159917528047,1339.9409368703782,0.3832752613240418,0.43902439024390244,4,0.1707317073170732,3.235294117647059,0.42445881927013646,800.0612094903624,822.1835028411452,853.9003953138242,0.3832752613240418,833.3159917528047,1339.9409368703782,15.82635733491827,4,0.09687011438277274,3.235294117647059,discontinuous,discontinuous,0.3832752613240418,True,853.9003953138242
407,537,327,0,120,89,13.299731302568613,,184.75390625,395.75390625,1,13.299731302568613,13,743.3710139699799,1246.4633132059803,0.21978021978021978,0.46153846153846156,2,0.3076923076923077,2.2222222222222223,0.6284902544988267,694.7811061000084,723.6201437021875,853.9003953138242,0.21978021978021978,743.3710139699799,1246.4633132059803,2.9230178686963986,2,0.1503789779282033,2.2222222222222223,punctate,punctate,0.21978021978021978,True,853.9003953138242
407,515,328,0,120,117,55.71519711743672,,204.75,416.25,1,55.71519711743672,56,757.3125212795782,1436.5956561277897,0.27040816326530615,0.5,4,0.125,2.163265306122449,0.5228832626623026,746.2672906351335,705.2090952167889,853.9003953138242,0.27040816326530615,757.3125212795782,1436.5956561277897,15.065844118490544,4,0.07179369735637448,2.163265306122449,discontinuous,discontinuous,0.27040816326530615,True,853.9003953138242
72,100,329,0,99,118,14.476365290289555,,187.3515625,172.6484375,1,14.476365290289555,14,903.9303698282229,1483.4067316571072,0.6428571428571429,1.0,1,0.0,4.5,0.2753865329031345,885.9753007869729,868.8953627077223,853.9003953138242,0.6428571428571429,903.9303698282229,1483.4067316571072,9.306234829471858,1,0.06907811318292577,4.5,thick,thick,0.6428571428571429,True,853.9003953138242
485,522,330,0,79,108,24.9864225141887,,195.38671875,477.61328125,1,24.9864225141887,25,879.6549081921052,1585.6207510876225,0.5714285714285714,1.0,1,0.0,4.0,0.3,828.0757754765524,846.0985435255678,853.9003953138242,0.5714285714285714,879.6549081921052,1585.6207510876225,14.277955722393543,1,0.04002173578198894,4.0,thick,thick,0.5714285714285714,True,853.9003953138242
160,537,331,0,121,89,4.135128242442549,,187.13671875,388.86328125,1,4.135128242442549,4,640.9097058273094,836.0906920140618,0.0,0.0,0,1.0,,,596.909471699938,687.535252732637,853.9003953138242,0.0,640.9097058273094,836.0906920140618,0.0,0,0.0,,minimal,minimal,0.0,False,853.9003953138242
116,178,332,0,119,114,43.06917972604621,,207.16796875,331.83203125,1,43.06917972604621,43,919.5202502192919,1642.739933382128,0.584717607973422,1.0,1,0.0,4.093023255813954,0.2924894926416761,846.5603440444818,893.1479289667682,853.9003953138242,0.584717607973422,919.5202502192919,1642.739933382128,25.18330774679114,1,0.023218459380020352,4.093023255813954,thick,thick,0.584717607973422,True,853.9003953138242
160,179,333,0,121,102,19.438839655099233,,192.3515625,379.3515625,1,19.438839655099233,19,697.0283769392623,1415.5026832675742,0.08270676691729323,0.15789473684210525,2,0.7894736842105263,2.75,0.39626354032187944,679.1971129288333,681.1473010104552,853.9003953138242,0.08270676691729323,697.0283769392623,1415.5026832675742,1.607723580496929,2,0.10288679959739039,2.75,discontinuous,discontinuous,0.08270676691729323,True,853.9003953138242
100,530,334,0,118,104,24.211824497958045,,196.28125,188.71875,1,24.211824497958045,24,751.9167169128642,1865.998428212356,0.2976190476190476,0.5833333333333334,3,0.08333333333333337,2.272727272727273,0.5499090833947007,690.7618051826197,712.2619057756452,853.9003953138242,0.2976190476190476,751.9167169128642,1865.998428212356,7.205900148201799,3,0.12390639954675912,2.272727272727273,discontinuous,discontinuous,0.2976190476190476,True,853.9003953138242
160,407,335,0,121,120,74.7233170648746,,222.86328125,398.86328125,1,74.7233170648746,75,701.5650244070607,1217.6675764324373,0.1980952380952381,0.32,6,0.22666666666666668,1.793103448275862,0.5649396469833993,663.7311056784293,663.3829186429801,853.9003953138242,0.1980952380952381,701.5650244070607,1217.6675764324373,14.802333285232304,6,0.08029622125568668,1.793103448275862,reticular,reticular,0.1980952380952381,True,853.9003953138242
58,307,336,0,122,95,5.8482194362705675,,190.86328125,65.13671875,1,5.8482194362705675,6,761.0108776571273,914.9151295457972,0.2619047619047619,0.5,2,0.16666666666666663,2.2,0.1818181818181818,771.7772212833892,711.2519757505511,853.9003953138242,0.2619047619047619,761.0108776571273,914.9151295457972,1.531676519023244,2,0.34198443163675263,2.2,punctate,punctate,0.2619047619047619,True,853.9003953138242
47,456,337,0,123,103,66.02230992894356,,220.50390625,608.49609375,1,66.02230992894356,66,769.7295893166403,1505.17033187691,0.341991341991342,0.36363636363636365,4,0.16666666666666663,2.8727272727272726,0.46015748681755786,715.7604020339257,741.8650263676035,853.9003953138242,0.341991341991342,769.7295893166403,1505.17033187691,22.57905837396771,4,0.06058558090901388,2.8727272727272726,discontinuous,discontinuous,0.341991341991342,True,853.9003953138242
47,498,338,0,123,115,64.59403442297722,,208.64453125,637.35546875,1,64.59403442297722,65,791.0739434687746,1721.8400412097212,0.3142857142857143,0.4,5,0.12307692307692308,2.508771929824561,0.4165390940373548,748.4146460001037,752.8072490876767,853.9003953138242,0.3142857142857143,791.0739434687746,1721.8400412097212,20.30098224722141,5,0.07740652901874501,2.508771929824561,discontinuous,discontinuous,0.3142857142857143,True,853.9003953138242
222,318,339,0,98,124,36.81139266645313,,190.50390625,685.49609375,1,36.81139266645313,37,821.9150289011601,1566.3566639133917,0.4015444015444015,0.6486486486486487,2,0.05405405405405406,2.9714285714285715,0.42176369614348674,789.1678867842602,781.4570251802612,853.9003953138242,0.4015444015444015,821.9150289011601,1566.3566639133917,14.781408638266893,2,0.054331006113295874,2.9714285714285715,thick,thick,0.4015444015444015,True,853.9003953138242
22,396,340,0,125,77,44.12306895198079,,191.13671875,1003.86328125,1,44.12306895198079,44,670.4258808376967,1143.2430251562012,0.12012987012987013,0.1590909090909091,5,0.5681818181818181,1.9473684210526316,0.48498266067368545,626.2378591500859,659.2972357249608,853.9003953138242,0.12012987012987013,670.4258808376967,1143.2430251562012,5.300498542932758,5,0.1133194068037631,1.9473684210526316,discontinuous,discontinuous,0.12012987012987013,True,853.9003953138242
58,182,341,0,122,86,25.212690455544863,,196.828125,52.828125,1,25.212690455544863,25,767.817639421543,1280.1950108200872,0.32,0.84,2,0.12,2.5454545454545454,0.656599153958937,709.2462824271967,763.5120641922754,853.9003953138242,0.32,767.817639421543,1280.1950108200872,8.068060945774356,2,0.07932513206103131,2.5454545454545454,punctate,punctate,0.32,True,853.9003953138242
162,530,342,0,116,104,50.05601507929975,,216.71875,259.9921875,1,50.05601507929975,50,809.5327011791474,1422.700214027032,0.38285714285714284,0.7,2,0.040000000000000036,2.7916666666666665,0.40021157247140066,764.0224092846637,765.8249696783719,853.9003953138242,0.38285714285714284,809.5327011791474,1422.700214027032,19.16430291607476,2,0.039955238083406355,2.7916666666666665,punctate,punctate,0.38285714285714284,True,853.9003953138242
318,498,343,0,124,115,20.94643306807414,,202.27734375,667.27734375,1,20.94643306807414,21,950.5792723807141,1552.4612423944834,0.7006802721088435,1.0,1,0.0,4.904761904761905,0.15289335677692834,880.5975531604738,943.4571261672983,853.9003953138242,0.7006802721088435,950.5792723807141,1552.4612423944834,14.676752421847866,1,0.04774082521592504,4.904761904761905,thick,thick,0.7006802721088435,True,853.9003953138242
58,79,344,0,122,112,24.809380062127413,,204.859375,68.140625,1,24.809380062127413,25,843.6567575016725,1416.1145873173243,0.4342857142857143,0.88,1,0.12,3.4545454545454546,0.29888991293685657,812.8671187164869,786.9382087276622,853.9003953138242,0.4342857142857143,843.6567575016725,1416.1145873173243,10.774359341266763,1,0.04030733526979753,3.4545454545454546,thick,thick,0.4342857142857143,True,853.9003953138242
79,369,345,0,112,110,28.264620710038233,,204.75,124.25,1,28.264620710038233,28,741.0963061303482,1788.6295569238823,0.1326530612244898,0.17857142857142858,3,0.6428571428571428,2.6,0.5756395979652217,705.6937164877306,728.4014134749019,853.9003953138242,0.1326530612244898,741.0963061303482,1788.6295569238823,3.749388461535684,3,0.10613975792480895,2.6,discontinuous,discontinuous,0.1326530612244898,True,853.9003953138242
116,160,346,0,119,121,55.32479597676946,,216.6484375,363.359375,1,55.32479597676946,55,822.5132204347422,1415.6134241132008,0.37922077922077924,0.4727272727272727,5,0.18181818181818177,3.2444444444444445,0.45091179700363804,773.3999227621609,816.290823312852,853.9003953138242,0.37922077922077924,822.5132204347422,1415.6134241132008,20.980312240541146,5,0.09037538976374118,3.2444444444444445,discontinuous,discontinuous,0.37922077922077924,True,853.9003953138242
318,333,347,0,124,113,19.790053699687874,,202.5,701.5703125,1,19.790053699687874,20,847.1558611357368,1546.2432705487627,0.4,0.55,3,0.09999999999999998,3.111111111111111,0.4531634835874829,815.6935667452251,798.4904485906058,853.9003953138242,0.4,847.1558611357368,1546.2432705487627,7.91602147987515,3,0.1515913016470145,3.111111111111111,thick,thick,0.4,True,853.9003953138242
58,379,348,0,122,96,34.29212490006984,,195.86328125,23.86328125,1,34.29212490006984,34,512.8693957677947,929.276204672157,0.012605042016806723,0.029411764705882353,1,0.9705882352941176,3.0,,505.2094500596902,519.232177043189,853.9003953138242,0.012605042016806723,512.8693957677947,929.276204672157,0.43225367521096436,1,0.029161214212128438,3.0,minimal,minimal,0.012605042016806723,False,853.9003953138242
339,379,349,0,126,96,15.212975969810497,,200.28125,5.71875,1,15.212975969810497,15,726.2962172691332,1125.7623161707165,0.1523809523809524,0.4,1,0.6,2.6666666666666665,0.1767766952966369,669.166040482581,741.58132650198,853.9003953138242,0.1523809523809524,726.2962172691332,1125.7623161707165,2.3181677668282665,1,0.06573335828469443,2.6666666666666665,punctate,punctate,0.1523809523809524,True,853.9003953138242
414,485,350,0,127,79,36.327060010044974,,205.75390625,525.75390625,1,36.327060010044974,36,823.4625196705729,1540.9832325983984,0.4246031746031746,1.0,1,0.0,2.9722222222222223,0.4157565685894434,773.7533399422699,775.7894147175263,853.9003953138242,0.4246031746031746,823.4625196705729,1540.9832325983984,15.424585004265127,1,0.027527688718092934,2.9722222222222223,thick,thick,0.4246031746031746,True,853.9003953138242
383,414,352,0,105,127,9.508331564367257,,199.72265625,543.27734375,1,9.508331564367257,10,914.4425721913395,1551.7866187045483,0.5285714285714286,1.0,1,0.0,3.7,0.2972972972972973,891.0648567571109,843.8931946826785,853.9003953138242,0.5285714285714286,914.4425721913395,1551.7866187045483,5.025832398308407,1,0.10517092228330872,3.7,thick,thick,0.5285714285714286,True,853.9003953138242
298,333,353,0,128,113,40.31300019371081,,206.64453125,761.64453125,1,40.31300019371081,40,806.690569182533,1394.6475194250547,0.3964285714285714,1.0,1,0.0,2.775,0.45215892221007586,746.2738776718406,784.0308515994246,853.9003953138242,0.3964285714285714,806.690569182533,1394.6475194250547,15.9812250767925,1,0.024805893761189447,2.775,punctate,punctate,0.3964285714285714,True,853.9003953138242
92,298,354,0,109,128,15.302381789883055,,197.5,786.5,1,15.302381789883055,15,834.0826769932191,1353.9438249382154,0.44761904761904764,1.0,1,0.0,3.1333333333333333,0.46420051551641334,825.0172938847016,770.9985252333267,853.9003953138242,0.44761904761904764,834.0826769932191,1353.9438249382154,6.849637563090511,1,0.06534930403194719,3.1333333333333333,thick,thick,0.44761904761904764,True,853.9003953138242
22,356,355,0,125,101,36.16939671463756,,207.171875,974.171875,1,36.16939671463756,36,756.0385662799156,1262.2678852857086,0.23015873015873015,0.4444444444444444,3,0.25,2.1481481481481484,0.394673211802055,712.4995832008196,734.4556441501072,853.9003953138242,0.23015873015873015,756.0385662799156,1262.2678852857086,8.324702418448327,3,0.08294304778342948,2.1481481481481484,discontinuous,discontinuous,0.23015873015873015,True,853.9003953138242
378,383,356,0,129,105,22.877465108815596,,199.64453125,557.64453125,1,22.877465108815596,23,807.6407444311516,1505.0068221092486,0.30434782608695654,0.5217391304347826,3,0.26086956521739135,2.8823529411764706,0.4742428587192755,783.8106013884785,778.8016760940703,853.9003953138242,0.30434782608695654,807.6407444311516,1505.0068221092486,6.962706772248225,3,0.1311334094809298,2.8823529411764706,discontinuous,discontinuous,0.30434782608695654,True,853.9003953138242
289,457,358,0,92,130,29.749144381950803,,200.16796875,866.83203125,1,29.749144381950803,30,727.1940500975373,1132.943620127275,0.19047619047619047,0.26666666666666666,5,0.33333333333333337,2.0,0.724568837309472,716.179204686279,693.4129464323273,853.9003953138242,0.19047619047619047,727.1940500975373,1132.943620127275,5.666503691800153,5,0.16807206068869548,2.0,discontinuous,discontinuous,0.19047619047619047,True,853.9003953138242
378,456,359,0,129,103,53.956947507860875,,220.50390625,581.49609375,1,53.956947507860875,54,716.8623120198396,1272.5110990201235,0.24338624338624337,0.7777777777777778,2,0.03703703703703709,1.7692307692307692,0.5032972566430532,680.4780318870469,659.10319306796,853.9003953138242,0.24338624338624337,716.8623120198396,1272.5110990201235,13.132378758526984,2,0.03706658905618455,1.7692307692307692,punctate,punctate,0.24338624338624337,True,853.9003953138242
80,298,360,0,93,128,41.22218061560763,,215.01171875,803.98828125,1,41.22218061560763,41,748.9896739609459,1311.2021421022002,0.27526132404181186,0.5365853658536586,3,0.12195121951219512,2.1944444444444446,0.5351002882999556,743.0995651587264,679.6450050762619,853.9003953138242,0.27526132404181186,748.9896739609459,1311.2021421022002,11.346872016142866,3,0.07277635377843485,2.1944444444444446,discontinuous,discontinuous,0.27526132404181186,True,853.9003953138242
409,457,361,0,111,130,31.56067302211031,,212.75,889.25,1,31.56067302211031,32,786.8909414015906,1254.4484639161299,0.3080357142857143,1.0,1,0.0,2.15625,0.33016770289549324,746.3293842011192,745.3268538586656,853.9003953138242,0.3080357142857143,786.8909414015906,1254.4484639161299,9.721814457703623,1,0.03168500238570435,2.15625,punctate,punctate,0.3080357142857143,True,853.9003953138242
378,414,362,0,129,127,71.76990045091773,,237.13671875,551.86328125,1,71.76990045091773,72,750.4990405539507,1708.925591549285,0.2976190476190476,0.7916666666666666,2,0.04166666666666663,2.1739130434782608,0.5251031644670725,705.017970303235,693.3413123520997,853.9003953138242,0.2976190476190476,750.4990405539507,1708.925591549285,21.36008941991599,2,0.027866835364607583,2.1739130434782608,punctate,punctate,0.2976190476190476,True,853.9003953138242
472,485,363,0,131,79,37.929270079448756,,211.71875,498.28125,1,37.929270079448756,38,876.2063011758568,1598.98393503673,0.5112781954887218,1.0,1,0.0,3.5789473684210527,0.29813433724578375,801.8610718895906,844.1927873984098,853.9003953138242,0.5112781954887218,876.2063011758568,1598.98393503673,19.392408762424928,1,0.026364862753892822,3.5789473684210527,thick,thick,0.5112781954887218,True,853.9003953138242
80,457,364,0,93,130,20.559497577926738,,209.8671875,846.8671875,1,20.559497577926738,21,839.9373070191685,1364.2613002442272,0.4557823129251701,0.6666666666666666,2,0.04761904761904767,3.35,0.30258410347333276,772.3897542269792,834.0779551368299,853.9003953138242,0.4557823129251701,839.9373070191685,1364.2613002442272,9.37065535864688,2,0.09727864177708588,3.35,thick,thick,0.4557823129251701,True,853.9003953138242
58,339,365,0,122,126,52.67048929300725,,223.25,28.75,1,52.67048929300725,53,850.8480419570984,1512.3161287134378,0.4797843665768194,1.0,1,0.0,3.358490566037736,0.46666426196168953,796.964873721847,831.1352692025838,853.9003953138242,0.4797843665768194,850.8480419570984,1512.3161287134378,25.27047734273663,1,0.018985963742181602,3.358490566037736,thick,thick,0.4797843665768194,True,853.9003953138242
275,530,366,0,132,104,66.26674378558721,,222.28125,221.71875,1,66.26674378558721,66,743.5655569666973,1382.5749771066767,0.21212121212121213,0.2727272727272727,8,0.36363636363636365,2.3333333333333335,0.618000160397009,725.3713991693087,702.3605175449268,853.9003953138242,0.21212121212121213,743.5655569666973,1382.5749771066767,14.05658201512456,8,0.12072420558168384,2.3333333333333335,reticular,reticular,0.21212121212121213,True,853.9003953138242
472,522,367,0,131,108,42.13781393065165,,217.28125,467.28125,1,42.13781393065165,42,769.8064090364371,1384.5916565456992,0.3129251700680272,0.7142857142857143,1,0.2857142857142857,3.066666666666667,0.42041477403942856,753.0965875843873,726.1402874248852,853.9003953138242,0.3129251700680272,769.8064090364371,1384.5916565456992,13.185982590544056,1,0.023731653513059576,3.066666666666667,punctate,punctate,0.3129251700680272,True,853.9003953138242
100,275,368,0,118,132,16.888460298636367,,214.86328125,194.13671875,1,16.888460298636367,17,820.1732948382772,1283.5622222911393,0.46218487394957986,0.8823529411764706,2,0.05882352941176472,3.4375,0.38440680930665405,761.450598405834,822.6636325164255,853.9003953138242,0.46218487394957986,820.1732948382772,1283.5622222911393,7.805590894327733,2,0.1184240578853412,3.4375,thick,thick,0.46218487394957986,True,853.9003953138242
47,318,369,0,123,124,15.994478555211938,,217.49609375,666.50390625,1,15.994478555211938,16,827.4762532107515,1586.9637228293202,0.38392857142857145,1.0,1,0.0,2.6875,0.6130895965797241,804.4934411870499,742.5211870592557,853.9003953138242,0.38392857142857145,827.4762532107515,1586.9637228293202,6.140737302447441,1,0.06252157558922991,2.6875,punctate,punctate,0.38392857142857145,True,853.9003953138242
199,333,370,0,133,113,50.03437510061582,,215.28125,727.71875,1,50.03437510061582,50,760.8955735570598,1209.5281550590328,0.3342857142857143,0.66,2,0.020000000000000018,2.3877551020408165,0.49925066210291397,744.5865873545563,703.1918567111442,853.9003953138242,0.3342857142857143,760.8955735570598,1209.5281550590328,16.725776819348717,2,0.03997251881287879,2.3877551020408165,punctate,punctate,0.3342857142857143,True,853.9003953138242
199,318,371,0,133,124,20.508900396319916,,219.75390625,696.75390625,1,20.508900396319916,21,842.4477697580843,1359.2511915780765,0.4013605442176871,0.47619047619047616,2,0.1428571428571429,3.2777777777777777,0.48564572142014933,827.0614486206659,800.3938510661111,853.9003953138242,0.4013605442176871,842.4477697580843,1359.2511915780765,8.231463424373299,2,0.09751863636525714,3.2777777777777777,thick,thick,0.4013605442176871,True,853.9003953138242
409,480,372,0,111,134,41.16203014435924,,218.64453125,922.64453125,1,41.16203014435924,41,724.1096424624188,1317.704079912167,0.20557491289198607,0.3902439024390244,5,0.3902439024390244,2.36,0.5207556439232955,686.3427270882644,705.6816295346873,853.9003953138242,0.20557491289198607,724.1096424624188,1317.704079912167,8.461880761383956,5,0.12147117094235911,2.36,discontinuous,discontinuous,0.20557491289198607,True,853.9003953138242
356,480,373,0,101,134,5.725013742195401,,214.28125,943.71875,1,5.725013742195401,6,752.6078924301402,1006.8263392182728,0.19047619047619047,0.3333333333333333,2,0.5,2.6666666666666665,0.6373774391990982,776.7717365466975,699.8472203584038,853.9003953138242,0.19047619047619047,752.6078924301402,1006.8263392182728,1.0904788080372192,2,0.34934413960603866,2.6666666666666665,punctate,punctate,0.19047619047619047,True,853.9003953138242
79,100,374,0,112,118,6.129688755600806,,216.64453125,135.35546875,1,6.129688755600806,6,1169.1295663892588,1814.5744166067493,0.8333333333333334,1.0,1,0.0,5.833333333333333,0.1178030178747903,1128.0289129282457,1056.2452812877195,853.9003953138242,0.8333333333333334,1169.1295663892588,1814.5744166067493,5.108073963000671,1,0.16314042031681988,5.833333333333333,thick,thick,0.8333333333333334,True,853.9003953138242
356,402,375,0,101,135,31.27138917533055,,218.72265625,961.27734375,1,31.27138917533055,31,837.7906513546031,1384.078125184494,0.43317972350230416,0.7419354838709677,1,0.25806451612903225,4.086956521739131,0.3601342740385267,834.3911859663197,779.6240161813116,853.9003953138242,0.43317972350230416,837.7906513546031,1384.078125184494,13.546131716502636,1,0.03197811246546355,4.086956521739131,thick,thick,0.43317972350230416,True,853.9003953138242
58,200,376,0,122,136,48.4289207680118,,233.86328125,54.86328125,1,48.4289207680118,48,807.5196727663405,1231.7581173678532,0.40773809523809523,0.9375,2,0.02083333333333337,2.9148936170212765,0.2815664455764367,778.1474425049051,756.6398037172394,853.9003953138242,0.40773809523809523,807.5196727663405,1231.7581173678532,19.746315908385764,2,0.04129763720278973,2.9148936170212765,thick,thick,0.40773809523809523,True,853.9003953138242
79,200,377,0,112,136,69.68702905502175,,224.1328125,102.8671875,1,69.68702905502175,70,849.3086828620233,1707.0285672099585,0.4489795918367347,0.5285714285714286,3,0.042857142857142816,3.283582089552239,0.410301239868973,804.7231731709369,810.844697252713,853.9003953138242,0.4489795918367347,849.3086828620233,1707.0285672099585,31.28805386143834,3,0.043049618281636524,3.283582089552239,thick,thick,0.4489795918367347,True,853.9003953138242
402,480,378,0,135,134,61.204371759228664,,245.49609375,939.49609375,1,61.204371759228664,61,753.8792461448377,1392.831676169165,0.18501170960187355,0.2786885245901639,6,0.39344262295081966,2.135135135135135,0.5675066271255669,722.4448156092619,743.075693588116,853.9003953138242,0.18501170960187355,753.8792461448377,1392.831676169165,11.323525454283525,6,0.0980322128556984,2.135135135135135,reticular,reticular,0.18501170960187355,True,853.9003953138242
100,416,379,0,118,137,53.30700403473752,,224.86328125,167.86328125,1,53.30700403473752,53,682.0876490739842,1244.4845494296424,0.1105121293800539,0.16981132075471697,4,0.5849056603773585,1.8636363636363635,0.49326215649162647,644.3445877943626,669.5677554684545,853.9003953138242,0.1105121293800539,682.0876490739842,1244.4845494296424,5.891070526749968,4,0.07503704386375568,1.8636363636363635,discontinuous,discontinuous,0.1105121293800539,True,853.9003953138242
100,200,380,0,118,136,22.5089510980172,,229.140625,140.1328125,1,22.5089510980172,23,968.478276216095,1477.5615391531744,0.6335403726708074,1.0,1,0.0,4.434782608695652,0.2885086072463169,940.8417708159797,908.5757676724304,853.9003953138242,0.6335403726708074,968.478276216095,1477.5615391531744,14.260329267066796,1,0.04442677029442253,4.434782608695652,thick,thick,0.6335403726708074,True,853.9003953138242
80,554,381,0,93,138,32.75133577034275,,225.53515625,828.53515625,1,32.75133577034275,33,699.7411840662876,1320.5564415639649,0.19913419913419914,0.45454545454545453,3,0.06060606060606055,1.4838709677419355,0.48023308770379397,650.7880682056174,664.1168513059982,853.9003953138242,0.19913419913419914,699.7411840662876,1320.5564415639649,6.521911019202452,3,0.09159931738468463,1.4838709677419355,discontinuous,discontinuous,0.19913419913419914,True,853.9003953138242
457,554,382,0,130,138,50.31029697540964,,233.13671875,863.86328125,1,50.31029697540964,50,706.1670293646536,1303.3273085757103,0.10571428571428572,0.14,9,0.54,1.608695652173913,0.7272229214634438,699.4070658209371,667.4896068636682,853.9003953138242,0.10571428571428572,706.1670293646536,1303.3273085757103,5.3185171088290195,9,0.17888982059475747,1.608695652173913,discontinuous,discontinuous,0.10571428571428572,True,853.9003953138242
414,472,383,0,127,131,37.726860306712865,,238.5,515.5,1,37.726860306712865,38,789.4357420774307,1859.8025018963417,0.34210526315789475,0.5263157894736842,3,0.07894736842105265,2.6,0.4968199804596622,747.4900009054296,743.316174337014,853.9003953138242,0.34210526315789475,789.4357420774307,1859.8025018963417,12.906557473349139,3,0.0795189415607479,2.6,discontinuous,discontinuous,0.34210526315789475,True,853.9003953138242
199,298,384,0,133,128,38.860444334768246,,238.24609375,753.75390625,1,38.860444334768246,39,716.4613595405157,1260.3371590310912,0.21245421245421245,0.2564102564102564,4,0.3589743589743589,2.32,0.7387684581251225,691.34474188077,684.5345286243746,853.9003953138242,0.21245421245421245,716.4613595405157,1260.3371590310912,8.25606509676395,4,0.10293243086830121,2.32,discontinuous,discontinuous,0.21245421245421245,True,853.9003953138242
457,480,385,0,130,134,32.33213543892597,,233.53125,895.53125,1,32.33213543892597,32,767.9666306997462,1230.937063097864,0.32142857142857145,0.5,2,0.03125,2.3225806451612905,0.4427049291808118,738.8560724978258,721.883412474367,853.9003953138242,0.32142857142857145,767.9666306997462,1230.937063097864,10.39247210536906,2,0.061857961834222645,2.3225806451612905,punctate,punctate,0.32142857142857145,True,853.9003953138242
275,416,386,0,132,137,31.48641803494034,,237.53515625,191.46484375,1,31.48641803494034,31,683.8362921435165,1135.623548275105,0.0967741935483871,0.12903225806451613,4,0.7096774193548387,2.3333333333333335,0.4517539514526256,668.8124559991526,648.7000716207291,853.9003953138242,0.0967741935483871,683.8362921435165,1135.623548275105,3.0470727130587423,4,0.1270389027917122,2.3333333333333335,discontinuous,discontinuous,0.0967741935483871,True,853.9003953138242
66,178,387,0,139,114,44.51069904448878,,230.13671875,320.13671875,1,44.51069904448878,45,981.9771235778533,1725.0091655650901,0.638095238095238,1.0,1,0.0,4.466666666666667,0.367418914181826,906.0928867379139,948.4872112357775,853.9003953138242,0.638095238095238,981.9771235778533,1725.0091655650901,28.402065104578554,1,0.02246650853540836,4.466666666666667,thick,thick,0.638095238095238,True,853.9003953138242
47,366,388,0,123,140,52.863791333716804,,243.609375,651.609375,1,52.863791333716804,53,915.3392232053316,1683.1591911346457,0.5417789757412399,1.0,1,0.0,3.792452830188679,0.4012307493264866,876.9559219795667,851.5155226753508,853.9003953138242,0.5417789757412399,915.3392232053316,1683.1591911346457,28.640490722579724,1,0.018916539558943717,3.792452830188679,thick,thick,0.5417789757412399,True,853.9003953138242
318,366,389,0,124,140,17.58713311386096,,227.8984375,677.1015625,1,17.58713311386096,18,931.0770094761797,1476.4421114397612,0.6111111111111112,1.0,1,0.0,4.277777777777778,0.2440038211435836,867.6606683437653,915.3998442827813,853.9003953138242,0.6111111111111112,931.0770094761797,1476.4421114397612,10.747692458470588,1,0.056859750450849164,4.277777777777778,thick,thick,0.6111111111111112,True,853.9003953138242
22,402,390,0,125,135,1.0,,225.5,973.5,1,1.0,1,716.5714285714286,876.125,0.14285714285714285,1.0,1,0.0,1.0,,735.6666666666666,644.2916666666666,853.9003953138242,0.14285714285714285,716.5714285714286,876.125,0.14285714285714285,1,1.0,1.0,minimal,minimal,0.14285714285714285,True,853.9003953138242
22,491,391,0,125,141,49.83289297431409,,239.4296875,993.5,1,49.83289297431409,50,641.094368876039,954.9726379377212,0.022857142857142857,0.1,4,0.84,1.0,0.0,638.9665257517449,615.9252090768433,853.9003953138242,0.022857142857142857,641.094368876039,954.9726379377212,1.1390375536986077,4,0.08026826782988022,1.0,discontinuous,discontinuous,0.022857142857142857,False,853.9003953138242
66,116,392,0,139,119,27.632761490059973,,236.1328125,347.8671875,1,27.632761490059973,28,837.2407042868542,1710.1599585129143,0.3877551020408163,0.6071428571428571,3,0.1071428571428571,3.04,0.5302484652528917,795.9586683588102,806.3709994941886,853.9003953138242,0.3877551020408163,837.2407042868542,1710.1599585129143,10.714744251247744,3,0.10856678226239375,3.04,discontinuous,discontinuous,0.3877551020408163,True,853.9003953138242
407,522,393,0,120,108,19.740007626260436,,235.390625,436.609375,1,19.740007626260436,20,681.6363628209739,1102.8690257308474,0.15,0.45,3,0.30000000000000004,1.5,0.4879500364742666,637.8703203246362,651.6669109307011,853.9003953138242,0.15,681.6363628209739,1102.8690257308474,2.961001143939065,3,0.15197562517701635,1.5,discontinuous,discontinuous,0.15,True,853.9003953138242
402,491,394,0,135,141,48.087634806894215,,250.140625,975.1328125,1,48.087634806894215,48,696.3565608571923,1549.8708038148538,0.1636904761904762,0.3333333333333333,5,0.41666666666666663,1.9642857142857142,0.5353611587031075,649.5298410320626,664.962874668584,853.9003953138242,0.1636904761904762,696.3565608571923,1549.8708038148538,7.871487840414232,5,0.10397683354730437,1.9642857142857142,discontinuous,discontinuous,0.1636904761904762,True,853.9003953138242
264,318,395,0,142,124,16.327306294522444,,232.171875,687.171875,1,16.327306294522444,16,857.1067161186792,1547.704518389643,0.45535714285714285,1.0,1,0.0,3.1875,0.19899787382533762,798.9643639342092,806.9349557035941,853.9003953138242,0.45535714285714285,857.1067161186792,1547.704518389643,7.434755544827184,1,0.061247090117705724,3.1875,thick,thick,0.45535714285714285,True,853.9003953138242
199,264,396,0,133,142,38.057181109404766,,238.5,711.5,1,38.057181109404766,38,707.6445733108018,1335.1890235223982,0.22556390977443608,0.5789473684210527,3,0.07894736842105265,1.7142857142857142,0.5322906474223771,674.5915992608176,663.163548247895,853.9003953138242,0.22556390977443608,707.6445733108018,1335.1890235223982,8.58432656603115,3,0.07882874959592406,1.7142857142857142,discontinuous,discontinuous,0.22556390977443608,True,853.9003953138242
298,554,397,0,128,138,10.026179530890783,,235.86328125,810.86328125,1,10.026179530890783,10,745.7598802628158,1160.9018478443375,0.2571428571428571,1.0,1,0.0,1.8,0.6478835438717001,711.5530545221533,719.4533057048336,853.9003953138242,0.2571428571428571,745.7598802628158,1160.9018478443375,2.5781604508004867,1,0.09973888826935401,1.8,punctate,punctate,0.2571428571428571,True,853.9003953138242
264,366,398,0,142,140,67.06392142339999,,265.64453125,665.64453125,1,67.06392142339999,67,894.0979557957951,1835.602643153396,0.5565031982942431,0.582089552238806,3,0.02985074626865669,4.015384615384615,0.37703952797371787,851.2556471623392,876.7783568875873,853.9003953138242,0.5565031982942431,894.0979557957951,1835.602643153396,37.3212867622759,3,0.044733441414197384,4.015384615384615,thick,thick,0.5565031982942431,True,853.9003953138242
236,522,399,0,143,108,23.426389850198,,236.8984375,453.8984375,1,23.426389850198,23,773.7873637917634,1270.6575091412803,0.2919254658385093,0.21739130434782608,4,0.26086956521739135,2.764705882352941,0.5043944506863701,755.0013780762764,743.7475676332065,853.9003953138242,0.2919254658385093,773.7873637917634,1270.6575091412803,6.838759769933578,4,0.17074760667684322,2.764705882352941,discontinuous,discontinuous,0.2919254658385093,True,853.9003953138242
236,472,400,0,143,131,57.797847033137,,253.25,485.75,1,57.797847033137,58,681.4034504290794,1191.387993649016,0.16748768472906403,0.5344827586206896,5,0.24137931034482762,1.5454545454545454,0.486851334036672,654.9316073908741,634.7965891871569,853.9003953138242,0.16748768472906403,681.4034504290794,1191.387993649016,9.68042758190472,5,0.08650841262535905,1.5454545454545454,discontinuous,discontinuous,0.16748768472906403,True,853.9003953138242
496,530,401,0,144,104,24.47489969203013,,241.640625,249.640625,1,24.47489969203013,24,681.0000345429983,1198.5183535051428,0.10119047619047619,0.125,4,0.625,1.8888888888888888,0.5261336417646565,645.8398171600869,666.695230532191,853.9003953138242,0.10119047619047619,681.0000345429983,1198.5183535051428,2.476626754550668,4,0.1634327433547169,1.8888888888888888,discontinuous,discontinuous,0.10119047619047619,True,853.9003953138242
162,496,402,0,116,144,29.15528170586859,,242.72265625,275.27734375,1,29.15528170586859,29,717.6064028760444,1550.9437201096493,0.21674876847290642,0.8620689655172413,2,0.06896551724137934,1.6296296296296295,0.6915965479410427,715.322172766717,638.0673324787944,853.9003953138242,0.21674876847290642,717.6064028760444,1550.9437201096493,6.319371404227675,2,0.06859820529867922,1.6296296296296295,punctate,punctate,0.21674876847290642,True,853.9003953138242
200,416,403,0,136,137,59.98481115699778,,266.2421875,138.2421875,1,59.98481115699778,60,850.7163728408447,1509.2394956696382,0.4452380952380952,0.6,2,0.2666666666666667,4.25,0.36906145043804534,817.2714546251257,837.0067951053876,853.9003953138242,0.4452380952380952,850.7163728408447,1509.2394956696382,26.707523062758533,2,0.03334177371610649,4.25,thick,thick,0.4452380952380952,True,853.9003953138242
66,162,404,0,139,116,21.912315137817593,,246.24609375,294.24609375,1,21.912315137817593,22,968.8940024224421,1760.8561144590783,0.5584415584415584,1.0,1,0.0,3.909090909090909,0.3441546183011336,899.1450371615884,939.036953218354,853.9003953138242,0.5584415584415584,968.8940024224421,1760.8561144590783,12.236747414625409,1,0.04563643748780063,3.909090909090909,thick,thick,0.5584415584415584,True,853.9003953138242
121,298,405,0,145,128,34.73476868781228,,248.0078125,796.71875,1,34.73476868781228,35,748.0474078508719,1218.2087326519645,0.22040816326530613,0.2571428571428571,4,0.2571428571428571,2.076923076923077,0.3513641844631532,711.2190957990565,720.782169858763,853.9003953138242,0.22040816326530613,748.0474078508719,1218.2087326519645,7.655826567925971,4,0.11515838887401368,2.076923076923077,discontinuous,discontinuous,0.22040816326530613,True,853.9003953138242
121,554,406,0,145,138,64.02400836679922,,265.71875,828.28125,1,64.02400836679922,64,750.068032778922,1179.9094458082495,0.24776785714285715,0.265625,7,0.3125,2.522727272727273,0.6180863041096903,728.6212975717197,725.6941149951749,853.9003953138242,0.24776785714285715,750.068032778922,1179.9094458082495,15.8630913587382,7,0.10933398546208446,2.522727272727273,reticular,reticular,0.24776785714285715,True,853.9003953138242
236,407,407,0,143,120,38.88003912719685,,260.49609375,444.20703125,1,38.88003912719685,39,674.1169734905485,1153.5070232238124,0.11721611721611722,0.15384615384615385,5,0.6153846153846154,2.1333333333333333,0.37759518667483033,661.812466829423,651.5805750212958,853.9003953138242,0.11721611721611722,674.1169734905485,1153.5070232238124,4.55736722370073,5,0.12860069362693788,2.1333333333333333,discontinuous,discontinuous,0.11721611721611722,True,853.9003953138242
282,456,409,0,146,103,25.179401662115893,,246.53515625,603.46484375,1,25.179401662115893,25,874.6463009003879,1559.8903201138291,0.48,0.88,2,0.040000000000000036,3.5,0.5084322977157767,861.565572871985,790.0576573801487,853.9003953138242,0.48,874.6463009003879,1559.8903201138291,12.086112797815629,2,0.07943000500322193,3.5,thick,thick,0.48,True,853.9003953138242
22,228,410,0,125,147,12.902676590575785,,246.5,1017.5,1,12.902676590575785,13,687.7741957887122,977.3290463316733,0.15384615384615385,0.38461538461538464,2,0.5384615384615384,2.3333333333333335,0.31943828249996986,665.3019342714108,657.1785666828372,853.9003953138242,0.15384615384615385,687.7741957887122,977.3290463316733,1.9850271677808902,2,0.15500659773653597,2.3333333333333335,punctate,punctate,0.15384615384615385,True,853.9003953138242
253,339,412,0,148,126,25.712021241331964,,250.86328125,10.86328125,1,25.712021241331964,26,783.7453795819956,1340.5257521094543,0.33516483516483514,0.8846153846153846,2,0.07692307692307687,2.5416666666666665,0.32082599657017913,712.5370782380171,776.5600095688061,853.9003953138242,0.33516483516483514,783.7453795819956,1340.5257521094543,8.617765361105768,2,0.07778462771277618,2.5416666666666665,punctate,punctate,0.33516483516483514,True,853.9003953138242
58,253,413,0,122,148,25.102003127241126,,251.1328125,30.8671875,1,25.102003127241126,25,770.4384018036488,1315.2668986920844,0.2914285714285714,0.32,5,0.28,2.8333333333333335,0.5294117647058824,756.9730403720873,729.6142397159715,853.9003953138242,0.2914285714285714,770.4384018036488,1315.2668986920844,7.315440911367414,5,0.1991872909367107,2.8333333333333335,discontinuous,discontinuous,0.2914285714285714,True,853.9003953138242
116,484,414,0,119,149,4.135128242442549,,246.13671875,358.13671875,1,4.135128242442549,4,822.9427137432064,1187.9979393810784,0.39285714285714285,1.0,1,0.0,2.75,0.15745916432444337,866.5773773314003,715.9132959478834,853.9003953138242,0.39285714285714285,822.9427137432064,1187.9979393810784,1.6245146666738584,1,0.241830468457084,2.75,punctate,punctate,0.39285714285714285,True,853.9003953138242
160,484,415,0,121,149,56.157898523837495,,252.171875,387.171875,1,56.157898523837495,56,778.3802407365886,1312.2669096926331,0.3392857142857143,0.5892857142857143,4,0.1428571428571429,2.7708333333333335,0.43107040851801987,728.6885376433613,759.0824583103127,853.9003953138242,0.3392857142857143,778.3802407365886,1312.2669096926331,19.053572713444865,4,0.07122773652760722,2.7708333333333335,discontinuous,discontinuous,0.3392857142857143,True,853.9003953138242
457,538,416,0,130,150,3.1836008691813857,,245.8671875,884.8671875,1,3.1836008691813857,3,842.0252621004363,1071.4453874019075,0.47619047619047616,1.0,1,0.0,3.3333333333333335,0.3741657386773941,848.7258101973212,801.4746404122674,853.9003953138242,0.47619047619047616,842.0252621004363,1071.4453874019075,1.5160004138958978,1,0.31410972703281576,3.3333333333333335,thick,thick,0.47619047619047616,True,853.9003953138242
282,378,417,0,146,129,28.662993272211235,,258.13671875,584.13671875,1,28.662993272211235,29,907.4063708731379,1644.34943243911,0.6059113300492611,1.0,1,0.0,4.241379310344827,0.29470843838035543,913.7464333953858,805.7669064361858,853.9003953138242,0.6059113300492611,907.4063708731379,1644.34943243911,17.367232376758533,1,0.03488819156125957,4.241379310344827,thick,thick,0.6059113300492611,True,853.9003953138242
480,538,418,0,134,150,58.23707989085271,,262.75,908.25,1,58.23707989085271,58,780.8188594507534,1343.098381410524,0.3472906403940887,0.6379310344827587,2,0.06896551724137934,2.611111111111111,0.4912083566219232,736.9441662998025,759.3580228898248,853.9003953138242,0.3472906403940887,780.8188594507534,1343.098381410524,20.225192769975944,2,0.03434238124144236,2.611111111111111,punctate,punctate,0.3472906403940887,True,853.9003953138242
66,484,419,0,139,149,40.892510856787574,,261.02734375,362.97265625,1,40.892510856787574,41,879.3655985829333,1437.4630462951675,0.5261324041811847,1.0,1,0.0,3.682926829268293,0.3198065289443612,856.7002328532924,834.7275477884382,853.9003953138242,0.5261324041811847,879.3655985829333,1437.4630462951675,21.514875050086843,1,0.02445435555430107,3.682926829268293,thick,thick,0.5261324041811847,True,853.9003953138242
538,554,420,0,150,138,43.41135644000682,,265.859375,875.8671875,1,43.41135644000682,43,707.4039568575901,1392.7998341423433,0.12624584717607973,0.20930232558139536,4,0.627906976744186,2.375,0.41775020701019855,672.0254396077445,685.4860360352761,853.9003953138242,0.12624584717607973,707.4039568575901,1392.7998341423433,5.480503470831425,4,0.0921417879565196,2.375,discontinuous,discontinuous,0.12624584717607973,True,853.9003953138242
11,199,421,0,151,133,32.60198018161217,,252.75390625,743.24609375,1,32.60198018161217,33,785.182545283644,1313.1105625177884,0.37662337662337664,0.5757575757575758,2,0.030303030303030276,2.71875,0.4335939336519544,718.491932240876,761.7283575554268,853.9003953138242,0.37662337662337664,785.182545283644,1313.1105625177884,12.27866786060718,2,0.0613459669890855,2.71875,punctate,punctate,0.37662337662337664,True,853.9003953138242
11,264,422,0,151,142,26.29052635264615,,255.53515625,718.53515625,2,26.29052635264615,26,917.6286472705999,1631.2445522875628,0.521978021978022,1.0,1,0.0,3.6538461538461537,0.30307747471343094,873.0935616583275,854.8672756249754,853.9003953138242,0.521978021978022,917.6286472705999,1631.2445522875628,13.723076942315299,1,0.0380365150011289,3.6538461538461537,thick,thick,0.521978021978022,True,853.9003953138242
275,496,423,0,132,144,8.0,,252.5,240.5,1,8.0,8,795.9330357142857,1196.625,0.39285714285714285,1.0,1,0.0,2.75,0.5061603966209111,797.8072916666666,705.03125,853.9003953138242,0.39285714285714285,795.9330357142857,1196.625,3.142857142857143,1,0.125,2.75,punctate,punctate,0.39285714285714285,True,853.9003953138242
228,491,424,0,147,141,48.67624643380395,,271.98828125,1007.98828125,1,48.67624643380395,49,792.3588357685649,1448.404001009976,0.3206997084548105,0.32653061224489793,4,0.18367346938775508,2.75,0.5618740778313616,806.1365088883437,720.9731752493975,853.9003953138242,0.3206997084548105,792.3588357685649,1448.404001009976,15.610458039995438,4,0.08217560500355549,2.75,discontinuous,discontinuous,0.3206997084548105,True,853.9003953138242
47,282,425,0,123,146,3.2661235762514664,,251.7578125,613.96875,1,3.2661235762514664,3,1261.2685982763792,1670.7611805419215,1.0,1.0,1,0.0,7.0,0.0,1207.4518187490482,1200.6846045454338,853.9003953138242,1.0,1261.2685982763792,1670.7611805419215,3.2661235762514664,1,0.3061733509629483,7.0,thick,thick,1.0,True,853.9003953138242
326,416,426,0,152,137,60.40425871751431,,263.390625,162.390625,1,60.40425871751431,60,756.1018402951572,1363.1762882355742,0.30714285714285716,0.38333333333333336,3,0.15000000000000002,2.5294117647058822,0.6329114380449674,737.5371878263528,708.9575696878697,853.9003953138242,0.30714285714285716,756.1018402951572,1363.1762882355742,18.55273660609368,3,0.049665372337896856,2.5294117647058822,discontinuous,discontinuous,0.30714285714285716,True,853.9003953138242
275,326,427,0,132,152,30.66707530355057,,253.86328125,200.13671875,1,30.66707530355057,31,848.7822937538666,1389.2553412212862,0.45622119815668205,1.0,1,0.0,3.193548387096774,0.41647531571895563,770.9646097454612,841.7900024562806,853.9003953138242,0.45622119815668205,848.7822937538666,1389.2553412212862,13.990969838947034,1,0.032608261143318815,3.193548387096774,thick,thick,0.45622119815668205,True,853.9003953138242
66,496,428,0,139,144,28.51686655733965,,261.609375,276.609375,1,28.51686655733965,29,809.3798508880653,1314.0233991421915,0.3842364532019704,0.7586206896551724,2,0.06896551724137934,2.888888888888889,0.4248215775841254,807.3351293495477,740.346259036805,853.9003953138242,0.3842364532019704,809.3798508880653,1314.0233991421915,10.957219662426072,2,0.07013393270184663,2.888888888888889,punctate,punctate,0.3842364532019704,True,853.9003953138242
47,264,429,0,123,142,29.392788446343534,,259.828125,627.171875,1,29.392788446343534,29,857.2891706563842,1659.6020873815744,0.43349753694581283,0.8275862068965517,3,0.06896551724137934,3.259259259259259,0.49818886856324945,861.8502266969588,766.5380354632592,853.9003953138242,0.43349753694581283,857.2891706563842,1659.6020873815744,12.741701395459266,3,0.10206585215541876,3.259259259259259,thick,thick,0.43349753694581283,True,853.9003953138242
264,282,430,0,142,146,44.67458700170841,,269.49609375,601.49609375,1,44.67458700170841,45,871.8776064844844,1846.5209781586905,0.473015873015873,0.6666666666666666,3,0.06666666666666665,3.5476190476190474,0.51538205811404,830.1501050682352,837.7595343146091,853.9003953138242,0.473015873015873,871.8776064844844,1846.5209781586905,21.131788772236675,3,0.06715227160097252,3.5476190476190474,thick,thick,0.473015873015873,True,853.9003953138242
200,253,431,0,136,148,22.75921355802966,,265.390625,46.609375,1,22.75921355802966,23,901.2505682620254,1543.9484317579936,0.515527950310559,1.0,1,0.0,3.608695652173913,0.3241837119776798,875.6309305602085,826.9001435292221,853.9003953138242,0.515527950310559,901.2505682620254,1543.9484317579936,11.733010716251314,1,0.04393824933582517,3.608695652173913,thick,thick,0.515527950310559,True,853.9003953138242
102,275,432,0,153,132,27.824964739701052,,256.53515625,226.53515625,1,27.824964739701052,28,815.9599796670512,1857.1820980186753,0.33163265306122447,0.35714285714285715,3,0.1785714285714286,2.8260869565217392,0.42579546163378607,844.1329273758631,745.9374799066267,853.9003953138242,0.33163265306122447,815.9599796670512,1857.1820980186753,9.227666877962083,3,0.1078168482175849,2.8260869565217392,discontinuous,discontinuous,0.33163265306122447,True,853.9003953138242
407,484,433,0,120,149,15.672497025876293,,257.75390625,421.24609375,1,15.672497025876293,16,717.2918870044266,1137.987897574787,0.25892857142857145,0.6875,2,0.25,2.4166666666666665,0.4613478675951604,679.4186273311168,704.6374556915267,853.9003953138242,0.25892857142857145,717.2918870044266,1137.987897574787,4.058057265628683,2,0.1276120835561731,2.4166666666666665,punctate,punctate,0.25892857142857145,True,853.9003953138242
119,414,434,0,154,127,47.13007786376931,,264.25,536.75,1,47.13007786376931,47,794.0210797615205,1559.9906794557105,0.3556231003039514,0.5106382978723404,4,0.08510638297872342,2.7209302325581395,0.5510003918388444,728.8918136971201,784.7472243121634,853.9003953138242,0.3556231003039514,794.0210797615205,1559.9906794557105,16.76054440748027,4,0.084871491440394,2.7209302325581395,discontinuous,discontinuous,0.3556231003039514,True,853.9003953138242
11,298,436,0,151,128,33.242594217479045,,262.203125,771.5,1,33.242594217479045,33,773.8796422514179,1396.4445642734747,0.2597402597402597,0.30303030303030304,5,0.4545454545454546,3.3333333333333335,0.4898979485566356,740.8125339461297,768.8259688136461,853.9003953138242,0.2597402597402597,773.8796422514179,1396.4445642734747,8.634440056488064,5,0.1504094405896573,3.3333333333333335,discontinuous,discontinuous,0.2597402597402597,True,853.9003953138242
102,496,437,0,153,144,25.44698994562435,,261.50390625,252.49609375,1,25.44698994562435,25,719.4869656452502,1443.2714068976638,0.16,0.2,4,0.56,2.5454545454545454,0.5646924393157821,681.7669703508045,709.4150960026607,853.9003953138242,0.16,719.4869656452502,1443.2714068976638,4.071518391299896,4,0.15718951469495143,2.5454545454545454,discontinuous,discontinuous,0.16,True,853.9003953138242
119,472,438,0,154,131,3.6124035556762317,,257.72265625,514.72265625,1,3.6124035556762317,4,964.5999858397635,1396.6947396360906,0.6071428571428571,1.0,1,0.0,4.25,0.305656024865096,980.494364619364,846.4972365717997,853.9003953138242,0.6071428571428571,964.5999858397635,1396.6947396360906,2.1932450159462835,1,0.27682399947499853,4.25,thick,thick,0.6071428571428571,True,853.9003953138242
102,326,439,0,153,152,34.08466667407833,,271.5,220.5,1,34.08466667407833,34,940.4956673436992,2098.812254517614,0.5336134453781513,1.0,1,0.0,3.735294117647059,0.23687573159828854,886.1312713290426,858.5793220062798,853.9003953138242,0.5336134453781513,940.4956673436992,2098.812254517614,18.188036418520788,1,0.029338705569930314,3.735294117647059,thick,thick,0.5336134453781513,True,853.9003953138242
119,236,440,0,154,143,27.494010739505594,,271.16796875,508.16796875,1,27.494010739505594,27,789.0014649371135,1277.6012482324275,0.31216931216931215,0.6666666666666666,3,0.14814814814814814,2.5652173913043477,0.49877759218854784,801.2028809782531,727.3181832268865,853.9003953138242,0.31216931216931215,789.0014649371135,1277.6012482324275,8.582786421327143,3,0.1091146733164456,2.5652173913043477,discontinuous,discontinuous,0.31216931216931215,True,853.9003953138242
11,121,441,0,151,145,64.4240842161181,,287.71875,794.28125,1,64.4240842161181,64,758.8106419105804,1389.6139346722753,0.22321428571428573,0.203125,9,0.28125,2.1739130434782608,0.4824935232725927,735.2554485828327,730.1193316603642,853.9003953138242,0.22321428571428573,758.8106419105804,1389.6139346722753,14.380375941097792,9,0.1396993082557208,2.1739130434782608,reticular,reticular,0.22321428571428573,True,853.9003953138242
130,200,442,0,155,136,79.2946759807056,,266.75,89.75,1,79.2946759807056,79,831.3662798382625,1647.6829196150452,0.41952983725135623,0.7468354430379747,2,0.025316455696202556,3.012987012987013,0.38754770332739696,783.2395219777425,790.0669222462151,853.9003953138242,0.41952983725135623,831.3662798382625,1647.6829196150452,33.26648250908445,2,0.02522237433048658,3.012987012987013,thick,thick,0.41952983725135623,True,853.9003953138242
118,264,443,0,156,142,63.469158727845965,,271.16796875,684.83203125,1,63.469158727845965,63,830.869125794706,2006.964695212304,0.41043083900226757,0.7142857142857143,2,0.06349206349206349,3.0677966101694913,0.4833543752066167,774.666617348432,775.9468333984789,853.9003953138242,0.41043083900226757,830.869125794706,2006.964695212304,26.04970006743791,2,0.03151136772705537,3.0677966101694913,thick,thick,0.41043083900226757,True,853.9003953138242
236,484,445,0,143,149,43.6050492080539,,284.1015625,424.8984375,1,43.6050492080539,44,748.0427012463347,1344.0676161461722,0.2532467532467532,0.45454545454545453,3,0.13636363636363635,2.0526315789473686,0.4734919310928048,691.0112213173638,736.6225957390947,853.9003953138242,0.2532467532467532,748.0427012463347,1344.0676161461722,11.042837137104557,3,0.06879937196460947,2.0526315789473686,discontinuous,discontinuous,0.2532467532467532,True,853.9003953138242
11,118,446,0,151,156,22.1295842817697,,271.6484375,712.3515625,1,22.1295842817697,22,1180.9921754651346,1874.229155643905,0.8636363636363636,1.0,1,0.0,6.045454545454546,0.10553134471893384,1129.023332126331,1124.8789896297908,853.9003953138242,0.8636363636363636,1180.9921754651346,1874.229155643905,19.111913697892014,1,0.04518837711848919,6.045454545454546,thick,thick,0.8636363636363636,True,853.9003953138242
66,102,447,0,139,153,35.89593500362227,,283.5,258.5,1,35.89593500362227,36,829.220411682263,1573.6758990459266,0.36507936507936506,0.4444444444444444,4,0.25,3.4074074074074074,0.5192422135867907,760.3347685705303,831.8516380750198,853.9003953138242,0.36507936507936506,829.220411682263,1573.6758990459266,13.104865160052574,4,0.11143323052029036,3.4074074074074074,discontinuous,discontinuous,0.36507936507936506,True,853.9003953138242
167,402,448,0,157,135,28.63867533149596,,273.5,949.5,1,28.63867533149596,29,792.561275853263,1414.5482551906614,0.30049261083743845,0.3793103448275862,2,0.31034482758620685,3.05,0.31914626776937355,804.1257371239884,704.7343030946726,853.9003953138242,0.30049261083743845,792.561275853263,1414.5482551906614,8.605710321286963,2,0.06983563229967064,3.05,punctate,punctate,0.30049261083743845,True,853.9003953138242
167,491,449,0,157,141,32.57620597397853,,276.35546875,975.35546875,1,32.57620597397853,33,672.0593031365305,1440.5210443457127,0.09090909090909091,0.12121212121212122,2,0.7878787878787878,3.0,0.7766431633476234,644.0102451516301,696.3541006402492,853.9003953138242,0.09090909090909091,672.0593031365305,1440.5210443457127,2.961473270361685,2,0.06139450375521247,3.0,discontinuous,discontinuous,0.09090909090909091,True,853.9003953138242
378,392,450,0,129,158,13.551345606586235,,273.8671875,571.8671875,1,13.551345606586235,14,870.9064113509905,1304.8564134025783,0.6020408163265306,1.0,1,0.0,4.214285714285714,0.2998611188636294,838.6762997195722,852.4220975665039,853.9003953138242,0.6020408163265306,870.9064113509905,1304.8564134025783,8.158463171312121,1,0.07379340982300527,4.214285714285714,thick,thick,0.6020408163265306,True,853.9003953138242
282,392,451,0,146,158,4.73968525083359,,271.6796875,577.3203125,1,4.73968525083359,5,956.4077297232125,1141.8164341080926,0.8857142857142857,1.0,1,0.0,6.2,0.15803159630859212,1022.9089922789065,881.367424595,853.9003953138242,0.8857142857142857,956.4077297232125,1141.8164341080926,4.198006936452608,1,0.21098447409015725,6.2,thick,thick,0.8857142857142857,True,853.9003953138242
119,378,452,0,154,129,13.805509523209539,,276.13671875,562.86328125,1,13.805509523209539,14,923.3288654965586,1712.4921695711023,0.5204081632653061,1.0,1,0.0,3.642857142857143,0.3379154497963546,887.1854664584724,848.0142920379349,853.9003953138242,0.5204081632653061,923.3288654965586,1712.4921695711023,7.1844998539151685,1,0.07243484916792246,3.642857142857143,thick,thick,0.5204081632653061,True,853.9003953138242
167,480,453,0,157,134,5.022359744899245,,273.859375,933.859375,1,5.022359744899245,5,980.265270813162,1277.9778287330385,0.6571428571428571,1.0,1,0.0,4.6,0.10649955403405124,993.5521558440165,897.3235558240073,853.9003953138242,0.6571428571428571,980.265270813162,1277.9778287330385,3.300407832362361,1,0.19910959206289616,4.6,thick,thick,0.6571428571428571,True,853.9003953138242
264,392,454,0,142,158,52.369386213815076,,286.5,598.5,1,52.369386213815076,52,822.6934755679721,1474.615706099991,0.4010989010989011,0.4230769230769231,5,0.11538461538461542,3.1739130434782608,0.39584063772054495,783.9682661650205,801.2963083849814,853.9003953138242,0.4010989010989011,822.6934755679721,1474.615706099991,21.00530326158517,5,0.09547562729847303,3.1739130434782608,thick_to_reticular,thick_to_reticular,0.4010989010989011,True,853.9003953138242
238,253,455,0,159,148,73.96827902616042,,294.28125,25.71875,1,73.96827902616042,74,809.5595536686983,1900.5641852025897,0.34555984555984554,0.5405405405405406,4,0.1216216216216216,2.753846153846154,0.49352095699123516,759.7359042953194,761.3395071085262,853.9003953138242,0.34555984555984554,809.5595536686983,1900.5641852025897,25.560467076607555,4,0.05407723489937243,2.753846153846154,discontinuous,discontinuous,0.34555984555984554,True,853.9003953138242
130,253,456,0,155,148,30.156543853801484,,288.83203125,59.16796875,1,30.156543853801484,30,747.5225133969532,1284.122643208693,0.20952380952380953,0.5333333333333333,3,0.2666666666666667,2.0,0.5222329678670935,729.3413421025923,699.6164615617209,853.9003953138242,0.20952380952380953,747.5225133969532,1284.122643208693,6.318513950320311,3,0.09948089590584251,2.0,discontinuous,discontinuous,0.20952380952380953,True,853.9003953138242
167,538,457,0,157,150,11.994768503555022,,282.1015625,933.1015625,1,11.994768503555022,12,955.3025526842149,1387.6907232135482,0.6666666666666666,1.0,1,0.0,4.666666666666667,0.25253813613805265,895.2155197869139,954.6086753578488,853.9003953138242,0.6666666666666666,955.3025526842149,1387.6907232135482,7.996512335703348,1,0.08336967901494881,4.666666666666667,thick,thick,0.6666666666666666,True,853.9003953138242
208,326,458,0,160,152,60.41953127449142,,285.53515625,190.46484375,1,60.41953127449142,60,856.2293212066533,1929.4682942049212,0.44047619047619047,1.0,1,0.0,3.0833333333333335,0.3149547487990749,800.3031642793933,789.4618379520234,853.9003953138242,0.44047619047619047,856.2293212066533,1929.4682942049212,26.613364966145028,1,0.016550939388405864,3.0833333333333335,thick,thick,0.44047619047619047,True,853.9003953138242
130,313,460,0,155,161,53.1025144726867,,289.28515625,90.28515625,1,53.1025144726867,53,819.3267523111372,1481.1019243025285,0.3504043126684636,0.39622641509433965,4,0.09433962264150941,2.7083333333333335,0.4704272261975586,789.1109444567402,798.3777366955512,853.9003953138242,0.3504043126684636,819.3267523111372,1481.1019243025285,18.607350084768925,4,0.07532599990264871,2.7083333333333335,discontinuous,discontinuous,0.3504043126684636,True,853.9003953138242
422,484,461,0,162,149,22.04115422661294,,285.1328125,380.8671875,1,22.04115422661294,22,798.0248899841749,1298.0710948064407,0.35714285714285715,0.7272727272727273,3,0.13636363636363635,2.8947368421052633,0.41778637429367477,705.6146302148118,833.5009229081021,853.9003953138242,0.35714285714285715,798.0248899841749,1298.0710948064407,7.8718407952189065,3,0.13610902447103876,2.8947368421052633,discontinuous,discontinuous,0.35714285714285715,True,853.9003953138242
200,313,462,0,136,161,7.9656490140639695,,281.71875,116.28125,1,7.9656490140639695,8,779.917432464252,1484.742036641535,0.30357142857142855,0.5,2,0.125,2.4285714285714284,0.576350527713689,756.3659354869142,699.2076963670653,853.9003953138242,0.30357142857142855,779.917432464252,1484.742036641535,2.4181434506979906,2,0.2510780975246142,2.4285714285714284,punctate,punctate,0.30357142857142855,True,853.9003953138242
66,422,463,0,139,162,23.969279100940717,,280.171875,360.171875,1,23.969279100940717,24,757.8869903965484,1267.2186506818246,0.2261904761904762,0.3333333333333333,4,0.33333333333333337,2.375,0.512989176042577,776.8468126353246,701.4543997698705,853.9003953138242,0.2261904761904762,757.8869903965484,1267.2186506818246,5.42162265378421,4,0.16688027967612146,2.375,discontinuous,discontinuous,0.2261904761904762,True,853.9003953138242
119,392,464,0,154,158,31.512967978892092,,291.71875,559.71875,1,31.512967978892092,32,1037.2447882597503,1655.6181750746503,0.7098214285714286,1.0,1,0.0,4.96875,0.25893319308476603,1030.2719640506384,939.4896193589782,853.9003953138242,0.7098214285714286,1037.2447882597503,1655.6181750746503,22.36857994930287,1,0.031732967858496115,4.96875,thick,thick,0.7098214285714286,True,853.9003953138242
66,173,465,0,139,163,62.12119705468732,,283.140625,306.859375,1,62.12119705468732,62,877.1564302787986,1661.7258185776386,0.5230414746543779,0.8225806451612904,2,0.016129032258064502,3.721311475409836,0.3741641826887414,814.5772364948647,854.9256350784257,853.9003953138242,0.5230414746543779,877.1564302787986,1661.7258185776386,32.491962514778855,2,0.032195129759642824,3.721311475409836,thick,thick,0.5230414746543779,True,853.9003953138242
50,236,466,0,164,143,60.76086408019199,,288.86328125,471.86328125,1,60.76086408019199,61,740.7645260684385,1361.6136560295415,0.24121779859484777,0.5737704918032787,5,0.29508196721311475,2.395348837209302,0.4331011266639896,706.2313031613438,708.3061098685342,853.9003953138242,0.24121779859484777,740.7645260684385,1361.6136560295415,14.656601874144672,5,0.0822898106485289,2.395348837209302,discontinuous,discontinuous,0.24121779859484777,True,853.9003953138242
208,416,467,0,160,137,49.20632413798817,,304.640625,168.359375,1,49.20632413798817,49,864.0096784514435,1467.4767029367238,0.4956268221574344,0.673469387755102,2,0.020408163265306145,3.5416666666666665,0.4194245522347268,813.0867686245338,827.2004589694748,853.9003953138242,0.4956268221574344,864.0096784514435,1467.4767029367238,24.387974062559735,2,0.04064518199716455,3.5416666666666665,thick,thick,0.4956268221574344,True,853.9003953138242
50,119,468,0,164,154,55.04621007923973,,292.86328125,522.13671875,1,55.04621007923973,55,772.7537525936597,1241.4029973307092,0.36623376623376624,1.0,1,0.0,2.5636363636363635,0.4257682558809542,742.8341501672522,722.3216496923027,853.9003953138242,0.36623376623376624,772.7537525936597,1241.4029973307092,20.15978083421507,1,0.018166554946480187,2.5636363636363635,punctate,punctate,0.36623376623376624,True,853.9003953138242
167,228,469,0,157,147,53.2015720945584,,295.5,966.5,1,53.2015720945584,53,876.482180946427,1610.446360426739,0.5390835579514824,1.0,1,0.0,3.7735849056603774,0.28956864471140514,804.5348246931801,864.9514292206017,853.9003953138242,0.5390835579514824,876.482180946427,1610.446360426739,28.680092773346846,1,0.018796437034278593,3.7735849056603774,thick,thick,0.5390835579514824,True,853.9003953138242
264,541,470,0,142,165,77.86305774700106,,286.35546875,654.64453125,1,77.86305774700106,78,748.0337518855374,1348.3370450965426,0.2948717948717949,0.358974358974359,4,0.07692307692307687,2.236111111111111,0.5136537059387664,703.2998372790813,712.2391450934036,853.9003953138242,0.2948717948717949,748.0337518855374,1348.3370450965426,22.959619592064417,4,0.05137224398503746,2.236111111111111,discontinuous,discontinuous,0.2948717948717949,True,853.9003953138242
313,416,471,0,161,137,39.9114355842692,,303.71875,124.28125,1,39.9114355842692,40,767.435912634568,1284.1226743122234,0.20714285714285716,0.325,4,0.5,2.9,0.4985114584414125,809.3503028533418,691.1670075393527,853.9003953138242,0.20714285714285716,767.435912634568,1284.1226743122234,8.26736879959862,4,0.10022190235563891,2.9,discontinuous,discontinuous,0.20714285714285716,True,853.9003953138242
11,264,472,1,151,142,17.997796172641067,,292.49609375,713.50390625,2,17.997796172641067,18,796.1477329186729,1865.8878460013605,0.2698412698412698,0.4444444444444444,2,0.33333333333333337,2.8333333333333335,0.6416889479197478,802.8044497777037,710.2797608932345,853.9003953138242,0.2698412698412698,796.1477329186729,1865.8878460013605,4.856548173569811,2,0.11112471664948921,2.8333333333333335,punctate,punctate,0.2698412698412698,True,853.9003953138242
66,465,473,0,139,166,21.717549799870373,,286.68359375,339.31640625,1,21.717549799870373,22,973.3214612895553,1803.9077657036335,0.6883116883116883,1.0,1,0.0,4.818181818181818,0.18390178009073516,901.9356720863568,954.8937848029223,853.9003953138242,0.6883116883116883,973.3214612895553,1803.9077657036335,14.948443368741945,1,0.046045710000212306,4.818181818181818,thick,thick,0.6883116883116883,True,853.9003953138242
204,554,474,0,167,138,25.227800279249916,,284.6484375,864.640625,1,25.227800279249916,25,762.2274856085041,1380.5892401754757,0.2,0.2,4,0.43999999999999995,2.5,0.447213595499958,721.8780214575594,749.9633566074357,853.9003953138242,0.2,762.2274856085041,1380.5892401754757,5.045560055849983,4,0.15855524285603428,2.5,discontinuous,discontinuous,0.2,True,853.9003953138242
204,538,475,0,167,150,34.814905166273604,,293.5,890.5,1,34.814905166273604,35,880.9075510411516,1335.5713018610895,0.49795918367346936,0.5142857142857142,2,0.02857142857142858,3.588235294117647,0.3249873377311313,824.8585995803683,855.0325573862615,853.9003953138242,0.49795918367346936,880.9075510411516,1335.5713018610895,17.336401756266856,2,0.057446659424982977,3.588235294117647,thick,thick,0.49795918367346936,True,853.9003953138242
235,538,476,0,168,150,30.30699245890476,,295.13671875,918.13671875,1,30.30699245890476,30,881.811202466823,1472.161096420302,0.5047619047619047,1.0,1,0.0,3.533333333333333,0.4547913506865642,841.7834543836528,850.7027951036539,853.9003953138242,0.5047619047619047,881.811202466823,1472.161096420302,15.29781524116145,1,0.0329956857763424,3.533333333333333,thick,thick,0.5047619047619047,True,853.9003953138242
422,465,477,0,162,166,64.67621264199111,,317.13671875,346.13671875,1,64.67621264199111,65,783.6673285564748,1604.4142976835715,0.3252747252747253,0.6,3,0.0461538461538461,2.3870967741935485,0.5547128581560483,740.4399627882012,749.930477890255,853.9003953138242,0.3252747252747253,783.6673285564748,1604.4142976835715,21.037537298933373,3,0.04638490532224279,2.3870967741935485,discontinuous,discontinuous,0.3252747252747253,True,853.9003953138242
121,204,478,0,145,167,8.660160316939912,,291.1015625,850.1015625,1,8.660160316939912,9,926.4008986983998,1205.1184947325223,0.7301587301587301,1.0,1,0.0,5.111111111111111,0.1944406936956339,867.2648478990229,955.9662608047316,853.9003953138242,0.7301587301587301,926.4008986983998,1205.1184947325223,6.323291659987872,1,0.11547130346350822,5.111111111111111,thick,thick,0.7301587301587301,True,853.9003953138242
167,235,479,0,157,168,31.141414147342285,,297.35546875,940.35546875,1,31.141414147342285,31,896.03987395631,1475.1318577341444,0.5622119815668203,1.0,1,0.0,3.935483870967742,0.35897522033538015,834.8983834750583,888.0784495050538,853.9003953138242,0.5622119815668203,896.03987395631,1475.1318577341444,17.50807615657032,1,0.03211157962411747,3.935483870967742,thick,thick,0.5622119815668203,True,853.9003953138242
173,465,480,0,163,166,47.0125766729721,,309.35546875,324.35546875,1,47.0125766729721,47,885.9232826292275,1525.8390663328198,0.5258358662613982,1.0,1,0.0,3.6808510638297873,0.3413831921441249,873.1078744308246,803.4809472380707,853.9003953138242,0.5258358662613982,885.9232826292275,1525.8390663328198,24.720898980012688,1,0.021270903889318363,3.6808510638297873,thick,thick,0.5258358662613982,True,853.9003953138242
102,208,481,0,153,160,46.5458062938486,,304.1015625,235.1015625,1,46.5458062938486,47,734.8559053560647,1767.0488272349348,0.23404255319148937,0.23404255319148937,4,0.34042553191489366,2.4838709677419355,0.6038611915616972,724.9380112277568,690.602152569859,853.9003953138242,0.23404255319148937,734.8559053560647,1767.0488272349348,10.893699345368821,4,0.08593685056710752,2.4838709677419355,discontinuous,discontinuous,0.23404255319148937,True,853.9003953138242
463,484,482,0,169,149,48.419189813139425,,289.6796875,415.390625,1,48.419189813139425,48,816.0734044160997,1482.7568040995036,0.42857142857142855,1.0,1,0.0,3.0,0.4356774205932812,795.643309708808,762.2581891653587,853.9003953138242,0.42857142857142855,816.0734044160997,1482.7568040995036,20.751081348488324,1,0.020652968458564167,3.0,thick,thick,0.42857142857142855,True,853.9003953138242
422,463,483,0,162,169,29.028785888596577,,303.5,387.4296875,1,29.028785888596577,29,777.7066874581341,1231.4429547967054,0.3054187192118227,0.5862068965517241,2,0.06896551724137934,2.2962962962962963,0.4860167475264311,723.8700434619232,769.2707366529307,853.9003953138242,0.3054187192118227,777.7066874581341,1231.4429547967054,8.865934606369398,2,0.06889712879055211,2.2962962962962963,punctate,punctate,0.3054187192118227,True,853.9003953138242
11,256,484,0,151,170,93.67870664664511,,293.171875,752.8984375,1,93.67870664664511,94,758.9821470465308,1624.9332156895498,0.30547112462006076,0.5,5,0.12765957446808507,2.451219512195122,0.5913704983846789,702.7958521681862,739.1811472176418,853.9003953138242,0.30547112462006076,758.9821470465308,1624.9332156895498,28.616139872303442,5,0.05337392219621409,2.451219512195122,discontinuous,discontinuous,0.30547112462006076,True,853.9003953138242
66,351,485,0,139,171,16.388081344777063,,297.13671875,271.86328125,1,16.388081344777063,16,841.4238547557424,1429.9996219284242,0.45535714285714285,1.0,1,0.0,3.1875,0.3367757654376013,752.393453254296,846.9861519898949,853.9003953138242,0.45535714285714285,841.4238547557424,1429.9996219284242,7.462429898068127,1,0.06101995584240271,3.1875,thick,thick,0.45535714285714285,True,853.9003953138242
173,351,486,0,163,171,35.776748435260984,,306.53125,292.46875,1,35.776748435260984,36,808.5864743451018,1456.7191013784093,0.36904761904761907,0.4444444444444444,4,0.16666666666666663,3.1,0.5157929012994175,784.1417588824111,759.4535668244041,853.9003953138242,0.36904761904761907,808.5864743451018,1456.7191013784093,13.203323827298698,4,0.11180445889983856,3.1,discontinuous,discontinuous,0.36904761904761907,True,853.9003953138242
81,121,487,0,172,145,26.869125853514774,,294.64453125,834.64453125,1,26.869125853514774,27,767.5259047335477,1126.6455141032593,0.26455026455026454,0.48148148148148145,4,0.18518518518518523,2.272727272727273,0.5336665625650533,715.8022875664653,763.8579186401432,853.9003953138242,0.26455026455026454,767.5259047335477,1126.6455141032593,7.108234352781686,4,0.1488697481937901,2.272727272727273,discontinuous,discontinuous,0.26455026455026454,True,853.9003953138242
81,204,488,0,172,167,39.230869150447184,,306.75,862.25,1,39.230869150447184,39,761.104631771303,1232.5922463570726,0.2490842490842491,0.48717948717948717,3,0.28205128205128205,2.4285714285714284,0.43226289578526683,770.5122744700005,694.4636028051517,853.9003953138242,0.2490842490842491,761.104631771303,1232.5922463570726,9.77179158326157,3,0.07647039346732912,2.4285714285714284,discontinuous,discontinuous,0.2490842490842491,True,853.9003953138242
236,463,489,0,143,169,21.625355438266446,,305.75390625,443.24609375,1,21.625355438266446,22,796.2671820093055,1384.7917918176054,0.36363636363636365,1.0,1,0.0,2.5454545454545454,0.2834733547569204,735.9944381605404,730.8148295145438,853.9003953138242,0.36363636363636365,796.2671820093055,1384.7917918176054,7.863765613915072,1,0.046242014511839305,2.5454545454545454,punctate,punctate,0.36363636363636365,True,853.9003953138242
11,81,490,0,151,172,12.877073001996035,,304.828125,821.1015625,1,12.877073001996035,13,730.6028924490435,1116.810095325623,0.17582417582417584,0.23076923076923078,4,0.3846153846153846,2.0,0.5590169943749475,705.084853291653,707.5823820447375,853.9003953138242,0.17582417582417584,730.6028924490435,1116.810095325623,2.2641007476036985,4,0.31062959722135397,2.0,discontinuous,discontinuous,0.17582417582417584,True,853.9003953138242
102,351,491,0,153,171,26.916123517978203,,309.5,257.5078125,1,26.916123517978203,27,828.1526119738171,1407.7537927279582,0.3862433862433862,0.48148148148148145,3,0.07407407407407407,2.92,0.5118230600621755,777.3775354003909,815.7217091143749,853.9003953138242,0.3862433862433862,828.1526119738171,1407.7537927279582,10.396174692129147,3,0.111457357445852,2.92,discontinuous,discontinuous,0.3862433862433862,True,853.9003953138242
228,229,492,0,147,173,39.87884608561136,,312.75,1008.75,1,39.87884608561136,40,756.0530416780249,1463.0157869784014,0.31785714285714284,1.0,1,0.0,2.225,0.5073627822416016,677.3622234395577,737.6871858368382,853.9003953138242,0.31785714285714284,756.0530416780249,1463.0157869784014,12.67577607721218,1,0.025075951241247396,2.225,punctate,punctate,0.31785714285714284,True,853.9003953138242
253,313,493,0,148,161,14.26747167119849,,306.5,64.5,1,14.26747167119849,14,826.8187273196962,1348.5569328603856,0.40816326530612246,0.5,2,0.2142857142857143,3.6363636363636362,0.3758324094593227,836.8033432017531,748.1917301388906,853.9003953138242,0.40816326530612246,826.8187273196962,1348.5569328603856,5.823457824978975,2,0.14017900621014492,3.6363636363636362,thick,thick,0.40816326530612246,True,853.9003953138242
256,264,494,0,170,142,3.6124035556762317,,302.27734375,714.27734375,1,3.6124035556762317,4,774.1141340214024,1097.275896014111,0.2857142857142857,0.5,2,0.25,2.6666666666666665,0.1767766952966369,800.9497251845341,695.8888757683934,853.9003953138242,0.2857142857142857,774.1141340214024,1097.275896014111,1.0321153016217803,2,0.5536479989499971,2.6666666666666665,punctate,punctate,0.2857142857142857,True,853.9003953138242
264,420,496,0,142,174,7.1781325211239935,,301.53515625,619.53515625,1,7.1781325211239935,7,743.412760233749,1093.6626283258024,0.2653061224489796,0.42857142857142855,2,0.1428571428571429,2.1666666666666665,0.41424344670265417,700.1529201518337,722.1475737001168,853.9003953138242,0.2653061224489796,743.412760233749,1093.6626283258024,1.904402505604325,2,0.27862400061775794,2.1666666666666665,punctate,punctate,0.2653061224489796,True,853.9003953138242
420,541,497,0,174,165,59.347232670036554,,314.50390625,649.49609375,1,59.347232670036554,59,873.1504239608338,1598.0193340575017,0.4745762711864407,1.0,1,0.0,3.3220338983050848,0.3007175924141097,818.3368371567934,809.6392265835256,853.9003953138242,0.4745762711864407,873.1504239608338,1598.0193340575017,28.16478838578006,1,0.016849985332254316,3.3220338983050848,thick,thick,0.4745762711864407,True,853.9003953138242
50,392,498,0,164,158,30.726507909573147,,313.24609375,539.24609375,1,30.726507909573147,31,921.0681093161733,1372.604386782703,0.7235023041474654,1.0,1,0.0,5.064516129032258,0.27440330227436965,935.4498452405686,855.7030098116771,853.9003953138242,0.7235023041474654,921.0681093161733,1372.604386782703,22.230699270981493,1,0.032545188764794196,5.064516129032258,thick,thick,0.7235023041474654,True,853.9003953138242
204,235,499,0,167,168,12.28859917432251,,307.859375,905.140625,1,12.28859917432251,12,1068.2842763601545,1554.961151867854,0.8690476190476191,1.0,1,0.0,6.083333333333333,0.14169973195600824,1064.6578273065786,1043.4583000156886,853.9003953138242,0.8690476190476191,1068.2842763601545,1554.961151867854,10.679377853875515,1,0.08137624035207672,6.083333333333333,thick,thick,0.8690476190476191,True,853.9003953138242
392,420,500,0,158,174,21.784380724483324,,314.46484375,615.53515625,1,21.784380724483324,22,865.064476516889,1687.6586895398764,0.44805194805194803,1.0,1,0.0,3.1363636363636362,0.3505329455781978,796.771253921542,836.2255881921672,853.9003953138242,0.44805194805194803,865.064476516889,1687.6586895398764,9.76053422071006,1,0.04590444927709634,3.1363636363636362,thick,thick,0.44805194805194803,True,853.9003953138242
26,264,501,0,175,142,36.62384624540434,,307.28125,695.28125,1,36.62384624540434,37,590.8479074814103,967.2438681638761,0.015444015444015444,0.02702702702702703,2,0.9459459459459459,2.0,0.0,624.1207880839222,549.176059363483,853.9003953138242,0.015444015444015444,590.8479074814103,967.2438681638761,0.5656192470332716,2,0.054609228823173254,2.0,minimal,minimal,0.015444015444015444,False,853.9003953138242
26,256,502,0,175,170,36.200738868344274,,318.75,722.25,1,36.200738868344274,36,749.2905475581208,1276.4293499175328,0.20634920634920634,0.25,5,0.33333333333333337,2.1666666666666665,0.5273580461846958,740.2113792936772,711.1039778694017,853.9003953138242,0.20634920634920634,749.2905475581208,1276.4293499175328,7.469993734737707,5,0.13811872785757554,2.1666666666666665,discontinuous,discontinuous,0.20634920634920634,True,853.9003953138242
228,235,503,0,147,168,7.228798513170565,,312.390625,945.3203125,1,7.228798513170565,7,1122.0759163526432,1722.293721383669,0.8775510204081632,1.0,1,0.0,6.142857142857143,0.10400316174417626,1024.2071998519154,1150.3387890737363,853.9003953138242,0.8775510204081632,1122.0759163526432,1722.293721383669,6.343639511557843,1,0.13833557515513017,6.142857142857143,thick,thick,0.8775510204081632,True,853.9003953138242
11,330,504,0,151,176,34.47593082801171,,311.46484375,798.46484375,1,34.47593082801171,34,651.8817550735074,1074.5664203833578,0.0546218487394958,0.08823529411764706,5,0.7352941176470589,1.4444444444444444,0.6617173282340482,625.6653503851396,635.4293208173849,853.9003953138242,0.0546218487394958,651.8817550735074,1074.5664203833578,1.8831390788409759,5,0.14502871655426045,1.4444444444444444,discontinuous,discontinuous,0.0546218487394958,True,853.9003953138242
238,313,505,0,159,161,24.897973222478512,,315.5,68.5,1,24.897973222478512,25,703.6874057620003,1345.4426097892936,0.14285714285714285,0.16,4,0.6,2.5,0.6985699678629192,669.3565254916197,699.7466131831828,853.9003953138242,0.14285714285714285,703.6874057620003,1345.4426097892936,3.5568533174969303,4,0.1606556471186458,2.5,discontinuous,discontinuous,0.14285714285714285,True,853.9003953138242
81,330,506,0,172,176,47.820404053784465,,327.140625,831.859375,1,47.820404053784465,48,658.4580116436128,1298.9814800506063,0.07142857142857142,0.0625,8,0.75,2.0,0.45643546458763845,647.519843442989,628.6280487939788,853.9003953138242,0.07142857142857142,658.4580116436128,1298.9814800506063,3.4157431466988903,8,0.16729260570450757,2.0,discontinuous,discontinuous,0.07142857142857142,True,853.9003953138242
236,419,507,0,143,177,25.32237095927042,,314.6875,462.3125,1,25.32237095927042,25,663.0349003392192,1035.3257648441968,0.05714285714285714,0.16,4,0.72,1.4285714285714286,0.34641016151377546,638.9945783109616,636.0111304719707,853.9003953138242,0.05714285714285714,663.0349003392192,1035.3257648441968,1.4469926262440238,4,0.15796309146697876,1.4285714285714286,discontinuous,discontinuous,0.05714285714285714,True,853.9003953138242
26,541,508,0,175,165,6.8258748753175,,316.5,677.5,1,6.8258748753175,7,831.003625575309,1422.1566718551564,0.3673469387755102,1.0,1,0.0,2.5714285714285716,0.6186404847588912,750.1790187791797,809.126139153236,853.9003953138242,0.3673469387755102,831.003625575309,1422.1566718551564,2.5074642399125513,1,0.14650136696997187,2.5714285714285716,punctate,punctate,0.3673469387755102,True,853.9003953138242
204,391,509,0,167,178,39.62070916012661,,321.5,888.5,1,39.62070916012661,40,807.0092233034078,1459.4125163582087,0.37142857142857144,0.675,2,0.050000000000000044,2.736842105263158,0.49367298665359366,740.8925991388821,794.862684960636,853.9003953138242,0.37142857142857144,807.0092233034078,1459.4125163582087,14.716263402332741,2,0.05047865226028703,2.736842105263158,punctate,punctate,0.37142857142857144,True,853.9003953138242
235,391,510,0,168,178,32.54543753127055,,323.640625,917.3515625,1,32.54543753127055,33,825.3664333058289,1362.5706058985863,0.39826839826839827,0.48484848484848486,4,0.1515151515151515,3.2857142857142856,0.5386744214506028,845.0916279795553,770.6943769632271,853.9003953138242,0.39826839826839827,825.3664333058289,1362.5706058985863,12.961819276523336,4,0.12290509218555412,3.2857142857142856,discontinuous,discontinuous,0.39826839826839827,True,853.9003953138242
419,463,511,0,177,169,6.0,,316.5,450.5,1,6.0,6,632.8660714285714,868.75,0.023809523809523808,0.16666666666666666,1,0.8333333333333334,1.0,,612.0972222222222,651.5763888888889,853.9003953138242,0.023809523809523808,632.8660714285714,868.75,0.14285714285714285,1,0.16666666666666666,1.0,minimal,minimal,0.023809523809523808,False,853.9003953138242
35,313,512,0,179,161,29.25935041547282,,322.3515625,125.640625,1,29.25935041547282,29,718.1194888080106,1232.2054197411878,0.18226600985221675,0.3793103448275862,3,0.48275862068965514,2.466666666666667,0.6079579394163238,683.1491150052273,697.718358171001,853.9003953138242,0.18226600985221675,718.1194888080106,1232.2054197411878,5.332985051096031,3,0.10253132613680827,2.466666666666667,discontinuous,discontinuous,0.18226600985221675,True,853.9003953138242
35,416,513,0,179,137,44.01584665486638,,319.28125,158.28125,1,44.01584665486638,44,932.2941494682972,1645.891589031453,0.6201298701298701,1.0,1,0.0,4.340909090909091,0.3218511599854174,932.7332758760914,859.2185891819704,853.9003953138242,0.6201298701298701,932.2941494682972,1645.891589031453,27.295541269738564,1,0.022719090418528626,4.340909090909091,thick,thick,0.6201298701298701,True,853.9003953138242
40,235,514,0,180,168,37.73867885101346,,323.28125,927.28125,1,37.73867885101346,38,849.183597881645,1743.8407972752007,0.45864661654135336,0.6578947368421053,2,0.2894736842105263,4.518518518518518,0.30931085678874115,730.0008039403017,908.4867769631509,853.9003953138242,0.45864661654135336,849.183597881645,1743.8407972752007,17.308717367758053,2,0.05299602585177119,4.518518518518518,thick,thick,0.45864661654135336,True,853.9003953138242
40,228,515,0,180,147,28.49312390142726,,326.1328125,951.8671875,1,28.49312390142726,28,943.1936522240264,1638.776750212346,0.6224489795918368,1.0,1,0.0,4.357142857142857,0.2825194744199031,908.6538738780162,890.2542577038399,853.9003953138242,0.6224489795918368,943.1936522240264,1638.776750212346,17.735515897827174,1,0.035096186836498774,4.357142857142857,thick,thick,0.6224489795918368,True,853.9003953138242
361,422,516,0,181,162,58.268219970615355,,334.25,360.25,1,58.268219970615355,58,754.5171870905519,1465.3226802088275,0.22413793103448276,0.25862068965517243,6,0.2931034482758621,2.2195121951219514,0.49267058838373384,730.7923025165412,712.8133234033693,853.9003953138242,0.22413793103448276,754.5171870905519,1465.3226802088275,13.060118269275856,6,0.102972083290442,2.2195121951219514,reticular,reticular,0.22413793103448276,True,853.9003953138242
50,419,517,0,164,177,7.139830794862177,,319.24609375,474.75390625,1,7.139830794862177,7,677.0365837847054,895.8300529559594,0.10204081632653061,0.2857142857142857,2,0.5714285714285714,1.6666666666666667,0.282842712474619,663.3334710092678,633.175121490962,853.9003953138242,0.10204081632653061,677.0365837847054,895.8300529559594,0.7285541627410385,2,0.2801186831261044,1.6666666666666667,minimal,minimal,0.10204081632653061,True,853.9003953138242
361,463,518,0,181,169,5.129817481141764,,319.13671875,382.86328125,1,5.129817481141764,5,746.7920694653627,1063.6881689471813,0.2571428571428571,0.6,2,0.19999999999999996,2.25,0.7286042804780001,673.7787338934182,752.7216963878566,853.9003953138242,0.2571428571428571,746.7920694653627,1063.6881689471813,1.3190959237221678,2,0.38987741909968543,2.25,punctate,punctate,0.2571428571428571,True,853.9003953138242
50,510,519,0,164,182,52.14961901692518,,318.171875,501.828125,1,52.14961901692518,52,737.9698935416162,1243.0117921614492,0.29395604395604397,0.5769230769230769,3,0.07692307692307687,2.2291666666666665,0.39107431687677907,696.8935808092966,684.7642698716455,853.9003953138242,0.29395604395604397,737.9698935416162,1243.0117921614492,15.329695700030204,3,0.05752678651451603,2.2291666666666665,discontinuous,discontinuous,0.29395604395604397,True,853.9003953138242
239,313,520,0,183,161,41.05788702865124,,324.86328125,97.13671875,1,41.05788702865124,41,657.3850706498803,1087.992292563615,0.11498257839721254,0.21951219512195122,5,0.4878048780487805,1.5714285714285714,0.5403804393977882,633.809918083839,619.8405891669607,853.9003953138242,0.11498257839721254,657.3850706498803,1087.992292563615,4.720941714095787,5,0.12177928193213823,1.5714285714285714,discontinuous,discontinuous,0.11498257839721254,True,853.9003953138242
256,330,521,0,170,176,36.5745888731487,,333.16796875,779.89453125,1,36.5745888731487,37,743.9116289844358,1196.012377905841,0.2084942084942085,0.2702702702702703,6,0.32432432432432434,2.16,0.48432210483785254,689.7410734630073,763.7069424047613,853.9003953138242,0.2084942084942085,743.9116289844358,1196.012377905841,7.625589958108223,6,0.1640483238460928,2.16,reticular,reticular,0.2084942084942085,True,853.9003953138242
195,463,522,0,184,169,26.982095661068893,,321.171875,437.828125,1,26.982095661068893,27,801.5707084015352,1243.5885097488433,0.3492063492063492,0.8888888888888888,1,0.11111111111111116,2.75,0.4723774929733302,759.7871802007496,785.9956503539871,853.9003953138242,0.3492063492063492,801.5707084015352,1243.5885097488433,9.422319119738344,1,0.03706161346995925,2.75,punctate,punctate,0.3492063492063492,True,853.9003953138242
195,419,523,0,184,177,32.687261065546444,,332.71875,458.28125,1,32.687261065546444,33,687.8514112238179,1162.39826311065,0.06926406926406926,0.09090909090909091,5,0.696969696969697,1.6,0.57282196186948,682.7521288890557,669.5734443882985,853.9003953138242,0.06926406926406926,687.8514112238179,1162.39826311065,2.2640527144967235,5,0.15296478924843845,1.6,discontinuous,discontinuous,0.06926406926406926,True,853.9003953138242
26,420,524,0,175,174,10.696608384563543,,324.16796875,678.82421875,1,10.696608384563543,11,766.4926139354754,1222.4916336941833,0.3246753246753247,0.5454545454545454,2,0.36363636363636365,3.5714285714285716,0.3298484500494128,677.3991865456205,817.4107271270757,853.9003953138242,0.3246753246753247,766.4926139354754,1222.4916336941833,3.4729248001829687,2,0.18697515400173328,3.5714285714285716,punctate,punctate,0.3246753246753247,True,853.9003953138242
147,173,525,0,185,163,7.124377994300021,,321.13671875,305.86328125,1,7.124377994300021,7,1145.2040871733323,1503.2313943723925,0.9387755102040817,1.0,1,0.0,6.571428571428571,0.07530655685082076,1020.3547746858666,1190.4736557137735,853.9003953138242,0.9387755102040817,1145.2040871733323,1503.2313943723925,6.688191586485734,1,0.14036313076033682,6.571428571428571,thick,thick,0.9387755102040817,True,853.9003953138242
238,239,526,0,159,183,25.941535528155953,,333.859375,76.859375,1,25.941535528155953,26,519.3235416720476,806.7624174262025,0.0,0.0,0,1.0,,,507.15440144813954,530.3982661401661,853.9003953138242,0.0,519.3235416720476,806.7624174262025,0.0,0,0.0,,minimal,minimal,0.0,False,853.9003953138242
147,351,527,0,185,171,42.067076580279846,,323.35546875,283.35546875,1,42.067076580279846,42,1036.234904217983,1682.0391727518106,0.7721088435374149,1.0,1,0.0,5.404761904761905,0.15139066323735315,1059.5169119760203,920.425807800061,853.9003953138242,0.7721088435374149,1036.234904217983,1682.0391727518106,32.48036184939974,1,0.023771559169119414,5.404761904761905,thick,thick,0.7721088435374149,True,853.9003953138242
274,361,528,0,186,181,17.214764322979015,,329.171875,380.171875,1,17.214764322979015,17,771.934941124371,1352.5394790009768,0.3277310924369748,1.0,1,0.0,2.2941176470588234,0.8018715780057379,753.9772084954812,721.1852591771888,853.9003953138242,0.3277310924369748,771.934941124371,1352.5394790009768,5.641813517614971,1,0.0580896712402363,2.2941176470588234,punctate,punctate,0.3277310924369748,True,853.9003953138242
274,463,529,0,186,169,44.31137889497839,,325.49609375,405.49609375,1,44.31137889497839,44,708.8512319172797,1451.9293024512613,0.16233766233766234,0.4318181818181818,3,0.4772727272727273,2.1739130434782608,0.5535341001239219,670.774154093646,674.7756843470255,853.9003953138242,0.16233766233766234,708.8512319172797,1451.9293024512613,7.193405664769219,3,0.06770270018250271,2.1739130434782608,discontinuous,discontinuous,0.16233766233766234,True,853.9003953138242
392,510,530,0,158,182,48.27829429174766,,334.5,547.5,1,48.27829429174766,48,772.7767200244227,1467.0595234286507,0.25595238095238093,0.5208333333333334,4,0.125,2.0476190476190474,0.5323499135934695,768.478805990779,714.6123240998622,853.9003953138242,0.25595238095238093,772.7767200244227,1467.0595234286507,12.356944372292556,4,0.08285296857896098,2.0476190476190474,discontinuous,discontinuous,0.25595238095238093,True,853.9003953138242
102,147,531,0,153,185,13.8493555066954,,327.2421875,257.2421875,1,13.8493555066954,14,1116.9625690022613,1583.4775410394545,0.8163265306122449,1.0,1,0.0,5.714285714285714,0.1677050983124842,1167.6201121765364,1004.9796054211944,853.9003953138242,0.8163265306122449,1116.9625690022613,1583.4775410394545,11.305596331996245,1,0.07220552606340094,5.714285714285714,thick,thick,0.8163265306122449,True,853.9003953138242
147,465,532,0,185,166,5.0,,324.5,309.5,1,5.0,5,1165.1714285714286,1486.0,1.0,1.0,1,0.0,7.0,0.0,1072.1166666666666,1238.8333333333333,853.9003953138242,1.0,1165.1714285714286,1486.0,5.0,1,0.2,7.0,thick,thick,1.0,True,853.9003953138242
419,510,533,0,177,182,56.84208461546706,,343.5,492.5,1,56.84208461546706,57,630.7295276111628,1345.97779774622,0.047619047619047616,0.08771929824561403,2,0.8596491228070176,2.375,0.512989176042577,612.6695938260386,612.0391939684508,853.9003953138242,0.047619047619047616,630.7295276111628,1345.97779774622,2.70676593406986,2,0.03518519796608213,2.375,discontinuous,discontinuous,0.047619047619047616,False,853.9003953138242
35,208,534,0,179,160,3.1836008691813857,,323.8671875,178.1328125,1,3.1836008691813857,3,870.8153462789311,1145.1301823589774,0.5238095238095238,1.0,1,0.0,3.6666666666666665,0.25712973861329,874.7730332299948,791.9874635097716,853.9003953138242,0.5238095238095238,870.8153462789311,1145.1301823589774,1.667600455285488,1,0.31410972703281576,3.6666666666666665,thick,thick,0.5238095238095238,True,853.9003953138242
106,420,535,0,187,174,70.1273348720997,,335.3203125,646.390625,1,70.1273348720997,70,816.7098943337817,1756.0742839064565,0.32857142857142857,0.5428571428571428,4,0.12857142857142856,2.639344262295082,0.4286164347599034,776.5157546365112,775.9942804771817,853.9003953138242,0.32857142857142857,816.7098943337817,1756.0742839064565,23.041838600832758,4,0.05703909905167961,2.639344262295082,discontinuous,discontinuous,0.32857142857142857,True,853.9003953138242
106,392,536,0,187,158,25.221727538298047,,332.1328125,611.1328125,1,25.221727538298047,25,884.8848696301133,1761.65185049598,0.48,0.76,2,0.12,3.8181818181818183,0.39195422936081736,809.6383511075394,916.9300490533632,853.9003953138242,0.48,884.8848696301133,1761.65185049598,12.106429218383063,2,0.07929670943289237,3.8181818181818183,thick,thick,0.48,True,853.9003953138242
4,208,537,0,188,160,49.26066833429917,,325.5,204.5,1,49.26066833429917,49,704.0258388500257,1224.7695157855237,0.14868804664723032,0.16326530612244897,7,0.4285714285714286,1.8214285714285714,0.5500690250629623,708.4991227474342,642.9729586899784,853.9003953138242,0.14868804664723032,704.0258388500257,1224.7695157855237,7.324472551164016,7,0.14210119831293574,1.8214285714285714,discontinuous,discontinuous,0.14868804664723032,True,853.9003953138242
81,391,538,0,172,178,25.595270147377825,,334.64453125,864.64453125,1,25.595270147377825,26,770.578352262392,1351.8073070188225,0.27472527472527475,0.4230769230769231,3,0.1923076923076923,2.380952380952381,0.5571355310873647,743.1478433653009,730.195773051145,853.9003953138242,0.27472527472527475,770.578352262392,1351.8073070188225,7.031667622905997,3,0.11720915554811376,2.380952380952381,discontinuous,discontinuous,0.27472527472527475,True,853.9003953138242
228,477,539,0,147,189,30.736073378843653,,324.6484375,979.359375,1,30.736073378843653,31,976.9074963410806,1599.0594308255488,0.6129032258064516,1.0,1,0.0,4.290322580645161,0.29120175535394116,905.2405437725646,943.2244901044145,853.9003953138242,0.6129032258064516,976.9074963410806,1599.0594308255488,18.838238522517077,1,0.0325350602750813,4.290322580645161,thick,thick,0.6129032258064516,True,853.9003953138242
195,274,540,0,184,186,32.458554609939355,,339.0234375,418.0234375,1,32.458554609939355,32,797.7387176320741,1461.7492857645525,0.4017857142857143,0.90625,2,0.03125,2.903225806451613,0.49764879281241536,733.3868026987748,779.8805855843477,853.9003953138242,0.4017857142857143,797.7387176320741,1461.7492857645525,13.041383548636349,2,0.0616170382210293,2.903225806451613,thick,thick,0.4017857142857143,True,853.9003953138242
4,35,541,0,188,179,16.008776461688633,,333.1328125,176.1328125,1,16.008776461688633,16,670.6428834637835,1006.2219464374459,0.026785714285714284,0.0625,2,0.875,1.5,0.3333333333333333,641.3837625226754,660.8489875157749,853.9003953138242,0.026785714285714284,670.6428834637835,1006.2219464374459,0.4288065123666598,2,0.12493147148292659,1.5,minimal,minimal,0.026785714285714284,False,853.9003953138242
4,102,542,0,188,153,5.729833133469634,,327.75,228.25,1,5.729833133469634,6,732.6198643913513,952.9407199204347,0.07142857142857142,0.3333333333333333,1,0.6666666666666667,1.5,0.3333333333333333,686.7530288423847,744.9685923013645,853.9003953138242,0.07142857142857142,732.6198643913513,952.9407199204347,0.409273795247831,1,0.17452515225246387,1.5,minimal,minimal,0.07142857142857142,True,853.9003953138242
229,477,543,0,173,189,44.40552187979537,,344.25,1007.75,1,44.40552187979537,44,675.9638023330264,1341.339995734202,0.09740259740259741,0.13636363636363635,4,0.6590909090909092,2.0,0.7745966692414834,632.5350857423128,671.6533650713212,853.9003953138242,0.09740259740259741,675.9638023330264,1341.339995734202,4.325213170109939,4,0.09007888727955723,2.0,discontinuous,discontinuous,0.09740259740259741,True,853.9003953138242
147,210,544,0,185,190,49.76134568663156,,336.49609375,287.49609375,1,49.76134568663156,50,990.5146957900555,1611.7342421620615,0.7142857142857143,1.0,1,0.0,5.0,0.24979991993593592,867.6706505293848,1026.071360497067,853.9003953138242,0.7142857142857143,990.5146957900555,1611.7342421620615,35.54381834759397,1,0.020095919557670868,5.0,thick,thick,0.7142857142857143,True,853.9003953138242
210,465,545,0,190,166,68.09411574841198,,346.75,300.75,1,68.09411574841198,68,810.0667948379869,1706.508521971293,0.37184873949579833,0.38235294117647056,8,0.19117647058823528,3.2181818181818183,0.6509690721280939,771.5737117548441,775.9646586427052,853.9003953138242,0.37184873949579833,810.0667948379869,1706.508521971293,25.320711108127984,8,0.11748445386320429,3.2181818181818183,reticular,reticular,0.37184873949579833,True,853.9003953138242
102,452,546,0,153,191,21.50284172655451,,331.3515625,241.640625,1,21.50284172655451,22,864.1770755232517,1584.9859128296514,0.38961038961038963,0.5,3,0.36363636363636365,4.285714285714286,0.2848001248439177,785.7433877820913,882.4204665183094,853.9003953138242,0.38961038961038963,864.1770755232517,1584.9859128296514,8.377730542813445,3,0.13951644336828323,4.285714285714286,discontinuous,discontinuous,0.38961038961038963,True,853.9003953138242
26,106,547,0,175,187,30.529035453183052,,345.1015625,682.1015625,1,30.529035453183052,31,797.054989518292,1478.3934770076457,0.33640552995391704,0.3548387096774194,4,0.19354838709677424,2.92,0.4535053522533383,738.1375445369339,791.0845730415763,853.9003953138242,0.33640552995391704,797.054989518292,1478.3934770076457,10.270136350609967,4,0.13102280961788287,2.92,discontinuous,discontinuous,0.33640552995391704,True,853.9003953138242
4,452,548,0,188,191,20.86612028289834,,339.828125,227.8984375,2,20.86612028289834,21,773.2171190508475,1033.430382610136,0.19727891156462585,0.38095238095238093,3,0.4285714285714286,2.4166666666666665,0.49130368444051753,762.3450095038812,755.1975308228515,853.9003953138242,0.19727891156462585,773.2171190508475,1033.430382610136,4.1164454979867475,3,0.1437737326981082,2.4166666666666665,discontinuous,discontinuous,0.19727891156462585,True,853.9003953138242
40,477,549,0,180,189,43.672188873154205,,352.46484375,969.46484375,1,43.672188873154205,44,803.8735744857572,1695.5103859232477,0.41883116883116883,0.4772727272727273,2,0.06818181818181823,3.1463414634146343,0.4633039627126801,747.4778662544184,764.8889616880151,853.9003953138242,0.41883116883116883,803.8735744857572,1695.5103859232477,18.291273911158743,2,0.04579573526321285,3.1463414634146343,thick,thick,0.41883116883116883,True,853.9003953138242
35,239,550,0,179,183,20.791334062284925,,339.89453125,121.10546875,1,20.791334062284925,21,861.4789557671743,1709.353024271536,0.43537414965986393,0.7142857142857143,2,0.1428571428571429,3.5555555555555554,0.36577187220998825,800.0591013613417,858.9752528346659,853.9003953138242,0.43537414965986393,861.4789557671743,1709.353024271536,9.052009387661464,2,0.0961939235841514,3.5555555555555554,thick,thick,0.43537414965986393,True,853.9003953138242
147,452,551,0,185,191,22.995798811067463,,341.68359375,255.31640625,1,22.995798811067463,23,1134.9732486391943,1808.0443350222247,0.8757763975155279,1.0,1,0.0,6.130434782608695,0.12077578982926525,1140.1022530440898,1055.043418118182,853.9003953138242,0.8757763975155279,1134.9732486391943,1808.0443350222247,20.139177840748523,1,0.04348620407649062,6.130434782608695,thick,thick,0.8757763975155279,True,853.9003953138242
256,283,552,0,170,192,58.24832417816762,,340.86328125,748.13671875,1,58.24832417816762,58,757.1946728411395,1289.3475929268184,0.30295566502463056,0.3620689655172414,5,0.12068965517241381,2.411764705882353,0.37785203377633336,731.9512976189367,708.5954795734365,853.9003953138242,0.30295566502463056,757.1946728411395,1289.3475929268184,17.64665978796704,5,0.08583937942499774,2.411764705882353,discontinuous,discontinuous,0.30295566502463056,True,853.9003953138242
26,283,553,0,175,192,12.507117899126335,,340.390625,718.390625,1,12.507117899126335,13,834.4679846634348,1495.8081866531259,0.4175824175824176,0.5384615384615384,2,0.07692307692307687,3.1666666666666665,0.33700653881225523,816.4104450209378,781.467682538389,853.9003953138242,0.4175824175824176,834.4679846634348,1495.8081866531259,5.222752529305502,2,0.15990894274209302,3.1666666666666665,thick,thick,0.4175824175824176,True,853.9003953138242
4,42,554,0,188,193,45.898058895200066,,337.71875,211.71875,1,45.898058895200066,46,724.3546866393704,1283.7589310913522,0.16149068322981366,0.2608695652173913,5,0.4782608695652174,2.1666666666666665,0.49254801826406536,705.3381259489008,696.9633378823121,853.9003953138242,0.16149068322981366,724.3546866393704,1283.7589310913522,7.412108889908085,5,0.10893706880756325,2.1666666666666665,discontinuous,discontinuous,0.16149068322981366,True,853.9003953138242
392,481,555,0,158,194,42.1036737856476,,343.3515625,592.3515625,1,42.1036737856476,42,1044.231047520185,1901.2917911597876,0.7312925170068028,1.0,1,0.0,5.119047619047619,0.32799767836770205,952.9149487853358,1064.818949564529,853.9003953138242,0.7312925170068028,1044.231047520185,1901.2917911597876,30.790101577939573,1,0.023750896539125342,5.119047619047619,thick,thick,0.7312925170068028,True,853.9003953138242
205,274,556,0,195,186,30.71813811923451,,343.13671875,393.86328125,1,30.71813811923451,31,781.0065767713256,1455.6300365002019,0.2488479262672811,0.22580645161290322,4,0.4516129032258065,3.176470588235294,0.6130720502684018,752.9501814095378,783.8272678695447,853.9003953138242,0.2488479262672811,781.0065767713256,1455.6300365002019,7.644144969763427,4,0.1302162254910676,3.176470588235294,discontinuous,discontinuous,0.2488479262672811,True,853.9003953138242
205,361,557,0,195,181,65.0826058154059,,363.83203125,361.83203125,1,65.0826058154059,65,824.1875197141385,1421.1661947492569,0.4175824175824176,1.0,1,0.0,2.923076923076923,0.35657651970430154,779.6443972674522,779.262386019137,853.9003953138242,0.4175824175824176,824.1875197141385,1421.1661947492569,27.177351878960707,1,0.01536508852820529,2.923076923076923,thick,thick,0.4175824175824176,True,853.9003953138242
355,391,558,0,196,178,28.3854435439066,,349.71875,906.71875,1,28.3854435439066,28,898.3655410399671,1537.3504076837585,0.5612244897959183,1.0,1,0.0,3.9285714285714284,0.31857119032609515,846.1304699306096,856.0353634529649,853.9003953138242,0.5612244897959183,898.3655410399671,1537.3504076837585,15.930606070559826,1,0.03522932444064861,3.9285714285714284,thick,thick,0.5612244897959183,True,853.9003953138242
235,355,559,0,168,196,2.0,,338.5,916.5,1,2.0,2,1024.1607142857142,1375.625,0.7857142857142857,1.0,1,0.0,5.5,0.09090909090909091,973.625,971.8541666666667,853.9003953138242,0.7857142857142857,1024.1607142857142,1375.625,1.5714285714285714,1,0.5,5.5,thick,thick,0.7857142857142857,True,853.9003953138242
40,355,560,0,180,196,62.007851627931004,,359.50390625,938.49609375,1,62.007851627931004,62,855.5990665463311,1521.0104115129416,0.44930875576036866,1.0,1,0.0,3.1451612903225805,0.42291372143629097,804.875798850869,802.6830258469572,853.9003953138242,0.44930875576036866,855.5990665463311,1521.0104115129416,27.86067066231923,1,0.016126989949601107,3.1451612903225805,thick,thick,0.44930875576036866,True,853.9003953138242
35,452,561,0,179,191,19.54571887184397,,344.13671875,164.13671875,1,19.54571887184397,20,864.7636365664906,1567.2751537959307,0.4142857142857143,0.95,1,0.050000000000000044,3.0526315789473686,0.29055688873021923,820.345120962136,790.0208022233504,853.9003953138242,0.4142857142857143,864.7636365664906,1567.2751537959307,8.097512104049645,1,0.0511620987980402,3.0526315789473686,thick,thick,0.4142857142857143,True,853.9003953138242
4,452,562,1,188,191,25.71372849001586,,348.86328125,182.13671875,2,25.71372849001586,26,743.0739443498674,1369.7564240519505,0.2087912087912088,0.3076923076923077,3,0.42307692307692313,2.533333333333333,0.45275396142329616,732.3880423070211,691.4744344178281,853.9003953138242,0.2087912087912088,743.0739443498674,1369.7564240519505,5.368800453959356,3,0.11666919486860264,2.533333333333333,discontinuous,discontinuous,0.2087912087912088,True,853.9003953138242
35,352,563,0,179,197,32.286825375189196,,343.7578125,140.75,1,32.286825375189196,32,800.1694741627792,1472.0481896461615,0.36160714285714285,1.0,1,0.0,2.53125,0.4415198701789547,769.5003566736442,756.7166175707257,853.9003953138242,0.36160714285714285,800.1694741627792,1472.0481896461615,11.675146675849664,1,0.03097238543521996,2.53125,punctate,punctate,0.36160714285714285,True,853.9003953138242
106,481,564,0,187,194,87.69061794414107,,358.609375,643.390625,1,87.69061794414107,88,1029.3850628635491,2016.5292838406722,0.6412337662337663,1.0,1,0.0,4.488636363636363,0.2707677489110262,981.343104955762,953.1924619079299,853.9003953138242,0.6412337662337663,1029.3850628635491,2016.5292838406722,56.23018520768786,1,0.011403728511036382,4.488636363636363,thick,thick,0.6412337662337663,True,853.9003953138242
210,452,565,0,190,191,35.21471730485385,,359.75390625,272.24609375,1,35.21471730485385,35,735.8578442873813,1617.649934108334,0.18775510204081633,0.17142857142857143,6,0.4571428571428572,2.4210526315789473,0.63305303385048,710.2641506558507,721.603389722244,853.9003953138242,0.18775510204081633,735.8578442873813,1617.649934108334,6.611742840911335,6,0.17038330729899073,2.4210526315789473,reticular,reticular,0.18775510204081633,True,853.9003953138242
238,316,566,0,159,198,50.506940205650096,,348.50390625,20.50390625,1,50.506940205650096,51,746.1858970927145,1489.1648515268307,0.2549019607843137,0.3137254901960784,6,0.23529411764705888,2.3333333333333335,0.4586513572463562,733.9806778127486,693.1652433534351,853.9003953138242,0.2549019607843137,746.1858970927145,1489.1648515268307,12.874318091636297,6,0.11879555513697093,2.3333333333333335,reticular,reticular,0.2549019607843137,True,853.9003953138242
57,238,567,0,199,159,48.17391597775052,,354.71875,52.71875,1,48.17391597775052,48,662.653438190989,1291.5640797012127,0.08630952380952381,0.20833333333333334,4,0.6666666666666667,1.8125,0.48643917171261675,647.871494957809,623.9161955736878,853.9003953138242,0.08630952380952381,662.653438190989,1291.5640797012127,4.157867748079657,4,0.08303248591722188,1.8125,discontinuous,discontinuous,0.08630952380952381,True,853.9003953138242
57,239,568,0,199,183,42.52644922110742,,357.3515625,89.3515625,1,42.52644922110742,43,697.7452753992313,1391.322180724273,0.12624584717607973,0.16279069767441862,6,0.627906976744186,2.375,0.46779970617450467,641.2591254353334,707.503539114206,853.9003953138242,0.12624584717607973,697.7452753992313,1391.322180724273,5.368787609309242,6,0.14108866622755756,2.375,discontinuous,discontinuous,0.12624584717607973,True,853.9003953138242
174,195,569,0,200,184,49.810635275536164,,354.8671875,443.8671875,1,49.810635275536164,50,805.4308174171758,1525.9563928564226,0.36,0.74,2,0.12,2.8636363636363638,0.3691969317337463,748.3264686290588,777.8525104180839,853.9003953138242,0.36,805.4308174171758,1525.9563928564226,17.93182869919302,2,0.04015206770475127,2.8636363636363638,punctate,punctate,0.36,True,853.9003953138242
174,419,570,0,200,177,41.28744420678344,,364.1328125,473.8671875,1,41.28744420678344,41,774.8833103204585,1511.6677548949529,0.313588850174216,0.7073170731707317,3,0.12195121951219512,2.5,0.6073622386096199,722.0103064741854,753.789611506209,853.9003953138242,0.313588850174216,774.8833103204585,1511.6677548949529,12.947282155437316,3,0.07266131526511652,2.5,discontinuous,discontinuous,0.313588850174216,True,853.9003953138242
26,481,571,0,175,194,34.083264582273436,,354.859375,704.859375,1,34.083264582273436,34,859.8384099854233,2005.0370728001221,0.46218487394957986,1.0,1,0.0,3.235294117647059,0.2377581241931276,822.876128500894,763.6368151418881,853.9003953138242,0.46218487394957986,859.8384099854233,2005.0370728001221,15.752769344748227,1,0.029339912483620945,3.235294117647059,thick,thick,0.46218487394957986,True,853.9003953138242
283,481,572,0,192,194,20.845237515090194,,355.35546875,722.64453125,1,20.845237515090194,21,872.9104785796586,1775.342808845689,0.4965986394557823,1.0,1,0.0,3.4761904761904763,0.3830720946331387,864.0282804779999,788.2390589676556,853.9003953138242,0.4965986394557823,872.9104785796586,1775.342808845689,10.351716589126422,1,0.04797258842822416,3.4761904761904763,thick,thick,0.4965986394557823,True,853.9003953138242
361,465,573,0,181,166,29.555883816441856,,362.13671875,333.13671875,1,29.555883816441856,30,779.4754466983917,1743.5882551315522,0.2523809523809524,0.36666666666666664,3,0.43333333333333335,3.1176470588235294,0.5597130933657104,755.2231317364118,740.2849597384401,853.9003953138242,0.2523809523809524,779.4754466983917,1743.5882551315522,7.459342106054373,3,0.10150263205227206,3.1176470588235294,discontinuous,discontinuous,0.2523809523809524,True,853.9003953138242
81,441,574,0,172,201,36.479238697817784,,349.171875,844.828125,1,36.479238697817784,36,818.1435336578301,1444.160980795313,0.38095238095238093,0.6666666666666666,2,0.05555555555555558,2.823529411764706,0.43351358430593356,827.3571013234462,735.1281466523702,853.9003953138242,0.38095238095238093,818.1435336578301,1444.160980795313,13.896852837263918,2,0.05482570556275456,2.823529411764706,punctate,punctate,0.38095238095238093,True,853.9003953138242
352,452,575,0,197,191,19.80668673898256,,356.16796875,151.16796875,1,19.80668673898256,20,915.5439138326592,1594.0964636187975,0.4928571428571429,1.0,1,0.0,3.45,0.4147561745291068,877.6366381588026,854.3048751538194,853.9003953138242,0.4928571428571429,915.5439138326592,1594.0964636187975,9.761867035641405,1,0.050487999996074485,3.45,thick,thick,0.4928571428571429,True,853.9003953138242
391,441,576,0,178,201,12.4794381660911,,353.1328125,864.8671875,1,12.4794381660911,12,976.6623785349964,1411.2157711931304,0.7023809523809523,1.0,1,0.0,4.916666666666667,0.25536473175117563,883.8007837571619,999.8801807669926,853.9003953138242,0.7023809523809523,976.6623785349964,1411.2157711931304,8.765319664278271,1,0.08013181256165695,4.916666666666667,thick,thick,0.7023809523809523,True,853.9003953138242
239,352,577,0,183,197,31.67059435158246,,363.5,121.5,1,31.67059435158246,32,859.2071039830192,1819.9694885280678,0.46875,1.0,1,0.0,3.28125,0.4325739028257434,825.7707986100656,785.6540090199096,853.9003953138242,0.46875,859.2071039830192,1819.9694885280678,14.845591102304278,1,0.031575031049268384,3.28125,thick,thick,0.46875,True,853.9003953138242
315,392,578,0,202,158,17.7537035422026,,351.5,573.5,1,17.7537035422026,18,1035.190541146961,2374.5406832116505,0.6507936507936508,1.0,1,0.0,4.555555555555555,0.18251987252555812,1026.179792591406,869.7268765631283,853.9003953138242,0.6507936507936508,1035.190541146961,2374.5406832116505,11.5539975433382,1,0.05632627567667133,4.555555555555555,thick,thick,0.6507936507936508,True,853.9003953138242
42,452,579,0,193,191,58.55602166840025,,357.50390625,221.49609375,1,58.55602166840025,59,687.3237148646315,1313.9703861892212,0.18159806295399517,0.288135593220339,6,0.5084745762711864,2.586206896551724,0.38689648342791755,661.6610939664484,662.4872269054798,853.9003953138242,0.18159806295399517,687.3237148646315,1313.9703861892212,10.633660109273654,6,0.1024659775211112,2.586206896551724,reticular,reticular,0.18159806295399517,True,853.9003953138242
315,510,580,0,202,182,50.664699661685816,,354.46484375,541.53515625,1,50.664699661685816,51,745.8027397149677,1373.849686804033,0.3137254901960784,0.6078431372549019,2,0.07843137254901966,2.382978723404255,0.39245108885421265,693.5764093380166,698.7530612066861,853.9003953138242,0.3137254901960784,745.8027397149677,1373.849686804033,15.894807736999471,2,0.0394752167358146,2.382978723404255,punctate,punctate,0.3137254901960784,True,853.9003953138242
283,330,581,0,192,176,18.38401295658355,,359.35546875,776.64453125,1,18.38401295658355,18,718.8451945510359,1031.0025631384492,0.16666666666666666,0.4444444444444444,2,0.5,2.3333333333333335,0.34992710611188255,685.2866864683111,712.1964970221056,853.9003953138242,0.16666666666666666,718.8451945510359,1031.0025631384492,3.0640021594305917,2,0.10879017572078975,2.3333333333333335,punctate,punctate,0.16666666666666666,True,853.9003953138242
330,441,582,0,176,201,45.33807744857006,,364.1015625,811.1015625,1,45.33807744857006,45,779.4522812530682,1344.2333056853333,0.3047619047619048,0.6666666666666666,4,0.15555555555555556,2.526315789473684,0.47826001180204164,757.9803271344782,734.7041301621417,853.9003953138242,0.3047619047619048,779.4522812530682,1344.2333056853333,13.817318841468973,4,0.08822606129555143,2.526315789473684,discontinuous,discontinuous,0.3047619047619048,True,853.9003953138242
274,309,583,0,186,203,4.178261246664951,,351.8671875,405.8671875,1,4.178261246664951,4,889.0393259843037,1130.9500838174577,0.6428571428571429,1.0,1,0.0,4.5,0.3333333333333333,884.8836180651887,882.9116889271389,853.9003953138242,0.6428571428571429,889.0393259843037,1130.9500838174577,2.686025087141754,1,0.2393340054545873,4.5,thick,thick,0.6428571428571429,True,853.9003953138242
195,309,584,0,184,203,37.84088332558811,,367.28515625,418.71484375,1,37.84088332558811,38,979.1100791428772,1463.9731299713208,0.7255639097744361,1.0,1,0.0,5.078947368421052,0.24484263939296708,967.7907794584797,934.4817272194736,853.9003953138242,0.7255639097744361,979.1100791428772,1463.9731299713208,27.455979255031973,1,0.02642644441980553,5.078947368421052,thick,thick,0.7255639097744361,True,853.9003953138242
205,309,585,0,195,203,91.18301382682324,,384.31640625,375.31640625,1,91.18301382682324,91,905.8815877620096,1535.3863197425721,0.5902668759811617,1.0,1,0.0,4.131868131868132,0.40941900890514915,861.6045314899825,882.0627326979179,853.9003953138242,0.5902668759811617,905.8815877620096,1535.3863197425721,53.822312714106026,1,0.010966954896876097,4.131868131868132,thick,thick,0.5902668759811617,True,853.9003953138242
315,481,586,0,202,194,44.78546203955516,,371.49609375,586.50390625,1,44.78546203955516,45,875.4422579486444,1888.6271752627044,0.5206349206349207,0.37777777777777777,3,0.15555555555555556,4.315789473684211,0.3873751262016729,833.6511382534092,859.1225540539483,853.9003953138242,0.5206349206349207,875.4422579486444,1888.6271752627044,23.316875474562057,3,0.06698602321776555,4.315789473684211,thick,thick,0.5206349206349207,True,853.9003953138242
391,500,587,0,178,204,30.45950000092701,,357.5,883.5,1,30.45950000092701,30,802.8523636618,1560.0653319525964,0.36666666666666664,0.6,2,0.06666666666666665,2.75,0.3841610248765985,782.6230951837753,733.0423771651914,853.9003953138242,0.36666666666666664,802.8523636618,1560.0653319525964,11.168483333673237,2,0.06566095963292673,2.75,punctate,punctate,0.36666666666666664,True,853.9003953138242
315,419,588,0,202,177,30.709514439666737,,368.75,526.25,1,30.709514439666737,31,719.3578764541351,1137.7752584175441,0.22580645161290322,0.6129032258064516,3,0.22580645161290325,2.0416666666666665,0.5191060139582411,683.2374764274841,684.840174383748,853.9003953138242,0.22580645161290322,719.3578764541351,1137.7752584175441,6.93440648637636,3,0.09768959407983907,2.0416666666666665,discontinuous,discontinuous,0.22580645161290322,True,853.9003953138242
441,500,589,0,201,204,23.52610248369319,,367.75,862.75,1,23.52610248369319,24,850.8981058671042,1733.6692662396104,0.42857142857142855,0.75,2,0.04166666666666663,3.130434782608696,0.48312575363683574,791.7574269175126,798.0799600340712,853.9003953138242,0.42857142857142855,850.8981058671042,1733.6692662396104,10.082615350154224,2,0.0850119564592679,3.130434782608696,thick,thick,0.42857142857142855,True,853.9003953138242
355,500,592,0,196,204,45.644786688488054,,377.46875,895.53125,1,45.644786688488054,46,802.5752605201396,2038.0883268097755,0.40683229813664595,0.6956521739130435,2,0.04347826086956519,2.977272727272727,0.5138374283220281,746.6927046205169,785.0213954959154,853.9003953138242,0.40683229813664595,802.5752605201396,2038.0883268097755,18.56977346643458,2,0.04381661401222879,2.977272727272727,thick,thick,0.40683229813664595,True,853.9003953138242
57,316,593,0,199,198,17.5486775026509,,370.98828125,32.01171875,1,17.5486775026509,18,740.5342648386098,1897.86109409848,0.19047619047619047,0.2222222222222222,3,0.4444444444444444,2.4,0.5,701.4670826872475,687.5190853662973,853.9003953138242,0.19047619047619047,740.5342648386098,1897.86109409848,3.3426052386001714,3,0.17095305327406127,2.4,discontinuous,discontinuous,0.19047619047619047,True,853.9003953138242
477,502,594,0,189,205,53.22056516114144,,368.4296875,999.5,1,53.22056516114144,53,698.209848748646,1398.2856559256968,0.15902964959568733,0.22641509433962265,8,0.37735849056603776,1.7878787878787878,0.5963597317206503,657.457332624576,676.531929487749,853.9003953138242,0.15902964959568733,698.209848748646,1398.2856559256968,8.463647828860767,8,0.1503178325103758,1.7878787878787878,reticular,reticular,0.15902964959568733,True,853.9003953138242
271,481,595,0,206,194,45.67788308504766,,376.75,707.75,1,45.67788308504766,46,922.8248683890347,2241.7959528847155,0.593167701863354,1.0,1,0.0,4.1521739130434785,0.2839318714755235,861.8327838172377,885.2356728534966,853.9003953138242,0.593167701863354,922.8248683890347,2241.7959528847155,27.094644935540693,1,0.02189243310899719,4.1521739130434785,thick,thick,0.593167701863354,True,853.9003953138242
271,283,596,0,206,192,30.200965482755663,,370.25,740.75,1,30.200965482755663,30,832.1856522896984,1726.1541092288264,0.4095238095238095,0.9333333333333333,2,0.033333333333333326,2.9655172413793105,0.496880479516779,808.202415610285,761.2528406333786,853.9003953138242,0.4095238095238095,832.1856522896984,1726.1541092288264,12.368014435795176,2,0.06622304843671215,2.9655172413793105,thick,thick,0.4095238095238095,True,853.9003953138242
352,447,598,0,197,207,32.03144434824526,,369.28125,131.28125,1,32.03144434824526,32,785.4875855218468,1632.3389024429955,0.35267857142857145,0.4375,3,0.46875,4.647058823529412,0.3686131589509123,761.2506576631447,757.3257311049692,853.9003953138242,0.35267857142857145,785.4875855218468,1632.3389024429955,11.296804033532927,3,0.09365796831963169,4.647058823529412,discontinuous,discontinuous,0.35267857142857145,True,853.9003953138242
447,452,599,0,207,191,53.97847272647161,,382.828125,163.171875,1,53.97847272647161,54,793.6605038260475,1574.0569897574455,0.373015873015873,0.5370370370370371,2,0.01851851851851849,2.660377358490566,0.5653332023653797,749.7840270485291,765.1241257724004,853.9003953138242,0.373015873015873,793.6605038260475,1574.0569897574455,20.1348271281283,2,0.037051807859305716,2.660377358490566,punctate,punctate,0.373015873015873,True,853.9003953138242
57,511,600,0,199,208,38.23081302799235,,373.46484375,56.46484375,1,38.23081302799235,38,872.4163419059744,1555.2308446762397,0.47368421052631576,0.5263157894736842,2,0.02631578947368418,3.4054054054054053,0.259609956092002,808.749951502602,822.8157409149611,853.9003953138242,0.47368421052631576,872.4163419059744,1555.2308446762397,18.109332486943742,2,0.052313823369009006,3.4054054054054053,thick,thick,0.47368421052631576,True,853.9003953138242
239,511,601,0,183,208,52.8885389088517,,374.50390625,94.49609375,1,52.8885389088517,53,782.0174695811512,1239.6919066380676,0.3423180592991914,0.41509433962264153,3,0.07547169811320753,2.5918367346938775,0.4472274589342654,756.7206517545959,733.6594673235018,853.9003953138242,0.3423180592991914,782.0174695811512,1239.6919066380676,18.104701998447887,3,0.05672306442744071,2.5918367346938775,discontinuous,discontinuous,0.3423180592991914,True,853.9003953138242
283,536,602,0,192,209,29.08468107168283,,371.28515625,763.28515625,1,29.08468107168283,29,806.5113922133437,1558.6886982575047,0.4088669950738916,1.0,1,0.0,2.8620689655172415,0.27101739467956604,767.7488882773507,753.082909796489,853.9003953138242,0.4088669950738916,806.5113922133437,1558.6886982575047,11.891766152461452,1,0.03438236085640324,2.8620689655172415,thick,thick,0.4088669950738916,True,853.9003953138242
330,536,603,0,176,209,21.767681803736057,,375.1328125,785.8671875,1,21.767681803736057,22,748.8342225080763,1247.092509185581,0.2792207792207792,0.7272727272727273,2,0.13636363636363635,2.263157894736842,0.3749887324790024,707.6436466597951,713.3941279371876,853.9003953138242,0.2792207792207792,748.8342225080763,1247.092509185581,6.0779890750691585,2,0.09187932909129229,2.263157894736842,punctate,punctate,0.2792207792207792,True,853.9003953138242
40,502,604,0,180,205,10.384217599006158,,376.2421875,970.2421875,1,10.384217599006158,10,852.8061231868157,1201.7488153926847,0.5571428571428572,1.0,1,0.0,3.9,0.2129903554594378,732.8141691188941,910.3065800753666,853.9003953138242,0.5571428571428572,852.8061231868157,1201.7488153926847,5.785492662303431,1,0.09629998509427488,3.9,thick,thick,0.5571428571428572,True,853.9003953138242
452,465,605,0,191,166,12.743326894823216,,378.140625,284.859375,1,12.743326894823216,13,654.6198590946622,1155.2795222054792,0.12087912087912088,0.15384615384615385,3,0.5384615384615384,1.8333333333333333,0.4895604370122277,648.9621043687984,611.4356332012916,853.9003953138242,0.12087912087912088,654.6198590946622,1155.2795222054792,1.5404021521214877,3,0.23541733055743116,1.8333333333333333,discontinuous,discontinuous,0.12087912087912088,True,853.9003953138242
310,465,606,0,210,166,46.23228705518135,,382.12890625,306.13671875,1,46.23228705518135,46,785.0435140008101,1463.0319859908195,0.33229813664596275,0.5,4,0.10869565217391308,2.6097560975609757,0.38669459561826536,760.2028049247856,740.2890254982836,853.9003953138242,0.33229813664596275,785.0435140008101,1463.0319859908195,15.362902841318029,4,0.0865196219954624,2.6097560975609757,discontinuous,discontinuous,0.33229813664596275,True,853.9003953138242
174,309,607,0,200,203,46.77695896245641,,390.13671875,446.86328125,1,46.77695896245641,47,903.5354669606863,1748.6921655709807,0.46808510638297873,0.5957446808510638,2,0.12765957446808507,3.7560975609756095,0.45463820946011163,869.478566128449,843.9611227900839,853.9003953138242,0.46808510638297873,903.5354669606863,1748.6921655709807,21.89559781221364,2,0.04275609283633032,3.7560975609756095,thick,thick,0.46808510638297873,True,853.9003953138242
310,361,608,0,210,181,9.603907957372519,,378.46875,330.53125,1,9.603907957372519,10,1080.3885585969026,1671.689831628079,0.7857142857142857,1.0,1,0.0,5.5,0.1465865045145191,1115.0244603833503,943.688501310812,853.9003953138242,0.7857142857142857,1080.3885585969026,1671.689831628079,7.545927680792693,1,0.10412427987008578,5.5,thick,thick,0.7857142857142857,True,853.9003953138242
419,568,609,0,177,211,50.46402704691213,,375.68359375,510.38671875,1,50.46402704691213,50,685.9876967799938,1054.404675840653,0.13142857142857142,0.12,7,0.45999999999999996,1.7037037037037037,0.5491013452310908,658.6364416985301,651.250963803233,853.9003953138242,0.13142857142857142,685.9876967799938,1054.404675840653,6.632414983308451,7,0.13871267137465454,1.7037037037037037,discontinuous,discontinuous,0.13142857142857142,True,853.9003953138242
315,568,610,0,202,211,75.8306792847488,,387.86328125,569.86328125,1,75.8306792847488,76,825.7674298584809,1776.0372321098796,0.37969924812030076,0.7105263157894737,4,0.10526315789473684,2.9705882352941178,0.4863593699332727,776.4001945820022,800.1753599708999,853.9003953138242,0.37969924812030076,825.7674298584809,1776.0372321098796,28.792851908870784,4,0.05274909888357663,2.9705882352941178,discontinuous,discontinuous,0.37969924812030076,True,853.9003953138242
481,568,611,0,194,211,20.2447931674197,,384.50390625,608.49609375,1,20.2447931674197,20,1107.570828398069,1808.8055185685257,0.7571428571428571,1.0,1,0.0,5.3,0.17998852856923503,1139.8913298382201,967.3021923169448,853.9003953138242,0.7571428571428571,1107.570828398069,1808.8055185685257,15.328200541046344,1,0.0493954169711804,5.3,thick,thick,0.7571428571428571,True,853.9003953138242
316,511,612,0,198,208,28.581260882999477,,383.28515625,25.28515625,1,28.581260882999477,29,862.5031207393281,1719.3226504612528,0.458128078817734,0.8275862068965517,2,0.10344827586206895,3.576923076923077,0.34826096216562685,841.0064823109354,795.349852532608,853.9003953138242,0.458128078817734,862.5031207393281,1719.3226504612528,13.093878138517,2,0.06997591912362507,3.576923076923077,thick,thick,0.458128078817734,True,853.9003953138242
231,441,613,0,212,201,64.9361957275756,,384.6484375,828.3515625,1,64.9361957275756,65,844.5884816282976,1681.1703200626557,0.44175824175824174,0.46153846153846156,5,0.06153846153846154,3.2950819672131146,0.4542917896820506,821.2817620417549,802.8412944163193,853.9003953138242,0.44175824175824174,844.5884816282976,1681.1703200626557,28.686099651082845,5,0.07699865912959106,3.2950819672131146,thick_to_reticular,thick_to_reticular,0.44175824175824174,True,853.9003953138242
231,500,614,0,212,204,45.954403155065194,,398.13671875,855.13671875,1,45.954403155065194,46,861.2886215616495,1756.5974013454288,0.4192546583850932,0.717391304347826,4,0.13043478260869568,3.375,0.4809113433519832,832.5876423191738,798.9604880285543,853.9003953138242,0.4192546583850932,861.2886215616495,1756.5974013454288,19.266597596067705,4,0.08704280167675535,3.375,thick_to_reticular,thick_to_reticular,0.4192546583850932,True,853.9003953138242
239,447,615,0,183,207,2.2360802701559255,,379.83203125,119.83203125,1,2.2360802701559255,2,1042.6282009195297,1332.7887984823137,0.8571428571428571,1.0,1,0.0,6.0,0.0,1062.3921788926245,955.193184715969,853.9003953138242,0.8571428571428571,1042.6282009195297,1332.7887984823137,1.9166402315622217,1,0.44721113698224635,6.0,thick,thick,0.8571428571428571,True,853.9003953138242
271,536,616,0,206,209,24.552721607442095,,390.86328125,752.86328125,1,24.552721607442095,25,853.5153995485496,1523.526468763148,0.46285714285714286,1.0,1,0.0,3.24,0.2187659894650537,793.2516931983351,804.3660446344568,853.9003953138242,0.46285714285714286,853.5153995485496,1523.526468763148,11.364402572587483,1,0.04072868238349973,3.24,thick,thick,0.46285714285714286,True,853.9003953138242
40,512,617,0,180,213,13.638583086567015,,382.86328125,960.86328125,1,13.638583086567015,14,749.9588070121195,1133.760102910943,0.23469387755102042,0.5714285714285714,2,0.3571428571428571,2.5555555555555554,0.19444069369563388,696.8714300714219,741.3465381381412,853.9003953138242,0.23469387755102042,749.9588070121195,1133.760102910943,3.2008919488881773,2,0.14664279913137387,2.5555555555555554,punctate,punctate,0.23469387755102042,True,853.9003953138242
502,512,618,0,205,213,40.11884212799272,,390.390625,982.609375,1,40.11884212799272,40,647.2620863713447,1126.9993376493023,0.09285714285714286,0.1,5,0.65,1.8571428571428572,0.7008025830110999,643.0534215728057,608.624789339483,853.9003953138242,0.09285714285714286,647.2620863713447,1126.9993376493023,3.7253210547421816,5,0.12462971847612908,1.8571428571428572,discontinuous,discontinuous,0.09285714285714286,True,853.9003953138242
441,536,619,0,201,209,9.538604094354724,,383.53515625,797.46484375,1,9.538604094354724,10,892.7828383218349,1339.4550493235076,0.5285714285714286,1.0,1,0.0,3.7,0.21108782907855822,905.6299952970472,779.2667352972563,853.9003953138242,0.5285714285714286,892.7828383218349,1339.4550493235076,5.041833592730354,1,0.10483714284691138,3.7,thick,thick,0.5285714285714286,True,853.9003953138242
447,511,620,0,207,208,44.59504424529224,,399.390625,130.609375,1,44.59504424529224,45,916.785923260895,1606.0910457363948,0.5841269841269842,0.9333333333333333,2,0.022222222222222254,4.181818181818182,0.28962853466248323,934.9957350845186,813.1153804762414,853.9003953138242,0.5841269841269842,916.785923260895,1606.0910457363948,26.04916870201198,2,0.04484803264235204,4.181818181818182,thick,thick,0.5841269841269842,True,853.9003953138242
205,310,621,0,195,210,17.464304267122568,,389.25,336.75,1,17.464304267122568,17,825.5785171559379,1528.720786178525,0.3865546218487395,0.4117647058823529,2,0.23529411764705888,3.5384615384615383,0.3777858086300601,777.2646160208728,816.0583647844911,853.9003953138242,0.3865546218487395,825.5785171559379,1528.720786178525,6.750907531828892,2,0.11451930574555441,3.5384615384615383,punctate,punctate,0.3865546218487395,True,853.9003953138242
419,448,622,0,177,214,7.470703182278349,,383.28125,485.71875,1,7.470703182278349,7,924.1010510289736,1465.8455255648328,0.6122448979591837,1.0,1,0.0,4.285714285714286,0.4784233364802441,830.1811646954899,961.739985766367,853.9003953138242,0.6122448979591837,924.1010510289736,1465.8455255648328,4.573899907517356,1,0.13385620812404286,4.285714285714286,thick,thick,0.6122448979591837,True,853.9003953138242
174,448,623,0,200,214,25.09350845816658,,394.75,476.75,1,25.09350845816658,25,991.1780353340968,1486.159546282163,0.7714285714285715,1.0,1,0.0,5.4,0.2916299212596967,942.9499588589981,970.9785863500365,853.9003953138242,0.7714285714285715,991.1780353340968,1486.159546282163,19.35784938201422,1,0.03985094398685227,5.4,thick,thick,0.7714285714285715,True,853.9003953138242
481,574,624,0,194,215,73.7994444562581,,386.390625,648.609375,1,73.7994444562581,74,929.295828815501,1782.38674756812,0.525096525096525,1.0,1,0.0,3.675675675675676,0.3438630279732329,861.1319815929944,861.2999967730988,853.9003953138242,0.525096525096525,929.295828815501,1782.38674756812,38.75183183803514,1,0.01355023750338274,3.675675675675676,thick,thick,0.525096525096525,True,853.9003953138242
187,452,625,0,216,191,59.91575846145953,,385.5,214.5,1,59.91575846145953,60,698.8919837435757,1834.1533060339427,0.16904761904761906,0.11666666666666667,6,0.4833333333333333,2.2903225806451615,0.4178139992729951,671.0378817076804,661.3493587210144,853.9003953138242,0.16904761904761906,698.8919837435757,1834.1533060339427,10.128616311341968,6,0.10014059997019759,2.2903225806451615,reticular,reticular,0.16904761904761906,True,853.9003953138242
310,452,626,0,210,191,15.131160224163429,,392.171875,284.171875,1,15.131160224163429,15,790.4380383012448,1263.9749895493899,0.3047619047619048,0.5333333333333333,3,0.2666666666666667,2.909090909090909,0.426193178030808,777.6505530168979,760.7206213968251,853.9003953138242,0.3047619047619048,790.4380383012448,1263.9749895493899,4.611401211173617,3,0.19826635602002318,2.909090909090909,discontinuous,discontinuous,0.3047619047619048,True,853.9003953138242
448,568,627,0,214,211,7.538604094354725,,389.1015625,488.8984375,1,7.538604094354725,8,872.0229025050638,1148.9771439977899,0.44642857142857145,1.0,1,0.0,3.125,0.19183326093250877,837.586710779306,849.4028461338735,853.9003953138242,0.44642857142857145,872.0229025050638,1148.9771439977899,3.3654482564083597,1,0.13265055273944534,3.125,thick,thick,0.44642857142857145,True,853.9003953138242
355,512,628,0,196,213,47.346436157385,,399.140625,947.1328125,1,47.346436157385,47,666.1510113226891,971.838766236732,0.0668693009118541,0.1276595744680851,8,0.6808510638297872,1.4666666666666666,0.34015067152490375,629.5286548395553,664.6111946246872,853.9003953138242,0.0668693009118541,666.1510113226891,971.838766236732,3.1660230865120664,8,0.16896731093776687,1.4666666666666666,discontinuous,discontinuous,0.0668693009118541,True,853.9003953138242
231,536,629,0,212,209,11.597192169950626,,393.53125,795.53125,1,11.597192169950626,12,1048.4343437895584,1456.9908205925822,0.7380952380952381,1.0,1,0.0,5.166666666666667,0.1908412833257941,1024.7242563694572,983.0775003053458,853.9003953138242,0.7380952380952381,1048.4343437895584,1456.9908205925822,8.559832315915939,1,0.08622776835509292,5.166666666666667,thick,thick,0.7380952380952381,True,853.9003953138242
93,481,630,0,217,194,13.85297618288298,,394.86328125,685.86328125,1,13.85297618288298,14,888.4372777786043,1722.7357528598513,0.5714285714285714,1.0,1,0.0,4.0,0.472455591261534,943.9254042747843,806.9739450008561,853.9003953138242,0.5714285714285714,888.4372777786043,1722.7357528598513,7.915986390218845,1,0.07218665410221527,4.0,thick,thick,0.5714285714285714,True,853.9003953138242
93,271,631,0,217,206,76.17227497790195,,410.10546875,720.89453125,1,76.17227497790195,76,886.4941864469083,1728.9075232226678,0.518796992481203,1.0,1,0.0,3.6315789473684212,0.3941123084315115,826.7600421862065,851.2759080587508,853.9003953138242,0.518796992481203,886.4941864469083,1728.9075232226678,39.51794716898673,1,0.013128136192467749,3.6315789473684212,thick,thick,0.518796992481203,True,853.9003953138242
187,447,632,0,216,207,42.04210204867605,,405.7578125,175.7578125,1,42.04210204867605,42,705.7003865493551,2439.1137319973845,0.13945578231292516,0.19047619047619047,3,0.6666666666666667,2.9285714285714284,0.6639345165276195,704.5463336135074,658.0482170333684,853.9003953138242,0.13945578231292516,705.7003865493551,2439.1137319973845,5.863014231277952,3,0.07135704100919171,2.9285714285714284,discontinuous,discontinuous,0.13945578231292516,True,853.9003953138242
568,574,633,0,211,215,22.63680665472714,,402.49609375,614.50390625,1,22.63680665472714,23,861.2502640500941,1485.6210554239324,0.40372670807453415,0.43478260869565216,2,0.21739130434782605,3.611111111111111,0.4343259757997878,821.5087429868447,853.7646800591841,853.9003953138242,0.40372670807453415,861.2502640500941,1485.6210554239324,9.139083432032695,2,0.08835168451564035,3.611111111111111,thick,thick,0.40372670807453415,True,853.9003953138242
51,568,634,0,218,211,56.63509095805604,,399.50390625,517.49609375,1,56.63509095805604,57,805.1478523509977,1467.5792941209945,0.3157894736842105,0.3333333333333333,4,0.26315789473684215,3.0,0.49867549436206376,786.8727296795073,785.5723121303512,853.9003953138242,0.3157894736842105,805.1478523509977,1467.5792941209945,17.884765565701905,4,0.07062759028607195,3.0,discontinuous,discontinuous,0.3157894736842105,True,853.9003953138242
172,502,635,0,219,205,29.77156666359696,,398.171875,1010.171875,1,29.77156666359696,30,699.5045602350482,1187.9736046306105,0.2,0.4,3,0.16666666666666663,1.68,0.43643578047198484,661.3765232240428,665.7705567726953,853.9003953138242,0.2,699.5045602350482,1187.9736046306105,5.9543133327193924,3,0.10076728691836817,1.68,discontinuous,discontinuous,0.2,True,853.9003953138242
51,448,636,0,218,214,61.722791741873465,,415.5,506.5,1,61.722791741873465,62,773.1212762247721,1601.4645075269614,0.32027649769585254,0.3387096774193548,5,0.09677419354838712,2.482142857142857,0.516334298302104,763.7557245525918,714.5611377110953,853.9003953138242,0.32027649769585254,773.1212762247721,1601.4645075269614,19.768359567097722,5,0.08100735334380446,2.482142857142857,discontinuous,discontinuous,0.32027649769585254,True,853.9003953138242
316,534,638,0,198,220,26.4259342563197,,400.20703125,10.50390625,1,26.4259342563197,26,782.2418107430885,1176.9437682123337,0.2802197802197802,0.46153846153846156,4,0.3076923076923077,2.8333333333333335,0.5911691541835817,784.4518861305762,744.7349672567677,853.9003953138242,0.2802197802197802,782.2418107430885,1176.9437682123337,7.405069489408268,4,0.1513664554373668,2.8333333333333335,discontinuous,discontinuous,0.2802197802197802,True,853.9003953138242
246,452,640,0,221,191,43.79967313969706,,396.390625,261.390625,1,43.79967313969706,44,754.4923722548216,1507.9551054002789,0.2435064935064935,0.25,5,0.2954545454545454,2.4193548387096775,0.543241300999023,694.7584118639435,747.8596570045581,853.9003953138242,0.2435064935064935,754.4923722548216,1507.9551054002789,10.66550482297818,5,0.11415610303877674,2.4193548387096775,discontinuous,discontinuous,0.2435064935064935,True,853.9003953138242
355,521,641,0,196,222,55.322983049852056,,401.28125,932.71875,1,55.322983049852056,55,742.6266277354306,1582.9728534379603,0.2987012987012987,0.7272727272727273,3,0.23636363636363633,2.738095238095238,0.3743172739135806,715.4304230837189,702.6010562590292,853.9003953138242,0.2987012987012987,742.6266277354306,1582.9728534379603,16.525046885020743,3,0.054227010812064706,2.738095238095238,discontinuous,discontinuous,0.2987012987012987,True,853.9003953138242
310,408,642,0,210,223,44.90315531539485,,406.5,320.5,1,44.90315531539485,45,789.7183556321872,1660.477150231367,0.34285714285714286,0.6888888888888889,2,0.0444444444444444,2.511627906976744,0.47321971626594955,738.4963283492731,754.7648306267197,853.9003953138242,0.34285714285714286,789.7183556321872,1660.477150231367,15.395367536706805,2,0.044540299806377054,2.511627906976744,punctate,punctate,0.34285714285714286,True,853.9003953138242
500,521,643,0,204,222,18.88634012460195,,397.5,897.5,1,18.88634012460195,19,867.1939239824346,1635.4807521270473,0.46616541353383456,1.0,1,0.0,3.263157894736842,0.29565004483586066,812.8198884923919,811.6025896385643,853.9003953138242,0.46616541353383456,867.1939239824346,1635.4807521270473,8.80415855432572,1,0.05294832103004266,3.263157894736842,thick,thick,0.46616541353383456,True,853.9003953138242
205,408,644,0,195,223,30.287982649578506,,405.5,349.5,1,30.287982649578506,30,805.148366216334,1334.0818519274933,0.36666666666666664,0.6,4,0.19999999999999996,3.2083333333333335,0.46735205754406706,780.918457780106,762.0255770166253,853.9003953138242,0.36666666666666664,805.148366216334,1334.0818519274933,11.105593638178785,4,0.13206558014373615,3.2083333333333335,discontinuous,discontinuous,0.36666666666666664,True,853.9003953138242
511,534,645,0,208,220,9.031820305451955,,400.83203125,24.16796875,1,9.031820305451955,9,829.4579513342662,1270.1691901783358,0.42857142857142855,1.0,1,0.0,3.0,0.38490017945975047,764.1774058100966,813.880613983793,853.9003953138242,0.42857142857142855,829.4579513342662,1270.1691901783358,3.8707801309079803,1,0.110719651873096,3.0,thick,thick,0.42857142857142855,True,853.9003953138242
187,246,646,0,216,221,29.687651449443727,,409.13671875,229.13671875,1,29.687651449443727,30,902.9639857257811,1620.3485625971937,0.48095238095238096,0.8666666666666667,2,0.06666666666666665,3.607142857142857,0.3422650696523486,841.1461746511621,868.7181426665647,853.9003953138242,0.48095238095238096,902.9639857257811,1620.3485625971937,14.278346649494365,2,0.06736807737742,3.607142857142857,thick,thick,0.48095238095238096,True,853.9003953138242
246,310,647,0,221,210,25.545388627477724,,411.75,281.75,1,25.545388627477724,26,864.789442920887,1312.3680142294572,0.4835164835164835,0.6538461538461539,2,0.07692307692307687,3.6666666666666665,0.3748277841470601,812.0053535663733,843.4882655133017,853.9003953138242,0.4835164835164835,864.789442920887,1312.3680142294572,12.351616479219999,2,0.07829201697282905,3.6666666666666665,thick,thick,0.4835164835164835,True,853.9003953138242
158,231,648,0,224,212,31.12915666544934,,408.25,807.75,1,31.12915666544934,31,1030.6083003413296,1777.184772512666,0.7050691244239631,1.0,1,0.0,4.935483870967742,0.25698827779526145,970.9385195188371,981.7397864049732,853.9003953138242,0.7050691244239631,1030.6083003413296,1777.184772512666,21.94820723416474,1,0.03212422394693118,4.935483870967742,thick,thick,0.7050691244239631,True,853.9003953138242
93,574,649,0,217,215,2.0,,400.5,681.5,1,2.0,2,1285.9732142857142,1930.0,0.8571428571428571,1.0,1,0.0,6.0,0.0,1248.8333333333335,1205.875,853.9003953138242,0.8571428571428571,1285.9732142857142,1930.0,1.7142857142857142,1,0.5,6.0,thick,thick,0.8571428571428571,True,853.9003953138242
158,536,650,0,224,209,27.98216347304941,,406.828125,783.828125,1,27.98216347304941,28,966.6178505387293,1862.0731865399214,0.6836734693877551,1.0,1,0.0,4.785714285714286,0.23927193346091635,956.4961871852628,906.9736021834314,853.9003953138242,0.6836734693877551,966.6178505387293,1862.0731865399214,19.130662782595007,1,0.035737050888260825,4.785714285714286,thick,thick,0.6836734693877551,True,853.9003953138242
93,212,651,0,217,225,22.497406736577748,,409.5,689.5,1,22.497406736577748,22,989.6291655409299,2141.3295897025205,0.6753246753246753,1.0,1,0.0,4.7272727272727275,0.2935449523552644,938.5475823663608,949.5341875172385,853.9003953138242,0.6753246753246753,989.6291655409299,2141.3295897025205,15.19305390002653,1,0.04444956753056053,4.7272727272727275,thick,thick,0.6753246753246753,True,853.9003953138242
212,574,652,0,225,215,42.70390420813986,,411.8984375,662.8984375,1,42.70390420813986,43,787.1552310421471,1971.3626569114242,0.2757475083056478,0.3023255813953488,6,0.2558139534883721,2.59375,0.5608559909545726,770.8852165906129,737.6737167004542,853.9003953138242,0.2757475083056478,787.1552310421471,1971.3626569114242,11.775495180317636,6,0.14050237586605324,2.59375,reticular,reticular,0.2757475083056478,True,853.9003953138242
146,174,653,0,226,200,7.24054940969522,,403.28515625,464.28515625,1,7.24054940969522,7,1097.7547644099136,1812.3002401529761,0.8163265306122449,1.0,1,0.0,5.714285714285714,0.18027756377319948,1110.0155307156544,980.6730517070868,853.9003953138242,0.8163265306122449,1097.7547644099136,1812.3002401529761,5.9106525793430365,1,0.13811106635927142,5.714285714285714,thick,thick,0.8163265306122449,True,853.9003953138242
93,536,654,0,217,209,20.40461773877684,,406.28515625,762.71484375,1,20.40461773877684,20,897.0252936023733,1558.2320512310282,0.5,1.0,1,0.0,3.5,0.306394436993246,829.5109676375217,863.4316326362965,853.9003953138242,0.5,897.0252936023733,1558.2320512310282,10.20230886938842,1,0.049008514288390946,3.5,thick,thick,0.5,True,853.9003953138242
146,448,655,0,226,214,52.16230111796422,,423.25,483.75,1,52.16230111796422,52,834.7013100744406,1763.4166330937778,0.42857142857142855,1.0,1,0.0,3.0,0.5547001962252291,774.1164788553416,775.9321697899647,853.9003953138242,0.42857142857142855,834.7013100744406,1763.4166330937778,22.35527190769895,1,0.01917093338613486,3.0,thick,thick,0.42857142857142855,True,853.9003953138242
101,500,656,0,227,204,41.48429179899259,,411.83203125,873.83203125,1,41.48429179899259,41,733.9028098567521,1603.7992881539403,0.28222996515679444,0.24390243902439024,4,0.4390243902439024,3.5217391304347827,0.5287064964287371,707.4616249092264,711.4384954002117,853.9003953138242,0.28222996515679444,733.9028098567521,1603.7992881539403,11.708110228983971,4,0.09642203895830125,3.5217391304347827,discontinuous,discontinuous,0.28222996515679444,True,853.9003953138242
101,521,657,0,227,222,45.58061489680114,,424.5,899.5,1,45.58061489680114,46,743.275822068292,1544.6938588848907,0.2391304347826087,0.3695652173913043,3,0.23913043478260865,2.2,0.668042657122685,710.1707024456991,718.8105981491279,853.9003953138242,0.2391304347826087,743.275822068292,1544.6938588848907,10.899712257930707,3,0.06581745346771399,2.2,discontinuous,discontinuous,0.2391304347826087,True,853.9003953138242
172,512,658,0,219,213,37.292732929435246,,419.24609375,987.24609375,1,37.292732929435246,37,609.1125803823113,929.234974303099,0.011583011583011582,0.02702702702702703,2,0.9459459459459459,1.5,0.3333333333333333,583.4691391216269,595.2572363978257,853.9003953138242,0.011583011583011582,609.1125803823113,929.234974303099,0.4319621574838059,2,0.0536297515063959,1.5,minimal,minimal,0.011583011583011582,False,853.9003953138242
511,560,659,0,208,228,110.7318444025734,,409.86328125,81.86328125,1,110.7318444025734,111,831.4593708990833,1604.7067795563803,0.3886743886743887,0.5135135135135135,4,0.08108108108108103,2.9607843137254903,0.3440523233870342,802.1721619157732,774.6013532270879,853.9003953138242,0.3886743886743887,831.4593708990833,1604.7067795563803,43.038631929957745,4,0.03612330329708696,2.9607843137254903,discontinuous,discontinuous,0.3886743886743887,True,853.9003953138242
534,560,660,0,220,228,39.29678863526965,,422.140625,26.859375,1,39.29678863526965,39,875.1582766145928,1490.910490143443,0.48717948717948717,0.8974358974358975,2,0.07692307692307687,3.6944444444444446,0.26164981415496713,839.6098419051823,813.9263946381243,853.9003953138242,0.48717948717948717,875.1582766145928,1490.910490143443,19.144589335131368,2,0.050894744060713405,3.6944444444444446,thick,thick,0.48717948717948717,True,853.9003953138242
146,309,661,0,226,203,61.95223197151526,,420.13671875,447.86328125,1,61.95223197151526,62,879.1066958112931,2016.758265637015,0.41244239631336405,0.46774193548387094,3,0.22580645161290325,3.7291666666666665,0.5327804995525585,839.096449124033,827.9822719415225,853.9003953138242,0.41244239631336405,879.1066958112931,2016.758265637015,25.55172701129316,3,0.048424405457730024,3.7291666666666665,thick,thick,0.41244239631336405,True,853.9003953138242
325,568,662,0,229,211,54.53471998438767,,421.86328125,563.13671875,1,54.53471998438767,55,717.0501053294273,1396.4835728258167,0.17922077922077922,0.2,7,0.36363636363636365,1.9714285714285715,0.7016648369223305,689.4973474225502,683.0053301066438,853.9003953138242,0.17922077922077922,717.0501053294273,1396.4835728258167,9.773755010188959,7,0.1283585943414393,1.9714285714285715,reticular,reticular,0.17922077922077922,True,853.9003953138242
93,158,663,0,217,224,52.056912505511825,,432.64453125,780.64453125,1,52.056912505511825,52,914.3670088532743,1937.7241385676393,0.532967032967033,0.5,2,0.019230769230769273,3.803921568627451,0.453901030159821,872.2101997760708,876.575210866576,853.9003953138242,0.532967032967033,914.3670088532743,1937.7241385676393,27.74461820348707,2,0.03841948943453453,3.803921568627451,thick,thick,0.532967032967033,True,853.9003953138242
122,568,664,0,230,211,38.59130889596241,,425.28125,603.28125,1,38.59130889596241,39,909.631030389392,1379.8563069973318,0.5787545787545788,1.0,1,0.0,4.051282051282051,0.3443410255376062,887.4829940157032,862.1959162129107,853.9003953138242,0.5787545787545788,909.631030389392,1379.8563069973318,22.334896723670557,1,0.025912570177287358,4.051282051282051,thick,thick,0.5787545787545788,True,853.9003953138242
122,574,665,0,230,215,22.816802251920667,,420.75,625.25,1,22.816802251920667,23,908.0253582897094,1780.435154060091,0.5279503105590062,0.6521739130434783,2,0.17391304347826086,4.473684210526316,0.35800291893418684,882.343758088335,875.5505873394319,853.9003953138242,0.5279503105590062,908.0253582897094,1780.435154060091,12.046137834864949,2,0.08765470191300118,4.473684210526316,thick,thick,0.5279503105590062,True,853.9003953138242
93,539,666,0,217,231,55.06241740431868,,421.50390625,721.49609375,1,55.06241740431868,55,885.89421041567,2043.974936993424,0.535064935064935,1.0,1,0.0,3.7454545454545456,0.27987447194950626,815.4407112063227,852.7840290608783,853.9003953138242,0.535064935064935,885.89421041567,2043.974936993424,29.46196879296012,1,0.018161207719179572,3.7454545454545456,thick,thick,0.535064935064935,True,853.9003953138242
51,325,667,0,218,229,21.98783720946142,,423.50390625,538.50390625,1,21.98783720946142,22,923.4154339314235,2031.1727473985904,0.474025974025974,0.5454545454545454,2,0.09090909090909094,3.65,0.3386084135426925,792.8067169833722,929.0621676475116,853.9003953138242,0.474025974025974,923.4154339314235,2031.1727473985904,10.422805949939505,2,0.09095937817564863,3.65,thick,thick,0.474025974025974,True,853.9003953138242
98,309,668,0,232,203,61.7383678784024,,415.13671875,390.13671875,1,61.7383678784024,62,1002.452650581234,2178.7044159825514,0.5691244239631337,1.0,1,0.0,3.9838709677419355,0.2647723754938049,916.797390574457,912.0258849126006,853.9003953138242,0.5691244239631337,1002.452650581234,2178.7044159825514,35.136813055219804,1,0.0161973831567683,3.9838709677419355,thick,thick,0.5691244239631337,True,853.9003953138242
187,257,669,0,216,233,65.15352136780778,,426.2109375,196.5,1,65.15352136780778,65,958.6234104281172,2853.315817950107,0.5142857142857142,0.4307692307692308,4,0.10769230769230764,4.0344827586206895,0.44616694482523717,909.4177672692078,909.5881256351412,853.9003953138242,0.5142857142857142,958.6234104281172,2853.315817950107,33.50752527487257,4,0.06139345834308799,4.0344827586206895,thick_to_reticular,thick_to_reticular,0.5142857142857142,True,853.9003953138242
309,408,670,0,203,223,4.135128242442549,,418.86328125,360.13671875,1,4.135128242442549,4,957.1930271625458,1472.0581762242184,0.5714285714285714,1.0,1,0.0,4.0,0.0,972.2005250809857,860.7949511935444,853.9003953138242,0.5714285714285714,957.1930271625458,1472.0581762242184,2.362930424252885,1,0.241830468457084,4.0,thick,thick,0.5714285714285714,True,853.9003953138242
212,539,671,0,225,231,26.250267257159,,429.6796875,698.6796875,1,26.250267257159,26,819.4490996696667,1363.3358769403465,0.42857142857142855,0.8076923076923077,2,0.11538461538461542,3.391304347826087,0.42365927286816174,836.9224537929938,743.7634710775664,853.9003953138242,0.42857142857142855,819.4490996696667,1363.3358769403465,11.250114538782428,2,0.07618970048598488,3.391304347826087,thick,thick,0.42857142857142855,True,853.9003953138242
60,231,672,0,234,212,28.316806312422873,,418.8984375,829.828125,1,28.316806312422873,28,1111.558336501782,1987.0207332285288,0.7091836734693877,1.0,1,0.0,4.964285714285714,0.1824276594691506,1024.9528800549285,1046.7771218965058,853.9003953138242,0.7091836734693877,1111.558336501782,1987.0207332285288,20.0818167215652,1,0.03531471695525529,4.964285714285714,thick,thick,0.7091836734693877,True,853.9003953138242
60,500,673,0,234,204,18.243959656480374,,420.171875,853.828125,1,18.243959656480374,18,891.8266322691916,1433.720513817744,0.5873015873015873,1.0,1,0.0,4.111111111111111,0.3128604568321683,855.6503983830646,883.4427180521983,853.9003953138242,0.5873015873015873,891.8266322691916,1433.720513817744,10.714706464917045,1,0.05481266231833578,4.111111111111111,thick,thick,0.5873015873015873,True,853.9003953138242
246,257,674,0,221,233,13.865839539503561,,424.171875,221.828125,1,13.865839539503561,14,747.9016684507404,1514.3652481531753,0.20408163265306123,0.21428571428571427,2,0.6428571428571428,4.0,0.4183300132670378,723.832987436627,730.1634633264546,853.9003953138242,0.20408163265306123,747.9016684507404,1514.3652481531753,2.8297631713272575,2,0.14423937290648944,4.0,punctate,punctate,0.20408163265306123,True,853.9003953138242
98,146,675,0,232,226,30.128803628521585,,432.86328125,424.13671875,1,30.128803628521585,30,994.5144874595857,2042.6529627791626,0.5904761904761905,0.8,2,0.09999999999999998,4.592592592592593,0.46003099022424715,973.5092940642564,947.6117759144886,853.9003953138242,0.5904761904761905,994.5144874595857,2042.6529627791626,17.79034119017465,2,0.06638166004396835,4.592592592592593,thick,thick,0.5904761904761905,True,853.9003953138242
60,158,676,0,234,224,25.955649897880146,,431.390625,814.609375,1,25.955649897880146,26,986.0228648255521,2179.388054892822,0.6098901098901099,1.0,1,0.0,4.269230769230769,0.23920573058291456,907.4841402131005,940.9962189747107,853.9003953138242,0.6098901098901099,986.0228648255521,2179.388054892822,15.830094168487344,1,0.038527257222778,4.269230769230769,thick,thick,0.6098901098901099,True,853.9003953138242
447,560,677,0,207,228,34.1647280964265,,432.8671875,129.8671875,1,34.1647280964265,34,754.0514997062356,1376.1536213391605,0.18487394957983194,0.2647058823529412,5,0.3529411764705882,2.0,0.5640760748177662,738.0347345454588,728.8299268303501,853.9003953138242,0.18487394957983194,754.0514997062356,1376.1536213391605,6.3161682195074205,5,0.14634976710155584,2.0,discontinuous,discontinuous,0.18487394957983194,True,853.9003953138242
257,447,678,0,233,207,17.55611334395443,,424.6484375,157.6484375,1,17.55611334395443,18,998.3075014635598,2443.718431998416,0.5476190476190477,1.0,1,0.0,3.8333333333333335,0.391304347826087,985.653136525505,892.4286069845518,853.9003953138242,0.5476190476190477,998.3075014635598,2443.718431998416,9.614062069308378,1,0.05696021553337471,3.8333333333333335,thick,thick,0.5476190476190477,True,853.9003953138242
246,467,679,0,221,235,52.88040418939193,,424.86328125,248.86328125,1,52.88040418939193,53,914.0737343261023,1942.6653932393483,0.5660377358490566,1.0,1,0.0,3.9622641509433962,0.3213491965486283,825.6217221508423,885.3027345671707,853.9003953138242,0.5660377358490566,914.0737343261023,1942.6653932393483,29.932304258146377,1,0.018910596757515042,3.9622641509433962,thick,thick,0.5660377358490566,True,853.9003953138242
310,467,680,0,210,235,13.935492595505531,,426.71875,278.28125,1,13.935492595505531,14,944.1760444736607,1643.4518173684294,0.6224489795918368,1.0,1,0.0,4.357142857142857,0.3199872343597236,865.2497576564784,983.2581198619991,853.9003953138242,0.6224489795918368,944.1760444736607,1643.4518173684294,8.674133146182015,1,0.07175921433322849,4.357142857142857,thick,thick,0.6224489795918368,True,853.9003953138242
98,408,681,0,232,223,11.72229172891416,,425.171875,358.171875,1,11.72229172891416,12,1020.0308193725247,2599.652880384461,0.5238095238095238,1.0,1,0.0,3.6666666666666665,0.3015113445777637,946.5054640866175,987.3025679234906,853.9003953138242,0.5238095238095238,1020.0308193725247,2599.652880384461,6.1402480484788455,1,0.08530755104254946,3.6666666666666665,thick,thick,0.5238095238095238,True,853.9003953138242
512,521,682,0,213,222,15.486082523389749,,430.46484375,947.46484375,1,15.486082523389749,15,749.0222558043131,1077.3359471229383,0.3333333333333333,0.6,2,0.2666666666666667,3.1818181818181817,0.565685424949238,718.1844357301894,738.5942975295371,853.9003953138242,0.3333333333333333,749.0222558043131,1077.3359471229383,5.162027507796583,2,0.1291482204733996,3.1818181818181817,punctate,punctate,0.3333333333333333,True,853.9003953138242
17,310,683,0,236,210,26.248372439813117,,426.53125,294.53125,1,26.248372439813117,26,839.2447066937342,1760.3192339999096,0.42857142857142855,0.5,3,0.07692307692307687,3.25,0.37945252787048056,772.7435679839526,829.5853879462995,853.9003953138242,0.42857142857142855,839.2447066937342,1760.3192339999096,11.24930247420562,3,0.11429280070141215,3.25,thick,thick,0.42857142857142855,True,853.9003953138242
151,574,684,0,237,215,18.53707488218491,,424.90234375,635.90234375,1,18.53707488218491,19,941.1986537396314,1843.7102410741747,0.5864661654135338,0.5789473684210527,2,0.10526315789473684,4.588235294117647,0.3087588353536486,959.1460787621855,843.8032386202191,853.9003953138242,0.5864661654135338,941.1986537396314,1843.7102410741747,10.871367224138519,2,0.10789188762041975,4.588235294117647,thick,thick,0.5864661654135338,True,853.9003953138242
17,408,685,0,236,223,37.92340992801382,,440.609375,317.390625,1,37.92340992801382,38,827.7211004187719,1304.6609016638245,0.4473684210526316,0.5263157894736842,3,0.07894736842105265,3.4,0.3458674895337257,823.2282066607988,779.1835441756738,853.9003953138242,0.4473684210526316,827.7211004187719,1304.6609016638245,16.965736020427233,3,0.07910681042908844,3.4,thick,thick,0.4473684210526316,True,853.9003953138242
151,212,686,0,237,225,18.235371076035435,,431.24609375,652.75390625,1,18.235371076035435,18,932.2402367121388,1785.832607290482,0.5555555555555556,1.0,1,0.0,3.888888888888889,0.3077237032648288,901.0339054260454,852.0909612506945,853.9003953138242,0.5555555555555556,932.2402367121388,1785.832607290482,10.130761708908576,1,0.054838478242659965,3.888888888888889,thick,thick,0.5555555555555556,True,853.9003953138242
60,101,687,0,234,227,30.742268439670422,,438.28125,856.28125,1,30.742268439670422,31,853.039295147726,1398.0175906769828,0.4700460829493088,1.0,1,0.0,3.2903225806451615,0.36367131354885107,828.8492582652008,799.1052353556258,853.9003953138242,0.4700460829493088,853.039295147726,1398.0175906769828,14.45028286104324,1,0.032528503937906565,3.2903225806451615,thick,thick,0.4700460829493088,True,853.9003953138242
38,408,688,0,238,223,44.718767983654644,,436.25,336.25,1,44.718767983654644,45,938.0362041452453,2517.026808576336,0.5111111111111111,0.6,2,0.0888888888888889,3.926829268292683,0.3992586007450484,885.71121482283,852.9161328259123,853.9003953138242,0.5111111111111111,938.0362041452453,2517.026808576336,22.856259191645705,2,0.04472395126652481,3.926829268292683,thick,thick,0.5111111111111111,True,853.9003953138242
257,467,689,0,233,235,40.27055247986565,,445.04296875,224.04296875,1,40.27055247986565,40,787.115163922131,1563.2284565095915,0.2857142857142857,0.325,4,0.125,2.2857142857142856,0.38527587518556106,762.5395766863405,739.3008093416847,853.9003953138242,0.2857142857142857,787.115163922131,1563.2284565095915,11.50587213710447,4,0.09932816297963401,2.2857142857142856,discontinuous,discontinuous,0.2857142857142857,True,853.9003953138242
17,467,690,0,236,235,30.34794324569006,,443.61328125,284.31640625,1,30.34794324569006,30,876.9535057374944,1600.2362560252773,0.4857142857142857,0.7333333333333333,2,0.09999999999999998,3.7777777777777777,0.34046579125853604,799.8683356095001,882.5084554254928,853.9003953138242,0.4857142857142857,876.9535057374944,1600.2362560252773,14.740429576478029,2,0.06590232437857334,3.7777777777777777,thick,thick,0.4857142857142857,True,853.9003953138242
122,151,691,0,230,237,36.647631639664056,,446.5,625.5703125,1,36.647631639664056,37,1006.0758248597558,1828.399501204702,0.667953667953668,1.0,1,0.0,4.675675675675675,0.2901711074684655,915.3483323776131,1009.0581097564683,853.9003953138242,0.667953667953668,1006.0758248597558,1828.399501204702,24.478919975528502,1,0.02728689291118314,4.675675675675675,thick,thick,0.667953667953668,True,853.9003953138242
38,98,692,0,238,232,18.298897842264722,,437.16796875,364.83203125,1,18.298897842264722,18,1110.2541661055598,2350.715532427761,0.6746031746031746,1.0,1,0.0,4.722222222222222,0.3061085136766515,1054.5486800441863,984.9178298405984,853.9003953138242,0.6746031746031746,1110.2541661055598,2350.715532427761,12.344494576130964,1,0.054648100045146614,4.722222222222222,thick,thick,0.6746031746031746,True,853.9003953138242
51,250,693,0,218,239,58.58177220421312,,446.5,517.5,1,58.58177220421312,59,922.4834079820373,1809.7125867022055,0.5811138014527845,0.5932203389830508,2,0.03389830508474578,4.2105263157894735,0.2975595178559521,817.27867351641,960.0063519934426,853.9003953138242,0.5811138014527845,922.4834079820373,1809.7125867022055,34.042676341431346,2,0.03414031233176252,4.2105263157894735,thick,thick,0.5811138014527845,True,853.9003953138242
154,212,694,0,240,225,31.589547130272287,,433.171875,675.171875,1,31.589547130272287,32,739.1944575789195,1042.3775479002534,0.15625,0.3125,5,0.40625,1.8421052631578947,0.5062870041905528,769.1675376554543,674.8858055775611,853.9003953138242,0.15625,739.1944575789195,1042.3775479002534,4.935866739105045,5,0.1582802051381261,1.8421052631578947,discontinuous,discontinuous,0.15625,True,853.9003953138242
512,582,695,0,213,241,31.42482007306219,,437.5,962.5,1,31.42482007306219,31,661.2610052602251,1269.703530685061,0.04608294930875576,0.0967741935483871,4,0.7419354838709677,1.25,0.5291502622129182,629.755744695785,642.8663120754536,853.9003953138242,0.04608294930875576,661.2610052602251,1269.703530685061,1.4481483904636954,4,0.12728792052587942,1.25,discontinuous,discontinuous,0.04608294930875576,False,853.9003953138242
172,582,696,0,219,241,50.891174612452,,448.71875,996.28125,1,50.891174612452,51,619.7432285820896,993.6357822614178,0.022408963585434174,0.0392156862745098,3,0.9019607843137255,1.6,0.30618621784789724,600.0238594301568,610.1799904209194,853.9003953138242,0.022408963585434174,619.7432285820896,993.6357822614178,1.140418478710409,3,0.05894931730001695,1.6,discontinuous,discontinuous,0.022408963585434174,False,853.9003953138242
250,325,697,0,239,229,45.450079006632194,,451.2421875,548.7578125,1,45.450079006632194,45,844.0446871384047,1599.9235829902548,0.3904761904761905,0.8222222222222222,3,0.11111111111111116,3.075,0.45054149601617594,800.4213648074146,780.4130347038468,853.9003953138242,0.3904761904761905,844.0446871384047,1599.9235829902548,17.747173707351617,3,0.06600648591968855,3.075,discontinuous,discontinuous,0.3904761904761905,True,853.9003953138242
122,325,698,0,230,229,35.18997548051719,,449.171875,579.171875,1,35.18997548051719,35,700.8344027718376,1396.3058206525347,0.19183673469387755,0.2571428571428571,3,0.48571428571428577,2.611111111111111,0.49670712893313834,653.240405030289,677.0138033100854,853.9003953138242,0.19183673469387755,700.8344027718376,1396.3058206525347,6.750729990140033,3,0.0852515513021866,2.611111111111111,discontinuous,discontinuous,0.19183673469387755,True,853.9003953138242
447,580,699,0,207,242,24.905947425309726,,443.71875,149.71875,1,24.905947425309726,25,645.5723422369597,1464.3974356268593,0.16,0.28,2,0.64,3.111111111111111,0.46565731465733207,621.2730796729745,648.532941575881,853.9003953138242,0.16,645.5723422369597,1464.3974356268593,3.9849515880495563,2,0.08030210478833565,3.111111111111111,punctate,punctate,0.16,True,853.9003953138242
257,580,700,0,233,242,66.57644677919366,,454.50390625,180.49609375,1,66.57644677919366,67,778.635709440091,1422.1831733780361,0.2878464818763326,0.40298507462686567,5,0.19402985074626866,2.5,0.42687494916218993,729.2474105322563,759.3292647762803,853.9003953138242,0.2878464818763326,778.635709440091,1422.1831733780361,19.16379598121779,5,0.07510163491576709,2.5,discontinuous,discontinuous,0.2878464818763326,True,853.9003953138242
521,535,701,0,222,243,39.428543444156176,,439.53515625,926.53515625,1,39.428543444156176,39,817.2084878426493,1706.91473769023,0.39194139194139194,1.0,1,0.0,2.7435897435897436,0.39341243326820907,744.4646926632548,768.5293705798183,853.9003953138242,0.39194139194139194,817.2084878426493,1706.91473769023,15.453678199724216,1,0.025362336841489717,2.7435897435897436,punctate,punctate,0.39194139194139194,True,853.9003953138242
154,539,702,0,240,231,12.360373445376945,,442.71484375,690.71484375,1,12.360373445376945,12,905.427791169808,1411.2104067871846,0.5119047619047619,1.0,1,0.0,3.5833333333333335,0.331344345320349,899.3172455006082,811.1961197431356,853.9003953138242,0.5119047619047619,905.427791169808,1411.2104067871846,6.327334025609626,1,0.08090370444058244,3.5833333333333335,thick,thick,0.5119047619047619,True,853.9003953138242
512,535,703,0,213,243,2.2360802701559255,,438.16796875,946.83203125,1,2.2360802701559255,2,839.1346112877161,1269.2207752713157,0.42857142857142855,1.0,1,0.0,3.0,0.0,776.1147874409633,788.5494952921654,853.9003953138242,0.42857142857142855,839.1346112877161,1269.2207752713157,0.9583201157811109,1,0.44721113698224635,3.0,thick,thick,0.42857142857142855,True,853.9003953138242
212,323,704,0,225,244,4.135128242442549,,439.13671875,659.86328125,1,4.135128242442549,4,890.9629065167012,1219.6953786332404,0.5,1.0,1,0.0,3.5,0.14285714285714285,832.1337138186487,877.2459940432293,853.9003953138242,0.5,890.9629065167012,1219.6953786332404,2.0675641212212743,1,0.241830468457084,3.5,thick,thick,0.5,True,853.9003953138242
151,323,705,0,237,244,15.762516095852828,,445.83203125,654.83203125,1,15.762516095852828,16,898.4256408547907,1424.8372758151088,0.49107142857142855,0.625,2,0.25,4.583333333333333,0.41261111701491704,867.6560004952944,895.5424988658403,853.9003953138242,0.49107142857142855,898.4256408547907,1424.8372758151088,7.740521297070584,2,0.1268832962858136,4.583333333333333,thick,thick,0.49107142857142855,True,853.9003953138242
535,582,706,0,243,241,24.984632744088042,,450.609375,950.390625,1,24.984632744088042,25,706.8684671281725,1281.0619204695831,0.24571428571428572,0.6,2,0.040000000000000036,1.7916666666666667,0.6235854733856707,653.4692441235367,650.2560409663304,853.9003953138242,0.24571428571428572,706.8684671281725,1281.0619204695831,6.1390811885473475,2,0.0800492054650372,1.7916666666666667,punctate,punctate,0.24571428571428572,True,853.9003953138242
154,323,707,0,240,244,32.58011917922264,,451.24609375,671.75390625,1,32.58011917922264,33,898.9465787425821,1428.5813426414745,0.5584415584415584,0.6060606060606061,2,0.030303030303030276,4.03125,0.3005313484493043,894.7006981446698,838.8482644543415,853.9003953138242,0.5584415584415584,898.9465787425821,1428.5813426414745,18.1940925286568,2,0.061387129647931506,4.03125,thick,thick,0.5584415584415584,True,853.9003953138242
51,146,708,0,218,226,42.579913896332556,,454.13671875,487.13671875,1,42.579913896332556,43,785.66067878159,1371.1410977786131,0.30564784053156147,0.5813953488372093,3,0.18604651162790697,2.6285714285714286,0.49045713794254253,738.2998457470859,751.2369130782097,853.9003953138242,0.30564784053156147,785.66067878159,1371.1410977786131,13.014458732433871,3,0.0704557554367998,2.6285714285714286,discontinuous,discontinuous,0.30564784053156147,True,853.9003953138242
206,534,709,0,245,220,31.584460247370114,,447.1328125,14.1328125,1,31.584460247370114,32,720.1500255521787,1327.3312272768321,0.1875,0.21875,3,0.53125,2.8,0.4555030111835474,667.7840780688648,741.1425255194868,853.9003953138242,0.1875,720.1500255521787,1327.3312272768321,5.922086296381896,3,0.09498341831723389,2.8,discontinuous,discontinuous,0.1875,True,853.9003953138242
206,560,710,0,245,228,9.379862576437063,,445.24609375,30.75390625,1,9.379862576437063,9,973.6736251927284,1467.6167361879536,0.6349206349206349,1.0,1,0.0,4.444444444444445,0.18708286933869706,948.3485304709302,913.2727791195011,853.9003953138242,0.6349206349206349,973.6736251927284,1467.6167361879536,5.955468302499722,1,0.10661137003350955,4.444444444444445,thick,thick,0.6349206349206349,True,853.9003953138242
93,528,711,0,217,246,48.34774022053599,,451.49609375,755.50390625,1,48.34774022053599,48,841.8339980083186,1419.4847091628142,0.48214285714285715,1.0,1,0.0,3.375,0.3948687800424562,764.6677409330817,824.7476329696515,853.9003953138242,0.48214285714285715,841.8339980083186,1419.4847091628142,23.310517606329853,1,0.02068348997157977,3.375,thick,thick,0.48214285714285715,True,853.9003953138242
528,539,712,0,246,231,22.158352270800894,,450.7578125,738.2421875,1,22.158352270800894,22,810.2648536798007,1326.9327209844364,0.44155844155844154,1.0,1,0.0,3.090909090909091,0.486851334036672,799.5731519762256,745.7509800635504,853.9003953138242,0.44155844155844154,810.2648536798007,1326.9327209844364,9.784207496197796,1,0.04512970945577696,3.090909090909091,thick,thick,0.44155844155844154,True,853.9003953138242
38,64,713,0,238,247,45.656385994502756,,454.83203125,354.16796875,1,45.656385994502756,46,668.4953943731508,1854.6544770411138,0.08385093167701864,0.06521739130434782,4,0.8043478260869565,3.0,0.7370277311900889,661.1183964131698,654.5553504463967,853.9003953138242,0.08385093167701864,668.4953943731508,1854.6544770411138,3.8283305026446413,4,0.08761096422484291,3.0,discontinuous,discontinuous,0.08385093167701864,True,853.9003953138242
158,382,714,0,224,248,30.077305372125345,,457.6875,815.6875,1,30.077305372125345,30,868.2513401551297,1539.717166028494,0.5428571428571428,1.0,1,0.0,3.8,0.44243930571643836,872.9709974968574,789.490902279783,853.9003953138242,0.5428571428571428,868.2513401551297,1539.717166028494,16.327680059153757,1,0.033247659244327356,3.8,thick,thick,0.5428571428571428,True,853.9003953138242
60,382,715,0,234,248,42.57298440488272,,453.609375,836.390625,1,42.57298440488272,43,810.7379036286338,1598.0750854152218,0.4053156146179402,0.46511627906976744,3,0.046511627906976716,2.975609756097561,0.40305871649653263,766.4349462654139,751.0863910596375,853.9003953138242,0.4053156146179402,810.7379036286338,1598.0750854152218,17.25549534018502,3,0.070467223332737,2.975609756097561,thick,thick,0.4053156146179402,True,853.9003953138242
101,535,716,0,227,243,8.558260258215824,,446.25,905.25,1,8.558260258215824,9,696.9766589920373,1081.2305581214073,0.14285714285714285,0.2222222222222222,2,0.6666666666666667,3.0,0.47140452079103173,664.2858174189741,673.8968829390476,853.9003953138242,0.14285714285714285,696.9766589920373,1081.2305581214073,1.2226086083165464,2,0.23369235564903798,3.0,discontinuous,discontinuous,0.14285714285714285,True,853.9003953138242
64,98,717,0,247,232,28.316310711223966,,455.50390625,375.49609375,1,28.316310711223966,28,987.0947779805167,1564.737050633941,0.7040816326530612,1.0,1,0.0,4.928571428571429,0.20951930862030377,1028.316485214346,876.7567065578868,853.9003953138242,0.7040816326530612,987.0947779805167,1564.737050633941,19.936994276269935,1,0.03531533504481648,4.928571428571429,thick,thick,0.7040816326530612,True,853.9003953138242
98,165,718,0,232,249,31.422123293131992,,461.609375,422.609375,1,31.422123293131992,31,918.7003724606436,1957.7294637104005,0.5161290322580645,0.6129032258064516,2,0.25806451612903225,4.869565217391305,0.34947117483537365,861.4123947295094,936.2313337710307,853.9003953138242,0.5161290322580645,918.7003724606436,1957.7294637104005,16.2178700867778,2,0.06364942245762063,4.869565217391305,thick,thick,0.5161290322580645,True,853.9003953138242
146,165,719,0,226,249,44.788066872633294,,450.86328125,452.13671875,1,44.788066872633294,45,588.3676107486353,1495.3054589248882,0.0761904761904762,0.06666666666666667,5,0.7555555555555555,2.1818181818181817,0.4289845892077917,572.0872429046865,575.3525631601055,853.9003953138242,0.0761904761904762,588.3676107486353,1495.3054589248882,3.412424142676823,5,0.1116368789530216,2.1818181818181817,discontinuous,discontinuous,0.0761904761904762,True,853.9003953138242
451,560,720,0,250,228,61.70518817322473,,448.5,65.5,1,61.70518817322473,62,837.718800360746,1471.3369133782664,0.42857142857142855,0.6451612903225806,2,0.016129032258064502,3.0491803278688523,0.40462124133821037,780.7862586407552,825.9956524793918,853.9003953138242,0.42857142857142855,837.718800360746,1471.3369133782664,26.445080645667737,2,0.03241218541276315,3.0491803278688523,thick,thick,0.42857142857142855,True,853.9003953138242
323,539,721,0,244,231,55.62218215053097,,454.5,714.5,1,55.62218215053097,56,688.89062226162,1430.538958701538,0.09948979591836735,0.125,6,0.5892857142857143,1.6956521739130435,0.7466779373621044,684.3349799880592,644.4415396480102,853.9003953138242,0.09948979591836735,688.89062226162,1430.538958701538,5.533839550690581,6,0.10787063304640097,1.6956521739130435,discontinuous,discontinuous,0.09948979591836735,True,853.9003953138242
206,451,722,0,245,250,39.91658479659468,,464.53125,36.46875,1,39.91658479659468,40,921.9912352536543,1553.6505031661763,0.6285714285714286,0.525,2,0.050000000000000044,4.631578947368421,0.2989306008628615,944.8035127497599,840.7848455436831,853.9003953138242,0.6285714285714286,921.9912352536543,1553.6505031661763,25.09042472928808,2,0.05010448689915531,4.631578947368421,thick,thick,0.6285714285714286,True,853.9003953138242
560,570,723,0,228,251,22.52895367480572,,448.8671875,117.8671875,1,22.52895367480572,23,739.886627657168,1168.9122832815422,0.19254658385093168,0.30434782608695654,4,0.4347826086956522,2.3846153846153846,0.3504122739096844,764.3678166938238,676.3785292046036,853.9003953138242,0.19254658385093168,739.886627657168,1168.9122832815422,4.337873067819735,4,0.17754930201100402,2.3846153846153846,discontinuous,discontinuous,0.19254658385093168,True,853.9003953138242
101,421,724,0,227,252,30.900664842050336,,454.75,888.75,1,30.900664842050336,31,833.1720357246742,1402.1000913103508,0.42857142857142855,1.0,1,0.0,3.0,0.23947373603569988,804.7962242951226,763.4584980390247,853.9003953138242,0.42857142857142855,833.1720357246742,1402.1000913103508,13.243142075164428,1,0.03236176325368822,3.0,thick,thick,0.42857142857142855,True,853.9003953138242
447,570,725,0,207,251,19.27516090559881,,452.390625,137.609375,1,19.27516090559881,19,849.3660278257133,1345.8350899229092,0.45112781954887216,1.0,1,0.0,3.1578947368421053,0.21213203435596428,801.7166920195557,802.6275344548221,853.9003953138242,0.45112781954887216,849.3660278257133,1345.8350899229092,8.695561310796455,1,0.0518802413581685,3.1578947368421053,thick,thick,0.45112781954887216,True,853.9003953138242
421,535,726,0,252,243,16.202320215516927,,454.140625,907.859375,1,16.202320215516927,16,1015.8796060234782,2074.446307162367,0.5803571428571429,0.875,2,0.0625,4.333333333333333,0.32271041482158513,924.6254159460831,964.1171210106859,853.9003953138242,0.5803571428571429,1015.8796060234782,2074.446307162367,9.403132267933932,2,0.12343911078146723,4.333333333333333,thick,thick,0.5803571428571429,True,853.9003953138242
101,382,727,0,227,248,23.485456086170053,,455.25,868.75,1,23.485456086170053,23,748.8086420034881,1217.2026963703447,0.19875776397515527,0.21739130434782608,2,0.6086956521739131,3.5555555555555554,0.5153882032022076,724.6080160952595,749.5300662239902,853.9003953138242,0.19875776397515527,748.8086420034881,1217.2026963703447,4.6679167376238615,2,0.08515908708188749,3.5555555555555554,punctate,punctate,0.19875776397515527,True,853.9003953138242
17,38,729,0,236,238,11.075930568158105,,456.72265625,328.27734375,1,11.075930568158105,11,977.1967269243862,1880.276715523042,0.6883116883116883,1.0,1,0.0,4.818181818181818,0.23108393799841295,881.8901887051053,990.9061596459236,853.9003953138242,0.6883116883116883,977.1967269243862,1880.276715523042,7.623692468991942,1,0.0902858675256482,4.818181818181818,thick,thick,0.6883116883116883,True,853.9003953138242
176,467,730,0,253,235,72.54113991017114,,453.5703125,245.5,1,72.54113991017114,73,713.403657863743,1518.261856131387,0.1780821917808219,0.1506849315068493,10,0.4657534246575342,2.3333333333333335,0.4482654517444207,681.2275475275753,687.960135219538,853.9003953138242,0.1780821917808219,713.403657863743,1518.261856131387,12.91828518948253,10,0.1378528103140254,2.3333333333333335,reticular,reticular,0.1780821917808219,True,853.9003953138242
49,151,731,0,254,237,17.425119482333265,,455.24609375,645.24609375,1,17.425119482333265,17,1155.4536580954325,2018.3544898459356,0.8403361344537815,1.0,1,0.0,5.882352941176471,0.12884098726725124,1022.921779602465,1185.9095738734686,853.9003953138242,0.8403361344537815,1155.4536580954325,2018.3544898459356,14.642957548179215,1,0.05738841567278009,5.882352941176471,thick,thick,0.8403361344537815,True,853.9003953138242
49,323,732,0,254,244,29.918084379746443,,461.1328125,664.8671875,1,29.918084379746443,30,1024.7412849746656,1978.9176246689847,0.6904761904761905,1.0,1,0.0,4.833333333333333,0.2621596939137685,991.8885268601404,944.491889160998,853.9003953138242,0.6904761904761905,1024.7412849746656,1978.9176246689847,20.657724928872543,1,0.033424599894402565,4.833333333333333,thick,thick,0.6904761904761905,True,853.9003953138242
570,580,733,0,251,242,34.60264029595949,,467.13671875,158.86328125,1,34.60264029595949,35,788.4387056745938,1431.0572814544553,0.3795918367346939,1.0,1,0.0,2.657142857142857,0.38107623971331933,729.2537062075065,752.4222294475452,853.9003953138242,0.3795918367346939,788.4387056745938,1431.0572814544553,13.134879785813194,1,0.028899528806094282,2.657142857142857,punctate,punctate,0.3795918367346939,True,853.9003953138242
429,451,734,0,255,250,19.415934139412297,,466.5,87.5,1,19.415934139412297,19,752.5407222888559,1279.977583432039,0.22556390977443608,0.2631578947368421,3,0.4736842105263158,3.0,0.3944053188733077,677.4327705030345,784.7996001249186,853.9003953138242,0.22556390977443608,752.5407222888559,1279.977583432039,4.379534016408789,3,0.15451226701013146,3.0,discontinuous,discontinuous,0.22556390977443608,True,853.9003953138242
429,560,735,0,255,228,23.44876759197991,,460.4921875,101.5,1,23.44876759197991,23,765.9305833379788,1269.7777358770445,0.3416149068322981,1.0,1,0.0,2.391304347826087,0.3430538593475129,736.0955403967673,700.8424364585348,853.9003953138242,0.3416149068322981,765.9305833379788,1269.7777358770445,8.010448556266429,1,0.04264616449787434,2.391304347826087,punctate,punctate,0.3416149068322981,True,853.9003953138242
17,176,736,0,236,253,17.947712876303733,,462.25,285.75,1,17.947712876303733,18,803.9208167637994,1535.7081532407049,0.3412698412698413,0.3333333333333333,3,0.16666666666666663,2.8666666666666667,0.4911328391149506,874.2818711171662,678.6445280066822,853.9003953138242,0.3412698412698413,803.9208167637994,1535.7081532407049,6.125013124452861,3,0.16715221714744966,2.8666666666666667,discontinuous,discontinuous,0.3412698412698413,True,853.9003953138242
158,528,737,0,224,246,14.247955761015426,,462.6875,782.3125,1,14.247955761015426,14,1045.8068836888986,1545.7705706830661,0.7755102040816326,1.0,1,0.0,5.428571428571429,0.20553288620806986,1029.5820140876613,961.8325737142635,853.9003953138242,0.7755102040816326,1045.8068836888986,1545.7705706830661,11.049435079971147,1,0.07018550708419183,5.428571428571429,thick,thick,0.7755102040816326,True,853.9003953138242
429,570,738,0,255,251,55.82003696889104,,479.16796875,129.83203125,1,55.82003696889104,56,840.1346792813011,1474.01257970488,0.45153061224489793,1.0,1,0.0,3.1607142857142856,0.32074277801666123,793.8038493557488,800.6973909545993,853.9003953138242,0.45153061224489793,840.1346792813011,1474.01257970488,25.204455468096207,1,0.017914714040001587,3.1607142857142856,thick,thick,0.45153061224489793,True,853.9003953138242
49,122,739,0,254,230,32.801520462704836,,469.13671875,626.13671875,1,32.801520462704836,33,811.8310325477847,1716.540942682942,0.3333333333333333,0.3939393939393939,4,0.4242424242424242,4.052631578947368,0.5029848501568075,773.3507970462082,785.5604016930109,853.9003953138242,0.3333333333333333,811.8310325477847,1716.540942682942,10.933840154234945,4,0.12194556665591096,4.052631578947368,discontinuous,discontinuous,0.3333333333333333,True,853.9003953138242
176,257,740,0,253,233,6.661265692680363,,463.25,211.25,1,6.661265692680363,7,738.6539213066224,1156.4495230117432,0.2653061224489796,1.0,1,0.0,1.8571428571428572,0.4485347611419461,646.5350513688344,768.6340546831125,853.9003953138242,0.2653061224489796,738.6539213066224,1156.4495230117432,1.7672745715274434,1,0.15012162044502078,1.8571428571428572,punctate,punctate,0.2653061224489796,True,853.9003953138242
17,196,741,0,236,256,24.089171666190328,,469.6484375,324.6484375,1,24.089171666190328,24,1041.9533834817096,2253.09972315385,0.7380952380952381,1.0,1,0.0,5.166666666666667,0.1737149937785324,928.8443192695618,1061.758453595558,853.9003953138242,0.7380952380952381,1041.9533834817096,2253.09972315385,17.780102896473814,1,0.04151242781849247,5.166666666666667,thick,thick,0.7380952380952381,True,853.9003953138242
38,196,742,0,238,256,25.17565985275042,,469.71875,339.28125,1,25.17565985275042,25,736.7366158782388,2047.0208113904537,0.2342857142857143,0.64,3,0.12,1.8636363636363635,0.5191169915559211,667.7840009583634,678.068466876096,853.9003953138242,0.2342857142857143,736.7366158782388,2047.0208113904537,5.898297451215813,3,0.11916271579560019,1.8636363636363635,discontinuous,discontinuous,0.2342857142857143,True,853.9003953138242
280,539,743,0,257,231,17.528044094940295,,468.390625,736.390625,1,17.528044094940295,18,830.1383497700709,1379.6162046963034,0.3888888888888889,1.0,1,0.0,2.7222222222222223,0.45496932264506024,815.2061607463579,779.328890262015,853.9003953138242,0.3888888888888889,830.1383497700709,1379.6162046963034,6.816461592476782,1,0.057051431099985846,2.7222222222222223,punctate,punctate,0.3888888888888889,True,853.9003953138242
280,528,744,0,257,246,44.03820451549734,,476.8984375,755.1015625,1,44.03820451549734,44,827.5972398777965,1409.5809501612255,0.38961038961038963,0.5227272727272727,3,0.2272727272727273,3.5294117647058822,0.39616214413349043,784.0762024807574,822.2296824573045,853.9003953138242,0.38961038961038963,827.5972398777965,1409.5809501612255,17.15774201902494,3,0.06812266832868447,3.5294117647058822,discontinuous,discontinuous,0.38961038961038963,True,853.9003953138242
202,582,745,0,258,241,44.613175376819704,,473.5,970.5,1,44.613175376819704,45,771.9410396778917,1487.922056065587,0.3142857142857143,0.7333333333333333,3,0.1333333333333333,2.5384615384615383,0.47075475546388057,735.8797247351175,732.6410154582757,853.9003953138242,0.3142857142857143,771.9410396778917,1487.922056065587,14.02128368985762,3,0.06724470909458627,2.5384615384615383,discontinuous,discontinuous,0.3142857142857143,True,853.9003953138242
51,165,746,0,218,249,33.902901108396755,,476.49609375,461.50390625,1,33.902901108396755,34,945.6428152336528,2023.1423757079278,0.5126050420168067,1.0,1,0.0,3.588235294117647,0.3454312705853357,880.2079203297529,851.0321127810248,853.9003953138242,0.5126050420168067,945.6428152336528,2023.1423757079278,17.37879804716136,1,0.029496000852632914,3.588235294117647,thick,thick,0.5126050420168067,True,853.9003953138242
284,421,747,0,259,252,85.43225183757998,,501.64453125,896.35546875,1,85.43225183757998,85,850.3890919464138,1588.2632495766657,0.453781512605042,0.43529411764705883,3,0.03529411764705881,3.292682926829268,0.33366238902385803,805.3428706748858,815.4587380797046,853.9003953138242,0.453781512605042,850.3890919464138,1588.2632495766657,38.767576464111926,3,0.03511554401847521,3.292682926829268,thick,thick,0.453781512605042,True,853.9003953138242
284,535,748,0,259,243,36.425918113753404,,475.13671875,921.86328125,1,36.425918113753404,36,961.6156655297209,1861.8838021414954,0.5634920634920635,1.0,1,0.0,3.9444444444444446,0.30436877161935644,905.7914453393058,882.3409954408718,853.9003953138242,0.5634920634920635,961.6156655297209,1861.8838021414954,20.52571576251184,1,0.027452979959959555,3.9444444444444446,thick,thick,0.5634920634920635,True,853.9003953138242
382,421,749,0,248,252,33.91639263337301,,479.16796875,872.16796875,1,33.91639263337301,34,845.8181881548489,1737.940180503882,0.3949579831932773,0.8235294117647058,2,0.11764705882352944,3.1333333333333333,0.384158937984421,805.8919590746505,785.4274221492278,853.9003953138242,0.3949579831932773,845.8181881548489,1737.940180503882,13.39555003166833,2,0.058968535410574376,3.1333333333333333,punctate,punctate,0.3949579831932773,True,853.9003953138242
202,535,750,0,258,243,26.009583647810956,,474.609375,949.609375,1,26.009583647810956,26,919.7455686698262,1545.7984074801425,0.510989010989011,1.0,1,0.0,3.576923076923077,0.31182795698924726,885.4768072640608,835.6929213437338,853.9003953138242,0.510989010989011,919.7455686698262,1545.7984074801425,13.290611424430873,1,0.038447366691475776,3.576923076923077,thick,thick,0.510989010989011,True,853.9003953138242
103,382,751,0,260,248,70.14533815959014,,478.35546875,836.64453125,1,70.14533815959014,70,818.1369619401879,1785.2633475578443,0.41020408163265304,0.6714285714285714,2,0.042857142857142816,3.0,0.4987546680538164,765.287012175622,765.8382108053972,853.9003953138242,0.41020408163265304,818.1369619401879,1785.2633475578443,28.773904020566565,2,0.028512229785673415,3.0,thick,thick,0.41020408163265304,True,853.9003953138242
59,122,752,0,261,230,48.431853048306934,,473.72265625,593.27734375,1,48.431853048306934,48,768.8564604243246,2608.3191753352694,0.25297619047619047,0.2916666666666667,6,0.5208333333333333,3.6956521739130435,0.5318896261391677,719.9794634658119,745.5932869338272,853.9003953138242,0.25297619047619047,768.8564604243246,2608.3191753352694,12.25210568186336,6,0.12388541057917969,3.6956521739130435,reticular,reticular,0.25297619047619047,True,853.9003953138242
59,325,753,0,261,229,7.139830794862177,,466.75390625,568.75390625,1,7.139830794862177,7,915.5743611569642,1342.550635816558,0.4897959183673469,1.0,1,0.0,3.4285714285714284,0.30618621784789735,846.2661986271434,878.1660291448069,853.9003953138242,0.4897959183673469,915.5743611569642,1342.550635816558,3.4970599811569847,1,0.1400593415630522,3.4285714285714284,thick,thick,0.4897959183673469,True,853.9003953138242
176,580,754,0,253,242,34.088568177455514,,476.75,220.25,1,34.088568177455514,34,795.1369295441541,1847.8248678830448,0.3403361344537815,0.7941176470588235,1,0.20588235294117652,3.0,0.38490017945975047,768.2319833981107,730.4925195952221,853.9003953138242,0.3403361344537815,795.1369295441541,1847.8248678830448,11.601571522579398,1,0.029335347697629327,3.0,punctate,punctate,0.3403361344537815,True,853.9003953138242
158,359,755,0,224,262,21.98670950428155,,469.31640625,797.61328125,1,21.98670950428155,22,851.1953575712313,1802.8717124780658,0.43506493506493504,0.45454545454545453,2,0.13636363636363635,3.526315789473684,0.5393824178982881,857.4991179204861,795.3005410880781,853.9003953138242,0.43506493506493504,851.1953575712313,1802.8717124780658,9.565646342771842,2,0.09096404351049132,3.526315789473684,thick,thick,0.43506493506493504,True,853.9003953138242
172,251,756,0,219,263,11.124249268759064,,466.35546875,1017.64453125,1,11.124249268759064,11,744.5114278775851,1177.2101096311446,0.2727272727272727,0.45454545454545453,3,0.18181818181818177,2.3333333333333335,0.49487165930539345,688.482479015678,727.5731654255763,853.9003953138242,0.2727272727272727,744.5114278775851,1177.2101096311446,3.033886164207017,3,0.26968111982397686,2.3333333333333335,discontinuous,discontinuous,0.2727272727272727,True,853.9003953138242
251,582,757,0,263,241,41.83016807698182,,475.68359375,995.68359375,1,41.83016807698182,42,880.1340830365276,1573.6452208792466,0.54421768707483,1.0,1,0.0,3.8095238095238093,0.344827855603343,860.80709968734,806.6781670299755,853.9003953138242,0.54421768707483,880.1340830365276,1573.6452208792466,22.764717320806437,1,0.02390619129618743,3.8095238095238093,thick,thick,0.54421768707483,True,853.9003953138242
359,528,758,0,262,246,38.450729163249335,,484.98828125,791.01171875,1,38.450729163249335,38,816.4848097536374,1855.2746202680771,0.462406015037594,1.0,1,0.0,3.236842105263158,0.30430841093029104,772.2829612529308,769.8060192743511,853.9003953138242,0.462406015037594,816.4848097536374,1855.2746202680771,17.779848447667927,1,0.026007309139816935,3.236842105263158,thick,thick,0.462406015037594,True,853.9003953138242
98,571,760,0,232,264,41.69519768169023,,467.50390625,396.49609375,1,41.69519768169023,42,960.5097240076127,1574.3370988879296,0.6972789115646258,1.0,1,0.0,4.880952380952381,0.23742621509537476,1002.5985493933466,860.4213455710054,853.9003953138242,0.6972789115646258,960.5097240076127,1574.3370988879296,29.073182056960874,1,0.023983577380642416,4.880952380952381,thick,thick,0.6972789115646258,True,853.9003953138242
359,382,761,0,262,248,2.885901801066649,,468.6875,808.3125,1,2.885901801066649,3,1202.4198281922404,1829.7392153350136,0.9047619047619048,1.0,1,0.0,6.333333333333333,0.0744322927564787,1165.676586569957,1073.0641271045524,853.9003953138242,0.9047619047619048,1202.4198281922404,1829.7392153350136,2.611054010488873,1,0.3465121369099923,6.333333333333333,thick,thick,0.9047619047619048,True,853.9003953138242
19,325,762,0,265,229,4.178261246664951,,468.8671875,565.1328125,1,4.178261246664951,4,959.7896809864557,1296.8751652948406,0.6428571428571429,1.0,1,0.0,4.5,0.24845199749997665,967.4243500836917,845.1238566962521,853.9003953138242,0.6428571428571429,959.7896809864557,1296.8751652948406,2.686025087141754,1,0.2393340054545873,4.5,thick,thick,0.6428571428571429,True,853.9003953138242
19,250,763,0,265,239,20.43215339196217,,474.25,554.25,1,20.43215339196217,20,933.6832725707593,1797.9417587566654,0.5428571428571428,1.0,1,0.0,3.8,0.349118398984779,878.5803612565999,902.1711977731318,853.9003953138242,0.5428571428571428,933.6832725707593,1797.9417587566654,11.091740412779464,1,0.04894246733647718,3.8,thick,thick,0.5428571428571428,True,853.9003953138242
64,571,764,0,247,264,29.64721450647862,,483.86328125,377.13671875,1,29.64721450647862,30,718.1284351451773,1394.6935184639349,0.2,0.3333333333333333,4,0.33333333333333337,2.1,0.561420291550076,664.2358715276786,686.8590289498947,853.9003953138242,0.2,718.1284351451773,1394.6935184639349,5.929442901295724,4,0.13491992642768869,2.1,discontinuous,discontinuous,0.2,True,853.9003953138242
19,59,765,0,265,261,67.3935523881513,,497.6875,584.3125,2,67.3935523881513,67,776.0513101476192,1715.6714314398714,0.3049040511727079,0.44776119402985076,5,0.17910447761194026,2.6,0.5369609460266425,743.3776815676831,703.971560459902,853.9003953138242,0.3049040511727079,776.0513101476192,1715.6714314398714,20.54856714606746,5,0.07419107351995095,2.6,discontinuous,discontinuous,0.3049040511727079,True,853.9003953138242
103,359,766,0,260,262,70.48814198962675,,498.13671875,828.86328125,1,70.48814198962675,70,871.6210161535269,1666.991572815674,0.4530612244897959,1.0,1,0.0,3.1714285714285713,0.3767661921860628,814.7266902417963,805.8629274356249,853.9003953138242,0.4530612244897959,871.6210161535269,1666.991572815674,31.935443921830895,1,0.014186783362046386,3.1714285714285713,thick,thick,0.4530612244897959,True,853.9003953138242
17,73,767,0,236,266,20.897324253666916,,474.72265625,298.27734375,1,20.897324253666916,21,1114.9441204763846,2342.2851103904823,0.6666666666666666,1.0,1,0.0,4.666666666666667,0.20203050891044214,1035.4848889824962,1003.0522860836526,853.9003953138242,0.6666666666666666,1114.9441204763846,2342.2851103904823,13.93154950244461,1,0.047853016389144985,4.666666666666667,thick,thick,0.6666666666666666,True,853.9003953138242
73,176,768,0,266,253,33.20496298445332,,483.5,278.5,1,33.20496298445332,33,740.9588293666749,1598.4211656107498,0.2683982683982684,0.42424242424242425,3,0.36363636363636365,2.9523809523809526,0.4112112510961923,711.0460523703284,674.3950165189507,853.9003953138242,0.2683982683982684,740.9588293666749,1598.4211656107498,8.91215456725587,3,0.09034793989695489,2.9523809523809526,discontinuous,discontinuous,0.2683982683982684,True,853.9003953138242
51,140,769,0,218,267,49.93057760284619,,484.49609375,511.49609375,1,49.93057760284619,50,743.7831788297583,1690.04438036009,0.23142857142857143,0.22,7,0.4,2.7,0.635412801602853,679.3795907460185,741.2327289483475,853.9003953138242,0.23142857142857143,743.7831788297583,1690.04438036009,11.55536224523012,7,0.14019465297755695,2.7,reticular,reticular,0.23142857142857143,True,853.9003953138242
140,250,770,0,267,239,18.519456858358588,,476.53515625,538.46484375,1,18.519456858358588,19,820.3841874512674,1696.9633270292886,0.3533834586466165,0.631578947368421,3,0.10526315789473684,2.764705882352941,0.5340383148089843,786.0527402697812,757.2545928547496,853.9003953138242,0.3533834586466165,820.3841874512674,1696.9633270292886,6.544469716863561,3,0.16199179181899048,2.764705882352941,discontinuous,discontinuous,0.3533834586466165,True,853.9003953138242
220,323,771,0,268,244,20.081469262906957,,477.8671875,675.1328125,1,20.081469262906957,20,831.2234904755533,1558.2838189427982,0.39285714285714285,0.55,2,0.15000000000000002,3.235294117647059,0.4919181548534067,793.386309016109,801.0728912768027,853.9003953138242,0.39285714285714285,831.2234904755533,1558.2838189427982,7.889148638999162,2,0.09959430626394733,3.235294117647059,punctate,punctate,0.39285714285714285,True,853.9003953138242
280,323,772,0,257,244,65.27115704551898,,491.9765625,706.9765625,1,65.27115704551898,65,710.8895826137149,1621.4557868975858,0.189010989010989,0.2153846153846154,7,0.3846153846153846,2.15,0.5933651545196779,690.47166486296,665.3607404480226,853.9003953138242,0.189010989010989,710.8895826137149,1621.4557868975858,12.336965947065124,7,0.1072449197601679,2.15,reticular,reticular,0.189010989010989,True,853.9003953138242
165,571,773,0,249,264,24.61494741654198,,482.86328125,422.13671875,1,24.61494741654198,25,670.7450290718158,1396.7471011731418,0.13714285714285715,0.16,4,0.64,2.6666666666666665,0.6373774391990982,653.5184136416077,645.4298559293289,853.9003953138242,0.13714285714285715,670.7450290718158,1396.7471011731418,3.3757642171257576,4,0.1625028862467478,2.6666666666666665,discontinuous,discontinuous,0.13714285714285715,True,853.9003953138242
49,220,774,0,254,268,36.86600380354862,,490.53515625,660.53515625,1,36.86600380354862,37,917.3307383417875,1538.3439293488786,0.6023166023166023,1.0,1,0.0,4.216216216216216,0.2474392187899844,887.3327917934006,882.4818044934531,853.9003953138242,0.6023166023166023,917.3307383417875,1538.3439293488786,22.205006151944346,1,0.027125261672753982,4.216216216216216,thick,thick,0.6023166023166023,True,853.9003953138242
263,451,775,0,269,250,34.527666083201524,,476.609375,69.390625,1,34.527666083201524,35,806.9707083642746,1311.839049560083,0.3673469387755102,0.5142857142857142,4,0.17142857142857137,3.103448275862069,0.5101440125888442,771.0218184827177,779.3237832799999,853.9003953138242,0.3673469387755102,806.9707083642746,1311.839049560083,12.683632438727091,4,0.1158491277794791,3.103448275862069,discontinuous,discontinuous,0.3673469387755102,True,853.9003953138242
263,429,776,0,269,255,38.524661506591,,490.828125,91.171875,1,38.524661506591,39,806.1151177116706,1463.1842907467485,0.3443223443223443,0.7948717948717948,1,0.20512820512820518,3.032258064516129,0.3075921764851268,753.4474408265793,782.3450266057848,853.9003953138242,0.3443223443223443,806.1151177116706,1463.1842907467485,13.26490176417419,1,0.02595739873869923,3.032258064516129,punctate,punctate,0.3443223443223443,True,853.9003953138242
206,263,777,0,245,269,11.782973080209755,,480.609375,48.609375,1,11.782973080209755,12,917.722455807177,1514.7608784136235,0.5357142857142857,1.0,1,0.0,3.75,0.22110831935702666,898.2411478259484,828.0086951716149,853.9003953138242,0.5357142857142857,917.722455807177,1514.7608784136235,6.312307007255226,1,0.08486822410547325,3.75,thick,thick,0.5357142857142857,True,853.9003953138242
64,196,778,0,247,256,32.996840215041836,,488.75390625,360.24609375,1,32.996840215041836,33,696.0900447076564,1595.011859008816,0.19480519480519481,0.45454545454545453,2,0.33333333333333337,2.0454545454545454,0.4030746032714901,670.1854580132859,630.4241069729908,853.9003953138242,0.19480519480519481,696.0900447076564,1595.011859008816,6.427955886047111,2,0.060611864256271616,2.0454545454545454,punctate,punctate,0.19480519480519481,True,853.9003953138242
566,580,779,0,270,242,42.242567572961555,,490.13671875,185.86328125,1,42.242567572961555,42,767.1970038097293,1450.5305335512098,0.30612244897959184,0.21428571428571427,5,0.30952380952380953,3.103448275862069,0.4583922521052505,773.6067163855196,707.1363478473419,853.9003953138242,0.30612244897959184,767.1970038097293,1450.5305335512098,12.931398236620884,5,0.11836401732361503,3.103448275862069,discontinuous,discontinuous,0.30612244897959184,True,853.9003953138242
17,508,780,0,236,271,18.990079727437642,,481.171875,315.828125,1,18.990079727437642,19,1145.5307506113957,2349.300402160921,0.8571428571428571,1.0,1,0.0,6.0,0.10814761408717503,1093.3013693074379,1106.3042875967174,853.9003953138242,0.8571428571428571,1145.5307506113957,2349.300402160921,16.27721119494655,1,0.05265907328209682,6.0,thick,thick,0.8571428571428571,True,853.9003953138242
566,570,781,0,270,251,30.309166213335345,,487.50390625,156.50390625,1,30.309166213335345,30,824.9416994517456,1414.399236433953,0.4714285714285714,0.5666666666666667,2,0.033333333333333326,3.413793103448276,0.501604404765056,793.1768632274977,807.7250925356801,853.9003953138242,0.4714285714285714,824.9416994517456,1414.399236433953,14.288606929143805,2,0.06598663869282044,3.413793103448276,thick,thick,0.4714285714285714,True,853.9003953138242
73,508,782,0,266,271,37.825385065285715,,499.53515625,303.53515625,1,37.825385065285715,38,1080.6275814094597,2434.0428961294065,0.6541353383458647,1.0,1,0.0,4.578947368421052,0.31936652849309893,1014.3531431672125,990.3931857480362,853.9003953138242,0.6541353383458647,1080.6275814094597,2434.0428961294065,24.74292105774329,1,0.026437272172484795,4.578947368421052,thick,thick,0.6541353383458647,True,853.9003953138242
19,140,783,0,265,267,73.15716778992363,,505.8671875,561.1328125,1,73.15716778992363,73,709.723209252926,1944.061046569675,0.18590998043052837,0.1095890410958904,12,0.452054794520548,2.375,0.5624442108375809,707.8296618039781,654.0222850064248,853.9003953138242,0.18590998043052837,709.723209252926,1944.061046569675,13.600647632177584,12,0.16403040689681853,2.375,reticular,reticular,0.18590998043052837,True,853.9003953138242
49,59,784,0,254,261,27.341778550828415,,493.24609375,619.75390625,1,27.341778550828415,27,1089.8018247126242,2747.173469917128,0.6878306878306878,0.6296296296296297,2,0.03703703703703709,5.0,0.40382783841251346,975.794395201893,1109.2300129223677,853.9003953138242,0.6878306878306878,1089.8018247126242,2747.173469917128,18.806514347130655,2,0.07314813102893056,5.0,thick,thick,0.6878306878306878,True,853.9003953138242
206,443,785,0,245,272,38.843351849350185,,487.27734375,25.27734375,1,38.843351849350185,39,835.7801638819757,1557.880289621893,0.4139194139194139,0.4358974358974359,4,0.10256410256410253,3.2285714285714286,0.5495283078322133,794.3503518161883,809.5824314009528,853.9003953138242,0.4139194139194139,835.7801638819757,1557.880289621893,16.07801743214861,4,0.10297772487589575,3.2285714285714286,thick_to_reticular,thick_to_reticular,0.4139194139194139,True,853.9003953138242
51,67,786,0,218,273,26.659733669968425,,486.25,480.25,1,26.659733669968425,27,1044.2873094676424,2088.5627143253887,0.5978835978835979,1.0,1,0.0,4.185185185185185,0.24364424598117174,912.2694058837262,994.7031950861135,853.9003953138242,0.5978835978835979,1044.2873094676424,2088.5627143253887,15.939417485219218,1,0.03750975206201992,4.185185185185185,thick,thick,0.5978835978835979,True,853.9003953138242
196,508,787,0,256,271,61.00664348758272,,512.1328125,335.8671875,1,61.00664348758272,61,919.0505422946972,2245.226858011301,0.48243559718969553,0.5901639344262295,3,0.032786885245901676,3.4915254237288136,0.49290373865413645,849.8099937463753,863.2045018371664,853.9003953138242,0.48243559718969553,919.0505422946972,2245.226858011301,29.43177648347082,3,0.04917497224069735,3.4915254237288136,thick,thick,0.48243559718969553,True,853.9003953138242
69,206,788,0,274,245,13.090266288090252,,488.28125,4.71875,1,13.090266288090252,13,1000.4931388765799,1578.9849098937457,0.7362637362637363,1.0,1,0.0,5.153846153846154,0.12839291443347203,917.1603979632466,995.2730501204757,853.9003953138242,0.7362637362637363,1000.4931388765799,1578.9849098937457,9.63788836595656,1,0.07639263999616396,5.153846153846154,thick,thick,0.7362637362637363,True,853.9003953138242
220,280,790,0,268,257,23.904329146783574,,495.25,686.75,1,23.904329146783574,24,829.5154366798223,1578.7706271395996,0.36904761904761907,1.0,1,0.0,2.5833333333333335,0.7320519818006591,789.2722257723141,765.5362503768132,853.9003953138242,0.36904761904761907,829.5154366798223,1578.7706271395996,8.821835756551081,1,0.04183342665086061,2.5833333333333335,punctate,punctate,0.36904761904761907,True,853.9003953138242
263,443,791,0,269,272,53.06423205569511,,506.71875,60.28125,1,53.06423205569511,53,688.4207600672207,1409.9530933421913,0.12398921832884097,0.11320754716981132,8,0.5471698113207547,1.9166666666666667,0.6721576014669698,682.8408148085188,654.7980393639864,853.9003953138242,0.12398921832884097,688.4207600672207,1409.9530933421913,6.579392653805862,8,0.15076068549533267,1.9166666666666667,discontinuous,discontinuous,0.12398921832884097,True,853.9003953138242
321,535,792,0,275,243,16.01840599585596,,488.72265625,937.72265625,1,16.01840599585596,16,923.5454908930034,1453.8205264748667,0.6160714285714286,1.0,1,0.0,4.3125,0.21250548258862578,860.9295143638667,899.0917088790839,853.9003953138242,0.6160714285714286,923.5454908930034,1453.8205264748667,9.868482265304118,1,0.06242818419377714,4.3125,thick,thick,0.6160714285714286,True,853.9003953138242
202,321,793,0,258,275,47.90529309818311,,507.86328125,954.13671875,1,47.90529309818311,48,744.4571290598209,1569.454962338525,0.23214285714285715,0.20833333333333334,6,0.35416666666666663,2.5161290322580645,0.4499981737124165,699.794547025264,723.6516661703812,853.9003953138242,0.23214285714285715,744.4571290598209,1569.454962338525,11.120871612078222,6,0.12524712013979017,2.5161290322580645,reticular,reticular,0.23214285714285715,True,853.9003953138242
202,251,794,0,258,263,41.64882610109923,,503.5,988.5,1,41.64882610109923,42,922.9550432070239,2158.6514125576878,0.5238095238095238,1.0,1,0.0,3.6666666666666665,0.4065578140908709,911.7973672652747,824.275382542789,853.9003953138242,0.5238095238095238,922.9550432070239,2158.6514125576878,21.816051767242456,1,0.024010280567634226,3.6666666666666665,thick,thick,0.5238095238095238,True,853.9003953138242
67,165,795,0,273,249,21.932739600734443,,496.50390625,458.50390625,1,21.932739600734443,22,1278.868990361638,2581.7389296200317,0.7467532467532467,1.0,1,0.0,5.2272727272727275,0.08016995180254685,1160.366455977279,1142.348501040619,853.9003953138242,0.7467532467532467,1278.868990361638,2581.7389296200317,16.378344507041955,1,0.045593939389428295,5.2272727272727275,thick,thick,0.7467532467532467,True,853.9003953138242
67,140,796,0,273,267,19.661073134931147,,501.5,484.5,1,19.661073134931147,20,827.0943287841878,1527.577651216628,0.42142857142857143,1.0,1,0.0,2.95,0.44811200225092496,772.4035066387468,773.2064816796459,853.9003953138242,0.42142857142857143,827.0943287841878,1527.577651216628,8.285737964006698,1,0.05086192361612931,2.95,thick,thick,0.42142857142857143,True,853.9003953138242
284,321,797,0,259,275,33.536563722880146,,506.13671875,923.13671875,1,33.536563722880146,34,797.1307802694762,1825.0561740980668,0.3445378151260504,0.8235294117647058,2,0.08823529411764708,2.6451612903225805,0.39062481409870653,744.8662656317382,763.9278972653008,853.9003953138242,0.3445378151260504,797.1307802694762,1825.0561740980668,11.554614391916688,2,0.0596364021229614,2.6451612903225805,punctate,punctate,0.3445378151260504,True,853.9003953138242
75,176,798,0,276,253,31.823804163384665,,495.53515625,249.82421875,1,31.823804163384665,32,753.9919685088678,1416.25493476373,0.21875,0.28125,6,0.40625,2.5789473684210527,0.475996073048596,751.9378043044208,702.4962181104829,853.9003953138242,0.21875,753.9919685088678,1416.25493476373,6.9614571607403954,6,0.18853811345732785,2.5789473684210527,reticular,reticular,0.21875,True,853.9003953138242
150,165,799,0,277,249,33.86327979967598,,494.27734375,441.72265625,1,33.86327979967598,34,671.0407298801114,1495.8947133868119,0.14285714285714285,0.14705882352941177,6,0.5588235294117647,2.2666666666666666,0.5455069703232768,650.8041050768388,626.0740533309021,853.9003953138242,0.14285714285714285,671.0407298801114,1495.8947133868119,4.837611399953711,6,0.1771830736861292,2.2666666666666666,discontinuous,discontinuous,0.14285714285714285,True,853.9003953138242
69,443,800,0,274,272,8.156863915511133,,496.5,11.5,1,8.156863915511133,8,911.4275707678784,1428.0525209528073,0.5357142857142857,1.0,1,0.0,3.75,0.3711842908553348,887.8314751956456,818.3943604674351,853.9003953138242,0.5357142857142857,911.4275707678784,1428.0525209528073,4.369748526166679,1,0.12259613625506183,3.75,thick,thick,0.5357142857142857,True,853.9003953138242
124,580,801,0,278,242,29.19597241261676,,500.86328125,208.86328125,1,29.19597241261676,29,814.0455188278777,2248.1502789381634,0.39901477832512317,1.0,1,0.0,2.793103448275862,0.4447872477691808,751.6965907795382,739.1231463926551,853.9003953138242,0.39901477832512317,814.0455188278777,2248.1502789381634,11.649624460206688,1,0.034251299661040215,2.793103448275862,punctate,punctate,0.39901477832512317,True,853.9003953138242
124,176,802,0,278,253,21.390603006270716,,499.5,229.5,1,21.390603006270716,21,579.9811102387775,1500.002693813099,0.08843537414965986,0.09523809523809523,2,0.8571428571428572,4.333333333333333,0.2878197989826109,563.7660208171791,590.9130343954682,853.9003953138242,0.08843537414965986,579.9811102387775,1500.002693813099,1.89168598014639,2,0.0934990004449007,4.333333333333333,discontinuous,discontinuous,0.08843537414965986,True,853.9003953138242
73,75,803,0,266,276,25.94681792070794,,505.5,270.5,1,25.94681792070794,26,723.9589327007542,1719.9621366151514,0.23076923076923078,0.46153846153846156,3,0.34615384615384615,2.4705882352941178,0.3140691894826885,674.7557072680933,691.4395531837612,853.9003953138242,0.23076923076923078,723.9589327007542,1719.9621366151514,5.987727212471063,3,0.1156211142795173,2.4705882352941178,discontinuous,discontinuous,0.23076923076923078,True,853.9003953138242
150,571,804,0,277,264,35.51122566064926,,512.4609375,423.4609375,1,35.51122566064926,36,662.3050047735173,1571.3664811333417,0.10714285714285714,0.2222222222222222,2,0.6944444444444444,2.4545454545454546,0.8396877073151581,651.63309796191,631.4691048310801,853.9003953138242,0.10714285714285714,662.3050047735173,1571.3664811333417,3.8047741779267064,2,0.05632021882635953,2.4545454545454546,discontinuous,discontinuous,0.10714285714285714,True,853.9003953138242
103,421,805,0,260,252,56.71839973152081,,520.3515625,876.3515625,1,56.71839973152081,57,867.8123161771447,1558.2035336465656,0.47869674185463656,0.8947368421052632,2,0.01754385964912286,3.4107142857142856,0.3909210608133005,795.8431786105056,852.2163025694571,853.9003953138242,0.47869674185463656,867.8123161771447,1558.2035336465656,27.150913154687906,2,0.035261925750146215,3.4107142857142856,thick,thick,0.47869674185463656,True,853.9003953138242
354,443,806,0,279,272,81.4804172257432,,523.5,40.5,1,81.4804172257432,81,688.2493588156512,1425.4251960804036,0.13051146384479717,0.13580246913580246,12,0.4320987654320988,1.608695652173913,0.6007056965106181,657.3662005332694,656.8323736718866,853.9003953138242,0.13051146384479717,688.2493588156512,1425.4251960804036,10.634128526816571,12,0.14727465087413275,1.608695652173913,discontinuous,discontinuous,0.13051146384479717,True,853.9003953138242
442,528,807,0,280,246,40.493254254770676,,504.828125,782.171875,1,40.493254254770676,40,840.1165511168947,1528.1200570748333,0.45714285714285713,1.0,1,0.0,3.2,0.3217384419058437,807.4778677468264,764.2454470845053,853.9003953138242,0.45714285714285713,840.1165511168947,1528.1200570748333,18.51120194503802,1,0.02469547134217265,3.2,thick,thick,0.45714285714285713,True,853.9003953138242
196,571,808,0,256,264,4.472160540311851,,499.5,374.5,1,4.472160540311851,4,1055.932684057198,2087.651997946791,0.6428571428571429,1.0,1,0.0,4.5,0.3333333333333333,947.7283110279931,1063.0067460972314,853.9003953138242,0.6428571428571429,1055.932684057198,2087.651997946791,2.874960347343333,1,0.22360556849112317,4.5,thick,thick,0.6428571428571429,True,853.9003953138242
280,442,809,0,257,280,57.06476569520184,,523.75,771.25,1,57.06476569520184,57,846.4668320844257,1617.4587266755616,0.5012531328320802,1.0,1,0.0,3.508771929824561,0.41048751503547587,782.5193880848809,831.5453552875097,853.9003953138242,0.5012531328320802,846.4668320844257,1617.4587266755616,28.60389257904854,1,0.017523948233508346,3.508771929824561,thick,thick,0.5012531328320802,True,853.9003953138242
429,566,810,0,255,270,13.248109511665323,,504.71875,150.28125,1,13.248109511665323,13,832.6047291346684,1268.5178558700643,0.4835164835164835,1.0,1,0.0,3.3846153846153846,0.27272727272727276,823.1006313140658,777.7559618842637,853.9003953138242,0.4835164835164835,832.6047291346684,1268.5178558700643,6.405679324321695,1,0.07548246782829449,3.3846153846153846,thick,thick,0.4835164835164835,True,853.9003953138242
84,251,811,0,281,263,19.898033457574165,,504.27734375,1015.27734375,1,19.898033457574165,20,1021.0214340998887,2171.561134226742,0.6,1.0,1,0.0,4.2,0.39555351728181304,880.5389841795525,987.0426978330397,853.9003953138242,0.6,1021.0214340998887,2171.561134226742,11.938820074544498,1,0.050256222663016534,4.2,unknown,unknown,0.6,True,853.9003953138242
69,354,812,0,274,279,42.2255829631342,,517.53515625,11.46484375,1,42.2255829631342,42,834.2519278940083,1534.8220320717048,0.3877551020408163,0.8571428571428571,2,0.04761904761904767,2.85,0.3469073672506174,775.5466426843423,796.958047577752,853.9003953138242,0.3877551020408163,834.2519278940083,1534.8220320717048,16.373185230603056,2,0.047364650992412244,2.85,punctate,punctate,0.3877551020408163,True,853.9003953138242
49,170,814,0,254,282,27.101987152457603,,502.50390625,634.50390625,1,27.101987152457603,27,898.1009118837663,1543.9129004505423,0.5608465608465608,0.9259259259259259,2,0.03703703703703709,4.076923076923077,0.30365050829115253,846.9327880795738,894.9380015163302,853.9003953138242,0.5608465608465608,898.1009118837663,1543.9129004505423,15.200056286563523,2,0.07379532684261643,4.076923076923077,thick,thick,0.5608465608465608,True,853.9003953138242
359,442,815,0,262,280,51.16141776042484,,518.75,816.25,1,51.16141776042484,51,780.5978484667567,1516.0549895091829,0.3949579831932773,0.6666666666666666,2,0.1568627450980392,3.2790697674418605,0.4278894504680385,751.5978867414635,735.4463302432545,853.9003953138242,0.3949579831932773,780.5978484667567,1516.0549895091829,20.20661037596611,2,0.03909195811119743,3.2790697674418605,punctate,punctate,0.3949579831932773,True,853.9003953138242
196,300,816,0,256,283,46.007708169272924,,519.89453125,380.10546875,1,46.007708169272924,46,784.318800179157,1822.296016064989,0.2950310559006211,0.6086956521739131,2,0.13043478260869568,2.375,0.5464567306281015,743.5192052846575,712.5447959417601,853.9003953138242,0.2950310559006211,784.318800179157,1822.296016064989,13.573702720748223,2,0.043470976485973624,2.375,punctate,punctate,0.2950310559006211,True,853.9003953138242
300,571,817,0,283,264,43.90013818499502,,513.13671875,393.86328125,1,43.90013818499502,44,725.2588287615891,2362.8578650788054,0.19805194805194806,0.25,6,0.2954545454545454,1.967741935483871,0.7242859683401481,663.8097002342018,701.334486026713,853.9003953138242,0.19805194805194806,725.2588287615891,2362.8578650788054,8.694507887287976,6,0.13667382946987597,1.967741935483871,reticular,reticular,0.19805194805194806,True,853.9003953138242
170,220,818,0,282,268,19.184494074151473,,508.50390625,653.49609375,1,19.184494074151473,19,781.171388081332,1688.474492371678,0.2857142857142857,0.7894736842105263,1,0.21052631578947367,2.533333333333333,0.6424502955649317,760.3904960267297,708.9196383002627,853.9003953138242,0.2857142857142857,781.171388081332,1688.474492371678,5.481284021186135,1,0.052125429846355216,2.533333333333333,punctate,punctate,0.2857142857142857,True,853.9003953138242
201,220,819,0,284,268,9.342236689145864,,506.28125,690.28125,1,9.342236689145864,9,886.7203594769533,1632.023063075931,0.5238095238095238,1.0,1,0.0,3.6666666666666665,0.36363636363636365,843.5996621450116,805.2964292526257,853.9003953138242,0.5238095238095238,886.7203594769533,1632.023063075931,4.893552551457358,1,0.10704074765755345,3.6666666666666665,thick,thick,0.5238095238095238,True,853.9003953138242
201,280,820,0,284,257,45.58339550493747,,514.38671875,706.68359375,1,45.58339550493747,46,911.265395509334,1982.120309293863,0.5124223602484472,0.5434782608695652,3,0.13043478260869568,4.125,0.3916014540400026,875.960830237433,862.4163624982773,853.9003953138242,0.5124223602484472,911.265395509334,1982.120309293863,23.35795111277852,3,0.06581343857271554,4.125,thick,thick,0.5124223602484472,True,853.9003953138242
75,124,821,0,276,278,39.49065600132906,,520.75390625,230.75390625,1,39.49065600132906,39,840.3614801381284,2056.68272370987,0.39194139194139194,0.2564102564102564,4,0.28205128205128205,3.8214285714285716,0.40812346842800096,799.9694415951521,799.8627571465188,853.9003953138242,0.39194139194139194,840.3614801381284,2056.68272370987,15.478022681839594,4,0.10128978358489107,3.8214285714285716,discontinuous,discontinuous,0.39194139194139194,True,853.9003953138242
7,263,822,0,285,269,38.49395964218073,,516.50390625,88.50390625,1,38.49395964218073,38,781.1775649013748,1551.776911609766,0.3157894736842105,0.42105263157894735,3,0.052631578947368474,2.3333333333333335,0.4844521416518048,730.2972319148694,751.9064558880343,853.9003953138242,0.3157894736842105,781.1775649013748,1551.776911609766,12.155987255425492,3,0.07793430522311542,2.3333333333333335,discontinuous,discontinuous,0.3157894736842105,True,853.9003953138242
7,429,823,0,285,255,54.325511075109816,,522.53125,118.46875,1,54.325511075109816,54,790.4580431039117,1489.816168161486,0.2857142857142857,0.25925925925925924,6,0.2777777777777778,2.769230769230769,0.5809032274577082,778.1392636046692,746.8691396369219,853.9003953138242,0.2857142857142857,790.4580431039117,1489.816168161486,15.521574592888518,6,0.11044534844236385,2.769230769230769,reticular,reticular,0.2857142857142857,True,853.9003953138242
67,150,824,0,273,277,23.00073038242951,,514.24609375,456.75390625,1,23.00073038242951,23,753.4480128354188,1292.747483163756,0.22981366459627328,0.2608695652173913,5,0.30434782608695654,2.3125,0.8049336546938071,707.1425665568106,763.2009306866375,853.9003953138242,0.22981366459627328,753.4480128354188,1292.747483163756,5.285882137576968,5,0.2173844011414329,2.3125,discontinuous,discontinuous,0.22981366459627328,True,853.9003953138242
59,170,825,0,261,282,19.10018138351497,,512.25,618.25,1,19.10018138351497,19,875.2208448586698,1728.1212997350815,0.47368421052631576,0.47368421052631576,2,0.10526315789473684,3.7058823529411766,0.5762582495451221,811.9176914505841,851.9202970001108,853.9003953138242,0.47368421052631576,875.2208448586698,1728.1212997350815,9.047454339559721,2,0.10471104749435338,3.7058823529411766,thick,thick,0.47368421052631576,True,853.9003953138242
87,566,826,0,286,270,36.88398914264009,,507.6484375,173.640625,1,36.88398914264009,37,624.643971396362,1550.6627753925914,0.138996138996139,0.21621621621621623,2,0.7567567567567568,4.0,0.31180478223116176,641.9244080502513,578.2164120362423,853.9003953138242,0.138996138996139,624.643971396362,1550.6627753925914,5.1267320816024835,2,0.05422406975193149,4.0,discontinuous,discontinuous,0.138996138996139,True,853.9003953138242
87,580,827,0,286,242,7.538604094354724,,509.3515625,193.6484375,1,7.538604094354724,8,1039.3664608541708,1436.4232120064823,0.75,1.0,1,0.0,5.25,0.08247860988423225,965.3255715448381,1032.2952521022935,853.9003953138242,0.75,1039.3664608541708,1436.4232120064823,5.653953070766043,1,0.13265055273944534,5.25,thick,thick,0.75,True,853.9003953138242
141,220,828,0,287,268,34.984555361222114,,514.83203125,672.83203125,1,34.984555361222114,35,688.8983141952615,1505.110732139599,0.11020408163265306,0.2,3,0.7142857142857143,2.7,0.46994731631294523,667.3659287397162,668.5507373877444,853.9003953138242,0.11020408163265306,688.8983141952615,1505.110732139599,3.855440794910192,3,0.08575212601745072,2.7,discontinuous,discontinuous,0.11020408163265306,True,853.9003953138242
67,337,829,0,273,288,15.070482781931846,,513.75,474.75,1,15.070482781931846,15,781.5549094730732,1351.0365059737787,0.3047619047619048,0.5333333333333333,2,0.06666666666666665,2.2857142857142856,0.5340002340823458,773.0833199432356,741.1265885946315,853.9003953138242,0.3047619047619048,781.5549094730732,1351.0365059737787,4.592909038303039,2,0.13270974984277348,2.2857142857142856,punctate,punctate,0.3047619047619048,True,853.9003953138242
140,337,830,0,267,288,10.22356553336745,,514.35546875,482.64453125,1,10.22356553336745,10,666.7174489605442,1095.4189028091223,0.15714285714285714,0.4,2,0.5,2.2,0.44536177141512323,667.6874060598469,606.8896683961615,853.9003953138242,0.15714285714285714,666.7174489605442,1095.4189028091223,1.6065602981005993,2,0.195626466468322,2.2,punctate,punctate,0.15714285714285714,True,853.9003953138242
87,429,831,0,286,255,11.814605464626638,,514.72265625,153.72265625,1,11.814605464626638,12,817.1462709492919,1383.822397376875,0.4166666666666667,1.0,1,0.0,2.9166666666666665,0.29554515522253144,726.9706965737336,831.6530346048413,853.9003953138242,0.4166666666666667,817.1462709492919,1383.822397376875,4.922752276927766,1,0.08464099821141186,2.9166666666666665,thick,thick,0.4166666666666667,True,853.9003953138242
87,124,832,0,286,278,28.101952771946696,,521.609375,204.390625,1,28.101952771946696,28,1126.2786840867248,2722.1682617646497,0.7755102040816326,1.0,1,0.0,5.428571428571429,0.2225201911222074,1193.9556379830713,940.0754619861524,853.9003953138242,0.7755102040816326,1126.2786840867248,2722.1682617646497,21.793351129264785,1,0.035584715699838086,5.428571428571429,thick,thick,0.7755102040816326,True,853.9003953138242
141,201,833,0,287,284,24.224308319257634,,520.53125,682.53125,1,24.224308319257634,24,855.6411836569406,1567.3194935152176,0.49404761904761907,1.0,1,0.0,3.4583333333333335,0.4793606328693436,831.9400296564636,784.0465697243808,853.9003953138242,0.49404761904761907,855.6411836569406,1567.3194935152176,11.967961848204665,1,0.041280848427982915,3.4583333333333335,thick,thick,0.49404761904761907,True,853.9003953138242
84,202,834,0,281,258,10.342863817731168,,515.13671875,1007.86328125,1,10.342863817731168,10,945.5629329941722,1794.7749007112534,0.6285714285714286,1.0,1,0.0,4.4,0.3830068078716526,894.7086319734699,946.034489543963,853.9003953138242,0.6285714285714286,945.5629329941722,1794.7749007112534,6.50122868543102,1,0.09668502047621101,4.4,thick,thick,0.6285714285714286,True,853.9003953138242
73,88,835,0,266,289,16.471501655197727,,515.3515625,287.359375,1,16.471501655197727,16,817.335468051008,1452.191537850379,0.3392857142857143,0.6875,2,0.25,3.1666666666666665,0.4042708288351899,790.1745130004899,767.0080278987955,853.9003953138242,0.3392857142857143,817.335468051008,1452.191537850379,5.588545204442086,2,0.121421837660374,3.1666666666666665,punctate,punctate,0.3392857142857143,True,853.9003953138242
140,260,836,0,267,290,74.45860065132038,,513.86328125,522.13671875,1,74.45860065132038,74,532.2783844884315,1095.7782537168414,0.021235521235521235,0.04054054054054054,3,0.9189189189189189,1.8333333333333333,0.5821022034029862,530.2055274931489,519.0606088809117,853.9003953138242,0.021235521235521235,532.2783844884315,1095.7782537168414,1.5811671952983093,3,0.04029084583591084,1.8333333333333333,discontinuous,discontinuous,0.021235521235521235,False,853.9003953138242
75,88,837,0,276,289,45.55211475647637,,528.28515625,263.28515625,1,45.55211475647637,46,709.8846878344741,1506.6802968827715,0.18633540372670807,0.21739130434782608,6,0.4130434782608695,2.2222222222222223,0.5099019513592785,647.828416227877,711.5340646751196,853.9003953138242,0.18633540372670807,709.8846878344741,1506.6802968827715,8.48797169375336,6,0.1317172656434562,2.2222222222222223,reticular,reticular,0.18633540372670807,True,853.9003953138242
88,508,838,0,289,271,24.8553559250741,,526.49609375,296.49609375,1,24.8553559250741,25,906.0057804686676,2394.860044073086,0.41714285714285715,0.56,2,0.040000000000000036,3.0416666666666665,0.5408790965040995,839.3418452179209,823.1836252503458,853.9003953138242,0.41714285714285715,906.0057804686676,2394.860044073086,10.368234185888053,2,0.08046555462850559,3.0416666666666665,thick,thick,0.41714285714285715,True,853.9003953138242
150,337,839,0,277,288,24.520694552283583,,524.71875,462.71875,1,24.520694552283583,25,749.2393042431827,1478.8413159569252,0.24,0.36,3,0.4,2.8,0.7514158970504524,710.1916211713072,725.9347277735247,853.9003953138242,0.24,749.2393042431827,1478.8413159569252,5.88496669254806,3,0.12234563721689579,2.8,discontinuous,discontinuous,0.24,True,853.9003953138242
19,33,840,0,265,291,67.79335829969489,,539.0234375,598.9765625,1,67.79335829969489,68,759.1805458188059,2015.6924451988473,0.28361344537815125,0.29411764705882354,7,0.42647058823529416,3.4615384615384617,0.4755763235340598,754.0417694668889,727.3557655722985,853.9003953138242,0.28361344537815125,759.1805458188059,2015.6924451988473,19.227107921131953,7,0.1032549526320118,3.4615384615384617,reticular,reticular,0.28361344537815125,True,853.9003953138242
33,59,841,0,291,261,4.472160540311851,,519.5,610.5,1,4.472160540311851,4,1182.2902004857212,1607.67417622174,0.9285714285714286,1.0,1,0.0,6.5,0.13323467750529824,1220.4566941622718,1057.0335068863064,853.9003953138242,0.9285714285714286,1182.2902004857212,1607.67417622174,4.152720501718147,1,0.22360556849112317,6.5,thick,thick,0.9285714285714286,True,853.9003953138242
141,170,842,0,287,282,24.6327657625684,,527.5,647.5078125,1,24.6327657625684,25,741.8209591991225,1416.3604757715977,0.24,0.52,2,0.24,2.210526315789474,0.4542567625794979,685.6999734146567,713.7851704951883,853.9003953138242,0.24,741.8209591991225,1416.3604757715977,5.911863783016416,2,0.08119266911713062,2.210526315789474,punctate,punctate,0.24,True,853.9003953138242
260,337,843,0,290,288,64.94863588046637,,550.75,476.75,1,64.94863588046637,65,651.5631035689981,1238.9781168179254,0.11208791208791209,0.18461538461538463,10,0.4307692307692308,1.3783783783783783,0.42508790958193726,608.9797854597309,611.5709991345938,853.9003953138242,0.11208791208791209,651.5631035689981,1238.9781168179254,7.279956988799527,10,0.15396782187087552,1.3783783783783783,discontinuous,discontinuous,0.11208791208791209,True,853.9003953138242
202,389,844,0,258,292,77.51607605882147,,549.13671875,990.86328125,1,77.51607605882147,78,745.8394048829964,1761.4312505651596,0.24358974358974358,0.2692307692307692,7,0.2692307692307693,2.3333333333333335,0.5751756841776023,722.7035369635,694.7751428686973,853.9003953138242,0.24358974358974358,745.8394048829964,1761.4312505651596,18.88212109125138,7,0.09030384864538545,2.3333333333333335,reticular,reticular,0.24358974358974358,True,853.9003953138242
84,389,845,0,281,292,18.05184384140862,,525.25,1016.75,1,18.05184384140862,18,686.8696402064132,1082.4018891706255,0.1746031746031746,0.5,2,0.38888888888888884,2.0,0.5640760748177662,651.5949423751375,655.1974251127712,853.9003953138242,0.1746031746031746,686.8696402064132,1082.4018891706255,3.151909242150711,2,0.11079200648812705,2.0,punctate,punctate,0.1746031746031746,True,853.9003953138242
155,429,846,0,293,255,19.702778532656865,,528.609375,146.609375,1,19.702778532656865,20,839.6821836674222,1494.0189554368717,0.45714285714285713,1.0,1,0.0,3.2,0.4145780987944249,798.2828160396475,809.2777088894575,853.9003953138242,0.45714285714285713,839.6821836674222,1494.0189554368717,9.006984472071709,1,0.05075426282351623,3.2,thick,thick,0.45714285714285713,True,853.9003953138242
87,155,847,0,286,293,102.34225857518055,,552.28515625,184.64453125,1,102.34225857518055,102,772.315982367878,1648.6397405706118,0.33613445378151263,0.5686274509803921,5,0.11764705882352944,2.6666666666666665,0.5916079783099617,764.917640838307,706.5155350226581,853.9003953138242,0.33613445378151263,772.315982367878,1648.6397405706118,34.40075918493464,5,0.04885567379116422,2.6666666666666665,discontinuous,discontinuous,0.33613445378151263,True,853.9003953138242
19,59,848,1,265,261,1.0,,520.5,613.5,2,1.0,1,1482.875,2118.875,0.8571428571428571,1.0,1,0.0,6.0,,1483.4166666666667,1270.3333333333333,853.9003953138242,0.8571428571428571,1482.875,2118.875,0.8571428571428571,1,1.0,6.0,thick,thick,0.8571428571428571,True,853.9003953138242
19,170,849,0,265,282,85.4271457224529,,556.71875,617.71875,1,85.4271457224529,85,827.3654900314624,1655.0056970626224,0.4134453781512605,0.2823529411764706,7,0.14117647058823535,3.3698630136986303,0.4899681031973776,776.2223350125122,812.2948227240197,853.9003953138242,0.4134453781512605,827.3654900314624,1655.0056970626224,35.319458567602375,7,0.08194116683638866,3.3698630136986303,thick_to_reticular,thick_to_reticular,0.4134453781512605,True,853.9003953138242
321,421,850,0,275,252,25.735075815465688,,529.25,924.75,1,25.735075815465688,26,836.250961841995,1691.599033509609,0.4725274725274725,1.0,1,0.0,3.3076923076923075,0.3111415851223175,787.7875037606843,802.3006291716774,853.9003953138242,0.4725274725274725,836.250961841995,1691.599033509609,12.160530330384885,1,0.038857472469501816,3.3076923076923075,thick,thick,0.4725274725274725,True,853.9003953138242
150,300,851,0,277,283,25.180648336416013,,535.5,417.5,1,25.180648336416013,25,823.4274638370171,2476.721101484514,0.36,0.92,2,0.040000000000000036,2.625,0.6581083314802502,789.0080281918467,787.4359498836199,853.9003953138242,0.36,823.4274638370171,2476.721101484514,9.065033401109764,2,0.07942607248549749,2.625,punctate,punctate,0.36,True,853.9003953138242
359,421,852,0,262,252,12.72229172891416,,531.828125,848.828125,1,12.72229172891416,13,996.6407794807405,1648.2292969917148,0.6373626373626373,0.6923076923076923,2,0.15384615384615385,5.2727272727272725,0.23002869076079882,930.4204553364453,996.5226842327173,853.9003953138242,0.6373626373626373,996.6407794807405,1648.2292969917148,8.108713409637595,2,0.15720438130298234,5.2727272727272725,thick,thick,0.6373626373626373,True,853.9003953138242
97,263,853,0,294,269,6.124506719840978,,531.13671875,73.13671875,1,6.124506719840978,6,875.4031606749786,1163.2117339745853,0.5238095238095238,1.0,1,0.0,3.6666666666666665,0.3748277841470601,891.1862761728315,806.0166725562457,853.9003953138242,0.5238095238095238,875.4031606749786,1163.2117339745853,3.2080749484881315,1,0.16327845584043457,3.6666666666666665,thick,thick,0.5238095238095238,True,853.9003953138242
141,403,854,0,287,295,23.311440228150598,,531.8671875,663.8671875,1,23.311440228150598,23,830.2187967805226,1923.9691285248816,0.32919254658385094,0.43478260869565216,3,0.13043478260869568,2.65,0.4508604960508875,753.7399843479965,805.168453137142,853.9003953138242,0.32919254658385094,830.2187967805226,1923.9691285248816,7.673952373242122,3,0.12869217734463434,2.65,discontinuous,discontinuous,0.32919254658385094,True,853.9003953138242
201,403,855,0,284,295,37.70584302107021,,548.24609375,682.75390625,1,37.70584302107021,38,755.6145469122379,1335.9446561495884,0.2781954887218045,0.5263157894736842,2,0.07894736842105265,2.1142857142857143,0.46302274862194087,770.2908609671874,677.1486872474186,853.9003953138242,0.2781954887218045,755.6145469122379,1335.9446561495884,10.489595426914267,2,0.05304217701437918,2.1142857142857143,punctate,punctate,0.2781954887218045,True,853.9003953138242
321,389,856,0,275,292,32.936288534566614,,536.75,945.75,1,32.936288534566614,33,837.6145696774155,1563.1422172157793,0.42424242424242425,1.0,1,0.0,2.9696969696969697,0.4501376530635261,820.4651773368691,775.7748655749174,853.9003953138242,0.42424242424242425,837.6145696774155,1563.1422172157793,13.972970893452503,1,0.030361648033004708,2.9696969696969697,thick,thick,0.42424242424242425,True,853.9003953138242
7,97,857,0,285,294,56.512132051768596,,557.859375,84.140625,1,56.512132051768596,57,782.0372297945755,1324.854534744828,0.3208020050125313,0.38596491228070173,3,0.22807017543859653,2.909090909090909,0.4133986423538422,718.6724258668186,795.1521783910991,853.9003953138242,0.3208020050125313,782.0372297945755,1324.854534744828,18.1292052697403,3,0.05308594616907773,2.909090909090909,discontinuous,discontinuous,0.3208020050125313,True,853.9003953138242
75,87,858,0,276,286,32.11318690261637,,545.859375,214.140625,1,32.11318690261637,32,836.3951262687218,2077.5578147859164,0.33482142857142855,0.40625,2,0.53125,5.0,0.20655911179772887,804.0645322063932,799.9138399526232,853.9003953138242,0.33482142857142855,836.3951262687218,2077.5578147859164,10.7521831147153,2,0.062279711012956276,5.0,punctate,punctate,0.33482142857142855,True,853.9003953138242
97,443,860,0,294,272,28.96577323323646,,546.13671875,67.13671875,1,28.96577323323646,29,778.3885976353891,1418.1847024230979,0.29064039408866993,0.41379310344827586,3,0.24137931034482762,2.6818181818181817,0.4113444440512406,782.6086115114207,698.0493805904892,853.9003953138242,0.29064039408866993,778.3885976353891,1418.1847024230979,8.418623747590892,3,0.10357051323448471,2.6818181818181817,discontinuous,discontinuous,0.29064039408866993,True,853.9003953138242
23,196,861,0,296,256,44.901502309566,,537.25,367.75,1,44.901502309566,45,802.9023767318503,1352.2603092062266,0.38412698412698415,0.7777777777777778,3,0.0444444444444444,2.813953488372093,0.3927141940666685,776.1704380624313,749.8230020205817,853.9003953138242,0.38412698412698415,802.9023767318503,1352.2603092062266,17.247878664944402,3,0.06681290927232222,2.813953488372093,discontinuous,discontinuous,0.38412698412698415,True,853.9003953138242
280,546,862,0,257,297,43.61529474898747,,544.1328125,734.8671875,1,43.61529474898747,44,741.355307967046,1524.5961052585105,0.21753246753246752,0.2727272727272727,6,0.2954545454545454,2.161290322580645,0.49994430520729044,739.4571398890794,670.6028847028801,853.9003953138242,0.21753246753246752,741.355307967046,1524.5961052585105,9.487742688903118,6,0.1375664210119614,2.161290322580645,reticular,reticular,0.21753246753246752,True,853.9003953138242
19,260,863,0,265,290,1.0,,534.5,547.5,1,1.0,1,728.3214285714286,883.25,0.14285714285714285,1.0,1,0.0,1.0,,771.5416666666666,644.0833333333334,853.9003953138242,0.14285714285714285,728.3214285714286,883.25,0.14285714285714285,1,1.0,1.0,minimal,minimal,0.14285714285714285,True,853.9003953138242
201,546,864,0,284,297,36.98722647401514,,541.28515625,701.28515625,1,36.98722647401514,37,788.3470398137891,1789.0292274544693,0.2702702702702703,0.2702702702702703,3,0.5405405405405406,4.117647058823529,0.4398515519525901,721.135347370443,829.0759376165133,853.9003953138242,0.2702702702702703,788.3470398137891,1789.0292274544693,9.996547695679768,3,0.08110908240464065,4.117647058823529,discontinuous,discontinuous,0.2702702702702703,True,853.9003953138242
150,266,865,0,277,298,38.14420083429127,,539.49609375,437.49609375,1,38.14420083429127,38,685.7037295864694,1213.4749239009957,0.12030075187969924,0.18421052631578946,5,0.6052631578947368,2.1333333333333333,0.414578098794425,670.5223877455254,666.590512681549,853.9003953138242,0.12030075187969924,685.7037295864694,1213.4749239009957,4.588776040215491,5,0.1310815245998036,2.1333333333333333,discontinuous,discontinuous,0.12030075187969924,True,853.9003953138242
260,276,866,0,290,299,52.035053047583574,,545.140625,525.140625,1,52.035053047583574,52,847.5466565738358,2320.290512976118,0.36538461538461536,0.5576923076923077,3,0.09615384615384615,2.8297872340425534,0.5222182061409124,796.3360820556792,788.0721203829199,853.9003953138242,0.36538461538461536,847.5466565738358,2320.290512976118,19.012807844309382,3,0.05765344367491358,2.8297872340425534,discontinuous,discontinuous,0.36538461538461536,True,853.9003953138242
266,337,867,0,298,288,54.868403054265805,,561.98828125,457.98828125,1,54.868403054265805,55,704.6363781988468,993.4288656905628,0.046753246753246755,0.07272727272727272,7,0.7636363636363637,1.3846153846153846,0.3513641844631533,708.3982835548255,684.7766929721049,853.9003953138242,0.046753246753246755,704.6363781988468,993.4288656905628,2.565275986952687,7,0.12757797949900015,1.3846153846153846,discontinuous,discontinuous,0.046753246753246755,False,853.9003953138242
19,276,868,0,265,299,45.44814842640673,,546.5,563.4296875,1,45.44814842640673,45,797.3244356865971,2265.8139070056072,0.30793650793650795,0.6666666666666666,3,0.28888888888888886,3.03125,0.34486038523046864,758.8153511967643,710.2071442379702,853.9003953138242,0.30793650793650795,797.3244356865971,2265.8139070056072,13.995144118607788,3,0.0660092897922528,3.03125,discontinuous,discontinuous,0.30793650793650795,True,853.9003953138242
7,155,869,0,285,293,28.00710554508863,,547.28125,134.28125,1,28.00710554508863,28,853.4129193731155,1444.918415783981,0.46938775510204084,0.8214285714285714,2,0.0714285714285714,3.5384615384615383,0.44498890196649393,832.6119232088876,807.9632921634986,853.9003953138242,0.46938775510204084,853.4129193731155,1444.918415783981,13.146192398715073,2,0.07141044963679666,3.5384615384615383,thick,thick,0.46938775510204084,True,853.9003953138242
248,359,870,0,300,262,15.124249268759062,,536.50390625,838.50390625,1,15.124249268759062,15,960.0357275237137,1677.964565357586,0.5428571428571428,1.0,1,0.0,3.8,0.32158425929514667,818.0175033268913,972.9935210535388,853.9003953138242,0.5428571428571428,960.0357275237137,1677.964565357586,8.210306745897777,1,0.0661189843032817,3.8,thick,thick,0.5428571428571428,True,853.9003953138242
248,421,871,0,300,252,46.746861363979434,,550.25,864.75,1,46.746861363979434,47,709.2766847382898,1330.8668377826616,0.2006079027355623,0.2978723404255319,6,0.4042553191489362,2.357142857142857,0.557937958773393,683.4816134339255,667.418159951,853.9003953138242,0.2006079027355623,709.2766847382898,1330.8668377826616,9.377789817698002,6,0.1283508630297749,2.357142857142857,reticular,reticular,0.2006079027355623,True,853.9003953138242
23,508,872,0,296,271,87.11884177051013,,569.75390625,374.24609375,1,87.11884177051013,87,912.5244096106131,1976.022220208472,0.4794745484400657,1.0,1,0.0,3.3563218390804597,0.4090136610091401,846.1187068129988,830.9652500863593,853.9003953138242,0.4794745484400657,912.5244096106131,1976.022220208472,41.77126731853688,1,0.011478573172887403,3.3563218390804597,thick,thick,0.4794745484400657,True,853.9003953138242
170,403,873,0,282,295,26.415456294961672,,549.75,651.75,1,26.415456294961672,26,797.7271980429692,1416.4852868762803,0.41208791208791207,1.0,1,0.0,2.8846153846153846,0.22191089302790984,742.7648432242461,767.1920569055031,853.9003953138242,0.41208791208791207,797.7271980429692,1416.4852868762803,10.885490231440249,1,0.037856624123155276,2.8846153846153846,thick,thick,0.41208791208791207,True,853.9003953138242
248,442,874,0,300,280,21.687056454492158,,546.35546875,825.35546875,1,21.687056454492158,22,887.7502292919157,1505.3415129575797,0.525974025974026,1.0,1,0.0,3.6818181818181817,0.3212249834878442,834.0073588519846,877.2651339624564,853.9003953138242,0.525974025974026,887.7502292919157,1505.3415129575797,11.406828394895227,1,0.046110453122044814,3.6818181818181817,thick,thick,0.525974025974026,True,853.9003953138242
254,508,875,0,301,271,67.12032636526357,,556.25,319.75,1,67.12032636526357,67,840.4193832710541,2246.503499576421,0.35181236673773986,0.7761194029850746,2,0.19402985074626866,3.0555555555555554,0.41500771674593917,820.9592158108973,756.5669750051042,853.9003953138242,0.35181236673773986,840.4193832710541,2246.503499576421,23.613760874772897,2,0.029797232944252332,3.0555555555555554,punctate,punctate,0.35181236673773986,True,853.9003953138242
88,254,876,0,289,301,17.470335271428418,,546.75390625,289.75390625,1,17.470335271428418,17,874.0488934248831,2446.887710883045,0.42857142857142855,0.47058823529411764,2,0.11764705882352944,3.4,0.44019498667928725,840.8793965019152,806.2927815094463,853.9003953138242,0.42857142857142855,874.0488934248831,2446.887710883045,7.487286544897893,2,0.11447977207803609,3.4,thick,thick,0.42857142857142855,True,853.9003953138242
69,96,877,0,274,302,14.126991248697404,,544.4609375,5.4609375,1,14.126991248697404,14,920.1214109891749,1550.8597455220959,0.5408163265306123,1.0,1,0.0,3.7857142857142856,0.22719989771306218,873.1876104508457,876.4135598068827,853.9003953138242,0.5408163265306123,920.1214109891749,1550.8597455220959,7.640107512050638,1,0.0707864811689613,3.7857142857142856,thick,thick,0.5408163265306123,True,853.9003953138242
96,354,878,0,302,279,55.3751921882523,,548.8671875,37.1328125,1,55.3751921882523,55,825.1865486175533,1444.5116173171143,0.4103896103896104,0.8545454545454545,2,0.036363636363636376,2.981132075471698,0.30207846996915755,778.9224980752077,789.5773502236108,853.9003953138242,0.4103896103896104,825.1865486175533,1444.5116173171143,22.72540354738666,2,0.036117256138829164,2.981132075471698,thick,thick,0.4103896103896104,True,853.9003953138242
389,421,879,0,292,252,47.889644521358164,,555.75390625,913.75390625,1,47.889644521358164,48,770.4735775389452,1439.9759867667221,0.29464285714285715,0.375,4,0.08333333333333337,2.25,0.4457052822810143,737.2519468400956,716.0041357671962,853.9003953138242,0.29464285714285715,770.4735775389452,1439.9759867667221,14.110341689328745,4,0.08352536419885204,2.25,discontinuous,discontinuous,0.29464285714285715,True,853.9003953138242
23,300,880,0,296,283,29.557316691106003,,551.24609375,398.75390625,1,29.557316691106003,30,891.3806652055374,1627.832866111361,0.49523809523809526,1.0,1,0.0,3.466666666666667,0.24401110654710617,846.756296291086,827.2322814739049,853.9003953138242,0.49523809523809526,891.3806652055374,1627.832866111361,14.637909218452497,1,0.03383257047487354,3.466666666666667,thick,thick,0.49523809523809526,True,853.9003953138242
37,75,882,0,303,276,27.497611252924713,,548.83203125,239.83203125,1,27.497611252924713,27,846.0618932535995,2432.708963885125,0.328042328042328,0.5185185185185185,4,0.2592592592592593,3.1,0.4773757608693142,794.9068256545166,834.8800039996631,853.9003953138242,0.328042328042328,846.0618932535995,2432.708963885125,9.02038041101234,4,0.14546718124740926,3.1,discontinuous,discontinuous,0.328042328042328,True,853.9003953138242
142,442,883,0,304,280,32.940204288654456,,552.75,796.25,1,32.940204288654456,33,694.5525924736817,1088.2884635253722,0.10822510822510822,0.15151515151515152,6,0.48484848484848486,1.4705882352941178,0.41182520563947994,704.973211502366,635.2653570851118,853.9003953138242,0.10822510822510822,694.5525924736817,1088.2884635253722,3.5649571740968025,6,0.18214823282278703,1.4705882352941178,discontinuous,discontinuous,0.10822510822510822,True,853.9003953138242
37,88,884,0,303,289,38.99035664019429,,555.49609375,265.50390625,1,38.99035664019429,39,713.1167735601691,1614.992442943998,0.1684981684981685,0.1282051282051282,7,0.4871794871794872,2.3,0.6463508151008046,671.0205781809009,707.6449003057036,853.9003953138242,0.1684981684981685,713.1167735601691,1614.992442943998,6.569803682963141,7,0.17953157147539028,2.3,reticular,reticular,0.1684981684981685,True,853.9003953138242
142,280,885,0,304,257,46.26063227346132,,550.8984375,760.8984375,1,46.26063227346132,46,705.9783672312476,1387.6151170962373,0.1956521739130435,0.34782608695652173,5,0.3695652173913043,2.1724137931034484,0.5678902799999466,646.0351608935873,691.6385850179861,853.9003953138242,0.1956521739130435,705.9783672312476,1387.6151170962373,9.050993270894606,5,0.10808326117212166,2.1724137931034484,discontinuous,discontinuous,0.1956521739130435,True,853.9003953138242
266,300,886,0,298,283,15.382083662338314,,555.1328125,419.1328125,1,15.382083662338314,15,776.8979374615598,1215.1003386600219,0.34285714285714286,1.0,1,0.0,2.4,0.25458753860865785,724.8095577148612,738.3967278990481,853.9003953138242,0.34285714285714286,776.8979374615598,1215.1003386600219,5.27385725565885,1,0.0650106982871516,2.4,punctate,punctate,0.34285714285714286,True,853.9003953138242
37,87,887,0,303,286,41.13122024177022,,571.828125,234.171875,1,41.13122024177022,41,833.6231303903194,1792.396258930477,0.37282229965156793,0.5121951219512195,2,0.12195121951219512,2.9722222222222223,0.4588965868108755,798.8400083883255,795.8641347949065,853.9003953138242,0.37282229965156793,833.6231303903194,1792.396258930477,15.334636118011895,2,0.0486248642331532,2.9722222222222223,punctate,punctate,0.37282229965156793,True,853.9003953138242
37,254,888,0,303,301,19.53846206003898,,562.5,283.5,1,19.53846206003898,20,868.1842083128215,1579.4099672981902,0.45714285714285713,1.0,1,0.0,3.2,0.30618621784789724,833.8506368480469,781.9257978220485,853.9003953138242,0.45714285714285713,868.1842083128215,1579.4099672981902,8.931868370303533,1,0.051181100995929915,3.2,thick,thick,0.45714285714285713,True,853.9003953138242
442,474,889,0,280,305,9.72229172891416,,557.49609375,816.49609375,1,9.72229172891416,10,727.0150265080805,1062.4294226354646,0.17142857142857143,0.4,2,0.5,2.4,0.5651941652604391,627.7607801500886,777.2385289376238,853.9003953138242,0.17142857142857143,727.0150265080805,1062.4294226354646,1.6666785820995702,2,0.20571281501993885,2.4,punctate,punctate,0.17142857142857143,True,853.9003953138242
248,474,890,0,300,305,61.91553316126584,,574.13671875,843.86328125,1,61.91553316126584,62,781.2550710645075,1247.8823424987972,0.3456221198156682,0.5483870967741935,3,0.17741935483870963,2.9411764705882355,0.4732863826479692,762.426811773655,726.5144064767544,853.9003953138242,0.3456221198156682,781.2550710645075,1247.8823424987972,21.399377820714,3,0.048453107755466934,2.9411764705882355,discontinuous,discontinuous,0.3456221198156682,True,853.9003953138242
96,135,891,0,302,306,68.89542063513812,,579.171875,18.828125,1,68.89542063513812,69,874.9791236181093,1699.619303534953,0.43478260869565216,0.7101449275362319,2,0.01449275362318836,3.088235294117647,0.4570436400267362,818.5310151152097,826.9474303990036,853.9003953138242,0.43478260869565216,874.9791236181093,1699.619303534953,29.954530710929617,2,0.02902950561245224,3.088235294117647,thick,thick,0.43478260869565216,True,853.9003953138242
155,415,892,0,293,307,64.64296299748545,,558.53515625,162.53515625,1,64.64296299748545,65,872.6872085605986,1491.6331431607477,0.5010989010989011,1.0,1,0.0,3.5076923076923077,0.3469073672506173,823.485044984629,841.6492451871577,853.9003953138242,0.5010989010989011,872.6872085605986,1491.6331431607477,32.39251772181689,1,0.015469587927751686,3.5076923076923077,thick,thick,0.5010989010989011,True,853.9003953138242
97,354,894,0,294,279,10.067845446386972,,562.98828125,59.98828125,1,10.067845446386972,10,903.985019550382,1357.4197631000152,0.5714285714285714,1.0,1,0.0,4.0,0.2958039891549808,884.6326024558663,871.5447052404155,853.9003953138242,0.5714285714285714,903.985019550382,1357.4197631000152,5.753054540792555,1,0.09932611752188429,4.0,thick,thick,0.5714285714285714,True,853.9003953138242
23,266,895,0,296,298,15.248378910636152,,565.35546875,411.64453125,1,15.248378910636152,15,776.0815206909788,1254.2734552785323,0.23809523809523808,0.4,3,0.2666666666666667,2.272727272727273,0.3298484500494128,736.3445710389149,763.9077644477526,853.9003953138242,0.23809523809523808,776.0815206909788,1254.2734552785323,3.630566407294322,3,0.19674222535927538,2.272727272727273,discontinuous,discontinuous,0.23809523809523808,True,853.9003953138242
403,546,896,0,295,297,23.333588360447145,,567.24609375,702.75390625,1,23.333588360447145,23,770.5603848675984,1442.7500595585918,0.2919254658385093,0.34782608695652173,3,0.08695652173913049,2.238095238095238,0.4339591075398115,735.7108522848202,725.7114422502095,853.9003953138242,0.2919254658385093,770.5603848675984,1442.7500595585918,6.811668651807551,3,0.12857002333534398,2.238095238095238,discontinuous,discontinuous,0.2919254658385093,True,853.9003953138242
142,474,897,0,304,305,62.22304049856989,,589.859375,816.859375,1,62.22304049856989,62,772.9034203997213,1519.2180731509034,0.347926267281106,0.9032258064516129,2,0.08064516129032262,2.6491228070175437,0.46631170178235626,727.7506314402042,717.8931797166962,853.9003953138242,0.347926267281106,772.9034203997213,1519.2180731509034,21.649030219548507,2,0.03214243444188439,2.6491228070175437,punctate,punctate,0.347926267281106,True,853.9003953138242
48,170,898,0,308,282,58.28114796966551,,577.53515625,627.53515625,1,58.28114796966551,58,744.8512897050379,1420.827410205026,0.21921182266009853,0.3448275862068966,7,0.3275862068965517,2.282051282051282,0.4649024913612855,705.479206994899,723.5473548813304,853.9003953138242,0.21921182266009853,744.8512897050379,1420.827410205026,12.775916673153278,7,0.12010744887254791,2.282051282051282,reticular,reticular,0.21921182266009853,True,853.9003953138242
48,403,899,0,308,295,36.56326656973289,,574.390625,653.609375,1,36.56326656973289,37,795.2116904139903,1413.136044231229,0.3552123552123552,0.7027027027027027,2,0.05405405405405406,2.6285714285714286,0.41759505896301186,770.844790649477,750.2287197553469,853.9003953138242,0.3552123552123552,795.2116904139903,1413.136044231229,12.987724032491991,2,0.05469970786624415,2.6285714285714286,punctate,punctate,0.3552123552123552,True,853.9003953138242
7,324,900,0,285,309,22.917918805600177,,563.5,118.5,1,22.917918805600177,23,734.5251232370291,1461.823428388297,0.2422360248447205,0.2608695652173913,4,0.34782608695652173,2.6,0.5217176910096359,703.9472683519,694.028190864436,853.9003953138242,0.2422360248447205,734.5251232370291,1461.823428388297,5.551545549182652,4,0.17453591811410762,2.6,discontinuous,discontinuous,0.2422360248447205,True,853.9003953138242
155,324,901,0,293,309,9.171939004067758,,565.71484375,130.28515625,1,9.171939004067758,9,825.1879648940491,1214.8303412591074,0.42857142857142855,0.8888888888888888,1,0.11111111111111116,3.375,0.3609923831410727,790.5253621495599,800.1559583754884,853.9003953138242,0.42857142857142855,825.1879648940491,1214.8303412591074,3.9308310017433246,1,0.10902819998655679,3.375,thick,thick,0.42857142857142855,True,853.9003953138242
247,546,902,0,310,297,34.00745950624231,,572.5,728.5,1,34.00745950624231,34,781.3415061038654,1389.100950283875,0.24789915966386555,0.3235294117647059,3,0.2647058823529411,2.36,0.6213661959262157,783.5944075181395,737.5856337158998,853.9003953138242,0.24789915966386555,781.3415061038654,1389.100950283875,8.430420633900406,3,0.08821593978372094,2.36,discontinuous,discontinuous,0.24789915966386555,True,853.9003953138242
247,280,903,0,310,257,3.0,,564.5,744.5,1,3.0,3,874.1071428571429,1293.875,0.42857142857142855,1.0,1,0.0,3.0,0.47140452079103173,879.2083333333334,825.0416666666666,853.9003953138242,0.42857142857142855,874.1071428571429,1293.875,1.2857142857142856,1,0.3333333333333333,3.0,thick,thick,0.42857142857142855,True,853.9003953138242
142,247,904,0,304,310,42.078991922677154,,581.61328125,756.31640625,1,42.078991922677154,42,704.6011629883727,1220.5830773021662,0.1836734693877551,0.23809523809523808,7,0.2857142857142857,1.8,0.5629142279100245,673.7256196146624,681.4120251269802,853.9003953138242,0.1836734693877551,704.6011629883727,1220.5830773021662,7.728794434777437,7,0.166353795092405,1.8,reticular,reticular,0.1836734693877551,True,853.9003953138242
276,497,905,0,299,311,34.9907624266451,,565.90234375,548.09765625,1,34.9907624266451,35,936.382840268812,2363.3434609409705,0.5183673469387755,1.0,1,0.0,3.6285714285714286,0.4011886363104566,814.023585754389,931.7971212478706,853.9003953138242,0.5183673469387755,936.382840268812,2363.3434609409705,18.13806868646501,1,0.028578971438430575,3.6285714285714286,thick,thick,0.5183673469387755,True,853.9003953138242
19,497,906,0,265,311,27.774892755362476,,566.5,575.5,1,27.774892755362476,28,711.8894884930837,1339.7176205350206,0.19387755102040816,0.39285714285714285,5,0.3214285714285714,2.0,0.5380275868489703,705.1588557229644,640.5386796519932,853.9003953138242,0.19387755102040816,711.8894884930837,1339.7176205350206,5.384928187264153,5,0.18001869688712493,2.0,discontinuous,discontinuous,0.19387755102040816,True,853.9003953138242
96,97,907,0,302,294,9.944214204491898,,570.28125,58.71875,1,9.944214204491898,10,820.2618878528457,1216.016637031347,0.38571428571428573,1.0,1,0.0,2.7,0.49828237211384113,709.9407370568875,852.5537084219665,853.9003953138242,0.38571428571428573,820.2618878528457,1216.016637031347,3.8356254788754462,1,0.10056098746829994,2.7,punctate,punctate,0.38571428571428573,True,853.9003953138242
97,324,908,0,294,309,24.504832219335515,,576.75390625,103.75390625,1,24.504832219335515,25,881.8450263867527,1437.0843576099037,0.5257142857142857,1.0,1,0.0,3.68,0.23962399657661523,803.4424859672922,862.3509796917261,853.9003953138242,0.5257142857142857,881.8450263867527,1437.0843576099037,12.882540366736384,1,0.04080827777351403,3.68,thick,thick,0.5257142857142857,True,853.9003953138242
421,544,909,0,252,312,17.63276394084908,,568.140625,888.859375,1,17.63276394084908,18,736.9646008182874,1257.7616270463388,0.25396825396825395,0.2777777777777778,4,0.2777777777777778,2.4615384615384617,0.409839907768875,762.7984868526005,652.1253742869243,853.9003953138242,0.25396825396825395,736.9646008182874,1257.7616270463388,4.47816227069183,4,0.22685042534559025,2.4615384615384617,discontinuous,discontinuous,0.25396825396825395,True,853.9003953138242
324,415,910,0,309,307,46.34411484434694,,590.828125,136.1015625,1,46.34411484434694,46,822.3617998699409,1574.3070815995484,0.34782608695652173,0.6086956521739131,4,0.21739130434782605,3.111111111111111,0.4337484929103972,794.6766514974075,786.5144216841667,853.9003953138242,0.34782608695652173,822.3617998699409,1574.3070815995484,16.11969211977285,4,0.08631085119296264,3.111111111111111,discontinuous,discontinuous,0.34782608695652173,True,853.9003953138242
248,544,911,0,300,312,43.158625260931764,,587.16796875,879.83203125,1,43.158625260931764,43,735.80256009232,1162.3786057913558,0.26578073089701,0.627906976744186,3,0.09302325581395354,2.051282051282051,0.4677071733467427,685.3847202160674,711.0334663998557,853.9003953138242,0.26578073089701,735.80256009232,1162.3786057913558,11.470730966360602,3,0.06951101852439384,2.051282051282051,discontinuous,discontinuous,0.26578073089701,True,853.9003953138242
260,497,912,0,290,311,40.97528296188712,,584.5,530.5,1,40.97528296188712,41,794.3495112443911,1936.571101879405,0.3205574912891986,0.2926829268292683,3,0.41463414634146345,3.8333333333333335,0.5144417202695318,752.5217868556886,756.1956531853489,853.9003953138242,0.3205574912891986,794.3495112443911,1936.571101879405,13.134933911127577,3,0.07321486962739049,3.8333333333333335,discontinuous,discontinuous,0.3205574912891986,True,853.9003953138242
389,544,913,0,292,312,49.07437584371891,,584.71875,916.28125,1,49.07437584371891,49,753.8145242281433,1578.3397107682288,0.30029154518950435,0.5102040816326531,3,0.10204081632653061,2.340909090909091,0.4167978239546735,728.008186299881,685.2353633167636,853.9003953138242,0.30029154518950435,753.8145242281433,1578.3397107682288,14.736620151320839,3,0.061131699556479915,2.340909090909091,discontinuous,discontinuous,0.30029154518950435,True,853.9003953138242
37,291,914,0,303,313,38.0547462187235,,574.90234375,264.17578125,1,38.0547462187235,38,788.4138301504615,1656.1261006628956,0.2857142857142857,0.23684210526315788,5,0.3421052631578947,3.04,0.3540427380808871,741.3074534398057,751.5499754350934,853.9003953138242,0.2857142857142857,788.4138301504615,1656.1261006628956,10.872784633921,5,0.13138965560989407,3.04,discontinuous,discontinuous,0.2857142857142857,True,853.9003953138242
254,291,915,0,301,313,27.731893631077877,,582.86328125,289.13671875,1,27.731893631077877,28,807.2204826522627,1526.5778562741443,0.42346938775510207,0.5714285714285714,2,0.0357142857142857,3.074074074074074,0.5156851700971735,764.9710067810472,770.9836822276751,853.9003953138242,0.42346938775510207,807.2204826522627,1526.5778562741443,11.743608017242163,2,0.07211912848817113,3.074074074074074,thick,thick,0.42346938775510207,True,853.9003953138242
266,340,916,0,298,314,18.71076851424141,,577.75,420.25,1,18.71076851424141,19,700.561537132324,1244.4837376571015,0.18045112781954886,0.3684210526315789,2,0.5263157894736843,2.6666666666666665,0.6123724356957946,666.5719791287592,687.1206616453678,853.9003953138242,0.18045112781954886,700.561537132324,1244.4837376571015,3.3763792807653665,2,0.10689031818643534,2.6666666666666665,punctate,punctate,0.18045112781954886,True,853.9003953138242
23,340,917,0,296,314,46.46458612209332,,589.53125,406.46875,1,46.46458612209332,46,827.1543612222849,2116.5839005138055,0.35714285714285715,0.32608695652173914,4,0.10869565217391308,2.8048780487804876,0.5410904064731842,754.8889732459531,821.4255107336734,853.9003953138242,0.35714285714285715,827.1543612222849,2116.5839005138055,16.59449504360476,4,0.08608706832100782,2.8048780487804876,discontinuous,discontinuous,0.35714285714285715,True,853.9003953138242
170,497,918,0,282,311,49.65491830013278,,590.5,569.5,1,49.65491830013278,50,610.0307279633458,1163.1724118910597,0.04285714285714286,0.08,4,0.8200000000000001,1.6666666666666667,0.4898979485566356,601.4603100716299,575.9915886955636,853.9003953138242,0.04285714285714286,610.0307279633458,1163.1724118910597,2.1280679271485474,4,0.08055596780609957,1.6666666666666667,discontinuous,discontinuous,0.04285714285714286,False,853.9003953138242
403,543,919,0,295,315,47.098227484161306,,576.49609375,687.49609375,1,47.098227484161306,47,698.4359257069506,1271.348118020826,0.2006079027355623,0.2978723404255319,6,0.25531914893617025,1.8857142857142857,0.5034317492677621,656.7705709132139,659.4845799032076,853.9003953138242,0.2006079027355623,698.4359257069506,1271.348118020826,9.448276638160019,6,0.1273933292291678,1.8857142857142857,reticular,reticular,0.2006079027355623,True,853.9003953138242
97,139,920,0,294,316,39.18935359565024,,580.640625,79.359375,1,39.18935359565024,39,595.2038746444832,942.2935471316539,0.03663003663003663,0.07692307692307693,1,0.9230769230769231,3.3333333333333335,0.5099019513592785,600.4698161836748,586.7904517068349,853.9003953138242,0.03663003663003663,595.2038746444832,942.2935471316539,1.435507457716126,1,0.025517134329844968,3.3333333333333335,discontinuous,discontinuous,0.03663003663003663,False,853.9003953138242
96,139,921,0,302,316,16.332341039609346,,581.53125,56.53125,1,16.332341039609346,16,868.0220418585615,1686.1777745692793,0.45535714285714285,1.0,1,0.0,3.1875,0.5458592512578453,828.635885597738,857.0384140266902,853.9003953138242,0.45535714285714285,868.0220418585615,1686.1777745692793,7.43704815196497,1,0.061228209573556576,3.1875,thick,thick,0.45535714285714285,True,853.9003953138242
543,546,922,0,315,297,8.156863915511133,,578.86328125,712.13671875,1,8.156863915511133,8,838.9784616430769,1309.0242137311134,0.42857142857142855,1.0,1,0.0,3.0,0.5270462766947299,850.6804058189628,730.9446703483243,853.9003953138242,0.42857142857142855,838.9784616430769,1309.0242137311134,3.4957988209333424,1,0.12259613625506183,3.0,thick,thick,0.42857142857142855,True,853.9003953138242
155,252,923,0,293,317,35.13074380213176,,583.2421875,191.2421875,1,35.13074380213176,35,637.704732145973,1515.2797905113534,0.05714285714285714,0.08571428571428572,3,0.8571428571428572,2.8,0.6925256939166186,667.4189183572311,592.8282159588954,853.9003953138242,0.05714285714285714,637.704732145973,1515.2797905113534,2.0074710744075293,3,0.08539528843730196,2.8,discontinuous,discontinuous,0.05714285714285714,True,853.9003953138242
110,337,924,0,318,288,23.613895950816822,,581.4609375,454.46875,1,23.613895950816822,24,658.8202587884695,1456.396166422559,0.13095238095238096,0.2916666666666667,3,0.5833333333333333,2.2,0.4453617714151233,663.3544028270834,621.4994410195617,853.9003953138242,0.13095238095238096,658.8202587884695,1456.396166422559,3.0922958983212507,3,0.12704383919741238,2.2,discontinuous,discontinuous,0.13095238095238096,True,853.9003953138242
252,415,925,0,317,307,30.695848044742423,,591.13671875,169.13671875,1,30.695848044742423,31,856.3909454645757,1453.2419198875618,0.46543778801843316,1.0,1,0.0,3.2580645161290325,0.38167000529497785,807.0862195115295,828.8590236541422,853.9003953138242,0.46543778801843316,856.3909454645757,1453.2419198875618,14.28700761529486,1,0.03257769580245494,3.2580645161290325,thick,thick,0.46543778801843316,True,853.9003953138242
110,260,926,0,318,290,28.84038426913428,,592.46875,460.5390625,1,28.84038426913428,29,703.8720823781492,1741.3980334772898,0.20689655172413793,0.2413793103448276,3,0.48275862068965514,2.8,0.4364357804719848,695.8978434802266,660.947613175779,853.9003953138242,0.20689655172413793,703.8720823781492,1741.3980334772898,5.966976055682954,3,0.10402080540967955,2.8,discontinuous,discontinuous,0.20689655172413793,True,853.9003953138242
110,266,927,0,318,298,14.129688755600807,,581.5,435.5,1,14.129688755600807,14,731.5752980073368,1299.1477578198005,0.2857142857142857,1.0,1,0.0,2.0,0.4225771273642583,694.3623461853001,684.9880734011133,853.9003953138242,0.2857142857142857,731.5752980073368,1299.1477578198005,4.037053930171659,1,0.07077296728164761,2.0,punctate,punctate,0.2857142857142857,True,853.9003953138242
247,543,928,0,310,315,35.70431196868769,,596.8671875,712.8671875,1,35.70431196868769,36,773.4285752777845,1403.0174861738174,0.3373015873015873,0.5833333333333334,3,0.05555555555555558,2.5,0.5841031335203016,710.357397601604,770.3760816253848,853.9003953138242,0.3373015873015873,773.4285752777845,1403.0174861738174,12.04312110054942,3,0.08402346480254175,2.5,discontinuous,discontinuous,0.3373015873015873,True,853.9003953138242
87,252,929,0,286,317,36.91348367038435,,600.5,209.5,1,36.91348367038435,37,702.5512954004122,1227.6722807792949,0.2277992277992278,0.32432432432432434,4,0.18918918918918914,1.9666666666666666,0.6496192507368407,686.5738167487792,645.1985294904367,853.9003953138242,0.2277992277992278,702.5512954004122,1227.6722807792949,8.40886307549296,4,0.10836148751815575,1.9666666666666666,discontinuous,discontinuous,0.2277992277992278,True,853.9003953138242
110,340,930,0,318,314,62.89703432637505,,612.72265625,436.98828125,1,62.89703432637505,63,704.4649033496333,1141.577729737289,0.14285714285714285,0.14285714285714285,8,0.4920634920634921,1.96875,0.5605220185082405,667.1419150828865,693.7183953663143,853.9003953138242,0.14285714285714285,704.4649033496333,1141.577729737289,8.985290618053577,8,0.12719200651794968,1.96875,discontinuous,discontinuous,0.14285714285714285,True,853.9003953138242
265,508,931,0,319,271,38.16065649674272,,594.13671875,345.86328125,1,38.16065649674272,38,1026.5245866348284,2124.4946933028514,0.6766917293233082,1.0,1,0.0,4.7368421052631575,0.20367003088692623,953.1432589168812,980.5904130234862,853.9003953138242,0.6766917293233082,1026.5245866348284,2124.4946933028514,25.823000636893568,1,0.02620499990835737,4.7368421052631575,thick,thick,0.6766917293233082,True,853.9003953138242
254,265,932,0,301,319,35.178228039006555,,590.28125,316.28125,1,35.178228039006555,35,809.7024304635781,1560.0055476716664,0.30612244897959184,0.45714285714285713,5,0.19999999999999996,2.6785714285714284,0.5469917732470938,841.3830463377101,730.1106782287746,853.9003953138242,0.30612244897959184,809.7024304635781,1560.0055476716664,10.768845318063232,5,0.1421333671058095,2.6785714285714284,discontinuous,discontinuous,0.30612244897959184,True,853.9003953138242
48,543,933,0,308,315,40.4287508060832,,604.49609375,668.49609375,1,40.4287508060832,40,805.9981682171832,1617.473634704513,0.37857142857142856,0.525,3,0.050000000000000044,2.789473684210526,0.48066940388139623,761.3981417936075,778.5768114155222,853.9003953138242,0.37857142857142856,805.9981682171832,1617.473634704513,15.30516994801721,3,0.07420461775802874,2.789473684210526,discontinuous,discontinuous,0.37857142857142856,True,853.9003953138242
139,324,934,0,316,309,27.28743442554752,,600.359375,94.6484375,1,27.28743442554752,27,950.9621201884215,1481.9579837281194,0.656084656084656,1.0,1,0.0,4.592592592592593,0.36173647567751294,919.9222051659921,898.8392909200139,853.9003953138242,0.656084656084656,950.9621201884215,1481.9579837281194,17.90286703051795,1,0.03664690437382279,4.592592592592593,thick,thick,0.656084656084656,True,853.9003953138242
135,139,935,0,306,316,33.14843788403436,,599.31640625,62.68359375,1,33.14843788403436,33,880.0568068684692,2210.5013308428124,0.42424242424242425,1.0,1,0.0,2.9696969696969697,0.45770737738787354,847.4759535665092,819.3658801345015,853.9003953138242,0.42424242424242425,880.0568068684692,2210.5013308428124,14.062973647772152,1,0.030167334083686666,2.9696969696969697,thick,thick,0.42424242424242425,True,853.9003953138242
291,507,936,0,313,320,59.49437263483132,,610.27734375,281.72265625,1,59.49437263483132,59,764.7189201651661,1590.4921872358514,0.29782082324455206,0.4576271186440678,3,0.05084745762711862,2.1964285714285716,0.4745488828459346,704.5169964613368,725.5268141854947,853.9003953138242,0.29782082324455206,764.7189201651661,1590.4921872358514,17.718663036523616,3,0.050424937135039774,2.1964285714285716,discontinuous,discontinuous,0.29782082324455206,True,853.9003953138242
138,389,937,0,321,292,76.00387607701393,,591.828125,996.171875,1,76.00387607701393,76,701.2176810280148,1375.2293545099835,0.18984962406015038,0.39473684210526316,8,0.3026315789473685,1.9056603773584906,0.5224121171593236,665.5506379200364,658.4224931669992,853.9003953138242,0.18984962406015038,701.2176810280148,1375.2293545099835,14.429307300335351,8,0.10525778964080311,1.9056603773584906,reticular,reticular,0.18984962406015038,True,853.9003953138242
37,507,938,0,303,320,18.847313635369503,,595.53515625,253.53515625,1,18.847313635369503,19,950.7212643006272,1849.2459925494966,0.48872180451127817,0.5789473684210527,2,0.052631578947368474,3.611111111111111,0.5920578893813494,928.1064207825108,893.1697661591517,853.9003953138242,0.48872180451127817,950.7212643006272,1849.2459925494966,9.211093130067802,2,0.1061159186233699,3.611111111111111,thick,thick,0.48872180451127817,True,853.9003953138242
87,133,939,0,286,322,35.59858305278796,,604.72265625,222.72265625,1,35.59858305278796,36,968.9825488821199,2127.1777679143647,0.5634920634920635,1.0,1,0.0,3.9444444444444446,0.3377346143177971,891.3682812972291,911.124355795801,853.9003953138242,0.5634920634920635,968.9825488821199,2127.1777679143647,20.059519021809088,1,0.028091005715512134,3.9444444444444446,thick,thick,0.5634920634920635,True,853.9003953138242
37,133,940,0,303,322,20.25730747760188,,597.89453125,241.10546875,1,20.25730747760188,20,759.6167292292699,1678.730802578165,0.21428571428571427,0.25,2,0.6,3.75,0.47609522856952335,796.2837800374325,712.4736288043902,853.9003953138242,0.21428571428571427,759.6167292292699,1678.730802578165,4.3408516023432595,2,0.0987298041564192,3.75,punctate,punctate,0.21428571428571427,True,853.9003953138242
265,291,941,0,319,313,7.298679895374521,,596.5,297.5703125,1,7.298679895374521,7,836.3681988932332,1238.4588314743048,0.42857142857142855,1.0,1,0.0,3.0,0.3086066999241838,798.3324553065626,785.2625332399705,853.9003953138242,0.42857142857142855,836.3681988932332,1238.4588314743048,3.1280056694462233,1,0.13701107793941503,3.0,thick,thick,0.42857142857142855,True,853.9003953138242
286,389,942,0,323,292,26.04576090794446,,597.50390625,945.50390625,1,26.04576090794446,26,788.525122250601,1593.5688410070707,0.3076923076923077,0.7692307692307693,2,0.15384615384615385,2.5454545454545454,0.40563631041430526,726.3268756997708,765.4584476458997,853.9003953138242,0.3076923076923077,788.525122250601,1593.5688410070707,8.014080279367526,2,0.07678792748918929,2.5454545454545454,punctate,punctate,0.3076923076923077,True,853.9003953138242
291,454,943,0,313,324,39.16123584050523,,619.49609375,298.49609375,1,39.16123584050523,39,837.03342332889,2019.3433733436532,0.4065934065934066,0.6923076923076923,2,0.10256410256410253,3.1714285714285713,0.42294394934434243,800.4961890288027,782.0516501052631,853.9003953138242,0.4065934065934066,837.03342332889,2019.3433733436532,15.922700286798829,2,0.051070911248703776,3.1714285714285713,thick,thick,0.4065934065934066,True,853.9003953138242
265,454,944,0,319,324,66.1256140696125,,611.609375,329.390625,1,66.1256140696125,66,932.9361503834941,2443.114405950796,0.49783549783549785,1.0,1,0.0,3.484848484848485,0.48493368673386733,866.6141427178076,862.9823228713842,853.9003953138242,0.49783549783549785,932.9361503834941,2443.114405950796,32.91967800002354,1,0.015122732908722313,3.484848484848485,thick,thick,0.49783549783549785,True,853.9003953138242
142,242,945,0,304,325,36.815021515215165,,601.7578125,779.25,1,36.815021515215165,37,724.4615879972978,1241.7373607844747,0.21235521235521235,0.4594594594594595,4,0.3783783783783784,2.391304347826087,0.40411110492532487,690.1521157014636,693.1103969838132,853.9003953138242,0.21235521235521235,724.4615879972978,1241.7373607844747,7.817861711725228,4,0.1086513014353897,2.391304347826087,discontinuous,discontinuous,0.21235521235521235,True,853.9003953138242
242,247,946,0,325,310,40.73260281121736,,615.86328125,757.13671875,1,40.73260281121736,41,619.6339867439982,1223.8841872644145,0.14982578397212543,0.3902439024390244,1,0.6097560975609756,2.6875,0.46916839539144223,595.0436673033536,609.0602151540966,853.9003953138242,0.14982578397212543,619.6339867439982,1223.8841872644145,6.102794149415841,1,0.02455035845940613,2.6875,discontinuous,discontinuous,0.14982578397212543,True,853.9003953138242
138,286,947,0,321,323,81.87771295369684,,627.359375,985.640625,1,81.87771295369684,82,649.4116264378052,1143.8057561650737,0.08362369337979095,0.08536585365853659,9,0.6951219512195121,1.92,0.48680506023116343,616.1307553700052,628.6034754509952,853.9003953138242,0.08362369337979095,649.4116264378052,1143.8057561650737,6.846916762678482,9,0.10992002188788107,1.92,discontinuous,discontinuous,0.08362369337979095,True,853.9003953138242
474,523,948,0,305,326,34.404567872931075,,609.83203125,838.83203125,1,34.404567872931075,34,803.0722863500711,1485.9540542272189,0.3865546218487395,0.5294117647058824,3,0.08823529411764708,2.967741935483871,0.48780012331123646,732.7899527315576,793.1802451890728,853.9003953138242,0.3865546218487395,803.0722863500711,1485.9540542272189,13.299244723990164,3,0.08719772360112532,2.967741935483871,discontinuous,discontinuous,0.3865546218487395,True,853.9003953138242
248,523,949,0,300,326,22.295429265043463,,605.28125,862.71875,1,22.295429265043463,22,699.8322183244431,1260.7782080729653,0.21428571428571427,0.36363636363636365,2,0.4545454545454546,2.75,0.6659776053283609,676.346790561623,670.9495133195788,853.9003953138242,0.21428571428571427,699.8322183244431,1260.7782080729653,4.777591985366456,2,0.08970448499665168,2.75,punctate,punctate,0.21428571428571427,True,853.9003953138242
286,544,950,0,323,312,5.419681139337311,,603.171875,933.171875,1,5.419681139337311,5,693.3550741270527,995.4340039133276,0.11428571428571428,0.4,2,0.4,1.3333333333333333,0.3535533905932738,659.2629027700093,673.3903564209886,853.9003953138242,0.11428571428571428,693.3550741270527,995.4340039133276,0.6193921302099784,2,0.36902539994161887,1.3333333333333333,minimal,minimal,0.11428571428571428,True,853.9003953138242
24,170,951,0,327,282,48.626557444422176,,602.50390625,575.49609375,1,48.626557444422176,49,708.7667384418577,1156.8461287764287,0.16326530612244897,0.16326530612244897,5,0.44897959183673475,2.074074074074074,0.4896896143143604,670.9518773580788,707.0332143009445,853.9003953138242,0.16326530612244897,708.7667384418577,1156.8461287764287,7.939029786844436,5,0.1028244700586662,2.074074074074074,discontinuous,discontinuous,0.16326530612244897,True,853.9003953138242
133,507,952,0,322,320,35.38951809010756,,616.28125,258.71875,1,35.38951809010756,35,906.3509197898169,1932.4646643057451,0.42448979591836733,0.7142857142857143,3,0.08571428571428574,3.25,0.40703866324070626,885.4658215658993,813.8578091404058,853.9003953138242,0.42448979591836733,906.3509197898169,1932.4646643057451,15.022489311719125,3,0.084770863292388,3.25,thick,thick,0.42448979591836733,True,853.9003953138242
114,415,953,0,328,307,22.972919988694848,,605.1328125,152.1328125,1,22.972919988694848,23,930.3707483588267,1572.6084085447924,0.5652173913043478,1.0,1,0.0,3.9565217391304346,0.32038197224424725,906.4228786338313,849.9722015169855,853.9003953138242,0.5652173913043478,930.3707483588267,1572.6084085447924,12.98469390665361,1,0.043529512160060964,3.9565217391304346,thick,thick,0.5652173913043478,True,853.9003953138242
24,260,954,0,327,290,74.94153147656519,,616.4609375,501.53125,1,74.94153147656519,75,731.9320355303549,1729.0866959203795,0.21333333333333335,0.32,6,0.43999999999999995,2.6666666666666665,0.4677071733467427,674.1610966994848,713.2101569461728,853.9003953138242,0.21333333333333335,731.9320355303549,1729.0866959203795,15.987526715000575,6,0.0800624150825667,2.6666666666666665,reticular,reticular,0.21333333333333335,True,853.9003953138242
24,110,955,0,327,318,64.92466344044526,,627.75390625,481.24609375,1,64.92466344044526,65,791.8905175179249,2095.278234401941,0.3120879120879121,0.3076923076923077,7,0.23076923076923073,2.84,0.6468147889129597,750.1353650991654,748.2837607236079,853.9003953138242,0.3120879120879121,791.8905175179249,2095.278234401941,20.26220265613896,7,0.10781727049568812,2.84,reticular,reticular,0.3120879120879121,True,853.9003953138242
24,497,956,0,327,311,15.3023664713145,,605.13671875,544.13671875,1,15.3023664713145,15,633.064126900396,1093.783989027413,0.0761904761904762,0.2,1,0.8,2.6666666666666665,0.3535533905932738,574.9895531368761,675.0186664554013,853.9003953138242,0.0761904761904762,633.064126900396,1093.783989027413,1.1658945882906286,1,0.0653493694504428,2.6666666666666665,discontinuous,discontinuous,0.0761904761904762,True,853.9003953138242
161,170,957,0,329,282,23.05936770927438,,607.13671875,605.86328125,1,23.05936770927438,23,700.5820187190475,1307.6766131003817,0.09937888198757763,0.2608695652173913,3,0.6086956521739131,1.7777777777777777,0.5153882032022076,646.0749985937979,704.2696145205101,853.9003953138242,0.09937888198757763,700.5820187190475,1307.6766131003817,2.291614182288137,3,0.13009897052786112,1.7777777777777777,discontinuous,discontinuous,0.09937888198757763,True,853.9003953138242
48,161,958,0,308,329,51.793443283995714,,620.83203125,636.16796875,1,51.793443283995714,52,754.8085689721629,1375.595451727447,0.2802197802197802,0.4230769230769231,5,0.28846153846153844,2.7567567567567566,0.5619964959986868,751.7534044709787,692.3625069191571,853.9003953138242,0.2802197802197802,754.8085689721629,1375.595451727447,14.513547293866932,5,0.09653731598001346,2.7567567567567566,discontinuous,discontinuous,0.2802197802197802,True,853.9003953138242
544,576,959,0,312,330,29.02189190601826,,614.83203125,921.83203125,1,29.02189190601826,29,718.8949423241125,1238.320142873577,0.1477832512315271,0.2413793103448276,5,0.48275862068965514,2.0,0.5773502691896257,691.0646844130696,697.7977485435863,853.9003953138242,0.1477832512315271,718.8949423241125,1238.320142873577,4.28894954276132,5,0.17228373726259905,2.0,discontinuous,discontinuous,0.1477832512315271,True,853.9003953138242
286,576,960,0,323,330,66.60029116568077,,628.609375,954.3203125,1,66.60029116568077,67,645.7969736788035,1088.5978977369564,0.04477611940298507,0.07462686567164178,6,0.8208955223880597,1.75,0.6226998490772392,619.2725642850301,631.9271211658038,853.9003953138242,0.04477611940298507,645.7969736788035,1088.5978977369564,2.982102589508094,6,0.09008969623081481,1.75,discontinuous,discontinuous,0.04477611940298507,False,853.9003953138242
114,252,961,0,328,317,15.697487562784321,,611.24609375,168.75390625,1,15.697487562784321,16,902.0001636254889,1511.5564741149271,0.5178571428571429,1.0,1,0.0,3.625,0.48643917171261675,846.8569628132223,863.6891309363708,853.9003953138242,0.5178571428571429,902.0001636254889,1511.5564741149271,8.129056059299025,1,0.06370446200389449,3.625,thick,thick,0.5178571428571429,True,853.9003953138242
317,544,962,0,331,312,23.89639625230768,,611.83203125,898.16796875,1,23.89639625230768,24,807.289566680059,1542.0827336079426,0.36904761904761907,1.0,1,0.0,2.5833333333333335,0.36921042394385795,759.4318784158376,729.4588131185068,853.9003953138242,0.36904761904761907,807.289566680059,1542.0827336079426,8.818908140732598,1,0.04184731410718173,2.5833333333333335,punctate,punctate,0.36904761904761907,True,853.9003953138242
248,317,963,0,300,331,21.136898263358287,,608.5390625,876.5390625,1,21.136898263358287,21,774.898864298342,1272.3543782713461,0.3197278911564626,0.6190476190476191,2,0.2857142857142857,3.1333333333333333,0.4180187809444361,755.0364052219635,743.3690710245752,853.9003953138242,0.3197278911564626,774.898864298342,1272.3543782713461,6.758055907332242,2,0.09462126254669471,3.1333333333333333,punctate,punctate,0.3197278911564626,True,853.9003953138242
454,508,964,0,324,271,11.30252595425274,,609.53515625,362.46484375,1,11.30252595425274,11,925.4053548920498,1495.3822907293447,0.5714285714285714,1.0,1,0.0,4.0,0.3843530573929037,896.5127276480652,871.4974453210933,853.9003953138242,0.5714285714285714,925.4053548920498,1495.3822907293447,6.458586259572994,1,0.08847579771526518,4.0,thick,thick,0.5714285714285714,True,853.9003953138242
114,324,965,0,328,309,24.90071413164556,,619.31640625,135.31640625,1,24.90071413164556,25,833.3275589405586,1285.8164375867184,0.49714285714285716,1.0,1,0.0,3.48,0.35539367433885766,814.2423494054904,782.0901859320206,853.9003953138242,0.49714285714285716,833.3275589405586,1285.8164375867184,12.379212168303793,1,0.040159490796656726,3.48,thick,thick,0.49714285714285716,True,853.9003953138242
23,454,966,0,296,324,45.6980026280451,,619.35546875,385.64453125,1,45.6980026280451,46,850.538164999498,1600.108374643127,0.40993788819875776,0.43478260869565216,3,0.06521739130434778,3.0697674418604652,0.47334846520646384,809.5982556172539,803.985988114878,853.9003953138242,0.40993788819875776,850.538164999498,1600.108374643127,18.733342692242093,3,0.06564838346258232,3.0697674418604652,thick,thick,0.40993788819875776,True,853.9003953138242
24,161,967,0,327,329,47.73492832901835,,630.86328125,599.86328125,1,47.73492832901835,48,753.6415759318066,1237.7399306800198,0.25595238095238093,0.4375,4,0.4375,3.185185185185185,0.41012074624531164,716.6625733355668,738.7690335122088,853.9003953138242,0.25595238095238093,753.6415759318066,1237.7399306800198,12.217868560403506,4,0.08379608265942186,3.185185185185185,discontinuous,discontinuous,0.25595238095238093,True,853.9003953138242
139,503,968,0,316,332,25.014535239571178,,615.35546875,81.35546875,1,25.014535239571178,25,929.3261191374648,1425.4689919037996,0.6742857142857143,1.0,1,0.0,4.72,0.2906174271098686,945.6092738865624,865.1181792206867,853.9003953138242,0.6742857142857143,929.3261191374648,1425.4689919037996,16.86694376153942,1,0.03997675713031328,4.72,thick,thick,0.6742857142857143,True,853.9003953138242
324,503,969,0,309,332,42.50578127067438,,623.828125,110.171875,1,42.50578127067438,43,748.9523331390717,1470.2214328465188,0.2956810631229236,0.2558139534883721,4,0.2325581395348837,2.696969696969697,0.6421227893136876,723.0518230856679,719.5206522684601,853.9003953138242,0.2956810631229236,748.9523331390717,1470.2214328465188,12.568154594983456,4,0.09410484598620195,2.696969696969697,discontinuous,discontinuous,0.2956810631229236,True,853.9003953138242
340,454,971,0,314,324,5.419681139337311,,614.5,410.5,1,5.419681139337311,5,853.6900476076951,1240.4848443965325,0.45714285714285713,1.0,1,0.0,3.2,0.2338535866733713,820.905653483256,807.6881064682373,853.9003953138242,0.45714285714285713,853.6900476076951,1240.4848443965325,2.4775685208399136,1,0.18451269997080944,3.2,thick,thick,0.45714285714285713,True,853.9003953138242
108,543,972,0,333,315,41.01940991244608,,619.1328125,697.1328125,1,41.01940991244608,41,836.901960547745,1543.8813847745132,0.49477351916376305,1.0,1,0.0,3.4634146341463414,0.3612888827712862,791.3938622654543,801.3043462506486,853.9003953138242,0.49477351916376305,836.901960547745,1543.8813847745132,20.295317796401893,1,0.024378702719869715,3.4634146341463414,thick,thick,0.49477351916376305,True,853.9003953138242
108,247,973,0,333,310,37.41331374415656,,624.140625,729.859375,1,37.41331374415656,37,770.1321179519668,1463.6540033327826,0.3359073359073359,0.43243243243243246,3,0.18918918918918914,2.9,0.4570320770591044,761.0310209822806,720.1754492241129,853.9003953138242,0.3359073359073359,770.1321179519668,1463.6540033327826,12.567406547264945,3,0.0801853591615781,2.9,discontinuous,discontinuous,0.3359073359073359,True,853.9003953138242
125,142,974,0,334,304,22.02592550783843,,618.390625,800.609375,1,22.02592550783843,22,696.927342173881,1184.610359384768,0.21428571428571427,0.36363636363636365,2,0.31818181818181823,2.2,0.3784847271756605,658.7135767908768,656.7752630473472,853.9003953138242,0.21428571428571427,696.927342173881,1184.610359384768,4.719841180251092,2,0.09080208680848639,2.2,punctate,punctate,0.21428571428571427,True,853.9003953138242
125,242,975,0,334,325,40.140342489445516,,627.828125,792.1015625,1,40.140342489445516,40,680.413717856517,1077.8252661201861,0.14285714285714285,0.15,6,0.525,2.1052631578947367,0.6698880503487132,659.0401174280638,646.7262001051419,853.9003953138242,0.14285714285714285,680.413717856517,1077.8252661201861,5.734334641349359,6,0.14947555571001014,2.1052631578947367,discontinuous,discontinuous,0.14285714285714285,True,853.9003953138242
190,248,976,0,335,300,4.135128242442549,,615.13671875,868.86328125,1,4.135128242442549,4,857.9896003247525,1045.964147696277,0.5357142857142857,1.0,1,0.0,3.75,0.2905932629027116,822.0849660727458,869.4627868758456,853.9003953138242,0.5357142857142857,857.9896003247525,1045.964147696277,2.2152472727370793,1,0.241830468457084,3.75,thick,thick,0.5357142857142857,True,853.9003953138242
135,503,977,0,306,332,21.799252521289965,,624.8671875,72.1328125,1,21.799252521289965,22,922.7029883475443,1606.4359252857366,0.5584415584415584,1.0,1,0.0,3.909090909090909,0.44914437013553404,891.5831545368254,852.9683855831652,853.9003953138242,0.5584415584415584,922.7029883475443,1606.4359252857366,12.17360855085024,1,0.04587313253164817,3.909090909090909,thick,thick,0.5584415584415584,True,853.9003953138242
190,523,978,0,335,326,40.09111513960953,,633.13671875,859.13671875,1,40.09111513960953,40,699.8779060899467,1136.3344437913556,0.15714285714285714,0.225,5,0.4,1.8333333333333333,0.5378254348272379,667.7963542641899,670.3073660361446,853.9003953138242,0.15714285714285714,699.8779060899467,1136.3344437913556,6.300032379081497,5,0.1247159123059678,1.8333333333333333,discontinuous,discontinuous,0.15714285714285714,True,853.9003953138242
110,454,979,0,318,324,70.1517479704864,,638.16796875,436.83203125,1,70.1517479704864,70,740.3172885764021,1691.334941809145,0.22244897959183674,0.37142857142857144,6,0.44285714285714284,2.7948717948717947,0.573963020903378,722.4509093531201,698.8583909707022,853.9003953138242,0.22244897959183674,740.3172885764021,1691.334941809145,15.605184752618403,6,0.08552887381401053,2.7948717948717947,reticular,reticular,0.22244897959183674,True,853.9003953138242
190,317,980,0,335,331,72.64502270156365,,646.5,888.5,1,72.64502270156365,73,752.5514810251925,1354.7231831413842,0.2465753424657534,0.2054794520547945,9,0.273972602739726,2.3773584905660377,0.5905103250075643,742.2970144965923,711.3324896066051,853.9003953138242,0.2465753424657534,752.5514810251925,1354.7231831413842,17.912471351070486,9,0.12389011201735477,2.3773584905660377,reticular,reticular,0.2465753424657534,True,853.9003953138242
252,462,981,0,317,336,28.020223544483194,,618.28515625,189.71484375,1,28.020223544483194,28,668.1790207387346,1584.2966369868275,0.11734693877551021,0.14285714285714285,3,0.75,3.2857142857142856,0.5567934119506824,667.1360261541529,645.2690120280547,853.9003953138242,0.11734693877551021,668.1790207387346,1584.2966369868275,3.288087456750579,3,0.10706552698401507,3.2857142857142856,discontinuous,discontinuous,0.11734693877551021,True,853.9003953138242
114,462,982,0,328,336,46.416960157805946,,640.24609375,172.31640625,1,46.416960157805946,46,807.0403040036241,1720.1805895637606,0.37267080745341613,0.6521739130434783,3,0.06521739130434778,2.7906976744186047,0.3503966006938106,764.8652553098958,761.0321002788774,853.9003953138242,0.37267080745341613,807.0403040036241,1720.1805895637606,17.29824602154259,3,0.06463154824875988,2.7906976744186047,discontinuous,discontinuous,0.37267080745341613,True,853.9003953138242
240,252,983,0,337,317,12.997116467957477,,620.49609375,203.49609375,1,12.997116467957477,13,831.201667539659,1473.855136975192,0.38461538461538464,0.38461538461538464,2,0.23076923076923073,3.5,0.3440455593940656,809.3986263621713,791.9156727408747,853.9003953138242,0.38461538461538464,831.201667539659,1473.855136975192,4.998890949214415,2,0.15388028605658127,3.5,punctate,punctate,0.38461538461538464,True,853.9003953138242
87,240,984,0,286,337,6.069162784509904,,619.49609375,211.50390625,1,6.069162784509904,6,1005.0636948844462,1477.3528813140904,0.8095238095238095,1.0,1,0.0,5.666666666666667,0.13153341044116407,1059.6549331267258,900.2031061707281,853.9003953138242,0.8095238095238095,1005.0636948844462,1477.3528813140904,4.913131777936589,1,0.16476737163027863,5.666666666666667,thick,thick,0.8095238095238095,True,853.9003953138242
48,108,985,0,308,333,44.2019601204539,,636.35546875,683.64453125,1,44.2019601204539,44,945.40546685593,1673.2872355673785,0.5876623376623377,1.0,1,0.0,4.113636363636363,0.3286712423809027,910.7042754414725,869.4399147456317,853.9003953138242,0.5876623376623377,945.40546685593,1673.2872355673785,25.975827213643363,1,0.02262343111651428,4.113636363636363,thick,thick,0.5876623376623377,True,853.9003953138242
142,523,986,0,304,326,12.736054358784278,,619.015625,818.71875,1,12.736054358784278,13,853.3276693659814,1630.7979077933758,0.5494505494505495,1.0,1,0.0,3.8461538461538463,0.3655133376499413,888.4092459406149,736.3233924928575,853.9003953138242,0.5494505494505495,853.3276693659814,1630.7979077933758,6.9978320652660875,1,0.07851725281859233,3.8461538461538463,thick,thick,0.5494505494505495,True,853.9003953138242
317,576,987,0,331,330,58.599378873931826,,645.25,919.75,1,58.599378873931826,59,760.6355229511314,1538.3716045827994,0.28087167070217917,0.5084745762711864,4,0.10169491525423724,2.188679245283019,0.4353234887225033,715.9539131811995,725.2130878283868,853.9003953138242,0.28087167070217917,760.6355229511314,1538.3716045827994,16.458905446431213,4,0.06826010918316092,2.188679245283019,discontinuous,discontinuous,0.28087167070217917,True,853.9003953138242
133,240,988,0,322,337,22.202050095003205,,630.71875,219.28125,1,22.202050095003205,22,964.2683991742749,1824.1254122635792,0.4935064935064935,1.0,1,0.0,3.4545454545454546,0.2578410255561239,891.4563522760208,867.7528264196967,853.9003953138242,0.4935064935064935,964.2683991742749,1824.1254122635792,10.956855891040544,1,0.04504088567141194,3.4545454545454546,thick,thick,0.4935064935064935,True,853.9003953138242
142,428,989,0,304,338,5.0,,623.5,812.5,1,5.0,5,788.1678571428571,1136.125,0.4,1.0,1,0.0,2.8,0.2672612419124244,790.6250000000001,701.9,853.9003953138242,0.4,788.1678571428571,1136.125,2.0,1,0.2,2.8,thick,thick,0.4,True,853.9003953138242
428,523,990,0,338,326,58.31470946516782,,644.83203125,831.16796875,1,58.31470946516782,58,746.8730336893224,1303.7023524889016,0.25862068965517243,0.5517241379310345,2,0.3275862068965517,2.6923076923076925,0.454156914954909,703.5055128945518,732.379150375109,853.9003953138242,0.25862068965517243,746.8730336893224,1303.7023524889016,15.081390378922714,2,0.03429666405514079,2.6923076923076925,punctate,punctate,0.25862068965517243,True,853.9003953138242
125,428,991,0,334,338,103.31824399483926,,662.28515625,828.71484375,1,103.31824399483926,103,706.055076214878,1297.0319708966551,0.18307905686546463,0.2815533980582524,11,0.35922330097087374,2.0,0.49236596391733095,678.1987302786213,660.3968229300842,853.9003953138242,0.18307905686546463,706.055076214878,1297.0319708966551,18.915406667571126,11,0.10646715986142243,2.0,reticular,reticular,0.18307905686546463,True,853.9003953138242
240,462,992,0,337,336,96.51678576687063,,666.16796875,219.83203125,1,96.51678576687063,97,817.2324360544743,1713.4422947089995,0.36524300441826213,0.422680412371134,7,0.11340206185567014,2.883720930232558,0.4374210200748586,760.5577229011194,776.4947382590631,853.9003953138242,0.36524300441826213,817.2324360544743,1713.4422947089995,35.25208081028559,7,0.07252624447013806,2.883720930232558,reticular,reticular,0.36524300441826213,True,853.9003953138242
114,503,993,0,328,332,9.986497021059309,,633.609375,130.390625,1,9.986497021059309,10,895.6167691556316,1365.8357835399302,0.5714285714285714,1.0,1,0.0,4.0,0.19364916731037085,778.3537496731458,932.3536633902693,853.9003953138242,0.5714285714285714,895.6167691556316,1365.8357835399302,5.7065697263196045,1,0.10013521236638048,4.0,thick,thick,0.5714285714285714,True,853.9003953138242
125,247,994,0,334,310,18.931299025779666,,636.75,765.75,1,18.931299025779666,19,699.7856029752144,1313.8475232890703,0.12781954887218044,0.21052631578947367,4,0.5789473684210527,2.125,0.49565586901037406,674.5312537815731,690.6474910376032,853.9003953138242,0.12781954887218044,699.7856029752144,1313.8475232890703,2.419790101039506,4,0.2112903078945088,2.125,discontinuous,discontinuous,0.12781954887218044,True,853.9003953138242
18,133,995,0,339,322,42.15610054773868,,637.171875,247.1015625,1,42.15610054773868,42,613.0387231792514,1414.8649590875625,0.11564625850340136,0.14285714285714285,4,0.7857142857142857,3.7777777777777777,0.6457205411794161,610.5567989868786,599.0051821822965,853.9003953138242,0.11564625850340136,613.0387231792514,1414.8649590875625,4.875195301439168,4,0.09488543646180686,3.7777777777777777,discontinuous,discontinuous,0.11564625850340136,True,853.9003953138242
112,291,996,0,340,313,13.053018596174017,,636.390625,301.390625,1,13.053018596174017,13,808.8177682657881,1599.3109792782277,0.34065934065934067,0.6153846153846154,1,0.3846153846153846,3.875,0.4168660639780673,741.8749619067468,783.8271523463019,853.9003953138242,0.34065934065934067,808.8177682657881,1599.3109792782277,4.446632708586753,1,0.07661063168125042,3.875,punctate,punctate,0.34065934065934067,True,853.9003953138242
18,507,997,0,339,320,24.590640378734097,,638.46484375,273.53515625,1,24.590640378734097,25,1005.6979075529243,2455.8211812825884,0.6742857142857143,1.0,1,0.0,4.72,0.27145114200079606,938.1887696950346,976.9355558330566,853.9003953138242,0.6742857142857143,1005.6979075529243,2455.8211812825884,16.58111751251785,1,0.04066587874892419,4.72,thick,thick,0.6742857142857143,True,853.9003953138242
112,454,998,0,340,324,6.795703272812884,,636.50390625,309.49609375,1,6.795703272812884,7,1243.6087699327975,2263.0061004517424,0.8571428571428571,1.0,1,0.0,6.0,0.23570226039551587,1229.468325049782,1152.3628344125668,853.9003953138242,0.8571428571428571,1243.6087699327975,2263.0061004517424,5.8248885195539,1,0.14715180458226204,6.0,thick,thick,0.8571428571428571,True,853.9003953138242
360,503,999,0,341,332,75.16785492218285,,653.5,104.5,1,75.16785492218285,75,708.9799710559157,1509.3334685552613,0.2,0.36,5,0.3466666666666667,2.142857142857143,0.6253887679764573,676.9099033271509,673.0856507989288,853.9003953138242,0.2,708.9799710559157,1509.3334685552613,15.033570984436572,5,0.06651779547489049,2.142857142857143,discontinuous,discontinuous,0.2,True,853.9003953138242
135,360,1000,0,306,341,9.031820305451953,,639.16796875,70.16796875,1,9.031820305451953,9,840.0644450965533,1573.3334886239245,0.36507936507936506,0.4444444444444444,3,0.2222222222222222,3.2857142857142856,0.5070392952039392,811.5636943087195,776.5220757785496,853.9003953138242,0.36507936507936506,840.0644450965533,1573.3334886239245,3.297331222625316,3,0.33215895561928804,3.2857142857142856,discontinuous,discontinuous,0.36507936507936506,True,853.9003953138242
114,285,1001,0,328,342,45.40990744415913,,648.50390625,150.49609375,1,45.40990744415913,45,858.7590604146636,1955.6065641866849,0.45714285714285713,1.0,1,0.0,3.2,0.35843021946010944,794.6798677947613,824.2865245759397,853.9003953138242,0.45714285714285713,858.7590604146636,1955.6065641866849,20.758814831615602,1,0.022021626034576414,3.2,thick,thick,0.45714285714285713,True,853.9003953138242
285,503,1002,0,342,332,37.667134423962636,,654.390625,135.609375,1,37.667134423962636,38,748.957130042987,1407.6598680851048,0.20676691729323307,0.23684210526315788,4,0.5526315789473684,3.235294117647059,0.51425947722658,723.4811284634851,736.9709344290146,853.9003953138242,0.20676691729323307,748.957130042987,1407.6598680851048,7.788317268112575,4,0.10619337152059348,3.235294117647059,discontinuous,discontinuous,0.20676691729323307,True,853.9003953138242
36,507,1003,0,343,320,2.2360802701559255,,639.16796875,287.16796875,1,2.2360802701559255,2,959.8170149044846,1201.187853301869,0.6428571428571429,1.0,1,0.0,4.5,0.1111111111111111,905.8716631215755,962.6217649453569,853.9003953138242,0.6428571428571429,959.8170149044846,1201.187853301869,1.4374801736716665,1,0.44721113698224635,4.5,thick,thick,0.6428571428571429,True,853.9003953138242
36,291,1004,0,343,313,7.0,,638.5,292.5,1,7.0,7,660.1428571428571,977.0,0.12244897959183673,0.2857142857142857,2,0.5714285714285714,2.0,0.0,640.202380952381,641.3511904761905,853.9003953138242,0.12244897959183673,660.1428571428571,977.0,0.8571428571428571,2,0.2857142857142857,2.0,minimal,minimal,0.12244897959183673,True,853.9003953138242
36,112,1005,0,343,340,58.384364597259214,,665.49609375,297.49609375,1,58.384364597259214,58,698.9558387358045,1696.4781981920794,0.17980295566502463,0.15517241379310345,7,0.5517241379310345,2.8076923076923075,0.5321349205357543,673.5487121541466,672.0032749343525,853.9003953138242,0.17980295566502463,698.9558387358045,1696.4781981920794,10.497681319211631,7,0.11989511315720659,2.8076923076923075,reticular,reticular,0.17980295566502463,True,853.9003953138242
112,314,1006,0,340,344,62.388361440669186,,662.50390625,320.49609375,1,62.388361440669186,62,848.7169582273634,2173.6644424607093,0.4631336405529954,1.0,1,0.0,3.2419354838709675,0.4882977495448743,798.0420151122463,817.9913888660125,853.9003953138242,0.4631336405529954,848.7169582273634,2173.6644424607093,28.894148962153242,1,0.016028630611672527,3.2419354838709675,thick,thick,0.4631336405529954,True,853.9003953138242
314,454,1007,0,344,324,60.80008942884502,,661.13671875,329.86328125,1,60.80008942884502,61,989.4526081818423,2394.2901970348576,0.5784543325526932,1.0,1,0.0,4.049180327868853,0.48251228875917673,914.9577857608899,915.5754533677706,853.9003953138242,0.5784543325526932,989.4526081818423,2394.2901970348576,35.170075149706605,1,0.016447344229161217,4.049180327868853,thick,thick,0.5784543325526932,True,853.9003953138242
247,410,1008,0,310,345,24.694756788961406,,641.50390625,753.49609375,1,24.694756788961406,25,791.580664996701,1510.4389658831892,0.34285714285714286,0.76,2,0.16000000000000003,2.857142857142857,0.34641016151377546,748.129814144263,742.8629272717995,853.9003953138242,0.34285714285714286,791.580664996701,1510.4389658831892,8.46677375621534,2,0.08098885188834914,2.857142857142857,punctate,punctate,0.34285714285714286,True,853.9003953138242
18,240,1009,0,339,337,55.61235264605974,,664.13671875,237.86328125,1,55.61235264605974,56,865.9265845325272,1724.4790883640537,0.45918367346938777,0.6964285714285714,3,0.0714285714285714,3.4615384615384617,0.3903148460055621,794.6394800657861,817.9557081637444,853.9003953138242,0.45918367346938777,865.9265845325272,1724.4790883640537,25.536284378292738,3,0.05394484961089947,3.4615384615384617,thick,thick,0.45918367346938777,True,853.9003953138242
18,36,1010,0,339,343,29.63706201812367,,651.27734375,278.27734375,1,29.63706201812367,30,887.1824783068006,1592.9652054526553,0.49523809523809526,0.7666666666666667,2,0.1333333333333333,4.0,0.3466876226407682,817.4829520492744,897.9942072912075,853.9003953138242,0.49523809523809526,887.1824783068006,1592.9652054526553,14.677402142308866,2,0.06748307233614989,4.0,thick,thick,0.49523809523809526,True,853.9003953138242
108,410,1011,0,333,345,5.223740812303972,,641.31640625,737.31640625,1,5.223740812303972,5,1153.0419479633647,1571.763679225579,0.9142857142857143,1.0,1,0.0,6.4,0.12499999999999999,1123.1485837945793,1157.440251160377,853.9003953138242,0.9142857142857143,1153.0419479633647,1571.763679225579,4.775991599820774,1,0.19143369396211335,6.4,thick,thick,0.9142857142857143,True,853.9003953138242
135,294,1013,0,306,346,65.12557211407916,,654.25,32.25,1,65.12557211407916,65,782.4045972533957,1285.1468606004282,0.35384615384615387,0.8153846153846154,2,0.03076923076923077,2.5555555555555554,0.439723478768394,776.8435050632337,715.402304238432,853.9003953138242,0.35384615384615387,782.4045972533957,1285.1468606004282,23.044433209597244,2,0.03070990296248976,2.5555555555555554,punctate,punctate,0.35384615384615387,True,853.9003953138242
24,82,1014,0,327,347,15.201276300706393,,643.3203125,506.75,1,15.201276300706393,15,970.2961384453328,1634.6776945920572,0.6285714285714286,1.0,1,0.0,4.4,0.2850740563973754,894.7940034430777,960.1686391013646,853.9003953138242,0.6285714285714286,970.2961384453328,1634.6776945920572,9.555087960444018,1,0.06578394999329962,4.4,thick,thick,0.6285714285714286,True,853.9003953138242
161,233,1015,0,329,348,27.013556925800522,,650.16796875,625.16796875,1,27.013556925800522,27,716.3068226677747,1163.5875550774467,0.18518518518518517,0.3333333333333333,5,0.37037037037037035,2.0588235294117645,0.6761234037828132,695.7501003521467,679.8046609156964,853.9003953138242,0.18518518518518517,716.3068226677747,1163.5875550774467,5.002510541814911,5,0.1850922488191299,2.0588235294117645,discontinuous,discontinuous,0.18518518518518517,True,853.9003953138242
108,562,1016,0,333,349,43.82670850613029,,646.828125,714.828125,1,43.82670850613029,44,830.6432606481928,1820.7182719150755,0.4318181818181818,1.0,1,0.0,3.022727272727273,0.4757087657182911,759.708027625786,799.3288924236721,853.9003953138242,0.4318181818181818,830.6432606481928,1820.7182719150755,18.925169582192623,1,0.022817136720639754,3.022727272727273,thick,thick,0.4318181818181818,True,853.9003953138242
48,233,1017,0,308,348,35.04739449491706,,649.5,650.5,1,35.04739449491706,35,783.9027939887795,1330.0020884789792,0.3346938775510204,0.5428571428571428,4,0.08571428571428574,2.5625,0.5929388185923521,800.3048172240382,717.9031070064406,853.9003953138242,0.3346938775510204,783.9027939887795,1330.0020884789792,11.730148361564076,4,0.11413116602947823,2.5625,discontinuous,discontinuous,0.3346938775510204,True,853.9003953138242
135,404,1018,0,306,350,17.44023790471373,,643.8671875,60.1328125,1,17.44023790471373,17,736.1612645898589,1464.3101162327657,0.17647058823529413,0.4117647058823529,3,0.2941176470588235,1.75,0.5773502691896258,678.0596727728695,733.3007214432618,853.9003953138242,0.17647058823529413,736.1612645898589,1464.3101162327657,3.0776890420083056,3,0.1720160020976069,1.75,discontinuous,discontinuous,0.17647058823529413,True,853.9003953138242
360,404,1019,0,341,350,75.8318327503595,,667.72265625,97.27734375,1,75.8318327503595,76,694.8644110423805,1473.4174634627238,0.19172932330827067,0.5657894736842105,7,0.09210526315789469,1.4782608695652173,0.6160109048001965,649.370625800994,647.8914539268494,853.9003953138242,0.19172932330827067,694.8644110423805,1473.4174634627238,14.539185978452384,7,0.09230951891989997,1.4782608695652173,reticular,reticular,0.19172932330827067,True,853.9003953138242
410,562,1020,0,345,349,56.154607397260584,,665.86328125,751.13671875,1,56.154607397260584,56,781.579932575113,1706.4375352600357,0.3520408163265306,0.6964285714285714,2,0.1428571428571429,2.875,0.5001575051228232,728.5014875692648,725.2332417906571,853.9003953138242,0.3520408163265306,781.579932575113,1706.4375352600357,19.76871382862745,2,0.03561595553239621,2.875,punctate,punctate,0.3520408163265306,True,853.9003953138242
125,410,1021,0,334,345,78.95693742197616,,674.71875,786.28125,1,78.95693742197616,79,671.9329650379177,1106.440402599308,0.13924050632911392,0.20253164556962025,13,0.3924050632911392,1.6041666666666667,0.565345424926725,650.6532096186899,628.7271041533515,853.9003953138242,0.13924050632911392,671.9329650379177,1106.440402599308,10.994003944832123,13,0.16464671027604594,1.6041666666666667,discontinuous,discontinuous,0.13924050632911392,True,853.9003953138242
82,110,1022,0,347,318,18.499951714147016,,655.38671875,499.39453125,1,18.499951714147016,18,752.7907366741891,1535.2090375019986,0.25396825396825395,0.3888888888888889,3,0.33333333333333337,2.6666666666666665,0.6373774391990982,743.9826122132796,716.9798053822069,853.9003953138242,0.25396825396825395,752.7907366741891,1535.2090375019986,4.698400435338924,3,0.16216258541398695,2.6666666666666665,discontinuous,discontinuous,0.25396825396825395,True,853.9003953138242
24,62,1023,0,327,351,23.226933615747598,,648.50390625,523.49609375,1,23.226933615747598,23,756.919920103089,1521.885273315916,0.2981366459627329,0.8695652173913043,2,0.04347826086956519,2.1818181818181817,0.7132184486926537,688.7632326828315,719.7948255034144,853.9003953138242,0.2981366459627329,756.919920103089,1521.885273315916,6.924800084198042,2,0.08610693228330504,2.1818181818181817,punctate,punctate,0.2981366459627329,True,853.9003953138242
24,123,1024,0,327,352,51.392693319935645,,656.24609375,558.75390625,1,51.392693319935645,51,864.282680540501,1872.9593249034128,0.4789915966386555,0.9019607843137255,2,0.019607843137254943,3.42,0.4179957258130627,844.1736520349269,787.0471251069696,853.9003953138242,0.4789915966386555,864.282680540501,1872.9593249034128,24.61666822887674,2,0.03891603788011989,3.42,thick,thick,0.4789915966386555,True,853.9003953138242
294,404,1025,0,346,350,54.85350664276951,,673.49609375,61.50390625,1,54.85350664276951,55,690.5400692189174,1231.862434958232,0.16103896103896104,0.4,7,0.2545454545454545,1.5121951219512195,0.7320519818006592,653.886881368436,654.5834440763874,853.9003953138242,0.16103896103896104,690.5400692189174,1231.862434958232,8.83355171909535,7,0.12761262548969057,1.5121951219512195,reticular,reticular,0.16103896103896104,True,853.9003953138242
62,82,1026,0,351,347,30.895878782592575,,659.5,521.4921875,1,30.895878782592575,31,1022.9239637157059,1803.0444021950352,0.7004608294930875,1.0,1,0.0,4.903225806451613,0.30363107261090333,1023.0534115654914,931.6270570033823,853.9003953138242,0.7004608294930875,1022.9239637157059,1803.0444021950352,21.64135287997268,1,0.032366776392307124,4.903225806451613,thick,thick,0.7004608294930875,True,853.9003953138242
62,123,1027,0,351,352,58.85050531985384,,673.49609375,545.50390625,1,58.85050531985384,59,814.9964884521498,1618.9056175805808,0.3801452784503632,0.6101694915254238,5,0.22033898305084743,3.4130434782608696,0.49094192796288244,744.2257788307664,837.440117534601,853.9003953138242,0.3801452784503632,814.9964884521498,1618.9056175805808,22.37174173176042,5,0.08496103768055832,3.4130434782608696,discontinuous,discontinuous,0.3801452784503632,True,853.9003953138242
190,428,1028,0,335,338,38.12101991905198,,664.5,859.5,1,38.12101991905198,38,756.696782538835,1594.5364979951653,0.23684210526315788,0.5789473684210527,2,0.3421052631578947,2.52,0.49078174075366054,722.638063784018,711.7468097271963,853.9003953138242,0.23684210526315788,756.696782538835,1594.5364979951653,9.028662612407048,2,0.05246449345392376,2.52,punctate,punctate,0.23684210526315788,True,853.9003953138242
161,194,1029,0,329,353,19.464305012419178,,658.24609375,607.75390625,1,19.464305012419178,19,793.9504940654529,1329.001243517243,0.3533834586466165,0.631578947368421,3,0.10526315789473684,2.764705882352941,0.7075867722687613,779.8797047632498,745.5588323715735,853.9003953138242,0.3533834586466165,793.9504940654529,1329.001243517243,6.878363425441363,3,0.15412828755436442,2.764705882352941,discontinuous,discontinuous,0.3533834586466165,True,853.9003953138242
48,290,1030,0,308,354,31.008777030065662,,654.6484375,680.640625,1,31.008777030065662,31,889.266498362744,1555.0967588457122,0.5668202764976958,1.0,1,0.0,3.967741935483871,0.31022413054209613,825.9886636333081,880.8078842651385,853.9003953138242,0.5668202764976958,889.266498362744,1555.0967588457122,17.57640357003722,1,0.032248933875412576,3.967741935483871,thick,thick,0.5668202764976958,True,853.9003953138242
108,290,1031,0,333,354,2.0,,654.5,695.5,1,2.0,2,1404.0982142857142,1732.125,1.0,1.0,1,0.0,7.0,0.0,1315.2708333333335,1431.1875,853.9003953138242,1.0,1404.0982142857142,1732.125,2.0,1,0.5,7.0,thick,thick,1.0,True,853.9003953138242
24,194,1032,0,327,353,24.05721382171544,,662.10546875,591.10546875,1,24.05721382171544,24,944.8564796293574,1719.8303323022606,0.5773809523809523,1.0,1,0.0,4.041666666666667,0.37441277932649225,930.5010377005884,859.6971505485557,853.9003953138242,0.5773809523809523,944.8564796293574,1719.8303323022606,13.89017702801427,1,0.04156757334456336,4.041666666666667,thick,thick,0.5773809523809523,True,853.9003953138242
290,562,1033,0,354,349,3.6124035556762317,,656.27734375,697.72265625,1,3.6124035556762317,4,1371.4720204920566,1721.346582540309,0.9642857142857143,1.0,1,0.0,6.75,0.06415002990995841,1323.6699179042885,1353.326990659831,853.9003953138242,0.9642857142857143,1371.4720204920566,1721.346582540309,3.4833891429735093,1,0.27682399947499853,6.75,thick,thick,0.9642857142857143,True,853.9003953138242
233,290,1034,0,348,354,30.529659513831557,,671.46875,661.46875,1,30.529659513831557,31,800.4023900476861,1241.5585293273239,0.3824884792626728,0.45161290322580644,3,0.09677419354838712,2.9642857142857144,0.5058806451859522,776.8718368759289,757.1797207705364,853.9003953138242,0.3824884792626728,800.4023900476861,1241.5585293273239,11.677243039852623,3,0.0982650985229901,2.9642857142857144,discontinuous,discontinuous,0.3824884792626728,True,853.9003953138242
365,562,1035,0,355,349,70.65866820051046,,674.390625,728.609375,1,70.65866820051046,71,812.5056056116497,1609.894136770798,0.3722334004024145,0.36619718309859156,3,0.04225352112676062,2.7205882352941178,0.5153877602954703,777.3334159283501,760.506742240396,853.9003953138242,0.3722334004024145,812.5056056116497,1609.894136770798,26.30151633218196,3,0.0424576357919286,2.7205882352941178,discontinuous,discontinuous,0.3722334004024145,True,853.9003953138242
285,462,1036,0,342,336,24.860273439540766,,669.859375,174.140625,1,24.860273439540766,25,817.8166894931185,1754.2378813172718,0.4342857142857143,1.0,1,0.0,3.04,0.37770263406335064,744.2432712636685,790.891161193164,853.9003953138242,0.4342857142857143,817.8166894931185,1754.2378813172718,10.796461608029132,1,0.040224819024294395,3.04,thick,thick,0.4342857142857143,True,853.9003953138242
290,365,1037,0,354,355,33.78779287129389,,675.5,696.5,1,33.78779287129389,34,891.3044107711281,1575.352856126231,0.5336134453781513,1.0,1,0.0,3.735294117647059,0.33304387374104877,857.6651823712137,834.5308587411369,853.9003953138242,0.5336134453781513,891.3044107711281,1575.352856126231,18.02962056577447,1,0.029596487814674634,3.735294117647059,thick,thick,0.5336134453781513,True,853.9003953138242
194,233,1038,0,353,348,22.646606507989148,,669.53515625,622.46484375,1,22.646606507989148,23,873.7578038807408,1326.0194136386,0.515527950310559,1.0,1,0.0,3.608695652173913,0.2799746997258374,848.5271521454928,827.0139747493224,853.9003953138242,0.515527950310559,873.7578038807408,1326.0194136386,11.67495863455341,1,0.04415672607051416,3.608695652173913,thick,thick,0.515527950310559,True,853.9003953138242
286,445,1039,0,323,356,19.259377511201613,,662.13671875,967.86328125,1,19.259377511201613,19,671.7364454295572,886.7174283607078,0.05263157894736842,0.15789473684210525,2,0.7894736842105263,1.75,0.24743582965269675,643.0613630486324,661.0188599944878,853.9003953138242,0.05263157894736842,671.7364454295572,886.7174283607078,1.0136514479579797,2,0.10384551623419619,1.75,discontinuous,discontinuous,0.05263157894736842,True,853.9003953138242
286,335,1040,0,323,357,48.54555537396003,,664.35546875,1000.35546875,1,48.54555537396003,49,609.6484336522894,953.9761129584824,0.03206997084548105,0.12244897959183673,4,0.7959183673469388,1.1,0.2727272727272727,586.5594689523355,591.2232936729606,853.9003953138242,0.03206997084548105,609.6484336522894,953.9761129584824,1.556854545520584,4,0.08239683260778208,1.1,discontinuous,discontinuous,0.03206997084548105,False,853.9003953138242
445,576,1041,0,356,330,29.341466873875095,,663.390625,946.609375,1,29.341466873875095,29,809.9970895091288,1141.453578476029,0.4827586206896552,0.8275862068965517,2,0.03448275862068961,3.5,0.38560089036104456,718.30102682763,869.0961639796299,853.9003953138242,0.4827586206896552,809.9970895091288,1141.453578476029,14.16484607704315,2,0.06816291798215275,3.5,thick,thick,0.4827586206896552,True,853.9003953138242
335,445,1042,0,357,356,31.202807305656407,,675.859375,979.140625,1,31.202807305656407,31,738.4398340343764,1122.1927310922033,0.2304147465437788,0.3548387096774194,4,0.3548387096774194,2.5,0.447213595499958,686.505460627709,743.3571620738641,853.9003953138242,0.2304147465437788,738.4398340343764,1122.1927310922033,7.18958693678719,4,0.12819359363459853,2.5,discontinuous,discontinuous,0.2304147465437788,True,853.9003953138242
132,454,1044,0,358,324,61.499963751826755,,669.64453125,417.64453125,1,61.499963751826755,61,667.4302625748139,1568.2617483149713,0.13114754098360656,0.22950819672131148,6,0.5737704918032787,2.1538461538461537,0.5101020306102035,636.0994129345935,650.6693135397605,853.9003953138242,0.13114754098360656,667.4302625748139,1568.2617483149713,8.065569016633017,6,0.09756103311234521,2.1538461538461537,discontinuous,discontinuous,0.13114754098360656,True,853.9003953138242
110,132,1045,0,318,358,10.820463844884761,,665.171875,454.828125,1,10.820463844884761,11,741.3356608840043,1545.6166809549852,0.16883116883116883,0.18181818181818182,2,0.6363636363636364,3.25,0.45508306023843204,763.081811688538,702.400062438888,853.9003953138242,0.16883116883116883,741.3356608840043,1545.6166809549852,1.8268315582272974,2,0.18483495981971929,3.25,punctate,punctate,0.16883116883116883,True,853.9003953138242
30,110,1046,0,359,318,41.38194821373604,,666.828125,478.828125,1,41.38194821373604,41,895.6544468429299,1830.894381649527,0.5087108013937283,0.6829268292682927,2,0.024390243902439046,3.65,0.3996151272825979,860.6442517461284,848.604555257471,853.9003953138242,0.5087108013937283,895.6544468429299,1830.894381649527,21.05144403904342,2,0.0483302523523079,3.65,thick,thick,0.5087108013937283,True,853.9003953138242
18,112,1047,0,339,340,14.371280392098132,,670.64453125,272.35546875,1,14.371280392098132,14,824.6510584017348,1570.966428477143,0.336734693877551,0.35714285714285715,2,0.4285714285714286,4.125,0.3075421686391582,819.6947052758842,779.160693878596,853.9003953138242,0.336734693877551,824.6510584017348,1570.966428477143,4.839308703461616,2,0.1391664448422894,4.125,punctate,punctate,0.336734693877551,True,853.9003953138242
30,82,1048,0,359,347,20.36213739212029,,673.12890625,503.86328125,1,20.36213739212029,20,928.1612688831385,1825.4099397709574,0.5142857142857142,0.55,2,0.050000000000000044,3.789473684210526,0.5317830477521291,838.3517689541262,908.7873071479319,853.9003953138242,0.5142857142857142,928.1612688831385,1825.4099397709574,10.471956373090434,2,0.09822151582053253,3.789473684210526,thick,thick,0.5142857142857142,True,853.9003953138242
123,194,1049,0,352,353,17.979017452318093,,671.859375,574.859375,1,17.979017452318093,18,876.0951671135025,1654.114194185468,0.49206349206349204,1.0,1,0.0,3.4444444444444446,0.33832543489359723,882.8116652993181,781.392909597411,853.9003953138242,0.49206349206349204,876.0951671135025,1654.114194185468,8.84681811145811,1,0.05562039208494493,3.4444444444444446,thick,thick,0.49206349206349204,True,853.9003953138242
317,445,1050,0,331,356,23.157289313422666,,673.64453125,931.35546875,1,23.157289313422666,23,794.1810880430845,1129.0176755635584,0.391304347826087,0.9130434782608695,1,0.08695652173913049,3.0,0.4364357804719847,763.9951063177766,761.0000718204363,853.9003953138242,0.391304347826087,794.1810880430845,1129.0176755635584,9.061547992208869,1,0.043182947125869765,3.0,punctate,punctate,0.391304347826087,True,853.9003953138242
30,132,1051,0,359,358,19.809894614742493,,674.75390625,466.24609375,1,19.809894614742493,20,765.0213256097098,1822.0046377443487,0.2571428571428571,0.35,2,0.5,3.6,0.35572912430182496,762.883432853569,698.5211763804366,853.9003953138242,0.2571428571428571,765.0213256097098,1822.0046377443487,5.0939729009337835,2,0.10095964864505655,3.6,punctate,punctate,0.2571428571428571,True,853.9003953138242
30,62,1052,0,359,351,12.54189377965064,,678.171875,512.171875,1,12.54189377965064,13,1084.0450051256737,1805.0342947492863,0.8901098901098901,1.0,1,0.0,6.230769230769231,0.15616185976140146,1058.7775610570513,1070.1285582746868,853.9003953138242,0.8901098901098901,1084.0450051256737,1805.0342947492863,11.163663693974744,1,0.07973277541406952,6.230769230769231,thick,thick,0.8901098901098901,True,853.9003953138242
285,360,1053,0,342,341,8.47070318227835,,675.8984375,137.1015625,1,8.47070318227835,8,998.9303891159177,1458.0251309244281,0.6607142857142857,1.0,1,0.0,4.625,0.28474739872574967,920.4999181111766,967.330438344866,853.9003953138242,0.6607142857142857,998.9303891159177,1458.0251309244281,5.596714602576767,1,0.11805395354804911,4.625,thick,thick,0.6607142857142857,True,853.9003953138242
317,428,1054,0,331,338,8.807241748715274,,678.46484375,873.53515625,1,8.807241748715274,9,868.6478218693637,1220.077642053525,0.5396825396825397,0.7777777777777778,2,0.11111111111111116,4.25,0.25640582020827496,890.248688325453,806.1651871108553,853.9003953138242,0.5396825396825397,868.6478218693637,1220.077642053525,4.753114594544751,2,0.22708585242272283,4.25,thick,thick,0.5396825396825397,True,853.9003953138242
171,454,1055,0,360,324,53.59125210684986,,681.35546875,374.64453125,1,53.59125210684986,54,698.1044022092715,1702.6444557610293,0.2037037037037037,0.24074074074074073,6,0.5,2.8518518518518516,0.5201294647922283,659.7760200119011,678.2253806374497,853.9003953138242,0.2037037037037037,698.1044022092715,1702.6444557610293,10.91673654028423,6,0.11195857092566605,2.8518518518518516,reticular,reticular,0.2037037037037037,True,853.9003953138242
18,223,1056,0,339,361,42.83719860089286,,694.3203125,263.609375,1,42.83719860089286,43,987.6430729474928,1625.1522935283974,0.7043189368770764,0.9534883720930233,2,0.023255813953488413,5.0476190476190474,0.30859296667539865,980.6686565665517,937.537828705625,853.9003953138242,0.7043189368770764,987.6430729474928,1625.1522935283974,30.171050177373044,2,0.046688393856789544,5.0476190476190474,thick,thick,0.7043189368770764,True,853.9003953138242
112,223,1057,0,340,361,40.50388762936353,,686.49609375,290.49609375,1,40.50388762936353,41,768.8755332089834,1554.2202451869634,0.2578397212543554,0.1951219512195122,4,0.41463414634146345,3.0833333333333335,0.45786687421884903,728.6929963082629,748.0447830912053,853.9003953138242,0.2578397212543554,768.8755332089834,1554.2202451869634,10.443511096072827,4,0.0987559524310989,3.0833333333333335,discontinuous,discontinuous,0.2578397212543554,True,853.9003953138242
135,513,1058,0,306,362,14.634602888700506,,684.16796875,10.16796875,1,14.634602888700506,15,981.9310312243215,1554.5581298684797,0.6476190476190476,1.0,1,0.0,4.533333333333333,0.3404657912585361,965.3227070518107,903.3483465298629,853.9003953138242,0.6476190476190476,981.9310312243215,1554.5581298684797,9.477647585063185,1,0.06833120157787868,4.533333333333333,thick,thick,0.6476190476190476,True,853.9003953138242
294,513,1059,0,346,362,37.39351629279021,,689.28125,31.71875,1,37.39351629279021,37,838.529493488847,1437.3151299040762,0.416988416988417,0.5675675675675675,2,0.027027027027026973,3.0,0.4230985058813282,789.8028881850146,800.4459305877408,853.9003953138242,0.416988416988417,838.529493488847,1437.3151299040762,15.592663164561168,2,0.05348520808634456,3.0,thick,thick,0.416988416988417,True,853.9003953138242
31,285,1060,0,363,342,46.27484692516052,,685.1015625,161.1015625,1,46.27484692516052,46,796.5177950028352,1586.1481781180235,0.32608695652173914,0.2608695652173913,3,0.3913043478260869,3.75,0.4918381460447755,766.7963702014874,780.6794120181773,853.9003953138242,0.32608695652173914,796.5177950028352,1586.1481781180235,15.089623997334952,3,0.06483003617174242,3.75,discontinuous,discontinuous,0.32608695652173914,True,853.9003953138242
62,194,1061,0,351,353,26.405634308105057,,691.31640625,576.67578125,1,26.405634308105057,26,844.1871125332226,2447.47931330864,0.3516483516483517,0.4230769230769231,2,0.34615384615384615,3.764705882352941,0.5275607192541916,789.0543792684307,832.5255429578566,853.9003953138242,0.3516483516483517,844.1871125332226,2447.47931330864,9.285497778674307,2,0.0757414109679657,3.764705882352941,punctate,punctate,0.3516483516483517,True,853.9003953138242
31,360,1062,0,363,341,21.503049313196332,,689.86328125,133.86328125,1,21.503049313196332,22,945.9896381594106,1439.4250362253094,0.6298701298701299,1.0,1,0.0,4.409090909090909,0.2618231979216555,882.3986489797481,920.8366331184211,853.9003953138242,0.6298701298701299,945.9896381594106,1439.4250362253094,13.544128463506782,1,0.04650503216705661,4.409090909090909,thick,thick,0.6298701298701299,True,853.9003953138242
31,462,1063,0,363,336,24.26639141533473,,684.171875,190.828125,1,24.26639141533473,24,697.4101465014255,1220.8022182995717,0.2619047619047619,0.25,2,0.5,3.6666666666666665,0.34015067152490375,659.2742308538867,707.5440758223621,853.9003953138242,0.2619047619047619,697.4101465014255,1220.8022182995717,6.355483465921001,2,0.08241851727225229,3.6666666666666665,punctate,punctate,0.2619047619047619,True,853.9003953138242
194,499,1064,0,353,364,50.13564623623782,,693.71484375,598.71484375,1,50.13564623623782,50,848.0778093248316,1556.576322204689,0.40285714285714286,0.54,2,0.09999999999999998,3.1333333333333333,0.4642005155164134,810.1711135396764,801.7936794876193,853.9003953138242,0.40285714285714286,848.0778093248316,1556.576322204689,20.197503198027235,2,0.03989177661291237,3.1333333333333333,thick,thick,0.40285714285714286,True,853.9003953138242
233,499,1065,0,348,364,12.655805810838743,,683.171875,625.828125,1,12.655805810838743,13,802.639602579618,1240.3759202654383,0.32967032967032966,1.0,1,0.0,2.3076923076923075,0.3944053188733078,778.7855061555274,747.07999103113,853.9003953138242,0.32967032967032966,802.639602579618,1240.3759202654383,4.172243673902882,1,0.07901511882740611,2.3076923076923075,punctate,punctate,0.32967032967032966,True,853.9003953138242
281,317,1066,0,365,331,54.797954236709444,,684.640625,902.359375,1,54.797954236709444,55,722.7391467043725,1372.6746269326322,0.2519480519480519,0.4727272727272727,2,0.23636363636363633,2.3095238095238093,0.4276797631482792,665.2988385599954,699.6728897634807,853.9003953138242,0.2519480519480519,722.7391467043725,1372.6746269326322,13.806237820677444,2,0.03649771287739405,2.3095238095238093,punctate,punctate,0.2519480519480519,True,853.9003953138242
171,314,1067,0,360,344,30.39184547756106,,695.38671875,348.38671875,1,30.39184547756106,30,942.7991015717606,2365.837324916272,0.4666666666666667,0.6333333333333333,2,0.19999999999999996,4.083333333333333,0.40560422274187335,931.6799373308619,871.957970798933,853.9003953138242,0.4666666666666667,942.7991015717606,2365.837324916272,14.182861222861828,2,0.06580712584487974,4.083333333333333,thick,thick,0.4666666666666667,True,853.9003953138242
132,149,1068,0,358,366,53.92521297140841,,685.5,433.5,1,53.92521297140841,54,829.2985771107784,1873.708847141303,0.35978835978835977,0.5370370370370371,4,0.11111111111111116,2.8333333333333335,0.4096584787407093,813.2278543000385,710.6721981249493,853.9003953138242,0.35978835978835977,829.2985771107784,1873.708847141303,19.401663926221016,4,0.07417680486715615,2.8333333333333335,discontinuous,discontinuous,0.35978835978835977,True,853.9003953138242
149,454,1069,0,366,324,11.776729770759829,,687.75,402.75,1,11.776729770759829,12,926.9079873947247,1616.663433462822,0.5119047619047619,0.5833333333333334,2,0.25,4.777777777777778,0.33860976229211714,925.9924692000776,851.3614785972719,853.9003953138242,0.5119047619047619,926.9079873947247,1616.663433462822,6.028564049317531,2,0.16982643220410423,4.777777777777778,thick,thick,0.5119047619047619,True,853.9003953138242
281,428,1070,0,365,338,23.588340440682515,,691.5,870.5,1,23.588340440682515,24,578.2808771505569,1265.1533062118272,0.07738095238095238,0.08333333333333333,2,0.8333333333333334,3.25,0.5908573652206621,571.1532241193448,577.753598869417,853.9003953138242,0.07738095238095238,578.2808771505569,1265.1533062118272,1.825288248386147,2,0.08478765197701764,3.25,discontinuous,discontinuous,0.07738095238095238,True,853.9003953138242
30,304,1071,0,359,367,20.333963756254157,,686.16796875,481.83203125,1,20.333963756254157,20,917.6951555554832,1511.948855913024,0.5857142857142857,0.75,2,0.09999999999999998,4.555555555555555,0.2759441097313356,963.3450469336109,803.6046985499779,853.9003953138242,0.5857142857142857,917.6951555554832,1511.948855913024,11.909893057234578,2,0.09835760621855422,4.555555555555555,thick,thick,0.5857142857142857,True,853.9003953138242
132,304,1072,0,358,367,23.20126939605543,,690.86328125,463.86328125,1,23.20126939605543,23,812.7538157030748,1514.6331971401569,0.36024844720496896,0.391304347826087,3,0.26086956521739135,3.411764705882353,0.46134786759516044,791.0278445201037,758.4067690123456,853.9003953138242,0.36024844720496896,812.7538157030748,1514.6331971401569,8.358221273113136,3,0.12930326995427438,3.411764705882353,discontinuous,discontinuous,0.36024844720496896,True,853.9003953138242
30,270,1073,0,359,368,22.250555163156605,,687.46484375,502.46484375,1,22.250555163156605,22,784.4941509128337,1455.3360076892939,0.35064935064935066,0.4090909090909091,2,0.40909090909090906,4.153846153846154,0.36383116119237957,716.7928607097732,819.3076549483837,853.9003953138242,0.35064935064935066,784.4941509128337,1455.3360076892939,7.80214271954842,2,0.08988539770511808,4.153846153846154,punctate,punctate,0.35064935064935066,True,853.9003953138242
62,270,1074,0,351,368,23.068980498884972,,693.46484375,514.53515625,1,23.068980498884972,23,942.8292870705068,1788.8836760131337,0.5652173913043478,1.0,1,0.0,3.9565217391304346,0.28359314067173497,918.0521336026452,844.5942604848643,853.9003953138242,0.5652173913043478,942.8292870705068,1788.8836760131337,13.038988977630636,1,0.04334825286485176,3.9565217391304346,thick,thick,0.5652173913043478,True,853.9003953138242
233,564,1075,0,348,369,16.480771762088963,,683.86328125,650.13671875,1,16.480771762088963,16,756.3351198642803,1265.5234304586438,0.32142857142857145,0.5,2,0.25,3.0,0.5091750772173156,706.320338807231,762.3527097022718,853.9003953138242,0.32142857142857145,756.3351198642803,1265.5234304586438,5.297390923528596,2,0.12135354028751484,3.0,punctate,punctate,0.32142857142857145,True,853.9003953138242
233,376,1076,0,348,370,11.460509170195433,,686.4296875,635.5,1,11.460509170195433,11,734.4405881087079,1072.2844817659266,0.11688311688311688,0.18181818181818182,2,0.7272727272727273,3.0,0.2721655269759087,747.6750860253356,689.7861541876487,853.9003953138242,0.11688311688311688,734.4405881087079,1072.2844817659266,1.3395400328799856,2,0.1745123161893421,3.0,discontinuous,discontinuous,0.11688311688311688,True,853.9003953138242
376,564,1077,0,370,369,72.82731039313049,,717.72265625,643.72265625,1,72.82731039313049,73,630.8817300370577,1139.789748396517,0.04500978473581213,0.0684931506849315,5,0.8356164383561644,1.9166666666666667,0.5412999825212492,609.674585421027,612.3054377922673,853.9003953138242,0.04500978473581213,630.8817300370577,1139.789748396517,3.277941563682977,5,0.06865556304371814,1.9166666666666667,discontinuous,discontinuous,0.04500978473581213,False,853.9003953138242
317,501,1078,0,331,371,4.472160540311851,,686.5,930.5,1,4.472160540311851,4,746.7583420626943,1020.0336101546743,0.14285714285714285,0.5,1,0.5,2.0,0.5,728.6490383828847,720.1285697520818,853.9003953138242,0.14285714285714285,746.7583420626943,1020.0336101546743,0.6388800771874072,1,0.22360556849112317,2.0,minimal,minimal,0.14285714285714285,True,853.9003953138242
445,501,1079,0,356,371,18.255369539752152,,691.5,939.5,1,18.255369539752152,18,739.675491729139,1128.7932143884732,0.16666666666666666,0.3888888888888889,3,0.4444444444444444,2.1,0.5408484138857403,732.6068242955548,698.8658071922843,853.9003953138242,0.16666666666666666,739.675491729139,1128.7932143884732,3.0425615899586917,3,0.16433521071525403,2.1,discontinuous,discontinuous,0.16666666666666666,True,853.9003953138242
290,564,1080,0,354,369,10.600148958471555,,691.35546875,658.64453125,1,10.600148958471555,11,785.6560381908552,1040.9774033284398,0.36363636363636365,0.45454545454545453,2,0.09090909090909094,2.8,0.4460712855998856,755.6516760268577,759.8713091963768,853.9003953138242,0.36363636363636365,785.6560381908552,1040.9774033284398,3.854599621262384,2,0.18867659387009045,2.8,punctate,punctate,0.36363636363636365,True,853.9003953138242
31,240,1081,0,363,337,38.51253656000563,,705.75,207.25,1,38.51253656000563,39,676.2252256259816,1047.1897826279624,0.12087912087912088,0.1794871794871795,6,0.641025641025641,2.357142857142857,0.7100226978096957,674.0676049746063,661.5371024747923,853.9003953138242,0.12087912087912088,676.2252256259816,1047.1897826279624,4.6553615621984825,6,0.155793425620032,2.357142857142857,discontinuous,discontinuous,0.12087912087912088,True,853.9003953138242
376,499,1082,0,370,364,56.901671611028,,711.390625,618.390625,1,56.901671611028,57,706.4296935035702,1421.195903710917,0.20551378446115287,0.3684210526315789,6,0.24561403508771928,1.9069767441860466,0.5401764534231732,668.7641024590068,669.0612440224271,853.9003953138242,0.20551378446115287,706.4296935035702,1421.195903710917,11.69407787494811,6,0.10544505688717151,1.9069767441860466,reticular,reticular,0.20551378446115287,True,853.9003953138242
281,501,1083,0,365,371,67.66226890771887,,721.53125,926.53125,1,67.66226890771887,68,679.4601806463363,1258.3934196350192,0.12605042016806722,0.29411764705882354,5,0.4117647058823529,1.5,0.47140452079103173,647.9498785427626,648.7469276479054,853.9003953138242,0.12605042016806722,679.4601806463363,1258.3934196350192,8.528857425342714,5,0.07389642825633362,1.5,discontinuous,discontinuous,0.12605042016806722,True,853.9003953138242
223,240,1084,0,361,337,33.976289288300606,,702.5,240.5,1,33.976289288300606,34,843.1301067489688,1499.4331277206659,0.4579831932773109,1.0,1,0.0,3.2058823529411766,0.30051998814971004,777.9048653050993,811.8401841661071,853.9003953138242,0.4579831932773109,843.1301067489688,1499.4331277206659,15.560569463969605,1,0.029432290015977112,3.2058823529411766,thick,thick,0.4579831932773109,True,853.9003953138242
270,304,1085,0,368,367,33.1846099848569,,703.86328125,489.13671875,1,33.1846099848569,33,549.4447016920577,934.7618816018467,0.012987012987012988,0.030303030303030304,2,0.9393939393939394,1.5,0.3333333333333333,540.4090445546958,549.8838389821727,853.9003953138242,0.012987012987012988,549.4447016920577,934.7618816018467,0.4309689608422974,2,0.060268901786480485,1.5,minimal,minimal,0.012987012987012988,False,853.9003953138242
223,314,1086,0,361,344,13.603326409864202,,695.13671875,310.86328125,1,13.603326409864202,14,1041.064497063311,1719.954583407411,0.7142857142857143,1.0,1,0.0,5.0,0.22677868380553634,928.1888160368107,1039.6019408218945,853.9003953138242,0.7142857142857143,1041.064497063311,1719.954583407411,9.716661721331572,1,0.07351143168003882,5.0,thick,thick,0.7142857142857143,True,853.9003953138242
135,193,1087,0,306,372,7.1781325211239935,,689.53515625,3.46484375,1,7.1781325211239935,7,823.7815223394568,1270.9890055557828,0.3469387755102041,0.8571428571428571,1,0.1428571428571429,2.8333333333333335,0.4282417581929716,866.4260933433181,745.7395087747851,853.9003953138242,0.3469387755102041,823.7815223394568,1270.9890055557828,2.4903725073287326,1,0.13931200030887897,2.8333333333333335,punctate,punctate,0.3469387755102041,True,853.9003953138242
214,290,1088,0,373,354,19.353115170988154,,692.49609375,684.49609375,1,19.353115170988154,19,878.4997895193515,1459.7516233454744,0.48872180451127817,1.0,1,0.0,3.4210526315789473,0.47717115136217914,832.0954801927039,853.8935377238859,853.9003953138242,0.48872180451127817,878.4997895193515,1459.7516233454744,9.458289369279925,1,0.051671267967189016,3.4210526315789473,thick,thick,0.48872180451127817,True,853.9003953138242
214,365,1090,0,373,355,44.243224637341996,,696.53515625,713.46484375,1,44.243224637341996,44,898.2662483651195,1657.4797669626353,0.551948051948052,1.0,1,0.0,3.8636363636363638,0.3383247963423154,830.5665769055381,851.9544075905335,853.9003953138242,0.551948051948052,898.2662483651195,1657.4797669626353,24.41996165048097,1,0.022602330824593283,3.8636363636363638,thick,thick,0.551948051948052,True,853.9003953138242
193,513,1091,0,372,362,40.81082000478172,,708.25,10.75,1,40.81082000478172,41,702.0091258778375,1306.7147353535802,0.14634146341463414,0.17073170731707318,5,0.5609756097560976,2.3333333333333335,0.4517539514526256,694.6787066398346,671.7332051082434,853.9003953138242,0.14634146341463414,702.0091258778375,1306.7147353535802,5.972315122650983,5,0.12251652869053258,2.3333333333333335,discontinuous,discontinuous,0.14634146341463414,True,853.9003953138242
344,562,1092,0,374,349,7.318729111623934,,692.640625,758.640625,1,7.318729111623934,7,1126.5326340044476,1579.7040153224675,0.8979591836734694,1.0,1,0.0,6.285714285714286,0.07186994682200862,1034.93833371544,1149.4286966023392,853.9003953138242,0.8979591836734694,1126.5326340044476,1579.7040153224675,6.571920018601084,1,0.1366357443687532,6.285714285714286,thick,thick,0.8979591836734694,True,853.9003953138242
445,471,1093,0,356,375,35.9561223005918,,691.64453125,962.64453125,1,35.9561223005918,36,723.3704049344647,1017.3006477054273,0.17857142857142858,0.25,5,0.38888888888888884,2.0454545454545454,0.40307460327149014,669.1518391285927,731.2679909559614,853.9003953138242,0.17857142857142858,723.3704049344647,1017.3006477054273,6.4207361251056785,5,0.13905837671259966,2.0454545454545454,discontinuous,discontinuous,0.17857142857142858,True,853.9003953138242
335,471,1094,0,357,375,14.97633000010883,,693.828125,988.171875,1,14.97633000010883,15,612.7964043230845,994.1517544787893,0.0761904761904762,0.13333333333333333,2,0.8,2.6666666666666665,0.1767766952966369,601.9083186542604,593.9961275704079,853.9003953138242,0.0761904761904762,612.7964043230845,994.1517544787893,1.141053714294006,2,0.1335440658683046,2.6666666666666665,discontinuous,discontinuous,0.0761904761904762,True,853.9003953138242
149,171,1095,0,366,360,45.76202200513909,,712.72265625,409.27734375,1,45.76202200513909,46,916.3597652433256,1668.8054177861436,0.562111801242236,1.0,1,0.0,3.9347826086956523,0.3872530145607747,853.2553011406845,893.5474070932885,853.9003953138242,0.562111801242236,916.3597652433256,1668.8054177861436,25.723372617795576,1,0.021852181266983784,3.9347826086956523,thick,thick,0.562111801242236,True,853.9003953138242
344,410,1096,0,374,345,38.05663489893098,,706.5,773.5,1,38.05663489893098,38,802.4865097271824,1493.3082213541625,0.37969924812030076,0.631578947368421,2,0.02631578947368418,2.72972972972973,0.5562206695124015,779.0332095373293,744.6224986026642,853.9003953138242,0.37969924812030076,802.4865097271824,1493.3082213541625,14.450075657112892,2,0.05255325399398832,2.72972972972973,punctate,punctate,0.37969924812030076,True,853.9003953138242
344,365,1097,0,374,355,18.59495245103741,,703.5,754.5,1,18.59495245103741,19,967.540702977892,1494.844844886772,0.6541353383458647,1.0,1,0.0,4.578947368421052,0.268089742291738,941.9158009112194,899.7693866018492,853.9003953138242,0.6541353383458647,967.540702977892,1494.844844886772,12.163615513084622,1,0.053778034799126906,4.578947368421052,thick,thick,0.6541353383458647,True,853.9003953138242
290,517,1098,0,354,376,17.544162187799305,,697.86328125,669.13671875,1,17.544162187799305,18,800.4014338001956,1327.813925414422,0.36507936507936506,0.7777777777777778,2,0.11111111111111116,2.875,0.3864432355354604,815.9087475008291,711.6244642374776,853.9003953138242,0.36507936507936506,800.4014338001956,1327.813925414422,6.405011592371174,2,0.11399803413758083,2.875,punctate,punctate,0.36507936507936506,True,853.9003953138242
335,437,1099,0,357,377,30.418321048695137,,698.140625,1009.859375,1,30.418321048695137,30,614.8196537717466,957.648381561997,0.023809523809523808,0.1,1,0.9,1.6666666666666667,0.282842712474619,578.4642539296565,600.0092547975049,853.9003953138242,0.023809523809523808,614.8196537717466,957.648381561997,0.7242457392546461,1,0.03287492424053093,1.6666666666666667,minimal,minimal,0.023809523809523808,False,853.9003953138242
517,564,1100,0,376,369,50.81607857026785,,721.27734375,661.72265625,1,50.81607857026785,51,696.1024426055134,1493.644721375259,0.1400560224089636,0.21568627450980393,5,0.47058823529411764,1.8518518518518519,0.5824087911424415,668.980704677396,666.2529016769296,853.9003953138242,0.1400560224089636,696.1024426055134,1493.644721375259,7.117097838973088,5,0.09839405441500296,1.8518518518518519,discontinuous,discontinuous,0.1400560224089636,True,853.9003953138242
234,404,1101,0,378,350,28.625985988285763,,703.27734375,85.72265625,1,28.625985988285763,29,744.3957738833751,1211.1273974343867,0.22167487684729065,0.3448275862068966,5,0.2068965517241379,1.9565217391304348,0.6478835438717,674.9575695718548,760.4720761799074,853.9003953138242,0.22167487684729065,744.3957738833751,1211.1273974343867,6.345661918585514,5,0.1746664726953365,1.9565217391304348,discontinuous,discontinuous,0.22167487684729065,True,853.9003953138242
234,294,1102,0,378,346,29.037876036611195,,698.86328125,60.13671875,1,29.037876036611195,29,946.3583919520838,1859.1200507166332,0.6157635467980296,1.0,1,0.0,4.310344827586207,0.24449130863897797,937.8028456169519,856.0353882794046,853.9003953138242,0.6157635467980296,946.3583919520838,1859.1200507166332,17.88046553978522,1,0.03443778046091221,4.310344827586207,thick,thick,0.6157635467980296,True,853.9003953138242
471,501,1103,0,375,371,37.38022269796846,,712.75390625,954.24609375,1,37.38022269796846,37,636.7311163283498,951.3479171365701,0.023166023166023165,0.08108108108108109,2,0.8918918918918919,1.5,0.3333333333333333,619.7974715708076,621.3454697373415,853.9003953138242,0.023166023166023165,636.7311163283498,951.3479171365701,0.8659511049722424,2,0.05350422912565194,1.5,minimal,minimal,0.023166023166023165,False,853.9003953138242
437,471,1104,0,377,375,25.396588819298103,,707.390625,997.609375,1,25.396588819298103,25,661.5428342938382,915.3243117153509,0.03428571428571429,0.08,4,0.8,1.2,0.3333333333333334,662.7022526639498,630.8432743477965,853.9003953138242,0.03428571428571429,661.5428342938382,915.3243117153509,0.8707401880902207,4,0.1575014671639886,1.2,minimal,minimal,0.03428571428571429,False,853.9003953138242
214,517,1105,0,373,376,39.550991367037724,,710.86328125,691.13671875,1,39.550991367037724,40,906.5825568753215,1812.222413224168,0.525,1.0,1,0.0,3.675,0.32418374305969677,862.1039399629957,821.2938131869345,853.9003953138242,0.525,906.5825568753215,1812.222413224168,20.764270467694807,1,0.02528381629476454,3.675,thick,thick,0.525,True,853.9003953138242
149,304,1106,0,366,367,36.796606528624864,,712.25,461.75,1,36.796606528624864,37,909.458234669316,1805.1998530255826,0.5057915057915058,1.0,1,0.0,3.5405405405405403,0.2754445580560109,843.2336726534592,853.791699237153,853.9003953138242,0.5057915057915058,909.458234669316,1805.1998530255826,18.61141102413072,1,0.027176419086963322,3.5405405405405403,thick,thick,0.5057915057915058,True,853.9003953138242
278,360,1107,0,379,341,15.824110085480699,,699.828125,122.828125,1,15.824110085480699,16,1054.4113656798497,1528.9609940750047,0.7767857142857143,1.0,1,0.0,5.4375,0.15885373518488796,1031.201320240349,995.4770028776937,853.9003953138242,0.7767857142857143,1054.4113656798497,1528.9609940750047,12.2919426556859,1,0.06319470697549956,5.4375,thick,thick,0.7767857142857143,True,853.9003953138242
125,295,1108,0,334,380,23.442661757137124,,704.13671875,824.86328125,1,23.442661757137124,23,574.3431822474893,931.797229044098,0.006211180124223602,0.043478260869565216,1,0.9565217391304348,1.0,,557.1165781706618,566.4142823045552,853.9003953138242,0.006211180124223602,574.3431822474893,931.797229044098,0.14560659476482685,1,0.04265727204358736,1.0,minimal,minimal,0.006211180124223602,False,853.9003953138242
234,513,1109,0,378,362,37.09379062373189,,716.86328125,41.87109375,1,37.09379062373189,37,1012.8109093691766,1658.7126359877577,0.7142857142857143,1.0,1,0.0,5.0,0.29773922927395485,977.3904629513124,956.0001267218166,853.9003953138242,0.7142857142857143,1012.8109093691766,1658.7126359877577,26.495564731237067,1,0.026958689936644527,5.0,thick,thick,0.7142857142857143,True,853.9003953138242
278,404,1110,0,379,350,22.28325167277075,,707.609375,108.609375,1,22.28325167277075,22,919.3768547668528,1698.0915523491726,0.5064935064935064,1.0,1,0.0,3.5454545454545454,0.37771589391426247,907.4099712421342,813.4473115138819,853.9003953138242,0.5064935064935064,919.3768547668528,1698.0915523491726,11.28632227581895,1,0.04487675383669253,3.5454545454545454,thick,thick,0.5064935064935064,True,853.9003953138242
31,278,1111,0,363,379,25.27267925529873,,704.64453125,142.35546875,1,25.27267925529873,25,947.5959616139991,1540.0485054770052,0.5771428571428572,1.0,1,0.0,4.04,0.3533973920311831,876.3782324916677,912.7952534368394,853.9003953138242,0.5771428571428572,947.5959616139991,1540.0485054770052,14.585946313058125,1,0.03956842050256059,4.04,thick,thick,0.5771428571428572,True,853.9003953138242
295,410,1112,0,380,345,30.774479478363133,,709.53515625,803.53515625,1,30.774479478363133,31,563.9604802271588,1037.0052101947324,0.07373271889400922,0.0967741935483871,2,0.8387096774193549,3.2,0.6373774391990981,571.9217592806714,546.9697258744251,853.9003953138242,0.07373271889400922,563.9604802271588,1037.0052101947324,2.2690860444876044,2,0.06498891399304273,3.2,discontinuous,discontinuous,0.07373271889400922,True,853.9003953138242
113,314,1113,0,381,344,28.62756755099306,,705.72265625,328.27734375,1,28.62756755099306,29,872.1240609276578,1535.015334470776,0.43349753694581283,0.6206896551724138,3,0.13793103448275867,3.52,0.4106661590816512,837.9073611651799,810.2481494145247,853.9003953138242,0.43349753694581283,872.1240609276578,1535.015334470776,12.409980022105367,3,0.1047940938277843,3.52,thick,thick,0.43349753694581283,True,853.9003953138242
62,461,1114,0,351,382,47.922818372078275,,704.13671875,543.13671875,1,47.922818372078275,48,1040.0709302941684,2050.8510507219876,0.6577380952380952,1.0,1,0.0,4.604166666666667,0.23767504048269494,997.9094288936867,933.0461045701214,853.9003953138242,0.6577380952380952,1040.0709302941684,2050.8510507219876,31.52066327449196,1,0.020866886255225744,4.604166666666667,thick,thick,0.6577380952380952,True,853.9003953138242
113,223,1115,0,381,361,47.2285425518859,,707.86328125,291.86328125,1,47.2285425518859,47,897.82581480067,1714.4981291822676,0.46808510638297873,0.44680851063829785,3,0.17021276595744683,3.948717948717949,0.4727344083948389,806.4819986351918,922.6291188781045,853.9003953138242,0.46808510638297873,897.82581480067,1714.4981291822676,22.10697736471255,3,0.06352090998158921,3.948717948717949,thick,thick,0.46808510638297873,True,853.9003953138242
281,362,1116,0,365,383,81.23414898490049,,705.28515625,904.71484375,1,81.23414898490049,81,785.6902105296973,1436.6737657376214,0.3403880070546737,0.5061728395061729,4,0.12345679012345678,2.7183098591549295,0.48295047451734896,738.8332533759357,753.8803936124211,853.9003953138242,0.3403880070546737,785.6902105296973,1436.6737657376214,27.651130077752722,4,0.0492403755069005,2.7183098591549295,discontinuous,discontinuous,0.3403880070546737,True,853.9003953138242
62,192,1117,0,351,384,13.83764014503015,,706.31640625,569.61328125,1,13.83764014503015,14,1037.3471449879523,1830.2600935911596,0.6632653061224489,1.0,1,0.0,4.642857142857143,0.2773500981126146,1005.0810672809719,924.4319226029071,853.9003953138242,0.6632653061224489,1037.3471449879523,1830.2600935911596,9.17802662680571,1,0.07226665742996319,4.642857142857143,thick,thick,0.6632653061224489,True,853.9003953138242
192,194,1118,0,384,353,9.841075633811895,,707.3515625,577.6484375,1,9.841075633811895,10,1229.8385469685315,1794.1306022823946,0.8857142857142857,1.0,1,0.0,6.2,0.12069862537980455,1213.3023068839339,1173.547100159848,853.9003953138242,0.8857142857142857,1229.8385469685315,1794.1306022823946,8.716381275661965,1,0.10161490849274721,6.2,thick,thick,0.8857142857142857,True,853.9003953138242
68,428,1120,0,385,338,26.85656334767798,,707.10546875,847.83203125,1,26.85656334767798,27,802.6049224200972,1389.4132451780426,0.328042328042328,0.25925925925925924,4,0.2592592592592593,3.1,0.4550559993440608,793.1644350815736,760.7830925542153,853.9003953138242,0.328042328042328,802.6049224200972,1389.4132451780426,8.810089563788543,4,0.14893938394935555,3.1,discontinuous,discontinuous,0.328042328042328,True,853.9003953138242
362,428,1121,0,383,338,10.937507984843124,,705.359375,863.359375,1,10.937507984843124,11,773.1308478848305,1057.539770018636,0.4155844155844156,1.0,1,0.0,2.909090909090909,0.30935921676911454,741.5185636828044,745.0202023083747,853.9003953138242,0.4155844155844156,773.1308478848305,1057.539770018636,4.545457863830909,1,0.09142850468184988,2.909090909090909,thick,thick,0.4155844155844156,True,853.9003953138242
270,461,1122,0,368,382,23.420068688421264,,714.1328125,512.1328125,1,23.420068688421264,23,891.9997612393211,1657.8273560100165,0.4968944099378882,1.0,1,0.0,3.4782608695652173,0.2378287198805056,895.6284709339827,772.9023893979522,853.9003953138242,0.4968944099378882,891.9997612393211,1657.8273560100165,11.637301211637896,1,0.042698423019331015,3.4782608695652173,thick,thick,0.4968944099378882,True,853.9003953138242
192,461,1123,0,384,382,27.174458064453166,,717.640625,569.359375,1,27.174458064453166,27,770.7279415690505,1376.1473620231382,0.2222222222222222,0.2962962962962963,4,0.33333333333333337,2.3333333333333335,0.5714285714285714,783.4220156952432,720.2542757314451,853.9003953138242,0.2222222222222222,770.7279415690505,1376.1473620231382,6.03876845876737,4,0.14719704770239334,2.3333333333333335,discontinuous,discontinuous,0.2222222222222222,True,853.9003953138242
181,365,1124,0,386,355,20.882987180242452,,709.1328125,742.8671875,1,20.882987180242452,21,863.5185735588473,1608.2079029313645,0.48299319727891155,1.0,1,0.0,3.380952380952381,0.4028267505936646,853.9430507576565,796.9415007073027,853.9003953138242,0.48299319727891155,863.5185735588473,1608.2079029313645,10.086340746919824,1,0.04788586955347592,3.380952380952381,thick,thick,0.48299319727891155,True,853.9003953138242
181,214,1125,0,386,373,26.682905755760974,,717.50390625,725.50390625,1,26.682905755760974,27,585.4502908280941,1051.8479185065487,0.06349206349206349,0.1111111111111111,2,0.8148148148148149,2.4,0.33333333333333337,579.3457044066643,576.8253705228781,853.9003953138242,0.06349206349206349,585.4502908280941,1051.8479185065487,1.6941527463975221,2,0.0749543553579501,2.4,discontinuous,discontinuous,0.06349206349206349,True,853.9003953138242
295,428,1126,0,380,338,9.24054940969522,,713.1015625,835.8984375,1,9.24054940969522,9,764.9105455613029,1008.9835035438205,0.2698412698412698,0.6666666666666666,1,0.33333333333333337,2.8333333333333335,0.4282417581929716,792.2918625465521,695.8385937669702,853.9003953138242,0.2698412698412698,764.9105455613029,1008.9835035438205,2.4934815867431546,1,0.10821867355103325,2.8333333333333335,punctate,punctate,0.2698412698412698,True,853.9003953138242
68,362,1127,0,385,383,47.80434600640639,,729.9765625,866.0234375,1,47.80434600640639,48,755.7562206776565,1512.6088753556455,0.1875,0.16666666666666666,4,0.625,3.5,0.5408484138857403,720.653923523896,761.1344111903467,853.9003953138242,0.1875,755.7562206776565,1512.6088753556455,8.9633148762012,4,0.08367440063846808,3.5,discontinuous,discontinuous,0.1875,True,853.9003953138242
314,455,1128,0,344,387,10.342863817731168,,710.13671875,346.13671875,1,10.342863817731168,10,1076.0867228984098,1988.6438899406196,0.6714285714285714,1.0,1,0.0,4.7,0.2699697349031813,969.4169122924504,1030.453476715437,853.9003953138242,0.6714285714285714,1076.0867228984098,1988.6438899406196,6.944494277619498,1,0.09668502047621101,4.7,thick,thick,0.6714285714285714,True,853.9003953138242
171,455,1129,0,360,387,62.95448012845241,,721.25,379.75,1,62.95448012845241,63,874.1143389140726,1839.8458078585213,0.4580498866213152,0.873015873015873,2,0.031746031746031744,3.3114754098360657,0.42895404004820736,844.7277702251313,801.0856579697169,853.9003953138242,0.4580498866213152,874.1143389140726,1839.8458078585213,28.836292485141467,2,0.03176898603434096,3.3114754098360657,thick,thick,0.4580498866213152,True,853.9003953138242
234,278,1130,0,378,379,16.576071447899253,,718.35546875,96.64453125,1,16.576071447899253,17,923.2374103136851,1304.9427502241326,0.6974789915966386,1.0,1,0.0,4.882352941176471,0.3132530120481927,941.005953143912,861.532676918101,853.9003953138242,0.6974789915966386,923.2374103136851,1304.9427502241326,11.561461598114604,1,0.060327925295395234,4.882352941176471,thick,thick,0.6974789915966386,True,853.9003953138242
192,499,1131,0,384,364,44.47742221023846,,721.83203125,598.16796875,1,44.47742221023846,44,677.4487147910265,1622.2766825640997,0.12337662337662338,0.1590909090909091,5,0.6818181818181819,2.7142857142857144,0.6882472016116852,647.6481227219983,654.3041779526535,853.9003953138242,0.12337662337662338,677.4487147910265,1622.2766825640997,5.487474168795654,5,0.11241658692281468,2.7142857142857144,discontinuous,discontinuous,0.12337662337662338,True,853.9003953138242
31,185,1132,0,363,388,66.13538363617506,,723.61328125,178.38671875,1,66.13538363617506,66,758.463133115076,1350.5015116610075,0.24242424242424243,0.12121212121212122,8,0.3484848484848485,2.604651162790698,0.4837934708622881,751.6487232858582,714.2890041150464,853.9003953138242,0.24242424242424243,758.463133115076,1350.5015116610075,16.03282027543638,8,0.12096399174169332,2.604651162790698,reticular,reticular,0.24242424242424243,True,853.9003953138242
113,455,1133,0,381,387,22.266099571937158,,720.8671875,336.8671875,1,22.266099571937158,22,891.4324210573675,1452.642457313922,0.5194805194805194,1.0,1,0.0,3.6363636363636362,0.3570714214271425,860.3559904119206,851.023119047975,853.9003953138242,0.5194805194805194,891.4324210573675,1452.642457313922,11.566804972434886,1,0.04491132345695334,3.6363636363636362,thick,thick,0.5194805194805194,True,853.9003953138242
181,344,1134,0,386,374,27.973886095611125,,726.71484375,753.28515625,1,27.973886095611125,28,866.8697483728631,1749.1315593789363,0.4642857142857143,1.0,1,0.0,3.25,0.36429855943408296,839.493893681449,778.2785465188296,853.9003953138242,0.4642857142857143,866.8697483728631,1749.1315593789363,12.987875687248023,1,0.035747625359670424,3.25,thick,thick,0.4642857142857143,True,853.9003953138242
185,278,1135,0,388,379,33.167357501261876,,730.1328125,147.8671875,1,33.167357501261876,33,879.5176329074644,1661.5205066006997,0.48484848484848486,0.8787878787878788,2,0.030303030303030276,3.5,0.44031528592635544,811.5971279925375,856.3214161101009,853.9003953138242,0.48484848484848486,879.5176329074644,1661.5205066006997,16.08114303091485,2,0.06030025153266758,3.5,thick,thick,0.48484848484848486,True,853.9003953138242
295,344,1136,0,380,374,50.14875510190657,,729.5,806.5,1,50.14875510190657,50,795.369298962376,1391.4901905882607,0.3628571428571429,0.58,3,0.040000000000000036,2.6458333333333335,0.6703095543327703,779.9665937966998,734.2370334972761,853.9003953138242,0.3628571428571429,795.369298962376,1391.4901905882607,18.196833994120386,3,0.059822023376327936,2.6458333333333335,discontinuous,discontinuous,0.3628571428571429,True,853.9003953138242
68,295,1137,0,385,380,15.703449248453731,,721.5,834.5,1,15.703449248453731,16,841.909560095089,1260.5927509331764,0.41964285714285715,0.6875,2,0.1875,3.6153846153846154,0.41366429989837405,827.061912582637,787.7266670281545,853.9003953138242,0.41964285714285715,841.909560095089,1260.5927509331764,6.589840309618976,2,0.1273605542551063,3.6153846153846154,thick,thick,0.41964285714285715,True,853.9003953138242
240,516,1138,0,337,389,22.72957376152668,,718.46875,230.53125,1,22.72957376152668,23,814.9036006993344,1355.6942327434779,0.3105590062111801,0.43478260869565216,3,0.17391304347826086,2.6315789473684212,0.5542562584220406,813.2256205601924,765.2219267691979,853.9003953138242,0.3105590062111801,814.9036006993344,1355.6942327434779,7.05887383898344,3,0.1319866369460022,2.6315789473684212,discontinuous,discontinuous,0.3105590062111801,True,853.9003953138242
31,516,1139,0,363,389,9.23250720138217,,723.09765625,218.09765625,1,9.23250720138217,9,853.3801494705358,1165.6998488511877,0.42857142857142855,1.0,1,0.0,3.0,0.2721655269759087,803.3342168892611,845.9960207281415,853.9003953138242,0.42857142857142855,853.3801494705358,1165.6998488511877,3.956788800592358,1,0.10831294015674238,3.0,thick,thick,0.42857142857142855,True,853.9003953138242
223,516,1140,0,361,389,18.856794138341968,,726.75390625,247.24609375,1,18.856794138341968,19,805.3518097622162,1614.3345842464396,0.3458646616541353,0.6842105263157895,2,0.052631578947368474,2.5555555555555554,0.8168823577415624,789.5383301799008,742.9511124348203,853.9003953138242,0.3458646616541353,805.3518097622162,1614.3345842464396,6.5218987245393265,2,0.10606256743999513,2.5555555555555554,punctate,punctate,0.3458646616541353,True,853.9003953138242
270,531,1141,0,368,390,10.307836715553526,,720.49609375,498.50390625,1,10.307836715553526,10,801.4131909545121,1232.5649385849647,0.34285714285714286,0.8,2,0.09999999999999998,2.6666666666666665,0.5590169943749475,737.6093542188346,806.5180293379755,853.9003953138242,0.34285714285714286,801.4131909545121,1232.5649385849647,3.5341154453326373,2,0.19402713248088166,2.6666666666666665,punctate,punctate,0.34285714285714286,True,853.9003953138242
304,531,1142,0,367,390,18.940880809577735,,720.68359375,486.38671875,1,18.940880809577735,19,842.3252088028333,1440.3492750223056,0.43609022556390975,0.8421052631578947,2,0.10526315789473684,3.411764705882353,0.48275862068965525,857.768396515692,783.4586863257177,853.9003953138242,0.43609022556390975,842.3252088028333,1440.3492750223056,8.259932984627884,2,0.10559171033844797,3.411764705882353,thick,thick,0.43609022556390975,True,853.9003953138242
471,552,1143,0,375,391,41.47755180969526,,722.86328125,978.86328125,1,41.47755180969526,41,631.7833502619754,1002.5767114444593,0.0627177700348432,0.24390243902439024,3,0.6585365853658536,1.2857142857142858,0.6186404847588912,599.071804921353,616.6143104881443,853.9003953138242,0.0627177700348432,631.7833502619754,1002.5767114444593,2.601379556008762,3,0.07232828045793095,1.2857142857142858,discontinuous,discontinuous,0.0627177700348432,True,853.9003953138242
437,552,1144,0,377,391,35.55215077245512,,736.24609375,1006.75390625,1,35.55215077245512,36,685.9552937955845,923.857102542412,0.011904761904761904,0.027777777777777776,1,0.9722222222222222,3.0,,710.5880931592868,644.1134072556226,853.9003953138242,0.011904761904761904,685.9552937955845,923.857102542412,0.42323989014827523,1,0.028127693494559937,3.0,minimal,minimal,0.011904761904761904,False,853.9003953138242
461,531,1145,0,382,390,41.57733268482343,,737.171875,514.828125,1,41.57733268482343,42,933.9016587301427,1670.7207606239417,0.5952380952380952,1.0,1,0.0,4.166666666666667,0.2216818827573808,922.8772646924779,859.2787928154916,853.9003953138242,0.5952380952380952,933.9016587301427,1670.7207606239417,24.7484123123949,1,0.02405156693385048,4.166666666666667,thick,thick,0.5952380952380952,True,853.9003953138242
44,278,1146,0,392,379,60.84433026628509,,737.64453125,125.35546875,1,60.84433026628509,61,782.4928707976072,1386.8076708849317,0.3395784543325527,1.0,1,0.0,2.377049180327869,0.4386770729321172,717.0076975348741,729.4965281147795,853.9003953138242,0.3395784543325527,782.4928707976072,1386.8076708849317,20.661423626724446,1,0.016435385115153738,2.377049180327869,punctate,punctate,0.3395784543325527,True,853.9003953138242
149,531,1147,0,366,390,38.35278639794309,,739.8984375,483.1015625,1,38.35278639794309,38,889.5714309855174,1803.7475083738161,0.4774436090225564,1.0,1,0.0,3.3421052631578947,0.23050836485518814,808.4266840259634,845.00661111176,853.9003953138242,0.4774436090225564,889.5714309855174,1803.7475083738161,18.31129275390516,1,0.026073724855976338,3.3421052631578947,thick,thick,0.4774436090225564,True,853.9003953138242
513,557,1148,0,362,393,8.506557183843244,,723.6796875,27.3203125,1,8.506557183843244,9,815.4373223026524,1377.7506825692426,0.30158730158730157,0.4444444444444444,2,0.33333333333333337,3.1666666666666665,0.2834297266912897,846.9640679624337,742.5870837613204,853.9003953138242,0.30158730158730157,815.4373223026524,1377.7506825692426,2.565469626873359,2,0.23511274382527625,3.1666666666666665,punctate,punctate,0.30158730158730157,True,853.9003953138242
193,557,1149,0,372,393,28.63073745083272,,732.16796875,12.16796875,1,28.63073745083272,29,654.4373647976762,1115.340642649457,0.10344827586206896,0.1724137931034483,4,0.5862068965517242,1.75,0.47380354147934284,631.7349976183298,630.4349126722605,853.9003953138242,0.10344827586206896,654.4373647976762,1115.340642649457,2.961800425948212,4,0.13970998849991761,1.75,discontinuous,discontinuous,0.10344827586206896,True,853.9003953138242
44,234,1150,0,392,378,8.178132521123993,,727.50390625,100.50390625,1,8.178132521123993,8,1032.089021432,1602.2331508566353,0.6964285714285714,1.0,1,0.0,4.875,0.297921795862109,1005.2393459013745,921.3412319000253,853.9003953138242,0.6964285714285714,1032.089021432,1602.2331508566353,5.695485148639924,1,0.12227730443558049,4.875,thick,thick,0.6964285714285714,True,853.9003953138242
31,349,1151,0,363,394,39.442703038249,,732.390625,199.390625,1,39.442703038249,39,795.4931399200921,1644.203091778769,0.28205128205128205,0.23076923076923078,5,0.20512820512820518,2.4838709677419355,0.5773015784647498,731.8867458563678,810.1561072190104,853.9003953138242,0.28205128205128205,795.4931399200921,1644.203091778769,11.124864959506128,5,0.12676615989404483,2.4838709677419355,discontinuous,discontinuous,0.28205128205128205,True,853.9003953138242
120,223,1152,0,395,361,35.88713820354,,730.609375,268.609375,1,35.88713820354,36,890.0606833858548,1702.182289409422,0.5595238095238095,0.5,2,0.02777777777777779,4.0285714285714285,0.37755550792074233,805.4337723174472,929.5981988002337,853.9003953138242,0.5595238095238095,890.0606833858548,1702.182289409422,20.079708280552143,2,0.05573027274163408,4.0285714285714285,thick,thick,0.5595238095238095,True,853.9003953138242
113,475,1153,0,381,396,48.90660691261182,,726.13671875,311.86328125,1,48.90660691261182,49,701.471690937647,1382.0526444278426,0.119533527696793,0.08163265306122448,6,0.6938775510204082,2.7333333333333334,0.6043664240665301,703.0536523762157,670.2278826763957,853.9003953138242,0.119533527696793,701.471690937647,1382.0526444278426,5.845979251944853,6,0.12268281074418079,2.7333333333333334,discontinuous,discontinuous,0.119533527696793,True,853.9003953138242
113,120,1154,0,381,395,3.6124035556762317,,726.27734375,286.72265625,1,3.6124035556762317,4,989.5190779055891,1433.4477659346676,0.6428571428571429,1.0,1,0.0,4.5,0.24845199749997665,959.3205603862932,917.775735830618,853.9003953138242,0.6428571428571429,989.5190779055891,1433.4477659346676,2.3222594286490064,1,0.27682399947499853,4.5,thick,thick,0.6428571428571429,True,853.9003953138242
349,516,1155,0,394,389,67.91309028149769,,753.75,231.25,1,67.91309028149769,68,704.3555529339786,1392.9104846918794,0.12184873949579832,0.1323529411764706,8,0.5882352941176471,2.0714285714285716,0.6569847890778499,645.3674020989675,726.3506462474919,853.9003953138242,0.12184873949579832,704.3555529339786,1392.9104846918794,8.275124446064844,8,0.11779761408058806,2.0714285714285716,discontinuous,discontinuous,0.12184873949579832,True,853.9003953138242
458,517,1156,0,397,376,33.689141450197084,,740.71875,694.71875,1,33.689141450197084,34,828.3609645167115,1472.5785613595128,0.4117647058823529,0.5294117647058824,3,0.08823529411764708,3.161290322580645,0.44805098775714586,807.1442432657722,766.6463503636924,853.9003953138242,0.4117647058823529,828.3609645167115,1472.5785613595128,13.871999420669386,3,0.08904946433363174,3.161290322580645,thick,thick,0.4117647058823529,True,853.9003953138242
214,458,1157,0,373,397,20.324974422529746,,730.35546875,710.64453125,1,20.324974422529746,20,821.7336951992214,1783.5838044853456,0.37857142857142856,0.9,1,0.09999999999999998,2.9444444444444446,0.383441536469841,772.1180820771622,760.7496518819067,853.9003953138242,0.37857142857142856,821.7336951992214,1783.5838044853456,7.694454602814832,1,0.04920055392008386,2.9444444444444446,punctate,punctate,0.37857142857142856,True,853.9003953138242
234,557,1158,0,378,393,54.15405366605482,,745.28125,45.71875,1,54.15405366605482,54,827.5562999156912,1848.5822331112204,0.41005291005291006,0.5555555555555556,2,0.01851851851851849,2.9245283018867925,0.36289964155936083,790.5079296293226,755.7958040363993,853.9003953138242,0.41005291005291006,827.5562999156912,1848.5822331112204,22.206027296927243,2,0.03693167666326801,2.9245283018867925,thick,thick,0.41005291005291006,True,853.9003953138242
120,475,1159,0,395,396,33.12505735278446,,741.25,296.75,1,33.12505735278446,33,866.6454131740667,1683.9207282438297,0.5194805194805194,0.8181818181818182,2,0.030303030303030276,3.75,0.4055175020198813,745.7973881915818,923.6728460020597,853.9003953138242,0.5194805194805194,866.6454131740667,1683.9207282438297,17.20782200144647,2,0.0603772539530979,3.75,thick,thick,0.5194805194805194,True,853.9003953138242
68,344,1160,0,385,374,17.22792038224575,,736.1328125,833.859375,1,17.22792038224575,17,937.7677259116281,1374.345318618261,0.6554621848739496,1.0,1,0.0,4.588235294117647,0.32635697593225277,892.0287922827001,904.2566849012321,853.9003953138242,0.6554621848739496,937.7677259116281,1374.345318618261,11.292250334581247,1,0.0580453112048597,4.588235294117647,thick,thick,0.6554621848739496,True,853.9003953138242
501,552,1161,0,371,391,12.681250428169964,,734.171875,957.171875,1,12.681250428169964,13,683.1001417275578,1255.1082760418815,0.0989010989010989,0.23076923076923078,1,0.7692307692307692,3.0,0.2721655269759087,669.038683792114,641.3424688341292,853.9003953138242,0.0989010989010989,683.1001417275578,1255.1082760418815,1.2541896027860404,1,0.07885657693334508,3.0,discontinuous,discontinuous,0.0989010989010989,True,853.9003953138242
461,527,1162,0,382,398,61.99275826880737,,740.71484375,545.71484375,1,61.99275826880737,62,815.8568245276816,1578.7334007213121,0.4009216589861751,1.0,1,0.0,2.806451612903226,0.27777117180677174,757.6020672767813,784.0524958078641,853.9003953138242,0.4009216589861751,815.8568245276816,1578.7334007213121,24.854239490259175,1,0.01613091638323126,2.806451612903226,thick,thick,0.4009216589861751,True,853.9003953138242
192,527,1163,0,384,398,65.31218639072152,,749.64453125,596.35546875,1,65.31218639072152,65,697.7479924029898,1464.3624560905553,0.12967032967032968,0.23076923076923078,6,0.6461538461538461,2.5652173913043477,0.4715399234997815,679.8093604179821,660.4519581709596,853.9003953138242,0.12967032967032968,697.7479924029898,1464.3624560905553,8.46905274077488,6,0.09186646982089672,2.5652173913043477,discontinuous,discontinuous,0.12967032967032968,True,853.9003953138242
181,458,1164,0,386,397,11.84026862461717,,734.28125,723.71875,1,11.84026862461717,12,793.1893097461322,1403.4360765198537,0.3333333333333333,0.9166666666666666,1,0.08333333333333337,2.5454545454545454,0.5125964319431187,713.1176569114585,772.910131248538,853.9003953138242,0.3333333333333333,793.1893097461322,1403.4360765198537,3.9467562082057235,1,0.08445754329601056,2.5454545454545454,punctate,punctate,0.3333333333333333,True,853.9003953138242
171,397,1165,0,360,399,14.05996275777555,,733.13671875,411.13671875,1,14.05996275777555,14,743.6032319339256,1354.3165846892603,0.2653061224489796,0.35714285714285715,3,0.2142857142857143,2.3636363636363638,0.54934064834945,679.0690539857239,737.8037919182291,853.9003953138242,0.2653061224489796,743.6032319339256,1354.3165846892603,3.730194201042493,3,0.2133718311836151,2.3636363636363638,discontinuous,discontinuous,0.2653061224489796,True,853.9003953138242
149,397,1166,0,366,399,77.45770248972389,,747.27734375,449.72265625,1,77.45770248972389,77,817.9447705072602,1576.6194589265717,0.4137291280148423,1.0,1,0.0,2.896103896103896,0.3272621038658106,793.2366284223673,740.1125631326457,853.9003953138242,0.4137291280148423,817.9447705072602,1576.6194589265717,32.04650770910654,1,0.012910271901398927,2.896103896103896,thick,thick,0.4137291280148423,True,853.9003953138242
234,373,1167,0,378,400,106.81470976114852,,772.390625,101.609375,1,106.81470976114852,107,857.2864541989597,1599.2832718589639,0.4699599465954606,0.9065420560747663,2,0.009345794392523366,3.3207547169811322,0.4022069155205588,820.9989246988224,804.0300204544143,853.9003953138242,0.4699599465954606,857.2864541989597,1599.2832718589639,50.19863529495898,2,0.018724012867443615,3.3207547169811322,thick,thick,0.4699599465954606,True,853.9003953138242
44,373,1168,0,392,400,64.34948714618623,,753.25,122.75,1,64.34948714618623,64,849.8831843471928,1701.5607077960215,0.5022321428571429,1.0,1,0.0,3.515625,0.4266435178905507,844.7440989752126,761.8546459975487,853.9003953138242,0.5022321428571429,849.8831843471928,1701.5607077960215,32.31838082118728,1,0.015540139391138356,3.515625,thick,thick,0.5022321428571429,True,853.9003953138242
455,475,1169,0,387,396,19.352336397025983,,738.25,341.75,1,19.352336397025983,19,855.8672357509571,1643.5410131913195,0.42105263157894735,0.5263157894736842,2,0.1578947368421053,3.5,0.3030457633656632,821.5577903757443,793.1866746360516,853.9003953138242,0.42105263157894735,855.8672357509571,1643.5410131913195,8.148352167168834,2,0.10334669462997527,3.5,thick,thick,0.42105263157894735,True,853.9003953138242
120,516,1170,0,395,389,25.67325620929185,,747.359375,255.640625,1,25.67325620929185,26,746.7430579155318,1348.2527879892916,0.3021978021978022,0.7692307692307693,2,0.15384615384615385,2.5,0.5081159495448044,718.5139297033397,711.3746832629503,853.9003953138242,0.3021978021978022,746.7430579155318,1348.2527879892916,7.758401601709075,2,0.0779020776988992,2.5,punctate,punctate,0.3021978021978022,True,853.9003953138242
181,311,1171,0,386,401,36.48259243909035,,737.1015625,743.171875,1,36.48259243909035,36,747.9915729342407,1273.5113784530263,0.24206349206349206,0.5277777777777778,4,0.16666666666666663,2.033333333333333,0.6153548976761789,708.7438297828028,714.8038113430222,853.9003953138242,0.24206349206349206,747.9915729342407,1273.5113784530263,8.831103725335362,4,0.10964133118221288,2.033333333333333,discontinuous,discontinuous,0.24206349206349206,True,853.9003953138242
397,455,1172,0,399,387,5.129817481141764,,738.13671875,404.13671875,1,5.129817481141764,5,727.9566413953646,1181.5175370756444,0.22857142857142856,0.6,1,0.4,2.6666666666666665,0.46770717334674267,633.7728632731717,780.6603167266148,853.9003953138242,0.22857142857142856,727.9566413953646,1181.5175370756444,1.1725297099752603,1,0.19493870954984271,2.6666666666666665,punctate,punctate,0.22857142857142856,True,853.9003953138242
311,344,1173,0,401,374,33.315670021384435,,742.83203125,776.16796875,1,33.315670021384435,33,764.8961790977028,1450.8099532159613,0.3203463203463203,1.0,1,0.0,2.242424242424242,0.4395528639808269,712.9251377788325,707.2778765086183,853.9003953138242,0.3203463203463203,764.8961790977028,1450.8099532159613,10.67255230122272,1,0.030015905409020046,2.242424242424242,punctate,punctate,0.3203463203463203,True,853.9003953138242
192,376,1175,0,384,370,12.038365146208111,,741.86328125,614.13671875,1,12.038365146208111,12,683.8354504825109,957.3280072255626,0.08333333333333333,0.25,2,0.6666666666666667,1.75,0.47380354147934284,646.5106989203613,689.307270168978,853.9003953138242,0.08333333333333333,683.8354504825109,957.3280072255626,1.0031970955173426,2,0.16613551555461561,1.75,discontinuous,discontinuous,0.08333333333333333,True,853.9003953138242
353,501,1176,0,402,371,49.299415794166784,,744.38671875,934.38671875,1,49.299415794166784,49,723.8091196078257,1218.9371847612456,0.22157434402332363,0.20408163265306123,5,0.36734693877551017,2.4516129032258065,0.49512862426912574,701.8775813243589,689.4226572688423,853.9003953138242,0.22157434402332363,723.8091196078257,1218.9371847612456,10.923485715325585,5,0.10142108013765978,2.4516129032258065,discontinuous,discontinuous,0.22157434402332363,True,853.9003953138242
311,458,1177,0,401,397,21.82510180898706,,749.8671875,723.8671875,1,21.82510180898706,22,741.1216883224236,1054.1182699345873,0.22727272727272727,0.2727272727272727,4,0.40909090909090906,2.6923076923076925,0.3681171064778607,698.8739342563387,734.3852752263729,853.9003953138242,0.22727272727272727,741.1216883224236,1054.1182699345873,4.960250411133423,4,0.18327520462483682,2.6923076923076925,discontinuous,discontinuous,0.22727272727272727,True,853.9003953138242
353,552,1178,0,402,391,23.506986979062933,,750.27734375,957.72265625,1,23.506986979062933,24,746.8331031825815,1093.0539696561277,0.22023809523809523,0.375,3,0.45833333333333337,2.8461538461538463,0.4098851591379216,733.9421527727112,717.7029823750844,853.9003953138242,0.22023809523809523,746.8331031825815,1093.0539696561277,5.177134037055527,3,0.12762163022730316,2.8461538461538463,discontinuous,discontinuous,0.22023809523809523,True,853.9003953138242
440,455,1179,0,403,387,27.455502076642162,,744.53515625,390.53515625,1,27.455502076642162,27,862.0467980858703,1422.1431692373892,0.5026455026455027,0.8518518518518519,2,0.03703703703703709,3.6538461538461537,0.5200681821909737,802.323711892339,849.7985149605475,853.9003953138242,0.5026455026455027,862.0467980858703,1422.1431692373892,13.800384641698441,2,0.07284514391384979,3.6538461538461537,thick,thick,0.5026455026455027,True,853.9003953138242
169,344,1180,0,404,374,45.92840881193059,,741.5,806.5,1,45.92840881193059,46,902.2763713796461,1443.8604916091588,0.5900621118012422,1.0,1,0.0,4.130434782608695,0.2882750302658769,847.1418252581174,865.5761878951674,853.9003953138242,0.5900621118012422,902.2763713796461,1443.8604916091588,27.100613895238546,1,0.021773016437273897,4.130434782608695,thick,thick,0.5900621118012422,True,853.9003953138242
397,440,1181,0,399,403,22.102812943307846,,749.28125,409.71875,1,22.102812943307846,22,743.3956900460686,1490.0621679699982,0.2597402597402597,0.36363636363636365,3,0.2272727272727273,2.3529411764705883,0.3840572873934304,695.2392124331518,714.9814085277362,853.9003953138242,0.2597402597402597,743.3956900460686,1490.0621679699982,5.740990374885154,3,0.13572933036599405,2.3529411764705883,discontinuous,discontinuous,0.2597402597402597,True,853.9003953138242
185,188,1183,0,388,405,54.92525145052641,,754.49609375,180.50390625,1,54.92525145052641,55,728.4699372900773,1347.0551303150216,0.24155844155844156,0.4727272727272727,4,0.23636363636363633,2.2142857142857144,0.5171361142542386,681.3099208516148,698.0701226022791,853.9003953138242,0.24155844155844156,728.4699372900773,1347.0551303150216,13.26765814259469,4,0.07282624829861682,2.2142857142857144,discontinuous,discontinuous,0.24155844155844156,True,853.9003953138242
188,278,1184,0,405,379,4.472160540311851,,743.5,156.5,1,4.472160540311851,4,950.5442902780102,1655.4870084755025,0.5714285714285714,1.0,1,0.0,4.0,0.1767766952966369,924.1740405500943,861.2080173736136,853.9003953138242,0.5714285714285714,950.5442902780102,1655.4870084755025,2.555520308749629,1,0.22360556849112317,4.0,thick,thick,0.5714285714285714,True,853.9003953138242
192,564,1185,0,384,369,43.00151684354019,,756.72265625,630.27734375,1,43.00151684354019,43,610.2812642208554,952.1137376755813,0.026578073089700997,0.06976744186046512,2,0.8837209302325582,1.6,0.5,591.300100025062,604.1217580906247,853.9003953138242,0.026578073089700997,610.2812642208554,952.1137376755813,1.1428974576356197,2,0.046509987247123026,1.6,discontinuous,discontinuous,0.026578073089700997,False,853.9003953138242
68,169,1186,0,385,404,19.739678847761784,,748.28125,836.71875,1,19.739678847761784,20,878.4950860731075,1403.5532822662626,0.5071428571428571,1.0,1,0.0,3.55,0.3504184592852036,785.1246843979071,898.9259274838871,853.9003953138242,0.5071428571428571,878.4950860731075,1403.5532822662626,10.010837129936332,1,0.05065938547999157,3.55,thick,thick,0.5071428571428571,True,853.9003953138242
163,517,1187,0,406,376,22.14614814459854,,750.609375,676.390625,1,22.14614814459854,22,900.2425320673918,1768.4605413462532,0.538961038961039,1.0,1,0.0,3.772727272727273,0.33842341940212384,838.3752263141055,858.8173071295835,853.9003953138242,0.538961038961039,900.2425320673918,1768.4605413462532,11.935911012997915,1,0.045154579183283416,3.772727272727273,thick,thick,0.538961038961039,True,853.9003953138242
163,564,1188,0,406,369,40.30237877326621,,756.46484375,658.46484375,1,40.30237877326621,40,721.4445620062279,1326.5386291444925,0.16785714285714284,0.325,4,0.35,1.8076923076923077,0.669114263553889,733.5146049174139,666.3132766030191,853.9003953138242,0.16785714285714284,721.4445620062279,1326.5386291444925,6.765042151226828,4,0.09924972474958031,1.8076923076923077,discontinuous,discontinuous,0.16785714285714284,True,853.9003953138242
362,434,1189,0,383,407,21.83972545047909,,746.609375,889.609375,1,21.83972545047909,22,666.1468363295575,1142.7314805357162,0.11688311688311688,0.13636363636363635,2,0.7727272727272727,3.6,0.376796110173626,660.1458307622753,651.4026105147209,853.9003953138242,0.11688311688311688,666.1468363295575,1142.7314805357162,2.55269518252353,2,0.09157624277534711,3.6,discontinuous,discontinuous,0.11688311688311688,True,853.9003953138242
281,434,1190,0,365,407,11.761828486203992,,747.13671875,903.86328125,1,11.761828486203992,12,695.3983082894717,1068.3845312444228,0.08333333333333333,0.16666666666666666,2,0.75,2.3333333333333335,0.5345224838248487,692.2636323823277,661.4613721837969,853.9003953138242,0.08333333333333333,695.3983082894717,1068.3845312444228,0.9801523738503326,2,0.1700415885460237,2.3333333333333335,minimal,minimal,0.08333333333333333,True,853.9003953138242
44,188,1191,0,392,405,30.369656464514232,,759.49609375,159.50390625,1,30.369656464514232,30,841.0396319080052,1618.6593316635885,0.44761904761904764,1.0,1,0.0,3.1333333333333333,0.4014460056194299,811.9372435972631,797.0228885848202,853.9003953138242,0.44761904761904764,841.0396319080052,1618.6593316635885,13.594036703163514,1,0.03292760328614389,3.1333333333333333,thick,thick,0.44761904761904764,True,853.9003953138242
322,475,1192,0,408,396,22.497313671434682,,754.24609375,340.24609375,1,22.497313671434682,22,782.4738232868555,1279.9210339449194,0.33766233766233766,0.5454545454545454,2,0.045454545454545414,2.4761904761904763,0.4925480182640653,714.9633807933864,785.0544282691158,853.9003953138242,0.33766233766233766,782.4738232868555,1279.9210339449194,7.5964955254195035,2,0.08889950281217097,2.4761904761904763,punctate,punctate,0.33766233766233766,True,853.9003953138242
322,455,1193,0,408,387,34.13654248036492,,747.13671875,363.86328125,1,34.13654248036492,34,800.8860171952093,1392.5421777041151,0.3067226890756303,0.4411764705882353,3,0.17647058823529416,2.607142857142857,0.6748574211919781,810.2178626400931,723.0687269671722,853.9003953138242,0.3067226890756303,800.8860171952093,1392.5421777041151,10.470452105322016,3,0.08788236247785132,2.607142857142857,discontinuous,discontinuous,0.3067226890756303,True,853.9003953138242
434,501,1194,0,407,371,17.845162983490436,,756.16796875,912.83203125,1,17.845162983490436,18,574.3498143138273,1116.3320690660644,0.05555555555555555,0.1111111111111111,2,0.8333333333333334,2.3333333333333335,0.40406101782088427,558.4324545396562,577.7041954531034,853.9003953138242,0.05555555555555555,574.3498143138273,1116.3320690660644,0.9913979435272464,2,0.11207518820928183,2.3333333333333335,minimal,minimal,0.05555555555555555,True,853.9003953138242
31,188,1195,0,363,405,5.954202065257501,,749.75390625,194.75390625,1,5.954202065257501,6,884.3688909183586,1261.724726899163,0.6190476190476191,1.0,1,0.0,4.333333333333333,0.3922322702763681,820.7809510373136,902.9268450634592,853.9003953138242,0.6190476190476191,884.3688909183586,1261.724726899163,3.685934611826072,1,0.16794861663075808,4.333333333333333,thick,thick,0.6190476190476191,True,853.9003953138242
188,349,1196,0,405,394,31.509105234699792,,759.25,208.75,1,31.509105234699792,32,652.457540895217,1158.8225173950293,0.10714285714285714,0.25,1,0.75,3.0,0.47140452079103173,649.8023800709584,633.6901164435911,853.9003953138242,0.10714285714285714,652.457540895217,1158.8225173950293,3.3759755608606916,1,0.031736858046312835,3.0,discontinuous,discontinuous,0.10714285714285714,True,853.9003953138242
68,434,1197,0,385,407,18.707453199812697,,757.171875,876.171875,1,18.707453199812697,19,823.8008701453479,1129.98415013529,0.43609022556390975,0.5263157894736842,3,0.10526315789473684,3.411764705882353,0.4388938641847536,761.0979626716078,845.3384074286816,853.9003953138242,0.43609022556390975,823.8008701453479,1129.98415013529,8.158137485632604,3,0.16036389175786026,3.411764705882353,thick,thick,0.43609022556390975,True,853.9003953138242
322,440,1198,0,408,403,48.33859961311978,,772.5,382.5,1,48.33859961311978,48,781.332568311097,1483.0497651628066,0.3482142857142857,1.0,1,0.0,2.4375,0.4947677141335488,741.8771679678554,717.8420521997573,853.9003953138242,0.3482142857142857,781.332568311097,1483.0497651628066,16.832190936711353,1,0.02068740112464048,2.4375,punctate,punctate,0.3482142857142857,True,853.9003953138242
169,311,1199,0,404,401,23.80995080315974,,761.49609375,785.49609375,1,23.80995080315974,24,854.6453685785018,1513.880514108465,0.5,0.6666666666666666,2,0.04166666666666663,3.652173913043478,0.4393486211249032,832.7700903331429,826.6796692778101,853.9003953138242,0.5,854.6453685785018,1513.880514108465,11.90497540157987,2,0.08399849359346793,3.652173913043478,thick,thick,0.5,True,853.9003953138242
435,552,1200,0,409,391,71.41656204644617,,753.3203125,996.6875,1,71.41656204644617,71,610.5000895798252,900.8983419745526,0.008048289738430584,0.028169014084507043,2,0.9436619718309859,1.0,0.0,577.416068725061,620.6247279269787,853.9003953138242,0.008048289738430584,610.5000895798252,900.8983419745526,0.5747811834724038,2,0.02800470846943442,1.0,minimal,minimal,0.008048289738430584,False,853.9003953138242
475,518,1201,0,396,410,32.540567222119606,,754.64453125,320.35546875,1,32.540567222119606,33,811.9146032715697,1867.6158223269183,0.4069264069264069,0.8787878787878788,2,0.06060606060606055,3.032258064516129,0.45484166651982877,742.3206358605464,773.7889359714857,853.9003953138242,0.4069264069264069,811.9146032715697,1867.6158223269183,13.241616099044341,2,0.06146174362444704,3.032258064516129,thick,thick,0.4069264069264069,True,853.9003953138242
120,518,1202,0,395,410,35.83847405543442,,771.83203125,304.16796875,1,35.83847405543442,36,982.4761939550737,1853.6526992902373,0.6468253968253969,1.0,1,0.0,4.527777777777778,0.30123886373474645,902.4625719970502,975.1389744045575,853.9003953138242,0.6468253968253969,982.4761939550737,1853.6526992902373,23.18123520252306,1,0.027902973727430887,4.527777777777778,thick,thick,0.6468253968253969,True,853.9003953138242
163,458,1203,0,406,397,24.94247686087006,,763.50390625,693.49609375,1,24.94247686087006,25,822.5039447721487,1423.4258852203318,0.38857142857142857,0.68,2,0.07999999999999996,2.9565217391304346,0.4728804467886332,798.3028190258846,793.7439732780863,853.9003953138242,0.38857142857142857,822.5039447721487,1423.4258852203318,9.69193386593808,2,0.08018449856267541,2.9565217391304346,punctate,punctate,0.38857142857142857,True,853.9003953138242
397,573,1204,0,399,411,44.89956762426451,,763.86328125,435.13671875,1,44.89956762426451,45,690.6023503272463,1279.4397030896553,0.16825396825396827,0.3111111111111111,6,0.24444444444444446,1.5588235294117647,0.4716981132075471,658.1972907018442,648.7932391568066,853.9003953138242,0.16825396825396827,690.6023503272463,1279.4397030896553,7.554530425669903,6,0.13363157637084894,1.5588235294117647,reticular,reticular,0.16825396825396827,True,853.9003953138242
68,303,1205,0,385,412,41.24976035466531,,757.64453125,861.35546875,1,41.24976035466531,41,910.8149576718085,1715.5990357063183,0.5226480836236934,0.8292682926829268,2,0.07317073170731703,3.9473684210526314,0.3627058802329452,864.571346294392,871.2240976021872,853.9003953138242,0.5226480836236934,910.8149576718085,1715.5990357063183,21.55910819930243,2,0.04848513016327868,3.9473684210526314,thick,thick,0.5226480836236934,True,853.9003953138242
527,531,1206,0,398,390,9.83255405596762,,761.28125,522.71875,1,9.83255405596762,10,808.9139450570065,1173.3611343633554,0.45714285714285713,0.8,2,0.09999999999999998,3.5555555555555554,0.5153882032022076,775.3804316190312,784.280977516778,853.9003953138242,0.45714285714285713,808.9139450570065,1173.3611343633554,4.494881854156626,2,0.20340595013420248,3.5555555555555554,thick,thick,0.45714285714285713,True,853.9003953138242
169,303,1207,0,404,412,22.86258153462976,,766.5,833.5,1,22.86258153462976,23,804.6850556145918,1377.4678828819538,0.37888198757763975,0.6521739130434783,2,0.04347826086956519,2.772727272727273,0.5092532644921005,742.8589751629216,796.2270301241148,853.9003953138242,0.37888198757763975,804.6850556145918,1377.4678828819538,8.66222033299637,2,0.0874791850155074,2.772727272727273,punctate,punctate,0.37888198757763975,True,853.9003953138242
397,531,1208,0,399,390,20.119590704853632,,764.25,494.75,1,20.119590704853632,20,760.9199182585356,1566.1222050666318,0.2642857142857143,0.55,3,0.09999999999999998,2.0555555555555554,0.5247699415931784,682.9684682837106,753.0754087293916,853.9003953138242,0.2642857142857143,760.9199182585356,1566.1222050666318,5.31732040056846,3,0.14910840106087658,2.0555555555555554,discontinuous,discontinuous,0.2642857142857143,True,853.9003953138242
120,349,1209,0,395,394,53.47576180485565,,771.75,283.25,1,53.47576180485565,53,869.1876605956014,1492.2726466517754,0.49326145552560646,0.5660377358490566,2,0.018867924528301883,3.519230769230769,0.37585937243754414,835.7145941049022,835.7252647097728,853.9003953138242,0.49326145552560646,869.1876605956014,1492.2726466517754,26.37753210320373,2,0.03740012170931613,3.519230769230769,thick,thick,0.49326145552560646,True,853.9003953138242
440,573,1210,0,403,411,48.44066832474133,,780.86328125,405.86328125,1,48.44066832474133,48,798.4847231158257,1394.5944254176195,0.3333333333333333,0.3958333333333333,4,0.10416666666666663,2.604651162790698,0.5046025411051711,779.055696731983,761.0999817060912,853.9003953138242,0.3333333333333333,798.4847231158257,1394.5944254176195,16.14688944158044,4,0.08257524386708304,2.604651162790698,discontinuous,discontinuous,0.3333333333333333,True,853.9003953138242
527,563,1211,0,398,413,47.089228664359275,,759.50390625,548.49609375,1,47.089228664359275,47,723.331948219954,1314.754448239475,0.23404255319148937,0.2978723404255319,5,0.17021276595744683,1.9743589743589745,0.4657252227802885,690.0825150583581,677.9469639026174,853.9003953138242,0.23404255319148937,723.331948219954,1314.754448239475,11.020883304424512,5,0.10618139523241717,1.9743589743589745,discontinuous,discontinuous,0.23404255319148937,True,853.9003953138242
258,557,1212,0,414,393,50.25816623979481,,768.8984375,21.1015625,1,50.25816623979481,50,664.6203753977205,1221.2968401995747,0.11714285714285715,0.1,7,0.5,1.64,0.5944418344855581,633.9355029301164,634.8777796105473,853.9003953138242,0.11714285714285715,664.6203753977205,1221.2968401995747,5.887385188090249,7,0.13928084774524355,1.64,discontinuous,discontinuous,0.11714285714285715,True,853.9003953138242
458,548,1213,0,397,415,25.09487912105401,,767.25,711.25,1,25.09487912105401,25,724.9614702610172,1403.8383880598822,0.24,0.76,2,0.16000000000000003,2.0,0.4879500364742666,696.3469423452229,680.670906738704,853.9003953138242,0.24,724.9614702610172,1403.8383880598822,6.022770989052963,2,0.07969753471823052,2.0,punctate,punctate,0.24,True,853.9003953138242
311,548,1214,0,401,415,44.85784251593858,,766.46484375,742.53515625,1,44.85784251593858,45,664.0093366989726,1340.5848719420887,0.11428571428571428,0.2,2,0.6444444444444444,2.25,0.2939723678960656,643.2320117079615,626.5116279853866,853.9003953138242,0.11428571428571428,664.0093366989726,1340.5848719420887,5.126610573250123,2,0.044585291842544006,2.25,discontinuous,discontinuous,0.11428571428571428,True,853.9003953138242
353,435,1216,0,402,409,44.193126192586654,,781.5,957.2109375,1,44.193126192586654,44,807.460294788465,1338.9271616645174,0.32792207792207795,0.4318181818181818,3,0.2272727272727273,2.9705882352941178,0.3314983968867961,801.4737521088754,764.3860860234487,853.9003953138242,0.32792207792207795,807.460294788465,1338.9271616645174,14.491901770945624,3,0.06788386019415044,2.9705882352941178,discontinuous,discontinuous,0.32792207792207795,True,853.9003953138242
322,518,1217,0,408,410,30.716842030205765,,773.16796875,340.83203125,1,30.716842030205765,31,864.8825027268025,1719.2557918196424,0.4423963133640553,0.6451612903225806,2,0.032258064516129004,3.2,0.5376453291901642,835.3294235800879,830.5222345460426,853.9003953138242,0.4423963133640553,864.8825027268025,1719.2557918196424,13.589017672349096,2,0.06511085996513824,3.2,thick,thick,0.4423963133640553,True,853.9003953138242
353,434,1218,0,402,407,24.6026110379538,,774.13671875,917.86328125,1,24.6026110379538,25,681.2816562270698,1064.2064989285423,0.12571428571428572,0.32,2,0.6,2.2,0.5677270907634907,652.4187024513957,664.5475472419911,853.9003953138242,0.12571428571428572,681.2816562270698,1064.2064989285423,3.0928996733427634,2,0.08129218467562864,2.2,discontinuous,discontinuous,0.12571428571428572,True,853.9003953138242
531,563,1219,0,390,413,22.396490874767277,,775.13671875,519.13671875,1,22.396490874767277,22,767.058137706324,1500.2715242921804,0.2597402597402597,0.4090909090909091,3,0.18181818181818177,2.2222222222222223,0.4873397172404481,729.3193204219117,725.8300380058474,853.9003953138242,0.2597402597402597,767.058137706324,1500.2715242921804,5.817270357082409,3,0.1339495556145321,2.2222222222222223,discontinuous,discontinuous,0.2597402597402597,True,853.9003953138242
41,349,1220,0,416,394,31.598483563662935,,772.71875,237.28125,1,31.598483563662935,32,916.3966779100621,1901.35439503814,0.5,0.75,3,0.0625,3.7333333333333334,0.5658206970626736,868.5219441993402,886.8927478841676,853.9003953138242,0.5,916.3966779100621,1901.35439503814,15.799241781831467,3,0.09494126494886251,3.7333333333333334,thick,thick,0.5,True,853.9003953138242
41,188,1221,0,416,405,22.18059030062452,,777.390625,221.390625,1,22.18059030062452,22,887.5607296931977,1403.2466633674007,0.538961038961039,0.8636363636363636,2,0.045454545454545414,3.9523809523809526,0.45846500217928793,897.4490772752168,820.6779835374826,853.9003953138242,0.538961038961039,887.5607296931977,1403.2466633674007,11.954473993193735,2,0.09016892575413954,3.9523809523809526,thick,thick,0.538961038961039,True,853.9003953138242
303,434,1222,0,412,407,27.59306017209216,,779.16796875,880.83203125,1,27.59306017209216,28,720.2151224849054,1060.7144834736262,0.1377551020408163,0.10714285714285714,6,0.4642857142857143,1.8,0.7085602396188516,699.9201214471325,701.2311956608519,853.9003953138242,0.1377551020408163,720.2151224849054,1060.7144834736262,3.80108481962494,6,0.21744597962600928,1.8,discontinuous,discontinuous,0.1377551020408163,True,853.9003953138242
364,557,1223,0,417,393,18.40282566803284,,773.640625,50.640625,1,18.40282566803284,18,811.646532510644,1321.892980092385,0.36507936507936506,0.8333333333333334,2,0.05555555555555558,2.7058823529411766,0.4158940536893259,777.1556353605843,792.9861830215378,853.9003953138242,0.36507936507936506,811.646532510644,1321.892980092385,6.718491910551672,2,0.10867896246358286,2.7058823529411766,punctate,punctate,0.36507936507936506,True,853.9003953138242
186,531,1224,0,418,390,13.467622972420385,,772.46484375,507.53515625,1,13.467622972420385,13,890.5366672373351,1457.7026013110299,0.6373626373626373,1.0,1,0.0,4.461538461538462,0.22611856980351727,844.9445157457906,885.5944923377263,853.9003953138242,0.6373626373626373,890.5366672373351,1457.7026013110299,8.583759696707498,1,0.07425215288903216,4.461538461538462,thick,thick,0.6373626373626373,True,853.9003953138242
234,364,1225,0,378,417,46.38945123712548,,787.5,70.5,1,46.38945123712548,46,658.6007870808648,1277.7939893696225,0.13354037267080746,0.32608695652173914,5,0.4130434782608695,1.5925925925925926,0.5983572246636562,622.2728509720812,627.5752865197584,853.9003953138242,0.13354037267080746,658.6007870808648,1277.7939893696225,6.194864606199986,5,0.10778312453928103,1.5925925925925926,discontinuous,discontinuous,0.13354037267080746,True,853.9003953138242
186,397,1226,0,418,399,57.80296424843202,,771.5,477.5,1,57.80296424843202,58,735.1295479604435,1268.031332095592,0.19704433497536947,0.3275862068965517,5,0.43103448275862066,2.4242424242424243,0.4065863991822648,721.4240579331114,697.196443377355,853.9003953138242,0.19704433497536947,735.1295479604435,1268.031332095592,11.389746649937344,5,0.08650075415700903,2.4242424242424243,discontinuous,discontinuous,0.19704433497536947,True,853.9003953138242
163,192,1227,0,406,384,10.900714021191284,,774.5,648.5,1,10.900714021191284,11,722.5813889927306,1083.1796463140204,0.15584415584415584,0.36363636363636365,2,0.4545454545454546,2.0,0.408248290463863,702.9704990180043,692.0343796992842,853.9003953138242,0.15584415584415584,722.5813889927306,1083.1796463140204,1.6988125747311091,2,0.1834742197723879,2.0,punctate,punctate,0.15584415584415584,True,853.9003953138242
311,486,1228,0,401,419,36.27327285354994,,779.71875,764.71875,1,36.27327285354994,36,712.8632369930964,1106.457822699474,0.2261904761904762,0.5555555555555556,2,0.25,2.111111111111111,0.5520046569316587,684.0221765340023,681.481578668579,853.9003953138242,0.2261904761904762,712.8632369930964,1106.457822699474,8.204668859731534,2,0.05513701529152936,2.111111111111111,punctate,punctate,0.2261904761904762,True,853.9003953138242
169,486,1229,0,404,419,49.77870285657124,,774.64453125,802.35546875,1,49.77870285657124,50,709.695228021456,1347.8688873156489,0.16,0.28,3,0.5800000000000001,2.6666666666666665,0.6267831705280088,714.8143369441684,662.7671585149958,853.9003953138242,0.16,709.695228021456,1347.8688873156489,7.964592457051399,3,0.06026673713543688,2.6666666666666665,discontinuous,discontinuous,0.16,True,853.9003953138242
44,488,1231,0,392,420,30.924310135353632,,774.50390625,151.49609375,1,30.924310135353632,31,918.5183517477635,1727.3222002153882,0.5622119815668203,0.8387096774193549,2,0.06451612903225812,4.206896551724138,0.36065573770491804,846.390086485074,915.2454776365622,853.9003953138242,0.5622119815668203,918.5183517477635,1727.3222002153882,17.38601767978407,2,0.06467403771486362,4.206896551724138,thick,thick,0.5622119815668203,True,853.9003953138242
188,488,1232,0,405,420,55.34822355718173,,790.5,185.5,1,55.34822355718173,55,804.7961109665365,1376.7792880134057,0.412987012987013,0.6545454545454545,3,0.07272727272727275,3.1176470588235294,0.4049650322517043,786.3447558834351,762.5326027660799,853.9003953138242,0.412987012987013,804.7961109665365,1376.7792880134057,22.85809752101791,3,0.054202281612536665,3.1176470588235294,thick,thick,0.412987012987013,True,853.9003953138242
143,527,1233,0,421,398,31.526506606639977,,773.5,576.5,1,31.526506606639977,32,718.0407724393101,1176.9017379350319,0.14285714285714285,0.28125,6,0.40625,1.6842105263157894,0.4739297152532219,691.6470934187951,691.7776289990195,853.9003953138242,0.14285714285714285,718.0407724393101,1176.9017379350319,4.503786658091425,6,0.19031604341269787,1.6842105263157894,discontinuous,discontinuous,0.14285714285714285,True,853.9003953138242
143,563,1234,0,421,413,48.938427080313346,,793.7578125,550.7578125,1,48.938427080313346,49,728.6447240074189,1040.7802969171125,0.15743440233236153,0.14285714285714285,8,0.4897959183673469,2.16,0.4662843819264508,732.7570996017098,692.2449374901679,853.9003953138242,0.15743440233236153,728.6447240074189,1040.7802969171125,7.704592018474988,8,0.1634707218291082,2.16,reticular,reticular,0.15743440233236153,True,853.9003953138242
163,548,1235,0,406,415,17.402020488129434,,780.16796875,695.16796875,1,17.402020488129434,17,867.0194934537108,1323.362751103915,0.4789915966386555,1.0,1,0.0,3.3529411764705883,0.22739441047045122,833.8722156887443,812.785205722817,853.9003953138242,0.4789915966386555,867.0194934537108,1323.362751103915,8.335421578347713,1,0.05746459157901447,3.3529411764705883,thick,thick,0.4789915966386555,True,853.9003953138242
143,192,1236,0,421,384,28.90601350938898,,781.25,606.75,1,28.90601350938898,29,688.1016335876216,1259.2396967781729,0.12807881773399016,0.3448275862068966,4,0.5172413793103448,1.8571428571428572,0.5704768066996664,669.4329138522103,675.694065926759,853.9003953138242,0.12807881773399016,688.1016335876216,1259.2396967781729,3.7022480356852885,4,0.13837951050222672,1.8571428571428572,discontinuous,discontinuous,0.12807881773399016,True,853.9003953138242
219,435,1237,0,422,409,56.68826410483486,,788.83203125,1000.83203125,1,56.68826410483486,57,633.7572374055425,925.1625997241968,0.020050125313283207,0.03508771929824561,4,0.9122807017543859,1.6,0.5,602.5721979600727,631.5436540487663,853.9003953138242,0.020050125313283207,633.7572374055425,925.1625997241968,1.136606799094433,4,0.07056134216074621,1.6,discontinuous,discontinuous,0.020050125313283207,False,853.9003953138242
303,486,1238,0,412,419,17.24359652832961,,782.72265625,823.72265625,1,17.24359652832961,17,759.3258487034943,1262.898196357724,0.226890756302521,0.17647058823529413,4,0.4117647058823529,2.7,0.43979044766807096,759.5215003192018,715.9021953346431,853.9003953138242,0.226890756302521,759.3258487034943,1262.898196357724,3.912412657688231,4,0.23197016895102918,2.7,discontinuous,discontinuous,0.226890756302521,True,853.9003953138242
186,573,1240,0,418,411,19.613006069890673,,784.828125,452.171875,1,19.613006069890673,20,876.6821130528206,1341.2063660430235,0.4928571428571429,0.85,2,0.050000000000000044,3.6315789473684212,0.5449737877380628,894.0342559038254,798.5527097980242,853.9003953138242,0.4928571428571429,876.6821130528206,1341.2063660430235,9.666410134446117,2,0.10197314949442364,3.6315789473684212,thick,thick,0.4928571428571429,True,853.9003953138242
230,349,1241,0,423,394,55.065101661348685,,785.13671875,271.86328125,1,55.065101661348685,55,683.6559164239263,2031.5156761792505,0.09090909090909091,0.16363636363636364,4,0.7636363636363637,2.6923076923076925,0.9026039427960749,683.7790274054887,645.0681946963318,853.9003953138242,0.09090909090909091,683.6559164239263,2031.5156761792505,5.00591833284988,4,0.07264128966110094,2.6923076923076925,discontinuous,discontinuous,0.09090909090909091,True,853.9003953138242
163,395,1242,0,406,424,32.01867134004737,,788.1015625,661.8984375,1,32.01867134004737,32,772.5497774777772,1802.3475176860077,0.32589285714285715,0.375,4,0.15625,2.7037037037037037,0.42487842244577595,718.3593587170153,753.3859810899703,853.9003953138242,0.32589285714285715,772.5497774777772,1802.3475176860077,10.434656284926152,4,0.12492710760914673,2.7037037037037037,discontinuous,discontinuous,0.32589285714285715,True,853.9003953138242
258,364,1243,0,414,417,111.75091383377492,,825.72265625,68.27734375,1,111.75091383377492,112,737.9049214545222,1636.233953741818,0.2385204081632653,0.29464285714285715,4,0.4375,2.9682539682539684,0.4157388604401456,718.6815443820648,703.7086560936247,853.9003953138242,0.2385204081632653,737.9049214545222,1636.233953741818,26.654873580249884,4,0.03579389074124121,2.9682539682539684,discontinuous,discontinuous,0.2385204081632653,True,853.9003953138242
373,488,1244,0,400,420,33.68156113515541,,794.13671875,139.93359375,1,33.68156113515541,34,927.5396127207354,1692.098789786188,0.6008403361344538,1.0,1,0.0,4.205882352941177,0.2927891107057108,889.1128070707396,866.5259518274826,853.9003953138242,0.6008403361344538,927.5396127207354,1692.098789786188,20.23724051397993,1,0.029689835218363485,4.205882352941177,thick,thick,0.6008403361344538,True,853.9003953138242
186,563,1245,0,418,413,20.21356967952455,,787.828125,507.828125,1,20.21356967952455,20,836.4518690614076,1492.4588478123073,0.4,0.5,2,0.09999999999999998,3.111111111111111,0.41342274652822236,800.9806925826522,809.1514402758978,853.9003953138242,0.4,836.4518690614076,1492.4588478123073,8.08542787180982,2,0.09894343412415232,3.111111111111111,thick,thick,0.4,True,853.9003953138242
192,395,1246,0,384,424,41.56802547190723,,780.6484375,631.640625,1,41.56802547190723,42,633.1393109438033,1277.9716103909623,0.05782312925170068,0.07142857142857142,5,0.7619047619047619,1.7,0.6984907110022304,603.2038043315484,620.3488699540163,853.9003953138242,0.05782312925170068,633.1393109438033,1277.9716103909623,2.403593309600078,5,0.12028476078035347,1.7,discontinuous,discontinuous,0.05782312925170068,True,853.9003953138242
486,548,1247,0,419,415,26.260398853727622,,795.5,744.5,1,26.260398853727622,26,706.0862360003706,1253.9534496698243,0.11538461538461539,0.15384615384615385,3,0.6923076923076923,2.625,0.3264597428762402,703.8956878541344,666.5695676344071,853.9003953138242,0.11538461538461539,706.0862360003706,1253.9534496698243,3.0300460215839564,3,0.11424045829274047,2.625,discontinuous,discontinuous,0.11538461538461539,True,853.9003953138242
41,230,1248,0,416,423,36.25669026554385,,789.140625,229.8671875,1,36.25669026554385,36,799.5893401250205,1516.23039448486,0.30158730158730157,0.3055555555555556,4,0.38888888888888884,3.4545454545454546,0.5360933891437726,748.3963610539944,807.755066527033,853.9003953138242,0.30158730158730157,799.5893401250205,1516.23039448486,10.934557381671954,4,0.11032446620758862,3.4545454545454546,discontinuous,discontinuous,0.30158730158730157,True,853.9003953138242
163,320,1249,0,406,425,14.039442890613543,,787.171875,682.171875,1,14.039442890613543,14,821.0224955701801,1299.6905219614682,0.42857142857142855,1.0,1,0.0,3.0,0.45425676257949793,799.1587767242717,785.3690982006852,853.9003953138242,0.42857142857142855,821.0224955701801,1299.6905219614682,6.016904095977233,1,0.07122789755913873,3.0,thick,thick,0.42857142857142855,True,853.9003953138242
320,548,1250,0,425,415,55.27522912553863,,799.75390625,713.24609375,1,55.27522912553863,55,698.336099584344,1338.8293354174184,0.12987012987012986,0.18181818181818182,8,0.4181818181818182,1.5625,0.71442284397967,683.3813778193944,668.9308072593604,853.9003953138242,0.12987012987012986,698.336099584344,1338.8293354174184,7.1786011851348865,8,0.14473029106456994,1.5625,discontinuous,discontinuous,0.12987012987012986,True,853.9003953138242
434,469,1251,0,407,426,35.45936775174306,,790.8671875,898.8671875,1,35.45936775174306,35,676.8354002549163,1169.93279824731,0.11020408163265306,0.2,2,0.6571428571428571,2.25,0.517194075695146,671.2317203670885,650.0041047871448,853.9003953138242,0.11020408163265306,676.8354002549163,1169.93279824731,3.9077670583553576,2,0.056402584896671965,2.25,discontinuous,discontinuous,0.11020408163265306,True,853.9003953138242
353,469,1252,0,402,426,37.256134650870415,,794.359375,932.640625,1,37.256134650870415,37,655.2675272344331,941.7053941999834,0.03474903474903475,0.08108108108108109,4,0.8108108108108107,1.2857142857142858,0.35136418446315326,640.5363899507237,622.4559891771056,853.9003953138242,0.03474903474903475,655.2675272344331,941.7053941999834,1.2946147175978135,4,0.10736486856417747,1.2857142857142858,discontinuous,discontinuous,0.03474903474903475,False,853.9003953138242
218,518,1253,0,427,410,36.51466269293215,,790.35546875,327.64453125,1,36.51466269293215,37,1054.6559326821734,1653.3061435861096,0.7644787644787645,1.0,1,0.0,5.351351351351352,0.18542989647157393,1022.7662498055415,1012.8782825325759,853.9003953138242,0.7644787644787645,1054.6559326821734,1653.3061435861096,27.914684220851605,1,0.027386258731442754,5.351351351351352,thick,thick,0.7644787644787645,True,853.9003953138242
188,230,1254,0,405,423,24.669324598498083,,796.75390625,217.24609375,1,24.669324598498083,25,810.1363462245956,1394.8170415869945,0.34285714285714286,0.64,3,0.12,2.727272727272727,0.5763872155263527,780.2988973376815,775.4641303784126,853.9003953138242,0.34285714285714286,810.1363462245956,1394.8170415869945,8.458054148056485,3,0.12160851781822377,2.727272727272727,discontinuous,discontinuous,0.34285714285714286,True,853.9003953138242
120,218,1255,0,395,427,9.411953494728834,,788.64453125,305.64453125,1,9.411953494728834,9,1247.0242299046974,1818.1306650543004,0.9682539682539683,1.0,1,0.0,6.777777777777778,0.06133864568481871,1121.7287530930007,1315.783270838791,853.9003953138242,0.9682539682539683,1247.0242299046974,1818.1306650543004,9.113161320292999,1,0.10624786879366224,6.777777777777778,thick,thick,0.9682539682539683,True,853.9003953138242
218,322,1256,0,427,408,16.973837386779387,,791.86328125,353.13671875,1,16.973837386779387,17,892.7623110154285,1470.7487622972449,0.5546218487394958,1.0,1,0.0,3.8823529411764706,0.27773186030035396,867.5304848337443,806.4267908931481,853.9003953138242,0.5546218487394958,892.7623110154285,1470.7487622972449,9.414061071659157,1,0.05891419702057955,3.8823529411764706,thick,thick,0.5546218487394958,True,853.9003953138242
262,486,1257,0,428,419,86.34671118728835,,799.5703125,779.5,1,86.34671118728835,86,683.6481437674558,1381.2802244032134,0.10963455149501661,0.1511627906976744,6,0.6162790697674418,2.0,0.5903260526902472,675.2393571397457,642.9642617322502,853.9003953138242,0.10963455149501661,683.6481437674558,1381.2802244032134,9.466582954088091,6,0.06948730203499978,2.0,discontinuous,discontinuous,0.10963455149501661,True,853.9003953138242
218,349,1258,0,427,394,6.661265692680363,,792.75,299.75,1,6.661265692680363,7,835.8101859245999,1431.4961800475005,0.2857142857142857,0.2857142857142857,3,0.4285714285714286,3.5,0.47380354147934284,859.6908333675162,765.2679245462934,853.9003953138242,0.2857142857142857,835.8101859245999,1431.4961800475005,1.9032187693372464,3,0.45036486133506237,3.5,discontinuous,discontinuous,0.2857142857142857,True,853.9003953138242
262,303,1259,0,428,412,4.5444603598349005,,792.71875,821.28125,1,4.5444603598349005,5,962.9320428531869,1237.8056988649203,0.7428571428571429,1.0,1,0.0,5.2,0.14390989949130542,1022.3670333968709,849.4039674790668,853.9003953138242,0.7428571428571429,962.9320428531869,1237.8056988649203,3.3758848387344975,1,0.2200481291108302,5.2,thick,thick,0.7428571428571429,True,853.9003953138242
143,395,1260,0,421,424,10.549498620479074,,796.5,613.5,1,10.549498620479074,11,724.9218446295953,1336.5721543679972,0.1038961038961039,0.18181818181818182,3,0.5454545454545454,1.6,0.5,688.6896061340922,724.494239825306,853.9003953138242,0.1038961038961039,724.9218446295953,1336.5721543679972,1.0960518047250987,3,0.28437370418498276,1.6,discontinuous,discontinuous,0.1038961038961039,True,853.9003953138242
320,395,1261,0,425,424,38.71450315628927,,805.8671875,669.8671875,1,38.71450315628927,39,692.8121365294161,1225.4901861194526,0.18681318681318682,0.2564102564102564,5,0.3846153846153846,2.125,0.39166635991055254,658.0643398518586,651.9950540761845,853.9003953138242,0.18681318681318682,692.8121365294161,1225.4901861194526,7.232379710515578,5,0.12915056612802578,2.125,discontinuous,discontinuous,0.18681318681318682,True,853.9003953138242
303,469,1262,0,412,426,64.15150232915062,,794.64453125,853.64453125,1,64.15150232915062,64,842.9493394771554,1594.18052841275,0.453125,0.890625,2,0.09375,3.5,0.44468872792453223,797.9190871621073,806.1953805089672,853.9003953138242,0.453125,842.9493394771554,1594.18052841275,29.068649492896373,2,0.03117619895693689,3.5,thick,thick,0.453125,True,853.9003953138242
186,277,1263,0,418,429,51.8260990120419,,795.86328125,476.13671875,1,51.8260990120419,52,839.6468316653516,1477.7323705851309,0.43131868131868134,0.5769230769230769,2,0.019230769230769273,3.0784313725490198,0.4934558967706131,826.6905321970098,776.4523260132927,853.9003953138242,0.43131868131868134,839.6468316653516,1477.7323705851309,22.353564683765327,2,0.03859059505009813,3.0784313725490198,thick,thick,0.43131868131868134,True,853.9003953138242
218,230,1264,0,427,423,4.17826124666495,,796.64453125,298.35546875,1,4.17826124666495,4,752.8119238642261,966.7217809700923,0.07142857142857142,0.25,1,0.75,2.0,,756.4403744183097,725.0302726492245,853.9003953138242,0.07142857142857142,752.8119238642261,966.7217809700923,0.29844723190463923,1,0.23933400545458733,2.0,minimal,minimal,0.07142857142857142,True,853.9003953138242
277,573,1265,0,429,411,11.79121706428872,,799.46484375,449.46484375,1,11.79121706428872,12,972.5058537918317,1438.438818957346,0.6428571428571429,1.0,1,0.0,4.5,0.2644973492052907,1014.0690539734092,844.5998887858382,853.9003953138242,0.6428571428571429,972.5058537918317,1438.438818957346,7.580068112757035,1,0.08480888737335131,4.5,thick,thick,0.6428571428571429,True,853.9003953138242
262,469,1266,0,428,426,39.510038221829745,,813.28125,828.71875,1,39.510038221829745,40,811.1159373554092,1517.950144680432,0.3678571428571429,0.675,4,0.09999999999999998,2.861111111111111,0.6173261099797877,795.1801399793993,766.5741608959206,853.9003953138242,0.3678571428571429,811.1159373554092,1517.950144680432,14.5340497744588,4,0.10124009441706777,2.861111111111111,discontinuous,discontinuous,0.3678571428571429,True,853.9003953138242
322,372,1267,0,408,430,28.25393802435987,,799.13671875,370.13671875,1,28.25393802435987,28,701.4721146670747,1089.9902502524822,0.09183673469387756,0.25,3,0.6785714285714286,2.0,0.4714045207910317,693.7604424981843,675.5970875551862,853.9003953138242,0.09183673469387756,701.4721146670747,1089.9902502524822,2.594749410400396,3,0.1061798888853466,2.0,discontinuous,discontinuous,0.09183673469387756,True,853.9003953138242
372,440,1268,0,430,403,17.827074543136277,,799.64453125,392.35546875,1,17.827074543136277,18,778.2360477283491,1096.3520056640843,0.2619047619047619,0.5555555555555556,2,0.11111111111111116,2.0625,0.43598468393752,752.3394093082383,754.8742933984663,853.9003953138242,0.2619047619047619,778.2360477283491,1096.3520056640843,4.668995713678549,2,0.11218890655113313,2.0625,punctate,punctate,0.2619047619047619,True,853.9003953138242
117,186,1269,0,431,418,9.994670133167563,,801.828125,502.828125,1,9.994670133167563,10,947.9486996171449,1417.2174913956108,0.6571428571428571,1.0,1,0.0,4.6,0.3253615118933862,932.0151324121285,922.3241369696489,853.9003953138242,0.6571428571428571,947.9486996171449,1417.2174913956108,6.567926087510113,1,0.1000533270909537,4.6,thick,thick,0.6571428571428571,True,853.9003953138242
117,563,1270,0,431,413,39.248408346564176,,805.50390625,523.49609375,1,39.248408346564176,39,809.6060505004242,1430.1464643452728,0.3553113553113553,0.48717948717948717,5,0.15384615384615385,2.9393939393939394,0.5358841822007021,776.7897949614551,777.8609131554318,853.9003953138242,0.3553113553113553,809.6060505004242,1430.1464643452728,13.945405163431229,5,0.127393701060433,2.9393939393939394,discontinuous,discontinuous,0.3553113553113553,True,853.9003953138242
230,237,1271,0,423,432,29.80081488433239,,805.13671875,285.13671875,1,29.80081488433239,30,600.7570162588618,944.937680201567,0.03333333333333333,0.1,2,0.8333333333333334,1.4,0.3499271061118826,608.2315078691602,578.3946263800951,853.9003953138242,0.03333333333333333,600.7570162588618,944.937680201567,0.993360496144413,2,0.0671122587675107,1.4,minimal,minimal,0.03333333333333333,False,853.9003953138242
218,237,1272,0,427,432,37.204517571100325,,811.86328125,307.13671875,1,37.204517571100325,37,817.4321532499617,1390.3664600445152,0.3436293436293436,0.5945945945945946,4,0.10810810810810811,2.696969696969697,0.49565719101377037,779.587643590495,785.5606881674894,853.9003953138242,0.3436293436293436,817.4321532499617,1390.3664600445152,12.784563953003586,4,0.10751382523253344,2.696969696969697,discontinuous,discontinuous,0.3436293436293436,True,853.9003953138242
218,372,1273,0,427,430,23.933121944540815,,810.10546875,350.10546875,1,23.933121944540815,24,833.678174798626,1377.9240874774753,0.47023809523809523,0.5833333333333334,2,0.125,3.761904761904762,0.3471217519190402,792.9610888069504,823.7383217079665,853.9003953138242,0.47023809523809523,833.678174798626,1377.9240874774753,11.25426567630193,2,0.08356619770017941,3.761904761904762,thick,thick,0.47023809523809523,True,853.9003953138242
372,573,1274,0,430,411,13.45251786319701,,804.640625,406.359375,1,13.45251786319701,13,776.4683879719275,1353.6978014915826,0.27472527472527475,0.6153846153846154,2,0.23076923076923073,2.5,0.7429670248402684,758.8113907619876,727.698861057414,853.9003953138242,0.27472527472527475,776.4683879719275,1353.6978014915826,3.6957466657134646,2,0.14867105328077945,2.5,punctate,punctate,0.27472527472527475,True,853.9003953138242
453,573,1275,0,433,411,35.14906398678397,,803.9921875,426.28125,1,35.14906398678397,35,833.4875458646906,1536.5034889458311,0.4530612244897959,1.0,1,0.0,3.1714285714285713,0.34938233206604175,823.2168816690164,760.6891363726638,853.9003953138242,0.4530612244897959,833.4875458646906,1536.5034889458311,15.924677969522534,1,0.02845025973880839,3.1714285714285713,thick,thick,0.4530612244897959,True,853.9003953138242
143,224,1276,0,421,434,28.72075352618969,,806.8984375,598.8984375,1,28.72075352618969,29,792.157633969041,1273.292716193226,0.2413793103448276,0.3448275862068966,3,0.48275862068965514,3.2666666666666666,0.5056943548311782,759.9265415390205,804.4441491274908,853.9003953138242,0.2413793103448276,792.157633969041,1273.292716193226,6.932595678735442,3,0.10445408395237193,3.2666666666666666,discontinuous,discontinuous,0.2413793103448276,True,853.9003953138242
364,373,1277,0,417,400,62.801851609375106,,827.28125,104.71875,1,62.801851609375106,63,780.366329379202,1525.8188103912091,0.2857142857142857,0.3968253968253968,6,0.2063492063492064,2.52,0.5096696621588038,747.7717172410747,737.09757848256,853.9003953138242,0.2857142857142857,780.366329379202,1525.8188103912091,17.94338617410717,6,0.09553858439269831,2.52,reticular,reticular,0.2857142857142857,True,853.9003953138242
224,395,1278,0,434,424,44.41413585342774,,817.75,626.25,1,44.41413585342774,44,711.7312296255205,1422.1198777416766,0.19805194805194806,0.20454545454545456,6,0.31818181818181823,2.033333333333333,0.36985292369437633,666.4271683056332,684.3126270687952,853.9003953138242,0.19805194805194806,711.7312296255205,1422.1198777416766,8.796306126815233,6,0.13509212516935507,2.033333333333333,reticular,reticular,0.19805194805194806,True,853.9003953138242
435,469,1279,0,409,426,39.449612369103974,,813.2109375,963.5,1,39.449612369103974,39,669.7415830449064,1040.9643715262177,0.10989010989010989,0.2564102564102564,2,0.641025641025641,2.142857142857143,0.3464101615137754,663.604156760627,643.3006384118746,853.9003953138242,0.10989010989010989,669.7415830449064,1040.9643715262177,4.335122238363074,2,0.05069758306589481,2.142857142857143,discontinuous,discontinuous,0.10989010989010989,True,853.9003953138242
277,453,1280,0,429,433,49.59742755028577,,824.35546875,453.64453125,1,49.59742755028577,50,849.2476300617884,1328.4132076448077,0.5485714285714286,1.0,1,0.0,3.84,0.3267580654449609,834.2574772146975,782.8975075425752,853.9003953138242,0.5485714285714286,849.2476300617884,1328.4132076448077,27.207731684728195,1,0.02016233602007123,3.84,thick,thick,0.5485714285714286,True,853.9003953138242
188,259,1281,0,405,435,30.805694346394795,,805.5390625,205.5390625,1,30.805694346394795,31,925.6627312519405,1757.6218285277255,0.511520737327189,1.0,1,0.0,3.5806451612903225,0.45848687027025126,886.7435954914376,882.342939905312,853.9003953138242,0.511520737327189,925.6627312519405,1757.6218285277255,15.757751485943881,1,0.03246153093501138,3.5806451612903225,thick,thick,0.511520737327189,True,853.9003953138242
143,345,1282,0,421,436,54.99489840098488,,804.140625,568.1328125,1,54.99489840098488,55,727.7410493419268,1155.955346846059,0.21298701298701297,0.21818181818181817,8,0.3090909090909091,2.1578947368421053,0.4932621564916264,724.9856438425743,671.997481050778,853.9003953138242,0.21298701298701297,727.7410493419268,1155.955346846059,11.713199139950026,8,0.14546803853822068,2.1578947368421053,reticular,reticular,0.21298701298701297,True,853.9003953138242
117,277,1283,0,431,429,67.83101987605146,,827.49609375,478.49609375,1,67.83101987605146,68,877.6103719654119,1775.7916986021405,0.4894957983193277,1.0,1,0.0,3.426470588235294,0.36546267737919047,811.5258619680154,848.658593284256,853.9003953138242,0.4894957983193277,877.6103719654119,1775.7916986021405,33.20299922504199,1,0.014742517535890122,3.426470588235294,thick,thick,0.4894957983193277,True,853.9003953138242
262,548,1284,0,428,415,10.441885103777759,,810.24609375,740.24609375,1,10.441885103777759,10,667.8133929801622,968.4427106096516,0.1,0.4,3,0.4,1.1666666666666667,0.31943828249996986,640.3365935760432,632.5733753651509,853.9003953138242,0.1,667.8133929801622,968.4427106096516,1.044188510377776,3,0.287304444569557,1.1666666666666667,discontinuous,discontinuous,0.1,True,853.9003953138242
372,453,1285,0,430,433,20.556198286756374,,814.8671875,405.140625,1,20.556198286756374,21,840.9413141854868,1469.6295084555886,0.4421768707482993,1.0,1,0.0,3.0952380952380953,0.49756805011680694,799.5883592832566,827.8794702477412,853.9003953138242,0.4421768707482993,840.9413141854868,1469.6295084555886,9.089475432919485,1,0.04864712755005211,3.0952380952380953,thick,thick,0.4421768707482993,True,853.9003953138242
219,469,1286,0,422,426,46.662712466906044,,822.5,999.5,1,46.662712466906044,47,568.8198241151836,938.187176322604,0.0182370820668693,0.0425531914893617,1,0.9574468085106383,3.0,0.3333333333333333,559.1211214434067,560.8767226495248,853.9003953138242,0.0182370820668693,568.8198241151836,938.187176322604,0.8509917167216907,1,0.021430387286405957,3.0,minimal,minimal,0.0182370820668693,False,853.9003953138242
43,488,1287,0,437,420,56.26025465914813,,820.49609375,172.50390625,1,56.26025465914813,56,924.1013174794406,2222.9143427779427,0.5612244897959183,0.6964285714285714,2,0.017857142857142905,4.0,0.2820380374088831,898.1386491054275,853.1995139564788,853.9003953138242,0.5612244897959183,924.1013174794406,2222.9143427779427,31.574632716868848,2,0.03554907477964628,4.0,thick,thick,0.5612244897959183,True,853.9003953138242
188,430,1288,0,405,438,3.642274006136114,,810.53515625,216.53515625,1,3.642274006136114,4,1238.7974918611587,1552.4267778284182,1.0,1.0,1,0.0,7.0,0.0,1180.2368211375265,1239.2594071413241,853.9003953138242,1.0,1238.7974918611587,1552.4267778284182,3.642274006136114,1,0.2745537535933065,7.0,thick,thick,1.0,True,853.9003953138242
230,430,1289,0,423,438,37.41676637596576,,813.86328125,236.13671875,1,37.41676637596576,37,689.4224878811216,1259.5539589076864,0.15057915057915058,0.13513513513513514,4,0.6756756756756757,3.25,0.6169850982315879,687.5477303134243,672.3291119029075,853.9003953138242,0.15057915057915058,689.4224878811216,1259.5539589076864,5.634184898311446,4,0.10690394674429578,3.25,discontinuous,discontinuous,0.15057915057915058,True,853.9003953138242
43,373,1290,0,437,400,39.36833882963167,,830.46484375,147.46484375,1,39.36833882963167,39,797.5289952990588,1566.9961687766506,0.3772893772893773,0.5897435897435898,3,0.05128205128205132,2.7837837837837838,0.34571832650028844,776.7019522958417,750.0134653774255,853.9003953138242,0.3772893772893773,797.5289952990588,1566.9961687766506,14.853256041948944,3,0.0762033677108562,2.7837837837837838,discontinuous,discontinuous,0.3772893772893773,True,853.9003953138242
345,563,1291,0,436,413,10.835652941696434,,815.1015625,540.1015625,1,10.835652941696434,11,646.1908197837472,898.2416584947682,0.012987012987012988,0.09090909090909091,1,0.9090909090909091,1.0,,605.5367860957808,652.2381813476642,853.9003953138242,0.012987012987012988,646.1908197837472,898.2416584947682,0.14072276547657708,1,0.09228793182844776,1.0,minimal,minimal,0.012987012987012988,False,853.9003953138242
230,470,1292,0,423,439,21.83862462674976,,813.25,261.25,1,21.83862462674976,22,772.955722461916,1148.5211160206718,0.34415584415584416,0.6818181818181818,2,0.2727272727272727,3.3125,0.3953269215048484,716.2197213224547,778.34480910815,853.9003953138242,0.34415584415584416,772.955722461916,1148.5211160206718,7.515890293621671,2,0.09158085887653539,3.3125,punctate,punctate,0.34415584415584416,True,853.9003953138242
259,430,1293,0,435,438,32.201831844791684,,825.50390625,221.49609375,1,32.201831844791684,32,885.7850151429191,1666.1689858140548,0.48660714285714285,1.0,1,0.0,3.40625,0.34314870108743195,839.972687162807,822.1338732470454,853.9003953138242,0.48660714285714285,885.7850151429191,1666.1689858140548,15.669641388760239,1,0.031054133964175078,3.40625,thick,thick,0.48660714285714285,True,853.9003953138242
237,470,1294,0,432,439,63.69907971213912,,836.71484375,292.28515625,1,63.69907971213912,64,728.2078033348804,1368.7327361892872,0.21875,0.453125,5,0.25,2.0416666666666665,0.43532100015717434,689.1920241799992,696.519749736326,853.9003953138242,0.21875,728.2078033348804,1368.7327361892872,13.934173687030432,5,0.07849406965682035,2.0416666666666665,discontinuous,discontinuous,0.21875,True,853.9003953138242
262,320,1295,0,428,425,11.82068251804436,,817.75,732.75,1,11.82068251804436,12,755.8632659065761,1073.0445510259576,0.25,0.3333333333333333,3,0.16666666666666663,2.1,0.3333333333333333,684.4397155986431,779.9326302007518,853.9003953138242,0.25,755.8632659065761,1073.0445510259576,2.95517062951109,3,0.25379245195194755,2.1,discontinuous,discontinuous,0.25,True,853.9003953138242
224,345,1296,0,434,436,38.54955427264895,,835.171875,589.8984375,1,38.54955427264895,39,840.8072069072996,1688.3916255583317,0.3956043956043956,0.7948717948717948,3,0.10256410256410253,3.085714285714286,0.4269311808666112,809.6977621750898,804.1682342053238,853.9003953138242,0.3956043956043956,840.8072069072996,1688.3916255583317,15.250373118850133,3,0.07782191147482374,3.085714285714286,discontinuous,discontinuous,0.3956043956043956,True,853.9003953138242
259,488,1297,0,435,420,14.253938024359869,,823.49609375,197.49609375,1,14.253938024359869,14,980.6329688828098,1481.3120454663285,0.6224489795918368,1.0,1,0.0,4.357142857142857,0.3080048234107531,950.073991999034,915.1237920318648,853.9003953138242,0.6224489795918368,980.6329688828098,1481.3120454663285,8.872349178428081,1,0.07015605079038563,4.357142857142857,thick,thick,0.6224489795918368,True,853.9003953138242
117,345,1298,0,431,436,55.93867961831332,,840.171875,539.828125,1,55.93867961831332,56,801.3884821867484,1691.6346311949305,0.34438775510204084,0.25,5,0.2142857142857143,3.0681818181818183,0.5029951443367395,775.0680470806413,748.9851061868274,853.9003953138242,0.34438775510204084,801.3884821867484,1691.6346311949305,19.264596297123212,5,0.08938358992590682,3.0681818181818183,discontinuous,discontinuous,0.34438775510204084,True,853.9003953138242
258,384,1299,0,414,440,69.26155163059283,,829.1015625,30.8984375,1,69.26155163059283,69,877.2896440581018,1486.5831481282862,0.5072463768115942,1.0,1,0.0,3.550724637681159,0.4382388744969649,847.9103652982321,831.7713576819096,853.9003953138242,0.5072463768115942,877.2896440581018,1486.5831481282862,35.13267111696738,1,0.014438024798137787,3.550724637681159,thick,thick,0.5072463768115942,True,853.9003953138242
430,470,1301,0,438,439,88.8046070226602,,858.5,268.5,1,88.8046070226602,89,826.5713218596362,1725.2863426835174,0.42696629213483145,0.6067415730337079,3,0.022471910112359605,3.057471264367816,0.4918063447071589,780.8097898881836,783.9107821429866,853.9003953138242,0.42696629213483145,826.5713218596362,1725.2863426835174,37.91657378495604,3,0.033782031142083564,3.057471264367816,thick,thick,0.42696629213483145,True,853.9003953138242
218,272,1302,0,427,441,27.885324799127897,,823.85546875,332.13671875,1,27.885324799127897,28,832.4604423124725,1369.2121313537225,0.41836734693877553,0.6428571428571429,2,0.0714285714285714,3.1538461538461537,0.5104499886940573,843.1967510435294,773.702329427559,853.9003953138242,0.41836734693877553,832.4604423124725,1369.2121313537225,11.666309354737182,2,0.07172231323848698,3.1538461538461537,thick,thick,0.41836734693877553,True,853.9003953138242
272,372,1303,0,441,430,31.959601415029766,,826.75,360.25,1,31.959601415029766,32,716.6775330186483,1425.422427168604,0.21428571428571427,0.1875,5,0.4375,2.6666666666666665,0.6123724356957946,698.0478551812348,659.150227554775,853.9003953138242,0.21428571428571427,716.6775330186483,1425.422427168604,6.848486017506378,5,0.15644750806086807,2.6666666666666665,discontinuous,discontinuous,0.21428571428571427,True,853.9003953138242
183,320,1305,0,442,425,44.17559167628642,,830.28125,708.28125,1,44.17559167628642,44,744.9685838163487,1366.1413506270403,0.2532467532467532,0.8181818181818182,2,0.022727272727272707,1.813953488372093,0.4489010615387589,694.5436346521834,707.6357792752356,853.9003953138242,0.2532467532467532,744.9685838163487,1366.1413506270403,11.187325164773833,2,0.04527387011940364,1.813953488372093,punctate,punctate,0.2532467532467532,True,853.9003953138242
183,262,1306,0,442,428,33.71071369969317,,836.75390625,738.24609375,1,33.71071369969317,34,737.9770021537142,1196.316657919461,0.25210084033613445,0.38235294117647056,4,0.2941176470588235,2.5,0.4898979485566356,681.1971208371624,744.5385512001297,853.9003953138242,0.25210084033613445,737.9770021537142,1196.316657919461,8.498499252023489,4,0.11865663941835818,2.5,discontinuous,discontinuous,0.25210084033613445,True,853.9003953138242
372,406,1307,0,430,443,38.385068050978795,,829.171875,389.171875,1,38.385068050978795,38,694.5393106666007,1273.3730088609057,0.12406015037593984,0.10526315789473684,7,0.5789473684210527,2.0625,0.49885083736831304,674.550185335148,672.2630485604109,853.9003953138242,0.12406015037593984,694.5393106666007,1273.3730088609057,4.762057314595113,7,0.182362578873206,2.0625,discontinuous,discontinuous,0.12406015037593984,True,853.9003953138242
406,453,1308,0,443,433,42.30569514185537,,833.86328125,426.13671875,1,42.30569514185537,42,776.2220354690902,1434.8634171758763,0.3197278911564626,0.5238095238095238,3,0.09523809523809523,2.473684210526316,0.49716261470416684,737.6279755915291,736.2205773276365,853.9003953138242,0.3197278911564626,776.2220354690902,1434.8634171758763,13.526310691613622,3,0.07091243838307561,2.473684210526316,discontinuous,discontinuous,0.3197278911564626,True,853.9003953138242
237,272,1309,0,432,441,22.902885875177834,,834.5,323.5,1,22.902885875177834,23,860.9903907773959,1573.573543047165,0.4968944099378882,1.0,1,0.0,3.4782608695652173,0.6559820881700963,824.9185100249757,819.7076774726568,853.9003953138242,0.4968944099378882,860.9903907773959,1573.573543047165,11.380315962821284,1,0.043662619874633386,3.4782608695652173,thick,thick,0.4968944099378882,True,853.9003953138242
255,395,1310,0,444,424,30.647295729797975,,829.0234375,655.0234375,1,30.647295729797975,31,695.6423362981649,1226.7385188112787,0.14746543778801843,0.1935483870967742,6,0.4838709677419355,2.0,0.30618621784789724,674.2821063492586,660.5492238526908,853.9003953138242,0.14746543778801843,695.6423362981649,1226.7385188112787,4.519416881813526,6,0.19577583787160302,2.0,discontinuous,discontinuous,0.14746543778801843,True,853.9003953138242
329,469,1311,0,445,426,27.447997352725004,,826.64453125,856.35546875,1,27.447997352725004,27,629.0499467983818,939.0317734590277,0.010582010582010581,0.037037037037037035,1,0.962962962962963,2.0,,634.0260842049482,599.6582019922984,853.9003953138242,0.010582010582010581,629.0499467983818,939.0317734590277,0.29045499844153444,1,0.036432530473875215,2.0,minimal,minimal,0.010582010582010581,False,853.9003953138242
255,320,1312,0,444,425,32.25263181136424,,830.46484375,683.53515625,1,32.25263181136424,32,686.14035826946,1058.0541246427713,0.09821428571428571,0.15625,5,0.65625,2.0,0.4767312946227962,664.4275458029899,666.8652585251277,853.9003953138242,0.09821428571428571,686.14035826946,1058.0541246427713,3.1676691957589878,5,0.1550261085434351,2.0,discontinuous,discontinuous,0.09821428571428571,True,853.9003953138242
262,329,1313,0,428,445,36.3025459047244,,840.16796875,830.16796875,1,36.3025459047244,36,720.8605599355848,1083.6561223448946,0.15079365079365079,0.2777777777777778,7,0.38888888888888884,1.7272727272727273,0.46779970617450467,694.7304884625598,701.9053261071721,853.9003953138242,0.15079365079365079,720.8605599355848,1083.6561223448946,5.474193430077488,7,0.19282394183513787,1.7272727272727273,reticular,reticular,0.15079365079365079,True,853.9003953138242
43,259,1314,0,437,435,29.42850374798308,,839.16796875,205.83203125,1,29.42850374798308,29,633.2245395900077,1325.7078637718575,0.09359605911330049,0.06896551724137931,2,0.8620689655172413,4.75,0.27348170645824377,633.3446239801502,628.3707698802216,853.9003953138242,0.09359605911330049,633.2245395900077,1325.7078637718575,2.7543919764122093,2,0.06796132134774513,4.75,discontinuous,discontinuous,0.09359605911330049,True,853.9003953138242
224,255,1315,0,434,444,29.30698217369619,,847.640625,643.6484375,1,29.30698217369619,29,699.4296130283983,1464.9694235269435,0.1625615763546798,0.3103448275862069,3,0.4137931034482759,1.9411764705882353,0.5717564322458548,663.3294714532166,678.6869028414051,853.9003953138242,0.1625615763546798,699.4296130283983,1464.9694235269435,4.764189220354553,3,0.10236468505080612,1.9411764705882353,discontinuous,discontinuous,0.1625615763546798,True,853.9003953138242
262,446,1316,0,428,446,72.25224688809362,,836.75,779.25,1,72.25224688809362,72,759.888801532153,1322.6594713074887,0.25793650793650796,0.3888888888888889,4,0.41666666666666663,3.0952380952380953,0.43350777857247297,748.3112817557633,723.7669410419996,853.9003953138242,0.25793650793650796,759.888801532153,1322.6594713074887,18.636492252881293,4,0.05536160012013628,3.0952380952380953,discontinuous,discontinuous,0.25793650793650796,True,853.9003953138242
411,469,1317,0,447,426,80.52699226937808,,839.5,907.5,1,80.52699226937808,81,596.811326178223,959.2277445385497,0.02292768959435626,0.1111111111111111,2,0.8395061728395061,1.0,0.0,578.6563675894467,574.9217324306317,853.9003953138242,0.02292768959435626,596.811326178223,959.2277445385497,1.846297882719427,2,0.024836392663339767,1.0,discontinuous,discontinuous,0.02292768959435626,False,853.9003953138242
329,411,1318,0,445,447,29.70861813010677,,850.16796875,868.83203125,1,29.70861813010677,30,612.7503747044484,981.225991187158,0.04285714285714286,0.06666666666666667,1,0.9333333333333333,4.5,0.1111111111111111,603.2251291213444,610.7502853191584,853.9003953138242,0.04285714285714286,612.7503747044484,981.225991187158,1.2732264912902902,1,0.033660266378616854,4.5,discontinuous,discontinuous,0.04285714285714286,False,853.9003953138242
272,406,1319,0,441,443,31.351782671828282,,849.72265625,379.27734375,1,31.351782671828282,31,738.048354317959,1180.8674559081392,0.271889400921659,0.7741935483870968,3,0.09677419354838712,2.107142857142857,0.49675765727975746,737.1576017024418,670.5869641272898,853.9003953138242,0.271889400921659,738.048354317959,1180.8674559081392,8.52421740846944,3,0.09568833872708951,2.107142857142857,discontinuous,discontinuous,0.271889400921659,True,853.9003953138242
469,594,1320,0,426,448,91.0709203396047,,844.49609375,976.50390625,1,91.0709203396047,91,577.8076296616081,848.0070236662084,0.0,0.0,0,1.0,,,571.5020971081967,569.0430207294352,853.9003953138242,0.0,577.8076296616081,848.0070236662084,0.0,0,0.0,,minimal,minimal,0.0,False,853.9003953138242
43,430,1321,0,437,438,31.69636313332287,,853.38671875,229.61328125,1,31.69636313332287,32,851.7543421675916,1594.0227701166673,0.45982142857142855,1.0,1,0.0,3.21875,0.38628089833160706,836.7882241661252,800.7190640055064,853.9003953138242,0.45982142857142855,851.7543421675916,1594.0227701166673,14.574666976483282,1,0.031549360909128556,3.21875,thick,thick,0.45982142857142855,True,853.9003953138242
183,255,1322,0,442,444,20.804606103614137,,850.8671875,688.8671875,1,20.804606103614137,21,784.3320212041482,1325.543033413708,0.22448979591836735,0.3333333333333333,3,0.4285714285714286,2.75,0.3360768638305884,789.6409219387815,738.3492131759995,853.9003953138242,0.22448979591836735,784.3320212041482,1325.543033413708,4.670421778362357,3,0.14419883678926493,2.75,discontinuous,discontinuous,0.22448979591836735,True,853.9003953138242
29,272,1323,0,449,441,50.947579336418165,,865.71875,339.28125,1,50.947579336418165,51,736.6609388636214,1390.824339995198,0.29971988795518206,0.8627450980392157,2,0.019607843137254943,2.14,0.5369563522326439,694.6788042913091,698.1910091288657,853.9003953138242,0.29971988795518206,736.6609388636214,1390.824339995198,15.270002770299001,2,0.0392560358323122,2.14,punctate,punctate,0.29971988795518206,True,853.9003953138242
29,237,1324,0,449,432,25.866145961425655,,854.5,317.5,1,25.866145961425655,26,717.063653841621,1370.539253482722,0.1978021978021978,0.19230769230769232,4,0.34615384615384615,2.1176470588235294,0.48272631102729907,696.5722273634254,669.4087865130265,853.9003953138242,0.1978021978021978,717.063653841621,1370.539253482722,5.116380519842437,4,0.1546422882622415,2.1176470588235294,discontinuous,discontinuous,0.1978021978021978,True,853.9003953138242
177,453,1325,0,450,433,8.718847608850975,,847.6484375,441.6484375,1,8.718847608850975,9,729.3932690032971,1064.5151431045708,0.14285714285714285,0.2222222222222222,2,0.6666666666666667,3.0,0.2721655269759087,714.5623410761859,714.9902336008207,853.9003953138242,0.14285714285714285,729.3932690032971,1064.5151431045708,1.245549658407282,2,0.22938811293933978,3.0,discontinuous,discontinuous,0.14285714285714285,True,853.9003953138242
177,277,1326,0,450,429,9.46059498756294,,848.12890625,450.86328125,1,9.46059498756294,9,810.383410564359,1521.253498623477,0.3492063492063492,0.6666666666666666,2,0.11111111111111116,2.75,0.6492207662311682,855.5510704576695,725.4772497924391,853.9003953138242,0.3492063492063492,810.383410564359,1521.253498623477,3.3036998369267407,2,0.21140319426307058,2.75,punctate,punctate,0.3492063492063492,True,853.9003953138242
43,148,1327,0,437,451,48.45946853600241,,856.171875,171.828125,1,48.45946853600241,48,843.9253904267383,2018.696862362332,0.45535714285714285,1.0,1,0.0,3.1875,0.3929730069426775,780.1112567359696,812.3099314646714,853.9003953138242,0.45535714285714285,843.9253904267383,2018.696862362332,22.06636513692967,1,0.020635802046757103,3.1875,thick,thick,0.45535714285714285,True,853.9003953138242
224,433,1328,0,434,452,57.925613262737954,,853.28125,618.71875,1,57.925613262737954,58,736.287170359482,1374.5832776581142,0.2561576354679803,0.41379310344827586,5,0.15517241379310343,2.122448979591837,0.5839317865649607,702.8510149013698,686.8150115318952,853.9003953138242,0.2561576354679803,736.287170359482,1374.5832776581142,14.838088126415634,5,0.08631760146105126,2.122448979591837,discontinuous,discontinuous,0.2561576354679803,True,853.9003953138242
148,373,1329,0,451,400,5.419681139337311,,850.171875,148.171875,1,5.419681139337311,5,975.3493209190472,1767.4289025099333,0.5714285714285714,1.0,1,0.0,4.0,0.3535533905932738,978.0897364599712,871.8108830695534,853.9003953138242,0.5714285714285714,975.3493209190472,1767.4289025099333,3.096960651049892,1,0.18451269997080944,4.0,thick,thick,0.5714285714285714,True,853.9003953138242
117,177,1330,0,431,450,25.66723233178746,,853.5,466.5,1,25.66723233178746,26,801.9252529406689,1601.0963927338348,0.31868131868131866,1.0,1,0.0,2.230769230769231,0.4180812294131772,765.895376518377,736.9735303617088,853.9003953138242,0.31868131868131866,801.9252529406689,1601.0963927338348,8.179667446393806,1,0.03896018032148931,2.230769230769231,punctate,punctate,0.31868131868131866,True,853.9003953138242
183,446,1331,0,442,446,15.464846916798175,,855.8984375,751.1015625,1,15.464846916798175,15,712.1785915714376,1095.36231065825,0.10476190476190476,0.2,3,0.6666666666666667,2.2,0.7272727272727273,685.2931441801891,703.0377573742603,853.9003953138242,0.10476190476190476,712.1785915714376,1095.36231065825,1.620126819855047,3,0.1939883411804969,2.2,discontinuous,discontinuous,0.10476190476190476,True,853.9003953138242
177,406,1332,0,450,443,37.52324634869098,,867.171875,442.1015625,1,37.52324634869098,38,921.5314693468084,1423.5246843813477,0.5789473684210527,1.0,1,0.0,4.052631578947368,0.2464112462468867,861.4786323158833,886.4752509932165,853.9003953138242,0.5789473684210527,921.5314693468084,1423.5246843813477,21.723984728189517,1,0.02665014617091854,4.052631578947368,thick,thick,0.5789473684210527,True,853.9003953138242
345,433,1334,0,436,452,24.292164799313326,,861.609375,591.609375,1,24.292164799313326,24,719.0700045656523,1280.4473156346262,0.19047619047619047,0.25,4,0.41666666666666663,2.2857142857142856,0.6702378309227255,751.8276297792745,657.895856466616,853.9003953138242,0.19047619047619047,719.0700045656523,1280.4473156346262,4.6270790093930145,4,0.1646621465417141,2.2857142857142856,discontinuous,discontinuous,0.19047619047619047,True,853.9003953138242
86,384,1335,0,453,440,20.024415204559553,,857.16796875,25.16796875,1,20.024415204559553,20,1085.2205599739762,1654.158533233352,0.7785714285714286,1.0,1,0.0,5.45,0.20493860462099706,1045.2282880643959,1031.5983867579155,853.9003953138242,0.7785714285714286,1085.2205599739762,1654.158533233352,15.590437552121367,1,0.0499390364105265,5.45,thick,thick,0.7785714285714286,True,853.9003953138242
70,373,1336,0,454,400,26.248498537518124,,851.5,134.5,1,26.248498537518124,26,953.5976164425995,1641.6625767951657,0.5879120879120879,1.0,1,0.0,4.115384615384615,0.48282584497530806,884.517297324175,942.8328654653864,853.9003953138242,0.5879120879120879,953.5976164425995,1641.6625767951657,15.431809579749666,1,0.038097417213051495,4.115384615384615,thick,thick,0.5879120879120879,True,853.9003953138242
86,258,1337,0,453,414,62.17336008482465,,861.609375,56.390625,1,62.17336008482465,62,841.7093020230249,1560.7165372627035,0.39400921658986177,0.5,4,0.08064516129032262,3.0,0.4188539082916955,796.2184542778779,812.8069427922003,853.9003953138242,0.39400921658986177,841.7093020230249,1560.7165372627035,24.496876899781142,4,0.06433623652546205,3.0,discontinuous,discontinuous,0.39400921658986177,True,853.9003953138242
262,269,1338,0,428,455,21.15111041577272,,853.859375,812.859375,1,21.15111041577272,21,719.5819732587905,978.4821858677649,0.12244897959183673,0.14285714285714285,3,0.5714285714285714,2.0,0.7817359599705717,690.7751942949313,709.3059830958825,853.9003953138242,0.12244897959183673,719.5819732587905,978.4821858677649,2.589931887645639,3,0.14183652494021554,2.0,discontinuous,discontinuous,0.12244897959183673,True,853.9003953138242
70,364,1339,0,454,417,17.33410068368049,,855.50390625,113.50390625,1,17.33410068368049,17,852.2154508649189,1347.7251886329752,0.5714285714285714,1.0,1,0.0,4.0,0.3321055820775357,838.7510908874661,811.422626076624,853.9003953138242,0.5714285714285714,852.2154508649189,1347.7251886329752,9.905200390674565,1,0.057689753754659366,4.0,thick,thick,0.5714285714285714,True,853.9003953138242
70,148,1340,0,454,451,27.155413019279777,,865.13671875,149.86328125,1,27.155413019279777,27,988.0667828716687,1939.0594414011414,0.6296296296296297,1.0,1,0.0,4.407407407407407,0.3966528981917965,1020.8863765340556,878.0139784483828,853.9003953138242,0.6296296296296297,988.0667828716687,1939.0594414011414,17.09785264176875,1,0.036825070540817066,4.407407407407407,thick,thick,0.6296296296296297,True,853.9003953138242
269,329,1341,0,455,445,16.462061196839375,,859.71875,829.28125,1,16.462061196839375,16,624.3185554943874,1041.631079590754,0.125,0.3125,1,0.6875,2.8,0.41649656391752143,615.6294748932463,607.2871404151747,853.9003953138242,0.125,624.3185554943874,1041.631079590754,2.057757649604922,1,0.06074573457374794,2.8,discontinuous,discontinuous,0.125,True,853.9003953138242
411,594,1342,0,447,448,1.0,,855.5,941.5,1,1.0,1,744.25,851.875,0.0,0.0,0,1.0,,,674.7083333333334,777.9166666666666,853.9003953138242,0.0,744.25,851.875,0.0,0,0.0,,minimal,minimal,0.0,False,853.9003953138242
117,413,1343,0,431,456,59.88263264132932,,858.5,507.5,1,59.88263264132932,60,788.8775473046154,1367.8551053959752,0.37142857142857144,0.7833333333333333,2,0.01666666666666672,2.6440677966101696,0.4658805720668365,752.0258124652431,729.9174266813731,853.9003953138242,0.37142857142857144,788.8775473046154,1367.8551053959752,22.24212069535089,2,0.03339866521866401,2.6440677966101696,punctate,punctate,0.37142857142857144,True,853.9003953138242
411,493,1344,0,447,457,72.03478723621407,,859.35546875,908.64453125,1,72.03478723621407,72,663.725862519034,1123.31890251196,0.0992063492063492,0.19444444444444445,3,0.5833333333333333,1.6666666666666667,0.6260990336999411,646.0156695495892,635.1436333702272,853.9003953138242,0.0992063492063492,663.725862519034,1123.31890251196,7.14630825756092,3,0.04164654488618812,1.6666666666666667,discontinuous,discontinuous,0.0992063492063492,True,853.9003953138242
493,594,1345,0,457,448,14.723122909291973,,860.86328125,946.13671875,1,14.723122909291973,15,571.2150669328253,867.9619572406118,0.009523809523809525,0.06666666666666667,1,0.9333333333333333,1.0,,573.9778312507549,546.4465640828055,853.9003953138242,0.009523809523809525,571.2150669328253,867.9619572406118,0.1402202181837331,1,0.06792037301874901,1.0,minimal,minimal,0.009523809523809525,False,853.9003953138242
177,413,1346,0,450,456,39.26355455806512,,872.828125,489.171875,1,39.26355455806512,39,844.0208434687063,1802.326744593595,0.4358974358974359,1.0,1,0.0,3.051282051282051,0.34770018261474295,772.683799854811,799.0234969272708,853.9003953138242,0.4358974358974359,844.0208434687063,1802.326744593595,17.114882756079666,1,0.02546891159640538,3.051282051282051,thick,thick,0.4358974358974359,True,853.9003953138242
269,446,1347,0,455,446,44.331183068699914,,869.359375,788.359375,1,44.331183068699914,44,715.9390897267954,1128.323838861936,0.14285714285714285,0.38636363636363635,4,0.34090909090909094,1.5172413793103448,0.41035159284699524,675.8714899114294,701.969525407274,853.9003953138242,0.14285714285714285,715.9390897267954,1128.323838861936,6.333026152671416,4,0.0902299402612651,1.5172413793103448,discontinuous,discontinuous,0.14285714285714285,True,853.9003953138242
27,43,1348,0,458,437,40.488698204526244,,863.25,212.75,1,40.488698204526244,40,787.7588734154366,1472.3737479279068,0.3357142857142857,0.525,3,0.275,3.2413793103448274,0.42606349775533586,746.010201691774,781.9454161795659,853.9003953138242,0.3357142857142857,787.7588734154366,1472.3737479279068,13.592634397233809,3,0.07409475070909119,3.2413793103448274,discontinuous,discontinuous,0.3357142857142857,True,853.9003953138242
183,579,1349,0,442,459,30.546329854107533,,862.53515625,705.46484375,1,30.546329854107533,31,702.6287127892272,1227.6259337506744,0.1935483870967742,0.4838709677419355,3,0.4193548387096774,2.3333333333333335,0.5890150893739515,696.9129379988327,675.8518731623392,853.9003953138242,0.1935483870967742,702.6287127892272,1227.6259337506744,5.912192874988555,3,0.09821147137244683,2.3333333333333335,discontinuous,discontinuous,0.1935483870967742,True,853.9003953138242
183,332,1350,0,442,460,42.31066947540161,,862.828125,730.828125,1,42.31066947540161,42,683.1275981460434,1097.3542292920486,0.11564625850340136,0.19047619047619047,7,0.47619047619047616,1.5454545454545454,0.37665436690781456,619.6317384807953,697.2441632347633,853.9003953138242,0.11564625850340136,683.1275981460434,1097.3542292920486,4.893070619604268,7,0.1654429033336291,1.5454545454545454,discontinuous,discontinuous,0.11564625850340136,True,853.9003953138242
70,258,1351,0,454,414,81.35273948186482,,883.64453125,115.35546875,1,81.35273948186482,81,822.2488158386659,1634.3570428763583,0.3932980599647266,0.4567901234567901,5,0.13580246913580252,3.1857142857142855,0.3873411672346539,763.854429111288,792.7229398583167,853.9003953138242,0.3932980599647266,822.2488158386659,1634.3570428763583,31.99587461103325,5,0.061460745290754494,3.1857142857142855,discontinuous,discontinuous,0.3932980599647266,True,853.9003953138242
27,148,1352,0,458,451,45.94997575155067,,881.25,198.75,1,45.94997575155067,46,858.0921926815059,1432.5055798136,0.484472049689441,0.41304347826086957,3,0.06521739130434778,3.627906976744186,0.4032861400006624,835.2361784706202,831.7475133183864,853.9003953138242,0.484472049689441,858.0921926815059,1432.5055798136,22.261478935533866,3,0.06528839136326986,3.627906976744186,thick,thick,0.484472049689441,True,853.9003953138242
255,433,1353,0,444,452,10.293948767597463,,864.75,647.25,1,10.293948767597463,10,828.6860901027251,1744.9923468540253,0.35714285714285715,1.0,1,0.0,2.5,0.6985699678629192,832.9791707267041,740.6297686018311,853.9003953138242,0.35714285714285715,828.6860901027251,1744.9923468540253,3.676410274141951,1,0.09714445083967453,2.5,punctate,punctate,0.35714285714285715,True,853.9003953138242
594,600,1354,0,448,461,75.93500415657772,,862.50390625,989.49609375,1,75.93500415657772,76,579.9910590928969,780.9008134083488,0.0,0.0,0,1.0,,,576.0648863732644,576.4720639759818,853.9003953138242,0.0,579.9910590928969,780.9008134083488,0.0,0,0.0,,minimal,minimal,0.0,False,853.9003953138242
255,579,1355,0,444,459,27.41656206557524,,869.75,681.75,1,27.41656206557524,27,664.4616260044564,1202.0557812930251,0.1111111111111111,0.1111111111111111,5,0.6296296296296297,2.1,0.7514158970504523,632.4859699407124,633.9959977655277,853.9003953138242,0.1111111111111111,664.4616260044564,1202.0557812930251,3.0462846739528042,5,0.18237151645931915,2.1,discontinuous,discontinuous,0.1111111111111111,True,853.9003953138242
245,272,1356,0,462,441,37.60761032053429,,870.25,369.25,1,37.60761032053429,38,920.4491486405217,1558.7153102963678,0.5827067669172933,1.0,1,0.0,4.078947368421052,0.33455205580552705,903.0952176948234,843.987017289056,853.9003953138242,0.5827067669172933,920.4491486405217,1558.7153102963678,21.91420902136397,1,0.026590362734480517,4.078947368421052,thick,thick,0.5827067669172933,True,853.9003953138242
411,545,1357,0,447,463,2.0,,862.5,873.5,1,2.0,2,850.2589285714286,967.75,0.42857142857142855,1.0,1,0.0,3.0,0.3333333333333333,885.7916666666666,806.7708333333333,853.9003953138242,0.42857142857142855,850.2589285714286,967.75,0.8571428571428571,1,0.5,3.0,thick,thick,0.42857142857142855,True,853.9003953138242
245,406,1358,0,462,443,58.89900614194004,,877.5,406.5703125,1,58.89900614194004,59,871.176781250255,1631.344620907211,0.4891041162227603,0.9661016949152542,2,0.016949152542372836,3.4827586206896552,0.3074093999259411,893.737069094169,769.6229705507785,853.9003953138242,0.4891041162227603,871.176781250255,1631.344620907211,28.807746345452514,2,0.03395643035436324,3.4827586206896552,thick,thick,0.4891041162227603,True,853.9003953138242
329,545,1359,0,445,463,8.36264493392769,,866.75,870.75,1,8.36264493392769,8,702.4152774398008,948.7963028558845,0.03571428571428571,0.125,1,0.875,2.0,,734.8718647465603,657.0935976557919,853.9003953138242,0.03571428571428571,702.4152774398008,948.7963028558845,0.2986658904974175,1,0.1195793923933022,2.0,minimal,minimal,0.03571428571428571,False,853.9003953138242
493,545,1360,0,457,463,58.47318113496546,,876.140625,899.859375,1,58.47318113496546,58,670.7674739773319,1117.3081136077328,0.07142857142857142,0.13793103448275862,4,0.6379310344827587,1.380952380952381,0.47280376554489967,643.2960610400213,645.258030834352,853.9003953138242,0.07142857142857142,670.7674739773319,1117.3081136077328,4.176655795354676,4,0.068407429224132,1.380952380952381,discontinuous,discontinuous,0.07142857142857142,True,853.9003953138242
29,470,1361,0,449,439,15.871003943841842,,870.5,304.5,1,15.871003943841842,16,869.6789829140037,1391.7221163267075,0.5714285714285714,1.0,1,0.0,4.0,0.4330127018922193,783.8693340505622,892.548395393108,853.9003953138242,0.5714285714285714,869.6789829140037,1391.7221163267075,9.069145110766767,1,0.06300798635917504,4.0,thick,thick,0.5714285714285714,True,853.9003953138242
332,446,1362,0,460,446,19.063173922917613,,870.35546875,756.64453125,1,19.063173922917613,19,686.1204400913056,994.0418191728527,0.03759398496240601,0.15789473684210525,1,0.8421052631578947,1.6666666666666667,0.282842712474619,669.0119963808431,663.9315735649157,853.9003953138242,0.03759398496240601,686.1204400913056,994.0418191728527,0.7166606737938952,1,0.05245716185791113,1.6666666666666667,minimal,minimal,0.03759398496240601,False,853.9003953138242
244,384,1363,0,464,440,23.6017789948314,,869.02734375,11.02734375,1,23.6017789948314,24,853.1873165624635,1657.503260777407,0.42857142857142855,0.75,2,0.08333333333333337,3.272727272727273,0.4714045207910316,801.5857706136584,855.2865860581364,853.9003953138242,0.42857142857142855,853.1873165624635,1657.503260777407,10.115048140642028,2,0.08473937496143762,3.272727272727273,thick,thick,0.42857142857142855,True,853.9003953138242
345,581,1364,0,436,465,43.038124813048135,,874.13671875,555.86328125,1,43.038124813048135,43,814.3733953571325,1544.2479778236905,0.38870431893687707,0.5581395348837209,4,0.13953488372093026,3.1621621621621623,0.501440688679406,742.9869469640353,835.6072767555735,853.9003953138242,0.38870431893687707,814.3733953571325,1544.2479778236905,16.729104993776186,4,0.09294085226471799,3.1621621621621623,discontinuous,discontinuous,0.38870431893687707,True,853.9003953138242
269,596,1365,0,455,466,18.312263676692567,,871.25,828.25,1,18.312263676692567,18,683.0734965633368,889.6738694453052,0.03968253968253968,0.2222222222222222,1,0.7777777777777778,1.25,0.34641016151377546,662.7501065736619,673.50983423136,853.9003953138242,0.03968253968253968,683.0734965633368,889.6738694453052,0.7266771300274828,1,0.054608213252891134,1.25,minimal,minimal,0.03968253968253968,False,853.9003953138242
329,596,1366,0,445,466,34.704568346820885,,868.5,850.5,1,34.704568346820885,35,597.6350387638995,773.4629301719988,0.0,0.0,0,1.0,,,593.2301022192154,575.6867106669589,853.9003953138242,0.0,597.6350387638995,773.4629301719988,0.0,0,0.0,,minimal,minimal,0.0,False,853.9003953138242
27,430,1367,0,458,438,46.75454128812369,,876.359375,247.6484375,1,46.75454128812369,47,757.1546541634635,1347.6131266046054,0.270516717325228,0.5531914893617021,4,0.14893617021276595,2.225,0.5457251435766692,733.6681619518763,706.7629557532638,853.9003953138242,0.270516717325228,757.1546541634635,1347.6131266046054,12.647885029310057,4,0.08555318670223071,2.225,discontinuous,discontinuous,0.270516717325228,True,853.9003953138242
345,413,1368,0,436,456,1.0,,866.5,536.5,1,1.0,1,1242.017857142857,1601.375,1.0,1.0,1,0.0,7.0,,1125.25,1289.5833333333333,853.9003953138242,1.0,1242.017857142857,1601.375,1.0,1,1.0,7.0,thick,thick,1.0,True,853.9003953138242
86,244,1369,0,453,464,34.58529098048706,,883.5,26.5,1,34.58529098048706,35,734.4560736866832,1631.4205696808299,0.17551020408163265,0.22857142857142856,3,0.6285714285714286,3.3076923076923075,0.5220917283870616,717.9339232088857,689.6982433229972,853.9003953138242,0.17551020408163265,734.4560736866832,1631.4205696808299,6.070071478207932,3,0.08674207777209661,3.3076923076923075,discontinuous,discontinuous,0.17551020408163265,True,853.9003953138242
413,581,1370,0,456,465,36.74248046867149,,878.86328125,531.86328125,1,36.74248046867149,37,853.1702135397179,1589.9466196421622,0.4362934362934363,1.0,1,0.0,3.054054054054054,0.4302741869431228,834.9662785774274,776.0803470439218,853.9003953138242,0.4362934362934363,853.1702135397179,1589.9466196421622,16.03050306162115,1,0.027216453196529586,3.054054054054054,thick,thick,0.4362934362934363,True,853.9003953138242
255,401,1371,0,444,467,24.63304245291991,,870.75,661.25,1,24.63304245291991,25,843.9116309601486,1566.1091463935454,0.48,1.0,1,0.0,3.36,0.5447648185070262,814.7020250602241,774.1822969967328,853.9003953138242,0.48,843.9116309601486,1566.1091463935454,11.823860377401555,1,0.040595878560728244,3.36,thick,thick,0.48,True,853.9003953138242
159,594,1372,0,468,448,8.071263354072906,,870.75,952.25,1,8.071263354072906,8,502.89389824045736,550.4705235197439,0.0,0.0,0,1.0,,,511.31326908060043,495.38320084922225,853.9003953138242,0.0,502.89389824045736,550.4705235197439,0.0,0,0.0,,minimal,minimal,0.0,False,853.9003953138242
159,493,1373,0,468,457,39.63243408412425,,880.8671875,936.8671875,1,39.63243408412425,40,547.129471361064,872.1150022917218,0.007142857142857143,0.05,1,0.95,1.0,0.0,540.068497826327,540.5104581011132,853.9003953138242,0.007142857142857143,547.129471361064,872.1150022917218,0.28308881488660176,1,0.02523185928669909,1.0,minimal,minimal,0.007142857142857143,False,853.9003953138242
401,433,1375,0,467,452,42.76055434200797,,885.390625,639.390625,1,42.76055434200797,43,811.9604157644295,1725.607161324612,0.3554817275747508,0.3953488372093023,3,0.13953488372093026,2.891891891891892,0.43132638352203084,735.0639468332572,790.1691096296993,853.9003953138242,0.3554817275747508,811.9604157644295,1725.607161324612,15.200595729551006,3,0.07015811759607615,2.891891891891892,discontinuous,discontinuous,0.3554817275747508,True,853.9003953138242
545,596,1376,0,463,466,60.02911211292205,,891.46484375,885.53515625,1,60.02911211292205,60,748.8880055780614,1399.4838798058222,0.2571428571428571,0.4166666666666667,3,0.30000000000000004,2.5714285714285716,0.4958676977405883,709.0102708624837,730.7835971543913,853.9003953138242,0.2571428571428571,748.8880055780614,1399.4838798058222,15.436057400465668,3,0.04997575167123305,2.5714285714285716,discontinuous,discontinuous,0.2571428571428571,True,853.9003953138242
332,579,1377,0,460,459,23.171566816940537,,881.83203125,708.83203125,1,23.171566816940537,23,673.142748581347,1107.169500745687,0.07453416149068323,0.17391304347826086,2,0.7391304347826086,2.0,0.408248290463863,661.7622032107924,646.3287699417486,853.9003953138242,0.07453416149068323,673.142748581347,1107.169500745687,1.7270733031260028,2,0.08631267862895732,2.0,discontinuous,discontinuous,0.07453416149068323,True,853.9003953138242
159,600,1378,0,468,461,22.582691864648,,883.1328125,955.8671875,1,22.582691864648,23,593.8605861438956,797.314047463989,0.0,0.0,0,1.0,,,595.0839047983278,579.3245806585202,853.9003953138242,0.0,593.8605861438956,797.314047463989,0.0,0,0.0,,minimal,minimal,0.0,False,853.9003953138242
126,345,1379,0,469,436,16.367714265024105,,876.46875,580.46875,1,16.367714265024105,16,834.9723089079281,1180.4188378255158,0.5267857142857143,1.0,1,0.0,3.6875,0.3678395663425543,835.6940530647707,788.8326128550148,853.9003953138242,0.5267857142857143,834.9723089079281,1180.4188378255158,8.622278050325198,1,0.06109588570573249,3.6875,thick,thick,0.5267857142857143,True,853.9003953138242
126,433,1380,0,469,452,61.8050238652122,,888.2421875,611.7578125,1,61.8050238652122,62,745.6604427153985,1365.91914448252,0.2880184331797235,0.5161290322580645,5,0.25806451612903225,2.717391304347826,0.4646202750634113,730.7006868117857,688.2176733972402,853.9003953138242,0.2880184331797235,745.6604427153985,1365.91914448252,17.800986136293833,5,0.0808995723536047,2.717391304347826,discontinuous,discontinuous,0.2880184331797235,True,853.9003953138242
269,332,1381,0,455,460,28.042114806024234,,886.46875,770.53125,1,28.042114806024234,28,657.3122245203804,1024.4558877759625,0.0663265306122449,0.10714285714285714,1,0.8928571428571429,4.333333333333333,0.5756395979652218,648.3139388919807,649.1334125289858,853.9003953138242,0.0663265306122449,657.3122245203804,1024.4558877759625,1.8599361861138524,1,0.03566064852516658,4.333333333333333,discontinuous,discontinuous,0.0663265306122449,True,853.9003953138242
29,430,1382,0,449,438,17.65948022524434,,885.86328125,308.13671875,1,17.65948022524434,18,922.5031680063784,1742.7926459138819,0.5079365079365079,1.0,1,0.0,3.5555555555555554,0.32775276505317236,853.1923474160769,848.8247439395203,853.9003953138242,0.5079365079365079,922.5031680063784,1742.7926459138819,8.969894717584426,1,0.05662680822114422,3.5555555555555554,thick,thick,0.5079365079365079,True,853.9003953138242
401,579,1383,0,467,459,27.626907367495978,,891.13671875,668.86328125,1,27.626907367495978,28,901.8604673188834,2163.841602626148,0.4744897959183674,1.0,1,0.0,3.3214285714285716,0.5155686922467463,819.2094078595709,867.2401903935488,853.9003953138242,0.4744897959183674,901.8604673188834,2163.841602626148,13.108685638658807,1,0.036196595829489586,3.3214285714285716,thick,thick,0.4744897959183674,True,853.9003953138242
15,70,1384,0,470,454,45.72507616006284,,886.86328125,130.86328125,1,45.72507616006284,46,923.9936638878144,2084.344983347078,0.5496894409937888,0.5434782608695652,2,0.021739130434782594,3.933333333333333,0.45605505244317657,918.9947436497432,855.2000129189664,853.9003953138242,0.5496894409937888,923.9936638878144,2084.344983347078,25.134591553823363,2,0.043739675643161384,3.933333333333333,thick,thick,0.5496894409937888,True,853.9003953138242
15,148,1385,0,470,451,23.851562570681416,,885.13671875,160.86328125,1,23.851562570681416,24,812.9508038287025,1738.9560226570188,0.27380952380952384,0.3333333333333333,3,0.5,3.8333333333333335,0.6008815200471849,775.3739997300299,808.3343841546122,853.9003953138242,0.27380952380952384,812.9508038287025,1738.9560226570188,6.530784989591341,3,0.12577792298134927,3.8333333333333335,discontinuous,discontinuous,0.27380952380952384,True,853.9003953138242
126,581,1386,0,469,465,18.839360313418307,,888.83203125,570.83203125,1,18.839360313418307,19,858.5975139163199,1373.3133578212503,0.48872180451127817,1.0,1,0.0,3.4210526315789473,0.44800676241726267,761.9688287686797,896.1790911174534,853.9003953138242,0.48872180451127817,858.5975139163199,1373.3133578212503,9.207206168211954,1,0.053080358534665924,3.4210526315789473,thick,thick,0.48872180451127817,True,853.9003953138242
413,559,1387,0,456,471,6.34830330457291,,881.609375,510.390625,1,6.34830330457291,6,957.1884406103223,1797.229605945102,0.4523809523809524,1.0,1,0.0,3.1666666666666665,0.11768778828946261,847.8678163574081,876.6664779991817,853.9003953138242,0.4523809523809524,957.1884406103223,1797.229605945102,2.8718514949258402,1,0.15752240433749665,3.1666666666666665,thick,thick,0.4523809523809524,True,853.9003953138242
241,269,1388,0,472,455,49.70733141723275,,891.50390625,804.50390625,1,49.70733141723275,50,658.1563032529274,1049.7575951123567,0.05142857142857143,0.1,3,0.8200000000000001,2.0,0.3333333333333333,640.7595211334325,629.1160037459117,853.9003953138242,0.05142857142857143,658.1563032529274,1049.7575951123567,2.5563770443148273,3,0.060353270120631484,2.0,discontinuous,discontinuous,0.05142857142857143,True,853.9003953138242
241,596,1389,0,472,466,35.54993786813575,,893.25,838.75,1,35.54993786813575,36,667.2057572740488,850.0362579020132,0.0,0.0,0,1.0,,,655.6400393440059,649.8437671107534,853.9003953138242,0.0,667.2057572740488,850.0362579020132,0.0,0,0.0,,minimal,minimal,0.0,False,853.9003953138242
177,559,1390,0,450,471,50.13667611725428,,887.5,486.5,1,50.13667611725428,50,751.2610125109398,1641.9377716534013,0.2542857142857143,0.18,7,0.26,2.4054054054054053,0.4876974025665327,692.4943116060183,726.3992654690206,853.9003953138242,0.2542857142857143,751.2610125109398,1641.9377716534013,12.749040498387517,7,0.13961835012016255,2.4054054054054053,reticular,reticular,0.2542857142857143,True,853.9003953138242
70,86,1391,0,454,453,16.022809163037348,,890.46484375,78.53515625,1,16.022809163037348,16,1036.62385741095,1812.3766830570835,0.7946428571428571,1.0,1,0.0,5.5625,0.1416800023923426,1014.9680529822515,980.2898598121627,853.9003953138242,0.7946428571428571,1036.62385741095,1812.3766830570835,12.732410852770748,1,0.062411028542165826,5.5625,thick,thick,0.7946428571428571,True,853.9003953138242
29,245,1392,0,449,462,20.217493505228433,,890.390625,360.609375,1,20.217493505228433,20,850.5414705534135,1337.6078774530358,0.5642857142857143,1.0,1,0.0,3.95,0.314933045686702,843.6979710405861,799.4297745274723,853.9003953138242,0.5642857142857143,850.5414705534135,1337.6078774530358,11.408442763664615,1,0.04946211555559005,3.95,thick,thick,0.5642857142857143,True,853.9003953138242
559,581,1393,0,471,465,42.07583905267292,,897.28125,523.71875,1,42.07583905267292,42,793.7230316646396,1512.4686832690188,0.3401360544217687,0.5,4,0.11904761904761907,2.7027027027027026,0.5223025942880238,781.9319159397785,743.5127502342259,853.9003953138242,0.3401360544217687,793.7230316646396,1512.4686832690188,14.311509881861536,4,0.09506643456337432,2.7027027027027026,discontinuous,discontinuous,0.3401360544217687,True,853.9003953138242
177,431,1394,0,450,473,30.334629188577768,,888.71875,450.28125,1,30.334629188577768,30,823.8616341008608,1682.2815495900093,0.3238095238095238,0.6,2,0.33333333333333337,3.4,0.2999423243289874,784.6061683458668,767.7029667988803,853.9003953138242,0.3238095238095238,823.8616341008608,1682.2815495900093,9.822641832491849,2,0.06593124931796042,3.4,punctate,punctate,0.3238095238095238,True,853.9003953138242
406,431,1395,0,443,473,9.616066884575966,,886.71875,433.71875,1,9.616066884575966,10,949.8771440916688,1740.9334491049838,0.5,1.0,1,0.0,3.5,0.2634155559226539,864.3850946034648,852.3503515743511,853.9003953138242,0.5,949.8771440916688,1740.9334491049838,4.808033442287983,1,0.10399262110000354,3.5,thick,thick,0.5,True,853.9003953138242
245,431,1396,0,462,473,17.362516208386737,,898.46484375,429.46484375,1,17.362516208386737,17,948.1577185383063,1767.7739024817045,0.5210084033613446,1.0,1,0.0,3.6470588235294117,0.1867070468191972,925.8514125039364,823.4764900853438,853.9003953138242,0.5210084033613446,948.1577185383063,1767.7739024817045,9.04601684806704,1,0.05759533860172658,3.6470588235294117,thick,thick,0.5210084033613446,True,853.9003953138242
600,601,1397,0,461,474,32.72585195897573,,891.5,979.5,1,32.72585195897573,33,603.3480863346115,784.8297575206873,0.0,0.0,0,1.0,,,626.563892662578,567.7744016777527,853.9003953138242,0.0,603.3480863346115,784.8297575206873,0.0,0,0.0,,minimal,minimal,0.0,False,853.9003953138242
332,506,1398,0,460,475,36.97743583407053,,894.5,717.5,1,36.97743583407053,37,700.6171608122853,1257.8306720861963,0.138996138996139,0.21621621621621623,4,0.5675675675675675,2.25,0.5091750772173156,677.5484776168323,680.7418915256546,853.9003953138242,0.138996138996139,700.6171608122853,1257.8306720861963,5.139720810913278,4,0.10817407723859672,2.25,discontinuous,discontinuous,0.138996138996139,True,853.9003953138242
506,579,1399,0,475,459,33.182261874405235,,898.828125,689.828125,1,33.182261874405235,33,882.5131492664859,1924.518083180794,0.46320346320346323,0.8181818181818182,2,0.12121212121212122,3.689655172413793,0.48849100356530767,849.7096025062762,823.501551874791,853.9003953138242,0.46320346320346323,882.5131492664859,1924.518083180794,15.370138617148745,2,0.06027316665663101,3.689655172413793,thick,thick,0.46320346320346323,True,853.9003953138242
159,545,1400,0,468,463,14.73674494773382,,896.13671875,919.13671875,1,14.73674494773382,15,602.0234292884466,889.2278809874934,0.01904761904761905,0.06666666666666667,1,0.9333333333333333,2.0,,597.7443450902316,601.4717973145247,853.9003953138242,0.01904761904761905,602.0234292884466,889.2278809874934,0.2806999037663585,1,0.06785759023085879,2.0,minimal,minimal,0.01904761904761905,False,853.9003953138242
159,601,1401,0,468,474,35.01625139783276,,908.828125,963.171875,1,35.01625139783276,35,565.1066041005876,884.4947367206113,0.0163265306122449,0.05714285714285714,2,0.9142857142857143,1.3333333333333333,0.3535533905932738,560.0872685046273,556.9991500420346,853.9003953138242,0.0163265306122449,565.1066041005876,884.4947367206113,0.5716939003727798,2,0.05711633656262203,1.3333333333333333,minimal,minimal,0.0163265306122449,False,853.9003953138242
27,526,1402,0,458,476,33.290978910446285,,900.71484375,234.71484375,1,33.290978910446285,33,829.7759513113493,1387.959032644637,0.354978354978355,0.3333333333333333,4,0.24242424242424243,3.28,0.5489159724354585,791.6876319994824,827.0524875698724,853.9003953138242,0.354978354978355,829.7759513113493,1387.959032644637,11.81757692924933,4,0.120152669909771,3.28,discontinuous,discontinuous,0.354978354978355,True,853.9003953138242
430,572,1403,0,438,477,27.875515069156055,,905.1328125,305.1328125,1,27.875515069156055,28,741.0925197383132,1079.9358828089137,0.25510204081632654,0.6071428571428571,3,0.1785714285714286,2.1739130434782608,0.463033476111609,706.8958757384169,715.7664461783589,853.9003953138242,0.25510204081632654,741.0925197383132,1079.9358828089137,7.1111007829479735,3,0.10762132977838557,2.1739130434782608,discontinuous,discontinuous,0.25510204081632654,True,853.9003953138242
430,526,1404,0,438,476,52.13436458673972,,902.64453125,269.35546875,1,52.13436458673972,52,785.5373226608885,1417.3800114230116,0.3626373626373626,0.7307692307692307,2,0.038461538461538436,2.64,0.47769341728589226,729.8881001937502,768.1043405806188,853.9003953138242,0.3626373626373626,785.5373226608885,1417.3800114230116,18.90586847651001,2,0.0383624125057179,2.64,punctate,punctate,0.3626373626373626,True,853.9003953138242
29,572,1405,0,449,477,53.39943543041825,,901.49609375,336.50390625,1,53.39943543041825,53,651.5532695150389,1277.863813316092,0.09164420485175202,0.11320754716981132,5,0.7169811320754718,2.2666666666666666,0.5687964589945211,627.5805048441179,633.6449882325081,853.9003953138242,0.09164420485175202,651.5532695150389,1277.863813316092,4.893748799553155,5,0.09363394874305767,2.2666666666666666,discontinuous,discontinuous,0.09164420485175202,True,853.9003953138242
431,559,1406,0,473,471,41.82253581125215,,911.86328125,473.13671875,1,41.82253581125215,42,782.9094113857309,1832.5139821984708,0.3163265306122449,0.7857142857142857,2,0.04761904761904767,2.325,0.37726461920105014,718.0982665652813,716.9348096411601,853.9003953138242,0.3163265306122449,782.9094113857309,1832.5139821984708,13.229577654579764,2,0.047821107955436544,2.325,punctate,punctate,0.3163265306122449,True,853.9003953138242
594,601,1407,0,448,474,33.670455626424776,,903.75390625,1009.24609375,1,33.670455626424776,34,566.1965733431533,733.2732097508788,0.0,0.0,0,1.0,,,559.1226937395778,565.5592715933221,853.9003953138242,0.0,566.1965733431533,733.2732097508788,0.0,0,0.0,,minimal,minimal,0.0,False,853.9003953138242
32,86,1408,0,478,453,45.10231928777881,,898.01171875,57.27734375,1,45.10231928777881,45,751.7819327038935,1198.3283690573332,0.2920634920634921,0.6888888888888889,3,0.0888888888888889,2.2439024390243905,0.42655254065975173,703.0582051845879,731.3677298706056,853.9003953138242,0.2920634920634921,751.7819327038935,1198.3283690573332,13.172740871351273,3,0.06651542642094012,2.2439024390243905,discontinuous,discontinuous,0.2920634920634921,True,853.9003953138242
15,590,1409,0,470,479,23.436048894487406,,897.6484375,152.6484375,1,23.436048894487406,23,961.4890428189946,1502.6019609004488,0.6086956521739131,0.8695652173913043,2,0.04347826086956519,4.454545454545454,0.3872176726736791,890.0603830056546,962.7045935939224,853.9003953138242,0.6086956521739131,961.4890428189946,1502.6019609004488,14.265421066209727,2,0.08533861697440122,4.454545454545454,thick,thick,0.6086956521739131,True,853.9003953138242
148,590,1410,0,451,479,41.81222417349598,,897.65234375,183.64453125,1,41.81222417349598,42,754.2473219798339,1218.9727058218523,0.2755102040816326,0.30952380952380953,4,0.1428571428571429,2.25,0.38311409010328146,741.1603973256136,689.2807259655876,853.9003953138242,0.2755102040816326,754.2473219798339,1218.9727058218523,11.51969441514685,4,0.09566580298150053,2.25,discontinuous,discontinuous,0.2755102040816326,True,853.9003953138242
32,70,1411,0,478,454,41.32363741953027,,904.2109375,96.5,1,41.32363741953027,41,783.2483323739696,1595.7703380766166,0.30662020905923343,0.3170731707317073,4,0.3414634146341463,3.259259259259259,0.4981888685632495,785.2553329851045,719.7802786684271,853.9003953138242,0.30662020905923343,783.2483323739696,1595.7703380766166,12.670662344664333,4,0.09679690002578356,3.259259259259259,discontinuous,discontinuous,0.30662020905923343,True,853.9003953138242
444,581,1412,0,480,465,34.2230143712777,,914.5,569.5,1,34.2230143712777,34,1125.6499082183207,2579.8860553395048,0.7394957983193278,1.0,1,0.0,5.176470588235294,0.26698500282888027,1077.271976127556,988.2858033988945,853.9003953138242,0.7394957983193278,1125.6499082183207,2579.8860553395048,25.30777533338183,1,0.029220102856844444,5.176470588235294,thick,thick,0.7394957983193278,True,853.9003953138242
126,444,1413,0,469,480,69.89152926570125,,917.64453125,596.35546875,1,69.89152926570125,70,907.4323587050413,2152.7219838693977,0.3979591836734694,0.5428571428571428,4,0.34285714285714286,4.239130434782608,0.4265051469421897,869.104955462718,869.0773590663358,853.9003953138242,0.3979591836734694,907.4323587050413,2152.7219838693977,27.813975932268864,4,0.057231542105675035,4.239130434782608,discontinuous,discontinuous,0.3979591836734694,True,853.9003953138242
32,244,1414,0,478,464,45.386977306243566,,912.828125,18.828125,1,45.386977306243566,45,704.4465845775975,1207.2448037692761,0.2,0.4666666666666667,4,0.1777777777777778,1.7027027027027026,0.5084322977157768,674.4038837165637,661.2154966951703,853.9003953138242,0.2,704.4465845775975,1207.2448037692761,9.077395461248713,4,0.08813100667644039,1.7027027027027026,discontinuous,discontinuous,0.2,True,853.9003953138242
332,532,1415,0,460,481,30.16134504310992,,905.75,760.75,1,30.16134504310992,30,882.3560302718781,1548.7009919544525,0.5238095238095238,0.8666666666666667,2,0.033333333333333326,3.793103448275862,0.30478281116800376,801.98625752664,868.2695778319323,853.9003953138242,0.5238095238095238,882.3560302718781,1548.7009919544525,15.79879978448615,2,0.06631004012391951,3.793103448275862,thick,thick,0.5238095238095238,True,853.9003953138242
269,532,1416,0,455,481,8.603282008518697,,901.16796875,778.83203125,1,8.603282008518697,9,738.1587067980346,975.4610164503454,0.20634920634920634,0.3333333333333333,2,0.5555555555555556,3.25,0.45508306023843204,721.089322655331,716.715645370077,853.9003953138242,0.20634920634920634,738.1587067980346,975.4610164503454,1.7752804144562389,2,0.2324694224854728,3.25,punctate,punctate,0.20634920634920634,True,853.9003953138242
494,596,1417,0,482,466,48.74529087700771,,899.5390625,873.46875,1,48.74529087700771,49,701.627218796131,1124.9011227893009,0.10495626822157435,0.2857142857142857,4,0.4693877551020408,1.3846153846153846,0.45133546692422005,683.251693728297,664.0440508085373,853.9003953138242,0.10495626822157435,701.627218796131,1124.9011227893009,5.116123823825882,4,0.08205920875706024,1.3846153846153846,discontinuous,discontinuous,0.10495626822157435,True,853.9003953138242
27,590,1418,0,458,479,12.644223861128186,,904.86328125,208.13671875,1,12.644223861128186,13,708.3872536857073,1062.6099812599011,0.17582417582417584,0.38461538461538464,3,0.3076923076923077,1.7777777777777777,0.739509972887452,701.405856808911,641.9736300165362,853.9003953138242,0.17582417582417584,708.3872536857073,1062.6099812599011,2.223160239319242,3,0.2372624870414406,1.7777777777777777,discontinuous,discontinuous,0.17582417582417584,True,853.9003953138242
245,336,1419,0,462,483,41.09427958853919,,906.24609375,379.75390625,1,41.09427958853919,41,887.5127781435234,1879.5788126688183,0.5888501742160279,1.0,1,0.0,4.121951219512195,0.33970887797413785,915.4710826345279,788.0785037864237,853.9003953138242,0.5888501742160279,887.5127781435234,1879.5788126688183,24.19837369499346,1,0.02433428715657278,4.121951219512195,thick,thick,0.5888501742160279,True,853.9003953138242
245,302,1420,0,462,484,32.27254077063684,,905.13671875,409.13671875,1,32.27254077063684,32,969.0043514332772,1674.0664158273396,0.6473214285714286,1.0,1,0.0,4.53125,0.39394948280959236,911.1367614667706,925.3066581489147,853.9003953138242,0.6473214285714286,969.0043514332772,1674.0664158273396,20.89070719527831,1,0.030986094559677487,4.53125,thick,thick,0.6473214285714286,True,853.9003953138242
29,336,1421,0,449,483,17.890842471131062,,908.50390625,359.50390625,1,17.890842471131062,18,725.4202593010137,1170.1618988172816,0.2222222222222222,0.3333333333333333,3,0.33333333333333337,2.3333333333333335,0.5624291338579864,700.6995042605064,685.6515861837809,853.9003953138242,0.2222222222222222,725.4202593010137,1170.1618988172816,3.9757427713624582,3,0.16768355122688303,2.3333333333333335,discontinuous,discontinuous,0.2222222222222222,True,853.9003953138242
159,596,1422,0,468,466,66.00776063648604,,918.828125,941.171875,1,66.00776063648604,66,634.6379091948376,1153.0501714313077,0.07575757575757576,0.19696969696969696,2,0.7727272727272727,2.3333333333333335,0.2555506259999759,613.0813286874677,631.2090522494879,853.9003953138242,0.07575757575757576,634.6379091948376,1153.0501714313077,5.000587927006518,2,0.030299467527981738,2.3333333333333335,discontinuous,discontinuous,0.07575757575757576,True,853.9003953138242
241,532,1423,0,472,481,23.58406730256798,,913.75,786.25,1,23.58406730256798,24,765.8372525986359,1069.948843316993,0.2619047619047619,0.4583333333333333,3,0.41666666666666663,3.142857142857143,0.39626354032187944,783.4336454891596,711.2589156270866,853.9003953138242,0.2619047619047619,765.8372525986359,1069.948843316993,6.176779531624947,3,0.12720452165913473,3.142857142857143,discontinuous,discontinuous,0.2619047619047619,True,853.9003953138242
15,519,1424,0,470,485,10.124249268759064,,904.35546875,138.35546875,1,10.124249268759064,10,897.6219134157327,1469.8531959049014,0.5857142857142857,1.0,1,0.0,4.1,0.3353104167040859,887.1653078307658,858.1521749337902,853.9003953138242,0.5857142857142857,897.6219134157327,1469.8531959049014,5.929917428844595,1,0.09877275573268957,4.1,thick,thick,0.5857142857142857,True,853.9003953138242
519,590,1425,0,485,479,29.89248586896756,,918.64453125,143.64453125,1,29.89248586896756,30,739.3177689028441,1624.4282639874832,0.2571428571428571,0.6333333333333333,1,0.3666666666666667,2.8421052631578947,0.3831140901032815,696.7290905635763,723.7347928756913,853.9003953138242,0.2571428571428571,739.3177689028441,1624.4282639874832,7.686639223448801,1,0.03345322314053965,2.8421052631578947,punctate,punctate,0.2571428571428571,True,853.9003953138242
401,506,1426,0,467,475,37.797551855571996,,909.86328125,656.86328125,1,37.797551855571996,38,1150.007304650299,2534.3693897831213,0.7368421052631579,0.5,2,0.07894736842105265,5.6,0.2603540984116954,1148.6366628600792,1061.4533563690948,853.9003953138242,0.7368421052631579,1150.007304650299,2534.3693897831213,27.850827683053048,2,0.052913479889972456,5.6,thick,thick,0.7368421052631579,True,853.9003953138242
70,519,1427,0,454,485,23.11003144109674,,905.61328125,121.61328125,1,23.11003144109674,23,837.3524132602398,1347.0699350640868,0.4161490683229814,1.0,1,0.0,2.9130434782608696,0.5443158963824021,765.15637909724,845.7535584615475,853.9003953138242,0.4161490683229814,837.3524132602398,1347.0699350640868,9.617218053127216,1,0.043271252250297355,2.9130434782608696,thick,thick,0.4161490683229814,True,853.9003953138242
245,555,1428,0,462,486,4.178261246664951,,904.8671875,422.8671875,1,4.178261246664951,4,971.2852937903626,1445.1267435875752,0.6071428571428571,1.0,1,0.0,4.25,0.34800469312350685,955.8896557066162,860.2969153301605,853.9003953138242,0.6071428571428571,971.2852937903626,1445.1267435875752,2.536801471189434,1,0.2393340054545873,4.25,thick,thick,0.6071428571428571,True,853.9003953138242
431,555,1429,0,473,486,68.93484106578356,,922.13671875,453.86328125,1,68.93484106578356,69,789.6700631545727,1760.474517001363,0.35196687370600416,0.8840579710144928,2,0.02898550724637683,2.537313432835821,0.5587306424350177,734.2335188237239,733.546248366898,853.9003953138242,0.35196687370600416,789.6700631545727,1760.474517001363,24.26278049934411,2,0.02901290507207274,2.537313432835821,punctate,punctate,0.35196687370600416,True,853.9003953138242
332,370,1430,0,460,487,25.8632779690315,,906.28515625,739.71484375,1,25.8632779690315,26,831.8677076606189,1394.1700808870294,0.4175824175824176,1.0,1,0.0,2.923076923076923,0.36653653361010846,783.4517970114599,783.1376601944304,853.9003953138242,0.4175824175824176,831.8677076606189,1394.1700808870294,10.800050140914253,1,0.03866485915657685,2.923076923076923,thick,thick,0.4175824175824176,True,853.9003953138242
302,555,1431,0,484,486,45.731144282529606,,925.35546875,425.64453125,1,45.731144282529606,46,879.8712680746532,2052.346475535711,0.4906832298136646,1.0,1,0.0,3.4347826086956523,0.28247991904330877,839.7303281075847,802.8151515388053,853.9003953138242,0.4906832298136646,879.8712680746532,2052.346475535711,22.439505579626328,1,0.021866935885573806,3.4347826086956523,thick,thick,0.4906832298136646,True,853.9003953138242
241,494,1432,0,472,482,43.00120260425383,,921.16796875,852.83203125,1,43.00120260425383,43,589.7663614176062,815.0138143099568,0.0,0.0,0,1.0,,,584.702860094678,572.5531845320787,853.9003953138242,0.0,589.7663614176062,815.0138143099568,0.0,0,0.0,,minimal,minimal,0.0,False,853.9003953138242
433,506,1433,0,452,475,11.459709420702954,,910.86328125,633.86328125,1,11.459709420702954,11,1038.5332997746725,1563.1798166285494,0.6883116883116883,1.0,1,0.0,4.818181818181818,0.2627997788147947,1008.7606765804504,966.2358960355373,853.9003953138242,0.6883116883116883,1038.5332997746725,1563.1798166285494,7.88785193892541,1,0.08726224752203697,4.818181818181818,thick,thick,0.6883116883116883,True,853.9003953138242
27,191,1434,0,458,488,20.213238809593843,,909.17578125,219.89453125,1,20.213238809593843,20,831.4234512426607,1257.0817582176967,0.44285714285714284,1.0,1,0.0,3.1,0.443475067253791,747.1047817916939,844.2659727585348,853.9003953138242,0.44285714285714284,831.4234512426607,1257.0817582176967,8.951577187105844,1,0.049472526863204545,3.1,thick,thick,0.44285714285714284,True,853.9003953138242
370,506,1435,0,487,475,25.580383022887748,,917.75,717.75,1,25.580383022887748,26,801.7056792720773,1462.7662748531495,0.3626373626373626,1.0,1,0.0,2.5384615384615383,0.27272727272727276,757.0917347859946,719.0579852110682,853.9003953138242,0.3626373626373626,801.7056792720773,1462.7662748531495,9.276402634673579,1,0.03909245608657469,2.5384615384615383,punctate,punctate,0.3626373626373626,True,853.9003953138242
191,590,1436,0,488,479,70.82286999233447,,928.49609375,182.49609375,1,70.82286999233447,71,678.0475685310125,1143.7204899342228,0.14688128772635814,0.2112676056338028,7,0.46478873239436624,1.9210526315789473,0.45288425355661754,656.5845588604042,652.3505479746448,853.9003953138242,0.14688128772635814,678.0475685310125,1143.7204899342228,10.402554344950536,7,0.09883812955839895,1.9210526315789473,discontinuous,discontinuous,0.14688128772635814,True,853.9003953138242
526,572,1437,0,476,477,12.288221227658246,,915.75390625,290.75390625,1,12.288221227658246,12,838.9245476001736,1279.0390271452911,0.44047619047619047,0.5833333333333334,2,0.08333333333333337,3.3636363636363638,0.5418902069125249,774.8234044188561,859.4596496500008,853.9003953138242,0.44047619047619047,838.9245476001736,1279.0390271452911,5.412668874087561,2,0.16275748645364663,3.3636363636363638,thick,thick,0.44047619047619047,True,853.9003953138242
586,596,1439,0,489,466,76.94303201292857,,930.16796875,925.83203125,1,76.94303201292857,77,590.8314134649387,823.6457193426678,0.0,0.0,0,1.0,,,581.9303650635761,584.9000297827985,853.9003953138242,0.0,590.8314134649387,823.6457193426678,0.0,0,0.0,,minimal,minimal,0.0,False,853.9003953138242
32,519,1440,0,478,485,37.12083799168108,,928.75,110.75,1,37.12083799168108,37,676.921106542134,1210.0405211500513,0.16602316602316602,0.2702702702702703,5,0.43243243243243246,2.0476190476190474,0.5323499135934696,658.2797726893862,634.3638802710793,853.9003953138242,0.16602316602316602,676.921106542134,1210.0405211500513,6.162919048811917,5,0.13469523508926493,2.0476190476190474,discontinuous,discontinuous,0.16602316602316602,True,853.9003953138242
494,586,1441,0,482,489,25.104460784957723,,918.75390625,880.75390625,1,25.104460784957723,25,647.7110283084787,847.7789546472959,0.0,0.0,0,1.0,,,626.1072741621668,644.5363094491767,853.9003953138242,0.0,647.7110283084787,847.7789546472959,0.0,0,0.0,,minimal,minimal,0.0,False,853.9003953138242
370,532,1442,0,487,481,18.292774191245446,,920.83203125,742.83203125,1,18.292774191245446,18,729.6579481525087,1407.7698669141969,0.21428571428571427,0.5555555555555556,3,0.2777777777777778,2.076923076923077,0.4800548665487303,684.4121015022196,680.558468306891,853.9003953138242,0.21428571428571427,729.6579481525087,1407.7698669141969,3.9198801838383095,3,0.16399918178816966,2.076923076923077,discontinuous,discontinuous,0.21428571428571427,True,853.9003953138242
433,444,1443,0,452,480,4.0,,914.5,627.5,1,4.0,4,948.0401785714286,1292.75,0.6785714285714286,1.0,1,0.0,4.75,0.17455919949238946,912.0104166666667,921.0625,853.9003953138242,0.6785714285714286,948.0401785714286,1292.75,2.7142857142857144,1,0.25,4.75,thick,thick,0.6785714285714286,True,853.9003953138242
444,506,1444,0,480,475,20.13055666474986,,922.75390625,634.24609375,1,20.13055666474986,20,751.4407060363635,1322.848411900544,0.25,0.7,2,0.15000000000000002,2.0588235294117645,0.7537660547584526,735.609481940107,711.710077146111,853.9003953138242,0.25,751.4407060363635,1322.848411900544,5.032639166187465,2,0.09935145030053504,2.0588235294117645,punctate,punctate,0.25,True,853.9003953138242
191,526,1445,0,488,476,13.234896080417457,,920.75,231.25,1,13.234896080417457,13,844.1953241806567,1216.3272311849882,0.5164835164835165,1.0,1,0.0,3.6153846153846154,0.2978723404255319,811.8470532985409,823.6013690585488,853.9003953138242,0.5164835164835165,844.1953241806567,1216.3272311849882,6.835605667907918,1,0.0755578278759298,3.6153846153846154,thick,thick,0.5164835164835165,True,853.9003953138242
302,336,1446,0,484,483,73.1687641829945,,940.86328125,412.79296875,1,73.1687641829945,73,829.0836774117075,1692.278596089236,0.4207436399217221,0.4246575342465753,5,0.2465753424657534,3.909090909090909,0.5075950997491461,780.8665676657379,827.8852844380299,853.9003953138242,0.4207436399217221,829.0836774117075,1692.278596089236,30.78529217092723,5,0.06833517083184622,3.909090909090909,thick_to_reticular,thick_to_reticular,0.4207436399217221,True,853.9003953138242
336,572,1447,0,483,477,28.233530132819155,,929.72265625,354.72265625,1,28.233530132819155,28,727.5823461818864,1230.5354714580603,0.1989795918367347,0.2857142857142857,5,0.3928571428571429,2.2941176470588234,0.5341709398974271,669.0988138832333,737.4551870951847,853.9003953138242,0.1989795918367347,727.5823461818864,1230.5354714580603,5.617896301938505,5,0.17709439721063827,2.2941176470588234,discontinuous,discontinuous,0.1989795918367347,True,853.9003953138242
547,581,1448,0,490,465,40.962617044348264,,922.5,547.5,1,40.962617044348264,41,784.0831550941786,1254.9832888315602,0.3867595818815331,0.7560975609756098,2,0.024390243902439046,2.775,0.45215892221007586,747.919652177221,739.6938830265784,853.9003953138242,0.3867595818815331,784.0831550941786,1254.9832888315602,15.842684640845496,2,0.04882500543934231,2.775,punctate,punctate,0.3867595818815331,True,853.9003953138242
547,559,1449,0,490,471,22.909754005288672,,926.28125,519.28125,1,22.909754005288672,23,779.5352941103225,1876.8774529627735,0.3105590062111801,0.5652173913043478,2,0.21739130434782605,2.7777777777777777,0.5306599664568641,730.214760673529,739.6453368249364,853.9003953138242,0.3105590062111801,779.5352941103225,1876.8774529627735,7.114830436425053,2,0.0872990604586284,2.7777777777777777,punctate,punctate,0.3105590062111801,True,853.9003953138242
189,526,1450,0,491,476,22.197613864392068,,926.46484375,280.46484375,1,22.197613864392068,22,1132.9874300404815,1643.2874289684437,0.8376623376623377,1.0,1,0.0,5.863636363636363,0.1388873865672009,1074.8146866962704,1107.9624538137782,853.9003953138242,0.8376623376623377,1132.9874300404815,1643.2874289684437,18.594105120172575,1,0.04504988716846423,5.863636363636363,thick,thick,0.8376623376623377,True,853.9003953138242
189,572,1451,0,491,477,38.76786364605399,,931.83203125,306.16796875,1,38.76786364605399,39,773.8484159873445,1473.4867766244197,0.304029304029304,0.8717948717948718,2,0.07692307692307687,2.3055555555555554,0.5488212999484519,733.463928658888,735.3645195633139,853.9003953138242,0.304029304029304,773.8484159873445,1473.4867766244197,11.78656660301275,2,0.05158912077951376,2.3055555555555554,punctate,punctate,0.304029304029304,True,853.9003953138242
28,506,1452,0,492,475,64.06845326533544,,926.10546875,674.89453125,1,64.06845326533544,64,744.1995771484968,1467.9069933013352,0.24107142857142858,0.265625,7,0.453125,3.085714285714286,0.4475202212442434,720.8242781326916,707.0345994118809,853.9003953138242,0.24107142857142858,744.1995771484968,1467.9069933013352,15.445073555036222,7,0.10925813943111665,3.085714285714286,reticular,reticular,0.24107142857142858,True,853.9003953138242
596,601,1453,0,466,474,16.751419337368933,,927.828125,977.171875,1,16.751419337368933,17,696.2926692494216,1147.7721859222875,0.14285714285714285,0.29411764705882354,1,0.7058823529411764,3.4,0.14408763192842225,672.6318948455483,685.658921523723,853.9003953138242,0.14285714285714285,696.2926692494216,1147.7721859222875,2.393059905338419,1,0.05969643406688578,3.4,discontinuous,discontinuous,0.14285714285714285,True,853.9003953138242
525,532,1455,0,493,481,30.463622574854465,,935.1328125,780.1328125,1,30.463622574854465,30,646.4605376337018,1031.0797738362494,0.02857142857142857,0.06666666666666667,2,0.8666666666666667,1.5,0.5773502691896257,632.4900301781598,632.1953322790198,853.9003953138242,0.02857142857142857,646.4605376337018,1031.0797738362494,0.8703892164244132,2,0.06565207388207522,1.5,minimal,minimal,0.02857142857142857,False,853.9003953138242
241,525,1456,0,472,493,39.88707249982981,,936.25,802.75,1,39.88707249982981,40,717.0969932684063,1334.213543805818,0.1392857142857143,0.35,3,0.55,2.1666666666666665,0.5384615384615385,686.8435904760397,705.7096167972421,853.9003953138242,0.1392857142857143,717.0969932684063,1334.213543805818,5.555699383904867,3,0.07521233853431586,2.1666666666666665,discontinuous,discontinuous,0.1392857142857143,True,853.9003953138242
439,526,1457,0,494,476,42.185330791403906,,926.859375,253.859375,1,42.185330791403906,42,1029.5926646675805,1737.0128485649448,0.7993197278911565,1.0,1,0.0,5.595238095238095,0.17897651782819649,994.9166460098097,1004.0703049662989,853.9003953138242,0.7993197278911565,1029.5926646675805,1737.0128485649448,33.719567129183396,1,0.023704922569998427,5.595238095238095,thick,thick,0.7993197278911565,True,853.9003953138242
191,439,1458,0,488,494,37.448445483394536,,945.828125,237.171875,1,37.448445483394536,37,868.5028881164916,1357.0340618942287,0.528957528957529,1.0,1,0.0,3.7027027027027026,0.2252153083290732,873.9256134071142,786.0732271108933,853.9003953138242,0.528957528957529,868.5028881164916,1357.0340618942287,19.80863718619711,1,0.02670337812669479,3.7027027027027026,thick,thick,0.528957528957529,True,853.9003953138242
28,370,1459,0,492,487,22.06802627417245,,936.09375,716.8984375,1,22.06802627417245,22,784.6683836489731,1282.160665022984,0.24675324675324675,0.4090909090909091,3,0.2727272727272727,2.375,0.360823926336897,787.9128820426563,734.2342659857921,853.9003953138242,0.24675324675324675,784.6683836489731,1282.160665022984,5.445357132588007,3,0.13594328567168157,2.375,discontinuous,discontinuous,0.24675324675324675,True,853.9003953138242
14,32,1460,0,495,478,139.29637227828613,,938.5,32.5,1,139.29637227828613,139,753.2440752243656,1421.114747854339,0.2579650565262076,0.2158273381294964,11,0.17985611510791366,2.2017543859649122,0.5420230506873203,728.1783320729575,711.3879016543856,853.9003953138242,0.2579650565262076,753.2440752243656,1421.114747854339,35.933596548663736,11,0.0789683164039923,2.2017543859649122,reticular,reticular,0.2579650565262076,True,853.9003953138242
308,370,1461,0,496,487,15.257519274963421,,932.64453125,732.64453125,1,15.257519274963421,15,867.6237817655403,1670.134468179351,0.42857142857142855,1.0,1,0.0,3.0,0.4216370213557839,835.8008091623038,801.0821561432857,853.9003953138242,0.42857142857142855,867.6237817655403,1670.134468179351,6.53893683212718,1,0.06554145414981935,3.0,thick,thick,0.42857142857142855,True,853.9003953138242
444,547,1462,0,480,490,35.311286977112644,,947.5,562.5,1,35.311286977112644,35,858.2179892397643,1428.6941553249035,0.5020408163265306,1.0,1,0.0,3.5142857142857142,0.26668649539604433,804.8454473268561,832.0628802245311,853.9003953138242,0.5020408163265306,858.2179892397643,1428.6941553249035,17.72770733953002,1,0.02831955687846098,3.5142857142857142,thick,thick,0.5020408163265306,True,853.9003953138242
308,532,1463,0,496,481,32.25576459882288,,935.27734375,752.72265625,1,32.25576459882288,32,684.4665661958685,1082.7746511790492,0.0625,0.09375,2,0.875,3.5,0.14285714285714285,624.2870906778525,712.0324966269236,853.9003953138242,0.0625,684.4665661958685,1082.7746511790492,2.01598528742643,2,0.06200442075625102,3.5,discontinuous,discontinuous,0.0625,True,853.9003953138242
241,586,1464,0,472,489,22.922898164430464,,937.5,866.5,1,22.922898164430464,23,550.5151176776402,740.6056433850367,0.0,0.0,0,1.0,,,542.6768507765918,552.6808878096489,853.9003953138242,0.0,550.5151176776402,740.6056433850367,0.0,0,0.0,,minimal,minimal,0.0,False,853.9003953138242
555,559,1465,0,486,471,27.73301378240351,,931.640625,497.359375,1,27.73301378240351,28,739.315944251872,1511.6226506387738,0.22448979591836735,0.5,5,0.1785714285714286,1.9130434782608696,0.5952636751685815,709.795815332537,688.6404698405888,853.9003953138242,0.22448979591836735,739.315944251872,1511.6226506387738,6.2257786042130325,5,0.18029053889456761,1.9130434782608696,discontinuous,discontinuous,0.22448979591836735,True,853.9003953138242
601,602,1466,0,474,497,42.92745748180027,,932.13671875,1006.86328125,1,42.92745748180027,43,619.0529449965627,946.0000710106356,0.006644518272425249,0.023255813953488372,1,0.9767441860465116,2.0,,589.5035057808268,631.2355205433716,853.9003953138242,0.006644518272425249,619.0529449965627,946.0000710106356,0.2852322756265799,1,0.02329511363266657,2.0,minimal,minimal,0.006644518272425249,False,853.9003953138242
596,602,1467,0,466,497,17.02635195739456,,940.1328125,985.8671875,1,17.02635195739456,17,563.0480835002625,711.5090210681008,0.0,0.0,0,1.0,,,570.4429782643683,552.8081136941648,853.9003953138242,0.0,563.0480835002625,711.5090210681008,0.0,0,0.0,,minimal,minimal,0.0,False,853.9003953138242
191,519,1468,0,488,485,23.13384510888888,,942.13671875,151.86328125,1,23.13384510888888,23,543.2470413171873,840.0970159668367,0.0,0.0,0,1.0,,,542.4709428119642,536.7329355876421,853.9003953138242,0.0,543.2470413171873,840.0970159668367,0.0,0,0.0,,minimal,minimal,0.0,False,853.9003953138242
444,542,1469,0,480,498,17.99372512546075,,936.50390625,629.50390625,1,17.99372512546075,18,643.0883352474405,1078.281906504715,0.1349206349206349,0.3333333333333333,1,0.6666666666666667,2.8333333333333335,0.3766543669078146,627.6628688660401,632.2705709524264,853.9003953138242,0.1349206349206349,643.0883352474405,1078.281906504715,2.4277248185145455,1,0.055574929206016414,2.8333333333333335,discontinuous,discontinuous,0.1349206349206349,True,853.9003953138242
506,542,1470,0,475,498,19.928969960511562,,933.8984375,647.828125,1,19.928969960511562,20,793.3023102720108,1354.1925385341074,0.37142857142857144,1.0,1,0.0,2.6,0.4282895663715401,773.1232418316501,751.6374411398979,853.9003953138242,0.37142857142857144,793.3023102720108,1354.1925385341074,7.402188842475724,1,0.05017820800480201,2.6,punctate,punctate,0.37142857142857144,True,853.9003953138242
189,439,1471,0,491,494,36.74124848766414,,946.75390625,283.24609375,1,36.74124848766414,37,849.60387452875,1677.5281723334388,0.3783783783783784,1.0,1,0.0,2.6486486486486487,0.5059002145404302,812.1170797392074,802.8450628546952,853.9003953138242,0.3783783783783784,849.60387452875,1677.5281723334388,13.902094022359403,1,0.027217365798980667,2.6486486486486487,punctate,punctate,0.3783783783783784,True,853.9003953138242
547,555,1472,0,490,486,39.02002535783822,,949.09765625,520.17578125,1,39.02002535783822,39,748.4317557562058,1438.1392244624474,0.23443223443223443,0.358974358974359,4,0.20512820512820518,2.064516129032258,0.6385255231782048,722.0824827976336,718.3389195940504,853.9003953138242,0.23443223443223443,748.4317557562058,1438.1392244624474,9.147551732240462,4,0.10251146592851951,2.064516129032258,discontinuous,discontinuous,0.23443223443223443,True,853.9003953138242
432,572,1473,0,499,477,37.924409822588075,,940.359375,340.640625,1,37.924409822588075,38,700.2616140111965,1345.4190428527238,0.22180451127819548,0.47368421052631576,2,0.26315789473684215,2.107142857142857,0.49675765727975746,628.2295358867412,704.162386509729,853.9003953138242,0.22180451127819548,700.2616140111965,1345.4190428527238,8.411805186213144,2,0.05273648316100583,2.107142857142857,punctate,punctate,0.22180451127819548,True,853.9003953138242
28,308,1474,0,492,496,26.896632056195887,,951.1328125,725.1328125,1,26.896632056195887,27,664.0715427172231,1154.246122424328,0.06878306878306878,0.07407407407407407,2,0.8518518518518519,3.25,0.5908573652206621,650.1573706649885,642.0004505090457,853.9003953138242,0.06878306878306878,664.0715427172231,1154.246122424328,1.8500328927542145,2,0.07435875227133806,3.25,discontinuous,discontinuous,0.06878306878306878,True,853.9003953138242
425,444,1475,0,500,480,71.14712381299367,,951.13671875,593.13671875,1,71.14712381299367,71,763.9110997725389,1321.8302183035644,0.2535211267605634,0.36619718309859156,5,0.16901408450704225,2.135593220338983,0.6534980587377429,747.228116723621,716.8509254321517,853.9003953138242,0.2535211267605634,763.9110997725389,1321.8302183035644,18.037298994843464,5,0.07027690976155589,2.135593220338983,discontinuous,discontinuous,0.2535211267605634,True,853.9003953138242
14,519,1476,0,495,485,69.33890311553455,,964.71484375,76.71484375,1,69.33890311553455,69,781.5880462885681,1930.5991985169549,0.3002070393374741,0.18840579710144928,5,0.42028985507246375,3.625,0.5186188554626405,769.778723459079,743.9294692456615,853.9003953138242,0.3002070393374741,781.5880462885681,1930.5991985169549,20.816026815222585,5,0.0721095918069089,3.625,discontinuous,discontinuous,0.3002070393374741,True,853.9003953138242
189,432,1477,0,491,499,36.23875696516403,,952.8671875,330.140625,1,36.23875696516403,36,985.6523422913283,1722.4499736512985,0.6428571428571429,0.8611111111111112,2,0.05555555555555558,4.764705882352941,0.34168771612587767,901.7762038068901,985.8339814525386,853.9003953138242,0.6428571428571429,985.6523422913283,1722.4499736512985,23.296343763319733,2,0.05518953097432621,4.764705882352941,thick,thick,0.6428571428571429,True,853.9003953138242
28,542,1478,0,492,498,19.536589454716747,,948.75,657.25,1,19.536589454716747,20,830.8776294327605,1328.8566323625528,0.44285714285714284,1.0,1,0.0,3.1,0.443475067253791,799.1519588594595,780.8303916335193,853.9003953138242,0.44285714285714284,830.8776294327605,1328.8566323625528,8.651918187088844,1,0.051186006765298976,3.1,thick,thick,0.44285714285714284,True,853.9003953138242
336,432,1479,0,483,499,39.39127168450526,,953.49609375,373.50390625,1,39.39127168450526,39,843.5440268537851,1554.5635835359426,0.43956043956043955,0.5641025641025641,4,0.20512820512820518,3.870967741935484,0.5320296566504122,829.4723983257218,804.8443434844716,853.9003953138242,0.43956043956043955,843.5440268537851,1554.5635835359426,17.314844696485828,4,0.10154533806466112,3.870967741935484,thick_to_reticular,thick_to_reticular,0.43956043956043955,True,853.9003953138242
425,542,1480,0,500,498,22.756684643798042,,952.46484375,622.53515625,1,22.756684643798042,23,866.4037573597204,1372.3312852394854,0.5341614906832298,1.0,1,0.0,3.739130434782609,0.41143734913846813,796.9300418598059,896.8874191746003,853.9003953138242,0.5341614906832298,866.4037573597204,1372.3312852394854,12.155744592339326,1,0.04394313212370913,3.739130434782609,thick,thick,0.5341614906832298,True,853.9003953138242
308,525,1481,0,496,493,26.688781938303197,,954.5,770.4921875,1,26.688781938303197,27,748.4480738011324,1092.8557672752065,0.26455026455026454,0.7777777777777778,1,0.2222222222222222,2.380952380952381,0.5099019513592784,748.3769488458291,704.2120026372935,853.9003953138242,0.26455026455026454,748.4480738011324,1092.8557672752065,7.060524322302433,1,0.03746892616949372,2.380952380952381,punctate,punctate,0.26455026455026454,True,853.9003953138242
241,449,1483,0,472,501,41.069491344750105,,948.83203125,838.83203125,1,41.069491344750105,41,588.787099709447,958.6484267625787,0.024390243902439025,0.12195121951219512,1,0.8780487804878049,1.4,0.3499271061118826,586.3373966988979,560.9438618547767,853.9003953138242,0.024390243902439025,588.787099709447,958.6484267625787,1.0016949108475637,1,0.02434897456132798,1.4,discontinuous,discontinuous,0.024390243902439025,False,853.9003953138242
602,604,1484,0,497,502,38.337959626392625,,952.13671875,1007.86328125,1,38.337959626392625,38,589.3289877872685,847.444150483695,0.0,0.0,0,1.0,,,617.6802087885268,554.6603260429239,853.9003953138242,0.0,589.3289877872685,847.444150483695,0.0,0,0.0,,minimal,minimal,0.0,False,853.9003953138242
449,586,1485,0,501,489,25.253938024359865,,959.64453125,860.35546875,1,25.253938024359865,25,630.4621219783069,1124.2483199772773,0.045714285714285714,0.08,1,0.92,4.0,0.25,616.9300396675195,630.8932110855087,853.9003953138242,0.045714285714285714,630.4621219783069,1124.2483199772773,1.154465738256451,1,0.03959778467165807,4.0,discontinuous,discontinuous,0.045714285714285714,False,853.9003953138242
596,604,1486,0,466,502,55.768942493717844,,969.13671875,975.13671875,1,55.768942493717844,56,533.4520272224944,661.9001296729436,0.0,0.0,0,1.0,,,529.2503291008844,533.5813427210394,853.9003953138242,0.0,533.4520272224944,661.9001296729436,0.0,0,0.0,,minimal,minimal,0.0,False,853.9003953138242
319,555,1487,0,503,486,69.2666005591441,,955.46484375,460.53515625,1,69.2666005591441,69,864.2122421997805,1742.053942633971,0.45962732919254656,0.5217391304347826,3,0.04347826086956519,3.3636363636363638,0.4063053075235921,792.8170442043801,815.1187923521176,853.9003953138242,0.45962732919254656,864.2122421997805,1742.053942633971,31.83682261724635,3,0.04331091717773005,3.3636363636363638,thick,thick,0.45962732919254656,True,853.9003953138242
191,279,1488,0,488,504,48.5990810205347,,948.64453125,178.35546875,1,48.5990810205347,49,729.1321444173417,1092.7513573438903,0.17201166180758018,0.32653061224489793,5,0.36734693877551017,1.903225806451613,0.3619348560010614,693.7724561169434,717.8902293405504,853.9003953138242,0.17201166180758018,729.1321444173417,1092.7513573438903,8.359608688663403,5,0.10288260384774224,1.903225806451613,discontinuous,discontinuous,0.17201166180758018,True,853.9003953138242
302,319,1489,0,484,503,34.55449800260331,,964.16796875,424.83203125,1,34.55449800260331,35,985.9129784467019,1851.9008559606439,0.6448979591836734,1.0,1,0.0,4.514285714285714,0.2918263767948988,886.5207598202588,968.576074693558,853.9003953138242,0.6448979591836734,985.9129784467019,1851.9008559606439,22.284125242495193,1,0.028939792438155542,4.514285714285714,thick,thick,0.6448979591836734,True,853.9003953138242
241,388,1490,0,472,505,7.400584351580372,,951.86328125,816.86328125,1,7.400584351580372,7,780.7567781164241,1250.166803180802,0.3469387755102041,0.42857142857142855,2,0.1428571428571429,2.8333333333333335,0.6253026948667441,842.6657248465937,696.5652748988898,853.9003953138242,0.3469387755102041,780.7567781164241,1250.166803180802,2.5675496729972718,2,0.2702489296771418,2.8333333333333335,punctate,punctate,0.3469387755102041,True,853.9003953138242
191,296,1491,0,488,506,36.041661727068096,,955.28125,217.71875,1,36.041661727068096,36,797.039619933339,1372.9304016350313,0.30158730158730157,0.5,3,0.11111111111111116,2.375,0.4042708288351899,741.0957180138147,768.9634643671088,853.9003953138242,0.30158730158730157,797.039619933339,1372.9304016350313,10.86970750498879,3,0.08323700562748838,2.375,discontinuous,discontinuous,0.30158730158730157,True,853.9003953138242
388,525,1492,0,505,493,51.1639499417886,,959.64453125,790.35546875,1,51.1639499417886,51,719.255053895927,1212.7362509962284,0.19607843137254902,0.23529411764705882,5,0.4117647058823529,2.3333333333333335,0.5569596768462265,666.7774356566606,715.5540560752308,853.9003953138242,0.19607843137254902,719.255053895927,1212.7362509962284,10.032147047409529,5,0.09772505847747706,2.3333333333333335,discontinuous,discontinuous,0.19607843137254902,True,853.9003953138242
388,449,1493,0,505,501,30.86225385078455,,967.46875,821.5390625,1,30.86225385078455,31,816.4362511395278,1328.0354517896646,0.37327188940092165,0.7096774193548387,3,0.16129032258064513,3.1153846153846154,0.5139421801604604,795.5745665312774,784.099852092707,853.9003953138242,0.37327188940092165,816.4362511395278,1328.0354517896646,11.520011806053219,3,0.09720612157830906,3.1153846153846154,discontinuous,discontinuous,0.37327188940092165,True,853.9003953138242
279,519,1494,0,504,485,3.8131291852998452,,954.90234375,151.90234375,1,3.8131291852998452,4,646.9069328313102,904.7813908249638,0.03571428571428571,0.25,1,0.75,1.0,,618.1873694923264,640.224739927511,853.9003953138242,0.03571428571428571,646.9069328313102,904.7813908249638,0.1361831851892802,1,0.26225180197281067,1.0,minimal,minimal,0.03571428571428571,False,853.9003953138242
390,519,1495,0,507,485,56.30335908551946,,958.64453125,122.64453125,1,56.30335908551946,56,647.2736660605821,1046.3788666247403,0.06377551020408163,0.07142857142857142,8,0.7142857142857143,1.5625,0.8148619514985345,623.3740477696675,633.8460375341245,853.9003953138242,0.06377551020408163,647.2736660605821,1046.3788666247403,3.5907754518826187,8,0.14208743723174241,1.5625,discontinuous,discontinuous,0.06377551020408163,True,853.9003953138242
279,296,1496,0,504,506,27.910673096144926,,968.609375,196.609375,1,27.910673096144926,28,753.6739263578663,1481.7252793190635,0.27040816326530615,0.6071428571428571,3,0.2142857142857143,2.409090909090909,0.4452990083473942,719.953049753485,687.6282360478845,853.9003953138242,0.27040816326530615,753.6739263578663,1481.7252793190635,7.547273847426945,3,0.10748576322992245,2.409090909090909,discontinuous,discontinuous,0.27040816326530615,True,853.9003953138242
12,28,1497,0,508,492,54.96515523282798,,959.859375,688.859375,1,54.96515523282798,55,649.7023519643341,1209.821567332642,0.08311688311688312,0.16363636363636364,3,0.6909090909090909,1.8823529411764706,0.8326820371546392,637.7689668853021,609.965546974695,853.9003953138242,0.08311688311688312,649.7023519643341,1209.821567332642,4.5685323829883,3,0.054580033246376565,1.8823529411764706,discontinuous,discontinuous,0.08311688311688312,True,853.9003953138242
12,542,1498,0,508,498,12.453131666948323,,961.1328125,659.1328125,1,12.453131666948323,12,829.5677196831673,1228.3321462222352,0.44047619047619047,1.0,1,0.0,3.0833333333333335,0.5988789136800091,772.8459745756413,841.9697630938205,853.9003953138242,0.44047619047619047,829.5677196831673,1228.3321462222352,5.485307996155809,1,0.08030108624436097,3.0833333333333335,thick,thick,0.44047619047619047,True,853.9003953138242
279,390,1499,0,504,507,44.568296898876376,,978.640625,146.640625,1,44.568296898876376,45,764.434655421764,1346.3874809454487,0.3333333333333333,0.6444444444444445,2,0.06666666666666665,2.5,0.42983939414844785,723.5324166641682,715.8428428272081,853.9003953138242,0.3333333333333333,764.434655421764,1346.3874809454487,14.856098966292125,2,0.04487494787018488,2.5,punctate,punctate,0.3333333333333333,True,853.9003953138242
586,595,1500,0,489,509,58.135222676508306,,960.13671875,900.13671875,1,58.135222676508306,58,578.7674264327997,923.7571784643433,0.0049261083743842365,0.034482758620689655,1,0.9655172413793104,1.0,0.0,570.9673428773024,568.2942320542596,853.9003953138242,0.0049261083743842365,578.7674264327997,923.7571784643433,0.28638040727343994,1,0.01720127581800916,1.0,minimal,minimal,0.0049261083743842365,False,853.9003953138242
12,308,1501,0,508,496,24.04698577597679,,970.640625,716.359375,1,24.04698577597679,24,633.4379947522577,862.0894932152644,0.005952380952380952,0.041666666666666664,1,0.9583333333333334,1.0,,616.6816078327513,625.4223712287529,853.9003953138242,0.005952380952380952,633.4379947522577,862.0894932152644,0.14313682009509993,1,0.04158525352474784,1.0,minimal,minimal,0.005952380952380952,False,853.9003953138242
595,596,1502,0,509,466,14.111065980768634,,964.72265625,936.27734375,1,14.111065980768634,14,609.5926107845066,697.0046886459941,0.0,0.0,0,1.0,,,597.3732536198175,608.2778171825632,853.9003953138242,0.0,609.5926107845066,697.0046886459941,0.0,0,0.0,,minimal,minimal,0.0,False,853.9003953138242
127,439,1503,0,510,494,48.565179912688905,,963.53515625,266.53515625,1,48.565179912688905,49,909.6630294938662,2081.7087554771847,0.577259475218659,1.0,1,0.0,4.040816326530612,0.2998145874677946,851.1037258966224,884.9329992059843,853.9003953138242,0.577259475218659,909.6630294938662,2081.7087554771847,28.034710270298554,1,0.020590884287833643,4.040816326530612,thick,thick,0.577259475218659,True,853.9003953138242
157,425,1504,0,511,500,23.23460489609467,,966.75,618.75,1,23.23460489609467,23,935.141107017659,1823.0139514802822,0.6273291925465838,1.0,1,0.0,4.391304347826087,0.2747413252576556,847.8967891086895,945.8745938929093,853.9003953138242,0.6273291925465838,935.141107017659,1823.0139514802822,14.575745928605972,1,0.04303925134393322,4.391304347826087,thick,thick,0.6273291925465838,True,853.9003953138242
157,542,1505,0,511,498,27.099973328114928,,965.1328125,639.8671875,1,27.099973328114928,27,807.7467330634801,1813.3557903341966,0.35978835978835977,1.0,1,0.0,2.5185185185185186,0.3308006435059409,749.0648839564019,770.875579510269,853.9003953138242,0.35978835978835977,807.7467330634801,1813.3557903341966,9.750254954030767,1,0.036900405321157556,2.5185185185185186,punctate,punctate,0.35978835978835977,True,853.9003953138242
127,191,1506,0,510,488,9.997424614802805,,965.46484375,242.46484375,1,9.997424614802805,10,878.5618611724716,1268.4140901958008,0.6142857142857143,1.0,1,0.0,4.3,0.34572252900740713,880.9965164990277,836.475797819242,853.9003953138242,0.6142857142857143,878.5618611724716,1268.4140901958008,6.1412751205217235,1,0.10002576048628946,4.3,thick,thick,0.6142857142857143,True,853.9003953138242
127,189,1508,0,510,491,16.485958249774285,,967.28125,298.71875,1,16.485958249774285,16,883.3185642998372,1447.5398008809009,0.5089285714285714,1.0,1,0.0,3.5625,0.3133433526226623,875.8142618727483,786.2259222778985,853.9003953138242,0.5089285714285714,883.3185642998372,1447.5398008809009,8.390175180688699,1,0.06065768121265813,3.5625,thick,thick,0.5089285714285714,True,853.9003953138242
547,561,1509,0,490,512,25.69432929342393,,963.49609375,545.50390625,1,25.69432929342393,26,739.249574231286,1244.7686621908433,0.24725274725274726,0.7307692307692307,2,0.07692307692307687,1.875,0.582459663203607,691.9776499387664,718.9436896986361,853.9003953138242,0.24725274725274726,739.249574231286,1244.7686621908433,6.352993506615807,2,0.07783818667381481,1.875,punctate,punctate,0.24725274725274726,True,853.9003953138242
555,561,1510,0,486,512,41.58745241475079,,968.5390625,514.46875,1,41.58745241475079,42,684.6753201412691,1019.556423110902,0.14285714285714285,0.23809523809523808,5,0.4285714285714286,1.75,0.5016977977548923,656.794426114415,663.1034647224851,853.9003953138242,0.14285714285714285,684.6753201412691,1019.556423110902,5.941064630678684,5,0.12022857159258289,1.75,discontinuous,discontinuous,0.14285714285714285,True,853.9003953138242
444,561,1511,0,480,512,7.200917881869507,,964.86328125,560.13671875,1,7.200917881869507,7,1044.6799840379542,1602.9662851529974,0.7959183673469388,1.0,1,0.0,5.571428571428571,0.13074409009212268,1062.5635191158153,924.7446184661138,853.9003953138242,0.7959183673469388,1044.6799840379542,1602.9662851529974,5.731342803936954,1,0.1388711850912511,5.571428571428571,thick,thick,0.7959183673469388,True,853.9003953138242
308,478,1512,0,496,513,32.847030893120646,,968.16796875,746.16796875,1,32.847030893120646,33,523.3914724374321,953.73535774713,0.008658008658008658,0.030303030303030304,1,0.9696969696969697,2.0,,521.1621310979251,523.532523853852,853.9003953138242,0.008658008658008658,523.3914724374321,953.73535774713,0.2843898778625164,1,0.030444151961675055,2.0,minimal,minimal,0.008658008658008658,False,853.9003953138242
12,157,1513,0,508,511,31.550454447844917,,980.86328125,657.13671875,1,31.550454447844917,32,662.8807404149201,1143.6836397961404,0.05357142857142857,0.0625,3,0.8125,2.0,0.7071067811865476,617.7005117698698,667.9975510135355,853.9003953138242,0.05357142857142857,662.8807404149201,1143.6836397961404,1.6902029168488348,3,0.09508579361223489,2.0,discontinuous,discontinuous,0.05357142857142857,True,853.9003953138242
478,525,1514,0,513,493,4.296470929563602,,965.86328125,765.13671875,1,4.296470929563602,4,825.2229545631419,995.8085803742249,0.5357142857142857,1.0,1,0.0,3.75,0.22110831935702666,896.4161198976412,715.8412673448693,853.9003953138242,0.5357142857142857,825.2229545631419,995.8085803742249,2.3016808551233585,1,0.23274916004181395,3.75,thick,thick,0.5357142857142857,True,853.9003953138242
191,227,1515,0,488,514,8.414212791279919,,965.8671875,235.1328125,1,8.414212791279919,8,781.6089915162421,1150.3955997866328,0.2857142857142857,0.625,2,0.125,2.2857142857142856,0.7288689868556626,759.4315359969244,759.8730824492425,853.9003953138242,0.2857142857142857,781.6089915162421,1150.3955997866328,2.404060797508548,2,0.23769306168162313,2.2857142857142856,punctate,punctate,0.2857142857142857,True,853.9003953138242
227,296,1516,0,514,506,53.52080946732754,,986.10546875,219.10546875,1,53.52080946732754,54,638.0273250195127,1342.3007121756025,0.1402116402116402,0.2037037037037037,4,0.7037037037037037,3.3125,0.3494388524047573,636.3097006381951,614.1865366502639,853.9003953138242,0.1402116402116402,638.0273250195127,1342.3007121756025,7.504240480868676,4,0.07473728517581281,3.3125,discontinuous,discontinuous,0.1402116402116402,True,853.9003953138242
55,336,1517,0,515,483,18.209981343972988,,971.42578125,384.49609375,1,18.209981343972988,18,820.17462093119,1182.9533201308636,0.3492063492063492,1.0,1,0.0,2.4444444444444446,0.36646626128629767,758.0870642741131,826.1330091124385,853.9003953138242,0.3492063492063492,820.17462093119,1182.9533201308636,6.359041104244535,1,0.054914938193002215,2.4444444444444446,punctate,punctate,0.3492063492063492,True,853.9003953138242
127,227,1518,0,510,514,55.63199133581632,,988.75390625,250.24609375,1,55.63199133581632,56,886.176965542917,1598.948984144907,0.5561224489795918,1.0,1,0.0,3.892857142857143,0.268887172289043,826.4065651843956,858.8619145557647,853.9003953138242,0.5561224489795918,886.176965542917,1598.948984144907,30.938199263285608,1,0.017975268833423763,3.892857142857143,thick,thick,0.5561224489795918,True,853.9003953138242
55,302,1519,0,515,484,58.90731717715426,,987.4609375,411.46875,1,58.90731717715426,59,713.050132875965,1419.201688693092,0.23002421307506055,0.288135593220339,3,0.5084745762711864,3.2758620689655173,0.4935035018834123,717.5222974299071,683.1674269642679,853.9003953138242,0.23002421307506055,713.050132875965,1419.201688693092,13.550109278037906,3,0.05092745933375278,3.2758620689655173,discontinuous,discontinuous,0.23002421307506055,True,853.9003953138242
425,561,1520,0,500,512,14.75709204783981,,974.50390625,564.49609375,1,14.75709204783981,15,794.073413514649,1303.2301539986076,0.37142857142857144,0.8,2,0.06666666666666665,2.7857142857142856,0.578487906291204,804.2131311994635,743.6334309132915,853.9003953138242,0.37142857142857144,794.073413514649,1303.2301539986076,5.4812056177690724,2,0.13552805617233826,2.7857142857142856,punctate,punctate,0.37142857142857144,True,853.9003953138242
388,478,1521,0,505,513,63.874158613397185,,984.35546875,790.64453125,1,63.874158613397185,64,650.9567878414847,1138.0535595258189,0.06696428571428571,0.1875,4,0.71875,1.6666666666666667,0.4898979485566356,628.8078533687963,627.7055141108568,853.9003953138242,0.06696428571428571,650.9567878414847,1138.0535595258189,4.277287407147133,4,0.06262313409418478,1.6666666666666667,discontinuous,discontinuous,0.06696428571428571,True,853.9003953138242
152,586,1522,0,516,489,17.337202018811606,,968.5078125,869.5,1,17.337202018811606,17,697.8744170701478,1156.1521116886863,0.10084033613445378,0.23529411764705882,2,0.7058823529411764,2.4,0.2041241452319315,691.5595407433043,662.0723328243542,853.9003953138242,0.10084033613445378,697.8744170701478,1156.1521116886863,1.748289279207893,2,0.11535886804744586,2.4,discontinuous,discontinuous,0.10084033613445378,True,853.9003953138242
189,423,1523,0,491,517,15.242597936912558,,974.83203125,323.83203125,1,15.242597936912558,15,858.3242585085837,1371.984949092584,0.5619047619047619,1.0,1,0.0,3.933333333333333,0.3003397482486331,813.2107131124266,832.8991948025018,853.9003953138242,0.5619047619047619,858.3242585085837,1371.984949092584,8.564888364550866,1,0.06560561422264698,3.933333333333333,thick,thick,0.5619047619047619,True,853.9003953138242
423,432,1524,0,517,499,48.19708894064227,,978.5,350.5,1,48.19708894064227,48,790.7958344112469,1573.8075320505368,0.28869047619047616,0.3333333333333333,5,0.125,2.3095238095238093,0.5043123632426808,796.8051136893349,737.9101762173385,853.9003953138242,0.28869047619047616,790.7958344112469,1573.8075320505368,13.914040557268748,5,0.10374070529773724,2.3095238095238093,discontinuous,discontinuous,0.28869047619047616,True,853.9003953138242
292,596,1525,0,518,466,14.9180053879142,,975.75,945.25,1,14.9180053879142,15,576.7785266754089,671.8381675761092,0.0,0.0,0,1.0,,,546.5716792770224,594.3309060525794,853.9003953138242,0.0,576.7785266754089,671.8381675761092,0.0,0,0.0,,minimal,minimal,0.0,False,853.9003953138242
292,595,1526,0,518,509,41.45350103278635,,979.75,920.75,1,41.45350103278635,41,586.0087809240963,697.8574949279424,0.0,0.0,0,1.0,,,582.8721328004052,581.3914106882972,853.9003953138242,0.0,586.0087809240963,697.8574949279424,0.0,0,0.0,,minimal,minimal,0.0,False,853.9003953138242
55,432,1527,0,515,499,23.27667172556968,,981.50390625,370.50390625,1,23.27667172556968,23,816.0621319671266,1379.4368664740005,0.2919254658385093,0.34782608695652173,4,0.26086956521739135,2.764705882352941,0.5340383148089843,779.7052825063898,810.4360523504616,853.9003953138242,0.2919254658385093,816.0621319671266,1379.4368664740005,6.795053236656988,4,0.17184587415072558,2.764705882352941,discontinuous,discontinuous,0.2919254658385093,True,853.9003953138242
152,449,1528,0,516,501,15.246222682350293,,978.390625,860.609375,1,15.246222682350293,15,767.4586314191732,1139.925896117155,0.2571428571428571,0.4,3,0.19999999999999996,2.25,0.44905020936970896,688.5927544520124,787.7773630563829,853.9003953138242,0.2571428571428571,767.4586314191732,1139.925896117155,3.9204572611757893,3,0.19677005003166678,2.25,discontinuous,discontinuous,0.2571428571428571,True,853.9003953138242
152,595,1529,0,516,509,20.14834263778507,,978.75390625,883.24609375,1,20.14834263778507,20,566.8141063813376,914.0076881669455,0.014285714285714285,0.05,1,0.95,2.0,,571.7183643461528,561.3049249879182,853.9003953138242,0.014285714285714285,566.8141063813376,914.0076881669455,0.2878334662540724,1,0.049631873845775096,2.0,minimal,minimal,0.014285714285714285,False,853.9003953138242
189,412,1530,0,491,519,15.024768945127985,,974.28125,312.71875,1,15.024768945127985,15,885.6053753564603,1406.4422123524116,0.5333333333333333,1.0,1,0.0,3.7333333333333334,0.2672612419124244,887.3950533131205,793.7027309454328,853.9003953138242,0.5333333333333333,885.6053753564603,1406.4422123524116,8.013210104068259,1,0.06655676394439766,3.7333333333333334,thick,thick,0.5333333333333333,True,853.9003953138242
243,555,1531,0,520,486,12.4916795969881,,973.8671875,490.1328125,1,12.4916795969881,12,858.0336889592767,1490.5523402194906,0.47619047619047616,1.0,1,0.0,3.3333333333333335,0.3937003937005905,816.1264973190906,799.520371749014,853.9003953138242,0.47619047619047616,858.0336889592767,1490.5523402194906,5.948418855708619,1,0.08005328604818783,3.3333333333333335,thick,thick,0.47619047619047616,True,853.9003953138242
127,412,1532,0,510,519,30.596351440196965,,987.28125,299.28125,1,30.596351440196965,31,844.9234302339738,1522.8405536065616,0.4700460829493088,0.8064516129032258,2,0.032258064516129004,3.4,0.3610186792063131,821.9679503120034,803.2356810305721,853.9003953138242,0.4700460829493088,844.9234302339738,1522.8405536065616,14.381695147005026,2,0.06536727112411299,3.4,thick,thick,0.4700460829493088,True,853.9003953138242
243,319,1533,0,520,503,48.64220448490279,,974.8984375,462.828125,1,48.64220448490279,49,778.9196107105378,1526.868447494243,0.2653061224489796,0.3673469387755102,3,0.3877551020408163,3.033333333333333,0.38524281632874957,787.3918983160789,739.9701669396659,853.9003953138242,0.2653061224489796,778.9196107105378,1526.868447494243,12.905074659259926,3,0.061674836323076555,3.033333333333333,discontinuous,discontinuous,0.2653061224489796,True,853.9003953138242
104,519,1534,0,521,485,38.44464037980394,,977.28515625,88.28515625,1,38.44464037980394,38,695.9808022838367,1246.8902528973213,0.12030075187969924,0.23684210526315788,3,0.5789473684210527,2.0,0.39528470752104744,664.6271756337827,677.0296933632966,853.9003953138242,0.12030075187969924,695.9808022838367,1246.8902528973213,4.6249191434350605,3,0.078034284372601,2.0,discontinuous,discontinuous,0.12030075187969924,True,853.9003953138242
104,390,1535,0,521,507,28.291185021103296,,988.24609375,105.24609375,1,28.291185021103296,28,719.6329000439202,1352.6344042603848,0.14795918367346939,0.39285714285714285,3,0.3928571428571429,1.7058823529411764,0.5229569271759691,715.18951495209,669.8590485438096,853.9003953138242,0.14795918367346939,719.6329000439202,1352.6344042603848,4.185940640877528,3,0.10604009686275793,1.7058823529411764,discontinuous,discontinuous,0.14795918367346939,True,853.9003953138242
55,319,1536,0,515,503,1.0,,975.5,437.5,1,1.0,1,1109.857142857143,1508.75,1.0,1.0,1,0.0,7.0,,1075.125,1011.625,853.9003953138242,1.0,1109.857142857143,1508.75,1.0,1,1.0,7.0,thick,thick,1.0,True,853.9003953138242
425,577,1537,0,500,522,49.34283004367509,,976.171875,589.828125,1,49.34283004367509,49,831.3712817080215,1572.4194900001748,0.41690962099125367,1.0,1,0.0,2.9183673469387754,0.45834880022864166,762.6015209101348,803.997607471313,853.9003953138242,0.41690962099125367,831.3712817080215,1572.4194900001748,20.571500572144426,1,0.020266368976300395,2.9183673469387754,thick,thick,0.41690962099125367,True,853.9003953138242
55,243,1538,0,515,520,46.0727728437163,,996.13671875,446.86328125,1,46.0727728437163,46,851.2185603301791,1509.0882497039693,0.4813664596273292,0.8913043478260869,2,0.04347826086956519,3.522727272727273,0.4860167475264311,806.8207111394062,847.9238831052419,853.9003953138242,0.4813664596273292,851.2185603301791,1509.0882497039693,22.177887548993873,2,0.04340958610813833,3.522727272727273,thick,thick,0.4813664596273292,True,853.9003953138242
243,561,1539,0,520,512,19.110821175843462,,984.16796875,494.16796875,1,19.110821175843462,19,792.7671499863299,1262.601784543051,0.3233082706766917,0.7368421052631579,3,0.1578947368421053,2.6875,0.36549380570934215,744.413993385628,776.9401621854354,853.9003953138242,0.3233082706766917,792.7671499863299,1262.601784543051,6.178686545573449,3,0.15697912572129932,2.6875,discontinuous,discontinuous,0.3233082706766917,True,853.9003953138242
157,577,1540,0,511,522,44.22454529563447,,996.46484375,621.46484375,1,44.22454529563447,44,860.0233805237633,1730.5417091072634,0.487012987012987,1.0,1,0.0,3.409090909090909,0.3971006029822782,826.6112304375783,810.7740860943392,853.9003953138242,0.487012987012987,860.0233805237633,1730.5417091072634,21.537927903718085,1,0.022611877483762685,3.409090909090909,thick,thick,0.487012987012987,True,853.9003953138242
308,565,1541,0,496,523,15.968367445879483,,977.53515625,727.53515625,1,15.968367445879483,16,594.650638169109,775.8254418654452,0.0,0.0,0,1.0,,,575.6281925002432,593.1833566887067,853.9003953138242,0.0,594.650638169109,775.8254418654452,0.0,0,0.0,,minimal,minimal,0.0,False,853.9003953138242
478,565,1542,0,513,523,50.86905032071151,,999.1328125,749.8671875,1,50.86905032071151,51,580.814144650602,762.0169738982012,0.0,0.0,0,1.0,,,567.8211461520974,574.6140251159798,853.9003953138242,0.0,580.814144650602,762.0169738982012,0.0,0,0.0,,minimal,minimal,0.0,False,853.9003953138242
412,423,1543,0,519,517,74.61078180385407,,1009.86328125,334.13671875,1,74.61078180385407,75,758.2614655326336,1627.945654834589,0.26476190476190475,0.25333333333333335,9,0.24,2.43859649122807,0.46734911565213566,745.3987154770128,715.817199022248,853.9003953138242,0.26476190476190475,758.2614655326336,1627.945654834589,19.754092706163267,9,0.12062599777684006,2.43859649122807,reticular,reticular,0.26476190476190475,True,853.9003953138242
12,565,1544,0,508,523,12.166816201889503,,985.13671875,717.13671875,1,12.166816201889503,12,560.9180410836395,744.9060715686674,0.0,0.0,0,1.0,,,565.9814521385794,539.2404665917283,853.9003953138242,0.0,560.9180410836395,744.9060715686674,0.0,0,0.0,,minimal,minimal,0.0,False,853.9003953138242
449,478,1545,0,501,513,6.414341516820876,,983.171875,821.828125,1,6.414341516820876,6,816.4575742848314,1296.1210624259356,0.35714285714285715,1.0,1,0.0,2.5,0.5537749241945383,781.3547502065895,780.7243645704708,853.9003953138242,0.35714285714285715,816.4575742848314,1296.1210624259356,2.2908362560074558,1,0.15590064816125154,2.5,punctate,punctate,0.35714285714285715,True,853.9003953138242
292,604,1546,0,518,502,8.178132521123993,,984.50390625,951.49609375,1,8.178132521123993,8,571.0086890709921,635.3164473349534,0.0,0.0,0,1.0,,,549.3940262586111,584.6347982426428,853.9003953138242,0.0,571.0086890709921,635.3164473349534,0.0,0,0.0,,minimal,minimal,0.0,False,853.9003953138242
32,175,1547,0,478,524,13.41421279127992,,981.53515625,7.46484375,1,13.41421279127992,13,799.3190478103029,1268.6291640505244,0.4065934065934066,1.0,1,0.0,2.8461538461538463,0.2702702702702703,777.750111661622,734.705028449853,853.9003953138242,0.4065934065934066,799.3190478103029,1268.6291640505244,5.454130475575353,1,0.07454779609952682,2.8461538461538463,thick,thick,0.4065934065934066,True,853.9003953138242
227,279,1548,0,514,504,8.305279817148973,,984.83203125,192.83203125,1,8.305279817148973,8,706.5874088593221,1062.172815668757,0.23214285714285715,1.0,1,0.0,1.625,0.42828956637154014,651.5508916563672,684.4539420161298,853.9003953138242,0.23214285714285715,706.5874088593221,1062.172815668757,1.9280113861238688,1,0.12040533516223886,1.625,punctate,punctate,0.23214285714285715,True,853.9003953138242
561,577,1550,0,512,522,7.299349422465039,,985.390625,565.390625,1,7.299349422465039,7,847.1608573682836,1498.6938102148295,0.40816326530612246,1.0,1,0.0,2.857142857142857,0.3937003937005905,838.8316794227856,763.569824600156,853.9003953138242,0.40816326530612246,847.1608573682836,1498.6938102148295,2.9793262948836894,1,0.1369985107059436,2.857142857142857,thick,thick,0.40816326530612246,True,853.9003953138242
603,604,1551,0,525,502,25.03143112572591,,989.75,1012.75,1,25.03143112572591,25,489.58410416379286,516.7181006783875,0.0,0.0,0,1.0,,,488.5869782918609,490.2036932431573,853.9003953138242,0.0,489.58410416379286,516.7181006783875,0.0,0,0.0,,minimal,minimal,0.0,False,853.9003953138242
14,175,1552,0,495,524,17.609030054349475,,991.35546875,15.35546875,1,17.609030054349475,18,790.5378482108054,1236.69829962458,0.3412698412698413,1.0,1,0.0,2.388888888888889,0.48615220838062495,770.2990066978332,751.0117401916215,853.9003953138242,0.3412698412698413,790.5378482108054,1236.69829962458,6.00943089156371,1,0.056789044990754475,2.388888888888889,punctate,punctate,0.3412698412698413,True,853.9003953138242
152,599,1554,0,516,526,22.61202013283076,,986.359375,874.640625,1,22.61202013283076,23,580.0572374452123,906.7276832512191,0.006211180124223602,0.043478260869565216,1,0.9565217391304348,1.0,,598.1330297000385,550.3130187785948,853.9003953138242,0.006211180124223602,580.0572374452123,906.7276832512191,0.14044733001758236,1,0.044224266302862685,1.0,minimal,minimal,0.006211180124223602,False,853.9003953138242
449,599,1555,0,501,526,16.25484079139821,,991.16796875,858.16796875,1,16.25484079139821,16,664.6572876469885,886.8439920865682,0.008928571428571428,0.0625,1,0.9375,1.0,,615.7154465648484,687.9279454739819,853.9003953138242,0.008928571428571428,664.6572876469885,886.8439920865682,0.14513250706605543,1,0.061520135006747245,1.0,minimal,minimal,0.008928571428571428,False,853.9003953138242
449,483,1556,0,501,527,30.718137044395785,,990.16796875,837.83203125,1,30.718137044395785,31,716.7163167861492,1108.5426799846196,0.12442396313364056,0.1935483870967742,4,0.6451612903225806,2.4545454545454546,0.531581484978049,751.2085598451304,665.0248891851959,853.9003953138242,0.12442396313364056,716.7163167861492,1108.5426799846196,3.8220723511460193,4,0.13021623004738042,2.4545454545454546,discontinuous,discontinuous,0.12442396313364056,True,853.9003953138242
478,483,1557,0,513,527,69.31864124872429,,1011.86328125,805.86328125,1,69.31864124872429,69,589.2838222030292,893.495187937852,0.002070393374741201,0.014492753623188406,1,0.9855072463768116,1.0,,576.1023774994122,578.6106855296671,853.9003953138242,0.002070393374741201,589.2838222030292,893.495187937852,0.1435168555874209,1,0.014426133893938719,1.0,minimal,minimal,0.002070393374741201,False,853.9003953138242
492,561,1558,0,528,512,60.57064371355665,,988.13671875,519.13671875,1,60.57064371355665,61,742.2105312960686,1448.0441018980803,0.30210772833723654,1.0,1,0.0,2.1147540983606556,0.45386918351331623,685.6831098283519,704.8744578706575,853.9003953138242,0.30210772833723654,742.2105312960686,1448.0441018980803,18.298859576226715,1,0.016509647887004122,2.1147540983606556,punctate,punctate,0.30210772833723654,True,853.9003953138242
279,514,1559,0,504,529,40.45209895298083,,996.5,173.5,1,40.45209895298083,40,846.4337015319678,1656.2019272609455,0.4357142857142857,1.0,1,0.0,3.05,0.28346912239000954,793.6714954486048,809.8548145064428,853.9003953138242,0.4357142857142857,846.4337015319678,1656.2019272609455,17.62555740094165,1,0.02472059610954531,3.05,thick,thick,0.4357142857142857,True,853.9003953138242
387,561,1560,0,530,512,15.94209100692465,,990.1328125,556.1328125,1,15.94209100692465,16,730.2564347188169,1217.4756765558027,0.16964285714285715,0.1875,4,0.5,2.375,0.46779970617450467,701.5176558975807,713.3905150870551,853.9003953138242,0.16964285714285715,730.2564347188169,1217.4756765558027,2.7044618672461462,4,0.2509081147675389,2.375,discontinuous,discontinuous,0.16964285714285715,True,853.9003953138242
387,577,1561,0,530,522,66.88067765303667,,1007.5,589.5,1,66.88067765303667,67,693.3868327959598,1356.725395840797,0.1791044776119403,0.43283582089552236,4,0.32835820895522383,1.8666666666666667,0.5125964319431187,656.4000766809681,644.3157631337774,853.9003953138242,0.1791044776119403,693.3868327959598,1356.725395840797,11.978628833379702,4,0.059808006443223934,1.8666666666666667,discontinuous,discontinuous,0.1791044776119403,True,853.9003953138242
12,540,1562,0,508,531,49.63206136516584,,993.50390625,688.50390625,1,49.63206136516584,50,594.522995855511,898.7190170790414,0.002857142857142857,0.02,1,0.98,1.0,,577.3415688292378,581.878514277751,853.9003953138242,0.002857142857142857,594.522995855511,898.7190170790414,0.14180588961475954,1,0.020148266513505077,1.0,minimal,minimal,0.002857142857142857,False,853.9003953138242
595,599,1563,0,509,526,24.183929366489583,,992.390625,896.609375,1,24.183929366489583,24,510.8440101030612,589.9298474805685,0.0,0.0,0,1.0,,,520.351693359035,498.1258564877073,853.9003953138242,0.0,510.8440101030612,589.9298474805685,0.0,0,0.0,,minimal,minimal,0.0,False,853.9003953138242
604,605,1564,0,502,532,58.76172521657715,,989.5,983.5,1,58.76172521657715,59,503.0433964156422,577.5711795433538,0.0,0.0,0,1.0,,,502.64285285435955,501.8557956909178,853.9003953138242,0.0,503.0433964156422,577.5711795433538,0.0,0,0.0,,minimal,minimal,0.0,False,853.9003953138242
227,514,1565,0,514,529,37.47843117768156,,1007.38671875,195.60546875,1,37.47843117768156,37,800.6337447989176,1388.4491886145365,0.38223938223938225,0.8378378378378378,2,0.027027027027026973,2.75,0.41438770700537403,758.8276015357715,768.3792395010532,853.9003953138242,0.38223938223938225,800.6337447989176,1388.4491886145365,14.325732380658202,2,0.053364026645571064,2.75,punctate,punctate,0.38223938223938225,True,853.9003953138242
540,565,1566,0,531,523,36.96911045348651,,1006.5,713.5,1,36.96911045348651,37,567.8931376898789,752.6127547437746,0.0,0.0,0,1.0,,,556.335823204613,563.5588490462878,853.9003953138242,0.0,567.8931376898789,752.6127547437746,0.0,0,0.0,,minimal,minimal,0.0,False,853.9003953138242
292,605,1567,0,518,532,33.469555482806754,,1001.24609375,941.24609375,1,33.469555482806754,33,567.4366157511789,752.8401187501332,0.0,0.0,0,1.0,,,559.3434859461063,565.0677394696195,853.9003953138242,0.0,567.4366157511789,752.8401187501332,0.0,0,0.0,,minimal,minimal,0.0,False,853.9003953138242
519,583,1568,0,485,533,20.49123182807169,,990.93359375,67.86328125,1,20.49123182807169,20,860.6171892645948,1272.7254250210913,0.4642857142857143,0.65,1,0.35,5.0,0.22188007849009167,836.3529718917886,858.9588301864578,853.9003953138242,0.4642857142857143,860.6171892645948,1272.7254250210913,9.513786205890428,1,0.04880136091330846,5.0,thick,thick,0.4642857142857143,True,853.9003953138242
14,504,1569,0,495,534,45.01217660492314,,994.24609375,36.24609375,1,45.01217660492314,45,722.8694464380198,1389.2286402055306,0.1492063492063492,0.13333333333333333,8,0.5555555555555556,2.35,0.7762313339129658,691.132054178895,714.9455913992722,853.9003953138242,0.1492063492063492,722.8694464380198,1389.2286402055306,6.716102541052024,8,0.1777296856852066,2.35,discontinuous,discontinuous,0.1492063492063492,True,853.9003953138242
504,519,1570,0,534,485,3.6124035556762317,,993.27734375,58.72265625,1,3.6124035556762317,4,1007.313260551725,1440.087790831428,0.6785714285714286,1.0,1,0.0,4.75,0.17455919949238946,979.4895162634905,932.5228352074047,853.9003953138242,0.6785714285714286,1007.313260551725,1440.087790831428,2.4512738413517288,1,0.27682399947499853,4.75,thick,thick,0.6785714285714286,True,853.9003953138242
157,540,1571,0,511,531,20.675305642618696,,998.75390625,657.75390625,1,20.675305642618696,21,707.5485619321832,994.8662151395206,0.08843537414965986,0.19047619047619047,4,0.6190476190476191,1.625,0.42828956637154014,665.9185778473834,708.5666907639779,853.9003953138242,0.08843537414965986,707.5485619321832,994.8662151395206,1.828428390163558,4,0.19346751478027327,1.625,discontinuous,discontinuous,0.08843537414965986,True,853.9003953138242
104,583,1572,0,521,533,20.40542411409986,,997.390625,86.609375,1,20.40542411409986,20,698.2410446042345,1015.6347565670477,0.12142857142857143,0.4,2,0.35,1.3076923076923077,0.35294117647058826,670.3898106941112,673.5746993524037,853.9003953138242,0.12142857142857143,698.2410446042345,1015.6347565670477,2.4778014995692685,2,0.09801315516975843,1.3076923076923077,discontinuous,discontinuous,0.12142857142857143,True,853.9003953138242
55,423,1573,0,515,517,20.87378669766298,,1002.140625,369.140625,1,20.87378669766298,21,905.5524238037976,1545.2498061805634,0.6054421768707483,1.0,1,0.0,4.238095238095238,0.308119307883193,840.0013618405355,877.800140375253,853.9003953138242,0.6054421768707483,905.5524238037976,1545.2498061805634,12.637870857768743,1,0.047906976078852026,4.238095238095238,thick,thick,0.6054421768707483,True,853.9003953138242
387,492,1574,0,530,528,47.084039998722275,,1013.75,543.75,1,47.084039998722275,47,728.6812872837083,1138.9206272940987,0.2613981762917933,0.2765957446808511,5,0.19148936170212771,2.263157894736842,0.38844867647651316,692.0869988752037,695.9399389676098,853.9003953138242,0.2613981762917933,728.6812872837083,1138.9206272940987,12.307682188115852,5,0.10619309643216014,2.263157894736842,discontinuous,discontinuous,0.2613981762917933,True,853.9003953138242
243,492,1575,0,520,528,10.408106828489116,,997.72265625,488.72265625,1,10.408106828489116,10,854.9451718658045,1334.1475207537014,0.4714285714285714,1.0,1,0.0,3.3,0.42961960238660074,841.0413287872564,792.5495966893303,853.9003953138242,0.4714285714285714,854.9451718658045,1334.1475207537014,4.906678933430583,1,0.0960789523472987,3.3,thick,thick,0.4714285714285714,True,853.9003953138242
504,583,1576,0,534,533,54.831493112762196,,1015.13671875,72.86328125,1,54.831493112762196,55,606.1353321007872,1499.930293833433,0.13766233766233765,0.21818181818181817,1,0.7818181818181819,4.416666666666667,0.19517132892053962,599.6636839363877,596.3657713935555,853.9003953138242,0.13766233766233765,606.1353321007872,1499.930293833433,7.548231519419211,1,0.018237694128508914,4.416666666666667,discontinuous,discontinuous,0.13766233766233765,True,853.9003953138242
483,599,1577,0,527,526,28.248498537518124,,1009.46484375,852.53515625,1,28.248498537518124,28,538.8647562172157,657.8632023569231,0.0,0.0,0,1.0,,,529.5058632717647,539.7557659658413,853.9003953138242,0.0,538.8647562172157,657.8632023569231,0.0,0,0.0,,minimal,minimal,0.0,False,853.9003953138242
292,599,1578,0,518,526,33.020333614881174,,1006.75,920.25,1,33.020333614881174,33,538.8060017306187,781.1990610693952,0.0,0.0,0,1.0,,,532.7772160151453,540.4687263440638,853.9003953138242,0.0,538.8060017306187,781.1990610693952,0.0,0,0.0,,minimal,minimal,0.0,False,853.9003953138242
390,583,1579,0,507,533,26.37831400363437,,1004.49609375,107.50390625,1,26.37831400363437,26,754.8479357639284,1469.6071013208307,0.25824175824175827,0.38461538461538464,4,0.3076923076923077,2.611111111111111,0.3162993350493299,745.6531121008034,698.6318392982089,853.9003953138242,0.25824175824175827,754.8479357639284,1469.6071013208307,6.811982187751734,4,0.15163971432931178,2.611111111111111,discontinuous,discontinuous,0.25824175824175827,True,853.9003953138242
34,390,1580,0,535,507,22.533744168870587,,1005.72265625,138.72265625,1,22.533744168870587,23,949.0515715671598,1537.996243457621,0.5962732919254659,1.0,1,0.0,4.173913043478261,0.3715115520859793,930.5655027520704,889.7808769151176,853.9003953138242,0.5962732919254659,949.0515715671598,1537.996243457621,13.436269814978736,1,0.04437788911180848,4.173913043478261,thick,thick,0.5962732919254659,True,853.9003953138242
34,279,1581,0,535,504,12.504769637093105,,1001.83203125,152.16796875,1,12.504769637093105,13,933.4871148349858,1372.6160842766046,0.5714285714285714,1.0,1,0.0,4.0,0.32522181779399545,842.6971748141885,926.1416259626138,853.9003953138242,0.5714285714285714,933.4871148349858,1372.6160842766046,7.145582649767488,1,0.07996948596587365,4.0,thick,thick,0.5714285714285714,True,853.9003953138242
175,504,1582,0,524,534,22.293748395217225,,1007.25,9.25,1,22.293748395217225,22,729.0459942938174,1154.8166960176034,0.23376623376623376,0.4090909090909091,2,0.31818181818181823,2.4,0.5000000000000001,689.9889628196145,711.4147326496487,853.9003953138242,0.23376623376623376,729.0459942938174,1154.8166960176034,5.211525598881948,2,0.08971124839773775,2.4,punctate,punctate,0.23376623376623376,True,853.9003953138242
603,605,1583,0,525,532,24.30239722871178,,1012.49609375,1006.50390625,1,24.30239722871178,24,503.03650781912194,574.4991014416793,0.0,0.0,0,1.0,,,505.38835217894194,498.0209888147453,853.9003953138242,0.0,503.03650781912194,574.4991014416793,0.0,0,0.0,,minimal,minimal,0.0,False,853.9003953138242
412,588,1584,0,519,536,24.670711804111022,,1011.5,296.5,1,24.670711804111022,25,795.7863070268523,1420.3071328267429,0.38857142857142857,1.0,1,0.0,2.72,0.36794105891755297,740.6690076933857,738.0447140491917,853.9003953138242,0.38857142857142857,795.7863070268523,1420.3071328267429,9.586333729597426,1,0.040533893303936384,2.72,punctate,punctate,0.38857142857142857,True,853.9003953138242
127,588,1585,0,510,536,43.26315118665765,,1007.171875,274.171875,1,43.26315118665765,43,810.7216001217821,1618.298339668019,0.3754152823920266,0.6744186046511628,2,0.06976744186046513,2.825,0.3703093089010208,797.2313569518568,737.7140686146231,853.9003953138242,0.3754152823920266,810.7216001217821,1618.298339668019,16.241648119908024,2,0.046228717630185004,2.825,punctate,punctate,0.3754152823920266,True,853.9003953138242
74,243,1586,0,537,520,19.412977168622533,,1004.49609375,477.49609375,1,19.412977168622533,19,727.7222406257349,1131.339259165134,0.21052631578947367,0.2631578947368421,4,0.42105263157894735,2.5454545454545454,0.6348710298082564,727.5171050284547,687.7888336364003,853.9003953138242,0.21052631578947367,727.7222406257349,1131.339259165134,4.0869425618152695,4,0.20604773627742456,2.5454545454545454,discontinuous,discontinuous,0.21052631578947367,True,853.9003953138242
74,492,1587,0,537,528,32.40445051675937,,1015.13671875,495.86328125,1,32.40445051675937,32,796.1536200814944,1382.9639754022967,0.36607142857142855,0.59375,3,0.15625,3.037037037037037,0.46978927522581027,779.0273549847718,761.081212759113,853.9003953138242,0.36607142857142855,796.1536200814944,1382.9639754022967,11.862343492742268,3,0.09257987567011573,3.037037037037037,discontinuous,discontinuous,0.36607142857142855,True,853.9003953138242
55,74,1588,0,515,537,21.354821610981546,,1013.35546875,469.64453125,1,21.354821610981546,21,774.7023997551773,1295.1183572216034,0.2585034013605442,0.38095238095238093,3,0.38095238095238093,2.923076923076923,0.454280960569265,734.9854558235618,751.2138953333003,853.9003953138242,0.2585034013605442,774.7023997551773,1295.1183572216034,5.520294021886386,3,0.14048349617012365,2.923076923076923,discontinuous,discontinuous,0.2585034013605442,True,853.9003953138242
34,514,1589,0,535,529,23.35745875053272,,1016.71875,157.28125,1,23.35745875053272,23,834.6507836613777,1428.6397025334995,0.4782608695652174,1.0,1,0.0,3.347826086956522,0.2584382953523688,773.3121447168127,800.8703046415993,853.9003953138242,0.4782608695652174,834.6507836613777,1428.6397025334995,11.170958532863477,1,0.042812876635271495,3.347826086956522,thick,thick,0.4782608695652174,True,853.9003953138242
157,387,1590,0,511,530,37.196289338208494,,1014.390625,640.390625,1,37.196289338208494,37,746.8462753204949,1113.4391206981913,0.2548262548262548,0.35135135135135137,4,0.2432432432432432,2.357142857142857,0.6232413273091858,683.0520125460569,761.8889060526639,853.9003953138242,0.2548262548262548,746.8462753204949,1113.4391206981913,9.478591105489423,4,0.10753760848642367,2.357142857142857,discontinuous,discontinuous,0.2548262548262548,True,853.9003953138242
387,540,1591,0,530,531,27.435243304797023,,1014.72265625,670.27734375,1,27.435243304797023,27,626.9387225883346,826.559744199039,0.0,0.0,0,1.0,,,612.1997884551508,607.9024413078718,853.9003953138242,0.0,626.9387225883346,826.559744199039,0.0,0,0.0,,minimal,minimal,0.0,False,853.9003953138242
390,593,1592,0,507,538,13.300477600493675,,1012.13671875,123.86328125,1,13.300477600493675,13,721.490939532807,1097.5781634150485,0.1978021978021978,0.38461538461538464,2,0.3076923076923077,2.0,0.6236095644623235,693.925467651585,704.7541974532119,853.9003953138242,0.1978021978021978,721.490939532807,1097.5781634150485,2.630863701196551,2,0.15037054007186673,2.0,punctate,punctate,0.1978021978021978,True,853.9003953138242
6,55,1593,0,539,515,39.311417991976505,,1012.79296875,445.50390625,1,39.311417991976505,39,790.7699603449291,1354.0680180246966,0.31868131868131866,0.7948717948717948,2,0.15384615384615385,2.6363636363636362,0.5349460357802343,774.9002227408998,753.9758981360402,853.9003953138242,0.31868131868131866,790.7699603449291,1354.0680180246966,12.52781452491559,2,0.050875804083388744,2.6363636363636362,punctate,punctate,0.31868131868131866,True,853.9003953138242
583,593,1595,0,533,538,19.67810304204372,,1018.86328125,110.86328125,1,19.67810304204372,20,668.5742513859955,1074.5182448742803,0.16428571428571428,0.55,2,0.09999999999999998,1.2777777777777777,0.4369511139617779,616.0128552135262,638.0736810245385,853.9003953138242,0.16428571428571428,668.5742513859955,1074.5182448742803,3.2328312140500395,2,0.10163581295040748,1.2777777777777777,punctate,punctate,0.16428571428571428,True,853.9003953138242
34,593,1596,0,535,538,11.93904700847924,,1017.828125,133.171875,1,11.93904700847924,12,693.7296800942635,1093.0049036600558,0.10714285714285714,0.25,1,0.75,3.0,0.7200822998230957,709.8771602414555,655.8315152520755,853.9003953138242,0.10714285714285714,693.7296800942635,1093.0049036600558,1.2791836080513472,1,0.08375877901224353,3.0,discontinuous,discontinuous,0.10714285714285714,True,853.9003953138242
55,412,1597,0,515,519,15.775003856585183,,1018.71875,374.28125,1,15.775003856585183,16,868.6515098531969,1907.324978140447,0.42857142857142855,0.625,2,0.0625,3.2,0.595119035711904,837.0211075798095,847.2156317456734,853.9003953138242,0.42857142857142855,868.6515098531969,1907.324978140447,6.7607159385365065,2,0.12678285331544384,3.2,thick,thick,0.42857142857142855,True,853.9003953138242
483,565,1598,0,527,523,10.129688755600807,,1018.50390625,770.49609375,1,10.129688755600807,10,583.8273178460915,657.7685274496101,0.0,0.0,0,1.0,,,578.8423704130918,574.6294705627143,853.9003953138242,0.0,583.8273178460915,657.7685274496101,0.0,0,0.0,,minimal,minimal,0.0,False,853.9003953138242
227,588,1599,0,514,536,10.102399055814299,,1018.75,253.3203125,1,10.102399055814299,10,1085.844744092932,1533.0920621513685,0.7285714285714285,1.0,1,0.0,5.1,0.18498002219718832,1110.2953947276478,971.5511631084731,853.9003953138242,0.7285714285714285,1085.844744092932,1533.0920621513685,7.360319312093274,1,0.0989863887256031,5.1,thick,thick,0.7285714285714285,True,853.9003953138242
599,605,1600,0,526,532,1.0,,1016.5,933.5,1,1.0,1,713.4821428571429,794.625,0.0,0.0,0,1.0,,,739.125,660.7916666666666,853.9003953138242,0.0,713.4821428571429,794.625,0.0,0,0.0,,minimal,minimal,0.0,False,853.9003953138242
597,605,1601,0,540,532,21.42769996870241,,1018.13671875,944.86328125,1,21.42769996870241,21,538.7799421677837,820.6412917020654,0.0,0.0,0,1.0,,,540.0287654463255,532.8313864245865,853.9003953138242,0.0,538.7799421677837,820.6412917020654,0.0,0,0.0,,minimal,minimal,0.0,False,853.9003953138242
597,599,1602,0,540,526,7.0,,1020.5,933.5,1,7.0,7,593.6326530612245,814.0,0.0,0.0,0,1.0,,,576.6964285714286,594.7619047619047,853.9003953138242,0.0,593.6326530612245,814.0,0.0,0,0.0,,minimal,minimal,0.0,False,853.9003953138242
