edge_id,face_left,face_right,kind_left,kind_right,label_left,label_right,arclength,tension,relative_tension,identifiable,setting,ablation_id,is_cut_edge,on_cable
0,0,39,cell,outer,33,-1,113.12448474893256,,,False,tension_only_r0.1,190216E4PSB1,False,False
1,39,1,outer,cell,-1,42,63.0,,,False,tension_only_r0.1,190216E4PSB1,False,False
2,39,2,outer,cell,-1,35,51.0,,,False,tension_only_r0.1,190216E4PSB1,False,False
3,39,3,outer,cell,-1,22,19.0,,,False,tension_only_r0.1,190216E4PSB1,False,False
4,39,4,outer,cell,-1,5,26.0,,,False,tension_only_r0.1,190216E4PSB1,False,False
5,39,5,outer,cell,-1,8,22.0,,,False,tension_only_r0.1,190216E4PSB1,False,False
6,39,6,outer,cell,-1,12,15.0,,,False,tension_only_r0.1,190216E4PSB1,False,False
7,39,7,outer,cell,-1,1,21.124484748932566,,,False,tension_only_r0.1,190216E4PSB1,False,False
8,1,0,cell,cell,42,33,8.650421786976802,1.0346464201695988,1.0083341677343625,True,tension_only_r0.1,190216E4PSB1,False,False
9,2,1,cell,cell,35,42,14.510813932991663,0.5666353946638019,0.5522252026866337,True,tension_only_r0.1,190216E4PSB1,False,False
10,3,2,cell,cell,22,35,43.04788157102255,0.8900477010811063,0.8674127609375846,True,tension_only_r0.1,190216E4PSB1,False,False
11,4,3,cell,cell,5,22,2.295888206165974,1.6701041382014008,1.6276314626855612,True,tension_only_r0.1,190216E4PSB1,False,False
12,5,4,cell,cell,8,5,41.173708028653394,1.2434964129074901,1.211872864146388,True,tension_only_r0.1,190216E4PSB1,False,False
13,6,5,cell,cell,12,8,34.16299571768979,0.987215301218226,0.9621092768729004,True,tension_only_r0.1,190216E4PSB1,False,False
14,7,6,cell,cell,1,12,18.622346241908524,,,False,tension_only_r0.1,190216E4PSB1,False,False
15,4,8,cell,cell,5,26,55.49209093782838,1.5928009060344563,1.552294140919682,True,tension_only_r0.1,190216E4PSB1,False,False
16,8,3,cell,cell,26,22,46.36839500383299,0.36382667685181935,0.3545741446075875,True,tension_only_r0.1,190216E4PSB1,False,False
17,9,1,cell,cell,6,42,47.248498537518124,0.6231107848556815,0.6072643585339691,True,tension_only_r0.1,190216E4PSB1,False,False
18,2,9,cell,cell,35,6,25.152899684594587,0.44450531056978665,0.43320102756787165,True,tension_only_r0.1,190216E4PSB1,False,False
19,39,6,outer,cell,-1,12,42.0,,,False,tension_only_r0.1,190216E4PSB1,False,False
20,9,0,cell,cell,6,33,51.756760762860736,0.8724166135304409,0.8502300522894091,True,tension_only_r0.1,190216E4PSB1,False,False
21,10,9,cell,cell,14,6,47.11177206276417,0.7112443064861764,0.6931565430043086,True,tension_only_r0.1,190216E4PSB1,False,False
22,2,10,cell,cell,35,14,16.0,0.7653012208050126,0.745838727610946,True,tension_only_r0.1,190216E4PSB1,False,False
23,3,10,cell,cell,22,14,38.59236584068177,0.26250884103941763,0.2558329382795373,True,tension_only_r0.1,190216E4PSB1,False,False
24,11,5,cell,cell,18,8,13.805927503500357,0.6874632758450524,0.66998029141543,True,tension_only_r0.1,190216E4PSB1,False,False
25,6,11,cell,cell,12,18,28.977088848283593,1.1863396254196994,1.1561696397227013,True,tension_only_r0.1,190216E4PSB1,False,False
26,12,3,cell,cell,41,22,40.868949583795924,0.18719149780831057,0.18243100200216367,True,tension_only_r0.1,190216E4PSB1,False,False
27,8,12,cell,cell,26,41,65.61279496613798,0.3465042018841168,0.33769220016825474,True,tension_only_r0.1,190216E4PSB1,False,False
28,11,4,cell,cell,18,5,4.0,1.2514302904448402,1.219604974022358,True,tension_only_r0.1,190216E4PSB1,False,False
29,13,4,cell,cell,32,5,15.8118321563196,0.7136177269107484,0.6954696046085832,True,tension_only_r0.1,190216E4PSB1,False,False
30,11,13,cell,cell,18,32,55.56682312902478,0.9209429677157969,0.8975223252889649,True,tension_only_r0.1,190216E4PSB1,False,False
31,13,8,cell,cell,32,26,17.280688142571567,1.7681607995994388,1.7231944300279636,True,tension_only_r0.1,190216E4PSB1,False,False
32,39,11,outer,cell,-1,18,44.0,,,False,tension_only_r0.1,190216E4PSB1,False,False
33,14,9,cell,cell,4,6,22.543152029485558,1.2217856136625027,1.1907141955802187,True,tension_only_r0.1,190216E4PSB1,False,False
34,10,14,cell,cell,14,4,38.69379514023123,0.6001399873567725,0.5848777349234991,True,tension_only_r0.1,190216E4PSB1,False,False
35,15,0,cell,cell,30,33,49.29420317481863,1.199415571672659,1.1689130495729536,True,tension_only_r0.1,190216E4PSB1,False,False
36,9,15,cell,cell,6,30,8.584383574728834,1.1366412071176395,1.1077351095494783,True,tension_only_r0.1,190216E4PSB1,False,False
37,10,12,cell,cell,14,41,1.0,0.4588043481974234,0.4471364241677091,True,tension_only_r0.1,190216E4PSB1,False,False
38,12,14,cell,cell,41,4,34.8730062683956,0.32075481045997795,0.31259764548253965,True,tension_only_r0.1,190216E4PSB1,False,False
39,14,15,cell,cell,4,30,59.53698612407007,0.676191156125382,0.6589948347081301,True,tension_only_r0.1,190216E4PSB1,False,False
40,13,16,cell,cell,32,39,40.80111045946502,0.6959380125056038,0.6782395057429529,True,tension_only_r0.1,190216E4PSB1,False,False
41,16,8,cell,cell,39,26,15.391155899266263,1.4109775051812843,1.3750947189723643,True,tension_only_r0.1,190216E4PSB1,False,False
42,15,39,cell,outer,30,-1,52.0,,,False,tension_only_r0.1,190216E4PSB1,False,False
43,17,8,cell,cell,31,26,72.27347849337315,0.8041883292435092,0.7837368920065663,True,tension_only_r0.1,190216E4PSB1,False,False
44,16,17,cell,cell,39,31,18.827074543136277,1.3809496192953814,1.3458304768763822,True,tension_only_r0.1,190216E4PSB1,False,False
45,17,12,cell,cell,31,41,12.31905339962282,1.1357425207431504,1.1068592778065662,True,tension_only_r0.1,190216E4PSB1,False,False
46,18,13,cell,cell,19,32,8.309910909188645,1.217344784600862,1.1863863019262824,True,tension_only_r0.1,190216E4PSB1,False,False
47,11,18,cell,cell,18,19,14.622073728306502,1.612413684165836,1.5714081434702556,True,tension_only_r0.1,190216E4PSB1,False,False
48,19,12,cell,cell,16,41,13.124249268759064,0.9774859127642751,0.9526273179949382,True,tension_only_r0.1,190216E4PSB1,False,False
49,17,19,cell,cell,31,16,44.87785301233781,0.5795461902658462,0.5648076618576051,True,tension_only_r0.1,190216E4PSB1,False,False
50,19,14,cell,cell,16,4,63.49728347676397,1.1647219076722934,1.1351016854842149,True,tension_only_r0.1,190216E4PSB1,False,False
51,18,16,cell,cell,19,39,22.377033859184017,0.9809194246622597,0.955973511723123,True,tension_only_r0.1,190216E4PSB1,False,False
52,39,18,outer,cell,-1,19,29.0,,,False,tension_only_r0.1,190216E4PSB1,False,False
53,20,17,cell,cell,27,31,102.2306703380237,0.3201294761715977,0.31198821416674166,True,tension_only_r0.1,190216E4PSB1,False,False
54,16,20,cell,cell,39,27,9.200319839519462,1.3749666150521924,1.339999627335417,True,tension_only_r0.1,190216E4PSB1,False,False
55,21,20,cell,cell,11,27,52.653536530821086,0.9340519728430131,0.9102979532881517,True,tension_only_r0.1,190216E4PSB1,False,False
56,16,21,cell,cell,39,11,11.232810638105507,1.5915031627508558,1.5510294007453647,True,tension_only_r0.1,190216E4PSB1,False,False
57,18,21,cell,cell,19,11,16.68516571373767,1.702000977979783,1.658717129019785,True,tension_only_r0.1,190216E4PSB1,False,False
58,22,15,cell,cell,36,30,38.4990867075001,1.320406757793711,1.28682729020848,True,tension_only_r0.1,190216E4PSB1,False,False
59,14,22,cell,cell,4,36,17.00375199693487,1.1389880055596082,1.1100222261988886,True,tension_only_r0.1,190216E4PSB1,False,False
60,23,18,cell,cell,20,19,20.21222165623158,1.1211487679951022,1.0926366610319274,True,tension_only_r0.1,190216E4PSB1,False,False
61,22,39,cell,outer,36,-1,103.0,,,False,tension_only_r0.1,190216E4PSB1,False,False
62,19,22,cell,cell,16,36,20.124249268759062,0.7699247200180891,0.750344645903568,True,tension_only_r0.1,190216E4PSB1,False,False
63,39,23,outer,cell,-1,20,45.0,,,False,tension_only_r0.1,190216E4PSB1,False,False
64,24,21,cell,cell,23,11,58.01350947200682,0.5791813775603736,0.5644521267602225,True,tension_only_r0.1,190216E4PSB1,False,False
65,18,24,cell,cell,19,23,8.558260258215824,1.8673548067544887,1.8198658191122927,True,tension_only_r0.1,190216E4PSB1,False,False
66,23,24,cell,cell,20,23,21.563893233592893,1.8483350175908075,1.8013297251356666,True,tension_only_r0.1,190216E4PSB1,False,False
67,20,19,cell,cell,27,16,16.907452250677427,0.8585519595431623,0.8367179924526816,True,tension_only_r0.1,190216E4PSB1,False,False
68,25,20,cell,cell,7,27,61.95186543855177,1.0175431282503618,0.9916658322656379,True,tension_only_r0.1,190216E4PSB1,False,False
69,21,25,cell,cell,11,7,16.48500289034194,0.4564675655510222,0.44485906860062674,True,tension_only_r0.1,190216E4PSB1,False,False
70,26,22,cell,cell,28,36,26.063970376199027,0.5064545900602989,0.4935748653921689,True,tension_only_r0.1,190216E4PSB1,False,False
71,19,26,cell,cell,16,28,19.97368066842926,0.5151141727136527,0.502014224865587,True,tension_only_r0.1,190216E4PSB1,False,True
72,24,25,cell,cell,23,7,42.970699810600706,0.6801435059192946,0.6628466716858163,True,tension_only_r0.1,190216E4PSB1,False,False
73,27,19,cell,cell,10,16,37.50245200070672,1.1791341592548408,1.149147416877442,True,tension_only_r0.1,190216E4PSB1,True,True
74,25,27,cell,cell,7,10,22.25602765682371,1.078172624195021,1.0507534501626683,True,tension_only_r0.1,190216E4PSB1,False,False
75,27,26,cell,cell,10,28,25.701376582300714,0.6041250028226807,0.5887614068474463,True,tension_only_r0.1,190216E4PSB1,False,False
76,28,24,cell,cell,9,23,69.307212902244,1.1164773730516195,1.0880840650525947,True,tension_only_r0.1,190216E4PSB1,False,False
77,23,28,cell,cell,20,9,21.123525228880915,1.6603453240881427,1.618120826476765,True,tension_only_r0.1,190216E4PSB1,False,False
78,29,26,cell,cell,24,28,4.135128242442549,0.4736004519287549,0.46155624590661565,True,tension_only_r0.1,190216E4PSB1,False,False
79,27,29,cell,cell,10,24,38.080615286389424,0.3788643161315329,0.3692293593671514,True,tension_only_r0.1,190216E4PSB1,False,False
80,29,22,cell,cell,24,36,85.46332225368705,0.5060741717076898,0.4932041215172651,True,tension_only_r0.1,190216E4PSB1,False,False
81,39,28,outer,cell,-1,9,34.0,,,False,tension_only_r0.1,190216E4PSB1,False,False
82,30,27,cell,cell,3,10,42.29355023592053,0.7066978218351954,0.6887256807045941,True,tension_only_r0.1,190216E4PSB1,False,False
83,25,30,cell,cell,7,3,27.43690049301407,1.0120426250506478,0.9863052132098113,True,tension_only_r0.1,190216E4PSB1,False,False
84,31,25,cell,cell,15,7,37.445016738932715,1.30591651660803,1.2727055525777262,True,tension_only_r0.1,190216E4PSB1,False,False
85,24,31,cell,cell,23,15,25.744368697883445,1.0404931415682386,1.014032200260784,True,tension_only_r0.1,190216E4PSB1,False,False
86,30,29,cell,cell,3,24,13.053018596174015,0.8980467552883274,0.8752083899654975,True,tension_only_r0.1,190216E4PSB1,False,False
87,31,30,cell,cell,15,3,29.168440676733255,1.2832107791889287,1.250577248263358,True,tension_only_r0.1,190216E4PSB1,False,False
88,28,31,cell,cell,9,15,1.0,1.0893066137899752,1.0616042895537243,True,tension_only_r0.1,190216E4PSB1,False,False
89,28,32,cell,cell,9,17,47.245912816350284,0.9165570805866612,0.8932479763307876,True,tension_only_r0.1,190216E4PSB1,False,False
90,32,31,cell,cell,17,15,70.66820597855966,1.1131174541647826,1.0848095927803585,True,tension_only_r0.1,190216E4PSB1,False,False
91,33,28,cell,cell,21,9,30.159771509410003,1.6412419994935887,1.599503321471672,True,tension_only_r0.1,190216E4PSB1,False,False
92,39,33,outer,cell,-1,21,98.12448474893256,,,False,tension_only_r0.1,190216E4PSB1,False,False
93,34,29,cell,cell,2,24,23.71197504215889,1.0956372344319234,1.067773915207283,True,tension_only_r0.1,190216E4PSB1,False,False
94,30,34,cell,cell,3,2,44.86324960352809,0.3439834724169616,0.33523557576034274,True,tension_only_r0.1,190216E4PSB1,False,False
95,33,32,cell,cell,21,17,33.76052027420084,1.2017472548382144,1.1711854353448727,True,tension_only_r0.1,190216E4PSB1,False,False
96,31,34,cell,cell,15,2,14.161637786593715,1.1995977361596246,1.1690905814067998,True,tension_only_r0.1,190216E4PSB1,False,False
97,35,29,cell,cell,37,24,55.63971873998001,1.1565438077887977,1.1271315641181918,True,tension_only_r0.1,190216E4PSB1,False,False
98,34,35,cell,cell,2,37,14.519307107755312,1.0354862758834085,1.0091526649481857,True,tension_only_r0.1,190216E4PSB1,False,False
99,22,35,cell,cell,36,37,2.0,1.43899898681337,1.4024035819900715,True,tension_only_r0.1,190216E4PSB1,False,False
100,35,39,cell,outer,37,-1,68.12448474893256,,,False,tension_only_r0.1,190216E4PSB1,False,False
101,36,34,cell,cell,38,2,44.42688850972403,1.6449157704004151,1.6030836641448476,True,tension_only_r0.1,190216E4PSB1,False,False
102,31,36,cell,cell,15,38,20.63609554421364,1.6460444959972094,1.6041836849471787,True,tension_only_r0.1,190216E4PSB1,False,False
103,36,35,cell,cell,38,37,32.699825818618706,1.4918380494561656,1.4538988862941773,True,tension_only_r0.1,190216E4PSB1,False,False
104,37,32,cell,cell,44,17,68.05928671711348,0.8298512566047952,0.8087471815103254,True,tension_only_r0.1,190216E4PSB1,False,False
105,33,37,cell,cell,21,44,16.648835703402344,0.920496439069449,0.8970871523813827,True,tension_only_r0.1,190216E4PSB1,False,False
106,31,38,cell,cell,15,13,13.0,1.550647270192504,1.511212520682012,True,tension_only_r0.1,190216E4PSB1,False,False
107,38,36,cell,cell,13,38,14.28859917432251,1.046230057295377,1.0196232196006452,True,tension_only_r0.1,190216E4PSB1,False,False
108,32,38,cell,cell,17,13,8.558260258215824,1.1676953621324753,1.1379995215661414,True,tension_only_r0.1,190216E4PSB1,False,False
109,37,38,cell,cell,44,13,8.309496615117991,0.9611210519595907,0.9366786344853821,True,tension_only_r0.1,190216E4PSB1,False,False
110,36,39,cell,outer,38,-1,80.0,,,False,tension_only_r0.1,190216E4PSB1,False,False
111,38,39,cell,outer,13,-1,22.0,,,False,tension_only_r0.1,190216E4PSB1,False,False
112,37,39,cell,outer,44,-1,69.0,,,False,tension_only_r0.1,190216E4PSB1,False,False
0,0,39,cell,outer,33,-1,113.12448474893256,,,False,pressure_curvature_r0.1,190216E4PSB1,False,False
1,39,1,outer,cell,-1,42,63.0,,,False,pressure_curvature_r0.1,190216E4PSB1,False,False
2,39,2,outer,cell,-1,35,51.0,,,False,pressure_curvature_r0.1,190216E4PSB1,False,False
3,39,3,outer,cell,-1,22,19.0,,,False,pressure_curvature_r0.1,190216E4PSB1,False,False
4,39,4,outer,cell,-1,5,26.0,,,False,pressure_curvature_r0.1,190216E4PSB1,False,False
5,39,5,outer,cell,-1,8,22.0,,,False,pressure_curvature_r0.1,190216E4PSB1,False,False
6,39,6,outer,cell,-1,12,15.0,,,False,pressure_curvature_r0.1,190216E4PSB1,False,False
7,39,7,outer,cell,-1,1,21.124484748932566,,,False,pressure_curvature_r0.1,190216E4PSB1,False,False
8,1,0,cell,cell,42,33,8.650421786976802,0.9274201271187843,0.9634253385726509,True,pressure_curvature_r0.1,190216E4PSB1,False,False
9,2,1,cell,cell,35,42,14.510813932991663,0.864738699322249,0.898310431066056,True,pressure_curvature_r0.1,190216E4PSB1,False,False
10,3,2,cell,cell,22,35,43.04788157102255,1.198094711050532,1.244608315998,True,pressure_curvature_r0.1,190216E4PSB1,False,False
11,4,3,cell,cell,5,22,2.295888206165974,0.8082121710466873,0.8395893746108681,True,pressure_curvature_r0.1,190216E4PSB1,False,False
12,5,4,cell,cell,8,5,41.173708028653394,1.2744224697456783,1.3238993456113182,True,pressure_curvature_r0.1,190216E4PSB1,False,False
13,6,5,cell,cell,12,8,34.16299571768979,1.1238312836285729,1.1674617611460556,True,pressure_curvature_r0.1,190216E4PSB1,False,False
14,7,6,cell,cell,1,12,18.622346241908524,,,False,pressure_curvature_r0.1,190216E4PSB1,False,False
15,4,8,cell,cell,5,26,55.49209093782838,1.1042914276934674,1.147163309808339,True,pressure_curvature_r0.1,190216E4PSB1,False,False
16,8,3,cell,cell,26,22,46.36839500383299,0.3708106317855704,0.38520660489029396,True,pressure_curvature_r0.1,190216E4PSB1,False,False
17,9,1,cell,cell,6,42,47.248498537518124,0.7774397121953145,0.80762223725781,True,pressure_curvature_r0.1,190216E4PSB1,False,False
18,2,9,cell,cell,35,6,25.152899684594587,0.5692804393974433,0.5913816015328105,True,pressure_curvature_r0.1,190216E4PSB1,False,False
19,39,6,outer,cell,-1,12,42.0,,,False,pressure_curvature_r0.1,190216E4PSB1,False,False
20,9,0,cell,cell,6,33,51.756760762860736,0.7725885471084528,0.8025827354941364,True,pressure_curvature_r0.1,190216E4PSB1,False,False
21,10,9,cell,cell,14,6,47.11177206276417,0.6986930871185505,0.7258184336658723,True,pressure_curvature_r0.1,190216E4PSB1,False,False
22,2,10,cell,cell,35,14,16.0,1.143009289907181,1.1873843147459195,True,pressure_curvature_r0.1,190216E4PSB1,False,False
23,3,10,cell,cell,22,14,38.59236584068177,0.2076586775820174,0.2157206059119524,True,pressure_curvature_r0.1,190216E4PSB1,False,False
24,11,5,cell,cell,18,8,13.805927503500357,0.37395986538140347,0.3884781011136245,True,pressure_curvature_r0.1,190216E4PSB1,False,False
25,6,11,cell,cell,12,18,28.977088848283593,0.9887230583870905,1.027108232210239,True,pressure_curvature_r0.1,190216E4PSB1,False,False
26,12,3,cell,cell,41,22,40.868949583795924,0.4309722169869866,0.4477038420074243,True,pressure_curvature_r0.1,190216E4PSB1,False,False
27,8,12,cell,cell,26,41,65.61279496613798,0.028214149598260463,0.029309506915372346,True,pressure_curvature_r0.1,190216E4PSB1,False,False
28,11,4,cell,cell,18,5,4.0,1.2395929476741658,1.2877176377608344,True,pressure_curvature_r0.1,190216E4PSB1,False,False
29,13,4,cell,cell,32,5,15.8118321563196,0.6312430003573843,0.655749733651226,True,pressure_curvature_r0.1,190216E4PSB1,False,False
30,11,13,cell,cell,18,32,55.56682312902478,0.8859048378968614,0.9202983021788744,True,pressure_curvature_r0.1,190216E4PSB1,False,False
31,13,8,cell,cell,32,26,17.280688142571567,1.3725432411336624,1.4258294575759582,True,pressure_curvature_r0.1,190216E4PSB1,False,False
32,39,11,outer,cell,-1,18,44.0,,,False,pressure_curvature_r0.1,190216E4PSB1,False,False
33,14,9,cell,cell,4,6,22.543152029485558,1.2342728254436288,1.282190972540481,True,pressure_curvature_r0.1,190216E4PSB1,False,False
34,10,14,cell,cell,14,4,38.69379514023123,0.8323786179625092,0.8646940349704677,True,pressure_curvature_r0.1,190216E4PSB1,False,False
35,15,0,cell,cell,30,33,49.29420317481863,0.9214432211018504,0.9572163912632252,True,pressure_curvature_r0.1,190216E4PSB1,False,False
36,9,15,cell,cell,6,30,8.584383574728834,1.0325019647628615,1.072586766117467,True,pressure_curvature_r0.1,190216E4PSB1,False,False
37,10,12,cell,cell,14,41,1.0,0.7579119457589125,0.7873363447691423,True,pressure_curvature_r0.1,190216E4PSB1,False,False
38,12,14,cell,cell,41,4,34.8730062683956,0.24647644571178595,0.2560453954107973,True,pressure_curvature_r0.1,190216E4PSB1,False,False
39,14,15,cell,cell,4,30,59.53698612407007,0.6539172787339547,0.6793042950447808,True,pressure_curvature_r0.1,190216E4PSB1,False,False
40,13,16,cell,cell,32,39,40.80111045946502,0.5245875470392065,0.5449535979851686,True,pressure_curvature_r0.1,190216E4PSB1,False,False
41,16,8,cell,cell,39,26,15.391155899266263,1.1781910589305138,1.2239319448239843,True,pressure_curvature_r0.1,190216E4PSB1,False,False
42,15,39,cell,outer,30,-1,52.0,,,False,pressure_curvature_r0.1,190216E4PSB1,False,False
43,17,8,cell,cell,31,26,72.27347849337315,0.8670522044017293,0.9007137533029933,True,pressure_curvature_r0.1,190216E4PSB1,False,False
44,16,17,cell,cell,39,31,18.827074543136277,1.1087115009843744,1.1517549835086256,True,pressure_curvature_r0.1,190216E4PSB1,False,False
45,17,12,cell,cell,31,41,12.31905339962282,0.8888456049767333,0.923353238595222,True,pressure_curvature_r0.1,190216E4PSB1,False,False
46,18,13,cell,cell,19,32,8.309910909188645,1.1688951226966549,1.214275112659603,True,pressure_curvature_r0.1,190216E4PSB1,False,False
47,11,18,cell,cell,18,19,14.622073728306502,1.5445450907902063,1.6045089313062644,True,pressure_curvature_r0.1,190216E4PSB1,False,False
48,19,12,cell,cell,16,41,13.124249268759064,0.8466203010068698,0.8794886225663655,True,pressure_curvature_r0.1,190216E4PSB1,False,False
49,17,19,cell,cell,31,16,44.87785301233781,0.49616577418135493,0.5154284072569072,True,pressure_curvature_r0.1,190216E4PSB1,False,False
50,19,14,cell,cell,16,4,63.49728347676397,1.0922354313746534,1.134639263806266,True,pressure_curvature_r0.1,190216E4PSB1,False,False
51,18,16,cell,cell,19,39,22.377033859184017,0.8419137801222829,0.8745993805236902,True,pressure_curvature_r0.1,190216E4PSB1,False,False
52,39,18,outer,cell,-1,19,29.0,,,False,pressure_curvature_r0.1,190216E4PSB1,False,False
53,20,17,cell,cell,27,31,102.2306703380237,0.47901325508935544,0.4976099762887091,True,pressure_curvature_r0.1,190216E4PSB1,False,False
54,16,20,cell,cell,39,27,9.200319839519462,1.0189069398291748,1.0584639418260302,True,pressure_curvature_r0.1,190216E4PSB1,False,False
55,21,20,cell,cell,11,27,52.653536530821086,1.2771679513583878,1.326751414997053,True,pressure_curvature_r0.1,190216E4PSB1,False,False
56,16,21,cell,cell,39,11,11.232810638105507,1.7580183092044115,1.8262698158428552,True,pressure_curvature_r0.1,190216E4PSB1,False,False
57,18,21,cell,cell,19,11,16.68516571373767,1.85205391645017,1.9239561654264954,True,pressure_curvature_r0.1,190216E4PSB1,False,False
58,22,15,cell,cell,36,30,38.4990867075001,1.2782771913539568,1.32790371899288,True,pressure_curvature_r0.1,190216E4PSB1,False,False
59,14,22,cell,cell,4,36,17.00375199693487,1.045527802349346,1.0861183055136827,True,pressure_curvature_r0.1,190216E4PSB1,False,False
60,23,18,cell,cell,20,19,20.21222165623158,1.0198840088232208,1.0594789435484124,True,pressure_curvature_r0.1,190216E4PSB1,False,False
61,22,39,cell,outer,36,-1,103.0,,,False,pressure_curvature_r0.1,190216E4PSB1,False,False
62,19,22,cell,cell,16,36,20.124249268759062,0.635354513155709,0.6600208676216283,True,pressure_curvature_r0.1,190216E4PSB1,False,False
63,39,23,outer,cell,-1,20,45.0,,,False,pressure_curvature_r0.1,190216E4PSB1,False,False
64,24,21,cell,cell,23,11,58.01350947200682,0.8454955629316837,0.878320218809313,True,pressure_curvature_r0.1,190216E4PSB1,False,False
65,18,24,cell,cell,19,23,8.558260258215824,1.8252355853481634,1.8960966668385433,True,pressure_curvature_r0.1,190216E4PSB1,False,False
66,23,24,cell,cell,20,23,21.563893233592893,1.9438999410565452,2.019367926251496,True,pressure_curvature_r0.1,190216E4PSB1,False,False
67,20,19,cell,cell,27,16,16.907452250677427,0.8373430853971556,0.8698512378165135,True,pressure_curvature_r0.1,190216E4PSB1,False,False
68,25,20,cell,cell,7,27,61.95186543855177,1.6020588493031402,1.6642555452168897,True,pressure_curvature_r0.1,190216E4PSB1,False,False
69,21,25,cell,cell,11,7,16.48500289034194,0.9404495114212935,0.9769605623789706,True,pressure_curvature_r0.1,190216E4PSB1,False,False
70,26,22,cell,cell,28,36,26.063970376199027,0.4119484358241498,0.427941501001652,True,pressure_curvature_r0.1,190216E4PSB1,False,False
71,19,26,cell,cell,16,28,19.97368066842926,0.713904943283102,0.7416208593919363,True,pressure_curvature_r0.1,190216E4PSB1,False,True
72,24,25,cell,cell,23,7,42.970699810600706,0.8621106235510411,0.8955803255662577,True,pressure_curvature_r0.1,190216E4PSB1,False,False
73,27,19,cell,cell,10,16,37.50245200070672,1.8856774231671725,1.958885036814553,True,pressure_curvature_r0.1,190216E4PSB1,True,True
74,25,27,cell,cell,7,10,22.25602765682371,1.5178590691000444,1.5767868787755794,True,pressure_curvature_r0.1,190216E4PSB1,False,False
75,27,26,cell,cell,10,28,25.701376582300714,1.3883234545735905,1.4422223058995576,True,pressure_curvature_r0.1,190216E4PSB1,False,False
76,28,24,cell,cell,9,23,69.307212902244,1.3881854387843924,1.4420789319263727,True,pressure_curvature_r0.1,190216E4PSB1,False,False
77,23,28,cell,cell,20,9,21.123525228880915,1.942564611394666,2.0179807551151536,True,pressure_curvature_r0.1,190216E4PSB1,False,False
78,29,26,cell,cell,24,28,4.135128242442549,1.0592286493249474,1.1003510601738695,True,pressure_curvature_r0.1,190216E4PSB1,False,False
79,27,29,cell,cell,10,24,38.080615286389424,0.5118638644446527,0.5317359441375733,True,pressure_curvature_r0.1,190216E4PSB1,False,False
80,29,22,cell,cell,24,36,85.46332225368705,0.6657299464671909,0.6915755657208826,True,pressure_curvature_r0.1,190216E4PSB1,False,False
81,39,28,outer,cell,-1,9,34.0,,,False,pressure_curvature_r0.1,190216E4PSB1,False,False
82,30,27,cell,cell,3,10,42.29355023592053,1.1385343745340792,1.1827356698304718,True,pressure_curvature_r0.1,190216E4PSB1,False,False
83,25,30,cell,cell,7,3,27.43690049301407,1.3543106150529343,1.4068889866488654,True,pressure_curvature_r0.1,190216E4PSB1,False,False
84,31,25,cell,cell,15,7,37.445016738932715,1.2540092217557186,1.3026935945379694,True,pressure_curvature_r0.1,190216E4PSB1,False,False
85,24,31,cell,cell,23,15,25.744368697883445,0.9848063231258658,1.0230394376210294,True,pressure_curvature_r0.1,190216E4PSB1,False,False
86,30,29,cell,cell,3,24,13.053018596174015,0.9942654431405188,1.0328657888465826,True,pressure_curvature_r0.1,190216E4PSB1,False,False
87,31,30,cell,cell,15,3,29.168440676733255,1.2922620872261006,1.3424315501737507,True,pressure_curvature_r0.1,190216E4PSB1,False,False
88,28,31,cell,cell,9,15,1.0,1.2764005812916293,1.325954253338858,True,pressure_curvature_r0.1,190216E4PSB1,False,False
89,28,32,cell,cell,9,17,47.245912816350284,0.9381237725456466,0.9745445313934636,True,pressure_curvature_r0.1,190216E4PSB1,False,False
90,32,31,cell,cell,17,15,70.66820597855966,1.0139482451106474,1.053312735810136,True,pressure_curvature_r0.1,190216E4PSB1,False,False
91,33,28,cell,cell,21,9,30.159771509410003,2.069495264072548,2.1498392337653303,True,pressure_curvature_r0.1,190216E4PSB1,False,False
92,39,33,outer,cell,-1,21,98.12448474893256,,,False,pressure_curvature_r0.1,190216E4PSB1,False,False
93,34,29,cell,cell,2,24,23.71197504215889,0.9262131495477224,0.9621715025375602,True,pressure_curvature_r0.1,190216E4PSB1,False,False
94,30,34,cell,cell,3,2,44.86324960352809,0.5976301264789623,0.6208319079002104,True,pressure_curvature_r0.1,190216E4PSB1,False,False
95,33,32,cell,cell,21,17,33.76052027420084,1.4329373774340834,1.4885682741183595,True,pressure_curvature_r0.1,190216E4PSB1,False,False
96,31,34,cell,cell,15,2,14.161637786593715,0.8428320352893816,0.8755532850911989,True,pressure_curvature_r0.1,190216E4PSB1,False,False
97,35,29,cell,cell,37,24,55.63971873998001,0.8804151739742898,0.9145955131530588,True,pressure_curvature_r0.1,190216E4PSB1,False,False
98,34,35,cell,cell,2,37,14.519307107755312,0.3906022596150407,0.4057666026571627,True,pressure_curvature_r0.1,190216E4PSB1,False,False
99,22,35,cell,cell,36,37,2.0,1.144955659188308,1.1894062478793774,True,pressure_curvature_r0.1,190216E4PSB1,False,False
100,35,39,cell,outer,37,-1,68.12448474893256,,,False,pressure_curvature_r0.1,190216E4PSB1,False,False
101,36,34,cell,cell,38,2,44.42688850972403,1.1921628515229827,1.238446164016838,True,pressure_curvature_r0.1,190216E4PSB1,False,False
102,31,36,cell,cell,15,38,20.63609554421364,1.011412276658513,1.0506783135098592,True,pressure_curvature_r0.1,190216E4PSB1,False,False
103,36,35,cell,cell,38,37,32.699825818618706,0.8855388871163448,0.9199181440991534,True,pressure_curvature_r0.1,190216E4PSB1,False,False
104,37,32,cell,cell,44,17,68.05928671711348,0.8252628683592614,0.8573020307749095,True,pressure_curvature_r0.1,190216E4PSB1,False,False
105,33,37,cell,cell,21,44,16.648835703402344,1.2510525695278745,1.2996221562648949,True,pressure_curvature_r0.1,190216E4PSB1,False,False
106,31,38,cell,cell,15,13,13.0,1.1074051790736488,1.15039794629073,True,pressure_curvature_r0.1,190216E4PSB1,False,False
107,38,36,cell,cell,13,38,14.28859917432251,0.7555495042664819,0.7848821862619575,True,pressure_curvature_r0.1,190216E4PSB1,False,False
108,32,38,cell,cell,17,13,8.558260258215824,0.9218333695880685,0.9576216864756507,True,pressure_curvature_r0.1,190216E4PSB1,False,False
109,37,38,cell,cell,44,13,8.309496615117991,0.7836372988941325,0.81406043273044,True,pressure_curvature_r0.1,190216E4PSB1,False,False
110,36,39,cell,outer,38,-1,80.0,,,False,pressure_curvature_r0.1,190216E4PSB1,False,False
111,38,39,cell,outer,13,-1,22.0,,,False,pressure_curvature_r0.1,190216E4PSB1,False,False
112,37,39,cell,outer,44,-1,69.0,,,False,pressure_curvature_r0.1,190216E4PSB1,False,False
0,0,39,cell,outer,33,-1,113.12448474893256,,,False,pressure_curvature_r0.01,190216E4PSB1,False,False
1,39,1,outer,cell,-1,42,63.0,,,False,pressure_curvature_r0.01,190216E4PSB1,False,False
2,39,2,outer,cell,-1,35,51.0,,,False,pressure_curvature_r0.01,190216E4PSB1,False,False
3,39,3,outer,cell,-1,22,19.0,,,False,pressure_curvature_r0.01,190216E4PSB1,False,False
4,39,4,outer,cell,-1,5,26.0,,,False,pressure_curvature_r0.01,190216E4PSB1,False,False
5,39,5,outer,cell,-1,8,22.0,,,False,pressure_curvature_r0.01,190216E4PSB1,False,False
6,39,6,outer,cell,-1,12,15.0,,,False,pressure_curvature_r0.01,190216E4PSB1,False,False
7,39,7,outer,cell,-1,1,21.124484748932566,,,False,pressure_curvature_r0.01,190216E4PSB1,False,False
8,1,0,cell,cell,42,33,8.650421786976802,0.7068650948020097,0.7744166786587827,True,pressure_curvature_r0.01,190216E4PSB1,False,False
9,2,1,cell,cell,35,42,14.510813932991663,0.6625501680828982,0.7258667946467083,True,pressure_curvature_r0.01,190216E4PSB1,False,False
10,3,2,cell,cell,22,35,43.04788157102255,1.0214806833972796,1.1190985153570154,True,pressure_curvature_r0.01,190216E4PSB1,False,False
11,4,3,cell,cell,5,22,2.295888206165974,0.7473879853398149,0.818812140438842,True,pressure_curvature_r0.01,190216E4PSB1,False,False
12,5,4,cell,cell,8,5,41.173708028653394,1.273611814421956,1.3953245654342261,True,pressure_curvature_r0.01,190216E4PSB1,False,False
13,6,5,cell,cell,12,8,34.16299571768979,1.0744314965330242,1.177109574528569,True,pressure_curvature_r0.01,190216E4PSB1,False,False
14,7,6,cell,cell,1,12,18.622346241908524,,,False,pressure_curvature_r0.01,190216E4PSB1,False,False
15,4,8,cell,cell,5,26,55.49209093782838,1.0974730941678938,1.202353143128297,True,pressure_curvature_r0.01,190216E4PSB1,False,False
16,8,3,cell,cell,26,22,46.36839500383299,0.23519402130722544,0.25767034496470753,True,pressure_curvature_r0.01,190216E4PSB1,False,False
17,9,1,cell,cell,6,42,47.248498537518124,0.5861645357375374,0.6421813670691673,True,pressure_curvature_r0.01,190216E4PSB1,False,False
18,2,9,cell,cell,35,6,25.152899684594587,0.4521217543900363,0.4953287833263067,True,pressure_curvature_r0.01,190216E4PSB1,False,False
19,39,6,outer,cell,-1,12,42.0,,,False,pressure_curvature_r0.01,190216E4PSB1,False,False
20,9,0,cell,cell,6,33,51.756760762860736,0.5893270138270397,0.6456460674715679,True,pressure_curvature_r0.01,190216E4PSB1,False,False
21,10,9,cell,cell,14,6,47.11177206276417,0.569190826439671,0.6235855647362551,True,pressure_curvature_r0.01,190216E4PSB1,False,False
22,2,10,cell,cell,35,14,16.0,0.9659323467921886,1.0582417003083338,True,pressure_curvature_r0.01,190216E4PSB1,False,False
23,3,10,cell,cell,22,14,38.59236584068177,0.16239658621024744,0.1779160208125571,True,pressure_curvature_r0.01,190216E4PSB1,False,False
24,11,5,cell,cell,18,8,13.805927503500357,0.29471659374117043,0.3228811938077015,True,pressure_curvature_r0.01,190216E4PSB1,False,False
25,6,11,cell,cell,12,18,28.977088848283593,0.9267462872509742,1.0153108238189061,True,pressure_curvature_r0.01,190216E4PSB1,False,False
26,12,3,cell,cell,41,22,40.868949583795924,0.2925421806489845,0.3204989828635405,True,pressure_curvature_r0.01,190216E4PSB1,False,False
27,8,12,cell,cell,26,41,65.61279496613798,-0.02747924764221099,-0.030105302762309664,True,pressure_curvature_r0.01,190216E4PSB1,False,False
28,11,4,cell,cell,18,5,4.0,1.212357963217243,1.3282169881131254,True,pressure_curvature_r0.01,190216E4PSB1,False,False
29,13,4,cell,cell,32,5,15.8118321563196,0.5805068673247935,0.6359830234059015,True,pressure_curvature_r0.01,190216E4PSB1,False,False
30,11,13,cell,cell,18,32,55.56682312902478,0.8453635507042336,0.9261507436280144,True,pressure_curvature_r0.01,190216E4PSB1,False,False
31,13,8,cell,cell,32,26,17.280688142571567,1.3504069450943792,1.4794586250586625,True,pressure_curvature_r0.01,190216E4PSB1,False,False
32,39,11,outer,cell,-1,18,44.0,,,False,pressure_curvature_r0.01,190216E4PSB1,False,False
33,14,9,cell,cell,4,6,22.543152029485558,0.9860503054026113,1.0802822322330885,True,pressure_curvature_r0.01,190216E4PSB1,False,False
34,10,14,cell,cell,14,4,38.69379514023123,0.6464102963603471,0.7081845156018535,True,pressure_curvature_r0.01,190216E4PSB1,False,False
35,15,0,cell,cell,30,33,49.29420317481863,0.7194891229665104,0.7882471224511529,True,pressure_curvature_r0.01,190216E4PSB1,False,False
36,9,15,cell,cell,6,30,8.584383574728834,0.8140125934567823,0.8918037312166219,True,pressure_curvature_r0.01,190216E4PSB1,False,False
37,10,12,cell,cell,14,41,1.0,0.5676060684068804,0.6218493592548184,True,pressure_curvature_r0.01,190216E4PSB1,False,False
38,12,14,cell,cell,41,4,34.8730062683956,0.1627750640683473,0.1783306679184489,True,pressure_curvature_r0.01,190216E4PSB1,False,False
39,14,15,cell,cell,4,30,59.53698612407007,0.5232367253349495,0.5732398585895451,True,pressure_curvature_r0.01,190216E4PSB1,False,False
40,13,16,cell,cell,32,39,40.80111045946502,0.46759833992344957,0.5122843892175857,True,pressure_curvature_r0.01,190216E4PSB1,False,False
41,16,8,cell,cell,39,26,15.391155899266263,1.1889105941597706,1.3025288705326972,True,pressure_curvature_r0.01,190216E4PSB1,False,False
42,15,39,cell,outer,30,-1,52.0,,,False,pressure_curvature_r0.01,190216E4PSB1,False,False
43,17,8,cell,cell,31,26,72.27347849337315,0.8332528441757958,0.9128826770691599,True,pressure_curvature_r0.01,190216E4PSB1,False,False
44,16,17,cell,cell,39,31,18.827074543136277,1.1556324713798953,1.2660705229573248,True,pressure_curvature_r0.01,190216E4PSB1,False,False
45,17,12,cell,cell,31,41,12.31905339962282,0.759148064679395,0.8316960721110832,True,pressure_curvature_r0.01,190216E4PSB1,False,False
46,18,13,cell,cell,19,32,8.309910909188645,1.1630298330526339,1.2741748137188378,True,pressure_curvature_r0.01,190216E4PSB1,False,False
47,11,18,cell,cell,18,19,14.622073728306502,1.5488215200753914,1.6968346948125776,True,pressure_curvature_r0.01,190216E4PSB1,False,False
48,19,12,cell,cell,16,41,13.124249268759064,0.6975136859966816,0.7641716021922031,True,pressure_curvature_r0.01,190216E4PSB1,False,False
49,17,19,cell,cell,31,16,44.87785301233781,0.3906391911740792,0.4279706371237892,True,pressure_curvature_r0.01,190216E4PSB1,False,False
50,19,14,cell,cell,16,4,63.49728347676397,0.8985082855244905,0.9843742566156415,True,pressure_curvature_r0.01,190216E4PSB1,False,False
51,18,16,cell,cell,19,39,22.377033859184017,0.8755347191093763,0.9592052206412128,True,pressure_curvature_r0.01,190216E4PSB1,False,False
52,39,18,outer,cell,-1,19,29.0,,,False,pressure_curvature_r0.01,190216E4PSB1,False,False
53,20,17,cell,cell,27,31,102.2306703380237,0.4835032329622474,0.5297092338337694,True,pressure_curvature_r0.01,190216E4PSB1,False,False
54,16,20,cell,cell,39,27,9.200319839519462,1.132295342278407,1.2405031804175608,True,pressure_curvature_r0.01,190216E4PSB1,False,False
55,21,20,cell,cell,11,27,52.653536530821086,1.5268612776133623,1.6727758211250185,True,pressure_curvature_r0.01,190216E4PSB1,False,False
56,16,21,cell,cell,39,11,11.232810638105507,2.1079485344947955,2.3093946990328416,True,pressure_curvature_r0.01,190216E4PSB1,False,False
57,18,21,cell,cell,19,11,16.68516571373767,2.2641323001844267,2.4805041709465225,True,pressure_curvature_r0.01,190216E4PSB1,False,False
58,22,15,cell,cell,36,30,38.4990867075001,1.0616474598723356,1.1631038310233026,True,pressure_curvature_r0.01,190216E4PSB1,False,False
59,14,22,cell,cell,4,36,17.00375199693487,0.857248157608904,0.939171103345816,True,pressure_curvature_r0.01,190216E4PSB1,False,False
60,23,18,cell,cell,20,19,20.21222165623158,1.230157433756569,1.3477174655851536,True,pressure_curvature_r0.01,190216E4PSB1,False,False
61,22,39,cell,outer,36,-1,103.0,,,False,pressure_curvature_r0.01,190216E4PSB1,False,False
62,19,22,cell,cell,16,36,20.124249268759062,0.521026059043834,0.5708179299084181,True,pressure_curvature_r0.01,190216E4PSB1,False,False
63,39,23,outer,cell,-1,20,45.0,,,False,pressure_curvature_r0.01,190216E4PSB1,False,False
64,24,21,cell,cell,23,11,58.01350947200682,0.9579485949465881,1.0494949809796086,True,pressure_curvature_r0.01,190216E4PSB1,False,False
65,18,24,cell,cell,19,23,8.558260258215824,2.275958508731264,2.4934605514656836,True,pressure_curvature_r0.01,190216E4PSB1,False,False
66,23,24,cell,cell,20,23,21.563893233592893,2.4693871480731735,2.7053742044925118,True,pressure_curvature_r0.01,190216E4PSB1,False,False
67,20,19,cell,cell,27,16,16.907452250677427,0.7426619587893293,0.8136344710201738,True,pressure_curvature_r0.01,190216E4PSB1,False,False
68,25,20,cell,cell,7,27,61.95186543855177,1.8804694698979876,2.0601765908465697,True,pressure_curvature_r0.01,190216E4PSB1,False,False
69,21,25,cell,cell,11,7,16.48500289034194,1.0491019406348678,1.1493593988659179,True,pressure_curvature_r0.01,190216E4PSB1,False,False
70,26,22,cell,cell,28,36,26.063970376199027,0.37651718807127665,0.412499064373483,True,pressure_curvature_r0.01,190216E4PSB1,False,False
71,19,26,cell,cell,16,28,19.97368066842926,0.7329542254870505,0.8029990178954702,True,pressure_curvature_r0.01,190216E4PSB1,False,True
72,24,25,cell,cell,23,7,42.970699810600706,0.9005795523570785,0.9866434641248314,True,pressure_curvature_r0.01,190216E4PSB1,False,False
73,27,19,cell,cell,10,16,37.50245200070672,2.1104314035912672,2.3121148435885335,True,pressure_curvature_r0.01,190216E4PSB1,True,True
74,25,27,cell,cell,7,10,22.25602765682371,1.5617916743446358,1.7110443422612096,True,pressure_curvature_r0.01,190216E4PSB1,False,False
75,27,26,cell,cell,10,28,25.701376582300714,1.556931158282181,1.7057193308363516,True,pressure_curvature_r0.01,190216E4PSB1,False,False
76,28,24,cell,cell,9,23,69.307212902244,1.6708409308859358,1.8305148942546943,True,pressure_curvature_r0.01,190216E4PSB1,False,False
77,23,28,cell,cell,20,9,21.123525228880915,2.5121296098320416,2.7522013508835412,True,pressure_curvature_r0.01,190216E4PSB1,False,False
78,29,26,cell,cell,24,28,4.135128242442549,1.1343081857436443,1.2427083813285573,True,pressure_curvature_r0.01,190216E4PSB1,False,False
79,27,29,cell,cell,10,24,38.080615286389424,0.4974162748437364,0.544951875977418,True,pressure_curvature_r0.01,190216E4PSB1,False,False
80,29,22,cell,cell,24,36,85.46332225368705,0.6549662390344226,0.7175581071926342,True,pressure_curvature_r0.01,190216E4PSB1,False,False
81,39,28,outer,cell,-1,9,34.0,,,False,pressure_curvature_r0.01,190216E4PSB1,False,False
82,30,27,cell,cell,3,10,42.29355023592053,1.1344106149681745,1.2428205992049832,True,pressure_curvature_r0.01,190216E4PSB1,False,False
83,25,30,cell,cell,7,3,27.43690049301407,1.3816849600259598,1.5137257244195936,True,pressure_curvature_r0.01,190216E4PSB1,False,False
84,31,25,cell,cell,15,7,37.445016738932715,1.2987951273639196,1.4229145224282163,True,pressure_curvature_r0.01,190216E4PSB1,False,False
85,24,31,cell,cell,23,15,25.744368697883445,1.0780715301100954,1.1810974680229442,True,pressure_curvature_r0.01,190216E4PSB1,False,False
86,30,29,cell,cell,3,24,13.053018596174015,0.9249624698685632,1.0133565358751686,True,pressure_curvature_r0.01,190216E4PSB1,False,False
87,31,30,cell,cell,15,3,29.168440676733255,1.2992511908585094,1.423414169644262,True,pressure_curvature_r0.01,190216E4PSB1,False,False
88,28,31,cell,cell,9,15,1.0,1.4647051057967628,1.6046796928958575,True,pressure_curvature_r0.01,190216E4PSB1,False,False
89,28,32,cell,cell,9,17,47.245912816350284,1.0742512892839833,1.1769121457684013,True,pressure_curvature_r0.01,190216E4PSB1,False,False
90,32,31,cell,cell,17,15,70.66820597855966,1.0655687380371779,1.1673998462528636,True,pressure_curvature_r0.01,190216E4PSB1,False,False
91,33,28,cell,cell,21,9,30.159771509410003,2.5308246852811154,2.772683021775216,True,pressure_curvature_r0.01,190216E4PSB1,False,False
92,39,33,outer,cell,-1,21,98.12448474893256,,,False,pressure_curvature_r0.01,190216E4PSB1,False,False
93,34,29,cell,cell,2,24,23.71197504215889,0.8274422679982272,0.9065168130059655,True,pressure_curvature_r0.01,190216E4PSB1,False,False
94,30,34,cell,cell,3,2,44.86324960352809,0.5651659204697583,0.6191760185073432,True,pressure_curvature_r0.01,190216E4PSB1,False,False
95,33,32,cell,cell,21,17,33.76052027420084,1.7008747465384788,1.8634188923953965,True,pressure_curvature_r0.01,190216E4PSB1,False,False
96,31,34,cell,cell,15,2,14.161637786593715,0.8027643869748119,0.879480589546887,True,pressure_curvature_r0.01,190216E4PSB1,False,False
97,35,29,cell,cell,37,24,55.63971873998001,0.764399164824507,0.8374489937981009,True,pressure_curvature_r0.01,190216E4PSB1,False,False
98,34,35,cell,cell,2,37,14.519307107755312,0.315702956859223,0.34587311934274534,True,pressure_curvature_r0.01,190216E4PSB1,False,False
99,22,35,cell,cell,36,37,2.0,1.0084890937417912,1.104865384048814,True,pressure_curvature_r0.01,190216E4PSB1,False,False
100,35,39,cell,outer,37,-1,68.12448474893256,,,False,pressure_curvature_r0.01,190216E4PSB1,False,False
101,36,34,cell,cell,38,2,44.42688850972403,1.0946881550631642,1.1993020612350034,True,pressure_curvature_r0.01,190216E4PSB1,False,False
102,31,36,cell,cell,15,38,20.63609554421364,0.9492518637398611,1.0399671463958566,True,pressure_curvature_r0.01,190216E4PSB1,False,False
103,36,35,cell,cell,38,37,32.699825818618706,0.7873983697494914,0.8626461184273597,True,pressure_curvature_r0.01,190216E4PSB1,False,False
104,37,32,cell,cell,44,17,68.05928671711348,0.8616700098071384,0.9440155299811923,True,pressure_curvature_r0.01,190216E4PSB1,False,False
105,33,37,cell,cell,21,44,16.648835703402344,1.4746794235453915,1.6156072066174736,True,pressure_curvature_r0.01,190216E4PSB1,False,False
106,31,38,cell,cell,15,13,13.0,1.059235417576349,1.160461281833396,True,pressure_curvature_r0.01,190216E4PSB1,False,False
107,38,36,cell,cell,13,38,14.28859917432251,0.6660423295538169,0.7296926846326984,True,pressure_curvature_r0.01,190216E4PSB1,False,False
108,32,38,cell,cell,17,13,8.558260258215824,0.8742741080787009,0.9578241392798115,True,pressure_curvature_r0.01,190216E4PSB1,False,False
109,37,38,cell,cell,44,13,8.309496615117991,0.7087157666664179,0.7764442100350827,True,pressure_curvature_r0.01,190216E4PSB1,False,False
110,36,39,cell,outer,38,-1,80.0,,,False,pressure_curvature_r0.01,190216E4PSB1,False,False
111,38,39,cell,outer,13,-1,22.0,,,False,pressure_curvature_r0.01,190216E4PSB1,False,False
112,37,39,cell,outer,44,-1,69.0,,,False,pressure_curvature_r0.01,190216E4PSB1,False,False
0,0,52,cell,outer,30,-1,94.12448474893256,,,False,tension_only_r0.1,190216E5PSB1,False,False
1,52,1,outer,cell,-1,7,22.0,,,False,tension_only_r0.1,190216E5PSB1,False,False
2,52,2,outer,cell,-1,41,22.0,,,False,tension_only_r0.1,190216E5PSB1,False,False
3,52,3,outer,cell,-1,3,51.0,,,False,tension_only_r0.1,190216E5PSB1,False,False
4,52,4,outer,cell,-1,9,38.0,,,False,tension_only_r0.1,190216E5PSB1,False,False
5,52,5,outer,cell,-1,55,29.0,,,False,tension_only_r0.1,190216E5PSB1,False,False
6,52,6,outer,cell,-1,38,47.124484748932566,,,False,tension_only_r0.1,190216E5PSB1,False,False
7,1,0,cell,cell,7,30,58.993715258959824,1.2543791805508087,1.1289828113996239,True,tension_only_r0.1,190216E5PSB1,False,False
8,2,1,cell,cell,41,7,2.0,0.8779690073342596,0.7902011876398648,True,tension_only_r0.1,190216E5PSB1,False,False
9,3,2,cell,cell,3,41,4.5444603598349005,1.8026999955792804,1.622489707000322,True,tension_only_r0.1,190216E5PSB1,False,False
10,4,3,cell,cell,9,3,22.053047978320908,1.1110702199227713,1.0,True,tension_only_r0.1,190216E5PSB1,False,False
11,5,4,cell,cell,55,9,15.094191502249902,1.1050528920128053,0.9945842055685875,True,tension_only_r0.1,190216E5PSB1,False,False
12,6,5,cell,cell,38,55,9.604188354461245,1.4107578330430202,1.2697287783854738,True,tension_only_r0.1,190216E5PSB1,False,False
13,7,1,cell,cell,42,7,60.46879679936794,1.2786618864437258,1.1508380510212968,True,tension_only_r0.1,190216E5PSB1,False,False
14,2,7,cell,cell,41,42,20.248498537518127,0.9573363873189807,0.8616344585183137,True,tension_only_r0.1,190216E5PSB1,False,False
15,3,7,cell,cell,3,42,4.0,1.6777183208409143,1.5100020599575874,True,tension_only_r0.1,190216E5PSB1,False,False
16,8,7,cell,cell,18,42,35.725622605306064,1.1466598679153817,1.0320318620321622,True,tension_only_r0.1,190216E5PSB1,False,False
17,3,8,cell,cell,3,18,43.766729216314715,1.1022567938277603,0.9920676245866588,True,tension_only_r0.1,190216E5PSB1,False,False
18,9,5,cell,cell,14,55,14.387806044888364,1.521989743246403,1.3698411819121512,True,tension_only_r0.1,190216E5PSB1,False,False
19,6,9,cell,cell,38,14,24.38257989127996,1.041298451680313,0.9372030975258179,True,tension_only_r0.1,190216E5PSB1,False,False
20,9,4,cell,cell,14,9,29.78276080834686,1.4367228692946317,1.2930981710539375,True,tension_only_r0.1,190216E5PSB1,False,False
21,4,10,cell,cell,9,12,34.184273597665666,0.8942032532055044,0.804812546652235,True,tension_only_r0.1,190216E5PSB1,False,False
22,11,6,cell,cell,31,38,18.182836077315777,1.6258932884212585,1.4633578141751218,True,tension_only_r0.1,190216E5PSB1,False,False
23,10,3,cell,cell,12,3,33.732330517804115,1.134055618215665,1.0206876198108263,True,tension_only_r0.1,190216E5PSB1,False,False
24,52,11,outer,cell,-1,31,38.0,,,False,tension_only_r0.1,190216E5PSB1,False,False
25,12,0,cell,cell,48,30,16.759014303503385,1.5018894382968055,1.3517502416734735,True,tension_only_r0.1,190216E5PSB1,False,False
26,1,12,cell,cell,7,48,27.57961714223806,0.3711658117890896,0.3340615247656343,True,tension_only_r0.1,190216E5PSB1,False,False
27,11,9,cell,cell,31,14,11.558657596317166,1.557032064170656,1.401380431453633,True,tension_only_r0.1,190216E5PSB1,False,False
28,12,52,cell,outer,48,-1,17.0,,,False,tension_only_r0.1,190216E5PSB1,False,False
29,8,51,cell,gap,18,-1,6.261737019602286,0.22918725107393928,0.20627611735455362,True,tension_only_r0.1,190216E5PSB1,False,False
30,51,7,gap,cell,-1,42,1.4169730060943293,1.1332823079748136,1.019991614979642,True,tension_only_r0.1,190216E5PSB1,False,False
31,13,7,cell,cell,24,42,66.06931197799777,1.164142521919584,1.0477668297153186,True,tension_only_r0.1,190216E5PSB1,False,False
32,51,13,gap,cell,-1,24,4.515181057820202,0.15696314011875634,0.1412720252097717,True,tension_only_r0.1,190216E5PSB1,False,False
33,9,10,cell,cell,14,12,10.178132521123993,1.5489665039160363,1.394121160068265,True,tension_only_r0.1,190216E5PSB1,False,False
34,14,9,cell,cell,10,14,38.23350800713651,1.2447244966047926,1.1202932760553255,True,tension_only_r0.1,190216E5PSB1,False,False
35,7,12,cell,cell,42,48,20.868182876493492,1.1492954535599498,1.0344039764109918,True,tension_only_r0.1,190216E5PSB1,False,False
36,11,14,cell,cell,31,10,27.427498270844843,0.8009693344154063,0.7208989315464511,True,tension_only_r0.1,190216E5PSB1,False,False
37,8,13,cell,cell,18,24,24.969972827038248,0.513690686141356,0.4623386325457106,True,tension_only_r0.1,190216E5PSB1,False,False
38,10,8,cell,cell,12,18,22.582670736859445,1.5160613993115915,1.3645054760058013,True,tension_only_r0.1,190216E5PSB1,False,False
39,12,15,cell,cell,48,45,28.114752000917594,-0.04024901100728068,-0.03622544307782664,True,tension_only_r0.1,190216E5PSB1,False,False
40,16,10,cell,cell,25,12,34.53963416009296,1.3319012887508737,1.1987552765507943,True,tension_only_r0.1,190216E5PSB1,False,False
41,9,16,cell,cell,14,25,6.661265692680363,1.211006412304843,1.089945883338515,True,tension_only_r0.1,190216E5PSB1,False,False
42,15,52,cell,outer,45,-1,21.0,,,False,tension_only_r0.1,190216E5PSB1,False,False
43,14,16,cell,cell,10,25,29.936977928747666,1.1882031382793978,1.069422181400909,True,tension_only_r0.1,190216E5PSB1,False,False
44,7,15,cell,cell,42,45,33.93965027018316,1.1816839369072871,1.0635546842299706,True,tension_only_r0.1,190216E5PSB1,False,False
45,17,11,cell,cell,21,31,16.248513976346853,1.4210378270193926,1.278981113469288,True,tension_only_r0.1,190216E5PSB1,False,False
46,52,17,outer,cell,-1,21,33.0,,,False,tension_only_r0.1,190216E5PSB1,False,False
47,18,13,cell,cell,13,24,40.455276807421114,0.7417862978238527,0.6676322382895054,True,tension_only_r0.1,190216E5PSB1,False,False
48,8,18,cell,cell,18,13,30.33836893325067,0.6921831004857477,0.62298771767446,True,tension_only_r0.1,190216E5PSB1,False,False
49,17,14,cell,cell,21,10,13.687180339690071,1.455222009141563,1.3097480096646936,True,tension_only_r0.1,190216E5PSB1,False,False
50,19,8,cell,cell,22,18,16.577658537460408,1.661582137538954,1.4954789605057075,True,tension_only_r0.1,190216E5PSB1,False,False
51,10,19,cell,cell,12,22,17.5446583088117,1.4057464352201243,1.2652183543519289,True,tension_only_r0.1,190216E5PSB1,False,False
52,20,10,cell,cell,8,12,19.381975112960706,1.3472518444941082,1.2125712851774153,True,tension_only_r0.1,190216E5PSB1,False,False
53,16,20,cell,cell,25,8,26.13292018078049,0.3576465255479716,0.3218937193482074,True,tension_only_r0.1,190216E5PSB1,False,False
54,7,52,cell,outer,42,-1,37.0,,,False,tension_only_r0.1,190216E5PSB1,False,False
55,21,14,cell,cell,15,10,28.77065575943721,1.412224228691318,1.2710485830404845,True,tension_only_r0.1,190216E5PSB1,False,False
56,17,21,cell,cell,21,15,29.95573594054267,0.5721588014660306,0.5149618729820699,True,tension_only_r0.1,190216E5PSB1,False,False
57,19,18,cell,cell,22,13,32.93332300752489,1.2503166562533634,1.1253264049685994,True,tension_only_r0.1,190216E5PSB1,False,False
58,20,19,cell,cell,8,22,36.24849853751813,1.1167155405491014,1.0050809755541126,True,tension_only_r0.1,190216E5PSB1,False,False
59,22,16,cell,cell,19,25,15.89375844836411,1.4368792747496624,1.2932389411440957,True,tension_only_r0.1,190216E5PSB1,False,True
60,14,22,cell,cell,10,19,10.523085971319006,1.1253450412001744,1.012847811975732,True,tension_only_r0.1,190216E5PSB1,False,False
61,13,23,cell,cell,24,6,17.17813252112399,0.5537241497455251,0.49837007582114257,True,tension_only_r0.1,190216E5PSB1,False,False
62,23,7,cell,cell,6,42,45.2266859801697,1.5681784259424913,1.4114125262501347,True,tension_only_r0.1,190216E5PSB1,False,False
63,18,23,cell,cell,13,6,26.128285121609558,0.44425075034755523,0.39984039026663354,True,tension_only_r0.1,190216E5PSB1,False,False
64,21,22,cell,cell,15,19,43.55644462186743,0.8178213626304183,0.7360663151310668,True,tension_only_r0.1,190216E5PSB1,False,False
65,22,20,cell,cell,19,8,37.61840126986098,1.3828578949112205,1.244617909934928,True,tension_only_r0.1,190216E5PSB1,True,True
66,24,17,cell,cell,4,21,11.304471422346904,1.195954810676938,1.0763989433179721,True,tension_only_r0.1,190216E5PSB1,False,False
67,52,24,outer,cell,-1,4,32.0,,,False,tension_only_r0.1,190216E5PSB1,False,False
68,25,18,cell,cell,16,13,47.34665563727714,0.5167785534908226,0.46511781543991254,True,tension_only_r0.1,190216E5PSB1,False,False
69,19,25,cell,cell,22,16,49.55139721159753,0.7761117550215167,0.698526286732321,True,tension_only_r0.1,190216E5PSB1,False,False
70,24,21,cell,cell,4,15,37.79472115939474,1.2130465681484925,1.091782091174048,True,tension_only_r0.1,190216E5PSB1,False,False
71,23,52,cell,outer,6,-1,44.0,,,False,tension_only_r0.1,190216E5PSB1,False,False
72,25,23,cell,cell,16,6,1.4169730060943293,0.7458393073392316,0.671280081101511,True,tension_only_r0.1,190216E5PSB1,False,False
73,26,23,cell,cell,17,6,37.790393850770336,0.5265890469958219,0.47394758454818836,True,tension_only_r0.1,190216E5PSB1,False,False
74,25,26,cell,cell,16,17,34.347009306249284,0.2208710108482992,0.19879122569197433,True,tension_only_r0.1,190216E5PSB1,False,False
75,27,19,cell,cell,32,22,84.31194931435202,0.646268587926625,0.5816631355411056,True,tension_only_r0.1,190216E5PSB1,False,False
76,20,27,cell,cell,8,32,7.144046695842728,1.0420417426198632,0.9378720839914995,True,tension_only_r0.1,190216E5PSB1,False,False
77,28,20,cell,cell,20,8,3.1836008691813857,1.7734885327576864,1.596198422887222,True,tension_only_r0.1,190216E5PSB1,False,True
78,22,28,cell,cell,19,20,38.51957919644806,0.7685612385601772,0.6917305718207429,True,tension_only_r0.1,190216E5PSB1,False,False
79,28,27,cell,cell,20,32,36.96712140707075,1.6022551589729594,1.4420827147039632,True,tension_only_r0.1,190216E5PSB1,False,False
80,29,21,cell,cell,2,15,25.378187293118934,1.159388940391282,1.0434884488865783,True,tension_only_r0.1,190216E5PSB1,False,False
81,24,29,cell,cell,4,2,9.531904173754295,1.010748832759575,0.9097074285996348,True,tension_only_r0.1,190216E5PSB1,False,False
82,29,22,cell,cell,2,19,8.996994757511171,1.4849793847833788,1.3365306333983078,True,tension_only_r0.1,190216E5PSB1,False,False
83,30,24,cell,cell,5,4,33.96949111195807,1.2722186258405284,1.1450389030577728,True,tension_only_r0.1,190216E5PSB1,False,False
84,52,30,outer,cell,-1,5,34.0,,,False,tension_only_r0.1,190216E5PSB1,False,False
85,31,23,cell,cell,34,6,26.191072454293757,0.3040940409196147,0.27369470935937046,True,tension_only_r0.1,190216E5PSB1,False,False
86,26,31,cell,cell,17,34,20.15446252123282,0.23491038074385417,0.21142712362516783,True,tension_only_r0.1,190216E5PSB1,False,False
87,29,28,cell,cell,2,20,47.969861751420126,1.009216027807434,0.9083278533714845,True,tension_only_r0.1,190216E5PSB1,False,False
88,30,29,cell,cell,5,2,17.345186455286722,1.551551687854931,1.3964479112425285,True,tension_only_r0.1,190216E5PSB1,False,False
89,32,25,cell,cell,54,16,7.6333374568367045,0.567829485833225,0.51106534551227,True,tension_only_r0.1,190216E5PSB1,False,False
90,19,32,cell,cell,22,54,11.834022656158188,0.3268955282331727,0.2942168031970965,True,tension_only_r0.1,190216E5PSB1,False,False
91,32,26,cell,cell,54,17,32.41729943166591,0.4223339994561681,0.380114588514058,True,tension_only_r0.1,190216E5PSB1,False,False
92,33,27,cell,cell,39,32,83.2890008890117,1.1380995558193734,1.0243272976018392,True,tension_only_r0.1,190216E5PSB1,False,True
93,27,32,cell,cell,32,54,38.56593589229511,0.38995995027511565,0.3509768719228395,True,tension_only_r0.1,190216E5PSB1,False,False
94,34,31,cell,cell,47,34,14.361733390305378,0.5864628370939242,0.5278359788409127,True,tension_only_r0.1,190216E5PSB1,False,False
95,26,34,cell,cell,17,47,15.919450351226368,0.6944885665821556,0.6250627135253687,True,tension_only_r0.1,190216E5PSB1,False,False
96,28,33,cell,cell,20,39,13.729063854209107,0.645324678549581,0.5808135858365787,True,tension_only_r0.1,190216E5PSB1,False,False
97,35,29,cell,cell,23,2,54.104476746315775,1.3993027453335154,1.2594188200191152,True,tension_only_r0.1,190216E5PSB1,False,False
98,30,35,cell,cell,5,23,31.292850369735042,0.5747854474960276,0.5173259414116778,True,tension_only_r0.1,190216E5PSB1,False,False
99,34,23,cell,cell,47,6,5.807241748715274,0.8340589839693636,0.7506807121761734,True,tension_only_r0.1,190216E5PSB1,False,False
100,34,52,cell,outer,47,-1,36.0,,,False,tension_only_r0.1,190216E5PSB1,False,False
101,32,34,cell,cell,54,47,20.724709852721478,0.6356640634065567,0.5721187122185136,True,tension_only_r0.1,190216E5PSB1,False,False
102,36,33,cell,cell,11,39,26.308908671856766,0.5112849670564761,0.4601734056844892,True,tension_only_r0.1,190216E5PSB1,False,False
103,28,36,cell,cell,20,11,22.900934762353444,0.5181546124916401,0.46635631411996276,True,tension_only_r0.1,190216E5PSB1,False,False
104,37,30,cell,cell,33,5,26.106872851474083,1.8092007279289537,1.6283405814393155,True,tension_only_r0.1,190216E5PSB1,False,False
105,52,37,outer,cell,-1,33,35.0,,,False,tension_only_r0.1,190216E5PSB1,False,False
106,38,28,cell,cell,27,20,11.178132521123995,1.14615141745559,1.0315742397769037,True,tension_only_r0.1,190216E5PSB1,False,False
107,29,38,cell,cell,2,27,15.166566895933475,0.818422745284849,0.7366075794397012,True,tension_only_r0.1,190216E5PSB1,False,False
108,38,36,cell,cell,27,11,39.84360117835865,0.6298278054554511,0.5668658867476706,True,tension_only_r0.1,190216E5PSB1,False,False
109,27,34,cell,cell,32,47,16.04523322863264,0.5994803822271961,0.5395522006420665,True,tension_only_r0.1,190216E5PSB1,False,False
110,39,30,cell,cell,50,5,8.294038661164253,1.4116496434159724,1.2705314372606387,True,tension_only_r0.1,190216E5PSB1,False,False
111,37,39,cell,cell,33,50,18.974735318145118,0.8176109401690534,0.7358769279459981,True,tension_only_r0.1,190216E5PSB1,False,False
112,39,35,cell,cell,50,23,60.285257434734156,1.3554349325588992,1.2199363354848205,True,tension_only_r0.1,190216E5PSB1,False,False
113,35,38,cell,cell,23,27,17.953717433419122,1.4215457009092198,1.2794382167924807,True,tension_only_r0.1,190216E5PSB1,False,False
114,40,33,cell,cell,49,39,44.28157595134848,0.11848124493728507,0.10663704490749513,True,tension_only_r0.1,190216E5PSB1,False,False
115,36,40,cell,cell,11,49,16.044237661546425,0.14088026648800422,0.1267969062277599,True,tension_only_r0.1,190216E5PSB1,False,False
116,33,34,cell,cell,39,47,17.352505213178226,1.1946716885249482,1.0752440908802217,True,tension_only_r0.1,190216E5PSB1,False,False
117,34,41,cell,cell,47,43,56.77070004154558,1.387560009789368,1.2488499690737955,True,tension_only_r0.1,190216E5PSB1,False,False
118,41,52,cell,outer,43,-1,124.12448474893256,,,False,tension_only_r0.1,190216E5PSB1,False,False
119,42,39,cell,cell,29,50,48.9346658995381,0.9039489890948647,0.8135840317614639,True,tension_only_r0.1,190216E5PSB1,False,False
120,38,40,cell,cell,27,49,15.094152768556505,0.5002038748818448,0.45020005568740123,True,tension_only_r0.1,190216E5PSB1,False,False
121,37,42,cell,cell,33,29,18.712652059199108,0.5887055506781668,0.529854495352316,True,tension_only_r0.1,190216E5PSB1,False,False
122,43,38,cell,cell,40,27,57.87163194467531,0.5127667422719699,0.461507052459395,True,tension_only_r0.1,190216E5PSB1,False,False
123,35,43,cell,cell,23,40,11.0,1.2509814499007565,1.1259247412712674,True,tension_only_r0.1,190216E5PSB1,False,False
124,44,37,cell,cell,56,33,8.270256484885097,0.3567040182225074,0.3210454315365426,True,tension_only_r0.1,190216E5PSB1,False,False
125,33,41,cell,cell,39,43,12.436717907765102,1.3944471163287004,1.2550485930813862,True,tension_only_r0.1,190216E5PSB1,False,False
126,52,44,outer,cell,-1,56,11.0,,,False,tension_only_r0.1,190216E5PSB1,False,False
127,44,42,cell,cell,56,29,14.629739267754749,0.46455060904734924,0.41811093549032335,True,tension_only_r0.1,190216E5PSB1,False,False
128,43,40,cell,cell,40,49,26.4504333313574,0.7177035725044935,0.6459569878080071,True,tension_only_r0.1,190216E5PSB1,False,False
129,35,45,cell,cell,23,36,18.821113328986797,1.338054662509895,1.2042935167526145,True,tension_only_r0.1,190216E5PSB1,False,False
130,45,43,cell,cell,36,40,41.445568730252106,1.486330128581092,1.3377463475570466,True,tension_only_r0.1,190216E5PSB1,False,False
131,33,43,cell,cell,39,40,33.66305430603306,0.6139908949152997,0.5526121426942548,True,tension_only_r0.1,190216E5PSB1,False,False
132,43,41,cell,cell,40,43,53.18804036502859,1.1856996359813485,1.0671689464089538,True,tension_only_r0.1,190216E5PSB1,False,False
133,52,42,outer,cell,-1,29,40.0,,,False,tension_only_r0.1,190216E5PSB1,False,False
134,39,45,cell,cell,50,36,4.135128242442549,1.2207464405580082,1.0987122313861137,True,tension_only_r0.1,190216E5PSB1,False,False
135,46,45,cell,cell,1,36,41.15393517579372,0.9610564348441313,0.8649826245103867,True,tension_only_r0.1,190216E5PSB1,False,False
136,39,46,cell,cell,50,1,32.77524040974702,1.188097795420393,1.0693273693385246,True,tension_only_r0.1,190216E5PSB1,False,False
137,42,46,cell,cell,29,1,10.816938326018091,1.490761106621365,1.3417343745609396,True,tension_only_r0.1,190216E5PSB1,False,False
138,47,43,cell,cell,44,40,39.092381837154136,1.4774977689050928,1.3297969312936775,True,tension_only_r0.1,190216E5PSB1,False,False
139,45,47,cell,cell,36,44,26.962922283287284,0.09512519451547408,0.08561582590350236,True,tension_only_r0.1,190216E5PSB1,False,False
140,42,48,cell,cell,29,26,42.01832288446139,1.6902752955101117,1.521303753085561,True,tension_only_r0.1,190216E5PSB1,False,False
141,48,46,cell,cell,26,1,12.223687387916279,1.4532102508713085,1.307937360585831,True,tension_only_r0.1,190216E5PSB1,False,False
142,46,47,cell,cell,1,44,19.33700087672917,0.9540185278496115,0.8586482750981516,True,tension_only_r0.1,190216E5PSB1,False,False
143,49,46,cell,cell,51,1,31.382350573748838,0.9840363176736662,0.8856652802215011,True,tension_only_r0.1,190216E5PSB1,False,False
144,50,42,cell,cell,35,29,9.082983875471744,1.3540625391582872,1.218701135966371,True,tension_only_r0.1,190216E5PSB1,False,False
145,48,49,cell,cell,26,51,11.526464686912552,0.7090980212212528,0.6382117066107136,True,tension_only_r0.1,190216E5PSB1,False,False
146,52,50,outer,cell,-1,35,15.124484748932566,,,False,tension_only_r0.1,190216E5PSB1,False,False
147,50,48,cell,cell,35,26,9.091462069233005,1.0558745347327045,0.9503220550777579,True,tension_only_r0.1,190216E5PSB1,False,False
148,43,52,cell,outer,40,-1,49.0,,,False,tension_only_r0.1,190216E5PSB1,False,False
149,47,52,cell,outer,44,-1,36.0,,,False,tension_only_r0.1,190216E5PSB1,False,False
150,46,52,cell,outer,1,-1,33.0,,,False,tension_only_r0.1,190216E5PSB1,False,False
151,49,52,cell,outer,51,-1,26.0,,,False,tension_only_r0.1,190216E5PSB1,False,False
152,48,52,cell,outer,26,-1,52.0,,,False,tension_only_r0.1,190216E5PSB1,False,False
0,0,52,cell,outer,30,-1,94.12448474893256,,,False,pressure_curvature_r0.1,190216E5PSB1,False,False
1,52,1,outer,cell,-1,7,22.0,,,False,pressure_curvature_r0.1,190216E5PSB1,False,False
2,52,2,outer,cell,-1,41,22.0,,,False,pressure_curvature_r0.1,190216E5PSB1,False,False
3,52,3,outer,cell,-1,3,51.0,,,False,pressure_curvature_r0.1,190216E5PSB1,False,False
4,52,4,outer,cell,-1,9,38.0,,,False,pressure_curvature_r0.1,190216E5PSB1,False,False
5,52,5,outer,cell,-1,55,29.0,,,False,pressure_curvature_r0.1,190216E5PSB1,False,False
6,52,6,outer,cell,-1,38,47.124484748932566,,,False,pressure_curvature_r0.1,190216E5PSB1,False,False
7,1,0,cell,cell,7,30,58.993715258959824,1.213853731586821,1.197693719065873,True,pressure_curvature_r0.1,190216E5PSB1,False,False
8,2,1,cell,cell,41,7,2.0,1.2862658523235115,1.2691418185639884,True,pressure_curvature_r0.1,190216E5PSB1,False,False
9,3,2,cell,cell,3,41,4.5444603598349005,1.4763476956868975,1.4566931058242583,True,pressure_curvature_r0.1,190216E5PSB1,False,False
10,4,3,cell,cell,9,3,22.053047978320908,0.898067565398772,0.8861116083309221,True,pressure_curvature_r0.1,190216E5PSB1,False,False
11,5,4,cell,cell,55,9,15.094191502249902,1.3123546116088147,1.2948832586742247,True,pressure_curvature_r0.1,190216E5PSB1,False,False
12,6,5,cell,cell,38,55,9.604188354461245,1.3625335040543212,1.344394120442636,True,pressure_curvature_r0.1,190216E5PSB1,False,False
13,7,1,cell,cell,42,7,60.46879679936794,1.3445300170532795,1.326630313534662,True,pressure_curvature_r0.1,190216E5PSB1,False,False
14,2,7,cell,cell,41,42,20.248498537518127,0.8907487255028405,0.8788902040166255,True,pressure_curvature_r0.1,190216E5PSB1,False,False
15,3,7,cell,cell,3,42,4.0,1.5308007445754779,1.510421222269213,True,pressure_curvature_r0.1,190216E5PSB1,False,False
16,8,7,cell,cell,18,42,35.725622605306064,1.3198755542979423,1.302304075190929,True,pressure_curvature_r0.1,190216E5PSB1,False,False
17,3,8,cell,cell,3,18,43.766729216314715,1.2332751376823743,1.2168565683373942,True,pressure_curvature_r0.1,190216E5PSB1,False,False
18,9,5,cell,cell,14,55,14.387806044888364,1.4373621806957628,1.4182266042809537,True,pressure_curvature_r0.1,190216E5PSB1,False,False
19,6,9,cell,cell,38,14,24.38257989127996,0.8547092124965849,0.8433304843876731,True,pressure_curvature_r0.1,190216E5PSB1,False,False
20,9,4,cell,cell,14,9,29.78276080834686,1.4586297461209594,1.4392110349967386,True,pressure_curvature_r0.1,190216E5PSB1,False,False
21,4,10,cell,cell,9,12,34.184273597665666,1.0381388075253961,1.0243180845737425,True,pressure_curvature_r0.1,190216E5PSB1,False,False
22,11,6,cell,cell,31,38,18.182836077315777,1.5452378161158982,1.5246660933403446,True,pressure_curvature_r0.1,190216E5PSB1,False,False
23,10,3,cell,cell,12,3,33.732330517804115,1.029046485290052,1.015346808257972,True,pressure_curvature_r0.1,190216E5PSB1,False,False
24,52,11,outer,cell,-1,31,38.0,,,False,pressure_curvature_r0.1,190216E5PSB1,False,False
25,12,0,cell,cell,48,30,16.759014303503385,1.6440706191526564,1.6221831370784379,True,pressure_curvature_r0.1,190216E5PSB1,False,False
26,1,12,cell,cell,7,48,27.57961714223806,0.7448119510540132,0.7348962831760967,True,pressure_curvature_r0.1,190216E5PSB1,False,False
27,11,9,cell,cell,31,14,11.558657596317166,1.4034242781888242,1.3847405164491902,True,pressure_curvature_r0.1,190216E5PSB1,False,False
28,12,52,cell,outer,48,-1,17.0,,,False,pressure_curvature_r0.1,190216E5PSB1,False,False
29,8,51,cell,gap,18,-1,6.261737019602286,0.46401241047801745,0.4578350217465122,True,pressure_curvature_r0.1,190216E5PSB1,False,False
30,51,7,gap,cell,-1,42,1.4169730060943293,1.1954503573390398,1.1795353486027595,True,pressure_curvature_r0.1,190216E5PSB1,False,False
31,13,7,cell,cell,24,42,66.06931197799777,1.2281562806762907,1.211805858580982,True,pressure_curvature_r0.1,190216E5PSB1,False,False
32,51,13,gap,cell,-1,24,4.515181057820202,0.2194329121561434,0.21651160581117235,True,pressure_curvature_r0.1,190216E5PSB1,False,False
33,9,10,cell,cell,14,12,10.178132521123993,1.3329017506282907,1.315156854007848,True,pressure_curvature_r0.1,190216E5PSB1,False,False
34,14,9,cell,cell,10,14,38.23350800713651,0.9442036289876341,0.9316334633492931,True,pressure_curvature_r0.1,190216E5PSB1,False,False
35,7,12,cell,cell,42,48,20.868182876493492,0.6905906105521349,0.6813967903883309,True,pressure_curvature_r0.1,190216E5PSB1,False,False
36,11,14,cell,cell,31,10,27.427498270844843,0.9288634079735361,0.9164974664169037,True,pressure_curvature_r0.1,190216E5PSB1,False,False
37,8,13,cell,cell,18,24,24.969972827038248,0.8536467813897799,0.8422821974067556,True,pressure_curvature_r0.1,190216E5PSB1,False,False
38,10,8,cell,cell,12,18,22.582670736859445,1.7653869932571418,1.7418844285139747,True,pressure_curvature_r0.1,190216E5PSB1,False,False
39,12,15,cell,cell,48,45,28.114752000917594,0.4967418263391694,0.49012871149309506,True,pressure_curvature_r0.1,190216E5PSB1,False,False
40,16,10,cell,cell,25,12,34.53963416009296,1.386035667053387,1.3675833995756714,True,pressure_curvature_r0.1,190216E5PSB1,False,False
41,9,16,cell,cell,14,25,6.661265692680363,0.7999766612089432,0.7893265865539821,True,pressure_curvature_r0.1,190216E5PSB1,False,False
42,15,52,cell,outer,45,-1,21.0,,,False,pressure_curvature_r0.1,190216E5PSB1,False,False
43,14,16,cell,cell,10,25,29.936977928747666,1.1956171980639752,1.179699968180176,True,pressure_curvature_r0.1,190216E5PSB1,False,False
44,7,15,cell,cell,42,45,33.93965027018316,0.5509717580812417,0.5436366811460313,True,pressure_curvature_r0.1,190216E5PSB1,False,False
45,17,11,cell,cell,21,31,16.248513976346853,2.0915622689401383,2.0637173387192376,True,pressure_curvature_r0.1,190216E5PSB1,False,False
46,52,17,outer,cell,-1,21,33.0,,,False,pressure_curvature_r0.1,190216E5PSB1,False,False
47,18,13,cell,cell,13,24,40.455276807421114,1.1790811392418845,1.163384053606654,True,pressure_curvature_r0.1,190216E5PSB1,False,False
48,8,18,cell,cell,18,13,30.33836893325067,1.0760434218696275,1.0617180754806808,True,pressure_curvature_r0.1,190216E5PSB1,False,False
49,17,14,cell,cell,21,10,13.687180339690071,1.992015331653137,1.9654956679871094,True,pressure_curvature_r0.1,190216E5PSB1,False,False
50,19,8,cell,cell,22,18,16.577658537460408,2.03629119502541,2.0091820876003417,True,pressure_curvature_r0.1,190216E5PSB1,False,False
51,10,19,cell,cell,12,22,17.5446583088117,1.5542539721885396,1.533562217492143,True,pressure_curvature_r0.1,190216E5PSB1,False,False
52,20,10,cell,cell,8,12,19.381975112960706,1.5600424135241147,1.5392735974141183,True,pressure_curvature_r0.1,190216E5PSB1,False,False
53,16,20,cell,cell,25,8,26.13292018078049,0.44719020889473665,0.4412367738251445,True,pressure_curvature_r0.1,190216E5PSB1,False,False
54,7,52,cell,outer,42,-1,37.0,,,False,pressure_curvature_r0.1,190216E5PSB1,False,False
55,21,14,cell,cell,15,10,28.77065575943721,1.807486373977286,1.7834233409488072,True,pressure_curvature_r0.1,190216E5PSB1,False,False
56,17,21,cell,cell,21,15,29.95573594054267,0.9164437272791974,0.9042431287044285,True,pressure_curvature_r0.1,190216E5PSB1,False,False
57,19,18,cell,cell,22,13,32.93332300752489,1.5284383893173028,1.5080903170033704,True,pressure_curvature_r0.1,190216E5PSB1,False,False
58,20,19,cell,cell,8,22,36.24849853751813,1.269238887508529,1.2523415334200765,True,pressure_curvature_r0.1,190216E5PSB1,False,False
59,22,16,cell,cell,19,25,15.89375844836411,1.6099887507664394,1.588554999982513,True,pressure_curvature_r0.1,190216E5PSB1,False,True
60,14,22,cell,cell,10,19,10.523085971319006,1.2582019542250642,1.2414515346274917,True,pressure_curvature_r0.1,190216E5PSB1,False,False
61,13,23,cell,cell,24,6,17.17813252112399,0.650689484575879,0.6420268673721988,True,pressure_curvature_r0.1,190216E5PSB1,False,False
62,23,7,cell,cell,6,42,45.2266859801697,1.4110853615654144,1.3922996079629486,True,pressure_curvature_r0.1,190216E5PSB1,False,False
63,18,23,cell,cell,13,6,26.128285121609558,0.5677222425413934,0.5601641667130179,True,pressure_curvature_r0.1,190216E5PSB1,False,False
64,21,22,cell,cell,15,19,43.55644462186743,1.1813066255239877,1.1655799120305992,True,pressure_curvature_r0.1,190216E5PSB1,False,False
65,22,20,cell,cell,19,8,37.61840126986098,1.5144458695409666,1.494284079386821,True,pressure_curvature_r0.1,190216E5PSB1,True,True
66,24,17,cell,cell,4,21,11.304471422346904,1.6045333082803708,1.583172185702453,True,pressure_curvature_r0.1,190216E5PSB1,False,False
67,52,24,outer,cell,-1,4,32.0,,,False,pressure_curvature_r0.1,190216E5PSB1,False,False
68,25,18,cell,cell,16,13,47.34665563727714,0.9088396596838388,0.8967402939218492,True,pressure_curvature_r0.1,190216E5PSB1,False,False
69,19,25,cell,cell,22,16,49.55139721159753,0.8593872329229156,0.8479462264136532,True,pressure_curvature_r0.1,190216E5PSB1,False,False
70,24,21,cell,cell,4,15,37.79472115939474,1.574667244788816,1.5537037285677564,True,pressure_curvature_r0.1,190216E5PSB1,False,False
71,23,52,cell,outer,6,-1,44.0,,,False,pressure_curvature_r0.1,190216E5PSB1,False,False
72,25,23,cell,cell,16,6,1.4169730060943293,1.0134926085556764,1.0,True,pressure_curvature_r0.1,190216E5PSB1,False,False
73,26,23,cell,cell,17,6,37.790393850770336,0.5737048609933959,0.5660671386750221,True,pressure_curvature_r0.1,190216E5PSB1,False,False
74,25,26,cell,cell,16,17,34.347009306249284,0.3507742146702495,0.34610436396782035,True,pressure_curvature_r0.1,190216E5PSB1,False,False
75,27,19,cell,cell,32,22,84.31194931435202,0.7031307595953101,0.6937699926567186,True,pressure_curvature_r0.1,190216E5PSB1,False,False
76,20,27,cell,cell,8,32,7.144046695842728,1.018496450243877,1.0049372256353517,True,pressure_curvature_r0.1,190216E5PSB1,False,False
77,28,20,cell,cell,20,8,3.1836008691813857,1.6872773980643603,1.664814704932966,True,pressure_curvature_r0.1,190216E5PSB1,False,True
78,22,28,cell,cell,19,20,38.51957919644806,0.8256556173037666,0.8146636791761162,True,pressure_curvature_r0.1,190216E5PSB1,False,False
79,28,27,cell,cell,20,32,36.96712140707075,1.4962002255363802,1.4762813393070604,True,pressure_curvature_r0.1,190216E5PSB1,False,False
80,29,21,cell,cell,2,15,25.378187293118934,1.4012213312518598,1.3825668973044942,True,pressure_curvature_r0.1,190216E5PSB1,False,False
81,24,29,cell,cell,4,2,9.531904173754295,1.2292341313066615,1.2128693598056304,True,pressure_curvature_r0.1,190216E5PSB1,False,False
82,29,22,cell,cell,2,19,8.996994757511171,1.770115630229852,1.7465501132291785,True,pressure_curvature_r0.1,190216E5PSB1,False,False
83,30,24,cell,cell,5,4,33.96949111195807,1.5076636745468195,1.4875921756305495,True,pressure_curvature_r0.1,190216E5PSB1,False,False
84,52,30,outer,cell,-1,5,34.0,,,False,pressure_curvature_r0.1,190216E5PSB1,False,False
85,31,23,cell,cell,34,6,26.191072454293757,0.21419426360471544,0.21134269929206756,True,pressure_curvature_r0.1,190216E5PSB1,False,False
86,26,31,cell,cell,17,34,20.15446252123282,0.437551139748288,0.4317260294298941,True,pressure_curvature_r0.1,190216E5PSB1,False,False
87,29,28,cell,cell,2,20,47.969861751420126,1.1143821324447918,1.0995463835033712,True,pressure_curvature_r0.1,190216E5PSB1,False,False
88,30,29,cell,cell,5,2,17.345186455286722,1.6756455201403329,1.6533376819869339,True,pressure_curvature_r0.1,190216E5PSB1,False,False
89,32,25,cell,cell,54,16,7.6333374568367045,0.8484535843233165,0.8371581372778276,True,pressure_curvature_r0.1,190216E5PSB1,False,False
90,19,32,cell,cell,22,54,11.834022656158188,0.29912121980436246,0.2951390244775823,True,pressure_curvature_r0.1,190216E5PSB1,False,False
91,32,26,cell,cell,54,17,32.41729943166591,0.597404865491761,0.5894516254470962,True,pressure_curvature_r0.1,190216E5PSB1,False,False
92,33,27,cell,cell,39,32,83.2890008890117,0.6034289847076194,0.5953955456740462,True,pressure_curvature_r0.1,190216E5PSB1,False,True
93,27,32,cell,cell,32,54,38.56593589229511,0.5123269475805443,0.5055063483005161,True,pressure_curvature_r0.1,190216E5PSB1,False,False
94,34,31,cell,cell,47,34,14.361733390305378,0.38641934877895334,0.381274955058269,True,pressure_curvature_r0.1,190216E5PSB1,False,False
95,26,34,cell,cell,17,47,15.919450351226368,0.6017124564958319,0.5937018695709381,True,pressure_curvature_r0.1,190216E5PSB1,False,False
96,28,33,cell,cell,20,39,13.729063854209107,0.8942335810056072,0.8823286657018401,True,pressure_curvature_r0.1,190216E5PSB1,False,False
97,35,29,cell,cell,23,2,54.104476746315775,1.5778798579377833,1.556873572256647,True,pressure_curvature_r0.1,190216E5PSB1,False,False
98,30,35,cell,cell,5,23,31.292850369735042,0.8085262957391874,0.7977623999561423,True,pressure_curvature_r0.1,190216E5PSB1,False,False
99,34,23,cell,cell,47,6,5.807241748715274,0.2547447265342291,0.25135331465047844,True,pressure_curvature_r0.1,190216E5PSB1,False,False
100,34,52,cell,outer,47,-1,36.0,,,False,pressure_curvature_r0.1,190216E5PSB1,False,False
101,32,34,cell,cell,54,47,20.724709852721478,0.48900355361868186,0.4824934582557623,True,pressure_curvature_r0.1,190216E5PSB1,False,False
102,36,33,cell,cell,11,39,26.308908671856766,0.8861594982370238,0.874362073049438,True,pressure_curvature_r0.1,190216E5PSB1,False,False
103,28,36,cell,cell,20,11,22.900934762353444,0.7530404354577341,0.7430152219174924,True,pressure_curvature_r0.1,190216E5PSB1,False,False
104,37,30,cell,cell,33,5,26.106872851474083,0.9910707702543762,0.9778766632217936,True,pressure_curvature_r0.1,190216E5PSB1,False,False
105,52,37,outer,cell,-1,33,35.0,,,False,pressure_curvature_r0.1,190216E5PSB1,False,False
106,38,28,cell,cell,27,20,11.178132521123995,1.2116122508485634,1.1954820791196754,True,pressure_curvature_r0.1,190216E5PSB1,False,False
107,29,38,cell,cell,2,27,15.166566895933475,0.784646481808199,0.7742004975511316,True,pressure_curvature_r0.1,190216E5PSB1,False,False
108,38,36,cell,cell,27,11,39.84360117835865,0.6913079325681447,0.6821045627094651,True,pressure_curvature_r0.1,190216E5PSB1,False,False
109,27,34,cell,cell,32,47,16.04523322863264,0.42444772820086085,0.4187970633606686,True,pressure_curvature_r0.1,190216E5PSB1,False,False
110,39,30,cell,cell,50,5,8.294038661164253,0.9233396696665134,0.9110472655369046,True,pressure_curvature_r0.1,190216E5PSB1,False,False
111,37,39,cell,cell,33,50,18.974735318145118,0.26175527764717266,0.25827053442471465,True,pressure_curvature_r0.1,190216E5PSB1,False,False
112,39,35,cell,cell,50,23,60.285257434734156,1.1468172411221993,1.1315496841723625,True,pressure_curvature_r0.1,190216E5PSB1,False,False
113,35,38,cell,cell,23,27,17.953717433419122,1.565124427758207,1.5442879548856885,True,pressure_curvature_r0.1,190216E5PSB1,False,False
114,40,33,cell,cell,49,39,44.28157595134848,0.38164788211259604,0.3765670108403461,True,pressure_curvature_r0.1,190216E5PSB1,False,False
115,36,40,cell,cell,11,49,16.044237661546425,0.38597448772761234,0.3808360164339657,True,pressure_curvature_r0.1,190216E5PSB1,False,False
116,33,34,cell,cell,39,47,17.352505213178226,0.2857796630388749,0.28197508361322754,True,pressure_curvature_r0.1,190216E5PSB1,False,False
117,34,41,cell,cell,47,43,56.77070004154558,0.5747420365099905,0.5670905062929394,True,pressure_curvature_r0.1,190216E5PSB1,False,False
118,41,52,cell,outer,43,-1,124.12448474893256,,,False,pressure_curvature_r0.1,190216E5PSB1,False,False
119,42,39,cell,cell,29,50,48.9346658995381,0.3460364536061695,0.3414296766301083,True,pressure_curvature_r0.1,190216E5PSB1,False,False
120,38,40,cell,cell,27,49,15.094152768556505,0.5842073181321608,0.5764297767940428,True,pressure_curvature_r0.1,190216E5PSB1,False,False
121,37,42,cell,cell,33,29,18.712652059199108,0.4162806454700295,0.41073870885281455,True,pressure_curvature_r0.1,190216E5PSB1,False,False
122,43,38,cell,cell,40,27,57.87163194467531,0.4134058811189023,0.4079022161868996,True,pressure_curvature_r0.1,190216E5PSB1,False,False
123,35,43,cell,cell,23,40,11.0,1.2321094363450855,1.215706385960682,True,pressure_curvature_r0.1,190216E5PSB1,False,False
124,44,37,cell,cell,56,33,8.270256484885097,0.5386672278415521,0.5314959608923091,True,pressure_curvature_r0.1,190216E5PSB1,False,False
125,33,41,cell,cell,39,43,12.436717907765102,0.6076825299961351,0.5995924635919553,True,pressure_curvature_r0.1,190216E5PSB1,False,False
126,52,44,outer,cell,-1,56,11.0,,,False,pressure_curvature_r0.1,190216E5PSB1,False,False
127,44,42,cell,cell,56,29,14.629739267754749,0.2895827206309053,0.2857275111691128,True,pressure_curvature_r0.1,190216E5PSB1,False,False
128,43,40,cell,cell,40,49,26.4504333313574,0.5143782294529782,0.5075303214949107,True,pressure_curvature_r0.1,190216E5PSB1,False,False
129,35,45,cell,cell,23,36,18.821113328986797,1.395927483393545,1.3773435263458655,True,pressure_curvature_r0.1,190216E5PSB1,False,False
130,45,43,cell,cell,36,40,41.445568730252106,1.2913777033388778,1.2741856156003093,True,pressure_curvature_r0.1,190216E5PSB1,False,False
131,33,43,cell,cell,39,40,33.66305430603306,0.3345172577862583,0.33006383565340186,True,pressure_curvature_r0.1,190216E5PSB1,False,False
132,43,41,cell,cell,40,43,53.18804036502859,0.6303472369284276,0.6219554356955129,True,pressure_curvature_r0.1,190216E5PSB1,False,False
133,52,42,outer,cell,-1,29,40.0,,,False,pressure_curvature_r0.1,190216E5PSB1,False,False
134,39,45,cell,cell,50,36,4.135128242442549,0.9587132530115795,0.9459499210140637,True,pressure_curvature_r0.1,190216E5PSB1,False,False
135,46,45,cell,cell,1,36,41.15393517579372,1.164497078807812,1.1489941505023222,True,pressure_curvature_r0.1,190216E5PSB1,False,False
136,39,46,cell,cell,50,1,32.77524040974702,1.0974880530242788,1.0828772146531034,True,pressure_curvature_r0.1,190216E5PSB1,False,False
137,42,46,cell,cell,29,1,10.816938326018091,1.1317555999609448,1.1166885583643322,True,pressure_curvature_r0.1,190216E5PSB1,False,False
138,47,43,cell,cell,44,40,39.092381837154136,1.0655729219307963,1.0513869691159754,True,pressure_curvature_r0.1,190216E5PSB1,False,False
139,45,47,cell,cell,36,44,26.962922283287284,0.07870624383239666,0.07765842904820053,True,pressure_curvature_r0.1,190216E5PSB1,False,False
140,42,48,cell,cell,29,26,42.01832288446139,1.062237439589255,1.048095891989824,True,pressure_curvature_r0.1,190216E5PSB1,False,False
141,48,46,cell,cell,26,1,12.223687387916279,1.4602613286256303,1.4408208962733748,True,pressure_curvature_r0.1,190216E5PSB1,False,False
142,46,47,cell,cell,1,44,19.33700087672917,1.3433168272244262,1.3254332748798048,True,pressure_curvature_r0.1,190216E5PSB1,False,False
143,49,46,cell,cell,51,1,31.382350573748838,1.0833593970069202,1.0689366531748177,True,pressure_curvature_r0.1,190216E5PSB1,False,False
144,50,42,cell,cell,35,29,9.082983875471744,0.7053056484060233,0.6959159272124846,True,pressure_curvature_r0.1,190216E5PSB1,False,False
145,48,49,cell,cell,26,51,11.526464686912552,0.7737449270438974,0.7634440749859615,True,pressure_curvature_r0.1,190216E5PSB1,False,False
146,52,50,outer,cell,-1,35,15.124484748932566,,,False,pressure_curvature_r0.1,190216E5PSB1,False,False
147,50,48,cell,cell,35,26,9.091462069233005,0.6460167795628768,0.6374163699955467,True,pressure_curvature_r0.1,190216E5PSB1,False,False
148,43,52,cell,outer,40,-1,49.0,,,False,pressure_curvature_r0.1,190216E5PSB1,False,False
149,47,52,cell,outer,44,-1,36.0,,,False,pressure_curvature_r0.1,190216E5PSB1,False,False
150,46,52,cell,outer,1,-1,33.0,,,False,pressure_curvature_r0.1,190216E5PSB1,False,False
151,49,52,cell,outer,51,-1,26.0,,,False,pressure_curvature_r0.1,190216E5PSB1,False,False
152,48,52,cell,outer,26,-1,52.0,,,False,pressure_curvature_r0.1,190216E5PSB1,False,False
0,0,52,cell,outer,30,-1,94.12448474893256,,,False,pressure_curvature_r0.01,190216E5PSB1,False,False
1,52,1,outer,cell,-1,7,22.0,,,False,pressure_curvature_r0.01,190216E5PSB1,False,False
2,52,2,outer,cell,-1,41,22.0,,,False,pressure_curvature_r0.01,190216E5PSB1,False,False
3,52,3,outer,cell,-1,3,51.0,,,False,pressure_curvature_r0.01,190216E5PSB1,False,False
4,52,4,outer,cell,-1,9,38.0,,,False,pressure_curvature_r0.01,190216E5PSB1,False,False
5,52,5,outer,cell,-1,55,29.0,,,False,pressure_curvature_r0.01,190216E5PSB1,False,False
6,52,6,outer,cell,-1,38,47.124484748932566,,,False,pressure_curvature_r0.01,190216E5PSB1,False,False
7,1,0,cell,cell,7,30,58.993715258959824,1.3148120056437398,1.3291367023858887,True,pressure_curvature_r0.01,190216E5PSB1,False,False
8,2,1,cell,cell,41,7,2.0,1.3001902402118368,1.3143556348220096,True,pressure_curvature_r0.01,190216E5PSB1,False,False
9,3,2,cell,cell,3,41,4.5444603598349005,1.5578313087720588,1.5748036675410668,True,pressure_curvature_r0.01,190216E5PSB1,False,False
10,4,3,cell,cell,9,3,22.053047978320908,0.8616833143812413,0.8710712360866244,True,pressure_curvature_r0.01,190216E5PSB1,False,False
11,5,4,cell,cell,55,9,15.094191502249902,1.3696363980859823,1.3845583990757624,True,pressure_curvature_r0.01,190216E5PSB1,False,False
12,6,5,cell,cell,38,55,9.604188354461245,1.3734045816418272,1.3883676364754076,True,pressure_curvature_r0.01,190216E5PSB1,False,False
13,7,1,cell,cell,42,7,60.46879679936794,1.3234560639694013,1.3378749365432319,True,pressure_curvature_r0.01,190216E5PSB1,False,False
14,2,7,cell,cell,41,42,20.248498537518127,0.8863263193339407,0.8959827232035019,True,pressure_curvature_r0.01,190216E5PSB1,False,False
15,3,7,cell,cell,3,42,4.0,1.6046089288353125,1.6220909233688627,True,pressure_curvature_r0.01,190216E5PSB1,False,False
16,8,7,cell,cell,18,42,35.725622605306064,1.374578347142959,1.3895541899909307,True,pressure_curvature_r0.01,190216E5PSB1,False,False
17,3,8,cell,cell,3,18,43.766729216314715,1.2919516658878263,1.3060273023589857,True,pressure_curvature_r0.01,190216E5PSB1,False,False
18,9,5,cell,cell,14,55,14.387806044888364,1.4718227009167342,1.487858007681765,True,pressure_curvature_r0.01,190216E5PSB1,False,False
19,6,9,cell,cell,38,14,24.38257989127996,0.8644037434445964,0.8738213038520705,True,pressure_curvature_r0.01,190216E5PSB1,False,False
20,9,4,cell,cell,14,9,29.78276080834686,1.5251864474541583,1.5418031449297183,True,pressure_curvature_r0.01,190216E5PSB1,False,False
21,4,10,cell,cell,9,12,34.184273597665666,1.058426809613579,1.0699582247561197,True,pressure_curvature_r0.01,190216E5PSB1,False,False
22,11,6,cell,cell,31,38,18.182836077315777,1.736081210727826,1.7549955777678827,True,pressure_curvature_r0.01,190216E5PSB1,False,False
23,10,3,cell,cell,12,3,33.732330517804115,1.0462102037659493,1.0576085206608057,True,pressure_curvature_r0.01,190216E5PSB1,False,False
24,52,11,outer,cell,-1,31,38.0,,,False,pressure_curvature_r0.01,190216E5PSB1,False,False
25,12,0,cell,cell,48,30,16.759014303503385,1.7716877808660882,1.7909900766115943,True,pressure_curvature_r0.01,190216E5PSB1,False,False
26,1,12,cell,cell,7,48,27.57961714223806,0.763877465670124,0.7721998060480006,True,pressure_curvature_r0.01,190216E5PSB1,False,False
27,11,9,cell,cell,31,14,11.558657596317166,1.57372233433381,1.5908678236500877,True,pressure_curvature_r0.01,190216E5PSB1,False,False
28,12,52,cell,outer,48,-1,17.0,,,False,pressure_curvature_r0.01,190216E5PSB1,False,False
29,8,51,cell,gap,18,-1,6.261737019602286,0.40613877919491426,0.41056360557482346,True,pressure_curvature_r0.01,190216E5PSB1,False,False
30,51,7,gap,cell,-1,42,1.4169730060943293,1.2542345096724157,1.2678992228918533,True,pressure_curvature_r0.01,190216E5PSB1,False,False
31,13,7,cell,cell,24,42,66.06931197799777,1.2880379089504834,1.302070905575787,True,pressure_curvature_r0.01,190216E5PSB1,False,False
32,51,13,gap,cell,-1,24,4.515181057820202,0.18204250547908607,0.1840258336461362,True,pressure_curvature_r0.01,190216E5PSB1,False,False
33,9,10,cell,cell,14,12,10.178132521123993,1.4009800528312932,1.4162435386471093,True,pressure_curvature_r0.01,190216E5PSB1,False,False
34,14,9,cell,cell,10,14,38.23350800713651,1.0000451208238,1.0109404754621634,True,pressure_curvature_r0.01,190216E5PSB1,False,False
35,7,12,cell,cell,42,48,20.868182876493492,0.6202511103211316,0.6270086612266553,True,pressure_curvature_r0.01,190216E5PSB1,False,False
36,11,14,cell,cell,31,10,27.427498270844843,1.1054058864362206,1.1174491321871083,True,pressure_curvature_r0.01,190216E5PSB1,False,False
37,8,13,cell,cell,18,24,24.969972827038248,0.7808691141936498,0.7893765762552377,True,pressure_curvature_r0.01,190216E5PSB1,False,False
38,10,8,cell,cell,12,18,22.582670736859445,1.8647101551745888,1.8850259169490664,True,pressure_curvature_r0.01,190216E5PSB1,False,False
39,12,15,cell,cell,48,45,28.114752000917594,0.4467081509820434,0.4515749751117264,True,pressure_curvature_r0.01,190216E5PSB1,False,False
40,16,10,cell,cell,25,12,34.53963416009296,1.4573343818448368,1.4732118403577086,True,pressure_curvature_r0.01,190216E5PSB1,False,False
41,9,16,cell,cell,14,25,6.661265692680363,0.8160093505981928,0.8248996607230642,True,pressure_curvature_r0.01,190216E5PSB1,False,False
42,15,52,cell,outer,45,-1,21.0,,,False,pressure_curvature_r0.01,190216E5PSB1,False,False
43,14,16,cell,cell,10,25,29.936977928747666,1.2919451066707777,1.3060206716801654,True,pressure_curvature_r0.01,190216E5PSB1,False,False
44,7,15,cell,cell,42,45,33.93965027018316,0.5078555816763326,0.513388598689483,True,pressure_curvature_r0.01,190216E5PSB1,False,False
45,17,11,cell,cell,21,31,16.248513976346853,2.7786712684506467,2.8089445113901874,True,pressure_curvature_r0.01,190216E5PSB1,False,False
46,52,17,outer,cell,-1,21,33.0,,,False,pressure_curvature_r0.01,190216E5PSB1,False,False
47,18,13,cell,cell,13,24,40.455276807421114,1.085831789068557,1.0976617777092346,True,pressure_curvature_r0.01,190216E5PSB1,False,False
48,8,18,cell,cell,18,13,30.33836893325067,1.0513162297505856,1.0627701760992905,True,pressure_curvature_r0.01,190216E5PSB1,False,False
49,17,14,cell,cell,21,10,13.687180339690071,2.5890096154014595,2.617216520604592,True,pressure_curvature_r0.01,190216E5PSB1,False,False
50,19,8,cell,cell,22,18,16.577658537460408,2.127689677582959,2.150870565239863,True,pressure_curvature_r0.01,190216E5PSB1,False,False
51,10,19,cell,cell,12,22,17.5446583088117,1.625433982208628,1.6431428628467555,True,pressure_curvature_r0.01,190216E5PSB1,False,False
52,20,10,cell,cell,8,12,19.381975112960706,1.641511726005458,1.659395771460456,True,pressure_curvature_r0.01,190216E5PSB1,False,False
53,16,20,cell,cell,25,8,26.13292018078049,0.41063334461643974,0.41510713867109994,True,pressure_curvature_r0.01,190216E5PSB1,False,False
54,7,52,cell,outer,42,-1,37.0,,,False,pressure_curvature_r0.01,190216E5PSB1,False,False
55,21,14,cell,cell,15,10,28.77065575943721,2.248890173876295,2.273391524342291,True,pressure_curvature_r0.01,190216E5PSB1,False,False
56,17,21,cell,cell,21,15,29.95573594054267,1.1191179420408512,1.1313105787597288,True,pressure_curvature_r0.01,190216E5PSB1,False,False
57,19,18,cell,cell,22,13,32.93332300752489,1.5608721000234242,1.5778775877966893,True,pressure_curvature_r0.01,190216E5PSB1,False,False
58,20,19,cell,cell,8,22,36.24849853751813,1.295858954833564,1.3099771606826962,True,pressure_curvature_r0.01,190216E5PSB1,False,False
59,22,16,cell,cell,19,25,15.89375844836411,1.7866724269257332,1.8061379783379594,True,pressure_curvature_r0.01,190216E5PSB1,False,True
60,14,22,cell,cell,10,19,10.523085971319006,1.4675189329242102,1.4835073507263499,True,pressure_curvature_r0.01,190216E5PSB1,False,False
61,13,23,cell,cell,24,6,17.17813252112399,0.5768662184631426,0.583151096913297,True,pressure_curvature_r0.01,190216E5PSB1,False,False
62,23,7,cell,cell,6,42,45.2266859801697,1.445042039588698,1.4607855747160865,True,pressure_curvature_r0.01,190216E5PSB1,False,False
63,18,23,cell,cell,13,6,26.128285121609558,0.4637893740190282,0.4688422957344797,True,pressure_curvature_r0.01,190216E5PSB1,False,False
64,21,22,cell,cell,15,19,43.55644462186743,1.4012284552112417,1.4164946473369695,True,pressure_curvature_r0.01,190216E5PSB1,False,False
65,22,20,cell,cell,19,8,37.61840126986098,1.648105015060723,1.666060893497048,True,pressure_curvature_r0.01,190216E5PSB1,True,True
66,24,17,cell,cell,4,21,11.304471422346904,1.9394479006679364,1.9605779199444666,True,pressure_curvature_r0.01,190216E5PSB1,False,False
67,52,24,outer,cell,-1,4,32.0,,,False,pressure_curvature_r0.01,190216E5PSB1,False,False
68,25,18,cell,cell,16,13,47.34665563727714,0.9159614666278536,0.9259407413687424,True,pressure_curvature_r0.01,190216E5PSB1,False,False
69,19,25,cell,cell,22,16,49.55139721159753,0.7943005368432681,0.8029543324152328,True,pressure_curvature_r0.01,190216E5PSB1,False,False
70,24,21,cell,cell,4,15,37.79472115939474,1.8190018631569163,1.8388196393494671,True,pressure_curvature_r0.01,190216E5PSB1,False,False
71,23,52,cell,outer,6,-1,44.0,,,False,pressure_curvature_r0.01,190216E5PSB1,False,False
72,25,23,cell,cell,16,6,1.4169730060943293,0.9011493919886235,0.9109672912047847,True,pressure_curvature_r0.01,190216E5PSB1,False,False
73,26,23,cell,cell,17,6,37.790393850770336,0.4470215227357885,0.45189176100781325,True,pressure_curvature_r0.01,190216E5PSB1,False,False
74,25,26,cell,cell,16,17,34.347009306249284,0.3134697651630459,0.31688497532580584,True,pressure_curvature_r0.01,190216E5PSB1,False,False
75,27,19,cell,cell,32,22,84.31194931435202,0.6449991547968624,0.652026332257783,True,pressure_curvature_r0.01,190216E5PSB1,False,False
76,20,27,cell,cell,8,32,7.144046695842728,1.0129115047119992,1.0239470368408141,True,pressure_curvature_r0.01,190216E5PSB1,False,False
77,28,20,cell,cell,20,8,3.1836008691813857,1.7629298055527254,1.7821366843565694,True,pressure_curvature_r0.01,190216E5PSB1,False,True
78,22,28,cell,cell,19,20,38.51957919644806,0.8834327414527837,0.893057620187596,True,pressure_curvature_r0.01,190216E5PSB1,False,False
79,28,27,cell,cell,20,32,36.96712140707075,1.485361963508844,1.5015447786856566,True,pressure_curvature_r0.01,190216E5PSB1,False,False
80,29,21,cell,cell,2,15,25.378187293118934,1.5838702050183842,1.6011262539960516,True,pressure_curvature_r0.01,190216E5PSB1,False,False
81,24,29,cell,cell,4,2,9.531904173754295,1.3566761914538386,1.3714569927672209,True,pressure_curvature_r0.01,190216E5PSB1,False,False
82,29,22,cell,cell,2,19,8.996994757511171,1.9665287189592946,1.987953780042477,True,pressure_curvature_r0.01,190216E5PSB1,False,False
83,30,24,cell,cell,5,4,33.96949111195807,1.676722550075578,1.694990212636809,True,pressure_curvature_r0.01,190216E5PSB1,False,False
84,52,30,outer,cell,-1,5,34.0,,,False,pressure_curvature_r0.01,190216E5PSB1,False,False
85,31,23,cell,cell,34,6,26.191072454293757,0.1469203767533943,0.1485210541378423,True,pressure_curvature_r0.01,190216E5PSB1,False,False
86,26,31,cell,cell,17,34,20.15446252123282,0.29658582166993064,0.29981708358053566,True,pressure_curvature_r0.01,190216E5PSB1,False,False
87,29,28,cell,cell,2,20,47.969861751420126,1.1486340741687178,1.1611482851049877,True,pressure_curvature_r0.01,190216E5PSB1,False,False
88,30,29,cell,cell,5,2,17.345186455286722,1.826957749711299,1.8468622041983265,True,pressure_curvature_r0.01,190216E5PSB1,False,False
89,32,25,cell,cell,54,16,7.6333374568367045,0.7441527594052818,0.7522602018096389,True,pressure_curvature_r0.01,190216E5PSB1,False,False
90,19,32,cell,cell,22,54,11.834022656158188,0.2280290996175529,0.23051344543002322,True,pressure_curvature_r0.01,190216E5PSB1,False,False
91,32,26,cell,cell,54,17,32.41729943166591,0.46785633588262615,0.47295356659062404,True,pressure_curvature_r0.01,190216E5PSB1,False,False
92,33,27,cell,cell,39,32,83.2890008890117,0.51438425832771,0.5199884043788955,True,pressure_curvature_r0.01,190216E5PSB1,False,True
93,27,32,cell,cell,32,54,38.56593589229511,0.4282378749697341,0.43290346797170876,True,pressure_curvature_r0.01,190216E5PSB1,False,False
94,34,31,cell,cell,47,34,14.361733390305378,0.23995081773169236,0.24256504903037468,True,pressure_curvature_r0.01,190216E5PSB1,False,False
95,26,34,cell,cell,17,47,15.919450351226368,0.4009997274593814,0.4053685645744088,True,pressure_curvature_r0.01,190216E5PSB1,False,False
96,28,33,cell,cell,20,39,13.729063854209107,0.8754875007059097,0.8850258171308605,True,pressure_curvature_r0.01,190216E5PSB1,False,False
97,35,29,cell,cell,23,2,54.104476746315775,1.675142317812906,1.693392763960043,True,pressure_curvature_r0.01,190216E5PSB1,False,False
98,30,35,cell,cell,5,23,31.292850369735042,0.8132974140437338,0.8221581779912355,True,pressure_curvature_r0.01,190216E5PSB1,False,False
99,34,23,cell,cell,47,6,5.807241748715274,0.15825333972448896,0.15997748818849364,True,pressure_curvature_r0.01,190216E5PSB1,False,False
100,34,52,cell,outer,47,-1,36.0,,,False,pressure_curvature_r0.01,190216E5PSB1,False,False
101,32,34,cell,cell,54,47,20.724709852721478,0.3046496709853156,0.3079687874298931,True,pressure_curvature_r0.01,190216E5PSB1,False,False
102,36,33,cell,cell,11,39,26.308908671856766,0.784934505911697,0.7934862598593105,True,pressure_curvature_r0.01,190216E5PSB1,False,False
103,28,36,cell,cell,20,11,22.900934762353444,0.6861678328707401,0.6936435374413555,True,pressure_curvature_r0.01,190216E5PSB1,False,False
104,37,30,cell,cell,33,5,26.106872851474083,0.8381927568469346,0.8473247521449389,True,pressure_curvature_r0.01,190216E5PSB1,False,False
105,52,37,outer,cell,-1,33,35.0,,,False,pressure_curvature_r0.01,190216E5PSB1,False,False
106,38,28,cell,cell,27,20,11.178132521123995,1.1345153827064973,1.1468757724327965,True,pressure_curvature_r0.01,190216E5PSB1,False,False
107,29,38,cell,cell,2,27,15.166566895933475,0.7520297145765804,0.7602229753288048,True,pressure_curvature_r0.01,190216E5PSB1,False,False
108,38,36,cell,cell,27,11,39.84360117835865,0.5633169190843104,0.5694541797732661,True,pressure_curvature_r0.01,190216E5PSB1,False,False
109,27,34,cell,cell,32,47,16.04523322863264,0.30771883449970416,0.3110713890604587,True,pressure_curvature_r0.01,190216E5PSB1,False,False
110,39,30,cell,cell,50,5,8.294038661164253,0.8426527000528952,0.8518332858213532,True,pressure_curvature_r0.01,190216E5PSB1,False,False
111,37,39,cell,cell,33,50,18.974735318145118,0.1579394026477755,0.15966013081032207,True,pressure_curvature_r0.01,190216E5PSB1,False,False
112,39,35,cell,cell,50,23,60.285257434734156,1.0911210826860551,1.1030086974563433,True,pressure_curvature_r0.01,190216E5PSB1,False,False
113,35,38,cell,cell,23,27,17.953717433419122,1.6159516334338773,1.6335572051806815,True,pressure_curvature_r0.01,190216E5PSB1,False,False
114,40,33,cell,cell,49,39,44.28157595134848,0.31645719218519874,0.31990494995624635,True,pressure_curvature_r0.01,190216E5PSB1,False,False
115,36,40,cell,cell,11,49,16.044237661546425,0.27841472448492566,0.2814480147801742,True,pressure_curvature_r0.01,190216E5PSB1,False,False
116,33,34,cell,cell,39,47,17.352505213178226,0.19277404761866745,0.1948742944676776,True,pressure_curvature_r0.01,190216E5PSB1,False,False
117,34,41,cell,cell,47,43,56.77070004154558,0.3634410227758381,0.36740066294688395,True,pressure_curvature_r0.01,190216E5PSB1,False,False
118,41,52,cell,outer,43,-1,124.12448474893256,,,False,pressure_curvature_r0.01,190216E5PSB1,False,False
119,42,39,cell,cell,29,50,48.9346658995381,0.21076298444851838,0.21305921830076183,True,pressure_curvature_r0.01,190216E5PSB1,False,False
120,38,40,cell,cell,27,49,15.094152768556505,0.4210019727425264,0.4255887315806695,True,pressure_curvature_r0.01,190216E5PSB1,False,False
121,37,42,cell,cell,33,29,18.712652059199108,0.29708311647232355,0.3003197963416977,True,pressure_curvature_r0.01,190216E5PSB1,False,False
122,43,38,cell,cell,40,27,57.87163194467531,0.3852847920262882,0.3894824170718827,True,pressure_curvature_r0.01,190216E5PSB1,False,False
123,35,43,cell,cell,23,40,11.0,1.2741563672887195,1.2880381264186513,True,pressure_curvature_r0.01,190216E5PSB1,False,False
124,44,37,cell,cell,56,33,8.270256484885097,0.45210983654942094,0.45703551130361675,True,pressure_curvature_r0.01,190216E5PSB1,False,False
125,33,41,cell,cell,39,43,12.436717907765102,0.4157237791261992,0.4202530327677243,True,pressure_curvature_r0.01,190216E5PSB1,False,False
126,52,44,outer,cell,-1,56,11.0,,,False,pressure_curvature_r0.01,190216E5PSB1,False,False
127,44,42,cell,cell,56,29,14.629739267754749,0.14759463134772055,0.1492026546436367,True,pressure_curvature_r0.01,190216E5PSB1,False,False
128,43,40,cell,cell,40,49,26.4504333313574,0.38939321635743174,0.3936356021234783,True,pressure_curvature_r0.01,190216E5PSB1,False,False
129,35,45,cell,cell,23,36,18.821113328986797,1.3591730338293693,1.3739810378984982,True,pressure_curvature_r0.01,190216E5PSB1,False,False
130,45,43,cell,cell,36,40,41.445568730252106,1.2899567537694807,1.3040106559463076,True,pressure_curvature_r0.01,190216E5PSB1,False,False
131,33,43,cell,cell,39,40,33.66305430603306,0.24035606218729955,0.24297470856882877,True,pressure_curvature_r0.01,190216E5PSB1,False,False
132,43,41,cell,cell,40,43,53.18804036502859,0.4128146926486548,0.4173122521913973,True,pressure_curvature_r0.01,190216E5PSB1,False,False
133,52,42,outer,cell,-1,29,40.0,,,False,pressure_curvature_r0.01,190216E5PSB1,False,False
134,39,45,cell,cell,50,36,4.135128242442549,0.849672686921278,0.8589297544853021,True,pressure_curvature_r0.01,190216E5PSB1,False,False
135,46,45,cell,cell,1,36,41.15393517579372,1.0599573009172345,1.0715053905529328,True,pressure_curvature_r0.01,190216E5PSB1,False,False
136,39,46,cell,cell,50,1,32.77524040974702,0.9892225557262582,1.0,True,pressure_curvature_r0.01,190216E5PSB1,False,False
137,42,46,cell,cell,29,1,10.816938326018091,0.9765411940663613,0.9871804766414909,True,pressure_curvature_r0.01,190216E5PSB1,False,False
138,47,43,cell,cell,44,40,39.092381837154136,1.062724502699118,1.0743027406192702,True,pressure_curvature_r0.01,190216E5PSB1,False,False
139,45,47,cell,cell,36,44,26.962922283287284,0.029384333192582046,0.02970447147862387,True,pressure_curvature_r0.01,190216E5PSB1,False,False
140,42,48,cell,cell,29,26,42.01832288446139,0.9055054199961925,0.9153707775409519,True,pressure_curvature_r0.01,190216E5PSB1,False,False
141,48,46,cell,cell,26,1,12.223687387916279,1.295742790682682,1.3098597309392987,True,pressure_curvature_r0.01,190216E5PSB1,False,False
142,46,47,cell,cell,1,44,19.33700087672917,1.2701509189820304,1.2839890393011943,True,pressure_curvature_r0.01,190216E5PSB1,False,False
143,49,46,cell,cell,51,1,31.382350573748838,0.9910925135680675,1.001890330776411,True,pressure_curvature_r0.01,190216E5PSB1,False,False
144,50,42,cell,cell,35,29,9.082983875471744,0.5667975955005398,0.5729727776823828,True,pressure_curvature_r0.01,190216E5PSB1,False,False
145,48,49,cell,cell,26,51,11.526464686912552,0.6552668017272147,0.6624058437953197,True,pressure_curvature_r0.01,190216E5PSB1,False,False
146,52,50,outer,cell,-1,35,15.124484748932566,,,False,pressure_curvature_r0.01,190216E5PSB1,False,False
147,50,48,cell,cell,35,26,9.091462069233005,0.537040783182489,0.542891768969228,True,pressure_curvature_r0.01,190216E5PSB1,False,False
148,43,52,cell,outer,40,-1,49.0,,,False,pressure_curvature_r0.01,190216E5PSB1,False,False
149,47,52,cell,outer,44,-1,36.0,,,False,pressure_curvature_r0.01,190216E5PSB1,False,False
150,46,52,cell,outer,1,-1,33.0,,,False,pressure_curvature_r0.01,190216E5PSB1,False,False
151,49,52,cell,outer,51,-1,26.0,,,False,pressure_curvature_r0.01,190216E5PSB1,False,False
152,48,52,cell,outer,26,-1,52.0,,,False,pressure_curvature_r0.01,190216E5PSB1,False,False
0,0,49,cell,outer,40,-1,64.12448474893256,,,False,tension_only_r0.1,190216E5PSB2,False,False
1,49,1,outer,cell,-1,32,34.0,,,False,tension_only_r0.1,190216E5PSB2,False,False
2,49,2,outer,cell,-1,16,55.0,,,False,tension_only_r0.1,190216E5PSB2,False,False
3,49,3,outer,cell,-1,42,41.0,,,False,tension_only_r0.1,190216E5PSB2,False,False
4,49,4,outer,cell,-1,25,25.0,,,False,tension_only_r0.1,190216E5PSB2,False,False
5,49,5,outer,cell,-1,28,12.0,,,False,tension_only_r0.1,190216E5PSB2,False,False
6,49,6,outer,cell,-1,51,31.0,,,False,tension_only_r0.1,190216E5PSB2,False,False
7,49,7,outer,cell,-1,21,61.124484748932566,,,False,tension_only_r0.1,190216E5PSB2,False,False
8,1,0,cell,cell,32,40,20.797773362631954,1.2366155604626254,1.2731719583560481,True,tension_only_r0.1,190216E5PSB2,False,False
9,2,1,cell,cell,16,32,38.25440886468383,0.7102713221618462,0.7312681152601979,True,tension_only_r0.1,190216E5PSB2,False,False
10,3,2,cell,cell,42,16,22.662670390251765,0.3655515862009786,0.3763578946957023,True,tension_only_r0.1,190216E5PSB2,False,False
11,4,3,cell,cell,25,42,43.74950518034758,0.5776605733744998,0.5947371737689837,True,tension_only_r0.1,190216E5PSB2,False,False
12,5,4,cell,cell,28,25,38.5282605888946,1.0770009428202907,1.1088388690571245,True,tension_only_r0.1,190216E5PSB2,False,False
13,6,5,cell,cell,51,28,14.439440285732385,1.017959725659825,1.0480522960272707,True,tension_only_r0.1,190216E5PSB2,False,False
14,7,6,cell,cell,21,51,25.28714397351121,1.4936482534807722,1.5378029621977092,True,tension_only_r0.1,190216E5PSB2,False,False
15,8,5,cell,cell,2,28,42.85670123719856,1.3374827450143965,1.377020943437229,True,tension_only_r0.1,190216E5PSB2,False,False
16,6,8,cell,cell,51,2,1.0,1.7777316123834324,1.8302842942740698,True,tension_only_r0.1,190216E5PSB2,False,False
17,7,8,cell,cell,21,2,43.3391168892695,0.9865227445391653,1.0156859858352667,True,tension_only_r0.1,190216E5PSB2,False,False
18,1,9,cell,cell,32,29,37.4401683433738,0.6915020375718562,0.7119439796254823,True,tension_only_r0.1,190216E5PSB2,False,False
19,9,0,cell,cell,29,40,36.41291424533013,1.3945285112196806,1.4357530766867346,True,tension_only_r0.1,190216E5PSB2,False,False
20,9,49,cell,outer,29,-1,35.0,,,False,tension_only_r0.1,190216E5PSB2,False,False
21,4,2,cell,cell,25,16,37.58043429329139,0.6841241302533122,0.7043479691840433,True,tension_only_r0.1,190216E5PSB2,False,False
22,10,4,cell,cell,31,25,67.50886682469661,1.675841426143768,1.7253820658858992,True,tension_only_r0.1,190216E5PSB2,False,False
23,5,10,cell,cell,28,31,6.414341516820876,1.089720911937842,1.1219348614652764,True,tension_only_r0.1,190216E5PSB2,False,False
24,8,10,cell,cell,2,31,14.232235171693418,1.0225808098481504,1.0528099870946364,True,tension_only_r0.1,190216E5PSB2,False,False
25,2,11,cell,cell,16,19,57.01988171687552,0.8195808156087344,0.8438089778275571,True,tension_only_r0.1,190216E5PSB2,False,False
26,11,1,cell,cell,19,32,17.07753601942765,1.188891524765469,1.224037121360732,True,tension_only_r0.1,190216E5PSB2,False,False
27,11,9,cell,cell,19,29,15.878167933179945,1.1427865231081031,1.1765691797248063,True,tension_only_r0.1,190216E5PSB2,False,False
28,12,8,cell,cell,1,2,17.84278279823038,0.9459496923563802,0.973913527234864,True,tension_only_r0.1,190216E5PSB2,False,False
29,7,12,cell,cell,21,1,10.460612423852474,1.422979515402272,1.4650451395318718,True,tension_only_r0.1,190216E5PSB2,False,False
30,13,10,cell,cell,14,31,47.109308401359314,1.0910855146773446,1.1233398041150202,True,tension_only_r0.1,190216E5PSB2,False,False
31,8,13,cell,cell,2,14,43.96246156848986,0.5265955230375524,0.5421625562243693,True,tension_only_r0.1,190216E5PSB2,False,False
32,14,9,cell,cell,4,29,41.05561742763022,1.0609844958373646,1.0923489494546823,True,tension_only_r0.1,190216E5PSB2,False,False
33,11,14,cell,cell,19,4,13.952681221614009,0.7552418611834573,0.7775680576716066,True,tension_only_r0.1,190216E5PSB2,False,False
34,4,11,cell,cell,25,19,2.2360802701559255,0.5898923548557942,0.6073305469082451,True,tension_only_r0.1,190216E5PSB2,False,False
35,49,12,outer,cell,-1,1,29.0,,,False,tension_only_r0.1,190216E5PSB2,False,False
36,14,49,cell,outer,4,-1,26.0,,,False,tension_only_r0.1,190216E5PSB2,False,False
37,10,11,cell,cell,31,19,29.28066610766781,1.6216254931052525,1.6695634203442533,True,tension_only_r0.1,190216E5PSB2,False,False
38,12,13,cell,cell,1,14,33.898559936725434,0.7094234777507036,0.730395207168283,True,tension_only_r0.1,190216E5PSB2,False,False
39,11,15,cell,cell,19,24,26.004149074304003,1.3685033443068186,1.4089585628666144,True,tension_only_r0.1,190216E5PSB2,False,False
40,15,14,cell,cell,24,4,50.247028279016156,1.2347741852769667,1.2712761490793831,True,tension_only_r0.1,190216E5PSB2,False,False
41,11,16,cell,cell,19,20,26.356265042247983,1.6945240116883438,1.7446169395082587,True,tension_only_r0.1,190216E5PSB2,False,False
42,16,15,cell,cell,20,24,50.756832887409345,0.5713823728670195,0.5882733792878029,True,tension_only_r0.1,190216E5PSB2,False,False
43,10,16,cell,cell,31,20,34.19512305844118,0.6664057686041558,0.6861058235075989,True,tension_only_r0.1,190216E5PSB2,False,False
44,17,13,cell,cell,15,14,48.34285178101772,0.6869444689090795,0.7072516817074787,True,tension_only_r0.1,190216E5PSB2,False,False
45,12,17,cell,cell,1,15,27.454797528939103,0.3977165470287513,0.40947370487701745,True,tension_only_r0.1,190216E5PSB2,False,False
46,15,49,cell,outer,24,-1,25.0,,,False,tension_only_r0.1,190216E5PSB2,False,False
47,18,12,cell,cell,35,1,34.82742419167559,1.3029692657577825,1.341487188744392,True,tension_only_r0.1,190216E5PSB2,False,False
48,49,18,outer,cell,-1,35,35.0,,,False,tension_only_r0.1,190216E5PSB2,False,False
49,17,10,cell,cell,15,31,9.494665656797036,1.6534209701911906,1.7022988242342256,True,tension_only_r0.1,190216E5PSB2,False,False
50,19,10,cell,cell,18,31,48.10000391043497,1.7175750935171556,1.7683494493783714,True,tension_only_r0.1,190216E5PSB2,False,False
51,17,19,cell,cell,15,18,46.01021780563925,0.8044878589357649,0.8282698484335207,True,tension_only_r0.1,190216E5PSB2,False,False
52,20,12,cell,cell,6,1,16.255051365029097,1.3171826290490851,1.356120722523996,True,tension_only_r0.1,190216E5PSB2,False,False
53,18,20,cell,cell,35,6,31.43870164559752,0.11439538567294782,0.11777710216555556,True,tension_only_r0.1,190216E5PSB2,False,False
54,19,16,cell,cell,18,20,9.045590220921826,1.6892588528309727,1.7391961338611204,True,tension_only_r0.1,190216E5PSB2,False,False
55,46,15,gap,cell,-1,24,2.2360802701559255,0.7851968091890673,0.8084085234025155,True,tension_only_r0.1,190216E5PSB2,False,False
56,16,46,cell,gap,20,-1,6.240678135236177,0.36209364253113885,0.37279772850115134,True,tension_only_r0.1,190216E5PSB2,False,False
57,21,15,cell,cell,23,24,32.27323965282889,1.3912115451434925,1.4323380556162888,True,tension_only_r0.1,190216E5PSB2,False,False
58,22,16,cell,cell,9,20,40.76943986863285,1.4212235321055093,1.4632372464693397,True,tension_only_r0.1,190216E5PSB2,False,False
59,19,22,cell,cell,18,9,52.80878606272557,0.4676195539501411,0.4814431601083485,True,tension_only_r0.1,190216E5PSB2,False,False
60,46,21,gap,cell,-1,23,13.348692512486476,0.7136035410342014,0.7346988400246511,True,tension_only_r0.1,190216E5PSB2,False,False
61,20,17,cell,cell,6,15,27.926597832268513,1.5207158878188993,1.56567076050153,True,tension_only_r0.1,190216E5PSB2,False,False
62,16,21,cell,cell,20,23,25.886767083748158,1.0507379762967621,1.0817995258771866,True,tension_only_r0.1,190216E5PSB2,False,False
63,21,49,cell,outer,23,-1,51.0,,,False,tension_only_r0.1,190216E5PSB2,False,False
64,47,21,gap,cell,-1,23,14.301495717815706,,,False,tension_only_r0.1,190216E5PSB2,False,False
65,23,18,cell,cell,37,35,20.08492831310004,0.7132231684316148,0.7343072229798527,True,tension_only_r0.1,190216E5PSB2,False,False
66,49,23,outer,cell,-1,37,39.0,,,False,tension_only_r0.1,190216E5PSB2,False,False
67,22,21,cell,cell,9,23,28.598427386433446,1.184197539255337,1.2192043738881109,True,tension_only_r0.1,190216E5PSB2,False,False
68,24,17,cell,cell,5,15,20.72795802594835,1.4655137863633532,1.5088367937760634,True,tension_only_r0.1,190216E5PSB2,False,False
69,20,24,cell,cell,6,5,24.510051250787342,0.43408472470812653,0.4469169859405104,True,tension_only_r0.1,190216E5PSB2,False,False
70,23,20,cell,cell,37,6,29.291118249853632,0.6929765005555919,0.7134620301696821,True,tension_only_r0.1,190216E5PSB2,False,False
71,24,19,cell,cell,5,18,25.71646752566067,1.775605405108346,1.8280952328010929,True,tension_only_r0.1,190216E5PSB2,False,False
72,25,20,cell,cell,38,6,16.124249268759062,0.5230329949708981,0.5384947139455418,True,tension_only_r0.1,190216E5PSB2,False,False
73,23,25,cell,cell,37,38,29.54786339881189,0.40259518134557604,0.4144965596799532,True,tension_only_r0.1,190216E5PSB2,False,False
74,25,24,cell,cell,38,5,36.21897576456086,0.4554249250416333,0.46888803783327226,True,tension_only_r0.1,190216E5PSB2,False,True
75,26,21,cell,cell,8,23,51.40057519544571,0.9685535439999222,0.9971855860569541,True,tension_only_r0.1,190216E5PSB2,False,False
76,22,26,cell,cell,9,8,22.103535190861255,0.9109708934910683,0.9379006973173504,True,tension_only_r0.1,190216E5PSB2,False,False
77,27,22,cell,cell,22,9,33.12793923117843,0.313506838883863,0.3227746187104893,True,tension_only_r0.1,190216E5PSB2,False,False
78,19,27,cell,cell,18,22,33.400342185904925,0.5550723339467514,0.5714811886855654,True,tension_only_r0.1,190216E5PSB2,False,False
79,28,19,cell,cell,41,18,60.93139246417889,1.454347275819531,1.4973401827421842,True,tension_only_r0.1,190216E5PSB2,False,True
80,24,28,cell,cell,5,41,23.376360368183686,0.9740207521845065,1.0028144139430462,True,tension_only_r0.1,190216E5PSB2,False,False
81,29,23,cell,cell,49,37,33.36420135249624,1.4611107614095573,1.5043036081342642,True,tension_only_r0.1,190216E5PSB2,False,False
82,26,49,cell,outer,8,-1,43.0,,,False,tension_only_r0.1,190216E5PSB2,False,False
83,49,29,outer,cell,-1,49,12.0,,,False,tension_only_r0.1,190216E5PSB2,False,False
84,27,26,cell,cell,22,8,33.55481857062414,0.7664023168904697,0.7890584348777023,True,tension_only_r0.1,190216E5PSB2,False,False
85,30,29,cell,cell,12,49,30.986868672371003,0.5055251947777746,0.5204693542694543,True,tension_only_r0.1,190216E5PSB2,False,False
86,49,30,outer,cell,-1,12,46.0,,,False,tension_only_r0.1,190216E5PSB2,False,False
87,31,25,cell,cell,36,38,36.510351857806455,1.148070371073098,1.1820092269604496,True,tension_only_r0.1,190216E5PSB2,False,False
88,23,31,cell,cell,37,36,8.178132521123993,1.2628319333170261,1.3001633304810623,True,tension_only_r0.1,190216E5PSB2,False,False
89,29,31,cell,cell,49,36,6.0,0.9364514509721273,0.9641345021515927,True,tension_only_r0.1,190216E5PSB2,False,False
90,24,32,cell,cell,5,33,8.657410926430034,1.2496651763386932,1.2866073424252182,True,tension_only_r0.1,190216E5PSB2,False,False
91,31,24,cell,cell,36,5,10.706521118405632,1.3291946860764214,1.3684878757916266,True,tension_only_r0.1,190216E5PSB2,False,False
92,32,28,cell,cell,33,41,22.9596487402297,1.1048301229215094,1.1374907256742746,True,tension_only_r0.1,190216E5PSB2,False,False
93,31,32,cell,cell,36,33,42.108387942468354,0.5243640714877975,0.5398651392821829,True,tension_only_r0.1,190216E5PSB2,False,False
94,30,31,cell,cell,12,36,16.132926315982882,1.196963080648284,1.2323472857633693,True,tension_only_r0.1,190216E5PSB2,False,False
95,19,33,cell,cell,18,11,4.0,1.5655700071006136,1.611850841613296,True,tension_only_r0.1,190216E5PSB2,False,True
96,33,27,cell,cell,11,22,36.76438783175269,1.5318913406255554,1.5771765781462983,True,tension_only_r0.1,190216E5PSB2,True,True
97,28,33,cell,cell,41,11,14.912756864323478,0.9512978644525925,0.9794198001292569,True,tension_only_r0.1,190216E5PSB2,False,False
98,34,28,cell,cell,17,41,37.883803948626486,0.9175431463250132,0.9446672367973116,True,tension_only_r0.1,190216E5PSB2,False,False
99,32,34,cell,cell,33,17,40.21102444537445,0.45862896960410493,0.4721867992435977,True,tension_only_r0.1,190216E5PSB2,False,False
100,35,31,cell,cell,30,36,57.932395628364944,0.7692937443892421,0.7920353377477256,True,tension_only_r0.1,190216E5PSB2,False,False
101,30,35,cell,cell,12,30,33.67024044810363,0.6857090611622213,0.7059797532676916,True,tension_only_r0.1,190216E5PSB2,False,False
102,36,26,cell,cell,10,8,23.53784126818478,1.6743821466286979,1.7238796476587699,True,tension_only_r0.1,190216E5PSB2,False,True
103,27,36,cell,cell,22,10,3.0,1.5746949746715464,1.6212455582929677,True,tension_only_r0.1,190216E5PSB2,False,True
104,33,36,cell,cell,11,10,34.542665924223336,0.6110763112581463,0.6291407360412542,True,tension_only_r0.1,190216E5PSB2,False,False
105,34,33,cell,cell,17,11,31.95399223905701,1.442798891059223,1.485450408659421,True,tension_only_r0.1,190216E5PSB2,False,False
106,26,37,cell,cell,8,13,43.21860331025062,1.1598278730879663,1.194114300149117,True,tension_only_r0.1,190216E5PSB2,False,False
107,37,49,cell,outer,13,-1,30.0,,,False,tension_only_r0.1,190216E5PSB2,False,False
108,36,37,cell,cell,10,13,27.641908155370587,0.9462403618681059,0.9742127894173161,True,tension_only_r0.1,190216E5PSB2,False,False
109,38,30,cell,cell,7,12,35.39774102748749,0.8944358086044042,0.9208768080183495,True,tension_only_r0.1,190216E5PSB2,False,False
110,49,38,outer,cell,-1,7,49.124484748932566,,,False,tension_only_r0.1,190216E5PSB2,False,False
111,39,32,cell,cell,34,33,31.023817014501127,0.7154410680685118,0.7365906873922599,True,tension_only_r0.1,190216E5PSB2,False,False
112,31,39,cell,cell,36,34,4.0,0.6877761255649713,0.708107923507368,True,tension_only_r0.1,190216E5PSB2,False,False
113,35,39,cell,cell,30,34,29.39109207857105,0.6393355476725665,0.6582353621463422,True,tension_only_r0.1,190216E5PSB2,False,False
114,40,33,cell,cell,26,11,17.726642727302117,1.2558158227157756,1.2929398120652864,True,tension_only_r0.1,190216E5PSB2,False,False
115,34,40,cell,cell,17,26,38.121743377030214,0.9169598555585216,0.9440667029926202,True,tension_only_r0.1,190216E5PSB2,False,False
116,39,34,cell,cell,34,17,39.83681975092183,0.895332749463898,0.9218002639306979,True,tension_only_r0.1,190216E5PSB2,False,False
117,38,35,cell,cell,7,30,2.885901801066649,1.1556060285476042,1.1897676509129416,True,tension_only_r0.1,190216E5PSB2,False,False
118,41,37,cell,cell,27,13,31.871433043571525,1.0544203641384262,1.0855907711838881,True,tension_only_r0.1,190216E5PSB2,False,False
119,36,41,cell,cell,10,27,14.479220283603219,1.0474204273421723,1.078383904697491,True,tension_only_r0.1,190216E5PSB2,False,False
120,48,35,gap,cell,-1,30,11.287039536259954,0.5573211162536633,0.5737964487107072,True,tension_only_r0.1,190216E5PSB2,False,False
121,38,48,cell,gap,7,-1,5.5387328198956824,0.5573211162536642,0.5737964487107081,True,tension_only_r0.1,190216E5PSB2,False,False
122,42,36,cell,cell,3,10,35.66783371802495,0.7328351888106548,0.754499007065086,True,tension_only_r0.1,190216E5PSB2,False,False
123,33,42,cell,cell,11,3,9.929093845434794,0.810193156926506,0.8341438044535785,True,tension_only_r0.1,190216E5PSB2,False,False
124,41,49,cell,outer,27,-1,62.124484748932566,,,False,tension_only_r0.1,190216E5PSB2,False,False
125,40,42,cell,cell,26,3,18.888535285115598,1.0997064301689,1.1322155681035466,True,tension_only_r0.1,190216E5PSB2,False,False
126,38,35,cell,cell,7,30,2.2360802701559255,1.093282360694523,1.1256015925279457,True,tension_only_r0.1,190216E5PSB2,False,False
127,43,35,cell,cell,46,30,43.879667472674456,1.2008988358860635,1.236399388424781,True,tension_only_r0.1,190216E5PSB2,False,False
128,38,43,cell,cell,7,46,38.492375634251616,0.8459391268034888,0.8709464842246375,True,tension_only_r0.1,190216E5PSB2,False,False
129,42,41,cell,cell,3,27,17.17813252112399,1.1063049744832476,1.1390091762834842,True,tension_only_r0.1,190216E5PSB2,False,False
130,44,39,cell,cell,44,34,13.75689074338399,0.8176557078306266,0.8418269606847492,True,tension_only_r0.1,190216E5PSB2,False,False
131,35,44,cell,cell,30,44,9.009359590312279,0.8473311328492794,0.8723796402676519,True,tension_only_r0.1,190216E5PSB2,False,False
132,45,42,cell,cell,39,3,22.141748314658415,1.132016529387238,1.1654808072059077,True,tension_only_r0.1,190216E5PSB2,False,False
133,40,45,cell,cell,26,39,8.013399058653958,0.9598983591357421,0.9882745396365618,True,tension_only_r0.1,190216E5PSB2,False,False
134,43,44,cell,cell,46,44,4.17826124666495,0.9462772802993429,0.974250799218341,True,tension_only_r0.1,190216E5PSB2,False,False
135,39,40,cell,cell,34,26,1.0,1.4872584359322132,1.531224251091411,True,tension_only_r0.1,190216E5PSB2,False,False
136,42,49,cell,outer,3,-1,15.0,,,False,tension_only_r0.1,190216E5PSB2,False,False
137,45,49,cell,outer,39,-1,26.0,,,False,tension_only_r0.1,190216E5PSB2,False,False
138,40,49,cell,outer,26,-1,34.0,,,False,tension_only_r0.1,190216E5PSB2,False,False
139,39,49,cell,outer,34,-1,48.0,,,False,tension_only_r0.1,190216E5PSB2,False,False
140,44,49,cell,outer,44,-1,18.0,,,False,tension_only_r0.1,190216E5PSB2,False,False
141,43,49,cell,outer,46,-1,70.0,,,False,tension_only_r0.1,190216E5PSB2,False,False
0,0,49,cell,outer,40,-1,64.12448474893256,,,False,pressure_curvature_r0.1,190216E5PSB2,False,False
1,49,1,outer,cell,-1,32,34.0,,,False,pressure_curvature_r0.1,190216E5PSB2,False,False
2,49,2,outer,cell,-1,16,55.0,,,False,pressure_curvature_r0.1,190216E5PSB2,False,False
3,49,3,outer,cell,-1,42,41.0,,,False,pressure_curvature_r0.1,190216E5PSB2,False,False
4,49,4,outer,cell,-1,25,25.0,,,False,pressure_curvature_r0.1,190216E5PSB2,False,False
5,49,5,outer,cell,-1,28,12.0,,,False,pressure_curvature_r0.1,190216E5PSB2,False,False
6,49,6,outer,cell,-1,51,31.0,,,False,pressure_curvature_r0.1,190216E5PSB2,False,False
7,49,7,outer,cell,-1,21,61.124484748932566,,,False,pressure_curvature_r0.1,190216E5PSB2,False,False
8,1,0,cell,cell,32,40,20.797773362631954,0.7225579077479563,0.7653342267424247,True,pressure_curvature_r0.1,190216E5PSB2,False,False
9,2,1,cell,cell,16,32,38.25440886468383,1.1943277822623877,1.2650334594824242,True,pressure_curvature_r0.1,190216E5PSB2,False,False
10,3,2,cell,cell,42,16,22.662670390251765,1.0425176503215925,1.1042359805610504,True,pressure_curvature_r0.1,190216E5PSB2,False,False
11,4,3,cell,cell,25,42,43.74950518034758,1.0103743469471027,1.070189753996683,True,pressure_curvature_r0.1,190216E5PSB2,False,False
12,5,4,cell,cell,28,25,38.5282605888946,1.2915016810883753,1.3679601729265125,True,pressure_curvature_r0.1,190216E5PSB2,False,False
13,6,5,cell,cell,51,28,14.439440285732385,1.0416956281397576,1.1033652936525635,True,pressure_curvature_r0.1,190216E5PSB2,False,False
14,7,6,cell,cell,21,51,25.28714397351121,1.4175501309016936,1.5014708463763804,True,pressure_curvature_r0.1,190216E5PSB2,False,False
15,8,5,cell,cell,2,28,42.85670123719856,1.4516248920596222,1.5375628754062987,True,pressure_curvature_r0.1,190216E5PSB2,False,False
16,6,8,cell,cell,51,2,1.0,2.092079219228881,2.215932888372655,True,pressure_curvature_r0.1,190216E5PSB2,False,False
17,7,8,cell,cell,21,2,43.3391168892695,1.1812810659927866,1.251214361524111,True,pressure_curvature_r0.1,190216E5PSB2,False,False
18,1,9,cell,cell,32,29,37.4401683433738,0.31011598723062855,0.3284752360227533,True,pressure_curvature_r0.1,190216E5PSB2,False,False
19,9,0,cell,cell,29,40,36.41291424533013,0.5002582810819647,0.5298741881002449,True,pressure_curvature_r0.1,190216E5PSB2,False,False
20,9,49,cell,outer,29,-1,35.0,,,False,pressure_curvature_r0.1,190216E5PSB2,False,False
21,4,2,cell,cell,25,16,37.58043429329139,1.4216851067338614,1.5058506178759052,True,pressure_curvature_r0.1,190216E5PSB2,False,False
22,10,4,cell,cell,31,25,67.50886682469661,1.5745959683188013,1.6678139909934684,True,pressure_curvature_r0.1,190216E5PSB2,False,False
23,5,10,cell,cell,28,31,6.414341516820876,0.707486447968116,0.74937051796172,True,pressure_curvature_r0.1,190216E5PSB2,False,False
24,8,10,cell,cell,2,31,14.232235171693418,1.0698589842455852,1.1331959551630093,True,pressure_curvature_r0.1,190216E5PSB2,False,False
25,2,11,cell,cell,16,19,57.01988171687552,1.1001561704806273,1.16528677217716,True,pressure_curvature_r0.1,190216E5PSB2,False,False
26,11,1,cell,cell,19,32,17.07753601942765,0.8511334671152427,0.9015216177475787,True,pressure_curvature_r0.1,190216E5PSB2,False,False
27,11,9,cell,cell,19,29,15.878167933179945,0.7061776289158392,0.7479842152078799,True,pressure_curvature_r0.1,190216E5PSB2,False,False
28,12,8,cell,cell,1,2,17.84278279823038,1.3783907249857075,1.4599931553497698,True,pressure_curvature_r0.1,190216E5PSB2,False,False
29,7,12,cell,cell,21,1,10.460612423852474,1.6116914961664852,1.7071056198255377,True,pressure_curvature_r0.1,190216E5PSB2,False,False
30,13,10,cell,cell,14,31,47.109308401359314,1.1368692235729057,1.2041732832767431,True,pressure_curvature_r0.1,190216E5PSB2,False,False
31,8,13,cell,cell,2,14,43.96246156848986,0.9250957381773226,0.9798625464460656,True,pressure_curvature_r0.1,190216E5PSB2,False,False
32,14,9,cell,cell,4,29,41.05561742763022,0.7080026707464304,0.7499173017649718,True,pressure_curvature_r0.1,190216E5PSB2,False,False
33,11,14,cell,cell,19,4,13.952681221614009,0.40629558993551074,0.43034878978947955,True,pressure_curvature_r0.1,190216E5PSB2,False,False
34,4,11,cell,cell,25,19,2.2360802701559255,0.7713337668941418,0.816997676886776,True,pressure_curvature_r0.1,190216E5PSB2,False,False
35,49,12,outer,cell,-1,1,29.0,,,False,pressure_curvature_r0.1,190216E5PSB2,False,False
36,14,49,cell,outer,4,-1,26.0,,,False,pressure_curvature_r0.1,190216E5PSB2,False,False
37,10,11,cell,cell,31,19,29.28066610766781,1.270629138364496,1.345851949939213,True,pressure_curvature_r0.1,190216E5PSB2,False,False
38,12,13,cell,cell,1,14,33.898559936725434,0.8412407867261192,0.8910432784825397,True,pressure_curvature_r0.1,190216E5PSB2,False,False
39,11,15,cell,cell,19,24,26.004149074304003,0.30305926726717636,0.32100074953709656,True,pressure_curvature_r0.1,190216E5PSB2,False,False
40,15,14,cell,cell,24,4,50.247028279016156,0.2870211302485343,0.3040131350332178,True,pressure_curvature_r0.1,190216E5PSB2,False,False
41,11,16,cell,cell,19,20,26.356265042247983,1.2119689425269455,1.2837189981847756,True,pressure_curvature_r0.1,190216E5PSB2,False,False
42,16,15,cell,cell,20,24,50.756832887409345,0.6214132533356304,0.6582016840856646,True,pressure_curvature_r0.1,190216E5PSB2,False,False
43,10,16,cell,cell,31,20,34.19512305844118,0.6351573287918459,0.6727594257542279,True,pressure_curvature_r0.1,190216E5PSB2,False,False
44,17,13,cell,cell,15,14,48.34285178101772,0.9392747087432162,0.9948809295509904,True,pressure_curvature_r0.1,190216E5PSB2,False,False
45,12,17,cell,cell,1,15,27.454797528939103,0.17985808171861595,0.19050590190690792,True,pressure_curvature_r0.1,190216E5PSB2,False,False
46,15,49,cell,outer,24,-1,25.0,,,False,pressure_curvature_r0.1,190216E5PSB2,False,False
47,18,12,cell,cell,35,1,34.82742419167559,1.8063050783098298,1.9132405659746634,True,pressure_curvature_r0.1,190216E5PSB2,False,False
48,49,18,outer,cell,-1,35,35.0,,,False,pressure_curvature_r0.1,190216E5PSB2,False,False
49,17,10,cell,cell,15,31,9.494665656797036,1.6935706357747171,1.793832105448971,True,pressure_curvature_r0.1,190216E5PSB2,False,False
50,19,10,cell,cell,18,31,48.10000391043497,1.821335981104365,1.9291613167465294,True,pressure_curvature_r0.1,190216E5PSB2,False,False
51,17,19,cell,cell,15,18,46.01021780563925,0.9667254084228319,1.0239567444961444,True,pressure_curvature_r0.1,190216E5PSB2,False,False
52,20,12,cell,cell,6,1,16.255051365029097,1.7831285230197271,1.8886919300365579,True,pressure_curvature_r0.1,190216E5PSB2,False,False
53,18,20,cell,cell,35,6,31.43870164559752,0.4202296422546482,0.44510775518547585,True,pressure_curvature_r0.1,190216E5PSB2,False,False
54,19,16,cell,cell,18,20,9.045590220921826,1.8972900438684857,2.009611953671537,True,pressure_curvature_r0.1,190216E5PSB2,False,False
55,46,15,gap,cell,-1,24,2.2360802701559255,0.5380663676494366,0.5699205600068412,True,pressure_curvature_r0.1,190216E5PSB2,False,False
56,16,46,cell,gap,20,-1,6.240678135236177,0.29341054223605023,0.3107808080880258,True,pressure_curvature_r0.1,190216E5PSB2,False,False
57,21,15,cell,cell,23,24,32.27323965282889,0.47092020944679613,0.49879926645279155,True,pressure_curvature_r0.1,190216E5PSB2,False,False
58,22,16,cell,cell,9,20,40.76943986863285,1.375365335056811,1.4567886586070202,True,pressure_curvature_r0.1,190216E5PSB2,False,False
59,19,22,cell,cell,18,9,52.80878606272557,0.683773402617431,0.7242536310899967,True,pressure_curvature_r0.1,190216E5PSB2,False,False
60,46,21,gap,cell,-1,23,13.348692512486476,0.3071910474353835,0.32537713618541425,True,pressure_curvature_r0.1,190216E5PSB2,False,False
61,20,17,cell,cell,6,15,27.926597832268513,1.920351352478563,2.0340385201840694,True,pressure_curvature_r0.1,190216E5PSB2,False,False
62,16,21,cell,cell,20,23,25.886767083748158,0.7823500338268253,0.8286661204040455,True,pressure_curvature_r0.1,190216E5PSB2,False,False
63,21,49,cell,outer,23,-1,51.0,,,False,pressure_curvature_r0.1,190216E5PSB2,False,False
64,47,21,gap,cell,-1,23,14.301495717815706,,,False,pressure_curvature_r0.1,190216E5PSB2,False,False
65,23,18,cell,cell,37,35,20.08492831310004,0.9666911053048325,1.0239204105912665,True,pressure_curvature_r0.1,190216E5PSB2,False,False
66,49,23,outer,cell,-1,37,39.0,,,False,pressure_curvature_r0.1,190216E5PSB2,False,False
67,22,21,cell,cell,9,23,28.598427386433446,0.8795655306129269,0.9316368944587734,True,pressure_curvature_r0.1,190216E5PSB2,False,False
68,24,17,cell,cell,5,15,20.72795802594835,1.6734368201711347,1.772506343138281,True,pressure_curvature_r0.1,190216E5PSB2,False,False
69,20,24,cell,cell,6,5,24.510051250787342,0.6305359782139526,0.6678644855243696,True,pressure_curvature_r0.1,190216E5PSB2,False,False
70,23,20,cell,cell,37,6,29.291118249853632,0.9728314068972082,1.0304242256084089,True,pressure_curvature_r0.1,190216E5PSB2,False,False
71,24,19,cell,cell,5,18,25.71646752566067,2.0020544536568226,2.120578545685435,True,pressure_curvature_r0.1,190216E5PSB2,False,False
72,25,20,cell,cell,38,6,16.124249268759062,0.9213702600915372,0.9759165154643868,True,pressure_curvature_r0.1,190216E5PSB2,False,False
73,23,25,cell,cell,37,38,29.54786339881189,0.4935883502681546,0.5228093891587691,True,pressure_curvature_r0.1,190216E5PSB2,False,False
74,25,24,cell,cell,38,5,36.21897576456086,0.5944874669438459,0.6296818579421574,True,pressure_curvature_r0.1,190216E5PSB2,False,True
75,26,21,cell,cell,8,23,51.40057519544571,0.39845184862201066,0.42204068931951805,True,pressure_curvature_r0.1,190216E5PSB2,False,False
76,22,26,cell,cell,9,8,22.103535190861255,0.7765203987747117,0.8224913637693756,True,pressure_curvature_r0.1,190216E5PSB2,False,False
77,27,22,cell,cell,22,9,33.12793923117843,0.6594530756925747,0.6984935108261817,True,pressure_curvature_r0.1,190216E5PSB2,False,False
78,19,27,cell,cell,18,22,33.400342185904925,0.9124335292422159,0.9664507191305153,True,pressure_curvature_r0.1,190216E5PSB2,False,False
79,28,19,cell,cell,41,18,60.93139246417889,1.604551882401607,1.699543332123209,True,pressure_curvature_r0.1,190216E5PSB2,False,True
80,24,28,cell,cell,5,41,23.376360368183686,0.7559685636146969,0.8007228346291281,True,pressure_curvature_r0.1,190216E5PSB2,False,False
81,29,23,cell,cell,49,37,33.36420135249624,1.3584348241888673,1.438855840621736,True,pressure_curvature_r0.1,190216E5PSB2,False,False
82,26,49,cell,outer,8,-1,43.0,,,False,pressure_curvature_r0.1,190216E5PSB2,False,False
83,49,29,outer,cell,-1,49,12.0,,,False,pressure_curvature_r0.1,190216E5PSB2,False,False
84,27,26,cell,cell,22,8,33.55481857062414,0.8096211722728253,0.8575517438691691,True,pressure_curvature_r0.1,190216E5PSB2,False,False
85,30,29,cell,cell,12,49,30.986868672371003,0.5580481204673289,0.591085257227447,True,pressure_curvature_r0.1,190216E5PSB2,False,False
86,49,30,outer,cell,-1,12,46.0,,,False,pressure_curvature_r0.1,190216E5PSB2,False,False
87,31,25,cell,cell,36,38,36.510351857806455,0.9293853686608832,0.9844061283430223,True,pressure_curvature_r0.1,190216E5PSB2,False,False
88,23,31,cell,cell,37,36,8.178132521123993,0.9489406160135454,1.0051190704490094,True,pressure_curvature_r0.1,190216E5PSB2,False,False
89,29,31,cell,cell,49,36,6.0,1.0678287339290329,1.1310455115245817,True,pressure_curvature_r0.1,190216E5PSB2,False,False
90,24,32,cell,cell,5,33,8.657410926430034,1.1098736926527981,1.1755795836428466,True,pressure_curvature_r0.1,190216E5PSB2,False,False
91,31,24,cell,cell,36,5,10.706521118405632,0.9535878778142873,1.0100414558780553,True,pressure_curvature_r0.1,190216E5PSB2,False,False
92,32,28,cell,cell,33,41,22.9596487402297,1.025936585878155,1.0866732966594426,True,pressure_curvature_r0.1,190216E5PSB2,False,False
93,31,32,cell,cell,36,33,42.108387942468354,0.525032267219002,0.5561148247609273,True,pressure_curvature_r0.1,190216E5PSB2,False,False
94,30,31,cell,cell,12,36,16.132926315982882,1.218199255269087,1.2903181531227266,True,pressure_curvature_r0.1,190216E5PSB2,False,False
95,19,33,cell,cell,18,11,4.0,1.8022228625665255,1.9089166780263118,True,pressure_curvature_r0.1,190216E5PSB2,False,True
96,33,27,cell,cell,11,22,36.76438783175269,1.9006773273556554,2.0131997685173952,True,pressure_curvature_r0.1,190216E5PSB2,True,True
97,28,33,cell,cell,41,11,14.912756864323478,0.652234535450614,0.6908476241020175,True,pressure_curvature_r0.1,190216E5PSB2,False,False
98,34,28,cell,cell,17,41,37.883803948626486,0.6535509143218043,0.6922419342253715,True,pressure_curvature_r0.1,190216E5PSB2,False,False
99,32,34,cell,cell,33,17,40.21102444537445,0.6127952755909722,0.6490735114332493,True,pressure_curvature_r0.1,190216E5PSB2,False,False
100,35,31,cell,cell,30,36,57.932395628364944,1.0379072205739317,1.099352607688039,True,pressure_curvature_r0.1,190216E5PSB2,False,False
101,30,35,cell,cell,12,30,33.67024044810363,0.4563395951631687,0.4833554618268486,True,pressure_curvature_r0.1,190216E5PSB2,False,False
102,36,26,cell,cell,10,8,23.53784126818478,1.727453231731781,1.8297205928612088,True,pressure_curvature_r0.1,190216E5PSB2,False,True
103,27,36,cell,cell,22,10,3.0,2.0211990173841947,2.140856491189175,True,pressure_curvature_r0.1,190216E5PSB2,False,True
104,33,36,cell,cell,11,10,34.542665924223336,0.5503005712457777,0.5828790435398749,True,pressure_curvature_r0.1,190216E5PSB2,False,False
105,34,33,cell,cell,17,11,31.95399223905701,1.2344819224873693,1.3075647743155503,True,pressure_curvature_r0.1,190216E5PSB2,False,False
106,26,37,cell,cell,8,13,43.21860331025062,1.260921682999607,1.335569801248211,True,pressure_curvature_r0.1,190216E5PSB2,False,False
107,37,49,cell,outer,13,-1,30.0,,,False,pressure_curvature_r0.1,190216E5PSB2,False,False
108,36,37,cell,cell,10,13,27.641908155370587,1.107917850102412,1.173507952802081,True,pressure_curvature_r0.1,190216E5PSB2,False,False
109,38,30,cell,cell,7,12,35.39774102748749,0.44313692298790086,0.4693711751809719,True,pressure_curvature_r0.1,190216E5PSB2,False,False
110,49,38,outer,cell,-1,7,49.124484748932566,,,False,pressure_curvature_r0.1,190216E5PSB2,False,False
111,39,32,cell,cell,34,33,31.023817014501127,1.1040765129330996,1.1694392037362855,True,pressure_curvature_r0.1,190216E5PSB2,False,False
112,31,39,cell,cell,36,34,4.0,1.026858674965097,1.087649974557193,True,pressure_curvature_r0.1,190216E5PSB2,False,False
113,35,39,cell,cell,30,34,29.39109207857105,0.6942849003326834,0.7353874224298234,True,pressure_curvature_r0.1,190216E5PSB2,False,False
114,40,33,cell,cell,26,11,17.726642727302117,1.2851828131576513,1.3612672202236336,True,pressure_curvature_r0.1,190216E5PSB2,False,False
115,34,40,cell,cell,17,26,38.121743377030214,0.826872307570265,0.8758241676454797,True,pressure_curvature_r0.1,190216E5PSB2,False,False
116,39,34,cell,cell,34,17,39.83681975092183,1.1479692601840086,1.2159304557406756,True,pressure_curvature_r0.1,190216E5PSB2,False,False
117,38,35,cell,cell,7,30,2.885901801066649,0.688180263055751,0.7289213830995698,True,pressure_curvature_r0.1,190216E5PSB2,False,False
118,41,37,cell,cell,27,13,31.871433043571525,0.7419184406151885,0.7858409270253771,True,pressure_curvature_r0.1,190216E5PSB2,False,False
119,36,41,cell,cell,10,27,14.479220283603219,0.7568214111476532,0.8016261717875278,True,pressure_curvature_r0.1,190216E5PSB2,False,False
120,48,35,gap,cell,-1,30,11.287039536259954,0.7552679800766156,0.7999807756818291,True,pressure_curvature_r0.1,190216E5PSB2,False,False
121,38,48,cell,gap,7,-1,5.5387328198956824,0.12089306054152316,0.1280500787770023,True,pressure_curvature_r0.1,190216E5PSB2,False,False
122,42,36,cell,cell,3,10,35.66783371802495,0.774827245150015,0.8206979733625747,True,pressure_curvature_r0.1,190216E5PSB2,False,False
123,33,42,cell,cell,11,3,9.929093845434794,0.7966477374807103,0.8438102657421592,True,pressure_curvature_r0.1,190216E5PSB2,False,False
124,41,49,cell,outer,27,-1,62.124484748932566,,,False,pressure_curvature_r0.1,190216E5PSB2,False,False
125,40,42,cell,cell,26,3,18.888535285115598,1.2761356884686792,1.3516844945986972,True,pressure_curvature_r0.1,190216E5PSB2,False,False
126,38,35,cell,cell,7,30,2.2360802701559255,0.9909424069595641,1.0496074192038627,True,pressure_curvature_r0.1,190216E5PSB2,False,False
127,43,35,cell,cell,46,30,43.879667472674456,1.1183611274825795,1.1845694850788757,True,pressure_curvature_r0.1,190216E5PSB2,False,False
128,38,43,cell,cell,7,46,38.492375634251616,0.8380442912633406,0.8876575465473427,True,pressure_curvature_r0.1,190216E5PSB2,False,False
129,42,41,cell,cell,3,27,17.17813252112399,0.8425534542601815,0.892433657553032,True,pressure_curvature_r0.1,190216E5PSB2,False,False
130,44,39,cell,cell,44,34,13.75689074338399,0.9653127569773814,1.0224604623434377,True,pressure_curvature_r0.1,190216E5PSB2,False,False
131,35,44,cell,cell,30,44,9.009359590312279,0.9032211389733968,0.9566929439996459,True,pressure_curvature_r0.1,190216E5PSB2,False,False
132,45,42,cell,cell,39,3,22.141748314658415,1.4937044746287567,1.582133621144267,True,pressure_curvature_r0.1,190216E5PSB2,False,False
133,40,45,cell,cell,26,39,8.013399058653958,1.4117332610016518,1.4953096106065233,True,pressure_curvature_r0.1,190216E5PSB2,False,False
134,43,44,cell,cell,46,44,4.17826124666495,0.7693580545811393,0.8149049999689493,True,pressure_curvature_r0.1,190216E5PSB2,False,False
135,39,40,cell,cell,34,26,1.0,1.7885585086988762,1.8944433775626484,True,pressure_curvature_r0.1,190216E5PSB2,False,False
136,42,49,cell,outer,3,-1,15.0,,,False,pressure_curvature_r0.1,190216E5PSB2,False,False
137,45,49,cell,outer,39,-1,26.0,,,False,pressure_curvature_r0.1,190216E5PSB2,False,False
138,40,49,cell,outer,26,-1,34.0,,,False,pressure_curvature_r0.1,190216E5PSB2,False,False
139,39,49,cell,outer,34,-1,48.0,,,False,pressure_curvature_r0.1,190216E5PSB2,False,False
140,44,49,cell,outer,44,-1,18.0,,,False,pressure_curvature_r0.1,190216E5PSB2,False,False
141,43,49,cell,outer,46,-1,70.0,,,False,pressure_curvature_r0.1,190216E5PSB2,False,False
0,0,49,cell,outer,40,-1,64.12448474893256,,,False,pressure_curvature_r0.01,190216E5PSB2,False,False
1,49,1,outer,cell,-1,32,34.0,,,False,pressure_curvature_r0.01,190216E5PSB2,False,False
2,49,2,outer,cell,-1,16,55.0,,,False,pressure_curvature_r0.01,190216E5PSB2,False,False
3,49,3,outer,cell,-1,42,41.0,,,False,pressure_curvature_r0.01,190216E5PSB2,False,False
4,49,4,outer,cell,-1,25,25.0,,,False,pressure_curvature_r0.01,190216E5PSB2,False,False
5,49,5,outer,cell,-1,28,12.0,,,False,pressure_curvature_r0.01,190216E5PSB2,False,False
6,49,6,outer,cell,-1,51,31.0,,,False,pressure_curvature_r0.01,190216E5PSB2,False,False
7,49,7,outer,cell,-1,21,61.124484748932566,,,False,pressure_curvature_r0.01,190216E5PSB2,False,False
8,1,0,cell,cell,32,40,20.797773362631954,0.5156014350311078,0.6235983312927992,True,pressure_curvature_r0.01,190216E5PSB2,False,False
9,2,1,cell,cell,16,32,38.25440886468383,1.0736991046073001,1.2985940776198355,True,pressure_curvature_r0.01,190216E5PSB2,False,False
10,3,2,cell,cell,42,16,22.662670390251765,0.9611376483788633,1.1624557127843969,True,pressure_curvature_r0.01,190216E5PSB2,False,False
11,4,3,cell,cell,25,42,43.74950518034758,0.9361562192360929,1.1322417209909081,True,pressure_curvature_r0.01,190216E5PSB2,False,False
12,5,4,cell,cell,28,25,38.5282605888946,1.2670240784779128,1.5324125329460205,True,pressure_curvature_r0.01,190216E5PSB2,False,False
13,6,5,cell,cell,51,28,14.439440285732385,1.1605125980617501,1.403591360353595,True,pressure_curvature_r0.01,190216E5PSB2,False,False
14,7,6,cell,cell,21,51,25.28714397351121,1.6056047161657419,1.9419116272560344,True,pressure_curvature_r0.01,190216E5PSB2,False,False
15,8,5,cell,cell,2,28,42.85670123719856,1.625813925657059,1.9663538193433616,True,pressure_curvature_r0.01,190216E5PSB2,False,False
16,6,8,cell,cell,51,2,1.0,2.3943639045908696,2.8958828156102645,True,pressure_curvature_r0.01,190216E5PSB2,False,False
17,7,8,cell,cell,21,2,43.3391168892695,1.3495670335454044,1.6322447784419214,True,pressure_curvature_r0.01,190216E5PSB2,False,False
18,1,9,cell,cell,32,29,37.4401683433738,0.2171378320397468,0.2626191094917195,True,pressure_curvature_r0.01,190216E5PSB2,False,False
19,9,0,cell,cell,29,40,36.41291424533013,0.3504722139054972,0.4238814574726213,True,pressure_curvature_r0.01,190216E5PSB2,False,False
20,9,49,cell,outer,29,-1,35.0,,,False,pressure_curvature_r0.01,190216E5PSB2,False,False
21,4,2,cell,cell,25,16,37.58043429329139,1.31225983724598,1.5871232877382921,True,pressure_curvature_r0.01,190216E5PSB2,False,False
22,10,4,cell,cell,31,25,67.50886682469661,1.5516742705570947,1.8766850130488797,True,pressure_curvature_r0.01,190216E5PSB2,False,False
23,5,10,cell,cell,28,31,6.414341516820876,0.7241758154838644,0.875860304909923,True,pressure_curvature_r0.01,190216E5PSB2,False,False
24,8,10,cell,cell,2,31,14.232235171693418,1.167207973513114,1.4116891364169943,True,pressure_curvature_r0.01,190216E5PSB2,False,False
25,2,11,cell,cell,16,19,57.01988171687552,0.9960823862628729,1.2047199090246923,True,pressure_curvature_r0.01,190216E5PSB2,False,False
26,11,1,cell,cell,19,32,17.07753601942765,0.6994713931270525,0.8459813412171028,True,pressure_curvature_r0.01,190216E5PSB2,False,False
27,11,9,cell,cell,19,29,15.878167933179945,0.5367609629756736,0.6491898937297393,True,pressure_curvature_r0.01,190216E5PSB2,False,False
28,12,8,cell,cell,1,2,17.84278279823038,1.5160014547065117,1.8335402370154368,True,pressure_curvature_r0.01,190216E5PSB2,False,False
29,7,12,cell,cell,21,1,10.460612423852474,1.8195857809484497,2.2007127590230593,True,pressure_curvature_r0.01,190216E5PSB2,False,False
30,13,10,cell,cell,14,31,47.109308401359314,1.2448953348003167,1.5056487446913924,True,pressure_curvature_r0.01,190216E5PSB2,False,False
31,8,13,cell,cell,2,14,43.96246156848986,1.011376733484438,1.2232177811359388,True,pressure_curvature_r0.01,190216E5PSB2,False,False
32,14,9,cell,cell,4,29,41.05561742763022,0.5134497792433947,0.6209959937747638,True,pressure_curvature_r0.01,190216E5PSB2,False,False
33,11,14,cell,cell,19,4,13.952681221614009,0.2777058232405951,0.33587355697076343,True,pressure_curvature_r0.01,190216E5PSB2,False,False
34,4,11,cell,cell,25,19,2.2360802701559255,0.6974766000393233,0.8435687225619447,True,pressure_curvature_r0.01,190216E5PSB2,False,False
35,49,12,outer,cell,-1,1,29.0,,,False,pressure_curvature_r0.01,190216E5PSB2,False,False
36,14,49,cell,outer,4,-1,26.0,,,False,pressure_curvature_r0.01,190216E5PSB2,False,False
37,10,11,cell,cell,31,19,29.28066610766781,1.2183963896441001,1.4735993808655548,True,pressure_curvature_r0.01,190216E5PSB2,False,False
38,12,13,cell,cell,1,14,33.898559936725434,0.8725662319687622,1.055332295895058,True,pressure_curvature_r0.01,190216E5PSB2,False,False
39,11,15,cell,cell,19,24,26.004149074304003,0.22812098654643687,0.2759027746589619,True,pressure_curvature_r0.01,190216E5PSB2,False,False
40,15,14,cell,cell,24,4,50.247028279016156,0.1698451426628642,0.20542058331617977,True,pressure_curvature_r0.01,190216E5PSB2,False,False
41,11,16,cell,cell,19,20,26.356265042247983,1.1058330827529845,1.3374587777311513,True,pressure_curvature_r0.01,190216E5PSB2,False,False
42,16,15,cell,cell,20,24,50.756832887409345,0.5515184300262568,0.6670384317701676,True,pressure_curvature_r0.01,190216E5PSB2,False,False
43,10,16,cell,cell,31,20,34.19512305844118,0.5782649376319688,0.6993872120054785,True,pressure_curvature_r0.01,190216E5PSB2,False,False
44,17,13,cell,cell,15,14,48.34285178101772,1.0044935435999025,1.2148928513852897,True,pressure_curvature_r0.01,190216E5PSB2,False,False
45,12,17,cell,cell,1,15,27.454797528939103,0.14196069861248906,0.17169551663208055,True,pressure_curvature_r0.01,190216E5PSB2,False,False
46,15,49,cell,outer,24,-1,25.0,,,False,pressure_curvature_r0.01,190216E5PSB2,False,False
47,18,12,cell,cell,35,1,34.82742419167559,2.460703100917706,2.976117293868116,True,pressure_curvature_r0.01,190216E5PSB2,False,False
48,49,18,outer,cell,-1,35,35.0,,,False,pressure_curvature_r0.01,190216E5PSB2,False,False
49,17,10,cell,cell,15,31,9.494665656797036,1.875394217061093,2.268210724054529,True,pressure_curvature_r0.01,190216E5PSB2,False,False
50,19,10,cell,cell,18,31,48.10000391043497,2.052587799887955,2.4825189378397696,True,pressure_curvature_r0.01,190216E5PSB2,False,False
51,17,19,cell,cell,15,18,46.01021780563925,1.1348365577164214,1.3725372654157337,True,pressure_curvature_r0.01,190216E5PSB2,False,False
52,20,12,cell,cell,6,1,16.255051365029097,2.3960007714388465,2.8978625374760214,True,pressure_curvature_r0.01,190216E5PSB2,False,False
53,18,20,cell,cell,35,6,31.43870164559752,0.3514164652798445,0.42502348994452155,True,pressure_curvature_r0.01,190216E5PSB2,False,False
54,19,16,cell,cell,18,20,9.045590220921826,2.0615533498587957,2.4933623948611823,True,pressure_curvature_r0.01,190216E5PSB2,False,False
55,46,15,gap,cell,-1,24,2.2360802701559255,0.44576445345605253,0.5391334283390227,True,pressure_curvature_r0.01,190216E5PSB2,False,False
56,16,46,cell,gap,20,-1,6.240678135236177,0.2554054631223496,0.30890220582212397,True,pressure_curvature_r0.01,190216E5PSB2,False,False
57,21,15,cell,cell,23,24,32.27323965282889,0.3513993987913958,0.4250028487418511,True,pressure_curvature_r0.01,190216E5PSB2,False,False
58,22,16,cell,cell,9,20,40.76943986863285,1.3675016674278915,1.6539359666380742,True,pressure_curvature_r0.01,190216E5PSB2,False,False
59,19,22,cell,cell,18,9,52.80878606272557,0.7709613965976793,0.9324455048897845,True,pressure_curvature_r0.01,190216E5PSB2,False,False
60,46,21,gap,cell,-1,23,13.348692512486476,0.21104937365791873,0.2552553741933013,True,pressure_curvature_r0.01,190216E5PSB2,False,False
61,20,17,cell,cell,6,15,27.926597832268513,2.4863436288694487,3.007128438053951,True,pressure_curvature_r0.01,190216E5PSB2,False,False
62,16,21,cell,cell,20,23,25.886767083748158,0.6716032550381642,0.8122759959101806,True,pressure_curvature_r0.01,190216E5PSB2,False,False
63,21,49,cell,outer,23,-1,51.0,,,False,pressure_curvature_r0.01,190216E5PSB2,False,False
64,47,21,gap,cell,-1,23,14.301495717815706,,,False,pressure_curvature_r0.01,190216E5PSB2,False,False
65,23,18,cell,cell,37,35,20.08492831310004,0.8207843293582705,0.9927042544173987,True,pressure_curvature_r0.01,190216E5PSB2,False,False
66,49,23,outer,cell,-1,37,39.0,,,False,pressure_curvature_r0.01,190216E5PSB2,False,False
67,22,21,cell,cell,9,23,28.598427386433446,0.8370964616937983,1.0124330949774503,True,pressure_curvature_r0.01,190216E5PSB2,False,False
68,24,17,cell,cell,5,15,20.72795802594835,2.158207505969865,2.6102615467414325,True,pressure_curvature_r0.01,190216E5PSB2,False,False
69,20,24,cell,cell,6,5,24.510051250787342,0.6525545928342409,0.7892374371385006,True,pressure_curvature_r0.01,190216E5PSB2,False,False
70,23,20,cell,cell,37,6,29.291118249853632,0.8239884823498024,0.9965795432024378,True,pressure_curvature_r0.01,190216E5PSB2,False,False
71,24,19,cell,cell,5,18,25.71646752566067,2.4974283782671014,3.0205349779848536,True,pressure_curvature_r0.01,190216E5PSB2,False,False
72,25,20,cell,cell,38,6,16.124249268759062,0.7953636795725063,0.9619590436601309,True,pressure_curvature_r0.01,190216E5PSB2,False,False
73,23,25,cell,cell,37,38,29.54786339881189,0.38601826203973577,0.46687291326487934,True,pressure_curvature_r0.01,190216E5PSB2,False,False
74,25,24,cell,cell,38,5,36.21897576456086,0.5284126424902583,0.6390929499082227,True,pressure_curvature_r0.01,190216E5PSB2,False,True
75,26,21,cell,cell,8,23,51.40057519544571,0.30975334913891783,0.37463369671135793,True,pressure_curvature_r0.01,190216E5PSB2,False,False
76,22,26,cell,cell,9,8,22.103535190861255,0.7486794219204322,0.9054963901616586,True,pressure_curvature_r0.01,190216E5PSB2,False,False
77,27,22,cell,cell,22,9,33.12793923117843,0.6781077394057873,0.8201428972063827,True,pressure_curvature_r0.01,190216E5PSB2,False,False
78,19,27,cell,cell,18,22,33.400342185904925,1.0761239883332163,1.301526872880518,True,pressure_curvature_r0.01,190216E5PSB2,False,False
79,28,19,cell,cell,41,18,60.93139246417889,1.9993680859661884,2.4181519238273057,True,pressure_curvature_r0.01,190216E5PSB2,False,True
80,24,28,cell,cell,5,41,23.376360368183686,0.7613533619593706,0.9208249895840208,True,pressure_curvature_r0.01,190216E5PSB2,False,False
81,29,23,cell,cell,49,37,33.36420135249624,1.1481685589079909,1.3886617622285766,True,pressure_curvature_r0.01,190216E5PSB2,False,False
82,26,49,cell,outer,8,-1,43.0,,,False,pressure_curvature_r0.01,190216E5PSB2,False,False
83,49,29,outer,cell,-1,49,12.0,,,False,pressure_curvature_r0.01,190216E5PSB2,False,False
84,27,26,cell,cell,22,8,33.55481857062414,0.8805654320687422,1.0650069932389934,True,pressure_curvature_r0.01,190216E5PSB2,False,False
85,30,29,cell,cell,12,49,30.986868672371003,0.4325483988237838,0.5231491640313408,True,pressure_curvature_r0.01,190216E5PSB2,False,False
86,49,30,outer,cell,-1,12,46.0,,,False,pressure_curvature_r0.01,190216E5PSB2,False,False
87,31,25,cell,cell,36,38,36.510351857806455,0.7622696977605425,0.9219332593398647,True,pressure_curvature_r0.01,190216E5PSB2,False,False
88,23,31,cell,cell,37,36,8.178132521123993,0.7845358865993698,0.9488632817578692,True,pressure_curvature_r0.01,190216E5PSB2,False,False
89,29,31,cell,cell,49,36,6.0,0.8868128852328814,1.0725630260645267,True,pressure_curvature_r0.01,190216E5PSB2,False,False
90,24,32,cell,cell,5,33,8.657410926430034,1.0075637069405765,1.2186060853019587,True,pressure_curvature_r0.01,190216E5PSB2,False,False
91,31,24,cell,cell,36,5,10.706521118405632,0.8261540692476015,0.9991987298143905,True,pressure_curvature_r0.01,190216E5PSB2,False,False
92,32,28,cell,cell,33,41,22.9596487402297,0.8990045272207403,1.0873083062030302,True,pressure_curvature_r0.01,190216E5PSB2,False,False
93,31,32,cell,cell,36,33,42.108387942468354,0.4212959817166546,0.509539837031324,True,pressure_curvature_r0.01,190216E5PSB2,False,False
94,30,31,cell,cell,12,36,16.132926315982882,0.9888429773401699,1.1959641472734253,True,pressure_curvature_r0.01,190216E5PSB2,False,False
95,19,33,cell,cell,18,11,4.0,2.22522742069551,2.691319325379648,True,pressure_curvature_r0.01,190216E5PSB2,False,True
96,33,27,cell,cell,11,22,36.76438783175269,2.325109758753483,2.812122828059615,True,pressure_curvature_r0.01,190216E5PSB2,True,True
97,28,33,cell,cell,41,11,14.912756864323478,0.6525502240165612,0.7892321532365761,True,pressure_curvature_r0.01,190216E5PSB2,False,False
98,34,28,cell,cell,17,41,37.883803948626486,0.5918389398652752,0.7158043989381407,True,pressure_curvature_r0.01,190216E5PSB2,False,False
99,32,34,cell,cell,33,17,40.21102444537445,0.5404638251664202,0.6536683503946582,True,pressure_curvature_r0.01,190216E5PSB2,False,False
100,35,31,cell,cell,30,36,57.932395628364944,0.8698609818818094,1.0520604092684205,True,pressure_curvature_r0.01,190216E5PSB2,False,False
101,30,35,cell,cell,12,30,33.67024044810363,0.3374740055417137,0.4081606690986276,True,pressure_curvature_r0.01,190216E5PSB2,False,False
102,36,26,cell,cell,10,8,23.53784126818478,2.052549751310771,2.482472919679951,True,pressure_curvature_r0.01,190216E5PSB2,False,True
103,27,36,cell,cell,22,10,3.0,2.437205652213855,2.947698114234771,True,pressure_curvature_r0.01,190216E5PSB2,False,True
104,33,36,cell,cell,11,10,34.542665924223336,0.5457878672519421,0.6601075562127409,True,pressure_curvature_r0.01,190216E5PSB2,False,False
105,34,33,cell,cell,17,11,31.95399223905701,1.2112832013006969,1.4649962776161425,True,pressure_curvature_r0.01,190216E5PSB2,False,False
106,26,37,cell,cell,8,13,43.21860331025062,1.5139353739174948,1.8310413988726195,True,pressure_curvature_r0.01,190216E5PSB2,False,False
107,37,49,cell,outer,13,-1,30.0,,,False,pressure_curvature_r0.01,190216E5PSB2,False,False
108,36,37,cell,cell,10,13,27.641908155370587,1.2011589251810308,1.4527513898698732,True,pressure_curvature_r0.01,190216E5PSB2,False,False
109,38,30,cell,cell,7,12,35.39774102748749,0.2658461563334885,0.32152978678223804,True,pressure_curvature_r0.01,190216E5PSB2,False,False
110,49,38,outer,cell,-1,7,49.124484748932566,,,False,pressure_curvature_r0.01,190216E5PSB2,False,False
111,39,32,cell,cell,34,33,31.023817014501127,1.000549186323496,1.2101223165332267,True,pressure_curvature_r0.01,190216E5PSB2,False,False
112,31,39,cell,cell,36,34,4.0,0.913465020324404,1.1047976666982577,True,pressure_curvature_r0.01,190216E5PSB2,False,False
113,35,39,cell,cell,30,34,29.39109207857105,0.5278598132118626,0.638424326060276,True,pressure_curvature_r0.01,190216E5PSB2,False,False
114,40,33,cell,cell,26,11,17.726642727302117,1.2889034701751578,1.5588747404285896,True,pressure_curvature_r0.01,190216E5PSB2,False,False
115,34,40,cell,cell,17,26,38.121743377030214,0.8212083852659289,0.993217132269212,True,pressure_curvature_r0.01,190216E5PSB2,False,False
116,39,34,cell,cell,34,17,39.83681975092183,1.086663082855034,1.314273466102754,True,pressure_curvature_r0.01,190216E5PSB2,False,False
117,38,35,cell,cell,7,30,2.885901801066649,0.46412139673157315,0.5613353820507313,True,pressure_curvature_r0.01,190216E5PSB2,False,False
118,41,37,cell,cell,27,13,31.871433043571525,0.7923545676227379,0.9583196488426289,True,pressure_curvature_r0.01,190216E5PSB2,False,False
119,36,41,cell,cell,10,27,14.479220283603219,0.6378925762905212,0.771504342486622,True,pressure_curvature_r0.01,190216E5PSB2,False,False
120,48,35,gap,cell,-1,30,11.287039536259954,0.583285895472009,0.705459850128279,True,pressure_curvature_r0.01,190216E5PSB2,False,False
121,38,48,cell,gap,7,-1,5.5387328198956824,0.029321215875037998,0.03546278200340241,True,pressure_curvature_r0.01,190216E5PSB2,False,False
122,42,36,cell,cell,3,10,35.66783371802495,0.6977532955012574,0.8439033741292506,True,pressure_curvature_r0.01,190216E5PSB2,False,False
123,33,42,cell,cell,11,3,9.929093845434794,0.735679251021405,0.8897732281835203,True,pressure_curvature_r0.01,190216E5PSB2,False,False
124,41,49,cell,outer,27,-1,62.124484748932566,,,False,pressure_curvature_r0.01,190216E5PSB2,False,False
125,40,42,cell,cell,26,3,18.888535285115598,1.3275520341116778,1.60561855908422,True,pressure_curvature_r0.01,190216E5PSB2,False,False
126,38,35,cell,cell,7,30,2.2360802701559255,0.7162042576639438,0.8662190397454715,True,pressure_curvature_r0.01,190216E5PSB2,False,False
127,43,35,cell,cell,46,30,43.879667472674456,0.8274790761849723,1.0008012701856095,True,pressure_curvature_r0.01,190216E5PSB2,False,False
128,38,43,cell,cell,7,46,38.492375634251616,0.6026709873732556,0.7289053065220255,True,pressure_curvature_r0.01,190216E5PSB2,False,False
129,42,41,cell,cell,3,27,17.17813252112399,0.6702197824226351,0.8106027437510179,True,pressure_curvature_r0.01,190216E5PSB2,False,False
130,44,39,cell,cell,44,34,13.75689074338399,0.7984471803439035,0.9656884086404035,True,pressure_curvature_r0.01,190216E5PSB2,False,False
131,35,44,cell,cell,30,44,9.009359590312279,0.7199069418704694,0.8706972811459328,True,pressure_curvature_r0.01,190216E5PSB2,False,False
132,45,42,cell,cell,39,3,22.141748314658415,1.6446564820097256,1.9891431017240526,True,pressure_curvature_r0.01,190216E5PSB2,False,False
133,40,45,cell,cell,26,39,8.013399058653958,1.5754648213343787,1.9054586873586803,True,pressure_curvature_r0.01,190216E5PSB2,False,False
134,43,44,cell,cell,46,44,4.17826124666495,0.5721457602651425,0.6919863233818707,True,pressure_curvature_r0.01,190216E5PSB2,False,False
135,39,40,cell,cell,34,26,1.0,1.7961565703123141,2.172376110473351,True,pressure_curvature_r0.01,190216E5PSB2,False,False
136,42,49,cell,outer,3,-1,15.0,,,False,pressure_curvature_r0.01,190216E5PSB2,False,False
137,45,49,cell,outer,39,-1,26.0,,,False,pressure_curvature_r0.01,190216E5PSB2,False,False
138,40,49,cell,outer,26,-1,34.0,,,False,pressure_curvature_r0.01,190216E5PSB2,False,False
139,39,49,cell,outer,34,-1,48.0,,,False,pressure_curvature_r0.01,190216E5PSB2,False,False
140,44,49,cell,outer,44,-1,18.0,,,False,pressure_curvature_r0.01,190216E5PSB2,False,False
141,43,49,cell,outer,46,-1,70.0,,,False,pressure_curvature_r0.01,190216E5PSB2,False,False
0,0,54,cell,outer,9,-1,89.12448474893256,,,False,tension_only_r0.1,190216E6PSB1,False,False
1,54,1,outer,cell,-1,15,33.0,,,False,tension_only_r0.1,190216E6PSB1,False,False
2,54,2,outer,cell,-1,7,27.0,,,False,tension_only_r0.1,190216E6PSB1,False,False
3,54,3,outer,cell,-1,22,40.0,,,False,tension_only_r0.1,190216E6PSB1,False,False
4,54,4,outer,cell,-1,14,28.0,,,False,tension_only_r0.1,190216E6PSB1,False,False
5,54,5,outer,cell,-1,60,48.0,,,False,tension_only_r0.1,190216E6PSB1,False,False
6,54,6,outer,cell,-1,64,60.124484748932566,,,False,tension_only_r0.1,190216E6PSB1,False,False
7,1,0,cell,cell,15,9,10.178132521123993,1.1500052626072106,1.200417606195168,True,tension_only_r0.1,190216E6PSB1,False,False
8,2,1,cell,cell,7,15,18.618604006244944,1.1395086197712505,1.1894608260169084,True,tension_only_r0.1,190216E6PSB1,False,False
9,3,2,cell,cell,22,7,5.129817481141763,1.9558607632187512,2.0415990880869788,True,tension_only_r0.1,190216E6PSB1,False,False
10,4,3,cell,cell,14,22,46.530492536372144,0.4590115638599177,0.4791330793177607,True,tension_only_r0.1,190216E6PSB1,False,False
11,5,4,cell,cell,60,14,49.90572550248204,1.01568706300403,1.0602113507293909,True,tension_only_r0.1,190216E6PSB1,False,False
12,6,5,cell,cell,64,60,31.47287588723964,2.004785224511421,2.09266823239349,True,tension_only_r0.1,190216E6PSB1,False,False
13,7,2,cell,cell,16,7,51.17304361340251,1.4802499303676178,1.5451390839325003,True,tension_only_r0.1,190216E6PSB1,False,False
14,3,7,cell,cell,22,16,52.74122932703263,0.8420765848399098,0.8789903760221182,True,tension_only_r0.1,190216E6PSB1,False,False
15,1,8,cell,cell,15,11,26.076852532017426,0.5131618927748351,0.5356571756191603,True,tension_only_r0.1,190216E6PSB1,False,False
16,8,0,cell,cell,11,9,37.36248935054816,1.1125640944298885,1.1613351437595827,True,tension_only_r0.1,190216E6PSB1,False,False
17,2,8,cell,cell,7,11,31.774557769023634,1.0856573570629282,1.1332489059737296,True,tension_only_r0.1,190216E6PSB1,False,False
18,6,9,cell,cell,64,71,19.39450575364416,1.2745717713402847,1.3304446896247153,True,tension_only_r0.1,190216E6PSB1,False,False
19,9,5,cell,cell,71,60,14.650293061435843,1.6900543120629719,1.764140580563056,True,tension_only_r0.1,190216E6PSB1,False,False
20,54,9,outer,cell,-1,71,24.0,,,False,tension_only_r0.1,190216E6PSB1,False,False
21,10,4,cell,cell,53,14,35.800654487969936,0.6202899573004472,0.6474813723907538,True,tension_only_r0.1,190216E6PSB1,False,False
22,5,10,cell,cell,60,53,19.99125417852431,1.0100431146608102,1.0543199907678746,True,tension_only_r0.1,190216E6PSB1,False,False
23,11,5,cell,cell,24,60,22.52286091746617,1.8116707684083322,1.8910882912796636,True,tension_only_r0.1,190216E6PSB1,False,False
24,9,11,cell,cell,71,24,26.9424768935816,1.2360606129804577,1.2902453322536904,True,tension_only_r0.1,190216E6PSB1,False,False
25,0,12,cell,cell,9,27,31.47281765622886,0.7409621034552104,0.7734433775498647,True,tension_only_r0.1,190216E6PSB1,False,False
26,12,54,cell,outer,27,-1,21.0,,,False,tension_only_r0.1,190216E6PSB1,False,False
27,8,12,cell,cell,11,27,12.356265042247989,0.9782846213985237,1.0211693125076302,True,tension_only_r0.1,190216E6PSB1,False,False
28,10,3,cell,cell,53,22,9.620239631792833,0.8548117055018203,0.8922837613279546,True,tension_only_r0.1,190216E6PSB1,False,False
29,13,8,cell,cell,58,11,37.1882661821291,0.9327641578366663,0.9736533856866215,True,tension_only_r0.1,190216E6PSB1,False,False
30,2,13,cell,cell,7,58,4.315016080802858,1.0918176560439141,1.1396792516396586,True,tension_only_r0.1,190216E6PSB1,False,False
31,14,2,cell,cell,47,7,7.6333374568367045,1.663526165484663,1.7364495297063567,True,tension_only_r0.1,190216E6PSB1,False,False
32,7,14,cell,cell,16,47,20.292853797171336,0.9730164760112987,1.0156702294334508,True,tension_only_r0.1,190216E6PSB1,False,False
33,10,7,cell,cell,53,16,5.1781325211239935,1.164868383453457,1.215932276020583,True,tension_only_r0.1,190216E6PSB1,False,False
34,14,13,cell,cell,47,58,35.640454362481506,1.5778294378021165,1.646996147145117,True,tension_only_r0.1,190216E6PSB1,False,False
35,15,5,cell,cell,34,60,31.156040712995367,1.6714417422817185,1.7447120986348092,True,tension_only_r0.1,190216E6PSB1,False,False
36,11,15,cell,cell,24,34,10.307836715553526,1.1120384715271683,1.1607864793254616,True,tension_only_r0.1,190216E6PSB1,False,False
37,54,11,outer,cell,-1,24,32.0,,,False,tension_only_r0.1,190216E6PSB1,False,False
38,16,7,cell,cell,25,16,38.76612206354825,0.8382664077331881,0.8750131736297908,True,tension_only_r0.1,190216E6PSB1,False,False
39,13,12,cell,cell,58,27,7.2248071113524635,1.2626180235313105,1.317966929916575,True,tension_only_r0.1,190216E6PSB1,False,False
40,10,16,cell,cell,53,25,28.401711163995024,0.9694546567044928,1.011952272007515,True,tension_only_r0.1,190216E6PSB1,False,False
41,15,10,cell,cell,34,53,10.049343470332413,1.5102637021079195,1.576468557976557,True,tension_only_r0.1,190216E6PSB1,False,False
42,17,12,cell,cell,42,27,30.148882785326187,0.6269259857065262,0.654408301851762,True,tension_only_r0.1,190216E6PSB1,False,False
43,13,17,cell,cell,58,42,22.619932803733146,0.7862923540756203,0.8207607531370104,True,tension_only_r0.1,190216E6PSB1,False,False
44,16,14,cell,cell,25,47,4.178261246664951,0.8981313804622173,0.9375024244140852,True,tension_only_r0.1,190216E6PSB1,False,False
45,18,10,cell,cell,12,53,40.40802744245048,1.2911383909042604,1.347737533793661,True,tension_only_r0.1,190216E6PSB1,False,False
46,15,18,cell,cell,34,12,45.475031067571976,0.46172027586115627,0.4819605320974351,True,tension_only_r0.1,190216E6PSB1,False,False
47,19,15,cell,cell,10,34,39.3036356270008,0.5109827295882485,0.5333824852842479,True,tension_only_r0.1,190216E6PSB1,False,False
48,11,19,cell,cell,24,10,39.340794641977496,0.8519958192658701,0.8893444361573777,True,tension_only_r0.1,190216E6PSB1,False,False
49,17,54,cell,outer,42,-1,19.0,,,False,tension_only_r0.1,190216E6PSB1,False,False
50,20,14,cell,cell,45,47,24.41630448668957,0.7362723573446652,0.7685480488216112,True,tension_only_r0.1,190216E6PSB1,False,False
51,16,20,cell,cell,25,45,54.55500431827399,0.4422444526088877,0.461630954583881,True,tension_only_r0.1,190216E6PSB1,False,False
52,21,13,cell,cell,29,58,4.589204680270212,1.6020991110754998,1.6723297208610528,True,tension_only_r0.1,190216E6PSB1,False,False
53,14,21,cell,cell,47,29,35.14374543751522,0.09495196948608564,0.09911434288186786,True,tension_only_r0.1,190216E6PSB1,False,False
54,18,16,cell,cell,12,25,26.23329821610695,1.4990015408388793,1.5647127016246345,True,tension_only_r0.1,190216E6PSB1,False,True
55,22,17,cell,cell,43,42,24.378331457488617,0.7183518653975579,0.7498419830804722,True,tension_only_r0.1,190216E6PSB1,False,False
56,13,22,cell,cell,58,43,21.41335832901173,0.6375488466520505,0.6654968331148801,True,tension_only_r0.1,190216E6PSB1,False,False
57,22,54,cell,outer,43,-1,42.0,,,False,tension_only_r0.1,190216E6PSB1,False,False
58,23,13,cell,cell,48,58,17.99768927010974,0.927206194955856,0.9678517804995479,True,tension_only_r0.1,190216E6PSB1,False,False
59,21,23,cell,cell,29,48,41.79814591110978,0.9516792581307646,0.9933976600428148,True,tension_only_r0.1,190216E6PSB1,False,False
60,24,11,cell,cell,39,24,23.575456491481358,1.247452087675219,1.3021361706948262,True,tension_only_r0.1,190216E6PSB1,False,False
61,54,24,outer,cell,-1,39,65.0,,,False,tension_only_r0.1,190216E6PSB1,False,False
62,20,21,cell,cell,45,29,31.488129267092564,0.7510081914486637,0.7839298520842393,True,tension_only_r0.1,190216E6PSB1,False,False
63,23,22,cell,cell,48,43,41.33495572657802,0.810106810897528,0.8456191552509116,True,tension_only_r0.1,190216E6PSB1,False,False
64,24,19,cell,cell,39,10,15.912253758461208,1.5688342681154213,1.6376066596238672,True,tension_only_r0.1,190216E6PSB1,False,False
65,25,15,cell,cell,2,34,18.251159068747025,0.6988028995842458,0.7294360566832271,True,tension_only_r0.1,190216E6PSB1,False,False
66,19,25,cell,cell,10,2,32.58792754938834,0.3867533935717312,0.40370735508347605,True,tension_only_r0.1,190216E6PSB1,False,False
67,18,20,cell,cell,12,45,10.129688755600807,1.6030982753586533,1.6733726851291115,True,tension_only_r0.1,190216E6PSB1,False,False
68,25,18,cell,cell,2,12,16.268246128998122,0.9774364207414724,1.0202839296007709,True,tension_only_r0.1,190216E6PSB1,False,False
69,24,25,cell,cell,39,2,27.080743742345728,1.614763214526782,1.6855489758017916,True,tension_only_r0.1,190216E6PSB1,False,False
70,26,20,cell,cell,19,45,5.246405675175395,1.8149417726128503,1.8945026852522093,True,tension_only_r0.1,190216E6PSB1,False,False
71,18,26,cell,cell,12,19,50.957266163347285,1.0410808259013793,1.0867182903588795,True,tension_only_r0.1,190216E6PSB1,False,False
72,27,20,cell,cell,20,45,18.69919971570289,1.4625951907712484,1.526710420226888,True,tension_only_r0.1,190216E6PSB1,False,True
73,26,27,cell,cell,19,20,35.03046398957618,0.8793901606415712,0.9179396528635678,True,tension_only_r0.1,190216E6PSB1,False,False
74,28,21,cell,cell,8,29,18.95743722819872,0.9538288567319337,0.995641489780816,True,tension_only_r0.1,190216E6PSB1,False,False
75,20,28,cell,cell,45,8,23.693148707451382,0.8761736142998315,0.9145821040024322,True,tension_only_r0.1,190216E6PSB1,False,False
76,25,26,cell,cell,2,19,25.845603782006283,1.1852453682896051,1.237202518995844,True,tension_only_r0.1,190216E6PSB1,False,False
77,21,29,cell,cell,29,51,19.538661958131993,0.49330860413701827,0.5149335859134235,True,tension_only_r0.1,190216E6PSB1,False,False
78,22,30,cell,cell,43,38,10.239630729574436,0.589354770483848,0.6151900915479233,True,tension_only_r0.1,190216E6PSB1,False,False
79,30,54,cell,outer,38,-1,19.0,,,False,tension_only_r0.1,190216E6PSB1,False,False
80,23,30,cell,cell,48,38,18.124249268759062,0.30678873099771475,0.3202373119902112,True,tension_only_r0.1,190216E6PSB1,False,False
81,29,23,cell,cell,51,48,8.36173339030538,0.917303031555905,0.9575144958897563,True,tension_only_r0.1,190216E6PSB1,False,False
82,28,29,cell,cell,8,51,15.979278439438184,0.6877980035263784,0.717948743179755,True,tension_only_r0.1,190216E6PSB1,False,False
83,27,28,cell,cell,20,8,55.730032331531646,0.9210755546942595,0.9614523936910173,True,tension_only_r0.1,190216E6PSB1,True,True
84,31,23,cell,cell,31,48,43.274349259187716,1.2277952764920528,1.28161767135124,True,tension_only_r0.1,190216E6PSB1,False,False
85,29,31,cell,cell,51,31,16.664856610243927,1.041377399083948,1.0870278643073272,True,tension_only_r0.1,190216E6PSB1,False,False
86,32,25,cell,cell,1,2,16.600822075786972,1.6409616745970133,1.7128958878082703,True,tension_only_r0.1,190216E6PSB1,False,False
87,24,32,cell,cell,39,1,34.03292556269816,0.8310135246380639,0.8674423486551958,True,tension_only_r0.1,190216E6PSB1,False,False
88,28,31,cell,cell,8,31,37.0027454973301,1.264947554360034,1.3203985795027988,True,tension_only_r0.1,190216E6PSB1,False,False
89,33,26,cell,cell,18,19,53.93870181111827,0.39945250925057907,0.4169631570694925,True,tension_only_r0.1,190216E6PSB1,False,False
90,25,33,cell,cell,2,18,15.812629743876379,1.41252625577831,1.474446632361516,True,tension_only_r0.1,190216E6PSB1,False,False
91,31,30,cell,cell,31,38,9.124249268759064,1.2876744078068791,1.3441217013858755,True,tension_only_r0.1,190216E6PSB1,False,False
92,31,54,cell,outer,31,-1,47.0,,,False,tension_only_r0.1,190216E6PSB1,False,False
93,33,27,cell,cell,18,20,22.466602969905544,0.9024106821435571,0.9419693162166972,True,tension_only_r0.1,190216E6PSB1,False,False
94,34,25,cell,cell,50,2,11.507117899126335,1.5524278792231752,1.6204810700977055,True,tension_only_r0.1,190216E6PSB1,False,False
95,24,35,cell,cell,39,52,1.0,1.0148327398058172,1.0593195768898602,True,tension_only_r0.1,190216E6PSB1,False,False
96,32,34,cell,cell,1,50,42.32081914048579,1.016998908129648,1.0615807027111572,True,tension_only_r0.1,190216E6PSB1,False,False
97,35,32,cell,cell,52,1,35.710529652868615,0.600558659539898,0.6268851212300035,True,tension_only_r0.1,190216E6PSB1,False,False
98,54,35,outer,cell,-1,52,34.0,,,False,tension_only_r0.1,190216E6PSB1,False,False
99,34,33,cell,cell,50,18,13.074920545709059,1.4767455646174783,1.541481098632957,True,tension_only_r0.1,190216E6PSB1,False,False
100,36,33,cell,cell,57,18,48.35293999971225,0.44444843173283455,0.46393154870296727,True,tension_only_r0.1,190216E6PSB1,False,False
101,34,36,cell,cell,50,57,44.04677513594575,1.196592709151016,1.2490472889255517,True,tension_only_r0.1,190216E6PSB1,False,False
102,37,27,cell,cell,5,20,34.84947992702727,0.8930770846565406,0.9322265653642774,True,tension_only_r0.1,190216E6PSB1,False,False
103,33,37,cell,cell,18,5,17.544129529688526,0.6788601288788058,0.7086190623184803,True,tension_only_r0.1,190216E6PSB1,False,False
104,27,31,cell,cell,20,31,7.129688755600806,1.7967352844666715,1.8754980862053254,True,tension_only_r0.1,190216E6PSB1,False,True
105,38,31,cell,cell,23,31,7.144046695842728,1.7267658666318884,1.802461445595805,True,tension_only_r0.1,190216E6PSB1,False,False
106,27,38,cell,cell,20,23,34.2133019952923,1.4817109315347285,1.5466641304524573,True,tension_only_r0.1,190216E6PSB1,False,False
107,36,37,cell,cell,57,5,27.79672117179765,0.4807744391171249,0.5018499654657015,True,tension_only_r0.1,190216E6PSB1,False,False
108,39,31,cell,cell,17,31,72.94269504079715,1.5344457079759457,1.6017106212444086,True,tension_only_r0.1,190216E6PSB1,False,False
109,40,32,cell,cell,36,1,8.129688755600807,0.5871356968755906,0.6128737412533551,True,tension_only_r0.1,190216E6PSB1,False,False
110,35,41,cell,cell,52,28,13.25406674990083,0.1315665947883986,0.1373340295965954,True,tension_only_r0.1,190216E6PSB1,False,False
111,35,40,cell,cell,52,36,1.0,0.49156308225553436,0.5131115462526816,True,tension_only_r0.1,190216E6PSB1,False,False
112,40,34,cell,cell,36,50,27.81216416162281,1.1029189121882599,1.151267149330094,True,tension_only_r0.1,190216E6PSB1,False,False
113,41,40,cell,cell,28,36,26.351892151385297,0.3959833601445679,0.4133419321927205,True,tension_only_r0.1,190216E6PSB1,False,False
114,54,41,outer,cell,-1,28,27.0,,,False,tension_only_r0.1,190216E6PSB1,False,False
115,42,31,cell,cell,54,31,5.1781325211239935,1.7666904275576096,1.8441361643237808,True,tension_only_r0.1,190216E6PSB1,False,True
116,38,42,cell,cell,23,54,46.257286728078014,1.0550674403656526,1.1013180307252088,True,tension_only_r0.1,190216E6PSB1,False,False
117,42,39,cell,cell,54,17,28.325246629958396,0.5966662448129066,0.6228220761981047,True,tension_only_r0.1,190216E6PSB1,False,False
118,39,54,cell,outer,17,-1,55.0,,,False,tension_only_r0.1,190216E6PSB1,False,False
119,37,38,cell,cell,5,23,33.92310938230872,1.183845242535574,1.2357410164613116,True,tension_only_r0.1,190216E6PSB1,False,False
120,43,36,cell,cell,46,57,33.547847959983166,0.4406877687598354,0.46000603097662246,True,tension_only_r0.1,190216E6PSB1,False,False
121,34,43,cell,cell,50,46,11.28859917432251,1.0155690403565716,1.0600881543679952,True,tension_only_r0.1,190216E6PSB1,False,False
122,43,37,cell,cell,46,5,23.37701411135526,0.7316066926791449,0.763677857187535,True,tension_only_r0.1,190216E6PSB1,False,False
123,41,44,cell,cell,28,26,11.414212791279919,0.8629360594902662,0.9007642595341819,True,tension_only_r0.1,190216E6PSB1,False,False
124,44,40,cell,cell,26,36,17.046822124513437,0.6558696489121264,0.6846207574200222,True,tension_only_r0.1,190216E6PSB1,False,False
125,44,34,cell,cell,26,50,15.953601021302205,1.5128286669601791,1.5791459622181199,True,tension_only_r0.1,190216E6PSB1,False,False
126,41,45,cell,cell,28,21,2.0,0.8848799357181162,0.9236700811235183,True,tension_only_r0.1,190216E6PSB1,False,False
127,45,44,cell,cell,21,26,20.122539964720232,0.3876065551604301,0.40459791639245796,True,tension_only_r0.1,190216E6PSB1,False,False
128,54,45,outer,cell,-1,21,19.0,,,False,tension_only_r0.1,190216E6PSB1,False,False
129,46,39,cell,cell,3,17,77.31571163484702,0.23561887101423507,0.24594760590580161,True,tension_only_r0.1,190216E6PSB1,False,True
130,42,46,cell,cell,54,3,30.97846893404379,0.693505359840118,0.7239062907028937,True,tension_only_r0.1,190216E6PSB1,False,False
131,47,43,cell,cell,44,46,43.74789609624094,0.7602381133348093,0.7935643825478791,True,tension_only_r0.1,190216E6PSB1,False,False
132,34,47,cell,cell,50,44,27.945346161634177,0.38774418773358643,0.4047415823124106,True,tension_only_r0.1,190216E6PSB1,False,False
133,38,48,cell,cell,23,61,35.21960815804457,0.17400345735718803,0.18163118077985826,True,tension_only_r0.1,190216E6PSB1,False,False
134,43,38,cell,cell,46,23,6.0,1.3405171283953907,1.3992808682316773,True,tension_only_r0.1,190216E6PSB1,False,False
135,49,34,cell,cell,30,50,22.13836073880204,0.9524259759384912,0.9941771114352566,True,tension_only_r0.1,190216E6PSB1,False,False
136,48,42,cell,cell,61,54,29.044600793653462,0.9859142956498191,1.029133445889094,True,tension_only_r0.1,190216E6PSB1,False,False
137,44,49,cell,cell,26,30,36.285003345710635,0.9317681406355902,0.972613706458081,True,tension_only_r0.1,190216E6PSB1,False,False
138,43,48,cell,cell,46,61,17.246594348128745,1.2467893332775264,1.3014443633845103,True,tension_only_r0.1,190216E6PSB1,False,False
139,45,50,cell,cell,21,6,1.0,0.2614433331735986,0.27290412519714774,True,tension_only_r0.1,190216E6PSB1,False,False
140,50,44,cell,cell,6,26,26.49198295709646,0.5248777232944546,0.547886588548163,True,tension_only_r0.1,190216E6PSB1,False,False
141,54,50,outer,cell,-1,6,31.124484748932566,,,False,tension_only_r0.1,190216E6PSB1,False,False
142,49,47,cell,cell,30,44,28.119103816397907,0.9621798000425301,1.0043585102191839,True,tension_only_r0.1,190216E6PSB1,False,False
143,42,51,cell,cell,54,63,25.189802994384944,0.5274930592286177,0.5506165719696011,True,tension_only_r0.1,190216E6PSB1,False,False
144,52,48,cell,cell,4,61,21.813719056419856,1.6229952460810826,1.6941418717944003,True,tension_only_r0.1,190216E6PSB1,False,False
145,43,52,cell,cell,46,4,31.075500944899307,1.5609363333504291,1.6293625060945318,True,tension_only_r0.1,190216E6PSB1,False,False
146,51,46,cell,cell,63,3,12.302639240964972,0.6184055558319398,0.6455143651313191,True,tension_only_r0.1,190216E6PSB1,False,False
147,46,54,cell,outer,3,-1,70.12448474893256,,,False,tension_only_r0.1,190216E6PSB1,False,False
148,53,42,cell,cell,35,54,23.597856678745313,0.8733700246718631,0.9116556144815673,True,tension_only_r0.1,190216E6PSB1,False,False
149,47,52,cell,cell,44,4,9.210046486242494,1.4938146597144821,1.5592984451638845,True,tension_only_r0.1,190216E6PSB1,False,False
150,48,53,cell,cell,61,35,5.87835427629204,1.532364063285867,1.5995377242872695,True,tension_only_r0.1,190216E6PSB1,False,False
151,53,51,cell,cell,35,63,3.1836008691813857,0.5046544380012893,0.5267767827843305,True,tension_only_r0.1,190216E6PSB1,False,False
152,52,53,cell,cell,4,35,2.0,1.5354748245127845,1.6027848507717128,True,tension_only_r0.1,190216E6PSB1,False,False
153,51,54,cell,outer,63,-1,20.0,,,False,tension_only_r0.1,190216E6PSB1,False,False
154,53,54,cell,outer,35,-1,29.0,,,False,tension_only_r0.1,190216E6PSB1,False,False
155,52,54,cell,outer,4,-1,55.0,,,False,tension_only_r0.1,190216E6PSB1,False,False
156,47,54,cell,outer,44,-1,15.0,,,False,tension_only_r0.1,190216E6PSB1,False,False
157,49,54,cell,outer,30,-1,39.0,,,False,tension_only_r0.1,190216E6PSB1,False,False
158,44,54,cell,outer,26,-1,28.0,,,False,tension_only_r0.1,190216E6PSB1,False,False
0,0,54,cell,outer,9,-1,89.12448474893256,,,False,pressure_curvature_r0.1,190216E6PSB1,False,False
1,54,1,outer,cell,-1,15,33.0,,,False,pressure_curvature_r0.1,190216E6PSB1,False,False
2,54,2,outer,cell,-1,7,27.0,,,False,pressure_curvature_r0.1,190216E6PSB1,False,False
3,54,3,outer,cell,-1,22,40.0,,,False,pressure_curvature_r0.1,190216E6PSB1,False,False
4,54,4,outer,cell,-1,14,28.0,,,False,pressure_curvature_r0.1,190216E6PSB1,False,False
5,54,5,outer,cell,-1,60,48.0,,,False,pressure_curvature_r0.1,190216E6PSB1,False,False
6,54,6,outer,cell,-1,64,60.124484748932566,,,False,pressure_curvature_r0.1,190216E6PSB1,False,False
7,1,0,cell,cell,15,9,10.178132521123993,1.8779252549042633,1.9211249567709405,True,pressure_curvature_r0.1,190216E6PSB1,False,False
8,2,1,cell,cell,7,15,18.618604006244944,1.7438687607196695,1.7839846334685783,True,pressure_curvature_r0.1,190216E6PSB1,False,False
9,3,2,cell,cell,22,7,5.129817481141763,2.1483149142896476,2.197734646821963,True,pressure_curvature_r0.1,190216E6PSB1,False,False
10,4,3,cell,cell,14,22,46.530492536372144,0.6909986338545787,0.7068943330549822,True,pressure_curvature_r0.1,190216E6PSB1,False,False
11,5,4,cell,cell,60,14,49.90572550248204,0.8524694225596325,0.8720795879849397,True,pressure_curvature_r0.1,190216E6PSB1,False,False
12,6,5,cell,cell,64,60,31.47287588723964,0.9892782277621976,1.0120355363350038,True,pressure_curvature_r0.1,190216E6PSB1,False,False
13,7,2,cell,cell,16,7,51.17304361340251,1.5924652693275436,1.6290982634727205,True,pressure_curvature_r0.1,190216E6PSB1,False,False
14,3,7,cell,cell,22,16,52.74122932703263,1.0904045203219979,1.1154881332448077,True,pressure_curvature_r0.1,190216E6PSB1,False,False
15,1,8,cell,cell,15,11,26.076852532017426,1.1461021888782634,1.1724670682785414,True,pressure_curvature_r0.1,190216E6PSB1,False,False
16,8,0,cell,cell,11,9,37.36248935054816,1.824541569940616,1.8665132360966326,True,pressure_curvature_r0.1,190216E6PSB1,False,False
17,2,8,cell,cell,7,11,31.774557769023634,1.5399444954978898,1.5753693042984567,True,pressure_curvature_r0.1,190216E6PSB1,False,False
18,6,9,cell,cell,64,71,19.39450575364416,1.2831313944731049,1.3126484871008612,True,pressure_curvature_r0.1,190216E6PSB1,False,False
19,9,5,cell,cell,71,60,14.650293061435843,0.5171225631012897,0.529018425567683,True,pressure_curvature_r0.1,190216E6PSB1,False,False
20,54,9,outer,cell,-1,71,24.0,,,False,pressure_curvature_r0.1,190216E6PSB1,False,False
21,10,4,cell,cell,53,14,35.800654487969936,0.8551684860594313,0.8748407406111326,True,pressure_curvature_r0.1,190216E6PSB1,False,False
22,5,10,cell,cell,60,53,19.99125417852431,0.5863881920522304,0.5998774377017265,True,pressure_curvature_r0.1,190216E6PSB1,False,False
23,11,5,cell,cell,24,60,22.52286091746617,0.970413478374332,0.9927368231633201,True,pressure_curvature_r0.1,190216E6PSB1,False,False
24,9,11,cell,cell,71,24,26.9424768935816,0.9990206844742747,1.0220021080507593,True,pressure_curvature_r0.1,190216E6PSB1,False,False
25,0,12,cell,cell,9,27,31.47281765622886,1.306685497664589,1.3367444277445824,True,pressure_curvature_r0.1,190216E6PSB1,False,False
26,12,54,cell,outer,27,-1,21.0,,,False,pressure_curvature_r0.1,190216E6PSB1,False,False
27,8,12,cell,cell,11,27,12.356265042247989,1.7971144088288455,1.8384551418952817,True,pressure_curvature_r0.1,190216E6PSB1,False,False
28,10,3,cell,cell,53,22,9.620239631792833,0.9788325139407844,1.0013495298173336,True,pressure_curvature_r0.1,190216E6PSB1,False,False
29,13,8,cell,cell,58,11,37.1882661821291,1.3037584769274289,1.3337500739637493,True,pressure_curvature_r0.1,190216E6PSB1,False,False
30,2,13,cell,cell,7,58,4.315016080802858,0.8366061973709455,0.8558514459301497,True,pressure_curvature_r0.1,190216E6PSB1,False,False
31,14,2,cell,cell,47,7,7.6333374568367045,1.4339899489347059,1.466977384463363,True,pressure_curvature_r0.1,190216E6PSB1,False,False
32,7,14,cell,cell,16,47,20.292853797171336,1.0315947431613832,1.0553254988106942,True,pressure_curvature_r0.1,190216E6PSB1,False,False
33,10,7,cell,cell,53,16,5.1781325211239935,1.189433278267265,1.2167949439551093,True,pressure_curvature_r0.1,190216E6PSB1,False,False
34,14,13,cell,cell,47,58,35.640454362481506,1.2373130412764068,1.2657761307200905,True,pressure_curvature_r0.1,190216E6PSB1,False,False
35,15,5,cell,cell,34,60,31.156040712995367,1.1859055573370483,1.2131860715029903,True,pressure_curvature_r0.1,190216E6PSB1,False,False
36,11,15,cell,cell,24,34,10.307836715553526,1.5179650297975438,1.5528842240306704,True,pressure_curvature_r0.1,190216E6PSB1,False,False
37,54,11,outer,cell,-1,24,32.0,,,False,pressure_curvature_r0.1,190216E6PSB1,False,False
38,16,7,cell,cell,25,16,38.76612206354825,0.9992471715777448,1.022233805252619,True,pressure_curvature_r0.1,190216E6PSB1,False,False
39,13,12,cell,cell,58,27,7.2248071113524635,1.7189305943749447,1.7584727907496847,True,pressure_curvature_r0.1,190216E6PSB1,False,False
40,10,16,cell,cell,53,25,28.401711163995024,0.9260539900913841,0.9473568913543176,True,pressure_curvature_r0.1,190216E6PSB1,False,False
41,15,10,cell,cell,34,53,10.049343470332413,1.567595182637785,1.6036560665098878,True,pressure_curvature_r0.1,190216E6PSB1,False,False
42,17,12,cell,cell,42,27,30.148882785326187,0.9842520930883145,1.006893780701827,True,pressure_curvature_r0.1,190216E6PSB1,False,False
43,13,17,cell,cell,58,42,22.619932803733146,0.8042985509500192,0.8228005959713013,True,pressure_curvature_r0.1,190216E6PSB1,False,False
44,16,14,cell,cell,25,47,4.178261246664951,0.7362838111469571,0.7532212483786807,True,pressure_curvature_r0.1,190216E6PSB1,False,False
45,18,10,cell,cell,12,53,40.40802744245048,1.2008139789678802,1.228437445744994,True,pressure_curvature_r0.1,190216E6PSB1,False,False
46,15,18,cell,cell,34,12,45.475031067571976,0.6210527222638598,0.6353393890921701,True,pressure_curvature_r0.1,190216E6PSB1,False,False
47,19,15,cell,cell,10,34,39.3036356270008,0.9264420503328511,0.9477538785148373,True,pressure_curvature_r0.1,190216E6PSB1,False,False
48,11,19,cell,cell,24,10,39.340794641977496,1.1466517433444483,1.173029264669125,True,pressure_curvature_r0.1,190216E6PSB1,False,False
49,17,54,cell,outer,42,-1,19.0,,,False,pressure_curvature_r0.1,190216E6PSB1,False,False
50,20,14,cell,cell,45,47,24.41630448668957,0.5043933038397502,0.5159963430408693,True,pressure_curvature_r0.1,190216E6PSB1,False,False
51,16,20,cell,cell,25,45,54.55500431827399,0.4385242730557214,0.4486120642539255,True,pressure_curvature_r0.1,190216E6PSB1,False,False
52,21,13,cell,cell,29,58,4.589204680270212,1.0565838862061634,1.0808894908951894,True,pressure_curvature_r0.1,190216E6PSB1,False,False
53,14,21,cell,cell,47,29,35.14374543751522,0.07325454334191284,0.07493968731901514,True,pressure_curvature_r0.1,190216E6PSB1,False,False
54,18,16,cell,cell,12,25,26.23329821610695,1.4228286147141187,1.455559295449418,True,pressure_curvature_r0.1,190216E6PSB1,False,True
55,22,17,cell,cell,43,42,24.378331457488617,1.0509438294494675,1.0751196905452574,True,pressure_curvature_r0.1,190216E6PSB1,False,False
56,13,22,cell,cell,58,43,21.41335832901173,0.7204901079793127,0.7370642276261476,True,pressure_curvature_r0.1,190216E6PSB1,False,False
57,22,54,cell,outer,43,-1,42.0,,,False,pressure_curvature_r0.1,190216E6PSB1,False,False
58,23,13,cell,cell,48,58,17.99768927010974,0.8013836745537644,0.8198186658992053,True,pressure_curvature_r0.1,190216E6PSB1,False,False
59,21,23,cell,cell,29,48,41.79814591110978,0.8495336059147223,0.8690762359557194,True,pressure_curvature_r0.1,190216E6PSB1,False,False
60,24,11,cell,cell,39,24,23.575456491481358,0.7267192914257276,0.7434367069077163,True,pressure_curvature_r0.1,190216E6PSB1,False,False
61,54,24,outer,cell,-1,39,65.0,,,False,pressure_curvature_r0.1,190216E6PSB1,False,False
62,20,21,cell,cell,45,29,31.488129267092564,0.6166255877251066,0.6308104129643024,True,pressure_curvature_r0.1,190216E6PSB1,False,False
63,23,22,cell,cell,48,43,41.33495572657802,0.9953132409359058,1.01820937866029,True,pressure_curvature_r0.1,190216E6PSB1,False,False
64,24,19,cell,cell,39,10,15.912253758461208,1.1708925588772319,1.197827714751679,True,pressure_curvature_r0.1,190216E6PSB1,False,False
65,25,15,cell,cell,2,34,18.251159068747025,0.736605028363545,0.7535498548606053,True,pressure_curvature_r0.1,190216E6PSB1,False,False
66,19,25,cell,cell,10,2,32.58792754938834,0.6433810195657845,0.6581813254668507,True,pressure_curvature_r0.1,190216E6PSB1,False,False
67,18,20,cell,cell,12,45,10.129688755600807,1.0913300333117526,1.1164349366906798,True,pressure_curvature_r0.1,190216E6PSB1,False,False
68,25,18,cell,cell,2,12,16.268246128998122,0.7752068932904423,0.7930397152239476,True,pressure_curvature_r0.1,190216E6PSB1,False,False
69,24,25,cell,cell,39,2,27.080743742345728,1.1485221642894472,1.1749427126872078,True,pressure_curvature_r0.1,190216E6PSB1,False,False
70,26,20,cell,cell,19,45,5.246405675175395,1.018724618269426,1.042159310187304,True,pressure_curvature_r0.1,190216E6PSB1,False,False
71,18,26,cell,cell,12,19,50.957266163347285,0.9289006056084773,0.9502689902772845,True,pressure_curvature_r0.1,190216E6PSB1,False,False
72,27,20,cell,cell,20,45,18.69919971570289,0.9576832310378298,0.979713729831915,True,pressure_curvature_r0.1,190216E6PSB1,False,True
73,26,27,cell,cell,19,20,35.03046398957618,0.7916265964569417,0.8098371364490755,True,pressure_curvature_r0.1,190216E6PSB1,False,False
74,28,21,cell,cell,8,29,18.95743722819872,0.9667138591632093,0.9889520980905433,True,pressure_curvature_r0.1,190216E6PSB1,False,False
75,20,28,cell,cell,45,8,23.693148707451382,0.8521746353588397,0.871778019513617,True,pressure_curvature_r0.1,190216E6PSB1,False,False
76,25,26,cell,cell,2,19,25.845603782006283,1.0281682095198117,1.0518201413547215,True,pressure_curvature_r0.1,190216E6PSB1,False,False
77,21,29,cell,cell,29,51,19.538661958131993,0.4764692164259906,0.48742989126887803,True,pressure_curvature_r0.1,190216E6PSB1,False,False
78,22,30,cell,cell,43,38,10.239630729574436,0.8084922105894123,0.8270907263545001,True,pressure_curvature_r0.1,190216E6PSB1,False,False
79,30,54,cell,outer,38,-1,19.0,,,False,pressure_curvature_r0.1,190216E6PSB1,False,False
80,23,30,cell,cell,48,38,18.124249268759062,0.6011663017813924,0.6149955023533678,True,pressure_curvature_r0.1,190216E6PSB1,False,False
81,29,23,cell,cell,51,48,8.36173339030538,1.2080531133290848,1.2358431088034192,True,pressure_curvature_r0.1,190216E6PSB1,False,False
82,28,29,cell,cell,8,51,15.979278439438184,0.9767671787856091,0.9992366837919971,True,pressure_curvature_r0.1,190216E6PSB1,False,False
83,27,28,cell,cell,20,8,55.730032331531646,0.8170584778559634,0.8358540516195305,True,pressure_curvature_r0.1,190216E6PSB1,True,True
84,31,23,cell,cell,31,48,43.274349259187716,1.2020862465527633,1.2297389805119536,True,pressure_curvature_r0.1,190216E6PSB1,False,False
85,29,31,cell,cell,51,31,16.664856610243927,0.9658344040466809,0.9880524120309888,True,pressure_curvature_r0.1,190216E6PSB1,False,False
86,32,25,cell,cell,1,2,16.600822075786972,1.683133834620505,1.7218525640627105,True,pressure_curvature_r0.1,190216E6PSB1,False,False
87,24,32,cell,cell,39,1,34.03292556269816,1.1663508044457906,1.1931814820206477,True,pressure_curvature_r0.1,190216E6PSB1,False,False
88,28,31,cell,cell,8,31,37.0027454973301,1.1090243842076821,1.1345363275800446,True,pressure_curvature_r0.1,190216E6PSB1,False,False
89,33,26,cell,cell,18,19,53.93870181111827,0.7203859940613131,0.7369577186766068,True,pressure_curvature_r0.1,190216E6PSB1,False,False
90,25,33,cell,cell,2,18,15.812629743876379,1.3612320933909714,1.3925458107246471,True,pressure_curvature_r0.1,190216E6PSB1,False,False
91,31,30,cell,cell,31,38,9.124249268759064,1.511561174275835,1.5463330545258238,True,pressure_curvature_r0.1,190216E6PSB1,False,False
92,31,54,cell,outer,31,-1,47.0,,,False,pressure_curvature_r0.1,190216E6PSB1,False,False
93,33,27,cell,cell,18,20,22.466602969905544,0.970945360256032,0.9932809404301387,True,pressure_curvature_r0.1,190216E6PSB1,False,False
94,34,25,cell,cell,50,2,11.507117899126335,1.122630384416076,1.148455319560111,True,pressure_curvature_r0.1,190216E6PSB1,False,False
95,24,35,cell,cell,39,52,1.0,1.3791844196834315,1.410911111464105,True,pressure_curvature_r0.1,190216E6PSB1,False,False
96,32,34,cell,cell,1,50,42.32081914048579,0.9869451234333384,1.0096487613868441,True,pressure_curvature_r0.1,190216E6PSB1,False,False
97,35,32,cell,cell,52,1,35.710529652868615,1.1589556616439227,1.1856162217109247,True,pressure_curvature_r0.1,190216E6PSB1,False,False
98,54,35,outer,cell,-1,52,34.0,,,False,pressure_curvature_r0.1,190216E6PSB1,False,False
99,34,33,cell,cell,50,18,13.074920545709059,1.2661094839238871,1.2952350053434671,True,pressure_curvature_r0.1,190216E6PSB1,False,False
100,36,33,cell,cell,57,18,48.35293999971225,0.9235356695102432,0.944780639448154,True,pressure_curvature_r0.1,190216E6PSB1,False,False
101,34,36,cell,cell,50,57,44.04677513594575,0.8397209149463936,0.8590378143182735,True,pressure_curvature_r0.1,190216E6PSB1,False,False
102,37,27,cell,cell,5,20,34.84947992702727,0.9782594823231112,1.000763316208003,True,pressure_curvature_r0.1,190216E6PSB1,False,False
103,33,37,cell,cell,18,5,17.544129529688526,1.418914925314751,1.4515555757281249,True,pressure_curvature_r0.1,190216E6PSB1,False,False
104,27,31,cell,cell,20,31,7.129688755600806,1.3830757499269324,1.41489195768059,True,pressure_curvature_r0.1,190216E6PSB1,False,True
105,38,31,cell,cell,23,31,7.144046695842728,1.4110220005909198,1.4434810825451467,True,pressure_curvature_r0.1,190216E6PSB1,False,False
106,27,38,cell,cell,20,23,34.2133019952923,1.364315713690877,1.3957003664770038,True,pressure_curvature_r0.1,190216E6PSB1,False,False
107,36,37,cell,cell,57,5,27.79672117179765,1.0272385172019374,1.0508690624396677,True,pressure_curvature_r0.1,190216E6PSB1,False,False
108,39,31,cell,cell,17,31,72.94269504079715,1.029290168145721,1.0529679094626745,True,pressure_curvature_r0.1,190216E6PSB1,False,False
109,40,32,cell,cell,36,1,8.129688755600807,0.9260210099796977,0.9473231525697348,True,pressure_curvature_r0.1,190216E6PSB1,False,False
110,35,41,cell,cell,52,28,13.25406674990083,0.26046549455128787,0.2664572302083846,True,pressure_curvature_r0.1,190216E6PSB1,False,False
111,35,40,cell,cell,52,36,1.0,0.8351428565534785,0.8543544424911919,True,pressure_curvature_r0.1,190216E6PSB1,False,False
112,40,34,cell,cell,36,50,27.81216416162281,0.876981207885719,0.897155241236835,True,pressure_curvature_r0.1,190216E6PSB1,False,False
113,41,40,cell,cell,28,36,26.351892151385297,0.5926270726530016,0.606259837210522,True,pressure_curvature_r0.1,190216E6PSB1,False,False
114,54,41,outer,cell,-1,28,27.0,,,False,pressure_curvature_r0.1,190216E6PSB1,False,False
115,42,31,cell,cell,54,31,5.1781325211239935,1.2059424487536674,1.2336838906020464,True,pressure_curvature_r0.1,190216E6PSB1,False,True
116,38,42,cell,cell,23,54,46.257286728078014,0.860884081440867,0.8806878172726799,True,pressure_curvature_r0.1,190216E6PSB1,False,False
117,42,39,cell,cell,54,17,28.325246629958396,0.7582428137171906,0.7756853947834977,True,pressure_curvature_r0.1,190216E6PSB1,False,False
118,39,54,cell,outer,17,-1,55.0,,,False,pressure_curvature_r0.1,190216E6PSB1,False,False
119,37,38,cell,cell,5,23,33.92310938230872,1.615811565096196,1.6529816163016915,True,pressure_curvature_r0.1,190216E6PSB1,False,False
120,43,36,cell,cell,46,57,33.547847959983166,0.5606076952021439,0.5735038875472074,True,pressure_curvature_r0.1,190216E6PSB1,False,False
121,34,43,cell,cell,50,46,11.28859917432251,0.570651600711533,0.5837788425738494,True,pressure_curvature_r0.1,190216E6PSB1,False,False
122,43,37,cell,cell,46,5,23.37701411135526,1.1939737285942866,1.2214398425821662,True,pressure_curvature_r0.1,190216E6PSB1,False,False
123,41,44,cell,cell,28,26,11.414212791279919,0.6624831043259838,0.6777228336623105,True,pressure_curvature_r0.1,190216E6PSB1,False,False
124,44,40,cell,cell,26,36,17.046822124513437,0.3942133872407686,0.40328185296174446,True,pressure_curvature_r0.1,190216E6PSB1,False,False
125,44,34,cell,cell,26,50,15.953601021302205,1.1425538706299414,1.1688371246886062,True,pressure_curvature_r0.1,190216E6PSB1,False,False
126,41,45,cell,cell,28,21,2.0,1.0627603681984168,1.0872080563808904,True,pressure_curvature_r0.1,190216E6PSB1,False,False
127,45,44,cell,cell,21,26,20.122539964720232,0.5495666663184711,0.5622088713683371,True,pressure_curvature_r0.1,190216E6PSB1,False,False
128,54,45,outer,cell,-1,21,19.0,,,False,pressure_curvature_r0.1,190216E6PSB1,False,False
129,46,39,cell,cell,3,17,77.31571163484702,0.13071880584561213,0.13372585494202913,True,pressure_curvature_r0.1,190216E6PSB1,False,True
130,42,46,cell,cell,54,3,30.97846893404379,0.8833556086854176,0.9036762784446689,True,pressure_curvature_r0.1,190216E6PSB1,False,False
131,47,43,cell,cell,44,46,43.74789609624094,0.3527960327493217,0.36091173564788787,True,pressure_curvature_r0.1,190216E6PSB1,False,False
132,34,47,cell,cell,50,44,27.945346161634177,0.3431203061615494,0.3510134291129938,True,pressure_curvature_r0.1,190216E6PSB1,False,False
133,38,48,cell,cell,23,61,35.21960815804457,0.3692370415230968,0.3777309525934524,True,pressure_curvature_r0.1,190216E6PSB1,False,False
134,43,38,cell,cell,46,23,6.0,1.520705376563666,1.5556876096014514,True,pressure_curvature_r0.1,190216E6PSB1,False,False
135,49,34,cell,cell,30,50,22.13836073880204,0.750238185628766,0.7674966286171222,True,pressure_curvature_r0.1,190216E6PSB1,False,False
136,48,42,cell,cell,61,54,29.044600793653462,0.6237304254534335,0.6380786900365932,True,pressure_curvature_r0.1,190216E6PSB1,False,False
137,44,49,cell,cell,26,30,36.285003345710635,0.8615007963239467,0.8813187190351447,True,pressure_curvature_r0.1,190216E6PSB1,False,False
138,43,48,cell,cell,46,61,17.246594348128745,1.2696173376114,1.2988235535277906,True,pressure_curvature_r0.1,190216E6PSB1,False,False
139,45,50,cell,cell,21,6,1.0,0.7613634693864237,0.7788778378650293,True,pressure_curvature_r0.1,190216E6PSB1,False,False
140,50,44,cell,cell,6,26,26.49198295709646,0.8077630914927254,0.8263448346373269,True,pressure_curvature_r0.1,190216E6PSB1,False,False
141,54,50,outer,cell,-1,6,31.124484748932566,,,False,pressure_curvature_r0.1,190216E6PSB1,False,False
142,49,47,cell,cell,30,44,28.119103816397907,0.9591090219308704,0.9811723195497984,True,pressure_curvature_r0.1,190216E6PSB1,False,False
143,42,51,cell,cell,54,63,25.189802994384944,0.6309220866520906,0.6454357878621325,True,pressure_curvature_r0.1,190216E6PSB1,False,False
144,52,48,cell,cell,4,61,21.813719056419856,1.418110408940166,1.450732552297714,True,pressure_curvature_r0.1,190216E6PSB1,False,False
145,43,52,cell,cell,46,4,31.075500944899307,0.8113461529224881,0.8300103206391707,True,pressure_curvature_r0.1,190216E6PSB1,False,False
146,51,46,cell,cell,63,3,12.302639240964972,0.787135202663764,0.805242422849998,True,pressure_curvature_r0.1,190216E6PSB1,False,False
147,46,54,cell,outer,3,-1,70.12448474893256,,,False,pressure_curvature_r0.1,190216E6PSB1,False,False
148,53,42,cell,cell,35,54,23.597856678745313,0.998060731575201,1.0210200724415575,True,pressure_curvature_r0.1,190216E6PSB1,False,False
149,47,52,cell,cell,44,4,9.210046486242494,0.529972076127591,0.5421635281710554,True,pressure_curvature_r0.1,190216E6PSB1,False,False
150,48,53,cell,cell,61,35,5.87835427629204,1.4950131233240487,1.5294043330091547,True,pressure_curvature_r0.1,190216E6PSB1,False,False
151,53,51,cell,cell,35,63,3.1836008691813857,0.7421276685488349,0.7591995375939937,True,pressure_curvature_r0.1,190216E6PSB1,False,False
152,52,53,cell,cell,4,35,2.0,1.4924453347004754,1.5267774751001,True,pressure_curvature_r0.1,190216E6PSB1,False,False
153,51,54,cell,outer,63,-1,20.0,,,False,pressure_curvature_r0.1,190216E6PSB1,False,False
154,53,54,cell,outer,35,-1,29.0,,,False,pressure_curvature_r0.1,190216E6PSB1,False,False
155,52,54,cell,outer,4,-1,55.0,,,False,pressure_curvature_r0.1,190216E6PSB1,False,False
156,47,54,cell,outer,44,-1,15.0,,,False,pressure_curvature_r0.1,190216E6PSB1,False,False
157,49,54,cell,outer,30,-1,39.0,,,False,pressure_curvature_r0.1,190216E6PSB1,False,False
158,44,54,cell,outer,26,-1,28.0,,,False,pressure_curvature_r0.1,190216E6PSB1,False,False
0,0,54,cell,outer,9,-1,89.12448474893256,,,False,pressure_curvature_r0.01,190216E6PSB1,False,False
1,54,1,outer,cell,-1,15,33.0,,,False,pressure_curvature_r0.01,190216E6PSB1,False,False
2,54,2,outer,cell,-1,7,27.0,,,False,pressure_curvature_r0.01,190216E6PSB1,False,False
3,54,3,outer,cell,-1,22,40.0,,,False,pressure_curvature_r0.01,190216E6PSB1,False,False
4,54,4,outer,cell,-1,14,28.0,,,False,pressure_curvature_r0.01,190216E6PSB1,False,False
5,54,5,outer,cell,-1,60,48.0,,,False,pressure_curvature_r0.01,190216E6PSB1,False,False
6,54,6,outer,cell,-1,64,60.124484748932566,,,False,pressure_curvature_r0.01,190216E6PSB1,False,False
7,1,0,cell,cell,15,9,10.178132521123993,2.6778554802336365,2.8838624918831948,True,pressure_curvature_r0.01,190216E6PSB1,False,False
8,2,1,cell,cell,7,15,18.618604006244944,2.4390411915989763,2.6266762566278197,True,pressure_curvature_r0.01,190216E6PSB1,False,False
9,3,2,cell,cell,22,7,5.129817481141763,2.440419978361825,2.6281611132450022,True,pressure_curvature_r0.01,190216E6PSB1,False,False
10,4,3,cell,cell,14,22,46.530492536372144,0.6471801541103627,0.6969676241703766,True,pressure_curvature_r0.01,190216E6PSB1,False,False
11,5,4,cell,cell,60,14,49.90572550248204,0.7006168600774574,0.7545152077370783,True,pressure_curvature_r0.01,190216E6PSB1,False,False
12,6,5,cell,cell,64,60,31.47287588723964,0.9974365231173233,1.0741691619599534,True,pressure_curvature_r0.01,190216E6PSB1,False,False
13,7,2,cell,cell,16,7,51.17304361340251,1.8032843931848714,1.9420107851565138,True,pressure_curvature_r0.01,190216E6PSB1,False,False
14,3,7,cell,cell,22,16,52.74122932703263,1.1434213398371762,1.2313845682544315,True,pressure_curvature_r0.01,190216E6PSB1,False,False
15,1,8,cell,cell,15,11,26.076852532017426,1.6186018032269591,1.7431205918601231,True,pressure_curvature_r0.01,190216E6PSB1,False,False
16,8,0,cell,cell,11,9,37.36248935054816,2.5260887465135666,2.7204203665998885,True,pressure_curvature_r0.01,190216E6PSB1,False,False
17,2,8,cell,cell,7,11,31.774557769023634,2.068299471131539,2.227413432429777,True,pressure_curvature_r0.01,190216E6PSB1,False,False
18,6,9,cell,cell,64,71,19.39450575364416,1.3130280372428116,1.4140390828952367,True,pressure_curvature_r0.01,190216E6PSB1,False,False
19,9,5,cell,cell,71,60,14.650293061435843,0.4627108411826111,0.49830711527338706,True,pressure_curvature_r0.01,190216E6PSB1,False,False
20,54,9,outer,cell,-1,71,24.0,,,False,pressure_curvature_r0.01,190216E6PSB1,False,False
21,10,4,cell,cell,53,14,35.800654487969936,0.7878948927913701,0.8485075261302455,True,pressure_curvature_r0.01,190216E6PSB1,False,False
22,5,10,cell,cell,60,53,19.99125417852431,0.4628029621928734,0.49840632313884914,True,pressure_curvature_r0.01,190216E6PSB1,False,False
23,11,5,cell,cell,24,60,22.52286091746617,0.920930567770158,0.9917776151942814,True,pressure_curvature_r0.01,190216E6PSB1,False,False
24,9,11,cell,cell,71,24,26.9424768935816,0.9625507412609683,1.0365996222524618,True,pressure_curvature_r0.01,190216E6PSB1,False,False
25,0,12,cell,cell,9,27,31.47281765622886,1.7621849575276767,1.8977495762136738,True,pressure_curvature_r0.01,190216E6PSB1,False,False
26,12,54,cell,outer,27,-1,21.0,,,False,pressure_curvature_r0.01,190216E6PSB1,False,False
27,8,12,cell,cell,11,27,12.356265042247989,2.4477554667752157,2.636060919657698,True,pressure_curvature_r0.01,190216E6PSB1,False,False
28,10,3,cell,cell,53,22,9.620239631792833,0.9285027785111343,0.9999323549469402,True,pressure_curvature_r0.01,190216E6PSB1,False,False
29,13,8,cell,cell,58,11,37.1882661821291,1.7241747043456774,1.8568152000803553,True,pressure_curvature_r0.01,190216E6PSB1,False,False
30,2,13,cell,cell,7,58,4.315016080802858,0.977074597609404,1.0522407966436573,True,pressure_curvature_r0.01,190216E6PSB1,False,False
31,14,2,cell,cell,47,7,7.6333374568367045,1.5774879794467938,1.6988438879182175,True,pressure_curvature_r0.01,190216E6PSB1,False,False
32,7,14,cell,cell,16,47,20.292853797171336,1.0508706173854583,1.1317139329100947,True,pressure_curvature_r0.01,190216E6PSB1,False,False
33,10,7,cell,cell,53,16,5.1781325211239935,1.1970715751245602,1.289162107919304,True,pressure_curvature_r0.01,190216E6PSB1,False,False
34,14,13,cell,cell,47,58,35.640454362481506,1.3260432011649936,1.4280555013830698,True,pressure_curvature_r0.01,190216E6PSB1,False,False
35,15,5,cell,cell,34,60,31.156040712995367,1.1281442755441555,1.214932241746921,True,pressure_curvature_r0.01,190216E6PSB1,False,False
36,11,15,cell,cell,24,34,10.307836715553526,1.488603840745955,1.603121906050724,True,pressure_curvature_r0.01,190216E6PSB1,False,False
37,54,11,outer,cell,-1,24,32.0,,,False,pressure_curvature_r0.01,190216E6PSB1,False,False
38,16,7,cell,cell,25,16,38.76612206354825,0.9837536730454048,1.0594336923292234,True,pressure_curvature_r0.01,190216E6PSB1,False,False
39,13,12,cell,cell,58,27,7.2248071113524635,2.2828874310886693,2.458509611255719,True,pressure_curvature_r0.01,190216E6PSB1,False,False
40,10,16,cell,cell,53,25,28.401711163995024,0.8923044425553841,0.9609492865543671,True,pressure_curvature_r0.01,190216E6PSB1,False,False
41,15,10,cell,cell,34,53,10.049343470332413,1.527957170200486,1.6455026811083615,True,pressure_curvature_r0.01,190216E6PSB1,False,False
42,17,12,cell,cell,42,27,30.148882785326187,1.3548944362748847,1.4591262575878292,True,pressure_curvature_r0.01,190216E6PSB1,False,False
43,13,17,cell,cell,58,42,22.619932803733146,0.9180433138117712,0.9886682452314159,True,pressure_curvature_r0.01,190216E6PSB1,False,False
44,16,14,cell,cell,25,47,4.178261246664951,0.6326201492193053,0.681287520334716,True,pressure_curvature_r0.01,190216E6PSB1,False,False
45,18,10,cell,cell,12,53,40.40802744245048,1.1819422890768063,1.2728689282148182,True,pressure_curvature_r0.01,190216E6PSB1,False,False
46,15,18,cell,cell,34,12,45.475031067571976,0.5572654985008765,0.6001358478864045,True,pressure_curvature_r0.01,190216E6PSB1,False,False
47,19,15,cell,cell,10,34,39.3036356270008,0.8719277000295615,0.9390049643492517,True,pressure_curvature_r0.01,190216E6PSB1,False,False
48,11,19,cell,cell,24,10,39.340794641977496,1.133557829975639,1.220762260091063,True,pressure_curvature_r0.01,190216E6PSB1,False,False
49,17,54,cell,outer,42,-1,19.0,,,False,pressure_curvature_r0.01,190216E6PSB1,False,False
50,20,14,cell,cell,45,47,24.41630448668957,0.3635505792090188,0.3915184695448265,True,pressure_curvature_r0.01,190216E6PSB1,False,False
51,16,20,cell,cell,25,45,54.55500431827399,0.40945373955629005,0.44095295298186615,True,pressure_curvature_r0.01,190216E6PSB1,False,False
52,21,13,cell,cell,29,58,4.589204680270212,1.040749823712768,1.1208145481314158,True,pressure_curvature_r0.01,190216E6PSB1,False,False
53,14,21,cell,cell,47,29,35.14374543751522,-0.03252858866726305,-0.03503100800765848,True,pressure_curvature_r0.01,190216E6PSB1,False,False
54,18,16,cell,cell,12,25,26.23329821610695,1.3926915495685397,1.4998310970138617,True,pressure_curvature_r0.01,190216E6PSB1,False,True
55,22,17,cell,cell,43,42,24.378331457488617,1.102882569433107,1.1877271564567047,True,pressure_curvature_r0.01,190216E6PSB1,False,False
56,13,22,cell,cell,58,43,21.41335832901173,0.7159051509568848,0.7709796244905671,True,pressure_curvature_r0.01,190216E6PSB1,False,False
57,22,54,cell,outer,43,-1,42.0,,,False,pressure_curvature_r0.01,190216E6PSB1,False,False
58,23,13,cell,cell,48,58,17.99768927010974,0.749237675610489,0.8068764151567738,True,pressure_curvature_r0.01,190216E6PSB1,False,False
59,21,23,cell,cell,29,48,41.79814591110978,0.8193001537714302,0.882328789023901,True,pressure_curvature_r0.01,190216E6PSB1,False,False
60,24,11,cell,cell,39,24,23.575456491481358,0.6856037845001609,0.73834717855673,True,pressure_curvature_r0.01,190216E6PSB1,False,False
61,54,24,outer,cell,-1,39,65.0,,,False,pressure_curvature_r0.01,190216E6PSB1,False,False
62,20,21,cell,cell,45,29,31.488129267092564,0.4692463493025596,0.5053453990312817,True,pressure_curvature_r0.01,190216E6PSB1,False,False
63,23,22,cell,cell,48,43,41.33495572657802,0.9079666004729657,0.9778163318799513,True,pressure_curvature_r0.01,190216E6PSB1,False,False
64,24,19,cell,cell,39,10,15.912253758461208,1.1373719072112518,1.2248697537038138,True,pressure_curvature_r0.01,190216E6PSB1,False,False
65,25,15,cell,cell,2,34,18.251159068747025,0.6575887688156792,0.7081769720096062,True,pressure_curvature_r0.01,190216E6PSB1,False,False
66,19,25,cell,cell,10,2,32.58792754938834,0.6039867307349113,0.6504513373550675,True,pressure_curvature_r0.01,190216E6PSB1,False,False
67,18,20,cell,cell,12,45,10.129688755600807,1.0317972734436345,1.1111732795422684,True,pressure_curvature_r0.01,190216E6PSB1,False,False
68,25,18,cell,cell,2,12,16.268246128998122,0.6782013899780195,0.7303753189585926,True,pressure_curvature_r0.01,190216E6PSB1,False,False
69,24,25,cell,cell,39,2,27.080743742345728,1.1135175085783329,1.1991802398403164,True,pressure_curvature_r0.01,190216E6PSB1,False,False
70,26,20,cell,cell,19,45,5.246405675175395,0.9307408695291506,1.002342621963932,True,pressure_curvature_r0.01,190216E6PSB1,False,False
71,18,26,cell,cell,12,19,50.957266163347285,0.8382524230114108,0.9027390534316289,True,pressure_curvature_r0.01,190216E6PSB1,False,False
72,27,20,cell,cell,20,45,18.69919971570289,0.8471336939647856,0.9123035591981815,True,pressure_curvature_r0.01,190216E6PSB1,False,True
73,26,27,cell,cell,19,20,35.03046398957618,0.7297424846884654,0.7858814621852189,True,pressure_curvature_r0.01,190216E6PSB1,False,False
74,28,21,cell,cell,8,29,18.95743722819872,0.8219035769526105,0.8851324931513732,True,pressure_curvature_r0.01,190216E6PSB1,False,False
75,20,28,cell,cell,45,8,23.693148707451382,0.7202877234414864,0.7756993476046761,True,pressure_curvature_r0.01,190216E6PSB1,False,False
76,25,26,cell,cell,2,19,25.845603782006283,0.928628404248531,1.0000676450530597,True,pressure_curvature_r0.01,190216E6PSB1,False,False
77,21,29,cell,cell,29,51,19.538661958131993,0.4062725430268197,0.4375270274909774,True,pressure_curvature_r0.01,190216E6PSB1,False,False
78,22,30,cell,cell,43,38,10.239630729574436,0.7355015554689768,0.7920835773981609,True,pressure_curvature_r0.01,190216E6PSB1,False,False
79,30,54,cell,outer,38,-1,19.0,,,False,pressure_curvature_r0.01,190216E6PSB1,False,False
80,23,30,cell,cell,48,38,18.124249268759062,0.5430532296566131,0.5848302313783189,True,pressure_curvature_r0.01,190216E6PSB1,False,False
81,29,23,cell,cell,51,48,8.36173339030538,1.1696695833118058,1.259652085076399,True,pressure_curvature_r0.01,190216E6PSB1,False,False
82,28,29,cell,cell,8,51,15.979278439438184,0.8936637463336472,0.9624131613639464,True,pressure_curvature_r0.01,190216E6PSB1,False,False
83,27,28,cell,cell,20,8,55.730032331531646,0.7451815101102699,0.8025082094663263,True,pressure_curvature_r0.01,190216E6PSB1,True,True
84,31,23,cell,cell,31,48,43.274349259187716,1.2019503884704792,1.294416247628131,True,pressure_curvature_r0.01,190216E6PSB1,False,False
85,29,31,cell,cell,51,31,16.664856610243927,0.9308707639646641,1.0024825091584602,True,pressure_curvature_r0.01,190216E6PSB1,False,False
86,32,25,cell,cell,1,2,16.600822075786972,1.6489577140959317,1.7758117782994831,True,pressure_curvature_r0.01,190216E6PSB1,False,False
87,24,32,cell,cell,39,1,34.03292556269816,1.1344630877808406,1.2217371592404667,True,pressure_curvature_r0.01,190216E6PSB1,False,False
88,28,31,cell,cell,8,31,37.0027454973301,1.0549644005479824,1.1361226501838424,True,pressure_curvature_r0.01,190216E6PSB1,False,False
89,33,26,cell,cell,18,19,53.93870181111827,0.6716424008775063,0.7233117478318974,True,pressure_curvature_r0.01,190216E6PSB1,False,False
90,25,33,cell,cell,2,18,15.812629743876379,1.2760893654510725,1.374258724744286,True,pressure_curvature_r0.01,190216E6PSB1,False,False
91,31,30,cell,cell,31,38,9.124249268759064,1.5245925451923164,1.641879216014022,True,pressure_curvature_r0.01,190216E6PSB1,False,False
92,31,54,cell,outer,31,-1,47.0,,,False,pressure_curvature_r0.01,190216E6PSB1,False,False
93,33,27,cell,cell,18,20,22.466602969905544,0.9276530036555203,0.999017207041932,True,pressure_curvature_r0.01,190216E6PSB1,False,False
94,34,25,cell,cell,50,2,11.507117899126335,1.058979920012508,1.1404470829453006,True,pressure_curvature_r0.01,190216E6PSB1,False,False
95,24,35,cell,cell,39,52,1.0,1.3496708239795978,1.4535007935993083,True,pressure_curvature_r0.01,190216E6PSB1,False,False
96,32,34,cell,cell,1,50,42.32081914048579,0.9457129245966052,1.0184664749329035,True,pressure_curvature_r0.01,190216E6PSB1,False,False
97,35,32,cell,cell,52,1,35.710529652868615,1.0886057758639687,1.1723520513465495,True,pressure_curvature_r0.01,190216E6PSB1,False,False
98,54,35,outer,cell,-1,52,34.0,,,False,pressure_curvature_r0.01,190216E6PSB1,False,False
99,34,33,cell,cell,50,18,13.074920545709059,1.1794499018280502,1.2701848019970325,True,pressure_curvature_r0.01,190216E6PSB1,False,False
100,36,33,cell,cell,57,18,48.35293999971225,0.9233460972731,0.9943789710116476,True,pressure_curvature_r0.01,190216E6PSB1,False,False
101,34,36,cell,cell,50,57,44.04677513594575,0.6910420765285824,0.7442038375573509,True,pressure_curvature_r0.01,190216E6PSB1,False,False
102,37,27,cell,cell,5,20,34.84947992702727,0.9796066171151352,1.0549676040218725,True,pressure_curvature_r0.01,190216E6PSB1,False,False
103,33,37,cell,cell,18,5,17.544129529688526,1.4386465511674293,1.549321409842061,True,pressure_curvature_r0.01,190216E6PSB1,False,False
104,27,31,cell,cell,20,31,7.129688755600806,1.3324836124355204,1.4349913725054926,True,pressure_curvature_r0.01,190216E6PSB1,False,True
105,38,31,cell,cell,23,31,7.144046695842728,1.3776282614575641,1.4836089924573148,True,pressure_curvature_r0.01,190216E6PSB1,False,False
106,27,38,cell,cell,20,23,34.2133019952923,1.3635005293383413,1.4683944160715698,True,pressure_curvature_r0.01,190216E6PSB1,False,False
107,36,37,cell,cell,57,5,27.79672117179765,1.0333064224098467,1.1127985271071383,True,pressure_curvature_r0.01,190216E6PSB1,False,False
108,39,31,cell,cell,17,31,72.94269504079715,0.9779299327249753,1.0531619325585693,True,pressure_curvature_r0.01,190216E6PSB1,False,False
109,40,32,cell,cell,36,1,8.129688755600807,0.8639993735546196,0.9304667129337965,True,pressure_curvature_r0.01,190216E6PSB1,False,False
110,35,41,cell,cell,52,28,13.25406674990083,0.15732589828213084,0.16942895552305276,True,pressure_curvature_r0.01,190216E6PSB1,False,False
111,35,40,cell,cell,52,36,1.0,0.7379334999652589,0.794702611011789,True,pressure_curvature_r0.01,190216E6PSB1,False,False
112,40,34,cell,cell,36,50,27.81216416162281,0.7674245977590413,0.8264624544386373,True,pressure_curvature_r0.01,190216E6PSB1,False,False
113,41,40,cell,cell,28,36,26.351892151385297,0.4712201068949883,0.5074709974927708,True,pressure_curvature_r0.01,190216E6PSB1,False,False
114,54,41,outer,cell,-1,28,27.0,,,False,pressure_curvature_r0.01,190216E6PSB1,False,False
115,42,31,cell,cell,54,31,5.1781325211239935,1.1456379102366996,1.2337716590750485,True,pressure_curvature_r0.01,190216E6PSB1,False,True
116,38,42,cell,cell,23,54,46.257286728078014,0.8029766498210108,0.8647495204165396,True,pressure_curvature_r0.01,190216E6PSB1,False,False
117,42,39,cell,cell,54,17,28.325246629958396,0.6096413388219697,0.6565409535755606,True,pressure_curvature_r0.01,190216E6PSB1,False,False
118,39,54,cell,outer,17,-1,55.0,,,False,pressure_curvature_r0.01,190216E6PSB1,False,False
119,37,38,cell,cell,5,23,33.92310938230872,1.662345629170403,1.7902296236286181,True,pressure_curvature_r0.01,190216E6PSB1,False,False
120,43,36,cell,cell,46,57,33.547847959983166,0.48717873708237136,0.524657322654431,True,pressure_curvature_r0.01,190216E6PSB1,False,False
121,34,43,cell,cell,50,46,11.28859917432251,0.42586102992436625,0.45862245368315235,True,pressure_curvature_r0.01,190216E6PSB1,False,False
122,43,37,cell,cell,46,5,23.37701411135526,1.1827308868226745,1.2737181926644046,True,pressure_curvature_r0.01,190216E6PSB1,False,False
123,41,44,cell,cell,28,26,11.414212791279919,0.5580490964338221,0.6009797278882266,True,pressure_curvature_r0.01,190216E6PSB1,False,False
124,44,40,cell,cell,26,36,17.046822124513437,0.31440908452424154,0.338596527206048,True,pressure_curvature_r0.01,190216E6PSB1,False,False
125,44,34,cell,cell,26,50,15.953601021302205,1.013964998323508,1.0919691702303693,True,pressure_curvature_r0.01,190216E6PSB1,False,False
126,41,45,cell,cell,28,21,2.0,0.9759025936862356,1.050978630638317,True,pressure_curvature_r0.01,190216E6PSB1,False,False
127,45,44,cell,cell,21,26,20.122539964720232,0.5310301331868864,0.5718821999400007,True,pressure_curvature_r0.01,190216E6PSB1,False,False
128,54,45,outer,cell,-1,21,19.0,,,False,pressure_curvature_r0.01,190216E6PSB1,False,False
129,46,39,cell,cell,3,17,77.31571163484702,-0.029382967597890275,-0.03164339479155984,True,pressure_curvature_r0.01,190216E6PSB1,False,True
130,42,46,cell,cell,54,3,30.97846893404379,0.8030883230055441,0.8648697846020426,True,pressure_curvature_r0.01,190216E6PSB1,False,False
131,47,43,cell,cell,44,46,43.74789609624094,0.24496998527389835,0.2638154886935635,True,pressure_curvature_r0.01,190216E6PSB1,False,False
132,34,47,cell,cell,50,44,27.945346161634177,0.2370583287147351,0.25529518960795267,True,pressure_curvature_r0.01,190216E6PSB1,False,False
133,38,48,cell,cell,23,61,35.21960815804457,0.3316390705955494,0.3571520134649179,True,pressure_curvature_r0.01,190216E6PSB1,False,False
134,43,38,cell,cell,46,23,6.0,1.5531281243315076,1.6726100328826374,True,pressure_curvature_r0.01,190216E6PSB1,False,False
135,49,34,cell,cell,30,50,22.13836073880204,0.5686348581656292,0.6123798506475429,True,pressure_curvature_r0.01,190216E6PSB1,False,False
136,48,42,cell,cell,61,54,29.044600793653462,0.5704924876110788,0.6143803872415052,True,pressure_curvature_r0.01,190216E6PSB1,False,False
137,44,49,cell,cell,26,30,36.285003345710635,0.7986828617027938,0.860125411836513,True,pressure_curvature_r0.01,190216E6PSB1,False,False
138,43,48,cell,cell,46,61,17.246594348128745,1.2858972952627148,1.38482117709304,True,pressure_curvature_r0.01,190216E6PSB1,False,False
139,45,50,cell,cell,21,6,1.0,0.7181633728774823,0.7734115710773902,True,pressure_curvature_r0.01,190216E6PSB1,False,False
140,50,44,cell,cell,6,26,26.49198295709646,0.726719108421743,0.7826254980457017,True,pressure_curvature_r0.01,190216E6PSB1,False,False
141,54,50,outer,cell,-1,6,31.124484748932566,,,False,pressure_curvature_r0.01,190216E6PSB1,False,False
142,49,47,cell,cell,30,44,28.119103816397907,0.7303325741371488,0.7865169471247444,True,pressure_curvature_r0.01,190216E6PSB1,False,False
143,42,51,cell,cell,54,63,25.189802994384944,0.5761074409979436,0.6204272981317969,True,pressure_curvature_r0.01,190216E6PSB1,False,False
144,52,48,cell,cell,4,61,21.813719056419856,1.4193767684887557,1.5285692057354678,True,pressure_curvature_r0.01,190216E6PSB1,False,False
145,43,52,cell,cell,46,4,31.075500944899307,0.7697844621973344,0.8290038628864632,True,pressure_curvature_r0.01,190216E6PSB1,False,False
146,51,46,cell,cell,63,3,12.302639240964972,0.654239057207228,0.7045695676005396,True,pressure_curvature_r0.01,190216E6PSB1,False,False
147,46,54,cell,outer,3,-1,70.12448474893256,,,False,pressure_curvature_r0.01,190216E6PSB1,False,False
148,53,42,cell,cell,35,54,23.597856678745313,0.9920580043009187,1.0683768745153883,True,pressure_curvature_r0.01,190216E6PSB1,False,False
149,47,52,cell,cell,44,4,9.210046486242494,0.46425955736193714,0.4999749739510112,True,pressure_curvature_r0.01,190216E6PSB1,False,False
150,48,53,cell,cell,61,35,5.87835427629204,1.499086549072946,1.6144110475225868,True,pressure_curvature_r0.01,190216E6PSB1,False,False
151,53,51,cell,cell,35,63,3.1836008691813857,0.6779675419761886,0.7301234810658237,True,pressure_curvature_r0.01,190216E6PSB1,False,False
152,52,53,cell,cell,4,35,2.0,1.5151675719088047,1.6317291809804104,True,pressure_curvature_r0.01,190216E6PSB1,False,False
153,51,54,cell,outer,63,-1,20.0,,,False,pressure_curvature_r0.01,190216E6PSB1,False,False
154,53,54,cell,outer,35,-1,29.0,,,False,pressure_curvature_r0.01,190216E6PSB1,False,False
155,52,54,cell,outer,4,-1,55.0,,,False,pressure_curvature_r0.01,190216E6PSB1,False,False
156,47,54,cell,outer,44,-1,15.0,,,False,pressure_curvature_r0.01,190216E6PSB1,False,False
157,49,54,cell,outer,30,-1,39.0,,,False,pressure_curvature_r0.01,190216E6PSB1,False,False
158,44,54,cell,outer,26,-1,28.0,,,False,pressure_curvature_r0.01,190216E6PSB1,False,False
0,0,49,cell,outer,40,-1,100.12448474893256,,,False,tension_only_r0.1,190216E8PSB1,False,False
1,49,1,outer,cell,-1,28,13.0,,,False,tension_only_r0.1,190216E8PSB1,False,False
2,49,2,outer,cell,-1,11,18.0,,,False,tension_only_r0.1,190216E8PSB1,False,False
3,49,3,outer,cell,-1,52,26.0,,,False,tension_only_r0.1,190216E8PSB1,False,False
4,49,4,outer,cell,-1,26,33.0,,,False,tension_only_r0.1,190216E8PSB1,False,False
5,49,5,outer,cell,-1,30,33.0,,,False,tension_only_r0.1,190216E8PSB1,False,False
6,49,6,outer,cell,-1,7,25.0,,,False,tension_only_r0.1,190216E8PSB1,False,False
7,49,7,outer,cell,-1,3,31.0,,,False,tension_only_r0.1,190216E8PSB1,False,False
8,49,8,outer,cell,-1,32,37.0,,,False,tension_only_r0.1,190216E8PSB1,False,False
9,49,9,outer,cell,-1,21,61.124484748932566,,,False,tension_only_r0.1,190216E8PSB1,False,False
10,1,0,cell,cell,28,40,73.35101586371496,0.08870955833346586,0.08903965912191246,True,tension_only_r0.1,190216E8PSB1,False,False
11,2,1,cell,cell,11,28,54.36817441230674,0.4549706750100029,0.4566636851135627,True,tension_only_r0.1,190216E8PSB1,False,False
12,3,2,cell,cell,52,11,13.580986610498911,1.3981029000840017,1.4033054383258488,True,tension_only_r0.1,190216E8PSB1,False,False
13,4,3,cell,cell,26,52,6.0,1.4296493283991918,1.4349692553537676,True,tension_only_r0.1,190216E8PSB1,False,False
14,5,4,cell,cell,30,26,14.300477600493675,1.419363794384272,1.4246454474149135,True,tension_only_r0.1,190216E8PSB1,False,False
15,6,5,cell,cell,7,30,23.240740231766562,1.2165630406425416,1.2210900434419638,True,tension_only_r0.1,190216E8PSB1,False,False
16,7,6,cell,cell,3,7,22.66096497412547,0.8868979713352874,0.8901982438776096,True,tension_only_r0.1,190216E8PSB1,False,False
17,8,7,cell,cell,32,3,37.4683681837253,1.1732385767775741,1.1776043631314461,True,tension_only_r0.1,190216E8PSB1,False,False
18,9,8,cell,cell,21,32,39.76726086299898,1.6174089765135515,1.6234275836221648,True,tension_only_r0.1,190216E8PSB1,False,False
19,10,3,cell,cell,34,52,16.391155899266266,1.0909627525273677,1.0950223789254772,True,tension_only_r0.1,190216E8PSB1,False,False
20,4,10,cell,cell,26,34,16.51947213550134,1.541254327133878,1.5469895520424628,True,tension_only_r0.1,190216E8PSB1,False,False
21,10,2,cell,cell,34,11,44.51205531364742,1.2112839106833384,1.2157912690950015,True,tension_only_r0.1,190216E8PSB1,False,False
22,5,11,cell,cell,30,48,27.807007377438367,0.610369383537374,0.6126406541708267,True,tension_only_r0.1,190216E8PSB1,False,False
23,11,4,cell,cell,48,26,4.472160540311851,1.3772747599493287,1.3823997937417172,True,tension_only_r0.1,190216E8PSB1,False,False
24,12,4,cell,cell,24,26,21.124249268759062,0.8903058249007366,0.8936187785472149,True,tension_only_r0.1,190216E8PSB1,False,False
25,11,12,cell,cell,48,24,39.80718087413554,1.076470058282364,1.0804757553194568,True,tension_only_r0.1,190216E8PSB1,False,False
26,12,10,cell,cell,24,34,38.63932225136586,1.2806379064736497,1.285403340893382,True,tension_only_r0.1,190216E8PSB1,False,False
27,13,6,cell,cell,16,7,24.967070503167243,0.7320685628179526,0.7347926932760795,True,tension_only_r0.1,190216E8PSB1,False,False
28,7,13,cell,cell,3,16,36.28368806705299,0.7055219585268435,0.7081473053231903,True,tension_only_r0.1,190216E8PSB1,False,False
29,6,11,cell,cell,7,48,12.124249268759066,1.279090467292066,1.2838501434721734,True,tension_only_r0.1,190216E8PSB1,False,False
30,14,9,cell,cell,45,21,10.463603503860206,1.231133575654698,1.235714797471619,True,tension_only_r0.1,190216E8PSB1,False,False
31,49,14,outer,cell,-1,45,11.0,,,False,tension_only_r0.1,190216E8PSB1,False,False
32,14,8,cell,cell,45,32,10.124249268759066,1.6353393890355323,1.6414247177401253,True,tension_only_r0.1,190216E8PSB1,False,False
33,6,15,cell,cell,7,22,23.363553975502228,0.5271092060749437,0.5290706538353838,True,tension_only_r0.1,190216E8PSB1,False,False
34,15,11,cell,cell,22,48,18.714072330329643,1.0736042243795014,1.077599257244112,True,tension_only_r0.1,190216E8PSB1,False,False
35,8,13,cell,cell,32,16,59.67919290905399,1.607772248379829,1.6137549958627744,True,tension_only_r0.1,190216E8PSB1,False,False
36,16,14,cell,cell,49,45,11.464975642339132,0.16532329379750024,0.16593848511009815,True,tension_only_r0.1,190216E8PSB1,False,False
37,13,15,cell,cell,16,22,37.25602765682371,0.7442902081469165,0.7470598170724712,True,tension_only_r0.1,190216E8PSB1,False,False
38,49,16,outer,cell,-1,49,46.0,,,False,tension_only_r0.1,190216E8PSB1,False,False
39,16,8,cell,cell,49,32,36.76909483996226,1.68660099196007,1.6928770723250288,True,tension_only_r0.1,190216E8PSB1,False,False
40,17,11,cell,cell,42,48,24.369771742337267,0.32996489929969575,0.3311927452665203,True,tension_only_r0.1,190216E8PSB1,False,False
41,15,17,cell,cell,22,42,30.207328914688752,0.9014345143000217,0.9047888793706362,True,tension_only_r0.1,190216E8PSB1,False,False
42,18,1,cell,cell,25,28,21.13539991089832,0.39899671122005276,0.4004814343032885,True,tension_only_r0.1,190216E8PSB1,False,False
43,2,18,cell,cell,11,25,22.0,0.2468806641745616,0.24779934197464595,True,tension_only_r0.1,190216E8PSB1,False,False
44,10,18,cell,cell,34,25,26.17813252112399,1.2471350955836131,1.2517758613149004,True,tension_only_r0.1,190216E8PSB1,False,False
45,19,10,cell,cell,13,34,36.358857785323195,0.3828041143971148,0.3842285825418899,True,tension_only_r0.1,190216E8PSB1,False,False
46,12,19,cell,cell,24,13,51.39180239013874,1.082074349194115,1.0861009005887696,True,tension_only_r0.1,190216E8PSB1,False,False
47,17,12,cell,cell,42,24,35.67552487144211,0.9627505518839523,0.9663330825855442,True,tension_only_r0.1,190216E8PSB1,False,False
48,18,0,cell,cell,25,40,25.124249268759062,0.28368896451023173,0.2847446111915781,True,tension_only_r0.1,190216E8PSB1,False,False
49,20,15,cell,cell,6,22,17.645760509778054,0.7100192184161638,0.712661300151374,True,tension_only_r0.1,190216E8PSB1,False,False
50,13,20,cell,cell,16,6,28.50320789939366,0.9004641456429435,0.9038148998348117,True,tension_only_r0.1,190216E8PSB1,False,False
51,21,8,cell,cell,38,32,17.206592031722984,1.6255265490611324,1.6315753628030394,True,tension_only_r0.1,190216E8PSB1,False,False
52,16,21,cell,cell,49,38,17.028356397488604,1.0724733391347803,1.076464163815764,True,tension_only_r0.1,190216E8PSB1,False,False
53,19,18,cell,cell,13,25,2.0,1.495324939372963,1.50088925454648,True,tension_only_r0.1,190216E8PSB1,False,False
54,20,17,cell,cell,6,42,13.108769437931798,0.9725067310557272,0.9761255658771606,True,tension_only_r0.1,190216E8PSB1,False,False
55,19,47,cell,gap,13,-1,7.815222153515984,0.7483860818332195,0.7511709320829182,True,tension_only_r0.1,190216E8PSB1,False,False
56,47,18,gap,cell,-1,25,4.2763150540278865,0.7483860818332209,0.7511709320829195,True,tension_only_r0.1,190216E8PSB1,False,False
57,19,18,cell,cell,13,25,6.4308221528456055,1.5001115949694088,1.5056937219640654,True,tension_only_r0.1,190216E8PSB1,False,False
58,49,21,outer,cell,-1,38,111.0,,,False,tension_only_r0.1,190216E8PSB1,False,False
59,22,8,cell,cell,8,32,11.73953124041342,1.4609785191311566,1.46641502642675,True,tension_only_r0.1,190216E8PSB1,False,False
60,23,13,cell,cell,10,16,51.631656491412926,0.9108126073073153,0.9142018695857842,True,tension_only_r0.1,190216E8PSB1,False,False
61,8,23,cell,cell,32,10,2.8339460121886586,1.9333636577060007,1.940557976782235,True,tension_only_r0.1,190216E8PSB1,False,False
62,21,22,cell,cell,38,8,42.64405086202564,0.9962926544002754,1.0,True,tension_only_r0.1,190216E8PSB1,False,False
63,24,18,cell,cell,20,25,30.06201776320308,1.2906563233183128,1.295459037681284,True,tension_only_r0.1,190216E8PSB1,False,False
64,19,24,cell,cell,13,20,25.234991162278355,1.4236467248133584,1.428944315232688,True,tension_only_r0.1,190216E8PSB1,False,False
65,22,23,cell,cell,8,10,33.54149059362797,1.5414952855811328,1.5472314071301123,True,tension_only_r0.1,190216E8PSB1,False,False
66,17,25,cell,cell,42,14,26.0,0.5381171115588199,0.5401195212893976,True,tension_only_r0.1,190216E8PSB1,False,False
67,25,12,cell,cell,14,24,24.32937623416314,0.7663393544226809,0.7691910113338973,True,tension_only_r0.1,190216E8PSB1,False,False
68,20,25,cell,cell,6,14,32.094884246395104,0.8467592604990771,0.8499101712325574,True,tension_only_r0.1,190216E8PSB1,False,False
69,23,20,cell,cell,10,6,36.181858120616,0.7938147187603363,0.7967686153805661,True,tension_only_r0.1,190216E8PSB1,False,False
70,0,26,cell,cell,40,23,9.30060632603463,1.2630697131982063,1.2677697738909046,True,tension_only_r0.1,190216E8PSB1,False,False
71,18,26,cell,cell,25,23,3.0,1.2281110123214654,1.2326809867535704,True,tension_only_r0.1,190216E8PSB1,False,False
72,26,49,cell,outer,23,-1,14.0,,,False,tension_only_r0.1,190216E8PSB1,False,False
73,24,26,cell,cell,20,23,11.691075470394138,0.5283583024358569,0.5303243982601734,True,tension_only_r0.1,190216E8PSB1,False,False
74,27,19,cell,cell,5,13,31.19383653600732,0.7121267846520902,0.71477670893876,True,tension_only_r0.1,190216E8PSB1,False,False
75,12,27,cell,cell,24,5,11.386687382962013,1.2754869483842306,1.2802332153618237,True,tension_only_r0.1,190216E8PSB1,False,False
76,28,26,cell,cell,47,23,10.879778358988055,0.3435735984042378,0.3448520842613801,True,tension_only_r0.1,190216E8PSB1,False,False
77,24,28,cell,cell,20,47,80.09463411621157,0.6450617401567642,0.6474621059462324,True,tension_only_r0.1,190216E8PSB1,False,False
78,28,49,cell,outer,47,-1,98.0,,,False,tension_only_r0.1,190216E8PSB1,False,False
79,27,24,cell,cell,5,20,48.42872069110596,1.3955581118222886,1.4007511805478017,True,tension_only_r0.1,190216E8PSB1,False,False
80,25,27,cell,cell,14,5,3.6124035556762317,1.5896806032237314,1.5955960291413065,True,tension_only_r0.1,190216E8PSB1,True,True
81,25,48,cell,gap,14,-1,10.632624651802074,0.7627717029034865,0.7656100840798046,True,tension_only_r0.1,190216E8PSB1,False,False
82,48,27,gap,cell,-1,5,10.975741783681894,0.7627717029034852,0.7656100840798032,True,tension_only_r0.1,190216E8PSB1,False,False
83,29,25,cell,cell,18,14,38.37559197357247,1.1071513138378808,1.1112711801577393,True,tension_only_r0.1,190216E8PSB1,False,False
84,20,29,cell,cell,6,18,16.971341703226614,1.4025269373811742,1.4077459380902835,True,tension_only_r0.1,190216E8PSB1,False,False
85,30,23,cell,cell,37,10,33.68031314284245,0.828253953178363,0.8313360030511674,True,tension_only_r0.1,190216E8PSB1,False,False
86,22,30,cell,cell,8,37,16.315695021543377,0.8501383172855184,0.8533018019662751,True,tension_only_r0.1,190216E8PSB1,False,False
87,25,27,cell,cell,14,5,4.589204680270212,1.4790152996340669,1.4845189243359116,True,tension_only_r0.1,190216E8PSB1,False,True
88,23,29,cell,cell,10,18,51.32570341788477,1.4186237136753626,1.4239026127612193,True,tension_only_r0.1,190216E8PSB1,False,False
89,31,22,cell,cell,36,8,20.376986998636713,0.029902609361959875,0.030013881192328912,True,tension_only_r0.1,190216E8PSB1,False,False
90,21,31,cell,cell,38,36,58.04759373401677,0.9622003808394467,0.965780864276922,True,tension_only_r0.1,190216E8PSB1,False,False
91,29,27,cell,cell,18,5,8.313418350323149,1.5883534322045447,1.5942639195314192,True,tension_only_r0.1,190216E8PSB1,False,True
92,31,30,cell,cell,36,37,56.904878649524946,0.8888142691399596,0.89212167249691,True,tension_only_r0.1,190216E8PSB1,False,False
93,32,27,cell,cell,41,5,57.03584771706384,0.4664741058091142,0.46820992180245596,True,tension_only_r0.1,190216E8PSB1,False,False
94,29,32,cell,cell,18,41,70.1619034779352,1.2018662338070136,1.2063385477136581,True,tension_only_r0.1,190216E8PSB1,False,False
95,33,23,cell,cell,31,10,23.602517216653087,0.49679388933125046,0.4986425295188979,True,tension_only_r0.1,190216E8PSB1,False,False
96,30,33,cell,cell,37,31,85.7084907678207,0.3176467968355838,0.3188288054043651,True,tension_only_r0.1,190216E8PSB1,False,False
97,34,24,cell,cell,15,20,31.53468024605967,0.647084157874056,0.6494920493653267,True,tension_only_r0.1,190216E8PSB1,False,False
98,27,34,cell,cell,5,15,19.06380834750859,0.9578472220007295,0.9614115067196913,True,tension_only_r0.1,190216E8PSB1,False,False
99,33,29,cell,cell,31,18,14.551278137651694,1.2026194409836575,1.2070945576805259,True,tension_only_r0.1,190216E8PSB1,False,False
100,35,28,cell,cell,35,47,85.78054714401473,0.21299246333749577,0.21378503835874202,True,tension_only_r0.1,190216E8PSB1,False,False
101,36,29,cell,cell,17,18,97.27580438835615,0.39008995462072404,0.3915415344054114,True,tension_only_r0.1,190216E8PSB1,False,False
102,33,36,cell,cell,31,17,80.31698206021798,0.8755159764510546,0.8787738949837756,True,tension_only_r0.1,190216E8PSB1,False,False
103,32,34,cell,cell,41,15,20.342863817731164,1.0822930863914566,1.0863204517380987,True,tension_only_r0.1,190216E8PSB1,False,False
104,34,28,cell,cell,15,47,12.313289624782191,1.1630491766851017,1.1673770468429343,True,tension_only_r0.1,190216E8PSB1,False,False
105,21,30,cell,cell,38,37,11.116477307628646,1.7890947808480546,1.7957522550690805,True,tension_only_r0.1,190216E8PSB1,False,False
106,34,35,cell,cell,15,35,29.50790692637719,1.0593419113607627,1.0632838721454192,True,tension_only_r0.1,190216E8PSB1,False,False
107,49,30,outer,cell,-1,37,32.0,,,False,tension_only_r0.1,190216E8PSB1,False,False
108,32,37,cell,cell,41,9,42.39991930930451,0.44833651230101534,0.45000483574868305,True,tension_only_r0.1,190216E8PSB1,False,False
109,37,34,cell,cell,9,15,30.270133879511796,0.7984962608013421,0.8014675781003343,True,tension_only_r0.1,190216E8PSB1,False,False
110,35,49,cell,outer,35,-1,17.0,,,False,tension_only_r0.1,190216E8PSB1,False,False
111,29,37,cell,cell,18,9,34.748237483420496,1.3663681302697843,1.371452578953599,True,tension_only_r0.1,190216E8PSB1,False,True
112,38,35,cell,cell,1,35,9.485476916446,1.3235595675602005,1.3284847195394867,True,tension_only_r0.1,190216E8PSB1,False,False
113,34,38,cell,cell,15,1,27.969481605852987,0.8569967074762052,0.8601857131949645,True,tension_only_r0.1,190216E8PSB1,False,False
114,35,39,cell,cell,35,27,6.656403336567939,1.6492393059842057,1.6553763582418217,True,tension_only_r0.1,190216E8PSB1,False,False
115,39,49,cell,outer,27,-1,32.12463042914826,,,False,tension_only_r0.1,190216E8PSB1,False,False
116,35,40,cell,cell,35,4,13.252033834970488,1.3562997723411958,1.3613467552439489,True,tension_only_r0.1,190216E8PSB1,False,False
117,37,38,cell,cell,9,1,12.87327633901868,0.8508044219140728,0.8539703852641771,True,tension_only_r0.1,190216E8PSB1,False,False
118,41,30,cell,cell,2,37,24.801656252298017,1.4041593220569117,1.4093843970998203,True,tension_only_r0.1,190216E8PSB1,False,False
119,49,41,outer,cell,-1,2,39.124484748932566,,,False,tension_only_r0.1,190216E8PSB1,False,False
120,40,39,cell,cell,4,27,26.542665924223336,1.0749225346310052,1.078922473114149,True,tension_only_r0.1,190216E8PSB1,False,False
121,38,40,cell,cell,1,4,24.467154946989066,0.8533297524539691,0.8565051129154779,True,tension_only_r0.1,190216E8PSB1,False,False
122,37,42,cell,cell,9,51,52.550895766229914,0.4204100733595071,0.4219744785858886,True,tension_only_r0.1,190216E8PSB1,False,False
123,43,30,cell,cell,39,37,13.124249268759066,1.534713314386196,1.5404241992630432,True,tension_only_r0.1,190216E8PSB1,False,False
124,42,38,cell,cell,51,1,18.042926731141968,0.7208043488868695,0.7234865636149472,True,tension_only_r0.1,190216E8PSB1,False,False
125,41,43,cell,cell,2,39,21.41732149459044,0.5476463821878352,0.5496842516795373,True,tension_only_r0.1,190216E8PSB1,False,False
126,33,43,cell,cell,31,39,1.0,1.4734948135017194,1.4789778956954158,True,tension_only_r0.1,190216E8PSB1,False,False
127,43,36,cell,cell,39,17,20.44802998008316,1.2179521532497894,1.2224843251333048,True,tension_only_r0.1,190216E8PSB1,False,False
128,29,42,cell,cell,18,51,5.129817481141764,1.5114782416594665,1.5171026655509272,True,tension_only_r0.1,190216E8PSB1,False,True
129,44,29,cell,cell,53,18,25.08324209481846,1.081305426646728,1.0853291167720458,True,tension_only_r0.1,190216E8PSB1,False,False
130,36,44,cell,cell,17,53,19.887202530414783,1.0875570564025314,1.0916040097246258,True,tension_only_r0.1,190216E8PSB1,False,False
131,44,42,cell,cell,53,51,11.886373331591772,1.763071094145415,1.7696317305548206,True,tension_only_r0.1,190216E8PSB1,False,False
132,45,36,cell,cell,50,17,45.248498537518124,1.1158630226010113,1.1200153064188876,True,tension_only_r0.1,190216E8PSB1,False,False
133,43,45,cell,cell,39,50,8.603282008518697,0.5658700693518623,0.5679757517558848,True,tension_only_r0.1,190216E8PSB1,False,False
134,45,44,cell,cell,50,53,6.1781325211239935,0.5587314221521453,0.5608105406422746,True,tension_only_r0.1,190216E8PSB1,False,False
135,38,46,cell,cell,1,12,26.56174398251611,0.6258521477837918,0.6281810319684907,True,tension_only_r0.1,190216E8PSB1,False,False
136,46,40,cell,cell,12,4,5.170079623077207,0.8399182374348885,0.8430436917558953,True,tension_only_r0.1,190216E8PSB1,False,False
137,42,46,cell,cell,51,12,2.0,0.7660316894305582,0.7688822014769102,True,tension_only_r0.1,190216E8PSB1,False,False
138,40,49,cell,outer,4,-1,21.0,,,False,tension_only_r0.1,190216E8PSB1,False,False
139,46,49,cell,outer,12,-1,29.0,,,False,tension_only_r0.1,190216E8PSB1,False,False
140,42,49,cell,outer,51,-1,57.0,,,False,tension_only_r0.1,190216E8PSB1,False,False
141,44,49,cell,outer,53,-1,46.0,,,False,tension_only_r0.1,190216E8PSB1,False,False
142,45,49,cell,outer,50,-1,47.0,,,False,tension_only_r0.1,190216E8PSB1,False,False
143,43,49,cell,outer,39,-1,39.0,,,False,tension_only_r0.1,190216E8PSB1,False,False
0,0,49,cell,outer,40,-1,100.12448474893256,,,False,pressure_curvature_r0.1,190216E8PSB1,False,False
1,49,1,outer,cell,-1,28,13.0,,,False,pressure_curvature_r0.1,190216E8PSB1,False,False
2,49,2,outer,cell,-1,11,18.0,,,False,pressure_curvature_r0.1,190216E8PSB1,False,False
3,49,3,outer,cell,-1,52,26.0,,,False,pressure_curvature_r0.1,190216E8PSB1,False,False
4,49,4,outer,cell,-1,26,33.0,,,False,pressure_curvature_r0.1,190216E8PSB1,False,False
5,49,5,outer,cell,-1,30,33.0,,,False,pressure_curvature_r0.1,190216E8PSB1,False,False
6,49,6,outer,cell,-1,7,25.0,,,False,pressure_curvature_r0.1,190216E8PSB1,False,False
7,49,7,outer,cell,-1,3,31.0,,,False,pressure_curvature_r0.1,190216E8PSB1,False,False
8,49,8,outer,cell,-1,32,37.0,,,False,pressure_curvature_r0.1,190216E8PSB1,False,False
9,49,9,outer,cell,-1,21,61.124484748932566,,,False,pressure_curvature_r0.1,190216E8PSB1,False,False
10,1,0,cell,cell,28,40,73.35101586371496,0.4040525368113659,0.4146781755727825,True,pressure_curvature_r0.1,190216E8PSB1,False,False
11,2,1,cell,cell,11,28,54.36817441230674,0.654183095490076,0.6713865842030996,True,pressure_curvature_r0.1,190216E8PSB1,False,False
12,3,2,cell,cell,52,11,13.580986610498911,1.952699144524988,2.004050574918646,True,pressure_curvature_r0.1,190216E8PSB1,False,False
13,4,3,cell,cell,26,52,6.0,1.9992676041920605,2.051843676395922,True,pressure_curvature_r0.1,190216E8PSB1,False,False
14,5,4,cell,cell,30,26,14.300477600493675,1.8944361160290843,1.9442553647445153,True,pressure_curvature_r0.1,190216E8PSB1,False,False
15,6,5,cell,cell,7,30,23.240740231766562,1.7276649452307236,1.7730985013560119,True,pressure_curvature_r0.1,190216E8PSB1,False,False
16,7,6,cell,cell,3,7,22.66096497412547,1.3370494142493408,1.372210693507958,True,pressure_curvature_r0.1,190216E8PSB1,False,False
17,8,7,cell,cell,32,3,37.4683681837253,0.876082893790957,0.8991218293411258,True,pressure_curvature_r0.1,190216E8PSB1,False,False
18,9,8,cell,cell,21,32,39.76726086299898,1.6069057097449033,1.6491635797985158,True,pressure_curvature_r0.1,190216E8PSB1,False,False
19,10,3,cell,cell,34,52,16.391155899266266,1.5119940241070544,1.55175593832833,True,pressure_curvature_r0.1,190216E8PSB1,False,False
20,4,10,cell,cell,26,34,16.51947213550134,1.9449753406711667,1.9961236530488797,True,pressure_curvature_r0.1,190216E8PSB1,False,False
21,10,2,cell,cell,34,11,44.51205531364742,1.4457189261925218,1.4837379600080096,True,pressure_curvature_r0.1,190216E8PSB1,False,False
22,5,11,cell,cell,30,48,27.807007377438367,0.92022323687372,0.9444229604345366,True,pressure_curvature_r0.1,190216E8PSB1,False,False
23,11,4,cell,cell,48,26,4.472160540311851,1.6326173694471167,1.675551396146368,True,pressure_curvature_r0.1,190216E8PSB1,False,False
24,12,4,cell,cell,24,26,21.124249268759062,0.9743761804036594,1.0,True,pressure_curvature_r0.1,190216E8PSB1,False,False
25,11,12,cell,cell,48,24,39.80718087413554,1.205194770293798,1.236888580131871,True,pressure_curvature_r0.1,190216E8PSB1,False,False
26,12,10,cell,cell,24,34,38.63932225136586,1.5491801672682532,1.5899199902715881,True,pressure_curvature_r0.1,190216E8PSB1,False,False
27,13,6,cell,cell,16,7,24.967070503167243,1.3168608971444744,1.3514912655181415,True,pressure_curvature_r0.1,190216E8PSB1,False,False
28,7,13,cell,cell,3,16,36.28368806705299,1.3838726473202057,1.4202652683349692,True,pressure_curvature_r0.1,190216E8PSB1,False,False
29,6,11,cell,cell,7,48,12.124249268759066,1.5643122842521098,1.6054500466175752,True,pressure_curvature_r0.1,190216E8PSB1,False,False
30,14,9,cell,cell,45,21,10.463603503860206,1.5061376173467473,1.545745521737603,True,pressure_curvature_r0.1,190216E8PSB1,False,False
31,49,14,outer,cell,-1,45,11.0,,,False,pressure_curvature_r0.1,190216E8PSB1,False,False
32,14,8,cell,cell,45,32,10.124249268759066,1.3133572386438792,1.347895468975636,True,pressure_curvature_r0.1,190216E8PSB1,False,False
33,6,15,cell,cell,7,22,23.363553975502228,0.6578831182595689,0.6751839089365101,True,pressure_curvature_r0.1,190216E8PSB1,False,False
34,15,11,cell,cell,22,48,18.714072330329643,1.3155585266131267,1.3501546456812235,True,pressure_curvature_r0.1,190216E8PSB1,False,False
35,8,13,cell,cell,32,16,59.67919290905399,1.930226847824386,1.9809873092594914,True,pressure_curvature_r0.1,190216E8PSB1,False,False
36,16,14,cell,cell,49,45,11.464975642339132,0.1780575313101761,0.18274002884226026,True,pressure_curvature_r0.1,190216E8PSB1,False,False
37,13,15,cell,cell,16,22,37.25602765682371,1.3114174975795028,1.3459047172481329,True,pressure_curvature_r0.1,190216E8PSB1,False,False
38,49,16,outer,cell,-1,49,46.0,,,False,pressure_curvature_r0.1,190216E8PSB1,False,False
39,16,8,cell,cell,49,32,36.76909483996226,1.1208576122429137,1.1503335516459061,True,pressure_curvature_r0.1,190216E8PSB1,False,False
40,17,11,cell,cell,42,48,24.369771742337267,0.5539478015774741,0.5685153359844938,True,pressure_curvature_r0.1,190216E8PSB1,False,False
41,15,17,cell,cell,22,42,30.207328914688752,1.2844790220479612,1.31825782267772,True,pressure_curvature_r0.1,190216E8PSB1,False,False
42,18,1,cell,cell,25,28,21.13539991089832,0.5641207080076663,0.578955766112802,True,pressure_curvature_r0.1,190216E8PSB1,False,False
43,2,18,cell,cell,11,25,22.0,0.3145266286239651,0.3227979449309451,True,pressure_curvature_r0.1,190216E8PSB1,False,False
44,10,18,cell,cell,34,25,26.17813252112399,1.4598003480789865,1.4981896904276009,True,pressure_curvature_r0.1,190216E8PSB1,False,False
45,19,10,cell,cell,13,34,36.358857785323195,0.531017248146591,0.5449817625125073,True,pressure_curvature_r0.1,190216E8PSB1,False,False
46,12,19,cell,cell,24,13,51.39180239013874,1.0676297513630297,1.095705922245285,True,pressure_curvature_r0.1,190216E8PSB1,False,False
47,17,12,cell,cell,42,24,35.67552487144211,1.1557489878544602,1.186142489008365,True,pressure_curvature_r0.1,190216E8PSB1,False,False
48,18,0,cell,cell,25,40,25.124249268759062,0.6020313609330983,0.6178633807362696,True,pressure_curvature_r0.1,190216E8PSB1,False,False
49,20,15,cell,cell,6,22,17.645760509778054,1.1439808617280172,1.1740648886286351,True,pressure_curvature_r0.1,190216E8PSB1,False,False
50,13,20,cell,cell,16,6,28.50320789939366,1.5917667300722886,1.633626480291072,True,pressure_curvature_r0.1,190216E8PSB1,False,False
51,21,8,cell,cell,38,32,17.206592031722984,0.8458023895600206,0.8680450185159762,True,pressure_curvature_r0.1,190216E8PSB1,False,False
52,16,21,cell,cell,49,38,17.028356397488604,0.7831603387825001,0.8037556279937556,True,pressure_curvature_r0.1,190216E8PSB1,False,False
53,19,18,cell,cell,13,25,2.0,1.6957787390234182,1.7403737623398183,True,pressure_curvature_r0.1,190216E8PSB1,False,False
54,20,17,cell,cell,6,42,13.108769437931798,1.4901892905704497,1.5293777911864614,True,pressure_curvature_r0.1,190216E8PSB1,False,False
55,19,47,cell,gap,13,-1,7.815222153515984,1.4878713621587605,1.526998906667005,True,pressure_curvature_r0.1,190216E8PSB1,False,False
56,47,18,gap,cell,-1,25,4.2763150540278865,0.09312301271046919,0.0955719306191277,True,pressure_curvature_r0.1,190216E8PSB1,False,False
57,19,18,cell,cell,13,25,6.4308221528456055,1.4434184556312277,1.4813769924396716,True,pressure_curvature_r0.1,190216E8PSB1,False,False
58,49,21,outer,cell,-1,38,111.0,,,False,pressure_curvature_r0.1,190216E8PSB1,False,False
59,22,8,cell,cell,8,32,11.73953124041342,1.0622623666426356,1.0901973878328668,True,pressure_curvature_r0.1,190216E8PSB1,False,False
60,23,13,cell,cell,10,16,51.631656491412926,1.2849835779828842,1.318775647256225,True,pressure_curvature_r0.1,190216E8PSB1,False,False
61,8,23,cell,cell,32,10,2.8339460121886586,1.9179881712934523,1.9684267840977787,True,pressure_curvature_r0.1,190216E8PSB1,False,False
62,21,22,cell,cell,38,8,42.64405086202564,0.679503414974837,0.6973727689990697,True,pressure_curvature_r0.1,190216E8PSB1,False,False
63,24,18,cell,cell,20,25,30.06201776320308,1.1319619121474003,1.1617298687232451,True,pressure_curvature_r0.1,190216E8PSB1,False,False
64,19,24,cell,cell,13,20,25.234991162278355,1.223408066056809,1.25558084306821,True,pressure_curvature_r0.1,190216E8PSB1,False,False
65,22,23,cell,cell,8,10,33.54149059362797,1.5412472366059855,1.5817784420463623,True,pressure_curvature_r0.1,190216E8PSB1,False,False
66,17,25,cell,cell,42,14,26.0,0.7476300699225437,0.7672909959814693,True,pressure_curvature_r0.1,190216E8PSB1,False,False
67,25,12,cell,cell,14,24,24.32937623416314,0.7417329176697938,0.7612387623869383,True,pressure_curvature_r0.1,190216E8PSB1,False,False
68,20,25,cell,cell,6,14,32.094884246395104,1.2376006011896263,1.2701466087532227,True,pressure_curvature_r0.1,190216E8PSB1,False,False
69,23,20,cell,cell,10,6,36.181858120616,1.0801130915249573,1.1085175451205034,True,pressure_curvature_r0.1,190216E8PSB1,False,False
70,0,26,cell,cell,40,23,9.30060632603463,0.9220141157220173,0.9462609352170844,True,pressure_curvature_r0.1,190216E8PSB1,False,False
71,18,26,cell,cell,25,23,3.0,0.9962227563191548,1.0224210898776742,True,pressure_curvature_r0.1,190216E8PSB1,False,False
72,26,49,cell,outer,23,-1,14.0,,,False,pressure_curvature_r0.1,190216E8PSB1,False,False
73,24,26,cell,cell,20,23,11.691075470394138,0.3332389720212626,0.3420023792897012,True,pressure_curvature_r0.1,190216E8PSB1,False,False
74,27,19,cell,cell,5,13,31.19383653600732,0.6629452213637773,0.6803791335386872,True,pressure_curvature_r0.1,190216E8PSB1,False,False
75,12,27,cell,cell,24,5,11.386687382962013,1.1201820720782716,1.1496402463514743,True,pressure_curvature_r0.1,190216E8PSB1,False,False
76,28,26,cell,cell,47,23,10.879778358988055,0.20285788555926865,0.20819257453033158,True,pressure_curvature_r0.1,190216E8PSB1,False,False
77,24,28,cell,cell,20,47,80.09463411621157,0.6254197938862558,0.641866874893391,True,pressure_curvature_r0.1,190216E8PSB1,False,False
78,28,49,cell,outer,47,-1,98.0,,,False,pressure_curvature_r0.1,190216E8PSB1,False,False
79,27,24,cell,cell,5,20,48.42872069110596,1.2698760812839445,1.3032708586511905,True,pressure_curvature_r0.1,190216E8PSB1,False,False
80,25,27,cell,cell,14,5,3.6124035556762317,1.3479958370265344,1.3834449816580017,True,pressure_curvature_r0.1,190216E8PSB1,True,True
81,25,48,cell,gap,14,-1,10.632624651802074,0.7153449316838012,0.7341568339524186,True,pressure_curvature_r0.1,190216E8PSB1,False,False
82,48,27,gap,cell,-1,5,10.975741783681894,0.3281999038775708,0.3368307954137445,True,pressure_curvature_r0.1,190216E8PSB1,False,False
83,29,25,cell,cell,18,14,38.37559197357247,0.7913474710869947,0.8121580627711562,True,pressure_curvature_r0.1,190216E8PSB1,False,False
84,20,29,cell,cell,6,18,16.971341703226614,1.4713592901223005,1.5100526056709982,True,pressure_curvature_r0.1,190216E8PSB1,False,False
85,30,23,cell,cell,37,10,33.68031314284245,1.0759142689643257,1.1042083033255203,True,pressure_curvature_r0.1,190216E8PSB1,False,False
86,22,30,cell,cell,8,37,16.315695021543377,0.5102995925414469,0.5237192809147312,True,pressure_curvature_r0.1,190216E8PSB1,False,False
87,25,27,cell,cell,14,5,4.589204680270212,0.8382882656962384,0.8603332907306466,True,pressure_curvature_r0.1,190216E8PSB1,False,True
88,23,29,cell,cell,10,18,51.32570341788477,1.4030992634117139,1.439997499559611,True,pressure_curvature_r0.1,190216E8PSB1,False,False
89,31,22,cell,cell,36,8,20.376986998636713,0.21711288239337068,0.22282244451360286,True,pressure_curvature_r0.1,190216E8PSB1,False,False
90,21,31,cell,cell,38,36,58.04759373401677,0.5500051722542985,0.5644690247112212,True,pressure_curvature_r0.1,190216E8PSB1,False,False
91,29,27,cell,cell,18,5,8.313418350323149,0.9134032276434317,0.9374236008776733,True,pressure_curvature_r0.1,190216E8PSB1,False,True
92,31,30,cell,cell,36,37,56.904878649524946,0.45669190570786444,0.4687018370242472,True,pressure_curvature_r0.1,190216E8PSB1,False,False
93,32,27,cell,cell,41,5,57.03584771706384,0.3981150427843717,0.40858453930949207,True,pressure_curvature_r0.1,190216E8PSB1,False,False
94,29,32,cell,cell,18,41,70.1619034779352,0.5314242635940944,0.5453994815164086,True,pressure_curvature_r0.1,190216E8PSB1,False,False
95,33,23,cell,cell,31,10,23.602517216653087,0.7874299801954767,0.8081375510116272,True,pressure_curvature_r0.1,190216E8PSB1,False,False
96,30,33,cell,cell,37,31,85.7084907678207,0.4732911887460567,0.4857376424678035,True,pressure_curvature_r0.1,190216E8PSB1,False,False
97,34,24,cell,cell,15,20,31.53468024605967,0.5085422299665501,0.5219157038053557,True,pressure_curvature_r0.1,190216E8PSB1,False,False
98,27,34,cell,cell,5,15,19.06380834750859,1.0308803353354323,1.0579900823400308,True,pressure_curvature_r0.1,190216E8PSB1,False,False
99,33,29,cell,cell,31,18,14.551278137651694,1.142464310018222,1.1725084551481215,True,pressure_curvature_r0.1,190216E8PSB1,False,False
100,35,28,cell,cell,35,47,85.78054714401473,0.3060223608672872,0.31407003477908285,True,pressure_curvature_r0.1,190216E8PSB1,False,False
101,36,29,cell,cell,17,18,97.27580438835615,0.029242698361857444,0.03001171308369108,True,pressure_curvature_r0.1,190216E8PSB1,False,False
102,33,36,cell,cell,31,17,80.31698206021798,1.073191133338812,1.1014135555881672,True,pressure_curvature_r0.1,190216E8PSB1,False,False
103,32,34,cell,cell,41,15,20.342863817731164,1.0694097089874726,1.0975326886012784,True,pressure_curvature_r0.1,190216E8PSB1,False,False
104,34,28,cell,cell,15,47,12.313289624782191,1.0394421116123218,1.0667770133519758,True,pressure_curvature_r0.1,190216E8PSB1,False,False
105,21,30,cell,cell,38,37,11.116477307628646,0.681075327972085,0.6989860196396969,True,pressure_curvature_r0.1,190216E8PSB1,False,False
106,34,35,cell,cell,15,35,29.50790692637719,0.8147044263270914,0.8361292514248244,True,pressure_curvature_r0.1,190216E8PSB1,False,False
107,49,30,outer,cell,-1,37,32.0,,,False,pressure_curvature_r0.1,190216E8PSB1,False,False
108,32,37,cell,cell,41,9,42.39991930930451,0.4865671684846737,0.4993627494907575,True,pressure_curvature_r0.1,190216E8PSB1,False,False
109,37,34,cell,cell,9,15,30.270133879511796,0.9822839209767362,1.0081156956954767,True,pressure_curvature_r0.1,190216E8PSB1,False,False
110,35,49,cell,outer,35,-1,17.0,,,False,pressure_curvature_r0.1,190216E8PSB1,False,False
111,29,37,cell,cell,18,9,34.748237483420496,0.7643642060376888,0.7844652008231894,True,pressure_curvature_r0.1,190216E8PSB1,False,True
112,38,35,cell,cell,1,35,9.485476916446,0.7629593069845511,0.7830233562036342,True,pressure_curvature_r0.1,190216E8PSB1,False,False
113,34,38,cell,cell,15,1,27.969481605852987,0.7560854370526888,0.7759687195344428,True,pressure_curvature_r0.1,190216E8PSB1,False,False
114,35,39,cell,cell,35,27,6.656403336567939,0.6087721985689906,0.6247814866705708,True,pressure_curvature_r0.1,190216E8PSB1,False,False
115,39,49,cell,outer,27,-1,32.12463042914826,,,False,pressure_curvature_r0.1,190216E8PSB1,False,False
116,35,40,cell,cell,35,4,13.252033834970488,0.7401707918924851,0.7596355563472941,True,pressure_curvature_r0.1,190216E8PSB1,False,False
117,37,38,cell,cell,9,1,12.87327633901868,0.9957455919078229,1.0219313771559058,True,pressure_curvature_r0.1,190216E8PSB1,False,False
118,41,30,cell,cell,2,37,24.801656252298017,2.0204363387729147,2.0735690992937648,True,pressure_curvature_r0.1,190216E8PSB1,False,False
119,49,41,outer,cell,-1,2,39.124484748932566,,,False,pressure_curvature_r0.1,190216E8PSB1,False,False
120,40,39,cell,cell,4,27,26.542665924223336,0.5507461312358054,0.5652294691847303,True,pressure_curvature_r0.1,190216E8PSB1,False,False
121,38,40,cell,cell,1,4,24.467154946989066,0.5568042704785403,0.5714469233513799,True,pressure_curvature_r0.1,190216E8PSB1,False,False
122,37,42,cell,cell,9,51,52.550895766229914,0.6603740651498375,0.677740361916751,True,pressure_curvature_r0.1,190216E8PSB1,False,False
123,43,30,cell,cell,39,37,13.124249268759066,2.0908288746968697,2.1458127946340935,True,pressure_curvature_r0.1,190216E8PSB1,False,False
124,42,38,cell,cell,51,1,18.042926731141968,0.8276973080091303,0.8494638155729919,True,pressure_curvature_r0.1,190216E8PSB1,False,False
125,41,43,cell,cell,2,39,21.41732149459044,0.5284521079730595,0.5423491651388022,True,pressure_curvature_r0.1,190216E8PSB1,False,False
126,33,43,cell,cell,31,39,1.0,2.006494173813581,2.059260287933497,True,pressure_curvature_r0.1,190216E8PSB1,False,False
127,43,36,cell,cell,39,17,20.44802998008316,1.3450643487989058,1.380436402131341,True,pressure_curvature_r0.1,190216E8PSB1,False,False
128,29,42,cell,cell,18,51,5.129817481141764,0.8740170952436226,0.8970017051130493,True,pressure_curvature_r0.1,190216E8PSB1,False,True
129,44,29,cell,cell,53,18,25.08324209481846,0.4603501040519048,0.47245623744742343,True,pressure_curvature_r0.1,190216E8PSB1,False,False
130,36,44,cell,cell,17,53,19.887202530414783,1.0055935140447536,1.0320382766624712,True,pressure_curvature_r0.1,190216E8PSB1,False,False
131,44,42,cell,cell,53,51,11.886373331591772,0.8813081866757515,0.9044845352342745,True,pressure_curvature_r0.1,190216E8PSB1,False,False
132,45,36,cell,cell,50,17,45.248498537518124,1.2336147008715646,1.2660558885588822,True,pressure_curvature_r0.1,190216E8PSB1,False,False
133,43,45,cell,cell,39,50,8.603282008518697,0.6413146136836079,0.6581796913569126,True,pressure_curvature_r0.1,190216E8PSB1,False,False
134,45,44,cell,cell,50,53,6.1781325211239935,0.4422231181653294,0.4538525541358447,True,pressure_curvature_r0.1,190216E8PSB1,False,False
135,38,46,cell,cell,1,12,26.56174398251611,0.524332547023131,0.5381212693499069,True,pressure_curvature_r0.1,190216E8PSB1,False,False
136,46,40,cell,cell,12,4,5.170079623077207,0.6716275663532092,0.6892898039389376,True,pressure_curvature_r0.1,190216E8PSB1,False,False
137,42,46,cell,cell,51,12,2.0,0.9527142496493255,0.9777684110203105,True,pressure_curvature_r0.1,190216E8PSB1,False,False
138,40,49,cell,outer,4,-1,21.0,,,False,pressure_curvature_r0.1,190216E8PSB1,False,False
139,46,49,cell,outer,12,-1,29.0,,,False,pressure_curvature_r0.1,190216E8PSB1,False,False
140,42,49,cell,outer,51,-1,57.0,,,False,pressure_curvature_r0.1,190216E8PSB1,False,False
141,44,49,cell,outer,53,-1,46.0,,,False,pressure_curvature_r0.1,190216E8PSB1,False,False
142,45,49,cell,outer,50,-1,47.0,,,False,pressure_curvature_r0.1,190216E8PSB1,False,False
143,43,49,cell,outer,39,-1,39.0,,,False,pressure_curvature_r0.1,190216E8PSB1,False,False
0,0,49,cell,outer,40,-1,100.12448474893256,,,False,pressure_curvature_r0.01,190216E8PSB1,False,False
1,49,1,outer,cell,-1,28,13.0,,,False,pressure_curvature_r0.01,190216E8PSB1,False,False
2,49,2,outer,cell,-1,11,18.0,,,False,pressure_curvature_r0.01,190216E8PSB1,False,False
3,49,3,outer,cell,-1,52,26.0,,,False,pressure_curvature_r0.01,190216E8PSB1,False,False
4,49,4,outer,cell,-1,26,33.0,,,False,pressure_curvature_r0.01,190216E8PSB1,False,False
5,49,5,outer,cell,-1,30,33.0,,,False,pressure_curvature_r0.01,190216E8PSB1,False,False
6,49,6,outer,cell,-1,7,25.0,,,False,pressure_curvature_r0.01,190216E8PSB1,False,False
7,49,7,outer,cell,-1,3,31.0,,,False,pressure_curvature_r0.01,190216E8PSB1,False,False
8,49,8,outer,cell,-1,32,37.0,,,False,pressure_curvature_r0.01,190216E8PSB1,False,False
9,49,9,outer,cell,-1,21,61.124484748932566,,,False,pressure_curvature_r0.01,190216E8PSB1,False,False
10,1,0,cell,cell,28,40,73.35101586371496,0.3111268100986422,0.36209094019733895,True,pressure_curvature_r0.01,190216E8PSB1,False,False
11,2,1,cell,cell,11,28,54.36817441230674,0.4747750328622917,0.5525455616532224,True,pressure_curvature_r0.01,190216E8PSB1,False,False
12,3,2,cell,cell,52,11,13.580986610498911,2.521821353217704,2.934908324058664,True,pressure_curvature_r0.01,190216E8PSB1,False,False
13,4,3,cell,cell,26,52,6.0,2.6040159567025807,3.030566815352135,True,pressure_curvature_r0.01,190216E8PSB1,False,False
14,5,4,cell,cell,30,26,14.300477600493675,2.220577750021205,2.5843195095644336,True,pressure_curvature_r0.01,190216E8PSB1,False,False
15,6,5,cell,cell,7,30,23.240740231766562,1.9581675979676052,2.2789252600483283,True,pressure_curvature_r0.01,190216E8PSB1,False,False
16,7,6,cell,cell,3,7,22.66096497412547,1.4205082288601871,1.6531945928509573,True,pressure_curvature_r0.01,190216E8PSB1,False,False
17,8,7,cell,cell,32,3,37.4683681837253,0.8825444836243641,1.027109691190562,True,pressure_curvature_r0.01,190216E8PSB1,False,False
18,9,8,cell,cell,21,32,39.76726086299898,1.7799221754417158,2.071482344383784,True,pressure_curvature_r0.01,190216E8PSB1,False,False
19,10,3,cell,cell,34,52,16.391155899266266,1.953530991755534,2.2735291545114205,True,pressure_curvature_r0.01,190216E8PSB1,False,False
20,4,10,cell,cell,26,34,16.51947213550134,2.3965042121763607,2.7890636075325754,True,pressure_curvature_r0.01,190216E8PSB1,False,False
21,10,2,cell,cell,34,11,44.51205531364742,1.6873705151438008,1.9637702584871306,True,pressure_curvature_r0.01,190216E8PSB1,False,False
22,5,11,cell,cell,30,48,27.807007377438367,1.0313137153011143,1.2002480682824992,True,pressure_curvature_r0.01,190216E8PSB1,False,False
23,11,4,cell,cell,48,26,4.472160540311851,1.8573397455398246,2.1615813002909596,True,pressure_curvature_r0.01,190216E8PSB1,False,False
24,12,4,cell,cell,24,26,21.124249268759062,1.129456470464395,1.3144670983923208,True,pressure_curvature_r0.01,190216E8PSB1,False,False
25,11,12,cell,cell,48,24,39.80718087413554,1.3089629884015777,1.5233776832140453,True,pressure_curvature_r0.01,190216E8PSB1,False,False
26,12,10,cell,cell,24,34,38.63932225136586,1.8002353930218948,2.0951229687636252,True,pressure_curvature_r0.01,190216E8PSB1,False,False
27,13,6,cell,cell,16,7,24.967070503167243,1.3964218363575143,1.625162728594419,True,pressure_curvature_r0.01,190216E8PSB1,False,False
28,7,13,cell,cell,3,16,36.28368806705299,1.4734566174072308,1.7148161926894752,True,pressure_curvature_r0.01,190216E8PSB1,False,False
29,6,11,cell,cell,7,48,12.124249268759066,1.7074950463268954,1.9871912886928116,True,pressure_curvature_r0.01,190216E8PSB1,False,False
30,14,9,cell,cell,45,21,10.463603503860206,1.6580140307650353,1.92960503490442,True,pressure_curvature_r0.01,190216E8PSB1,False,False
31,49,14,outer,cell,-1,45,11.0,,,False,pressure_curvature_r0.01,190216E8PSB1,False,False
32,14,8,cell,cell,45,32,10.124249268759066,1.3732711950221463,1.59821989623408,True,pressure_curvature_r0.01,190216E8PSB1,False,False
33,6,15,cell,cell,7,22,23.363553975502228,0.6668026709325947,0.7760282888110186,True,pressure_curvature_r0.01,190216E8PSB1,False,False
34,15,11,cell,cell,22,48,18.714072330329643,1.39037008076519,1.6181196651195147,True,pressure_curvature_r0.01,190216E8PSB1,False,False
35,8,13,cell,cell,32,16,59.67919290905399,2.048578894402521,2.384146379758969,True,pressure_curvature_r0.01,190216E8PSB1,False,False
36,16,14,cell,cell,49,45,11.464975642339132,0.03783713059427929,0.044035042132525876,True,pressure_curvature_r0.01,190216E8PSB1,False,False
37,13,15,cell,cell,16,22,37.25602765682371,1.3941728279290324,1.6225453213188372,True,pressure_curvature_r0.01,190216E8PSB1,False,False
38,49,16,outer,cell,-1,49,46.0,,,False,pressure_curvature_r0.01,190216E8PSB1,False,False
39,16,8,cell,cell,49,32,36.76909483996226,1.090403080209429,1.2690165671737772,True,pressure_curvature_r0.01,190216E8PSB1,False,False
40,17,11,cell,cell,42,48,24.369771742337267,0.5243259466040695,0.6102131632935603,True,pressure_curvature_r0.01,190216E8PSB1,False,False
41,15,17,cell,cell,22,42,30.207328914688752,1.3251784354380673,1.5422493017071643,True,pressure_curvature_r0.01,190216E8PSB1,False,False
42,18,1,cell,cell,25,28,21.13539991089832,0.4237476999411829,0.49315969597578696,True,pressure_curvature_r0.01,190216E8PSB1,False,False
43,2,18,cell,cell,11,25,22.0,0.2776394519885257,0.3231181850722737,True,pressure_curvature_r0.01,190216E8PSB1,False,False
44,10,18,cell,cell,34,25,26.17813252112399,1.6642754189294597,1.9368920698168988,True,pressure_curvature_r0.01,190216E8PSB1,False,False
45,19,10,cell,cell,13,34,36.358857785323195,0.5768114088863562,0.6712960072261028,True,pressure_curvature_r0.01,190216E8PSB1,False,False
46,12,19,cell,cell,24,13,51.39180239013874,1.1446118369217766,1.33210498979695,True,pressure_curvature_r0.01,190216E8PSB1,False,False
47,17,12,cell,cell,42,24,35.67552487144211,1.1881076490932352,1.3827256338964313,True,pressure_curvature_r0.01,190216E8PSB1,False,False
48,18,0,cell,cell,25,40,25.124249268759062,0.4929104034449765,0.5736515967873516,True,pressure_curvature_r0.01,190216E8PSB1,False,False
49,20,15,cell,cell,6,22,17.645760509778054,1.1905816176389936,1.385604850883448,True,pressure_curvature_r0.01,190216E8PSB1,False,False
50,13,20,cell,cell,16,6,28.50320789939366,1.7178030922293257,1.9991878441527056,True,pressure_curvature_r0.01,190216E8PSB1,False,False
51,21,8,cell,cell,38,32,17.206592031722984,0.7784232355293307,0.9059328610572223,True,pressure_curvature_r0.01,190216E8PSB1,False,False
52,16,21,cell,cell,49,38,17.028356397488604,0.661957269482198,0.7703891863297782,True,pressure_curvature_r0.01,190216E8PSB1,False,False
53,19,18,cell,cell,13,25,2.0,1.8744061732120834,2.1814432943110145,True,pressure_curvature_r0.01,190216E8PSB1,False,False
54,20,17,cell,cell,6,42,13.108769437931798,1.5404351722931575,1.79276617039797,True,pressure_curvature_r0.01,190216E8PSB1,False,False
55,19,47,cell,gap,13,-1,7.815222153515984,1.6894681253295887,1.9662114677294287,True,pressure_curvature_r0.01,190216E8PSB1,False,False
56,47,18,gap,cell,-1,25,4.2763150540278865,0.017490698935016424,0.020355763041059544,True,pressure_curvature_r0.01,190216E8PSB1,False,False
57,19,18,cell,cell,13,25,6.4308221528456055,1.5082197496878824,1.7552737001852605,True,pressure_curvature_r0.01,190216E8PSB1,False,False
58,49,21,outer,cell,-1,38,111.0,,,False,pressure_curvature_r0.01,190216E8PSB1,False,False
59,22,8,cell,cell,8,32,11.73953124041342,1.0270654903242935,1.1953039627727902,True,pressure_curvature_r0.01,190216E8PSB1,False,False
60,23,13,cell,cell,10,16,51.631656491412926,1.3749193176186112,1.6001379895681942,True,pressure_curvature_r0.01,190216E8PSB1,False,False
61,8,23,cell,cell,32,10,2.8339460121886586,1.9999468030277252,2.327548108192209,True,pressure_curvature_r0.01,190216E8PSB1,False,False
62,21,22,cell,cell,38,8,42.64405086202564,0.5452155727700337,0.6345246148730844,True,pressure_curvature_r0.01,190216E8PSB1,False,False
63,24,18,cell,cell,20,25,30.06201776320308,1.1320784650329507,1.3175185888062122,True,pressure_curvature_r0.01,190216E8PSB1,False,False
64,19,24,cell,cell,13,20,25.234991162278355,1.138690641124245,1.325213872465271,True,pressure_curvature_r0.01,190216E8PSB1,False,False
65,22,23,cell,cell,8,10,33.54149059362797,1.5348290588053832,1.7862417474368064,True,pressure_curvature_r0.01,190216E8PSB1,False,False
66,17,25,cell,cell,42,14,26.0,0.7060440097365012,0.8216975554923563,True,pressure_curvature_r0.01,190216E8PSB1,False,False
67,25,12,cell,cell,14,24,24.32937623416314,0.7141690528872138,0.8311535214139454,True,pressure_curvature_r0.01,190216E8PSB1,False,False
68,20,25,cell,cell,6,14,32.094884246395104,1.2832936284400775,1.493503553498973,True,pressure_curvature_r0.01,190216E8PSB1,False,False
69,23,20,cell,cell,10,6,36.181858120616,1.1437110467507978,1.3310566456834136,True,pressure_curvature_r0.01,190216E8PSB1,False,False
70,0,26,cell,cell,40,23,9.30060632603463,0.9236523859458912,1.0749512738443452,True,pressure_curvature_r0.01,190216E8PSB1,False,False
71,18,26,cell,cell,25,23,3.0,0.9863204807031566,1.1478847164616492,True,pressure_curvature_r0.01,190216E8PSB1,False,False
72,26,49,cell,outer,23,-1,14.0,,,False,pressure_curvature_r0.01,190216E8PSB1,False,False
73,24,26,cell,cell,20,23,11.691075470394138,0.20224201549036813,0.2353702707686771,True,pressure_curvature_r0.01,190216E8PSB1,False,False
74,27,19,cell,cell,5,13,31.19383653600732,0.578599061281,0.6733764860383189,True,pressure_curvature_r0.01,190216E8PSB1,False,False
75,12,27,cell,cell,24,5,11.386687382962013,1.0953201753394304,1.2747391071184944,True,pressure_curvature_r0.01,190216E8PSB1,False,False
76,28,26,cell,cell,47,23,10.879778358988055,0.009673466787543272,0.011258029107034393,True,pressure_curvature_r0.01,190216E8PSB1,False,False
77,24,28,cell,cell,20,47,80.09463411621157,0.456184994670665,0.5309103820781275,True,pressure_curvature_r0.01,190216E8PSB1,False,False
78,28,49,cell,outer,47,-1,98.0,,,False,pressure_curvature_r0.01,190216E8PSB1,False,False
79,27,24,cell,cell,5,20,48.42872069110596,1.10031468303445,1.2805517401941817,True,pressure_curvature_r0.01,190216E8PSB1,False,False
80,25,27,cell,cell,14,5,3.6124035556762317,1.279224254171792,1.4887675953398185,True,pressure_curvature_r0.01,190216E8PSB1,True,True
81,25,48,cell,gap,14,-1,10.632624651802074,0.6472245305353039,0.7532431509390269,True,pressure_curvature_r0.01,190216E8PSB1,False,False
82,48,27,gap,cell,-1,5,10.975741783681894,0.31400345963003307,0.3654387993326842,True,pressure_curvature_r0.01,190216E8PSB1,False,False
83,29,25,cell,cell,18,14,38.37559197357247,0.7064467204083701,0.8221662321896757,True,pressure_curvature_r0.01,190216E8PSB1,False,False
84,20,29,cell,cell,6,18,16.971341703226614,1.5032762924923537,1.7495204799366206,True,pressure_curvature_r0.01,190216E8PSB1,False,False
85,30,23,cell,cell,37,10,33.68031314284245,1.0904121974280108,1.2690271778384357,True,pressure_curvature_r0.01,190216E8PSB1,False,False
86,22,30,cell,cell,8,37,16.315695021543377,0.4259104649215766,0.49567673269444307,True,pressure_curvature_r0.01,190216E8PSB1,False,False
87,25,27,cell,cell,14,5,4.589204680270212,0.7406976627486481,0.8620276504670144,True,pressure_curvature_r0.01,190216E8PSB1,False,True
88,23,29,cell,cell,10,18,51.32570341788477,1.489531868590435,1.733524650546223,True,pressure_curvature_r0.01,190216E8PSB1,False,False
89,31,22,cell,cell,36,8,20.376986998636713,0.13668470055154514,0.15907433923039058,True,pressure_curvature_r0.01,190216E8PSB1,False,False
90,21,31,cell,cell,38,36,58.04759373401677,0.41434128314257823,0.4822124609836789,True,pressure_curvature_r0.01,190216E8PSB1,False,False
91,29,27,cell,cell,18,5,8.313418350323149,0.7328323579060085,0.8528739692895321,True,pressure_curvature_r0.01,190216E8PSB1,False,True
92,31,30,cell,cell,36,37,56.904878649524946,0.33775638720900225,0.3930825754405079,True,pressure_curvature_r0.01,190216E8PSB1,False,False
93,32,27,cell,cell,41,5,57.03584771706384,0.2839377865499433,0.3304482183866578,True,pressure_curvature_r0.01,190216E8PSB1,False,False
94,29,32,cell,cell,18,41,70.1619034779352,0.41097666817797884,0.47829670523267964,True,pressure_curvature_r0.01,190216E8PSB1,False,False
95,33,23,cell,cell,31,10,23.602517216653087,0.8258450043009977,0.9611225531152924,True,pressure_curvature_r0.01,190216E8PSB1,False,False
96,30,33,cell,cell,37,31,85.7084907678207,0.45110510039322066,0.524998375670066,True,pressure_curvature_r0.01,190216E8PSB1,False,False
97,34,24,cell,cell,15,20,31.53468024605967,0.4041652579039929,0.47036955183373136,True,pressure_curvature_r0.01,190216E8PSB1,False,False
98,27,34,cell,cell,5,15,19.06380834750859,0.8773826166101281,1.021102284500776,True,pressure_curvature_r0.01,190216E8PSB1,False,False
99,33,29,cell,cell,31,18,14.551278137651694,1.2427713480270552,1.4463435205560082,True,pressure_curvature_r0.01,190216E8PSB1,False,False
100,35,28,cell,cell,35,47,85.78054714401473,0.16250396147828872,0.18912292443974923,True,pressure_curvature_r0.01,190216E8PSB1,False,False
101,36,29,cell,cell,17,18,97.27580438835615,-0.17819665199835244,-0.20738615628027823,True,pressure_curvature_r0.01,190216E8PSB1,False,False
102,33,36,cell,cell,31,17,80.31698206021798,1.315381352083522,1.5308474070201898,True,pressure_curvature_r0.01,190216E8PSB1,False,False
103,32,34,cell,cell,41,15,20.342863817731164,0.8592504687609102,1.0,True,pressure_curvature_r0.01,190216E8PSB1,False,False
104,34,28,cell,cell,15,47,12.313289624782191,0.7732255339357318,0.8998837499044587,True,pressure_curvature_r0.01,190216E8PSB1,False,False
105,21,30,cell,cell,38,37,11.116477307628646,0.49683791221389095,0.578222451167656,True,pressure_curvature_r0.01,190216E8PSB1,False,False
106,34,35,cell,cell,15,35,29.50790692637719,0.6222218760798073,0.7241449364317344,True,pressure_curvature_r0.01,190216E8PSB1,False,False
107,49,30,outer,cell,-1,37,32.0,,,False,pressure_curvature_r0.01,190216E8PSB1,False,False
108,32,37,cell,cell,41,9,42.39991930930451,0.33317993969187687,0.3877564828941461,True,pressure_curvature_r0.01,190216E8PSB1,False,False
109,37,34,cell,cell,9,15,30.270133879511796,0.7749539272547589,0.9018952627076109,True,pressure_curvature_r0.01,190216E8PSB1,False,False
110,35,49,cell,outer,35,-1,17.0,,,False,pressure_curvature_r0.01,190216E8PSB1,False,False
111,29,37,cell,cell,18,9,34.748237483420496,0.5490222281023862,0.638954819418497,True,pressure_curvature_r0.01,190216E8PSB1,False,True
112,38,35,cell,cell,1,35,9.485476916446,0.5447413161363959,0.6339726726270455,True,pressure_curvature_r0.01,190216E8PSB1,False,False
113,34,38,cell,cell,15,1,27.969481605852987,0.5693528819917054,0.6626157362622633,True,pressure_curvature_r0.01,190216E8PSB1,False,False
114,35,39,cell,cell,35,27,6.656403336567939,0.3840557853211186,0.4469660469024238,True,pressure_curvature_r0.01,190216E8PSB1,False,False
115,39,49,cell,outer,27,-1,32.12463042914826,,,False,pressure_curvature_r0.01,190216E8PSB1,False,False
116,35,40,cell,cell,35,4,13.252033834970488,0.49431924209682854,0.5752912102680212,True,pressure_curvature_r0.01,190216E8PSB1,False,False
117,37,38,cell,cell,9,1,12.87327633901868,0.7332282053043819,0.8533346584747754,True,pressure_curvature_r0.01,190216E8PSB1,False,False
118,41,30,cell,cell,2,37,24.801656252298017,2.72464275431381,3.170952886697758,True,pressure_curvature_r0.01,190216E8PSB1,False,False
119,49,41,outer,cell,-1,2,39.124484748932566,,,False,pressure_curvature_r0.01,190216E8PSB1,False,False
120,40,39,cell,cell,4,27,26.542665924223336,0.3357205095196313,0.39071321078679194,True,pressure_curvature_r0.01,190216E8PSB1,False,False
121,38,40,cell,cell,1,4,24.467154946989066,0.3675120928099088,0.4277124146814641,True,pressure_curvature_r0.01,190216E8PSB1,False,False
122,37,42,cell,cell,9,51,52.550895766229914,0.4791333415169619,0.5576177830986818,True,pressure_curvature_r0.01,190216E8PSB1,False,False
123,43,30,cell,cell,39,37,13.124249268759066,2.7294579875172893,3.176556879222107,True,pressure_curvature_r0.01,190216E8PSB1,False,False
124,42,38,cell,cell,51,1,18.042926731141968,0.5890520743393339,0.6855417550004735,True,pressure_curvature_r0.01,190216E8PSB1,False,False
125,41,43,cell,cell,2,39,21.41732149459044,0.50058747231021,0.5825862079913515,True,pressure_curvature_r0.01,190216E8PSB1,False,False
126,33,43,cell,cell,31,39,1.0,2.5582663816942333,2.9773232307727504,True,pressure_curvature_r0.01,190216E8PSB1,False,False
127,43,36,cell,cell,39,17,20.44802998008316,1.5796087217640018,1.8383565435138962,True,pressure_curvature_r0.01,190216E8PSB1,False,False
128,29,42,cell,cell,18,51,5.129817481141764,0.6241093748961537,0.7263416170097133,True,pressure_curvature_r0.01,190216E8PSB1,False,True
129,44,29,cell,cell,53,18,25.08324209481846,0.3397126227637519,0.39535925217898055,True,pressure_curvature_r0.01,190216E8PSB1,False,False
130,36,44,cell,cell,17,53,19.887202530414783,0.995638090566515,1.1587285974976351,True,pressure_curvature_r0.01,190216E8PSB1,False,False
131,44,42,cell,cell,53,51,11.886373331591772,0.6579579474732054,0.7657347553409188,True,pressure_curvature_r0.01,190216E8PSB1,False,False
132,45,36,cell,cell,50,17,45.248498537518124,1.3267260129152525,1.5440503801277754,True,pressure_curvature_r0.01,190216E8PSB1,False,False
133,43,45,cell,cell,39,50,8.603282008518697,0.5340116233726625,0.6214854024377069,True,pressure_curvature_r0.01,190216E8PSB1,False,False
134,45,44,cell,cell,50,53,6.1781325211239935,0.3257814939858674,0.37914613471862696,True,pressure_curvature_r0.01,190216E8PSB1,False,False
135,38,46,cell,cell,1,12,26.56174398251611,0.34716600407077824,0.4040335346821656,True,pressure_curvature_r0.01,190216E8PSB1,False,False
136,46,40,cell,cell,12,4,5.170079623077207,0.42951753229877854,0.49987465577780615,True,pressure_curvature_r0.01,190216E8PSB1,False,False
137,42,46,cell,cell,51,12,2.0,0.6831209847310779,0.7950196241570616,True,pressure_curvature_r0.01,190216E8PSB1,False,False
138,40,49,cell,outer,4,-1,21.0,,,False,pressure_curvature_r0.01,190216E8PSB1,False,False
139,46,49,cell,outer,12,-1,29.0,,,False,pressure_curvature_r0.01,190216E8PSB1,False,False
140,42,49,cell,outer,51,-1,57.0,,,False,pressure_curvature_r0.01,190216E8PSB1,False,False
141,44,49,cell,outer,53,-1,46.0,,,False,pressure_curvature_r0.01,190216E8PSB1,False,False
142,45,49,cell,outer,50,-1,47.0,,,False,pressure_curvature_r0.01,190216E8PSB1,False,False
143,43,49,cell,outer,39,-1,39.0,,,False,pressure_curvature_r0.01,190216E8PSB1,False,False
0,0,52,cell,outer,10,-1,62.124484748932566,,,False,tension_only_r0.1,E2PSB1,False,False
1,52,1,outer,cell,-1,26,13.0,,,False,tension_only_r0.1,E2PSB1,False,False
2,52,2,outer,cell,-1,51,52.0,,,False,tension_only_r0.1,E2PSB1,False,False
3,52,3,outer,cell,-1,17,32.0,,,False,tension_only_r0.1,E2PSB1,False,False
4,52,4,outer,cell,-1,48,43.0,,,False,tension_only_r0.1,E2PSB1,False,False
5,52,5,outer,cell,-1,32,16.0,,,False,tension_only_r0.1,E2PSB1,False,False
6,52,6,outer,cell,-1,27,49.0,,,False,tension_only_r0.1,E2PSB1,False,False
7,52,7,outer,cell,-1,11,19.0,,,False,tension_only_r0.1,E2PSB1,False,False
8,52,8,outer,cell,-1,38,50.124484748932566,,,False,tension_only_r0.1,E2PSB1,False,False
9,1,0,cell,cell,26,10,14.30336792363777,0.7097386787420129,0.7011626249772247,True,tension_only_r0.1,E2PSB1,False,False
10,2,1,cell,cell,51,26,9.62037093401512,-0.19700727918134042,-0.1946267621418739,True,tension_only_r0.1,E2PSB1,False,False
11,3,2,cell,cell,17,51,16.835754787457624,0.7175283341753637,0.7088581549164936,True,tension_only_r0.1,E2PSB1,False,False
12,4,3,cell,cell,48,17,19.43776748340752,0.1453157014901847,0.14355979427225393,True,tension_only_r0.1,E2PSB1,False,False
13,5,4,cell,cell,32,48,44.54055056333368,0.5865724989196198,0.5794847109233433,True,tension_only_r0.1,E2PSB1,False,False
14,6,5,cell,cell,27,32,35.98666613373374,1.4625477337035673,1.444875189746906,True,tension_only_r0.1,E2PSB1,False,False
15,7,6,cell,cell,11,27,13.667032416196843,1.4290574369631162,1.4117895695360672,True,tension_only_r0.1,E2PSB1,False,False
16,8,7,cell,cell,38,11,27.951277352493626,1.9350599864414864,1.9116778896516835,True,tension_only_r0.1,E2PSB1,False,False
17,2,0,cell,cell,51,10,52.47372292565625,0.6655000175377506,0.657458517050575,True,tension_only_r0.1,E2PSB1,False,False
18,9,6,cell,cell,18,27,57.0073387047416,0.32624795145522223,0.3223057681472881,True,tension_only_r0.1,E2PSB1,False,False
19,7,9,cell,cell,11,18,24.98909828526853,1.3665701464273705,1.3500573376991094,True,tension_only_r0.1,E2PSB1,False,False
20,3,0,cell,cell,17,10,21.14784702034728,0.7570971501173951,0.7479488451721396,True,tension_only_r0.1,E2PSB1,False,False
21,5,3,cell,cell,32,17,33.76111134080719,0.516861944567761,0.5106164968299503,True,tension_only_r0.1,E2PSB1,False,False
22,8,10,cell,cell,38,55,14.0,0.47946114346157753,0.473667624427584,True,tension_only_r0.1,E2PSB1,False,False
23,10,7,cell,cell,55,11,26.35749001852092,1.778513926920139,1.7570234382155832,True,tension_only_r0.1,E2PSB1,False,False
24,52,10,outer,cell,-1,55,43.0,,,False,tension_only_r0.1,E2PSB1,False,False
25,11,5,cell,cell,20,32,65.31101725246988,1.2009932230884748,1.1864811459524096,True,tension_only_r0.1,E2PSB1,False,False
26,6,11,cell,cell,27,20,7.358354674711832,0.848368056881296,0.8381168893937938,True,tension_only_r0.1,E2PSB1,False,False
27,6,12,cell,cell,27,4,24.17813252112399,0.5224972626282945,0.5161837211087633,True,tension_only_r0.1,E2PSB1,False,False
28,5,0,cell,cell,32,10,8.0,0.5647480488210179,0.5579239743055457,True,tension_only_r0.1,E2PSB1,False,False
29,12,11,cell,cell,4,20,44.61460659603957,0.8155131458899856,0.8056589773142494,True,tension_only_r0.1,E2PSB1,False,False
30,9,12,cell,cell,18,4,15.0,0.27713363880155617,0.27378492320019404,True,tension_only_r0.1,E2PSB1,False,False
31,13,9,cell,cell,5,18,58.488992593227316,-0.06119764479465467,-0.060458169396515715,True,tension_only_r0.1,E2PSB1,False,False
32,7,13,cell,cell,11,5,11.470648383942592,1.405644501034343,1.3886595413919909,True,tension_only_r0.1,E2PSB1,False,False
33,50,0,gap,cell,-1,10,7.963264292259975,0.6825299932811366,0.6742827128471119,True,tension_only_r0.1,E2PSB1,False,False
34,11,0,cell,cell,20,10,3.1836008691813857,1.2699348270494413,1.254589701187262,True,tension_only_r0.1,E2PSB1,False,False
35,11,50,cell,gap,20,-1,6.124630429148261,0.6825299932811368,0.6742827128471122,True,tension_only_r0.1,E2PSB1,False,False
36,14,0,cell,cell,16,10,47.32848411101504,1.4662623720210513,1.4485449426172787,True,tension_only_r0.1,E2PSB1,False,False
37,11,0,cell,cell,20,10,1.4169730060943293,1.6007434947090617,1.5814010765973812,True,tension_only_r0.1,E2PSB1,False,False
38,7,15,cell,cell,11,52,3.8131291852998452,0.9960671912719574,0.9840313166020989,True,tension_only_r0.1,E2PSB1,False,False
39,11,14,cell,cell,20,16,18.772925644604886,1.0939051485537257,1.0806870590673199,True,tension_only_r0.1,E2PSB1,False,False
40,15,13,cell,cell,52,5,25.90766261448309,1.2985269396455852,1.2828363239542366,True,tension_only_r0.1,E2PSB1,False,False
41,7,16,cell,cell,11,13,26.969171353462624,0.584634377626591,0.5775700087180851,True,tension_only_r0.1,E2PSB1,False,False
42,13,12,cell,cell,5,4,22.501900992637673,0.3027218068119282,0.29906389923445964,True,tension_only_r0.1,E2PSB1,False,False
43,16,15,cell,cell,13,52,34.59110968974652,0.9201817470333933,0.9090628262639594,True,tension_only_r0.1,E2PSB1,False,False
44,10,16,cell,cell,55,13,20.164605930362114,1.9558968743161695,1.9322629971513408,True,tension_only_r0.1,E2PSB1,False,False
45,0,17,cell,cell,10,58,22.575685089849532,0.9956271036809576,0.9835965467638927,True,tension_only_r0.1,E2PSB1,False,False
46,0,18,cell,cell,10,49,2.0,1.2004102467486684,1.1859052139467836,True,tension_only_r0.1,E2PSB1,False,False
47,18,52,cell,outer,49,-1,38.0,,,False,tension_only_r0.1,E2PSB1,False,False
48,17,18,cell,cell,58,49,13.683190216043533,0.3496401280870266,0.3454152878372088,True,tension_only_r0.1,E2PSB1,False,False
49,14,17,cell,cell,16,58,19.660811333400133,0.659810758251782,0.6518380033395338,True,tension_only_r0.1,E2PSB1,False,False
50,19,14,cell,cell,12,16,10.75645025151896,1.4067033246622689,1.3897055708343489,True,tension_only_r0.1,E2PSB1,False,False
51,11,19,cell,cell,20,12,47.914668410750295,1.3020617859460972,1.2863284573058402,True,tension_only_r0.1,E2PSB1,False,False
52,20,13,cell,cell,24,5,51.26704229019467,0.9037936881009826,0.892872790743143,True,tension_only_r0.1,E2PSB1,False,False
53,15,20,cell,cell,52,24,22.124249268759062,0.91657394531149,0.9054986190402375,True,tension_only_r0.1,E2PSB1,False,False
54,20,12,cell,cell,24,4,28.04115516518881,1.0097019710400288,0.9975013419219989,True,tension_only_r0.1,E2PSB1,False,False
55,52,16,outer,cell,-1,13,23.0,,,False,tension_only_r0.1,E2PSB1,False,False
56,14,18,cell,cell,16,49,29.769881390070015,0.8653732968925452,0.8549166483498494,True,tension_only_r0.1,E2PSB1,False,False
57,12,19,cell,cell,4,12,7.908671307113422,1.3297693361439182,1.313701206192553,True,tension_only_r0.1,E2PSB1,False,False
58,21,14,cell,cell,21,16,40.34055151630455,1.3380496150112156,1.3218814311683542,True,tension_only_r0.1,E2PSB1,False,False
59,19,21,cell,cell,12,21,65.12824134746978,0.3374858369551129,0.3334078618224745,True,tension_only_r0.1,E2PSB1,False,False
60,20,19,cell,cell,24,12,31.849319916284724,1.1054791145789717,1.0921211722736661,True,tension_only_r0.1,E2PSB1,False,False
61,22,15,cell,cell,40,52,20.621155201551367,1.1151074477013931,1.1016331624307167,True,tension_only_r0.1,E2PSB1,False,False
62,16,22,cell,cell,13,40,22.192548797818326,1.449810715936961,1.4322920784143738,True,tension_only_r0.1,E2PSB1,False,False
63,22,20,cell,cell,40,24,1.4169730060943293,1.5476814449825385,1.5289801966491925,True,tension_only_r0.1,E2PSB1,False,False
64,23,20,cell,cell,35,24,73.27160333110831,1.3198820712664607,1.3039334130554916,True,tension_only_r0.1,E2PSB1,False,True
65,22,23,cell,cell,40,35,19.124249268759066,0.5694112518737826,0.562530830027533,True,tension_only_r0.1,E2PSB1,False,False
66,24,16,cell,cell,43,13,18.969316944520326,1.2777425880800868,1.2623031179467172,True,tension_only_r0.1,E2PSB1,False,False
67,52,24,outer,cell,-1,43,52.0,,,False,tension_only_r0.1,E2PSB1,False,False
68,14,52,cell,outer,16,-1,15.0,,,False,tension_only_r0.1,E2PSB1,False,False
69,24,22,cell,cell,43,40,6.0,1.6466181947038225,1.6267214544093689,True,tension_only_r0.1,E2PSB1,False,False
70,25,14,cell,cell,7,16,37.96842719412747,1.06690772820206,1.0540158592463669,True,tension_only_r0.1,E2PSB1,False,False
71,21,25,cell,cell,21,7,38.7363636367814,0.605336764938746,0.5980222408788213,True,tension_only_r0.1,E2PSB1,False,False
72,26,22,cell,cell,29,40,36.6218899715001,0.46219600365480007,0.4566111061482424,True,tension_only_r0.1,E2PSB1,False,False
73,24,26,cell,cell,43,29,18.549087396422685,1.7379298796772846,1.7169297841013156,True,tension_only_r0.1,E2PSB1,False,False
74,26,23,cell,cell,29,35,70.08456505705318,0.6095229512432981,0.6021578438350333,True,tension_only_r0.1,E2PSB1,False,False
75,23,19,cell,cell,35,12,12.223687387916279,1.7448329456329552,1.7237494375749687,True,tension_only_r0.1,E2PSB1,False,True
76,14,27,cell,cell,16,44,4.0,1.1843117981745146,1.1700012893074763,True,tension_only_r0.1,E2PSB1,False,False
77,27,52,cell,outer,44,-1,34.0,,,False,tension_only_r0.1,E2PSB1,False,False
78,25,27,cell,cell,7,44,25.23940513045261,0.528997268829311,0.5226051851585332,True,tension_only_r0.1,E2PSB1,False,False
79,28,19,cell,cell,14,12,26.425750303675414,1.774121715936272,1.7526843000579158,True,tension_only_r0.1,E2PSB1,True,True
80,23,28,cell,cell,35,14,34.87135388121024,0.9998383618027615,0.9877569185846513,True,tension_only_r0.1,E2PSB1,False,False
81,29,26,cell,cell,31,29,62.292794077685556,0.8775234470221035,0.8669199833996012,True,tension_only_r0.1,E2PSB1,False,False
82,24,29,cell,cell,43,31,21.86759919136308,1.6384041688443791,1.618606681880068,True,tension_only_r0.1,E2PSB1,False,False
83,28,21,cell,cell,14,21,12.276772917150002,1.7015840700986617,1.6810231553457295,True,tension_only_r0.1,E2PSB1,False,True
84,30,21,cell,cell,28,21,43.945587989661036,1.5873406255889493,1.5681601596571615,True,tension_only_r0.1,E2PSB1,False,True
85,28,30,cell,cell,14,28,35.28556195938474,0.5669726835185683,0.5601217278602972,True,tension_only_r0.1,E2PSB1,False,False
86,25,31,cell,cell,7,6,31.72719476261435,0.6062116187855855,0.5988865235198754,True,tension_only_r0.1,E2PSB1,False,False
87,31,27,cell,cell,6,44,13.307491718841892,0.7048160712409611,0.6962994992937157,True,tension_only_r0.1,E2PSB1,False,False
88,32,29,cell,cell,8,31,62.19367033542216,0.454578234965232,0.4490853859771026,True,tension_only_r0.1,E2PSB1,False,False
89,24,32,cell,cell,43,8,2.885901801066649,1.7899814671397762,1.7683524116015121,True,tension_only_r0.1,E2PSB1,False,False
90,21,31,cell,cell,21,6,17.83798218315143,0.7624148395933712,0.7532022788984766,True,tension_only_r0.1,E2PSB1,False,False
91,52,32,outer,cell,-1,8,21.0,,,False,tension_only_r0.1,E2PSB1,False,False
92,31,52,cell,outer,6,-1,29.0,,,False,tension_only_r0.1,E2PSB1,False,False
93,26,28,cell,cell,29,14,16.794668550915578,1.0332038153877479,1.0207192041693554,True,tension_only_r0.1,E2PSB1,False,False
94,30,31,cell,cell,28,6,3.1427783206535542,1.2501057106134432,1.2350001878245596,True,tension_only_r0.1,E2PSB1,False,False
95,51,31,gap,cell,-1,6,6.728167828746361,0.5268079519019851,0.5204423226153901,True,tension_only_r0.1,E2PSB1,False,False
96,30,51,cell,gap,28,-1,6.728167828746361,0.5268079519019832,0.5204423226153883,True,tension_only_r0.1,E2PSB1,False,False
97,33,26,cell,cell,39,29,39.522713826320356,1.1205320540632218,1.1069922211237972,True,tension_only_r0.1,E2PSB1,False,False
98,29,33,cell,cell,31,39,10.233241016495887,0.3750496158343815,0.37051774267289644,True,tension_only_r0.1,E2PSB1,False,False
99,30,31,cell,cell,28,6,2.0,1.0468286405819887,1.0341793952004859,True,tension_only_r0.1,E2PSB1,False,False
100,34,31,cell,cell,30,6,13.102096373102782,1.2381699700045317,1.2232086715002342,True,tension_only_r0.1,E2PSB1,False,False
101,30,34,cell,cell,28,30,44.234670562782625,0.9559941995373473,0.9444425427098094,True,tension_only_r0.1,E2PSB1,False,False
102,35,28,cell,cell,15,14,49.05441822570583,1.2495189980702652,1.2344205647615882,True,tension_only_r0.1,E2PSB1,False,False
103,26,35,cell,cell,29,15,2.2360802701559255,1.6769972444512486,1.6567334220577628,True,tension_only_r0.1,E2PSB1,False,False
104,33,35,cell,cell,39,15,11.64292395720498,0.9615186625860253,0.9499002514818132,True,tension_only_r0.1,E2PSB1,False,False
105,32,33,cell,cell,8,39,20.11687912083959,0.2839947316734369,0.280563110767465,True,tension_only_r0.1,E2PSB1,False,False
106,36,32,cell,cell,47,8,76.47975665103615,1.2243995271496741,1.2096046223643966,True,tension_only_r0.1,E2PSB1,False,False
107,52,36,outer,cell,-1,47,33.0,,,False,tension_only_r0.1,E2PSB1,False,False
108,35,30,cell,cell,15,28,15.778573113508369,1.2443613221176804,1.229325211051817,True,tension_only_r0.1,E2PSB1,False,False
109,37,31,cell,cell,2,6,43.96580505869834,1.0869214278116974,1.0737877253910608,True,tension_only_r0.1,E2PSB1,False,False
110,34,37,cell,cell,30,2,27.720813884176053,0.8746695137802161,0.8641005353642505,True,tension_only_r0.1,E2PSB1,False,False
111,38,35,cell,cell,19,15,44.10894192016538,1.0205697278410477,1.008237779310085,True,tension_only_r0.1,E2PSB1,False,False
112,33,38,cell,cell,39,19,23.577102524476743,1.4147529467680247,1.3976579261656807,True,tension_only_r0.1,E2PSB1,False,False
113,37,52,cell,outer,2,-1,33.0,,,False,tension_only_r0.1,E2PSB1,False,False
114,39,30,cell,cell,36,28,10.36173339030538,1.8409538870710593,1.818708911579515,True,tension_only_r0.1,E2PSB1,False,False
115,35,39,cell,cell,15,36,30.920709602218878,1.1638899209892062,1.1498261777585421,True,tension_only_r0.1,E2PSB1,False,False
116,33,36,cell,cell,39,47,4.0,1.4260097506599947,1.4087787096345166,True,tension_only_r0.1,E2PSB1,False,False
117,36,38,cell,cell,47,19,23.336294005641143,0.5013188791350274,0.4952612444174356,True,tension_only_r0.1,E2PSB1,False,False
118,39,34,cell,cell,36,30,39.4360588579581,1.09234216374116,1.0791429604197438,True,tension_only_r0.1,E2PSB1,False,False
119,38,39,cell,cell,19,36,3.1836008691813857,1.0122311906814296,1.0,True,tension_only_r0.1,E2PSB1,False,False
120,38,40,cell,cell,19,23,40.97260108760028,0.706771141649568,0.6982309458116704,True,tension_only_r0.1,E2PSB1,False,False
121,40,39,cell,cell,23,36,14.402367692922247,1.0180993721916145,1.0057972739471053,True,tension_only_r0.1,E2PSB1,False,False
122,41,37,cell,cell,45,2,42.8847888158056,1.6206019956084208,1.601019619359327,True,tension_only_r0.1,E2PSB1,False,False
123,34,41,cell,cell,30,45,11.507117899126335,1.7884431882335068,1.766832720328974,True,tension_only_r0.1,E2PSB1,False,False
124,42,36,cell,cell,1,47,36.96411166099429,1.523054326030877,1.5046506569369429,True,tension_only_r0.1,E2PSB1,False,False
125,52,42,outer,cell,-1,1,25.0,,,False,tension_only_r0.1,E2PSB1,False,False
126,43,38,cell,cell,25,19,34.39205897959977,1.097987771604993,1.0847203501660845,True,tension_only_r0.1,E2PSB1,False,False
127,36,43,cell,cell,47,25,43.88469811468256,1.1255124799739136,1.111912466574186,True,tension_only_r0.1,E2PSB1,False,False
128,39,41,cell,cell,36,45,1.4169730060943293,1.3259802831105831,1.3099579377888355,True,tension_only_r0.1,E2PSB1,False,False
129,39,44,cell,cell,36,41,67.0854496907748,1.1077122986309627,1.0943273718776196,True,tension_only_r0.1,E2PSB1,False,False
130,44,41,cell,cell,41,45,25.915456311756813,1.050929806580006,1.0382310051842252,True,tension_only_r0.1,E2PSB1,False,False
131,40,44,cell,cell,23,41,29.062571710541206,0.946731003990051,0.9352912780258389,True,tension_only_r0.1,E2PSB1,False,False
132,42,43,cell,cell,1,25,20.917477979243436,0.8354867361044183,0.8253912187214585,True,tension_only_r0.1,E2PSB1,False,False
133,41,52,cell,outer,45,-1,19.0,,,False,tension_only_r0.1,E2PSB1,False,False
134,43,40,cell,cell,25,23,32.39693972662573,0.6361162636940494,0.6284298187510096,True,tension_only_r0.1,E2PSB1,False,False
135,45,42,cell,cell,3,1,43.76390370554345,0.269276589275835,0.2660228135180849,True,tension_only_r0.1,E2PSB1,False,False
136,52,45,outer,cell,-1,3,15.0,,,False,tension_only_r0.1,E2PSB1,False,False
137,46,41,cell,cell,37,45,42.94115516281321,0.6732823957719467,0.6651468577239711,True,tension_only_r0.1,E2PSB1,False,False
138,47,43,cell,cell,9,25,62.420116567438626,0.3507690709228445,0.34653058920927765,True,tension_only_r0.1,E2PSB1,False,False
139,44,46,cell,cell,41,37,32.78040271127242,1.01112606348644,0.9989082264949318,True,tension_only_r0.1,E2PSB1,False,False
140,42,47,cell,cell,1,9,5.0,0.8273556456261408,0.8173583794322408,True,tension_only_r0.1,E2PSB1,False,False
141,46,52,cell,outer,37,-1,74.12448474893256,,,False,tension_only_r0.1,E2PSB1,False,False
142,45,47,cell,cell,3,9,20.58172629614306,1.0207367168771957,1.0084027505515218,True,tension_only_r0.1,E2PSB1,False,False
143,40,48,cell,cell,23,33,13.302397228711785,0.6424712938908884,0.6347080585991225,True,tension_only_r0.1,E2PSB1,False,False
144,48,44,cell,cell,33,41,28.065620569086466,1.061659276744261,1.0488308269077902,True,tension_only_r0.1,E2PSB1,False,False
145,43,48,cell,cell,25,33,35.20961662133612,0.468602973359155,0.4629406578982155,True,tension_only_r0.1,E2PSB1,False,False
146,49,45,cell,cell,54,3,48.75253291386472,0.9632586646838703,0.9516192284446489,True,tension_only_r0.1,E2PSB1,False,False
147,52,49,outer,cell,-1,54,67.12448474893256,,,False,tension_only_r0.1,E2PSB1,False,False
148,49,47,cell,cell,54,9,8.734121237337217,1.6228192586582697,1.6032100903409179,True,tension_only_r0.1,E2PSB1,False,False
149,44,52,cell,outer,41,-1,51.0,,,False,tension_only_r0.1,E2PSB1,False,False
150,48,52,cell,outer,33,-1,46.0,,,False,tension_only_r0.1,E2PSB1,False,False
151,43,52,cell,outer,25,-1,21.0,,,False,tension_only_r0.1,E2PSB1,False,False
152,47,52,cell,outer,9,-1,41.0,,,False,tension_only_r0.1,E2PSB1,False,False
0,0,52,cell,outer,10,-1,62.124484748932566,,,False,pressure_curvature_r0.1,E2PSB1,False,False
1,52,1,outer,cell,-1,26,13.0,,,False,pressure_curvature_r0.1,E2PSB1,False,False
2,52,2,outer,cell,-1,51,52.0,,,False,pressure_curvature_r0.1,E2PSB1,False,False
3,52,3,outer,cell,-1,17,32.0,,,False,pressure_curvature_r0.1,E2PSB1,False,False
4,52,4,outer,cell,-1,48,43.0,,,False,pressure_curvature_r0.1,E2PSB1,False,False
5,52,5,outer,cell,-1,32,16.0,,,False,pressure_curvature_r0.1,E2PSB1,False,False
6,52,6,outer,cell,-1,27,49.0,,,False,pressure_curvature_r0.1,E2PSB1,False,False
7,52,7,outer,cell,-1,11,19.0,,,False,pressure_curvature_r0.1,E2PSB1,False,False
8,52,8,outer,cell,-1,38,50.124484748932566,,,False,pressure_curvature_r0.1,E2PSB1,False,False
9,1,0,cell,cell,26,10,14.30336792363777,1.084213343634541,1.0694357370649814,True,pressure_curvature_r0.1,E2PSB1,False,False
10,2,1,cell,cell,51,26,9.62037093401512,0.07616787862097496,0.07512972598237569,True,pressure_curvature_r0.1,E2PSB1,False,False
11,3,2,cell,cell,17,51,16.835754787457624,1.4485060339207567,1.4287631923401893,True,pressure_curvature_r0.1,E2PSB1,False,False
12,4,3,cell,cell,48,17,19.43776748340752,0.3694782451178036,0.3644423320528906,True,pressure_curvature_r0.1,E2PSB1,False,False
13,5,4,cell,cell,32,48,44.54055056333368,1.0756762804256734,1.0610150322851084,True,pressure_curvature_r0.1,E2PSB1,False,False
14,6,5,cell,cell,27,32,35.98666613373374,1.6547804159048445,1.6322260966015243,True,pressure_curvature_r0.1,E2PSB1,False,False
15,7,6,cell,cell,11,27,13.667032416196843,1.2193421301590324,1.2027227458109528,True,pressure_curvature_r0.1,E2PSB1,False,False
16,8,7,cell,cell,38,11,27.951277352493626,1.2620722123729402,1.2448704257261347,True,pressure_curvature_r0.1,E2PSB1,False,False
17,2,0,cell,cell,51,10,52.47372292565625,0.8870863381975963,0.8749955324755686,True,pressure_curvature_r0.1,E2PSB1,False,False
18,9,6,cell,cell,18,27,57.0073387047416,0.7020718144560336,0.6925027189283686,True,pressure_curvature_r0.1,E2PSB1,False,False
19,7,9,cell,cell,11,18,24.98909828526853,1.280323930485788,1.2628733766465536,True,pressure_curvature_r0.1,E2PSB1,False,False
20,3,0,cell,cell,17,10,21.14784702034728,1.0976529856667867,1.08269219951956,True,pressure_curvature_r0.1,E2PSB1,False,False
21,5,3,cell,cell,32,17,33.76111134080719,1.0657492254064604,1.0512232809995465,True,pressure_curvature_r0.1,E2PSB1,False,False
22,8,10,cell,cell,38,55,14.0,0.4954890732156546,0.4887356582844649,True,pressure_curvature_r0.1,E2PSB1,False,False
23,10,7,cell,cell,55,11,26.35749001852092,0.9805544408757928,0.9671896839925007,True,pressure_curvature_r0.1,E2PSB1,False,False
24,52,10,outer,cell,-1,55,43.0,,,False,pressure_curvature_r0.1,E2PSB1,False,False
25,11,5,cell,cell,20,32,65.31101725246988,1.3739609034575357,1.3552340967894045,True,pressure_curvature_r0.1,E2PSB1,False,False
26,6,11,cell,cell,27,20,7.358354674711832,0.820728126673677,0.8095417698300157,True,pressure_curvature_r0.1,E2PSB1,False,False
27,6,12,cell,cell,27,4,24.17813252112399,0.6749921214116248,0.6657921165727841,True,pressure_curvature_r0.1,E2PSB1,False,False
28,5,0,cell,cell,32,10,8.0,0.8292592654054578,0.8179566308822155,True,pressure_curvature_r0.1,E2PSB1,False,False
29,12,11,cell,cell,4,20,44.61460659603957,0.9167773624836424,0.9042818741609785,True,pressure_curvature_r0.1,E2PSB1,False,False
30,9,12,cell,cell,18,4,15.0,0.6112640808134947,0.6029326761601592,True,pressure_curvature_r0.1,E2PSB1,False,False
31,13,9,cell,cell,5,18,58.488992593227316,0.4642708311865737,0.4579429145221297,True,pressure_curvature_r0.1,E2PSB1,False,False
32,7,13,cell,cell,11,5,11.470648383942592,1.0302079512903746,1.0161664271951567,True,pressure_curvature_r0.1,E2PSB1,False,False
33,50,0,gap,cell,-1,10,7.963264292259975,0.7038885304802451,0.694294673483989,True,pressure_curvature_r0.1,E2PSB1,False,False
34,11,0,cell,cell,20,10,3.1836008691813857,1.2972365005164983,1.279555431799854,True,pressure_curvature_r0.1,E2PSB1,False,False
35,11,50,cell,gap,20,-1,6.124630429148261,0.7038885304802461,0.69429467348399,True,pressure_curvature_r0.1,E2PSB1,False,False
36,14,0,cell,cell,16,10,47.32848411101504,1.3357477265257502,1.3175417576593178,True,pressure_curvature_r0.1,E2PSB1,False,False
37,11,0,cell,cell,20,10,1.4169730060943293,1.5736767949945571,1.5522279014897806,True,pressure_curvature_r0.1,E2PSB1,False,False
38,7,15,cell,cell,11,52,3.8131291852998452,0.40694454752283105,0.4013979764035709,True,pressure_curvature_r0.1,E2PSB1,False,False
39,11,14,cell,cell,20,16,18.772925644604886,1.1670950214575375,1.151187754536642,True,pressure_curvature_r0.1,E2PSB1,False,False
40,15,13,cell,cell,52,5,25.90766261448309,1.1466417199282217,1.1310132273323459,True,pressure_curvature_r0.1,E2PSB1,False,False
41,7,16,cell,cell,11,13,26.969171353462624,0.23314589392273155,0.22996816297713296,True,pressure_curvature_r0.1,E2PSB1,False,False
42,13,12,cell,cell,5,4,22.501900992637673,0.8109986860005559,0.7999449394473447,True,pressure_curvature_r0.1,E2PSB1,False,False
43,16,15,cell,cell,13,52,34.59110968974652,0.7020863335786538,0.692517040158311,True,pressure_curvature_r0.1,E2PSB1,False,False
44,10,16,cell,cell,55,13,20.164605930362114,0.9852890729549093,0.9718597840027882,True,pressure_curvature_r0.1,E2PSB1,False,False
45,0,17,cell,cell,10,58,22.575685089849532,1.0289668701386145,1.0149422617261719,True,pressure_curvature_r0.1,E2PSB1,False,False
46,0,18,cell,cell,10,49,2.0,1.408674731701529,1.3894747826400444,True,pressure_curvature_r0.1,E2PSB1,False,False
47,18,52,cell,outer,49,-1,38.0,,,False,pressure_curvature_r0.1,E2PSB1,False,False
48,17,18,cell,cell,58,49,13.683190216043533,0.8858511513523972,0.8737771809749495,True,pressure_curvature_r0.1,E2PSB1,False,False
49,14,17,cell,cell,16,58,19.660811333400133,0.7664489158480701,0.756002373568762,True,pressure_curvature_r0.1,E2PSB1,False,False
50,19,14,cell,cell,12,16,10.75645025151896,1.4257652728618164,1.4063323832127526,True,pressure_curvature_r0.1,E2PSB1,False,False
51,11,19,cell,cell,20,12,47.914668410750295,1.4823308874181798,1.4621270199886016,True,pressure_curvature_r0.1,E2PSB1,False,False
52,20,13,cell,cell,24,5,51.26704229019467,0.9908085139305649,0.9773039961245461,True,pressure_curvature_r0.1,E2PSB1,False,False
53,15,20,cell,cell,52,24,22.124249268759062,0.6824192393118492,0.6731180043720145,True,pressure_curvature_r0.1,E2PSB1,False,False
54,20,12,cell,cell,24,4,28.04115516518881,1.3218830212974084,1.3038660255332442,True,pressure_curvature_r0.1,E2PSB1,False,False
55,52,16,outer,cell,-1,13,23.0,,,False,pressure_curvature_r0.1,E2PSB1,False,False
56,14,18,cell,cell,16,49,29.769881390070015,0.7583910264896989,0.7480543115976096,True,pressure_curvature_r0.1,E2PSB1,False,False
57,12,19,cell,cell,4,12,7.908671307113422,1.5588239934074914,1.5375775405566674,True,pressure_curvature_r0.1,E2PSB1,False,False
58,21,14,cell,cell,21,16,40.34055151630455,1.2673789926077845,1.2501048756295714,True,pressure_curvature_r0.1,E2PSB1,False,False
59,19,21,cell,cell,12,21,65.12824134746978,0.4629856079288184,0.45667520859504424,True,pressure_curvature_r0.1,E2PSB1,False,False
60,20,19,cell,cell,24,12,31.849319916284724,1.2579653913648245,1.240819579850096,True,pressure_curvature_r0.1,E2PSB1,False,False
61,22,15,cell,cell,40,52,20.621155201551367,1.4215708414470956,1.402195121042068,True,pressure_curvature_r0.1,E2PSB1,False,False
62,16,22,cell,cell,13,40,22.192548797818326,1.5704693450920248,1.5490641684747313,True,pressure_curvature_r0.1,E2PSB1,False,False
63,22,20,cell,cell,40,24,1.4169730060943293,1.7875338617143544,1.7631701400416167,True,pressure_curvature_r0.1,E2PSB1,False,False
64,23,20,cell,cell,35,24,73.27160333110831,1.4738334071917014,1.4537453586831472,True,pressure_curvature_r0.1,E2PSB1,False,True
65,22,23,cell,cell,40,35,19.124249268759066,0.6761195911659309,0.6669042191444725,True,pressure_curvature_r0.1,E2PSB1,False,False
66,24,16,cell,cell,43,13,18.969316944520326,1.081455586214802,1.066715567315974,True,pressure_curvature_r0.1,E2PSB1,False,False
67,52,24,outer,cell,-1,43,52.0,,,False,pressure_curvature_r0.1,E2PSB1,False,False
68,14,52,cell,outer,16,-1,15.0,,,False,pressure_curvature_r0.1,E2PSB1,False,False
69,24,22,cell,cell,43,40,6.0,1.76267275837296,1.7386478884642422,True,pressure_curvature_r0.1,E2PSB1,False,False
70,25,14,cell,cell,7,16,37.96842719412747,1.1164321065487488,1.1012153648170007,True,pressure_curvature_r0.1,E2PSB1,False,False
71,21,25,cell,cell,21,7,38.7363636367814,0.924253132780072,0.9116557512341845,True,pressure_curvature_r0.1,E2PSB1,False,False
72,26,22,cell,cell,29,40,36.6218899715001,0.8590914273674187,0.8473821865658259,True,pressure_curvature_r0.1,E2PSB1,False,False
73,24,26,cell,cell,43,29,18.549087396422685,1.6229938900946692,1.6008728146500357,True,pressure_curvature_r0.1,E2PSB1,False,False
74,26,23,cell,cell,29,35,70.08456505705318,0.8881152037081285,0.8760103747591991,True,pressure_curvature_r0.1,E2PSB1,False,False
75,23,19,cell,cell,35,12,12.223687387916279,1.8687982369586043,1.8433268984385633,True,pressure_curvature_r0.1,E2PSB1,False,True
76,14,27,cell,cell,16,44,4.0,1.1244684474155695,1.109142171998144,True,pressure_curvature_r0.1,E2PSB1,False,False
77,27,52,cell,outer,44,-1,34.0,,,False,pressure_curvature_r0.1,E2PSB1,False,False
78,25,27,cell,cell,7,44,25.23940513045261,0.7197252306853996,0.709915522697855,True,pressure_curvature_r0.1,E2PSB1,False,False
79,28,19,cell,cell,14,12,26.425750303675414,1.7959089467347074,1.7714310743626227,True,pressure_curvature_r0.1,E2PSB1,True,True
80,23,28,cell,cell,35,14,34.87135388121024,1.0138181342341486,1.0,True,pressure_curvature_r0.1,E2PSB1,False,False
81,29,26,cell,cell,31,29,62.292794077685556,1.273980175888597,1.2566160861296667,True,pressure_curvature_r0.1,E2PSB1,False,False
82,24,29,cell,cell,43,31,21.86759919136308,1.224233297864845,1.2075472478992957,True,pressure_curvature_r0.1,E2PSB1,False,False
83,28,21,cell,cell,14,21,12.276772917150002,1.4721730592325548,1.452107640927782,True,pressure_curvature_r0.1,E2PSB1,False,True
84,30,21,cell,cell,28,21,43.945587989661036,1.0563813660869243,1.0419831036904155,True,pressure_curvature_r0.1,E2PSB1,False,True
85,28,30,cell,cell,14,28,35.28556195938474,0.5915250937235382,0.583462727435216,True,pressure_curvature_r0.1,E2PSB1,False,False
86,25,31,cell,cell,7,6,31.72719476261435,0.65743529978714,0.6484745908434308,True,pressure_curvature_r0.1,E2PSB1,False,False
87,31,27,cell,cell,6,44,13.307491718841892,0.4513012761940617,0.44515013191688524,True,pressure_curvature_r0.1,E2PSB1,False,False
88,32,29,cell,cell,8,31,62.19367033542216,0.5796418526505644,0.5717414525125194,True,pressure_curvature_r0.1,E2PSB1,False,False
89,24,32,cell,cell,43,8,2.885901801066649,0.9700232694746302,0.9568020503079662,True,pressure_curvature_r0.1,E2PSB1,False,False
90,21,31,cell,cell,21,6,17.83798218315143,0.5485210309039424,0.541044801214078,True,pressure_curvature_r0.1,E2PSB1,False,False
91,52,32,outer,cell,-1,8,21.0,,,False,pressure_curvature_r0.1,E2PSB1,False,False
92,31,52,cell,outer,6,-1,29.0,,,False,pressure_curvature_r0.1,E2PSB1,False,False
93,26,28,cell,cell,29,14,16.794668550915578,1.2262550007119692,1.2095413953492735,True,pressure_curvature_r0.1,E2PSB1,False,False
94,30,31,cell,cell,28,6,3.1427783206535542,0.3437726699773207,0.33908711865467966,True,pressure_curvature_r0.1,E2PSB1,False,False
95,51,31,gap,cell,-1,6,6.728167828746361,0.26649565370941,0.2628633723451043,True,pressure_curvature_r0.1,E2PSB1,False,False
96,30,51,cell,gap,28,-1,6.728167828746361,0.26649565370941053,0.2628633723451049,True,pressure_curvature_r0.1,E2PSB1,False,False
97,33,26,cell,cell,39,29,39.522713826320356,1.3465333406729687,1.328180366087215,True,pressure_curvature_r0.1,E2PSB1,False,False
98,29,33,cell,cell,31,39,10.233241016495887,0.33292658709399303,0.3283888656672038,True,pressure_curvature_r0.1,E2PSB1,False,False
99,30,31,cell,cell,28,6,2.0,0.6826360062180445,0.6733318167895238,True,pressure_curvature_r0.1,E2PSB1,False,False
100,34,31,cell,cell,30,6,13.102096373102782,1.14206491890337,1.1264988071712692,True,pressure_curvature_r0.1,E2PSB1,False,False
101,30,34,cell,cell,28,30,44.234670562782625,0.9401656678932857,0.9273514017417918,True,pressure_curvature_r0.1,E2PSB1,False,False
102,35,28,cell,cell,15,14,49.05441822570583,1.3067938889960236,1.2889825550252094,True,pressure_curvature_r0.1,E2PSB1,False,False
103,26,35,cell,cell,29,15,2.2360802701559255,1.9010832310263193,1.8751718546269862,True,pressure_curvature_r0.1,E2PSB1,False,False
104,33,35,cell,cell,39,15,11.64292395720498,0.7414268089416032,0.7313213128720435,True,pressure_curvature_r0.1,E2PSB1,False,False
105,32,33,cell,cell,8,39,20.11687912083959,0.4391546872864632,0.4331690985367966,True,pressure_curvature_r0.1,E2PSB1,False,False
106,36,32,cell,cell,47,8,76.47975665103615,1.3855094750054255,1.366625263664333,True,pressure_curvature_r0.1,E2PSB1,False,False
107,52,36,outer,cell,-1,47,33.0,,,False,pressure_curvature_r0.1,E2PSB1,False,False
108,35,30,cell,cell,15,28,15.778573113508369,1.1379716823676387,1.122461360614029,True,pressure_curvature_r0.1,E2PSB1,False,False
109,37,31,cell,cell,2,6,43.96580505869834,1.0698185165340894,1.0552371085197092,True,pressure_curvature_r0.1,E2PSB1,False,False
110,34,37,cell,cell,30,2,27.720813884176053,1.6954198680651307,1.6723116413239865,True,pressure_curvature_r0.1,E2PSB1,False,False
111,38,35,cell,cell,19,15,44.10894192016538,1.0073596912184053,0.9936295842442964,True,pressure_curvature_r0.1,E2PSB1,False,False
112,33,38,cell,cell,39,19,23.577102524476743,1.4181198800498127,1.3987911955442374,True,pressure_curvature_r0.1,E2PSB1,False,False
113,37,52,cell,outer,2,-1,33.0,,,False,pressure_curvature_r0.1,E2PSB1,False,False
114,39,30,cell,cell,36,28,10.36173339030538,1.6480424574191619,1.6255799751146833,True,pressure_curvature_r0.1,E2PSB1,False,False
115,35,39,cell,cell,15,36,30.920709602218878,1.2084218144206065,1.1919512717470417,True,pressure_curvature_r0.1,E2PSB1,False,False
116,33,36,cell,cell,39,47,4.0,1.60659239603428,1.5846948696058991,True,pressure_curvature_r0.1,E2PSB1,False,False
117,36,38,cell,cell,47,19,23.336294005641143,0.5929950648771939,0.5849126631820905,True,pressure_curvature_r0.1,E2PSB1,False,False
118,39,34,cell,cell,36,30,39.4360588579581,1.181037300261365,1.1649400029262014,True,pressure_curvature_r0.1,E2PSB1,False,False
119,38,39,cell,cell,19,36,3.1836008691813857,0.9833319908822539,0.9699293765593132,True,pressure_curvature_r0.1,E2PSB1,False,False
120,38,40,cell,cell,19,23,40.97260108760028,0.7370169668876614,0.7269715760651821,True,pressure_curvature_r0.1,E2PSB1,False,False
121,40,39,cell,cell,23,36,14.402367692922247,1.0664371954565266,1.0519018741582553,True,pressure_curvature_r0.1,E2PSB1,False,False
122,41,37,cell,cell,45,2,42.8847888158056,1.4904571962638098,1.4701425689033671,True,pressure_curvature_r0.1,E2PSB1,False,False
123,34,41,cell,cell,30,45,11.507117899126335,1.6744467219434318,1.6516243549029932,True,pressure_curvature_r0.1,E2PSB1,False,False
124,42,36,cell,cell,1,47,36.96411166099429,1.666045380256721,1.6433375217886326,True,pressure_curvature_r0.1,E2PSB1,False,False
125,52,42,outer,cell,-1,1,25.0,,,False,pressure_curvature_r0.1,E2PSB1,False,False
126,43,38,cell,cell,25,19,34.39205897959977,1.2562224735257628,1.239100417625425,True,pressure_curvature_r0.1,E2PSB1,False,False
127,36,43,cell,cell,47,25,43.88469811468256,1.2339814581674162,1.2171625427666886,True,pressure_curvature_r0.1,E2PSB1,False,False
128,39,41,cell,cell,36,45,1.4169730060943293,1.1952187304347082,1.178928143100924,True,pressure_curvature_r0.1,E2PSB1,False,False
129,39,44,cell,cell,36,41,67.0854496907748,0.8534066519910308,0.8417748935174703,True,pressure_curvature_r0.1,E2PSB1,False,False
130,44,41,cell,cell,41,45,25.915456311756813,0.4979158320566972,0.49112934089784194,True,pressure_curvature_r0.1,E2PSB1,False,False
131,40,44,cell,cell,23,41,29.062571710541206,0.43946191119746736,0.43347213504860277,True,pressure_curvature_r0.1,E2PSB1,False,False
132,42,43,cell,cell,1,25,20.917477979243436,0.62168130991614,0.6132079205564479,True,pressure_curvature_r0.1,E2PSB1,False,False
133,41,52,cell,outer,45,-1,19.0,,,False,pressure_curvature_r0.1,E2PSB1,False,False
134,43,40,cell,cell,25,23,32.39693972662573,0.8854696068587661,0.8734008368548876,True,pressure_curvature_r0.1,E2PSB1,False,False
135,45,42,cell,cell,3,1,43.76390370554345,0.4983556225095402,0.49156313709658045,True,pressure_curvature_r0.1,E2PSB1,False,False
136,52,45,outer,cell,-1,3,15.0,,,False,pressure_curvature_r0.1,E2PSB1,False,False
137,46,41,cell,cell,37,45,42.94115516281321,0.41495423436353196,0.4092984928475301,True,pressure_curvature_r0.1,E2PSB1,False,False
138,47,43,cell,cell,9,25,62.420116567438626,0.15561039891310136,0.15348946093832844,True,pressure_curvature_r0.1,E2PSB1,False,False
139,44,46,cell,cell,41,37,32.78040271127242,0.6702144888538738,0.661079602171609,True,pressure_curvature_r0.1,E2PSB1,False,False
140,42,47,cell,cell,1,9,5.0,0.8039210767243526,0.79296379654093,True,pressure_curvature_r0.1,E2PSB1,False,False
141,46,52,cell,outer,37,-1,74.12448474893256,,,False,pressure_curvature_r0.1,E2PSB1,False,False
142,45,47,cell,cell,3,9,20.58172629614306,1.0887976080821518,1.0739575189238884,True,pressure_curvature_r0.1,E2PSB1,False,False
143,40,48,cell,cell,23,33,13.302397228711785,0.7997442474165511,0.7888438965640404,True,pressure_curvature_r0.1,E2PSB1,False,False
144,48,44,cell,cell,33,41,28.065620569086466,0.4169945836753682,0.41131103261471186,True,pressure_curvature_r0.1,E2PSB1,False,False
145,43,48,cell,cell,25,33,35.20961662133612,0.43839418222729937,0.43241895900635874,True,pressure_curvature_r0.1,E2PSB1,False,False
146,49,45,cell,cell,54,3,48.75253291386472,0.7448107389022232,0.734659120558011,True,pressure_curvature_r0.1,E2PSB1,False,False
147,52,49,outer,cell,-1,54,67.12448474893256,,,False,pressure_curvature_r0.1,E2PSB1,False,False
148,49,47,cell,cell,54,9,8.734121237337217,1.1615645937848176,1.1457327054642583,True,pressure_curvature_r0.1,E2PSB1,False,False
149,44,52,cell,outer,41,-1,51.0,,,False,pressure_curvature_r0.1,E2PSB1,False,False
150,48,52,cell,outer,33,-1,46.0,,,False,pressure_curvature_r0.1,E2PSB1,False,False
151,43,52,cell,outer,25,-1,21.0,,,False,pressure_curvature_r0.1,E2PSB1,False,False
152,47,52,cell,outer,9,-1,41.0,,,False,pressure_curvature_r0.1,E2PSB1,False,False
0,0,52,cell,outer,10,-1,62.124484748932566,,,False,pressure_curvature_r0.01,E2PSB1,False,False
1,52,1,outer,cell,-1,26,13.0,,,False,pressure_curvature_r0.01,E2PSB1,False,False
2,52,2,outer,cell,-1,51,52.0,,,False,pressure_curvature_r0.01,E2PSB1,False,False
3,52,3,outer,cell,-1,17,32.0,,,False,pressure_curvature_r0.01,E2PSB1,False,False
4,52,4,outer,cell,-1,48,43.0,,,False,pressure_curvature_r0.01,E2PSB1,False,False
5,52,5,outer,cell,-1,32,16.0,,,False,pressure_curvature_r0.01,E2PSB1,False,False
6,52,6,outer,cell,-1,27,49.0,,,False,pressure_curvature_r0.01,E2PSB1,False,False
7,52,7,outer,cell,-1,11,19.0,,,False,pressure_curvature_r0.01,E2PSB1,False,False
8,52,8,outer,cell,-1,38,50.124484748932566,,,False,pressure_curvature_r0.01,E2PSB1,False,False
9,1,0,cell,cell,26,10,14.30336792363777,1.022662031245768,1.019084238875186,True,pressure_curvature_r0.01,E2PSB1,False,False
10,2,1,cell,cell,51,26,9.62037093401512,-0.00644985936878939,-0.006427294477421642,True,pressure_curvature_r0.01,E2PSB1,False,False
11,3,2,cell,cell,17,51,16.835754787457624,1.372098219754351,1.3672979217161554,True,pressure_curvature_r0.01,E2PSB1,False,False
12,4,3,cell,cell,48,17,19.43776748340752,0.2548596718402667,0.25396804297205855,True,pressure_curvature_r0.01,E2PSB1,False,False
13,5,4,cell,cell,32,48,44.54055056333368,1.0326785107353915,1.0290656756206742,True,pressure_curvature_r0.01,E2PSB1,False,False
14,6,5,cell,cell,27,32,35.98666613373374,1.7434463923138188,1.7373469293335218,True,pressure_curvature_r0.01,E2PSB1,False,False
15,7,6,cell,cell,11,27,13.667032416196843,1.2516849896242874,1.2473059583613448,True,pressure_curvature_r0.01,E2PSB1,False,False
16,8,7,cell,cell,38,11,27.951277352493626,1.0789132607739638,1.0751386729678492,True,pressure_curvature_r0.01,E2PSB1,False,False
17,2,0,cell,cell,51,10,52.47372292565625,0.8161211865077627,0.8132659791515252,True,pressure_curvature_r0.01,E2PSB1,False,False
18,9,6,cell,cell,18,27,57.0073387047416,0.6584634569003802,0.6561598165378497,True,pressure_curvature_r0.01,E2PSB1,False,False
19,7,9,cell,cell,11,18,24.98909828526853,1.3005310189008783,1.2959810993624943,True,pressure_curvature_r0.01,E2PSB1,False,False
20,3,0,cell,cell,17,10,21.14784702034728,1.0376327626418846,1.0340025950320404,True,pressure_curvature_r0.01,E2PSB1,False,False
21,5,3,cell,cell,32,17,33.76111134080719,0.9983718439101406,0.994879030979759,True,pressure_curvature_r0.01,E2PSB1,False,False
22,8,10,cell,cell,38,55,14.0,0.3497906171488102,0.3485668715093915,True,pressure_curvature_r0.01,E2PSB1,False,False
23,10,7,cell,cell,55,11,26.35749001852092,0.8497672035880186,0.8467942853365564,True,pressure_curvature_r0.01,E2PSB1,False,False
24,52,10,outer,cell,-1,55,43.0,,,False,pressure_curvature_r0.01,E2PSB1,False,False
25,11,5,cell,cell,20,32,65.31101725246988,1.44798095032941,1.44291517587162,True,pressure_curvature_r0.01,E2PSB1,False,False
26,6,11,cell,cell,27,20,7.358354674711832,0.7925511250998982,0.7897783778167862,True,pressure_curvature_r0.01,E2PSB1,False,False
27,6,12,cell,cell,27,4,24.17813252112399,0.6176764409191623,0.6155154943011318,True,pressure_curvature_r0.01,E2PSB1,False,False
28,5,0,cell,cell,32,10,8.0,0.783756892480923,0.7810149119002091,True,pressure_curvature_r0.01,E2PSB1,False,False
29,12,11,cell,cell,4,20,44.61460659603957,0.8872063965374345,0.8841024969306442,True,pressure_curvature_r0.01,E2PSB1,False,False
30,9,12,cell,cell,18,4,15.0,0.5358546852882684,0.5339799928227337,True,pressure_curvature_r0.01,E2PSB1,False,False
31,13,9,cell,cell,5,18,58.488992593227316,0.4330683323229812,0.4315532388434293,True,pressure_curvature_r0.01,E2PSB1,False,False
32,7,13,cell,cell,11,5,11.470648383942592,1.0437310634240702,1.0400795608537547,True,pressure_curvature_r0.01,E2PSB1,False,False
33,50,0,gap,cell,-1,10,7.963264292259975,0.7185413272751968,0.7160275039395037,True,pressure_curvature_r0.01,E2PSB1,False,False
34,11,0,cell,cell,20,10,3.1836008691813857,1.334081117269568,1.3294138224084395,True,pressure_curvature_r0.01,E2PSB1,False,False
35,11,50,cell,gap,20,-1,6.124630429148261,0.7185413272751975,0.7160275039395043,True,pressure_curvature_r0.01,E2PSB1,False,False
36,14,0,cell,cell,16,10,47.32848411101504,1.4446204166084573,1.4395663990083,True,pressure_curvature_r0.01,E2PSB1,False,False
37,11,0,cell,cell,20,10,1.4169730060943293,1.653934466311624,1.6481481616144567,True,pressure_curvature_r0.01,E2PSB1,False,False
38,7,15,cell,cell,11,52,3.8131291852998452,0.36249765890057395,0.36122945756059816,True,pressure_curvature_r0.01,E2PSB1,False,False
39,11,14,cell,cell,20,16,18.772925644604886,1.198723523624887,1.194529778530002,True,pressure_curvature_r0.01,E2PSB1,False,False
40,15,13,cell,cell,52,5,25.90766261448309,1.1423416636056043,1.138345170958207,True,pressure_curvature_r0.01,E2PSB1,False,False
41,7,16,cell,cell,11,13,26.969171353462624,0.15988544842101948,0.15932608773288387,True,pressure_curvature_r0.01,E2PSB1,False,False
42,13,12,cell,cell,5,4,22.501900992637673,0.7429249821355741,0.7403258523626994,True,pressure_curvature_r0.01,E2PSB1,False,False
43,16,15,cell,cell,13,52,34.59110968974652,0.704407693559739,0.7019433168694974,True,pressure_curvature_r0.01,E2PSB1,False,False
44,10,16,cell,cell,55,13,20.164605930362114,0.835461732651513,0.8325388622195752,True,pressure_curvature_r0.01,E2PSB1,False,False
45,0,17,cell,cell,10,58,22.575685089849532,1.1861215218666885,1.1819718649889925,True,pressure_curvature_r0.01,E2PSB1,False,False
46,0,18,cell,cell,10,49,2.0,1.5892513107136064,1.583691300621629,True,pressure_curvature_r0.01,E2PSB1,False,False
47,18,52,cell,outer,49,-1,38.0,,,False,pressure_curvature_r0.01,E2PSB1,False,False
48,17,18,cell,cell,58,49,13.683190216043533,1.0138769457707557,1.0103298881012062,True,pressure_curvature_r0.01,E2PSB1,False,False
49,14,17,cell,cell,16,58,19.660811333400133,0.856786130904598,0.8537886568724031,True,pressure_curvature_r0.01,E2PSB1,False,False
50,19,14,cell,cell,12,16,10.75645025151896,1.4611933919095828,1.4560813936053625,True,pressure_curvature_r0.01,E2PSB1,False,False
51,11,19,cell,cell,20,12,47.914668410750295,1.5285942486842758,1.523246447872706,True,pressure_curvature_r0.01,E2PSB1,False,False
52,20,13,cell,cell,24,5,51.26704229019467,0.993629029268362,0.9901528091179235,True,pressure_curvature_r0.01,E2PSB1,False,False
53,15,20,cell,cell,52,24,22.124249268759062,0.6891014829123878,0.6866906551386048,True,pressure_curvature_r0.01,E2PSB1,False,False
54,20,12,cell,cell,24,4,28.04115516518881,1.3154315815055435,1.3108295322140489,True,pressure_curvature_r0.01,E2PSB1,False,False
55,52,16,outer,cell,-1,13,23.0,,,False,pressure_curvature_r0.01,E2PSB1,False,False
56,14,18,cell,cell,16,49,29.769881390070015,0.808381605280073,0.8055534749187975,True,pressure_curvature_r0.01,E2PSB1,False,False
57,12,19,cell,cell,4,12,7.908671307113422,1.601078534253317,1.595477146512759,True,pressure_curvature_r0.01,E2PSB1,False,False
58,21,14,cell,cell,21,16,40.34055151630455,1.2603841313097424,1.255974666020893,True,pressure_curvature_r0.01,E2PSB1,False,False
59,19,21,cell,cell,12,21,65.12824134746978,0.45562697590387097,0.45403296080561373,True,pressure_curvature_r0.01,E2PSB1,False,False
60,20,19,cell,cell,24,12,31.849319916284724,1.3152386837681558,1.310637309331141,True,pressure_curvature_r0.01,E2PSB1,False,False
61,22,15,cell,cell,40,52,20.621155201551367,1.5721267720411016,1.5666266723026334,True,pressure_curvature_r0.01,E2PSB1,False,False
62,16,22,cell,cell,13,40,22.192548797818326,1.728737000337889,1.722688998298528,True,pressure_curvature_r0.01,E2PSB1,False,False
63,22,20,cell,cell,40,24,1.4169730060943293,1.9656336452783476,1.9587568581829384,True,pressure_curvature_r0.01,E2PSB1,False,False
64,23,20,cell,cell,35,24,73.27160333110831,1.6266901993117178,1.6209992089291883,True,pressure_curvature_r0.01,E2PSB1,False,True
65,22,23,cell,cell,40,35,19.124249268759066,0.7048275939631801,0.7023617482475772,True,pressure_curvature_r0.01,E2PSB1,False,False
66,24,16,cell,cell,43,13,18.969316944520326,1.150155066932649,1.1461312390230072,True,pressure_curvature_r0.01,E2PSB1,False,False
67,52,24,outer,cell,-1,43,52.0,,,False,pressure_curvature_r0.01,E2PSB1,False,False
68,14,52,cell,outer,16,-1,15.0,,,False,pressure_curvature_r0.01,E2PSB1,False,False
69,24,22,cell,cell,43,40,6.0,1.9668995042283828,1.9600182885139819,True,pressure_curvature_r0.01,E2PSB1,False,False
70,25,14,cell,cell,7,16,37.96842719412747,1.0558124566828377,1.0521186872488797,True,pressure_curvature_r0.01,E2PSB1,False,False
71,21,25,cell,cell,21,7,38.7363636367814,0.9050730861523799,0.9019066797702926,True,pressure_curvature_r0.01,E2PSB1,False,False
72,26,22,cell,cell,29,40,36.6218899715001,0.8977523852445477,0.8946115904008329,True,pressure_curvature_r0.01,E2PSB1,False,False
73,24,26,cell,cell,43,29,18.549087396422685,1.790087154723785,1.7838245186141355,True,pressure_curvature_r0.01,E2PSB1,False,False
74,26,23,cell,cell,29,35,70.08456505705318,0.9146417859034847,0.9114419033387291,True,pressure_curvature_r0.01,E2PSB1,False,False
75,23,19,cell,cell,35,12,12.223687387916279,2.0537315546371118,2.046546556208596,True,pressure_curvature_r0.01,E2PSB1,False,True
76,14,27,cell,cell,16,44,4.0,1.0206679748871854,1.0170971587408186,True,pressure_curvature_r0.01,E2PSB1,False,False
77,27,52,cell,outer,44,-1,34.0,,,False,pressure_curvature_r0.01,E2PSB1,False,False
78,25,27,cell,cell,7,44,25.23940513045261,0.6490748175088463,0.6468040233861868,True,pressure_curvature_r0.01,E2PSB1,False,False
79,28,19,cell,cell,14,12,26.425750303675414,1.9554003986964803,1.9485594127068404,True,pressure_curvature_r0.01,E2PSB1,True,True
80,23,28,cell,cell,35,14,34.87135388121024,1.069575909137221,1.065833988140303,True,pressure_curvature_r0.01,E2PSB1,False,False
81,29,26,cell,cell,31,29,62.292794077685556,1.3964003582324471,1.3915150389428712,True,pressure_curvature_r0.01,E2PSB1,False,False
82,24,29,cell,cell,43,31,21.86759919136308,1.3067164998336813,1.3021449403342802,True,pressure_curvature_r0.01,E2PSB1,False,False
83,28,21,cell,cell,14,21,12.276772917150002,1.5544093522755813,1.5489712370904911,True,pressure_curvature_r0.01,E2PSB1,False,True
84,30,21,cell,cell,28,21,43.945587989661036,1.068825754705284,1.0650864581304345,True,pressure_curvature_r0.01,E2PSB1,False,True
85,28,30,cell,cell,14,28,35.28556195938474,0.595282425493628,0.5931998245412116,True,pressure_curvature_r0.01,E2PSB1,False,False
86,25,31,cell,cell,7,6,31.72719476261435,0.6074732512118957,0.6053480005453867,True,pressure_curvature_r0.01,E2PSB1,False,False
87,31,27,cell,cell,6,44,13.307491718841892,0.294562975383839,0.29353244414890073,True,pressure_curvature_r0.01,E2PSB1,False,False
88,32,29,cell,cell,8,31,62.19367033542216,0.4908360960913765,0.4891189015675291,True,pressure_curvature_r0.01,E2PSB1,False,False
89,24,32,cell,cell,43,8,2.885901801066649,0.9659638412095604,0.9625844079698932,True,pressure_curvature_r0.01,E2PSB1,False,False
90,21,31,cell,cell,21,6,17.83798218315143,0.5348634236086225,0.5329921990810441,True,pressure_curvature_r0.01,E2PSB1,False,False
91,52,32,outer,cell,-1,8,21.0,,,False,pressure_curvature_r0.01,E2PSB1,False,False
92,31,52,cell,outer,6,-1,29.0,,,False,pressure_curvature_r0.01,E2PSB1,False,False
93,26,28,cell,cell,29,14,16.794668550915578,1.30311467469785,1.2985557162162802,True,pressure_curvature_r0.01,E2PSB1,False,False
94,30,31,cell,cell,28,6,3.1427783206535542,0.2963256210915536,0.29528892322465633,True,pressure_curvature_r0.01,E2PSB1,False,False
95,51,31,gap,cell,-1,6,6.728167828746361,0.2210504365435263,0.22027708959095016,True,pressure_curvature_r0.01,E2PSB1,False,False
96,30,51,cell,gap,28,-1,6.728167828746361,0.22105043654355083,0.2202770895909746,True,pressure_curvature_r0.01,E2PSB1,False,False
97,33,26,cell,cell,39,29,39.522713826320356,1.452438401027468,1.4473570321380744,True,pressure_curvature_r0.01,E2PSB1,False,False
98,29,33,cell,cell,31,39,10.233241016495887,0.27770331537234394,0.2767317678105222,True,pressure_curvature_r0.01,E2PSB1,False,False
99,30,31,cell,cell,28,6,2.0,0.6171708206528848,0.6150116429519312,True,pressure_curvature_r0.01,E2PSB1,False,False
100,34,31,cell,cell,30,6,13.102096373102782,1.1893622864445432,1.1852012917226453,True,pressure_curvature_r0.01,E2PSB1,False,False
101,30,34,cell,cell,28,30,44.234670562782625,0.9758063875291996,0.9723925200521659,True,pressure_curvature_r0.01,E2PSB1,False,False
102,35,28,cell,cell,15,14,49.05441822570583,1.3900476496622478,1.3851845553810915,True,pressure_curvature_r0.01,E2PSB1,False,False
103,26,35,cell,cell,29,15,2.2360802701559255,2.0527916708334226,2.0456099605968987,True,pressure_curvature_r0.01,E2PSB1,False,False
104,33,35,cell,cell,39,15,11.64292395720498,0.7538528519936532,0.7512154909691916,True,pressure_curvature_r0.01,E2PSB1,False,False
105,32,33,cell,cell,8,39,20.11687912083959,0.32171288129670317,0.32058736587024395,True,pressure_curvature_r0.01,E2PSB1,False,False
106,36,32,cell,cell,47,8,76.47975665103615,1.526027987717459,1.520689164993104,True,pressure_curvature_r0.01,E2PSB1,False,False
107,52,36,outer,cell,-1,47,33.0,,,False,pressure_curvature_r0.01,E2PSB1,False,False
108,35,30,cell,cell,15,28,15.778573113508369,1.1904556149802088,1.186290795238535,True,pressure_curvature_r0.01,E2PSB1,False,False
109,37,31,cell,cell,2,6,43.96580505869834,1.098322241835958,1.0944797515339622,True,pressure_curvature_r0.01,E2PSB1,False,False
110,34,37,cell,cell,30,2,27.720813884176053,1.943405766820411,1.9366067441589312,True,pressure_curvature_r0.01,E2PSB1,False,False
111,38,35,cell,cell,19,15,44.10894192016538,1.0035107915853265,1.0,True,pressure_curvature_r0.01,E2PSB1,False,False
112,33,38,cell,cell,39,19,23.577102524476743,1.4351982972440798,1.4301772430137816,True,pressure_curvature_r0.01,E2PSB1,False,False
113,37,52,cell,outer,2,-1,33.0,,,False,pressure_curvature_r0.01,E2PSB1,False,False
114,39,30,cell,cell,36,28,10.36173339030538,1.7490088487291209,1.7428899254447192,True,pressure_curvature_r0.01,E2PSB1,False,False
115,35,39,cell,cell,15,36,30.920709602218878,1.2436958658897075,1.2393447846484453,True,pressure_curvature_r0.01,E2PSB1,False,False
116,33,36,cell,cell,39,47,4.0,1.6584063272195895,1.6526043776765689,True,pressure_curvature_r0.01,E2PSB1,False,False
117,36,38,cell,cell,47,19,23.336294005641143,0.5506633036955608,0.5487368031445221,True,pressure_curvature_r0.01,E2PSB1,False,False
118,39,34,cell,cell,36,30,39.4360588579581,1.2996968254829606,1.295149824377798,True,pressure_curvature_r0.01,E2PSB1,False,False
119,38,39,cell,cell,19,36,3.1836008691813857,0.967835353872479,0.9644493731288248,True,pressure_curvature_r0.01,E2PSB1,False,False
120,38,40,cell,cell,19,23,40.97260108760028,0.6790714509177527,0.6766957133016667,True,pressure_curvature_r0.01,E2PSB1,False,False
121,40,39,cell,cell,23,36,14.402367692922247,1.0381659977925153,1.0345339646546712,True,pressure_curvature_r0.01,E2PSB1,False,False
122,41,37,cell,cell,45,2,42.8847888158056,1.73807391332554,1.7319932460116,True,pressure_curvature_r0.01,E2PSB1,False,False
123,34,41,cell,cell,30,45,11.507117899126335,1.86019417096813,1.8536862648277375,True,pressure_curvature_r0.01,E2PSB1,False,False
124,42,36,cell,cell,1,47,36.96411166099429,1.6098458046268695,1.6042137445115732,True,pressure_curvature_r0.01,E2PSB1,False,False
125,52,42,outer,cell,-1,1,25.0,,,False,pressure_curvature_r0.01,E2PSB1,False,False
126,43,38,cell,cell,25,19,34.39205897959977,1.1710048904556234,1.1669081192497124,True,pressure_curvature_r0.01,E2PSB1,False,False
127,36,43,cell,cell,47,25,43.88469811468256,1.189824294918206,1.185661683855482,True,pressure_curvature_r0.01,E2PSB1,False,False
128,39,41,cell,cell,36,45,1.4169730060943293,1.238275411911817,1.2339432941778472,True,pressure_curvature_r0.01,E2PSB1,False,False
129,39,44,cell,cell,36,41,67.0854496907748,0.8924156026629286,0.8892934786013692,True,pressure_curvature_r0.01,E2PSB1,False,False
130,44,41,cell,cell,41,45,25.915456311756813,0.32290120701993874,0.32177153422518334,True,pressure_curvature_r0.01,E2PSB1,False,False
131,40,44,cell,cell,23,41,29.062571710541206,0.3088582812688082,0.30777773777687034,True,pressure_curvature_r0.01,E2PSB1,False,False
132,42,43,cell,cell,1,25,20.917477979243436,0.518492793475843,0.5166788417459252,True,pressure_curvature_r0.01,E2PSB1,False,False
133,41,52,cell,outer,45,-1,19.0,,,False,pressure_curvature_r0.01,E2PSB1,False,False
134,43,40,cell,cell,25,23,32.39693972662573,0.7938774893168943,0.7911001017365666,True,pressure_curvature_r0.01,E2PSB1,False,False
135,45,42,cell,cell,3,1,43.76390370554345,0.41329677447119995,0.4118508519657092,True,pressure_curvature_r0.01,E2PSB1,False,False
136,52,45,outer,cell,-1,3,15.0,,,False,pressure_curvature_r0.01,E2PSB1,False,False
137,46,41,cell,cell,37,45,42.94115516281321,0.19324636983904842,0.19257029566544234,True,pressure_curvature_r0.01,E2PSB1,False,False
138,47,43,cell,cell,9,25,62.420116567438626,0.06648494316622677,0.06625234499092449,True,pressure_curvature_r0.01,E2PSB1,False,False
139,44,46,cell,cell,41,37,32.78040271127242,0.491492731544436,0.489773239775514,True,pressure_curvature_r0.01,E2PSB1,False,False
140,42,47,cell,cell,1,9,5.0,0.6980952749768913,0.695652982340184,True,pressure_curvature_r0.01,E2PSB1,False,False
141,46,52,cell,outer,37,-1,74.12448474893256,,,False,pressure_curvature_r0.01,E2PSB1,False,False
142,45,47,cell,cell,3,9,20.58172629614306,0.9531577339317177,0.949823102974247,True,pressure_curvature_r0.01,E2PSB1,False,False
143,40,48,cell,cell,23,33,13.302397228711785,0.6381248067723478,0.6358923213613387,True,pressure_curvature_r0.01,E2PSB1,False,False
144,48,44,cell,cell,33,41,28.065620569086466,0.2584269689543175,0.25752285986487466,True,pressure_curvature_r0.01,E2PSB1,False,False
145,43,48,cell,cell,25,33,35.20961662133612,0.27624312543186313,0.27527668635776176,True,pressure_curvature_r0.01,E2PSB1,False,False
146,49,45,cell,cell,54,3,48.75253291386472,0.6559810999135018,0.6536861440993533,True,pressure_curvature_r0.01,E2PSB1,False,False
147,52,49,outer,cell,-1,54,67.12448474893256,,,False,pressure_curvature_r0.01,E2PSB1,False,False
148,49,47,cell,cell,54,9,8.734121237337217,1.0205031912529483,1.016932951603617,True,pressure_curvature_r0.01,E2PSB1,False,False
149,44,52,cell,outer,41,-1,51.0,,,False,pressure_curvature_r0.01,E2PSB1,False,False
150,48,52,cell,outer,33,-1,46.0,,,False,pressure_curvature_r0.01,E2PSB1,False,False
151,43,52,cell,outer,25,-1,21.0,,,False,pressure_curvature_r0.01,E2PSB1,False,False
152,47,52,cell,outer,9,-1,41.0,,,False,pressure_curvature_r0.01,E2PSB1,False,False
0,0,64,cell,outer,54,-1,120.12448474893256,,,False,tension_only_r0.1,E5PSB2,False,False
1,64,1,outer,cell,-1,7,36.0,,,False,tension_only_r0.1,E5PSB2,False,False
2,64,2,outer,cell,-1,51,22.0,,,False,tension_only_r0.1,E5PSB2,False,False
3,64,3,outer,cell,-1,8,10.0,,,False,tension_only_r0.1,E5PSB2,False,False
4,64,4,outer,cell,-1,55,30.0,,,False,tension_only_r0.1,E5PSB2,False,False
5,64,5,outer,cell,-1,29,36.0,,,False,tension_only_r0.1,E5PSB2,False,False
6,64,6,outer,cell,-1,44,38.124484748932566,,,False,tension_only_r0.1,E5PSB2,False,False
7,1,0,cell,cell,7,54,24.956836106769263,1.2812259131440422,1.2514822407878834,True,tension_only_r0.1,E5PSB2,False,False
8,2,1,cell,cell,51,7,11.459709420702954,1.1657988926674037,1.138734859743201,True,tension_only_r0.1,E5PSB2,False,False
9,3,2,cell,cell,8,51,17.67844231796092,0.8710339270720197,0.8508128657649215,True,tension_only_r0.1,E5PSB2,False,False
10,4,3,cell,cell,55,8,27.42209956339758,0.41155630094024376,0.40200201730790586,True,tension_only_r0.1,E5PSB2,False,False
11,5,4,cell,cell,29,55,20.22351207189415,1.1386232197733348,1.112190070366494,True,tension_only_r0.1,E5PSB2,False,False
12,6,5,cell,cell,44,29,17.267867410478573,0.7518446282669202,0.7343905477207089,True,tension_only_r0.1,E5PSB2,False,False
13,7,6,cell,cell,15,44,19.81719421283434,1.2803196903243832,1.250597055940024,True,tension_only_r0.1,E5PSB2,False,False
14,64,7,outer,cell,-1,15,21.0,,,False,tension_only_r0.1,E5PSB2,False,False
15,3,1,cell,cell,8,7,21.248627263059085,1.3087228548697591,1.2783408407371066,True,tension_only_r0.1,E5PSB2,False,False
16,6,8,cell,cell,44,56,5.0,1.1500486604283329,1.1233502693026969,True,tension_only_r0.1,E5PSB2,False,False
17,8,5,cell,cell,56,29,33.82299687534484,0.6787067807655989,0.6629505960788116,True,tension_only_r0.1,E5PSB2,False,False
18,7,8,cell,cell,15,56,11.124249268759064,0.6617221717619315,0.6463602849426161,True,tension_only_r0.1,E5PSB2,False,False
19,9,0,cell,cell,22,54,61.62936057454358,1.3196407066089177,1.2890052344392156,True,tension_only_r0.1,E5PSB2,False,False
20,1,9,cell,cell,7,22,32.21008776980574,0.8548799201523648,0.8350338742770715,True,tension_only_r0.1,E5PSB2,False,False
21,10,4,cell,cell,14,55,8.313418350323149,1.6630539817662011,1.6244461669875612,True,tension_only_r0.1,E5PSB2,False,False
22,5,10,cell,cell,29,14,29.15627834729369,1.511568673075979,1.4764775912499193,True,tension_only_r0.1,E5PSB2,False,False
23,10,3,cell,cell,14,8,25.25650149480723,1.4615559485660699,1.427625912638474,True,tension_only_r0.1,E5PSB2,False,False
24,11,8,cell,cell,3,56,29.381336958990417,1.1597661868941145,1.1328422032946257,True,tension_only_r0.1,E5PSB2,False,False
25,7,11,cell,cell,15,3,17.248755988600042,1.0899835933124522,1.064679613319168,True,tension_only_r0.1,E5PSB2,False,False
26,64,11,outer,cell,-1,3,25.0,,,False,tension_only_r0.1,E5PSB2,False,False
27,12,1,cell,cell,26,7,15.859980173075467,1.998017360751698,1.9516333677880509,True,tension_only_r0.1,E5PSB2,False,False
28,3,12,cell,cell,8,26,18.124249268759066,1.7691463985838736,1.7280756472903496,True,tension_only_r0.1,E5PSB2,False,False
29,10,12,cell,cell,14,26,12.619994745907096,0.9950945289354213,0.9719933995183379,True,tension_only_r0.1,E5PSB2,False,False
30,8,10,cell,cell,56,14,10.794076138810158,1.3087996004321234,1.278415804650475,True,tension_only_r0.1,E5PSB2,False,False
31,0,13,cell,cell,54,57,23.753522228928766,1.2639607676194295,1.2346179057888753,True,tension_only_r0.1,E5PSB2,False,False
32,13,64,cell,outer,57,-1,14.0,,,False,tension_only_r0.1,E5PSB2,False,False
33,9,13,cell,cell,22,57,10.124249268759064,0.4568415357754142,0.44623595496457663,True,tension_only_r0.1,E5PSB2,False,False
34,14,1,cell,cell,12,7,23.124249268759062,1.9706093908567113,1.9248616741876199,True,tension_only_r0.1,E5PSB2,False,False
35,12,14,cell,cell,26,12,16.37467442281385,1.0866647694811364,1.0614378360162073,True,tension_only_r0.1,E5PSB2,False,False
36,11,10,cell,cell,3,14,8.305917087335416,1.4371103874112658,1.403747855429767,True,tension_only_r0.1,E5PSB2,False,False
37,14,9,cell,cell,12,22,25.199174398698872,1.5830387462877356,1.5462884859990231,True,tension_only_r0.1,E5PSB2,False,False
38,10,15,cell,cell,14,28,56.37895391237143,1.0296682555592103,1.0057644967336208,True,tension_only_r0.1,E5PSB2,False,False
39,15,12,cell,cell,28,26,11.245439860468203,0.8633092587150731,0.8432675256609489,True,tension_only_r0.1,E5PSB2,False,False
40,13,16,cell,cell,57,59,24.24862726305908,1.065497663792135,1.0407621248969559,True,tension_only_r0.1,E5PSB2,False,False
41,17,10,cell,cell,4,14,5.048505018588893,1.6458653382785122,1.6076565580299262,True,tension_only_r0.1,E5PSB2,False,False
42,11,17,cell,cell,3,4,43.451993421404744,1.035464017232052,1.0114257097414046,True,tension_only_r0.1,E5PSB2,False,False
43,9,16,cell,cell,22,59,50.35191660238648,1.0785537258931033,1.0535150903859927,True,tension_only_r0.1,E5PSB2,False,False
44,16,64,cell,outer,59,-1,17.0,,,False,tension_only_r0.1,E5PSB2,False,False
45,18,12,cell,cell,21,26,23.713362078527737,0.9828829216998705,0.960065284866593,True,tension_only_r0.1,E5PSB2,False,False
46,15,18,cell,cell,28,21,26.38188755583402,0.9436490151739949,0.9217421938721441,True,tension_only_r0.1,E5PSB2,False,False
47,17,15,cell,cell,4,28,23.41748967729184,1.5024675375155307,1.467587738642307,True,tension_only_r0.1,E5PSB2,False,False
48,64,17,outer,cell,-1,4,39.0,,,False,tension_only_r0.1,E5PSB2,False,False
49,14,16,cell,cell,12,59,7.948345799777326,0.9558144775820162,0.9336252349489909,True,tension_only_r0.1,E5PSB2,False,False
50,58,14,gap,cell,-1,12,13.194268641504232,,,False,tension_only_r0.1,E5PSB2,False,False
51,12,59,cell,gap,26,-1,4.178261246664951,0.5757679907684433,0.5624015311184385,True,tension_only_r0.1,E5PSB2,False,False
52,59,14,gap,cell,-1,12,7.902510886508603,0.7040368317160425,0.687692609643728,True,tension_only_r0.1,E5PSB2,False,False
53,18,59,cell,gap,21,-1,5.807241748715275,0.6827770489393423,0.6669263729362933,True,tension_only_r0.1,E5PSB2,False,False
54,19,16,cell,cell,39,59,33.84263192944172,1.090851692382767,1.0655275594609044,True,tension_only_r0.1,E5PSB2,False,False
55,14,19,cell,cell,12,39,20.6235267437442,0.747037800899628,0.7296953108987051,True,tension_only_r0.1,E5PSB2,False,False
56,18,14,cell,cell,21,12,8.68728603533965,1.3888844601346857,1.3566414935360527,True,tension_only_r0.1,E5PSB2,False,False
57,16,20,cell,cell,59,35,41.825232836528485,1.0441469804417622,1.0199070978735731,True,tension_only_r0.1,E5PSB2,False,False
58,20,64,cell,outer,35,-1,28.0,,,False,tension_only_r0.1,E5PSB2,False,False
59,18,21,cell,cell,21,33,37.82711308325193,0.4157091808220261,0.4060584880418002,True,tension_only_r0.1,E5PSB2,False,False
60,21,14,cell,cell,33,12,5.8482194362705675,1.4627405520971906,1.4287830155868013,True,tension_only_r0.1,E5PSB2,False,False
61,15,22,cell,cell,28,18,26.40559355667254,0.9427121508677436,0.9208270788801093,True,tension_only_r0.1,E5PSB2,False,False
62,22,18,cell,cell,18,21,18.63754078978221,0.40001112502906905,0.39072486277069285,True,tension_only_r0.1,E5PSB2,False,False
63,14,23,cell,cell,12,24,32.30238178988306,0.7121622517043162,0.6956293979259084,True,tension_only_r0.1,E5PSB2,False,False
64,23,19,cell,cell,24,39,32.356712719996665,0.4130818953895051,0.4034921950668071,True,tension_only_r0.1,E5PSB2,False,False
65,19,20,cell,cell,39,35,21.60297279734913,0.4093357738844853,0.39983303980990054,True,tension_only_r0.1,E5PSB2,False,False
66,21,23,cell,cell,33,24,37.35381156747492,1.34350857417749,1.3123190092240586,True,tension_only_r0.1,E5PSB2,False,False
67,24,15,cell,cell,20,28,20.055023046445974,1.1572506539369865,1.1303850684601944,True,tension_only_r0.1,E5PSB2,False,False
68,17,24,cell,cell,4,20,25.899106552671654,1.6412581031916005,1.6031562799515227,True,tension_only_r0.1,E5PSB2,False,False
69,24,22,cell,cell,20,18,30.64820640008355,0.7227537080206056,0.7059749734781464,True,tension_only_r0.1,E5PSB2,False,False
70,25,18,cell,cell,67,21,8.580858055862166,0.355791741652835,0.3475320328207055,True,tension_only_r0.1,E5PSB2,False,False
71,22,25,cell,cell,18,67,32.16923851938779,0.16074874903473424,0.15701696522213662,True,tension_only_r0.1,E5PSB2,False,False
72,25,21,cell,cell,67,33,27.14657427487212,0.34722236839810305,0.339161597651577,True,tension_only_r0.1,E5PSB2,False,False
73,26,17,cell,cell,17,4,26.459708333788534,1.0291168042153855,1.0052258473382447,True,tension_only_r0.1,E5PSB2,False,False
74,64,26,outer,cell,-1,17,43.0,,,False,tension_only_r0.1,E5PSB2,False,False
75,20,27,cell,cell,35,38,39.658775557671994,1.4582018953687343,1.4243497238195775,True,tension_only_r0.1,E5PSB2,False,False
76,26,24,cell,cell,17,20,30.697920080758482,1.238659956696962,1.2099044534443937,True,tension_only_r0.1,E5PSB2,False,False
77,19,27,cell,cell,39,38,32.42688850972404,1.4658990779885097,1.4318682162680416,True,tension_only_r0.1,E5PSB2,False,False
78,27,64,cell,outer,38,-1,30.0,,,False,tension_only_r0.1,E5PSB2,False,False
79,23,27,cell,cell,24,38,42.882932912346426,1.2926350388575445,1.2626265035341204,True,tension_only_r0.1,E5PSB2,False,False
80,24,25,cell,cell,20,67,10.096401248112127,0.6991522290748693,0.6829214031016023,True,tension_only_r0.1,E5PSB2,False,False
81,21,28,cell,cell,33,37,49.81171988919995,1.1670831062798035,1.1399892603237767,True,tension_only_r0.1,E5PSB2,True,True
82,28,23,cell,cell,37,24,1.4169730060943293,1.8084597438872971,1.7664763328903332,True,tension_only_r0.1,E5PSB2,False,False
83,28,27,cell,cell,37,38,54.65418955362059,1.6626005397201271,1.6240032516031107,True,tension_only_r0.1,E5PSB2,False,False
84,25,28,cell,cell,67,37,5.129817481141764,1.441996600921673,1.4085206354447812,True,tension_only_r0.1,E5PSB2,False,True
85,25,60,cell,gap,67,-1,11.54544864244327,0.7712651804520256,0.7533602515930824,True,tension_only_r0.1,E5PSB2,False,False
86,60,28,gap,cell,-1,37,10.259634962283526,0.7712651804520296,0.7533602515930863,True,tension_only_r0.1,E5PSB2,False,False
87,25,28,cell,cell,67,37,3.0,1.606872220799148,1.5695686661618715,True,tension_only_r0.1,E5PSB2,False,True
88,24,28,cell,cell,20,37,32.14165147102032,1.5266982147587038,1.4912559004715356,True,tension_only_r0.1,E5PSB2,False,False
89,26,61,cell,gap,17,-1,8.257352001768833,0.6888530914671629,0.6728613600762111,True,tension_only_r0.1,E5PSB2,False,False
90,61,24,gap,cell,-1,20,4.17826124666495,0.6665383830272913,0.6510646878154003,True,tension_only_r0.1,E5PSB2,False,False
91,27,29,cell,cell,38,36,92.37529257129268,1.0027947376416926,0.9795148478026697,True,tension_only_r0.1,E5PSB2,False,False
92,29,64,cell,outer,36,-1,51.0,,,False,tension_only_r0.1,E5PSB2,False,False
93,30,24,cell,cell,2,20,23.843158143458805,1.4500811912265492,1.4164175419050717,True,tension_only_r0.1,E5PSB2,False,False
94,61,30,gap,cell,-1,2,5.178132521123993,1.3027732519827566,1.272529357940484,True,tension_only_r0.1,E5PSB2,False,False
95,26,30,cell,cell,17,2,19.962651820707386,1.84305229063642,1.8002658133215528,True,tension_only_r0.1,E5PSB2,False,False
96,30,28,cell,cell,2,37,16.4375235749727,0.8548137249078659,0.8349692157558342,True,tension_only_r0.1,E5PSB2,False,False
97,64,30,outer,cell,-1,2,18.0,,,False,tension_only_r0.1,E5PSB2,False,False
98,30,31,cell,cell,2,1,45.87963652299351,0.542088884900094,0.5295042860288323,True,tension_only_r0.1,E5PSB2,False,False
99,31,28,cell,cell,1,37,22.49061533137481,0.880206188420235,0.8597721929744283,True,tension_only_r0.1,E5PSB2,False,False
100,64,31,outer,cell,-1,1,19.0,,,False,tension_only_r0.1,E5PSB2,False,False
101,32,27,cell,cell,42,38,24.063864384835416,1.3299118249482693,1.2990379086638464,True,tension_only_r0.1,E5PSB2,False,False
102,28,32,cell,cell,37,42,20.724666698957797,1.5451390429545244,1.5092686246568099,True,tension_only_r0.1,E5PSB2,False,False
103,33,28,cell,cell,27,37,15.28033008273577,0.8923676817652473,0.8716513571301036,True,tension_only_r0.1,E5PSB2,False,False
104,31,33,cell,cell,1,27,56.96224266193954,-0.48523015403329395,-0.47396553116637247,True,tension_only_r0.1,E5PSB2,False,False
105,29,34,cell,cell,36,5,54.64411032604024,1.0534831699735543,1.0290265476722396,True,tension_only_r0.1,E5PSB2,False,False
106,27,35,cell,cell,38,11,14.124249268759066,1.5065229251268657,1.471548980389785,True,tension_only_r0.1,E5PSB2,False,False
107,35,29,cell,cell,11,36,23.777972144030194,0.8205947828241082,0.8015446667539461,True,tension_only_r0.1,E5PSB2,False,False
108,64,33,outer,cell,-1,27,25.0,,,False,tension_only_r0.1,E5PSB2,False,False
109,32,35,cell,cell,42,11,33.41308538079974,0.6959189745265292,0.6797632085898594,True,tension_only_r0.1,E5PSB2,False,False
110,34,64,cell,outer,5,-1,27.0,,,False,tension_only_r0.1,E5PSB2,False,False
111,36,28,cell,cell,34,37,16.540551692502827,1.4250644498498946,1.3919815644290627,True,tension_only_r0.1,E5PSB2,False,False
112,33,36,cell,cell,27,34,54.93002222078885,1.7503198962579036,1.7096862024037052,True,tension_only_r0.1,E5PSB2,False,False
113,28,37,cell,cell,37,70,6.414341516820876,1.4160325818473796,1.3831593713323351,True,tension_only_r0.1,E5PSB2,False,False
114,37,32,cell,cell,70,42,22.751669324548068,0.6115617670191625,0.5973643544963904,True,tension_only_r0.1,E5PSB2,False,False
115,28,38,cell,cell,37,71,36.095791645860245,1.1206096324651518,1.0945946686673882,True,tension_only_r0.1,E5PSB2,False,False
116,28,39,cell,cell,37,9,14.124249268759067,1.3969026979219787,1.3644735878531173,True,tension_only_r0.1,E5PSB2,False,False
117,40,28,cell,cell,58,37,11.45829274255942,1.470789604328211,1.4366452089899748,True,tension_only_r0.1,E5PSB2,False,False
118,39,37,cell,cell,9,70,17.41310589416349,0.387018690296857,0.37803404754041187,True,tension_only_r0.1,E5PSB2,False,False
119,36,40,cell,cell,34,58,32.04342328876997,0.1974180014406255,0.19283494056758374,True,tension_only_r0.1,E5PSB2,False,False
120,38,39,cell,cell,71,9,30.39179137735653,0.2853389947607059,0.2787148471505693,True,tension_only_r0.1,E5PSB2,False,False
121,35,34,cell,cell,11,5,3.6124035556762317,0.5676521497070387,0.5544740993882444,True,tension_only_r0.1,E5PSB2,False,False
122,40,38,cell,cell,58,71,16.24095726259725,0.6285106598481395,0.6139197786092471,True,tension_only_r0.1,E5PSB2,False,False
123,62,34,gap,cell,-1,5,12.431743866795083,,,False,tension_only_r0.1,E5PSB2,False,False
124,41,34,cell,cell,31,5,34.45786742201642,0.4857047677773665,0.4744291267476412,True,tension_only_r0.1,E5PSB2,False,False
125,35,41,cell,cell,11,31,47.40031230799203,0.48223649471926755,0.47104136968318827,True,tension_only_r0.1,E5PSB2,False,False
126,40,39,cell,cell,58,9,10.549498620479074,0.6416853034775161,0.6267885727553271,True,tension_only_r0.1,E5PSB2,False,False
127,64,36,outer,cell,-1,34,17.0,,,False,tension_only_r0.1,E5PSB2,False,False
128,42,37,cell,cell,6,70,12.47179410432436,0.407687394619196,0.3982229276857005,True,tension_only_r0.1,E5PSB2,False,False
129,39,42,cell,cell,9,6,32.349753246243765,0.5630147262642528,0.5499443337769493,True,tension_only_r0.1,E5PSB2,False,False
130,42,32,cell,cell,6,42,15.233713595540657,0.6278656114595749,0.6132897050254584,True,tension_only_r0.1,E5PSB2,False,False
131,34,43,cell,cell,5,19,26.37326270844102,1.2242469385751011,1.1958260336820274,True,tension_only_r0.1,E5PSB2,False,False
132,43,64,cell,outer,19,-1,24.0,,,False,tension_only_r0.1,E5PSB2,False,False
133,41,43,cell,cell,31,19,28.850467344058604,0.9184408516813718,0.8971192381464987,True,tension_only_r0.1,E5PSB2,False,False
134,32,41,cell,cell,42,31,4.17826124666495,0.971836920205654,0.9492757164072685,True,tension_only_r0.1,E5PSB2,False,False
135,44,39,cell,cell,48,9,15.990007798631886,0.883267221614452,0.8627621642525024,True,tension_only_r0.1,E5PSB2,False,False
136,40,44,cell,cell,58,48,28.662711328798046,0.8043723038346486,0.785698792776075,True,tension_only_r0.1,E5PSB2,False,False
137,32,63,cell,gap,42,-1,5.5387328198956824,-0.026919915275118833,-0.02629496917343265,True,tension_only_r0.1,E5PSB2,False,False
138,63,41,gap,cell,-1,31,5.121678947967588,1.018416706667571,0.9947741526617553,True,tension_only_r0.1,E5PSB2,False,False
139,42,63,cell,gap,6,-1,3.1427783206535542,0.3039314986869921,0.29687572591271333,True,tension_only_r0.1,E5PSB2,False,False
140,36,44,cell,cell,34,48,9.009359590312279,1.075939014570721,1.050961079613046,True,tension_only_r0.1,E5PSB2,False,False
141,42,41,cell,cell,6,31,7.400779735631865,1.1298156802216726,1.1035869979333945,True,tension_only_r0.1,E5PSB2,False,False
142,45,36,cell,cell,32,34,54.178132521123985,1.0108014642802772,0.9873356982024583,True,tension_only_r0.1,E5PSB2,False,False
143,64,45,outer,cell,-1,32,23.0,,,False,tension_only_r0.1,E5PSB2,False,False
144,44,42,cell,cell,48,6,9.813822334208952,0.5228405039762039,0.5107027564601272,True,tension_only_r0.1,E5PSB2,False,False
145,45,44,cell,cell,32,48,5.0,0.7606551161485426,0.7429965000382591,True,tension_only_r0.1,E5PSB2,False,False
146,41,46,cell,cell,31,16,53.48753314408181,1.1200070698582998,1.094006094557466,True,tension_only_r0.1,E5PSB2,False,False
147,47,41,cell,cell,23,31,5.246405675175395,1.2209951423447791,1.192649727933635,True,tension_only_r0.1,E5PSB2,False,False
148,42,47,cell,cell,6,23,44.93356437240768,1.7204673026144608,1.6805266370195278,True,tension_only_r0.1,E5PSB2,False,False
149,46,43,cell,cell,16,19,7.258585386641108,0.7026833525339278,0.6863705514943295,True,tension_only_r0.1,E5PSB2,False,False
150,48,44,cell,cell,13,48,44.887189640288256,1.076997838928161,1.0519953233524642,True,tension_only_r0.1,E5PSB2,False,False
151,45,48,cell,cell,32,13,16.413304501011343,1.1900206079064284,1.1623942676212968,True,tension_only_r0.1,E5PSB2,False,False
152,47,46,cell,cell,23,16,15.365969630797347,0.9154450752549973,0.8941930086997507,True,tension_only_r0.1,E5PSB2,False,False
153,44,47,cell,cell,48,23,8.36173339030538,1.6789577238257474,1.6399807035165266,True,tension_only_r0.1,E5PSB2,False,False
154,49,43,cell,cell,10,19,22.259377511201613,0.8489952098225185,0.8292857775562432,True,tension_only_r0.1,E5PSB2,False,False
155,46,49,cell,cell,16,10,18.855928661706276,0.5769901931263153,0.5635953600363788,True,tension_only_r0.1,E5PSB2,False,False
156,43,50,cell,cell,19,52,22.30251051542401,0.8710383516607932,0.8508171876368226,True,tension_only_r0.1,E5PSB2,False,False
157,48,47,cell,cell,13,23,14.796300846486304,1.044879994648259,1.0206230951479531,True,tension_only_r0.1,E5PSB2,False,False
158,43,51,cell,cell,19,25,2.0,1.3991711356627274,1.366689363789083,True,tension_only_r0.1,E5PSB2,False,False
159,51,64,cell,outer,25,-1,70.12448474893256,,,False,tension_only_r0.1,E5PSB2,False,False
160,50,51,cell,cell,52,25,28.378422773292435,0.5974864202676029,0.5836157670600949,True,tension_only_r0.1,E5PSB2,False,False
161,49,50,cell,cell,10,52,11.264816998043356,0.20401237564641206,0.1992762263103923,True,tension_only_r0.1,E5PSB2,False,False
162,45,52,cell,cell,32,30,42.78574041372845,1.5032355099848287,1.4683378826230682,True,tension_only_r0.1,E5PSB2,False,False
163,52,48,cell,cell,30,13,22.918729043584854,0.8122026568219995,0.7933473640407028,True,tension_only_r0.1,E5PSB2,False,False
164,53,46,cell,cell,60,16,48.20689918797633,0.5133801248809599,0.5014620001599635,True,tension_only_r0.1,E5PSB2,False,False
165,47,53,cell,cell,23,60,22.873800533228604,1.008092021119172,0.9846891547913695,True,tension_only_r0.1,E5PSB2,False,False
166,64,52,outer,cell,-1,30,5.0,,,False,tension_only_r0.1,E5PSB2,False,False
167,49,51,cell,cell,10,25,27.14311512923526,0.7360967939917061,0.7190082995753068,True,tension_only_r0.1,E5PSB2,False,False
168,48,54,cell,cell,13,53,33.013541096307215,1.3312588344152299,1.3003536472925925,True,tension_only_r0.1,E5PSB2,False,False
169,54,47,cell,cell,53,23,14.402632082483837,1.1569250031044724,1.130066977615006,True,tension_only_r0.1,E5PSB2,False,False
170,53,49,cell,cell,60,10,22.40508929979635,0.6759157468277407,0.6602243560216663,True,tension_only_r0.1,E5PSB2,False,False
171,55,52,cell,cell,41,30,31.686301561843056,1.3007625045028528,1.2705652899833868,True,tension_only_r0.1,E5PSB2,False,False
172,64,55,outer,cell,-1,41,42.124484748932566,,,False,tension_only_r0.1,E5PSB2,False,False
173,52,54,cell,cell,30,53,5.729833133469634,1.2070348527530042,1.1790135266040118,True,tension_only_r0.1,E5PSB2,False,False
174,56,47,cell,cell,40,23,17.749943490006306,1.127569713851999,1.1013931716954002,True,tension_only_r0.1,E5PSB2,False,False
175,52,57,cell,cell,30,49,27.858273771335636,1.1466467212414129,1.1200273061679418,True,tension_only_r0.1,E5PSB2,False,False
176,54,56,cell,cell,53,40,8.084299706426492,0.6169133778253135,0.6025917276042846,True,tension_only_r0.1,E5PSB2,False,False
177,57,54,cell,cell,49,53,7.361862115846336,0.7264050745177542,0.7095415734656347,True,tension_only_r0.1,E5PSB2,False,False
178,53,51,cell,cell,60,25,1.0,1.039886459544136,1.0157454850110916,True,tension_only_r0.1,E5PSB2,False,False
179,55,57,cell,cell,41,49,1.0,0.886349150579006,0.8657725462053965,True,tension_only_r0.1,E5PSB2,False,False
180,53,64,cell,outer,60,-1,67.0,,,False,tension_only_r0.1,E5PSB2,False,False
181,47,64,cell,outer,23,-1,31.0,,,False,tension_only_r0.1,E5PSB2,False,False
182,56,64,cell,outer,40,-1,20.0,,,False,tension_only_r0.1,E5PSB2,False,False
183,54,64,cell,outer,53,-1,39.0,,,False,tension_only_r0.1,E5PSB2,False,False
184,57,64,cell,outer,49,-1,29.0,,,False,tension_only_r0.1,E5PSB2,False,False
0,0,64,cell,outer,54,-1,120.12448474893256,,,False,pressure_curvature_r0.1,E5PSB2,False,False
1,64,1,outer,cell,-1,7,36.0,,,False,pressure_curvature_r0.1,E5PSB2,False,False
2,64,2,outer,cell,-1,51,22.0,,,False,pressure_curvature_r0.1,E5PSB2,False,False
3,64,3,outer,cell,-1,8,10.0,,,False,pressure_curvature_r0.1,E5PSB2,False,False
4,64,4,outer,cell,-1,55,30.0,,,False,pressure_curvature_r0.1,E5PSB2,False,False
5,64,5,outer,cell,-1,29,36.0,,,False,pressure_curvature_r0.1,E5PSB2,False,False
6,64,6,outer,cell,-1,44,38.124484748932566,,,False,pressure_curvature_r0.1,E5PSB2,False,False
7,1,0,cell,cell,7,54,24.956836106769263,0.3928546317198538,0.3968344794052487,True,pressure_curvature_r0.1,E5PSB2,False,False
8,2,1,cell,cell,51,7,11.459709420702954,1.5426877625869686,1.558316093846143,True,pressure_curvature_r0.1,E5PSB2,False,False
9,3,2,cell,cell,8,51,17.67844231796092,1.0374011669141803,1.0479106487927432,True,pressure_curvature_r0.1,E5PSB2,False,False
10,4,3,cell,cell,55,8,27.42209956339758,0.24290074838973866,0.24536147534369487,True,pressure_curvature_r0.1,E5PSB2,False,False
11,5,4,cell,cell,29,55,20.22351207189415,1.1720151714712082,1.18388837211799,True,pressure_curvature_r0.1,E5PSB2,False,False
12,6,5,cell,cell,44,29,17.267867410478573,1.0318286080875732,1.0422816366789478,True,pressure_curvature_r0.1,E5PSB2,False,False
13,7,6,cell,cell,15,44,19.81719421283434,1.9041898371558825,1.9234803963196638,True,pressure_curvature_r0.1,E5PSB2,False,False
14,64,7,outer,cell,-1,15,21.0,,,False,pressure_curvature_r0.1,E5PSB2,False,False
15,3,1,cell,cell,8,7,21.248627263059085,1.4968082278612398,1.5119717725420152,True,pressure_curvature_r0.1,E5PSB2,False,False
16,6,8,cell,cell,44,56,5.0,1.6617777572279022,1.6786125399356708,True,pressure_curvature_r0.1,E5PSB2,False,False
17,8,5,cell,cell,56,29,33.82299687534484,0.9358554330688444,0.9453361971439879,True,pressure_curvature_r0.1,E5PSB2,False,False
18,7,8,cell,cell,15,56,11.124249268759064,0.9097395756589217,0.9189557707910697,True,pressure_curvature_r0.1,E5PSB2,False,False
19,9,0,cell,cell,22,54,61.62936057454358,1.104921700863723,1.1161152053273815,True,pressure_curvature_r0.1,E5PSB2,False,False
20,1,9,cell,cell,7,22,32.21008776980574,1.2007963897498402,1.2129611610074802,True,pressure_curvature_r0.1,E5PSB2,False,False
21,10,4,cell,cell,14,55,8.313418350323149,1.4456031370757256,1.4602479441737188,True,pressure_curvature_r0.1,E5PSB2,False,False
22,5,10,cell,cell,29,14,29.15627834729369,1.4150965331741123,1.4294322904935766,True,pressure_curvature_r0.1,E5PSB2,False,False
23,10,3,cell,cell,14,8,25.25650149480723,1.4102749422960659,1.4245618540738296,True,pressure_curvature_r0.1,E5PSB2,False,False
24,11,8,cell,cell,3,56,29.381336958990417,1.0584338912391988,1.0691564469432022,True,pressure_curvature_r0.1,E5PSB2,False,False
25,7,11,cell,cell,15,3,17.248755988600042,1.1754370277656123,1.187344893822328,True,pressure_curvature_r0.1,E5PSB2,False,False
26,64,11,outer,cell,-1,3,25.0,,,False,pressure_curvature_r0.1,E5PSB2,False,False
27,12,1,cell,cell,26,7,15.859980173075467,2.2727165373904783,2.2957404880342427,True,pressure_curvature_r0.1,E5PSB2,False,False
28,3,12,cell,cell,8,26,18.124249268759066,1.829975303187647,1.8485140256225518,True,pressure_curvature_r0.1,E5PSB2,False,False
29,10,12,cell,cell,14,26,12.619994745907096,0.9892767380404704,0.9992986912471034,True,pressure_curvature_r0.1,E5PSB2,False,False
30,8,10,cell,cell,56,14,10.794076138810158,0.9932183017319307,1.0032801852890487,True,pressure_curvature_r0.1,E5PSB2,False,False
31,0,13,cell,cell,54,57,23.753522228928766,0.7684982886741442,0.7762836267825943,True,pressure_curvature_r0.1,E5PSB2,False,False
32,13,64,cell,outer,57,-1,14.0,,,False,pressure_curvature_r0.1,E5PSB2,False,False
33,9,13,cell,cell,22,57,10.124249268759064,1.054932422647135,1.0656195064219656,True,pressure_curvature_r0.1,E5PSB2,False,False
34,14,1,cell,cell,12,7,23.124249268759062,2.2115770783061306,2.233981650393359,True,pressure_curvature_r0.1,E5PSB2,False,False
35,12,14,cell,cell,26,12,16.37467442281385,1.1894921383289274,1.2015423908938498,True,pressure_curvature_r0.1,E5PSB2,False,False
36,11,10,cell,cell,3,14,8.305917087335416,0.8569509633665708,0.865632378914914,True,pressure_curvature_r0.1,E5PSB2,False,False
37,14,9,cell,cell,12,22,25.199174398698872,2.1258018265425243,2.1473374450534615,True,pressure_curvature_r0.1,E5PSB2,False,False
38,10,15,cell,cell,14,28,56.37895391237143,0.8973400242433593,0.9064306046518495,True,pressure_curvature_r0.1,E5PSB2,False,False
39,15,12,cell,cell,28,26,11.245439860468203,0.848817082085787,0.8574160966491987,True,pressure_curvature_r0.1,E5PSB2,False,False
40,13,16,cell,cell,57,59,24.24862726305908,1.555540417031009,1.5712989532130992,True,pressure_curvature_r0.1,E5PSB2,False,False
41,17,10,cell,cell,4,14,5.048505018588893,1.278487332990341,1.2914391590404324,True,pressure_curvature_r0.1,E5PSB2,False,False
42,11,17,cell,cell,3,4,43.451993421404744,0.8955015054756488,0.9045734606114008,True,pressure_curvature_r0.1,E5PSB2,False,False
43,9,16,cell,cell,22,59,50.35191660238648,1.9169457175542857,1.936365501263178,True,pressure_curvature_r0.1,E5PSB2,False,False
44,16,64,cell,outer,59,-1,17.0,,,False,pressure_curvature_r0.1,E5PSB2,False,False
45,18,12,cell,cell,21,26,23.713362078527737,0.8668823962088446,0.875664422993046,True,pressure_curvature_r0.1,E5PSB2,False,False
46,15,18,cell,cell,28,21,26.38188755583402,0.9289020555330654,0.9383123778181495,True,pressure_curvature_r0.1,E5PSB2,False,False
47,17,15,cell,cell,4,28,23.41748967729184,1.3172905840637428,1.3306355097911735,True,pressure_curvature_r0.1,E5PSB2,False,False
48,64,17,outer,cell,-1,4,39.0,,,False,pressure_curvature_r0.1,E5PSB2,False,False
49,14,16,cell,cell,12,59,7.948345799777326,0.4351403858513818,0.4395486130113136,True,pressure_curvature_r0.1,E5PSB2,False,False
50,58,14,gap,cell,-1,12,13.194268641504232,,,False,pressure_curvature_r0.1,E5PSB2,False,False
51,12,59,cell,gap,26,-1,4.178261246664951,0.5461028289556318,0.5516351707032443,True,pressure_curvature_r0.1,E5PSB2,False,False
52,59,14,gap,cell,-1,12,7.902510886508603,0.8565559852154365,0.865233399403598,True,pressure_curvature_r0.1,E5PSB2,False,False
53,18,59,cell,gap,21,-1,5.807241748715275,0.34650999712963726,0.35002034650239455,True,pressure_curvature_r0.1,E5PSB2,False,False
54,19,16,cell,cell,39,59,33.84263192944172,0.852455736427587,0.8610916126922259,True,pressure_curvature_r0.1,E5PSB2,False,False
55,14,19,cell,cell,12,39,20.6235267437442,0.6779204513661672,0.6847881828917954,True,pressure_curvature_r0.1,E5PSB2,False,False
56,18,14,cell,cell,21,12,8.68728603533965,1.1694890269712404,1.1813366362935742,True,pressure_curvature_r0.1,E5PSB2,False,False
57,16,20,cell,cell,59,35,41.825232836528485,0.7819214531181035,0.789842775750165,True,pressure_curvature_r0.1,E5PSB2,False,False
58,20,64,cell,outer,35,-1,28.0,,,False,pressure_curvature_r0.1,E5PSB2,False,False
59,18,21,cell,cell,21,33,37.82711308325193,0.4451829799386237,0.44969294446298086,True,pressure_curvature_r0.1,E5PSB2,False,False
60,21,14,cell,cell,33,12,5.8482194362705675,1.2560876479391707,1.2688125520504416,True,pressure_curvature_r0.1,E5PSB2,False,False
61,15,22,cell,cell,28,18,26.40559355667254,1.1533286438453068,1.1650125390143997,True,pressure_curvature_r0.1,E5PSB2,False,False
62,22,18,cell,cell,18,21,18.63754078978221,0.6784981759044232,0.6853717601182489,True,pressure_curvature_r0.1,E5PSB2,False,False
63,14,23,cell,cell,12,24,32.30238178988306,0.7119671657447295,0.7191798104430028,True,pressure_curvature_r0.1,E5PSB2,False,False
64,23,19,cell,cell,24,39,32.356712719996665,0.5917045007830833,0.5976988141950698,True,pressure_curvature_r0.1,E5PSB2,False,False
65,19,20,cell,cell,39,35,21.60297279734913,0.558122883733684,0.5637769956815798,True,pressure_curvature_r0.1,E5PSB2,False,False
66,21,23,cell,cell,33,24,37.35381156747492,1.2114223298225686,1.223694748081387,True,pressure_curvature_r0.1,E5PSB2,False,False
67,24,15,cell,cell,20,28,20.055023046445974,0.8919175127742169,0.9009531599631979,True,pressure_curvature_r0.1,E5PSB2,False,False
68,17,24,cell,cell,4,20,25.899106552671654,1.3441137770498122,1.3577304374442192,True,pressure_curvature_r0.1,E5PSB2,False,False
69,24,22,cell,cell,20,18,30.64820640008355,0.8653510664921059,0.87411758000871,True,pressure_curvature_r0.1,E5PSB2,False,False
70,25,18,cell,cell,67,21,8.580858055862166,0.5211959803306729,0.5264760011029247,True,pressure_curvature_r0.1,E5PSB2,False,False
71,22,25,cell,cell,18,67,32.16923851938779,0.5764969696806401,0.5823372218888839,True,pressure_curvature_r0.1,E5PSB2,False,False
72,25,21,cell,cell,67,33,27.14657427487212,0.5502419170960691,0.555816190232611,True,pressure_curvature_r0.1,E5PSB2,False,False
73,26,17,cell,cell,17,4,26.459708333788534,1.0095537804328316,1.019781151963995,True,pressure_curvature_r0.1,E5PSB2,False,False
74,64,26,outer,cell,-1,17,43.0,,,False,pressure_curvature_r0.1,E5PSB2,False,False
75,20,27,cell,cell,35,38,39.658775557671994,1.8218084745995056,1.840264462273944,True,pressure_curvature_r0.1,E5PSB2,False,False
76,26,24,cell,cell,17,20,30.697920080758482,0.5178858084013864,0.5231322951917851,True,pressure_curvature_r0.1,E5PSB2,False,False
77,19,27,cell,cell,39,38,32.42688850972404,1.7518550942286022,1.769602413157719,True,pressure_curvature_r0.1,E5PSB2,False,False
78,27,64,cell,outer,38,-1,30.0,,,False,pressure_curvature_r0.1,E5PSB2,False,False
79,23,27,cell,cell,24,38,42.882932912346426,1.3745582432722259,1.3884833239540504,True,pressure_curvature_r0.1,E5PSB2,False,False
80,24,25,cell,cell,20,67,10.096401248112127,0.8100370436391958,0.8182431936827836,True,pressure_curvature_r0.1,E5PSB2,False,False
81,21,28,cell,cell,33,37,49.81171988919995,0.8867360439143147,0.8957191997867017,True,pressure_curvature_r0.1,E5PSB2,True,True
82,28,23,cell,cell,37,24,1.4169730060943293,1.376285476251292,1.3902280548155872,True,pressure_curvature_r0.1,E5PSB2,False,False
83,28,27,cell,cell,37,38,54.65418955362059,1.1998478860888542,1.2120030484484567,True,pressure_curvature_r0.1,E5PSB2,False,False
84,25,28,cell,cell,67,37,5.129817481141764,1.3944981913746641,1.408625275418279,True,pressure_curvature_r0.1,E5PSB2,False,True
85,25,60,cell,gap,67,-1,11.54544864244327,0.08625198431887005,0.08712576747537604,True,pressure_curvature_r0.1,E5PSB2,False,False
86,60,28,gap,cell,-1,37,10.259634962283526,1.4116134355001173,1.4259139069985765,True,pressure_curvature_r0.1,E5PSB2,False,False
87,25,28,cell,cell,67,37,3.0,1.5492750413359135,1.564970105589853,True,pressure_curvature_r0.1,E5PSB2,False,True
88,24,28,cell,cell,20,37,32.14165147102032,1.2304061571598182,1.2428708927166592,True,pressure_curvature_r0.1,E5PSB2,False,False
89,26,61,cell,gap,17,-1,8.257352001768833,0.41827866963556326,0.4225160777269772,True,pressure_curvature_r0.1,E5PSB2,False,False
90,61,24,gap,cell,-1,20,4.17826124666495,0.33497531227498756,0.33836880852927814,True,pressure_curvature_r0.1,E5PSB2,False,False
91,27,29,cell,cell,38,36,92.37529257129268,0.6979703700341173,0.7050412189878223,True,pressure_curvature_r0.1,E5PSB2,False,False
92,29,64,cell,outer,36,-1,51.0,,,False,pressure_curvature_r0.1,E5PSB2,False,False
93,30,24,cell,cell,2,20,23.843158143458805,1.1563089836621119,1.1680230714204323,True,pressure_curvature_r0.1,E5PSB2,False,False
94,61,30,gap,cell,-1,2,5.178132521123993,1.0267184522188046,1.0371197119359845,True,pressure_curvature_r0.1,E5PSB2,False,False
95,26,30,cell,cell,17,2,19.962651820707386,1.4303135701135246,1.4448034849364317,True,pressure_curvature_r0.1,E5PSB2,False,False
96,30,28,cell,cell,2,37,16.4375235749727,0.7474798039554422,0.7550522124940104,True,pressure_curvature_r0.1,E5PSB2,False,False
97,64,30,outer,cell,-1,2,18.0,,,False,pressure_curvature_r0.1,E5PSB2,False,False
98,30,31,cell,cell,2,1,45.87963652299351,0.7598203749328538,0.7675178006886708,True,pressure_curvature_r0.1,E5PSB2,False,False
99,31,28,cell,cell,1,37,22.49061533137481,0.6640049943065502,0.6707317540958202,True,pressure_curvature_r0.1,E5PSB2,False,False
100,64,31,outer,cell,-1,1,19.0,,,False,pressure_curvature_r0.1,E5PSB2,False,False
101,32,27,cell,cell,42,38,24.063864384835416,1.1967044579316626,1.2088277755215577,True,pressure_curvature_r0.1,E5PSB2,False,False
102,28,32,cell,cell,37,42,20.724666698957797,1.009756789760291,1.0199862178949324,True,pressure_curvature_r0.1,E5PSB2,False,False
103,33,28,cell,cell,27,37,15.28033008273577,0.4856922891208655,0.4906126366911857,True,pressure_curvature_r0.1,E5PSB2,False,False
104,31,33,cell,cell,1,27,56.96224266193954,0.01292522895672421,0.013056169101992246,True,pressure_curvature_r0.1,E5PSB2,False,False
105,29,34,cell,cell,36,5,54.64411032604024,1.1260528503416858,1.1374604257352743,True,pressure_curvature_r0.1,E5PSB2,False,False
106,27,35,cell,cell,38,11,14.124249268759066,1.4273954792487207,1.4418558321007704,True,pressure_curvature_r0.1,E5PSB2,False,False
107,35,29,cell,cell,11,36,23.777972144030194,0.9906652887140613,1.0007013087528966,True,pressure_curvature_r0.1,E5PSB2,False,False
108,64,33,outer,cell,-1,27,25.0,,,False,pressure_curvature_r0.1,E5PSB2,False,False
109,32,35,cell,cell,42,11,33.41308538079974,0.6379733501873066,0.6444363941635761,True,pressure_curvature_r0.1,E5PSB2,False,False
110,34,64,cell,outer,5,-1,27.0,,,False,pressure_curvature_r0.1,E5PSB2,False,False
111,36,28,cell,cell,34,37,16.540551692502827,0.9157810967138116,0.9250584959953959,True,pressure_curvature_r0.1,E5PSB2,False,False
112,33,36,cell,cell,27,34,54.93002222078885,1.2767359874527182,1.2896700713459877,True,pressure_curvature_r0.1,E5PSB2,False,False
113,28,37,cell,cell,37,70,6.414341516820876,1.1806631550145048,1.1926239648034709,True,pressure_curvature_r0.1,E5PSB2,False,False
114,37,32,cell,cell,70,42,22.751669324548068,0.6278946594613088,0.6342556003930448,True,pressure_curvature_r0.1,E5PSB2,False,False
115,28,38,cell,cell,37,71,36.095791645860245,0.8599330817751639,0.8686447079309119,True,pressure_curvature_r0.1,E5PSB2,False,False
116,28,39,cell,cell,37,9,14.124249268759067,1.15209247273126,1.1637638447624037,True,pressure_curvature_r0.1,E5PSB2,False,False
117,40,28,cell,cell,58,37,11.45829274255942,1.1131707408485083,1.1244478129222684,True,pressure_curvature_r0.1,E5PSB2,False,False
118,39,37,cell,cell,9,70,17.41310589416349,0.6183893684610207,0.6246540152235346,True,pressure_curvature_r0.1,E5PSB2,False,False
119,36,40,cell,cell,34,58,32.04342328876997,0.2952242412962336,0.29821503590199283,True,pressure_curvature_r0.1,E5PSB2,False,False
120,38,39,cell,cell,71,9,30.39179137735653,0.429266527251559,0.43361524878099716,True,pressure_curvature_r0.1,E5PSB2,False,False
121,35,34,cell,cell,11,5,3.6124035556762317,0.7180836793374384,0.7253582879035121,True,pressure_curvature_r0.1,E5PSB2,False,False
122,40,38,cell,cell,58,71,16.24095726259725,0.71789363268458,0.725166315966667,True,pressure_curvature_r0.1,E5PSB2,False,False
123,62,34,gap,cell,-1,5,12.431743866795083,,,False,pressure_curvature_r0.1,E5PSB2,False,False
124,41,34,cell,cell,31,5,34.45786742201642,0.16869160362793445,0.17040054844883437,True,pressure_curvature_r0.1,E5PSB2,False,False
125,35,41,cell,cell,11,31,47.40031230799203,0.4397482352771538,0.4442031426525931,True,pressure_curvature_r0.1,E5PSB2,False,False
126,40,39,cell,cell,58,9,10.549498620479074,0.6026624634212105,0.6087677874175729,True,pressure_curvature_r0.1,E5PSB2,False,False
127,64,36,outer,cell,-1,34,17.0,,,False,pressure_curvature_r0.1,E5PSB2,False,False
128,42,37,cell,cell,6,70,12.47179410432436,0.5357884531589253,0.5412163042340946,True,pressure_curvature_r0.1,E5PSB2,False,False
129,39,42,cell,cell,9,6,32.349753246243765,0.5234886268383012,0.5287918734634769,True,pressure_curvature_r0.1,E5PSB2,False,False
130,42,32,cell,cell,6,42,15.233713595540657,0.5836027809277894,0.5895150191689355,True,pressure_curvature_r0.1,E5PSB2,False,False
131,34,43,cell,cell,5,19,26.37326270844102,1.0515505298784626,1.0622033530972987,True,pressure_curvature_r0.1,E5PSB2,False,False
132,43,64,cell,outer,19,-1,24.0,,,False,pressure_curvature_r0.1,E5PSB2,False,False
133,41,43,cell,cell,31,19,28.850467344058604,0.8471458501387081,0.8557279341429275,True,pressure_curvature_r0.1,E5PSB2,False,False
134,32,41,cell,cell,42,31,4.17826124666495,0.6841292654113598,0.6910598958624725,True,pressure_curvature_r0.1,E5PSB2,False,False
135,44,39,cell,cell,48,9,15.990007798631886,0.9150961598817255,0.924366620351735,True,pressure_curvature_r0.1,E5PSB2,False,False
136,40,44,cell,cell,58,48,28.662711328798046,0.8969582801405753,0.9060449932575505,True,pressure_curvature_r0.1,E5PSB2,False,False
137,32,63,cell,gap,42,-1,5.5387328198956824,0.11866560119176195,0.11986775328596408,True,pressure_curvature_r0.1,E5PSB2,False,False
138,63,41,gap,cell,-1,31,5.121678947967588,0.5986502875567704,0.6047149658599469,True,pressure_curvature_r0.1,E5PSB2,False,False
139,42,63,cell,gap,6,-1,3.1427783206535542,0.16970649832382534,0.17142572462286051,True,pressure_curvature_r0.1,E5PSB2,False,False
140,36,44,cell,cell,34,48,9.009359590312279,1.1952207708403553,1.2073290578103737,True,pressure_curvature_r0.1,E5PSB2,False,False
141,42,41,cell,cell,6,31,7.400779735631865,0.7971472846292527,0.8052228538589236,True,pressure_curvature_r0.1,E5PSB2,False,False
142,45,36,cell,cell,32,34,54.178132521123985,1.1713653556554284,1.1832319732871162,True,pressure_curvature_r0.1,E5PSB2,False,False
143,64,45,outer,cell,-1,32,23.0,,,False,pressure_curvature_r0.1,E5PSB2,False,False
144,44,42,cell,cell,48,6,9.813822334208952,0.4296486032841671,0.4340011954677639,True,pressure_curvature_r0.1,E5PSB2,False,False
145,45,44,cell,cell,32,48,5.0,0.8752933896250034,0.8841606247024929,True,pressure_curvature_r0.1,E5PSB2,False,False
146,41,46,cell,cell,31,16,53.48753314408181,1.0376795339223777,1.0481918358218945,True,pressure_curvature_r0.1,E5PSB2,False,False
147,47,41,cell,cell,23,31,5.246405675175395,0.5916743056742947,0.5976683131921307,True,pressure_curvature_r0.1,E5PSB2,False,False
148,42,47,cell,cell,6,23,44.93356437240768,1.2100925631453894,1.2223515100883442,True,pressure_curvature_r0.1,E5PSB2,False,False
149,46,43,cell,cell,16,19,7.258585386641108,1.0783564877805432,1.0892808710648527,True,pressure_curvature_r0.1,E5PSB2,False,False
150,48,44,cell,cell,13,48,44.887189640288256,1.1310539531178732,1.1425121926139086,True,pressure_curvature_r0.1,E5PSB2,False,False
151,45,48,cell,cell,32,13,16.413304501011343,1.3313364307519602,1.3448236491391128,True,pressure_curvature_r0.1,E5PSB2,False,False
152,47,46,cell,cell,23,16,15.365969630797347,0.9366453323690437,0.9461340985870862,True,pressure_curvature_r0.1,E5PSB2,False,False
153,44,47,cell,cell,48,23,8.36173339030538,1.334884847307317,1.3484080132340284,True,pressure_curvature_r0.1,E5PSB2,False,False
154,49,43,cell,cell,10,19,22.259377511201613,1.6909469539051392,1.7080772376723519,True,pressure_curvature_r0.1,E5PSB2,False,False
155,46,49,cell,cell,16,10,18.855928661706276,1.3795000059892726,1.3934751496239637,True,pressure_curvature_r0.1,E5PSB2,False,False
156,43,50,cell,cell,19,52,22.30251051542401,1.4663666659669992,1.4812218197829037,True,pressure_curvature_r0.1,E5PSB2,False,False
157,48,47,cell,cell,13,23,14.796300846486304,0.8654428260435899,0.8742102691382341,True,pressure_curvature_r0.1,E5PSB2,False,False
158,43,51,cell,cell,19,25,2.0,2.164209230283195,2.1861339383059706,True,pressure_curvature_r0.1,E5PSB2,False,False
159,51,64,cell,outer,25,-1,70.12448474893256,,,False,pressure_curvature_r0.1,E5PSB2,False,False
160,50,51,cell,cell,52,25,28.378422773292435,0.8954586921970793,0.904530213609225,True,pressure_curvature_r0.1,E5PSB2,False,False
161,49,50,cell,cell,10,52,11.264816998043356,0.8350902879186848,0.8435502420114215,True,pressure_curvature_r0.1,E5PSB2,False,False
162,45,52,cell,cell,32,30,42.78574041372845,1.7083045459302115,1.7256106722785403,True,pressure_curvature_r0.1,E5PSB2,False,False
163,52,48,cell,cell,30,13,22.918729043584854,0.9924445071180339,1.0024985516821647,True,pressure_curvature_r0.1,E5PSB2,False,False
164,53,46,cell,cell,60,16,48.20689918797633,0.8570112253581723,0.8656932513958121,True,pressure_curvature_r0.1,E5PSB2,False,False
165,47,53,cell,cell,23,60,22.873800533228604,0.9180334442610693,0.9273336611434884,True,pressure_curvature_r0.1,E5PSB2,False,False
166,64,52,outer,cell,-1,30,5.0,,,False,pressure_curvature_r0.1,E5PSB2,False,False
167,49,51,cell,cell,10,25,27.14311512923526,1.3676801442750506,1.3815355457825353,True,pressure_curvature_r0.1,E5PSB2,False,False
168,48,54,cell,cell,13,53,33.013541096307215,1.3334887089866805,1.3469977312138777,True,pressure_curvature_r0.1,E5PSB2,False,False
169,54,47,cell,cell,53,23,14.402632082483837,0.8316579601223861,0.8400831427227369,True,pressure_curvature_r0.1,E5PSB2,False,False
170,53,49,cell,cell,60,10,22.40508929979635,1.31560762720934,1.3289355035973947,True,pressure_curvature_r0.1,E5PSB2,False,False
171,55,52,cell,cell,41,30,31.686301561843056,1.389899068437687,1.403979560670241,True,pressure_curvature_r0.1,E5PSB2,False,False
172,64,55,outer,cell,-1,41,42.124484748932566,,,False,pressure_curvature_r0.1,E5PSB2,False,False
173,52,54,cell,cell,30,53,5.729833133469634,1.0453555462875948,1.0559456106915552,True,pressure_curvature_r0.1,E5PSB2,False,False
174,56,47,cell,cell,40,23,17.749943490006306,0.9977326387145968,1.0078402551513628,True,pressure_curvature_r0.1,E5PSB2,False,False
175,52,57,cell,cell,30,49,27.858273771335636,1.2028067679117498,1.214991905478524,True,pressure_curvature_r0.1,E5PSB2,False,False
176,54,56,cell,cell,53,40,8.084299706426492,0.8617522255944398,0.8704822807433418,True,pressure_curvature_r0.1,E5PSB2,False,False
177,57,54,cell,cell,49,53,7.361862115846336,0.7583997722402753,0.7660828064581507,True,pressure_curvature_r0.1,E5PSB2,False,False
178,53,51,cell,cell,60,25,1.0,1.4651480898950466,1.4799908988210917,True,pressure_curvature_r0.1,E5PSB2,False,False
179,55,57,cell,cell,41,49,1.0,0.9940873224372235,1.0041580096834501,True,pressure_curvature_r0.1,E5PSB2,False,False
180,53,64,cell,outer,60,-1,67.0,,,False,pressure_curvature_r0.1,E5PSB2,False,False
181,47,64,cell,outer,23,-1,31.0,,,False,pressure_curvature_r0.1,E5PSB2,False,False
182,56,64,cell,outer,40,-1,20.0,,,False,pressure_curvature_r0.1,E5PSB2,False,False
183,54,64,cell,outer,53,-1,39.0,,,False,pressure_curvature_r0.1,E5PSB2,False,False
184,57,64,cell,outer,49,-1,29.0,,,False,pressure_curvature_r0.1,E5PSB2,False,False
0,0,64,cell,outer,54,-1,120.12448474893256,,,False,pressure_curvature_r0.01,E5PSB2,False,False
1,64,1,outer,cell,-1,7,36.0,,,False,pressure_curvature_r0.01,E5PSB2,False,False
2,64,2,outer,cell,-1,51,22.0,,,False,pressure_curvature_r0.01,E5PSB2,False,False
3,64,3,outer,cell,-1,8,10.0,,,False,pressure_curvature_r0.01,E5PSB2,False,False
4,64,4,outer,cell,-1,55,30.0,,,False,pressure_curvature_r0.01,E5PSB2,False,False
5,64,5,outer,cell,-1,29,36.0,,,False,pressure_curvature_r0.01,E5PSB2,False,False
6,64,6,outer,cell,-1,44,38.124484748932566,,,False,pressure_curvature_r0.01,E5PSB2,False,False
7,1,0,cell,cell,7,54,24.956836106769263,0.30947055440007476,0.33540353062414974,True,pressure_curvature_r0.01,E5PSB2,False,False
8,2,1,cell,cell,51,7,11.459709420702954,1.9725491644118343,2.1378446015841233,True,pressure_curvature_r0.01,E5PSB2,False,False
9,3,2,cell,cell,8,51,17.67844231796092,1.2247915175322799,1.3274264495218082,True,pressure_curvature_r0.01,E5PSB2,False,False
10,4,3,cell,cell,55,8,27.42209956339758,0.09811223621900506,0.10633383356641869,True,pressure_curvature_r0.01,E5PSB2,False,False
11,5,4,cell,cell,29,55,20.22351207189415,1.2616589367665743,1.3673832803102952,True,pressure_curvature_r0.01,E5PSB2,False,False
12,6,5,cell,cell,44,29,17.267867410478573,1.1754486970443607,1.2739488053088255,True,pressure_curvature_r0.01,E5PSB2,False,False
13,7,6,cell,cell,15,44,19.81719421283434,2.2450060092234234,2.4331327522441235,True,pressure_curvature_r0.01,E5PSB2,False,False
14,64,7,outer,cell,-1,15,21.0,,,False,pressure_curvature_r0.01,E5PSB2,False,False
15,3,1,cell,cell,8,7,21.248627263059085,1.912645008257504,2.0729206041712764,True,pressure_curvature_r0.01,E5PSB2,False,False
16,6,8,cell,cell,44,56,5.0,1.9276581823217882,2.0891918503865985,True,pressure_curvature_r0.01,E5PSB2,False,False
17,8,5,cell,cell,56,29,33.82299687534484,1.0262152876916824,1.1122099527029659,True,pressure_curvature_r0.01,E5PSB2,False,False
18,7,8,cell,cell,15,56,11.124249268759064,0.9794737448808243,1.061551567720353,True,pressure_curvature_r0.01,E5PSB2,False,False
19,9,0,cell,cell,22,54,61.62936057454358,1.3454537246265994,1.458199893705509,True,pressure_curvature_r0.01,E5PSB2,False,False
20,1,9,cell,cell,7,22,32.21008776980574,1.5388439856667768,1.667795848535342,True,pressure_curvature_r0.01,E5PSB2,False,False
21,10,4,cell,cell,14,55,8.313418350323149,1.5584190350319145,1.689011245528238,True,pressure_curvature_r0.01,E5PSB2,False,False
22,5,10,cell,cell,29,14,29.15627834729369,1.5251619598032686,1.6529672979173111,True,pressure_curvature_r0.01,E5PSB2,False,False
23,10,3,cell,cell,14,8,25.25650149480723,1.6774553559073566,1.8180225576756233,True,pressure_curvature_r0.01,E5PSB2,False,False
24,11,8,cell,cell,3,56,29.381336958990417,1.0297495675207204,1.1160403976872104,True,pressure_curvature_r0.01,E5PSB2,False,False
25,7,11,cell,cell,15,3,17.248755988600042,1.1833601481430378,1.2825232192332798,True,pressure_curvature_r0.01,E5PSB2,False,False
26,64,11,outer,cell,-1,3,25.0,,,False,pressure_curvature_r0.01,E5PSB2,False,False
27,12,1,cell,cell,26,7,15.859980173075467,2.8781879991452657,3.1193740502542173,True,pressure_curvature_r0.01,E5PSB2,False,False
28,3,12,cell,cell,8,26,18.124249268759066,2.181927655504809,2.3647685662420153,True,pressure_curvature_r0.01,E5PSB2,False,False
29,10,12,cell,cell,14,26,12.619994745907096,0.9976158089204716,1.0812138982561388,True,pressure_curvature_r0.01,E5PSB2,False,False
30,8,10,cell,cell,56,14,10.794076138810158,1.0100801311324552,1.094722704238797,True,pressure_curvature_r0.01,E5PSB2,False,False
31,0,13,cell,cell,54,57,23.753522228928766,0.7662510640251399,0.8304612783492697,True,pressure_curvature_r0.01,E5PSB2,False,False
32,13,64,cell,outer,57,-1,14.0,,,False,pressure_curvature_r0.01,E5PSB2,False,False
33,9,13,cell,cell,22,57,10.124249268759064,1.2716829615276803,1.3782472970903616,True,pressure_curvature_r0.01,E5PSB2,False,False
34,14,1,cell,cell,12,7,23.124249268759062,2.8774370649882823,3.1185601894072406,True,pressure_curvature_r0.01,E5PSB2,False,False
35,12,14,cell,cell,26,12,16.37467442281385,1.3490762724713272,1.4621260033779848,True,pressure_curvature_r0.01,E5PSB2,False,False
36,11,10,cell,cell,3,14,8.305917087335416,0.7965162057543826,0.8632625747779611,True,pressure_curvature_r0.01,E5PSB2,False,False
37,14,9,cell,cell,12,22,25.199174398698872,2.826971934698106,3.063866188210438,True,pressure_curvature_r0.01,E5PSB2,False,False
38,10,15,cell,cell,14,28,56.37895391237143,0.8244605078099321,0.8935485500896617,True,pressure_curvature_r0.01,E5PSB2,False,False
39,15,12,cell,cell,28,26,11.245439860468203,0.7446979463103185,0.8071020550734954,True,pressure_curvature_r0.01,E5PSB2,False,False
40,13,16,cell,cell,57,59,24.24862726305908,2.1582962180387195,2.3391568644269096,True,pressure_curvature_r0.01,E5PSB2,False,False
41,17,10,cell,cell,4,14,5.048505018588893,1.1634695604197662,1.2609658424369399,True,pressure_curvature_r0.01,E5PSB2,False,False
42,11,17,cell,cell,3,4,43.451993421404744,0.8152626661017053,0.8835799487503784,True,pressure_curvature_r0.01,E5PSB2,False,False
43,9,16,cell,cell,22,59,50.35191660238648,2.641215894800535,2.862544186066538,True,pressure_curvature_r0.01,E5PSB2,False,False
44,16,64,cell,outer,59,-1,17.0,,,False,pressure_curvature_r0.01,E5PSB2,False,False
45,18,12,cell,cell,21,26,23.713362078527737,0.722367688255338,0.7829005687449887,True,pressure_curvature_r0.01,E5PSB2,False,False
46,15,18,cell,cell,28,21,26.38188755583402,0.7646157562492972,0.8286889352494939,True,pressure_curvature_r0.01,E5PSB2,False,False
47,17,15,cell,cell,4,28,23.41748967729184,1.1812654906640738,1.2802530338993157,True,pressure_curvature_r0.01,E5PSB2,False,False
48,64,17,outer,cell,-1,4,39.0,,,False,pressure_curvature_r0.01,E5PSB2,False,False
49,14,16,cell,cell,12,59,7.948345799777326,0.4086458855148074,0.4428895441842572,True,pressure_curvature_r0.01,E5PSB2,False,False
50,58,14,gap,cell,-1,12,13.194268641504232,,,False,pressure_curvature_r0.01,E5PSB2,False,False
51,12,59,cell,gap,26,-1,4.178261246664951,0.49557679626199325,0.5371050809144035,True,pressure_curvature_r0.01,E5PSB2,False,False
52,59,14,gap,cell,-1,12,7.902510886508603,0.9450604800164379,1.0242545442339195,True,pressure_curvature_r0.01,E5PSB2,False,False
53,18,59,cell,gap,21,-1,5.807241748715275,0.2898968151239386,0.31418955350293554,True,pressure_curvature_r0.01,E5PSB2,False,False
54,19,16,cell,cell,39,59,33.84263192944172,0.730707416413944,0.7919391484388293,True,pressure_curvature_r0.01,E5PSB2,False,False
55,14,19,cell,cell,12,39,20.6235267437442,0.5688112411411881,0.6164764169802806,True,pressure_curvature_r0.01,E5PSB2,False,False
56,18,14,cell,cell,21,12,8.68728603533965,1.0998858490716643,1.1920539509076078,True,pressure_curvature_r0.01,E5PSB2,False,False
57,16,20,cell,cell,59,35,41.825232836528485,0.6526444260995422,0.7073346450692419,True,pressure_curvature_r0.01,E5PSB2,False,False
58,20,64,cell,outer,35,-1,28.0,,,False,pressure_curvature_r0.01,E5PSB2,False,False
59,18,21,cell,cell,21,33,37.82711308325193,0.2927019740172051,0.3172297787630971,True,pressure_curvature_r0.01,E5PSB2,False,False
60,21,14,cell,cell,33,12,5.8482194362705675,1.2154827127596608,1.3173375866486345,True,pressure_curvature_r0.01,E5PSB2,False,False
61,15,22,cell,cell,28,18,26.40559355667254,0.9632730275085513,1.0439932645860273,True,pressure_curvature_r0.01,E5PSB2,False,False
62,22,18,cell,cell,18,21,18.63754078978221,0.5254937638423365,0.5695290269388235,True,pressure_curvature_r0.01,E5PSB2,False,False
63,14,23,cell,cell,12,24,32.30238178988306,0.6228575550300881,0.6750516973674531,True,pressure_curvature_r0.01,E5PSB2,False,False
64,23,19,cell,cell,24,39,32.356712719996665,0.5376645625114831,0.5827197127281739,True,pressure_curvature_r0.01,E5PSB2,False,False
65,19,20,cell,cell,39,35,21.60297279734913,0.43417031989807175,0.47055287204408297,True,pressure_curvature_r0.01,E5PSB2,False,False
66,21,23,cell,cell,33,24,37.35381156747492,1.1926065089426718,1.2925444054609452,True,pressure_curvature_r0.01,E5PSB2,False,False
67,24,15,cell,cell,20,28,20.055023046445974,0.748312216869625,0.8110191938415838,True,pressure_curvature_r0.01,E5PSB2,False,False
68,17,24,cell,cell,4,20,25.899106552671654,1.1932021794945826,1.2931899919419823,True,pressure_curvature_r0.01,E5PSB2,False,False
69,24,22,cell,cell,20,18,30.64820640008355,0.7219225586255757,0.7824181381961531,True,pressure_curvature_r0.01,E5PSB2,False,False
70,25,18,cell,cell,67,21,8.580858055862166,0.34069706007941897,0.36924675126338147,True,pressure_curvature_r0.01,E5PSB2,False,False
71,22,25,cell,cell,18,67,32.16923851938779,0.4377780948758898,0.47446297091472805,True,pressure_curvature_r0.01,E5PSB2,False,False
72,25,21,cell,cell,67,33,27.14657427487212,0.4181175763522096,0.45315494262904166,True,pressure_curvature_r0.01,E5PSB2,False,False
73,26,17,cell,cell,17,4,26.459708333788534,0.8789318741486128,0.9525845014205796,True,pressure_curvature_r0.01,E5PSB2,False,False
74,64,26,outer,cell,-1,17,43.0,,,False,pressure_curvature_r0.01,E5PSB2,False,False
75,20,27,cell,cell,35,38,39.658775557671994,2.1402010074777236,2.319545313591933,True,pressure_curvature_r0.01,E5PSB2,False,False
76,26,24,cell,cell,17,20,30.697920080758482,0.4247266827887076,0.46031787817025804,True,pressure_curvature_r0.01,E5PSB2,False,False
77,19,27,cell,cell,39,38,32.42688850972404,2.01922433789888,2.188431055634325,True,pressure_curvature_r0.01,E5PSB2,False,False
78,27,64,cell,outer,38,-1,30.0,,,False,pressure_curvature_r0.01,E5PSB2,False,False
79,23,27,cell,cell,24,38,42.882932912346426,1.5711741606461023,1.7028352236215543,True,pressure_curvature_r0.01,E5PSB2,False,False
80,24,25,cell,cell,20,67,10.096401248112127,0.6666682380124827,0.7225336226828876,True,pressure_curvature_r0.01,E5PSB2,False,False
81,21,28,cell,cell,33,37,49.81171988919995,0.8417598298683983,0.9122975186532841,True,pressure_curvature_r0.01,E5PSB2,True,True
82,28,23,cell,cell,37,24,1.4169730060943293,1.3856771673662867,1.5017939756526675,True,pressure_curvature_r0.01,E5PSB2,False,False
83,28,27,cell,cell,37,38,54.65418955362059,1.2681689755090424,1.3744388464947956,True,pressure_curvature_r0.01,E5PSB2,False,False
84,25,28,cell,cell,67,37,5.129817481141764,1.270404554599383,1.3768617623723445,True,pressure_curvature_r0.01,E5PSB2,False,True
85,25,60,cell,gap,67,-1,11.54544864244327,0.08946954837717158,0.09696690681032452,True,pressure_curvature_r0.01,E5PSB2,False,False
86,60,28,gap,cell,-1,37,10.259634962283526,1.2895503193887785,1.3976119016523523,True,pressure_curvature_r0.01,E5PSB2,False,False
87,25,28,cell,cell,67,37,3.0,1.4254657259639445,1.5449167310888696,True,pressure_curvature_r0.01,E5PSB2,False,True
88,24,28,cell,cell,20,37,32.14165147102032,1.1303957534300462,1.225120520554739,True,pressure_curvature_r0.01,E5PSB2,False,False
89,26,61,cell,gap,17,-1,8.257352001768833,0.3201443891288476,0.34697181006924643,True,pressure_curvature_r0.01,E5PSB2,False,False
90,61,24,gap,cell,-1,20,4.17826124666495,0.3000067589686076,0.3251466892035754,True,pressure_curvature_r0.01,E5PSB2,False,False
91,27,29,cell,cell,38,36,92.37529257129268,0.702489074685924,0.7613561695112082,True,pressure_curvature_r0.01,E5PSB2,False,False
92,29,64,cell,outer,36,-1,51.0,,,False,pressure_curvature_r0.01,E5PSB2,False,False
93,30,24,cell,cell,2,20,23.843158143458805,1.023873604451033,1.1096720413723071,True,pressure_curvature_r0.01,E5PSB2,False,False
94,61,30,gap,cell,-1,2,5.178132521123993,0.947383685449887,1.026772429356317,True,pressure_curvature_r0.01,E5PSB2,False,False
95,26,30,cell,cell,17,2,19.962651820707386,1.2605922194993064,1.3662271743980123,True,pressure_curvature_r0.01,E5PSB2,False,False
96,30,28,cell,cell,2,37,16.4375235749727,0.6342230004733586,0.6873695430383565,True,pressure_curvature_r0.01,E5PSB2,False,False
97,64,30,outer,cell,-1,2,18.0,,,False,pressure_curvature_r0.01,E5PSB2,False,False
98,30,31,cell,cell,2,1,45.87963652299351,0.5713414524351174,0.6192186546153089,True,pressure_curvature_r0.01,E5PSB2,False,False
99,31,28,cell,cell,1,37,22.49061533137481,0.5320185009487752,0.5766005231790273,True,pressure_curvature_r0.01,E5PSB2,False,False
100,64,31,outer,cell,-1,1,19.0,,,False,pressure_curvature_r0.01,E5PSB2,False,False
101,32,27,cell,cell,42,38,24.063864384835416,1.2108130242660673,1.3122765881613878,True,pressure_curvature_r0.01,E5PSB2,False,False
102,28,32,cell,cell,37,42,20.724666698957797,0.9089626063573524,0.9851317453080167,True,pressure_curvature_r0.01,E5PSB2,False,False
103,33,28,cell,cell,27,37,15.28033008273577,0.3929087150933991,0.4258336322523238,True,pressure_curvature_r0.01,E5PSB2,False,False
104,31,33,cell,cell,1,27,56.96224266193954,-0.08395722943808903,-0.09099266723306085,True,pressure_curvature_r0.01,E5PSB2,False,False
105,29,34,cell,cell,36,5,54.64411032604024,1.0519110798710543,1.1400589977788476,True,pressure_curvature_r0.01,E5PSB2,False,False
106,27,35,cell,cell,38,11,14.124249268759066,1.393446650517149,1.5102145250163241,True,pressure_curvature_r0.01,E5PSB2,False,False
107,35,29,cell,cell,11,36,23.777972144030194,0.9343418023794852,1.0126376641400272,True,pressure_curvature_r0.01,E5PSB2,False,False
108,64,33,outer,cell,-1,27,25.0,,,False,pressure_curvature_r0.01,E5PSB2,False,False
109,32,35,cell,cell,42,11,33.41308538079974,0.5537182436861527,0.6001186583433286,True,pressure_curvature_r0.01,E5PSB2,False,False
110,34,64,cell,outer,5,-1,27.0,,,False,pressure_curvature_r0.01,E5PSB2,False,False
111,36,28,cell,cell,34,37,16.540551692502827,0.7389887487863844,0.8009144389034523,True,pressure_curvature_r0.01,E5PSB2,False,False
112,33,36,cell,cell,27,34,54.93002222078885,1.0420067944471614,1.1293247542385445,True,pressure_curvature_r0.01,E5PSB2,False,False
113,28,37,cell,cell,37,70,6.414341516820876,0.9969315278383895,1.0804722758704013,True,pressure_curvature_r0.01,E5PSB2,False,False
114,37,32,cell,cell,70,42,22.751669324548068,0.5203010176253184,0.5639011396000769,True,pressure_curvature_r0.01,E5PSB2,False,False
115,28,38,cell,cell,37,71,36.095791645860245,0.7089067731880407,0.7683116575390242,True,pressure_curvature_r0.01,E5PSB2,False,False
116,28,39,cell,cell,37,9,14.124249268759067,0.9354205418513191,1.0138067996921254,True,pressure_curvature_r0.01,E5PSB2,False,False
117,40,28,cell,cell,58,37,11.45829274255942,0.8883349228464368,0.9627755056600453,True,pressure_curvature_r0.01,E5PSB2,False,False
118,39,37,cell,cell,9,70,17.41310589416349,0.47764875697686704,0.5176747099537266,True,pressure_curvature_r0.01,E5PSB2,False,False
119,36,40,cell,cell,34,58,32.04342328876997,0.20092981080094896,0.21776730287288493,True,pressure_curvature_r0.01,E5PSB2,False,False
120,38,39,cell,cell,71,9,30.39179137735653,0.3103387648205521,0.3363444952368163,True,pressure_curvature_r0.01,E5PSB2,False,False
121,35,34,cell,cell,11,5,3.6124035556762317,0.6110024690278462,0.6622031802970227,True,pressure_curvature_r0.01,E5PSB2,False,False
122,40,38,cell,cell,58,71,16.24095726259725,0.5235575490508981,0.5674305614536207,True,pressure_curvature_r0.01,E5PSB2,False,False
123,62,34,gap,cell,-1,5,12.431743866795083,,,False,pressure_curvature_r0.01,E5PSB2,False,False
124,41,34,cell,cell,31,5,34.45786742201642,0.06267096393559846,0.06792265781914857,True,pressure_curvature_r0.01,E5PSB2,False,False
125,35,41,cell,cell,11,31,47.40031230799203,0.3045692557798164,0.3300915135727545,True,pressure_curvature_r0.01,E5PSB2,False,False
126,40,39,cell,cell,58,9,10.549498620479074,0.41817006117275546,0.4532118255662548,True,pressure_curvature_r0.01,E5PSB2,False,False
127,64,36,outer,cell,-1,34,17.0,,,False,pressure_curvature_r0.01,E5PSB2,False,False
128,42,37,cell,cell,6,70,12.47179410432436,0.38717792855436695,0.4196226179534969,True,pressure_curvature_r0.01,E5PSB2,False,False
129,39,42,cell,cell,9,6,32.349753246243765,0.3469012787890904,0.3759708703448307,True,pressure_curvature_r0.01,E5PSB2,False,False
130,42,32,cell,cell,6,42,15.233713595540657,0.42565421204825815,0.46132313241492606,True,pressure_curvature_r0.01,E5PSB2,False,False
131,34,43,cell,cell,5,19,26.37326270844102,1.0844084128624047,1.1752795383640329,True,pressure_curvature_r0.01,E5PSB2,False,False
132,43,64,cell,outer,19,-1,24.0,,,False,pressure_curvature_r0.01,E5PSB2,False,False
133,41,43,cell,cell,31,19,28.850467344058604,0.9056085728074368,0.9814966508588717,True,pressure_curvature_r0.01,E5PSB2,False,False
134,32,41,cell,cell,42,31,4.17826124666495,0.5456051085692346,0.591325659707577,True,pressure_curvature_r0.01,E5PSB2,False,False
135,44,39,cell,cell,48,9,15.990007798631886,0.6725557906233696,0.728914539717967,True,pressure_curvature_r0.01,E5PSB2,False,False
136,40,44,cell,cell,58,48,28.662711328798046,0.694262589747421,0.7524403225791823,True,pressure_curvature_r0.01,E5PSB2,False,False
137,32,63,cell,gap,42,-1,5.5387328198956824,0.08272862591351893,0.08966110933839484,True,pressure_curvature_r0.01,E5PSB2,False,False
138,63,41,gap,cell,-1,31,5.121678947967588,0.47969580249868093,0.519893293549493,True,pressure_curvature_r0.01,E5PSB2,False,False
139,42,63,cell,gap,6,-1,3.1427783206535542,0.11902988686755478,0.12900433898328048,True,pressure_curvature_r0.01,E5PSB2,False,False
140,36,44,cell,cell,34,48,9.009359590312279,0.9529063814023429,1.0327579155186701,True,pressure_curvature_r0.01,E5PSB2,False,False
141,42,41,cell,cell,6,31,7.400779735631865,0.6403160911421025,0.6939732217846963,True,pressure_curvature_r0.01,E5PSB2,False,False
142,45,36,cell,cell,32,34,54.178132521123985,0.943244398521824,1.0222862789610714,True,pressure_curvature_r0.01,E5PSB2,False,False
143,64,45,outer,cell,-1,32,23.0,,,False,pressure_curvature_r0.01,E5PSB2,False,False
144,44,42,cell,cell,48,6,9.813822334208952,0.3064063113705505,0.3320825105265019,True,pressure_curvature_r0.01,E5PSB2,False,False
145,45,44,cell,cell,32,48,5.0,0.7404670869690688,0.8025166586910183,True,pressure_curvature_r0.01,E5PSB2,False,False
146,41,46,cell,cell,31,16,53.48753314408181,1.0840656627148797,1.1749080664809495,True,pressure_curvature_r0.01,E5PSB2,False,False
147,47,41,cell,cell,23,31,5.246405675175395,0.5325569212089787,0.5771840619153117,True,pressure_curvature_r0.01,E5PSB2,False,False
148,42,47,cell,cell,6,23,44.93356437240768,1.0246446404790153,1.1105076885844467,True,pressure_curvature_r0.01,E5PSB2,False,False
149,46,43,cell,cell,16,19,7.258585386641108,1.2855788138558566,1.393307592377379,True,pressure_curvature_r0.01,E5PSB2,False,False
150,48,44,cell,cell,13,48,44.887189640288256,0.9850232660079159,1.0675661269500933,True,pressure_curvature_r0.01,E5PSB2,False,False
151,45,48,cell,cell,32,13,16.413304501011343,1.1920470013016695,1.291938012266067,True,pressure_curvature_r0.01,E5PSB2,False,False
152,47,46,cell,cell,23,16,15.365969630797347,0.9110207304727094,0.9873623358599729,True,pressure_curvature_r0.01,E5PSB2,False,False
153,44,47,cell,cell,48,23,8.36173339030538,1.1482474270119827,1.244468126528233,True,pressure_curvature_r0.01,E5PSB2,False,False
154,49,43,cell,cell,10,19,22.259377511201613,2.2949094464553372,2.4872179916954558,True,pressure_curvature_r0.01,E5PSB2,False,False
155,46,49,cell,cell,16,10,18.855928661706276,1.7973225577829206,1.9479343768890514,True,pressure_curvature_r0.01,E5PSB2,False,False
156,43,50,cell,cell,19,52,22.30251051542401,2.116390803067624,2.2937398645419855,True,pressure_curvature_r0.01,E5PSB2,False,False
157,48,47,cell,cell,13,23,14.796300846486304,0.7401242924173037,0.8021451386827138,True,pressure_curvature_r0.01,E5PSB2,False,False
158,43,51,cell,cell,19,25,2.0,3.0813596787116246,3.339571085741154,True,pressure_curvature_r0.01,E5PSB2,False,False
159,51,64,cell,outer,25,-1,70.12448474893256,,,False,pressure_curvature_r0.01,E5PSB2,False,False
160,50,51,cell,cell,52,25,28.378422773292435,1.1748495599409052,1.2732994617865752,True,pressure_curvature_r0.01,E5PSB2,False,False
161,49,50,cell,cell,10,52,11.264816998043356,1.092296226446276,1.1838283340000642,True,pressure_curvature_r0.01,E5PSB2,False,False
162,45,52,cell,cell,32,30,42.78574041372845,1.5575968828470041,1.688120198733612,True,pressure_curvature_r0.01,E5PSB2,False,False
163,52,48,cell,cell,30,13,22.918729043584854,0.8800549307951531,0.9538016678326497,True,pressure_curvature_r0.01,E5PSB2,False,False
164,53,46,cell,cell,60,16,48.20689918797633,0.9676035648780715,1.0486866918041762,True,pressure_curvature_r0.01,E5PSB2,False,False
165,47,53,cell,cell,23,60,22.873800533228604,0.8431047991974165,0.9137551935600565,True,pressure_curvature_r0.01,E5PSB2,False,False
166,64,52,outer,cell,-1,30,5.0,,,False,pressure_curvature_r0.01,E5PSB2,False,False
167,49,51,cell,cell,10,25,27.14311512923526,1.7512823008257516,1.8980360440275847,True,pressure_curvature_r0.01,E5PSB2,False,False
168,48,54,cell,cell,13,53,33.013541096307215,1.150678382985304,1.247102791457258,True,pressure_curvature_r0.01,E5PSB2,False,False
169,54,47,cell,cell,53,23,14.402632082483837,0.7122863409371001,0.7719744258990557,True,pressure_curvature_r0.01,E5PSB2,False,False
170,53,49,cell,cell,60,10,22.40508929979635,1.6752875915829353,1.8156731392975762,True,pressure_curvature_r0.01,E5PSB2,False,False
171,55,52,cell,cell,41,30,31.686301561843056,1.217007007020828,1.3189896135366102,True,pressure_curvature_r0.01,E5PSB2,False,False
172,64,55,outer,cell,-1,41,42.124484748932566,,,False,pressure_curvature_r0.01,E5PSB2,False,False
173,52,54,cell,cell,30,53,5.729833133469634,0.8880261889539434,0.9624409005220335,True,pressure_curvature_r0.01,E5PSB2,False,False
174,56,47,cell,cell,40,23,17.749943490006306,0.8945388567051664,0.9694993160206478,True,pressure_curvature_r0.01,E5PSB2,False,False
175,52,57,cell,cell,30,49,27.858273771335636,1.0395259864756414,1.1266360598195833,True,pressure_curvature_r0.01,E5PSB2,False,False
176,54,56,cell,cell,53,40,8.084299706426492,0.753894444014251,0.8170691997837746,True,pressure_curvature_r0.01,E5PSB2,False,False
177,57,54,cell,cell,49,53,7.361862115846336,0.6177070791069803,0.669469622483612,True,pressure_curvature_r0.01,E5PSB2,False,False
178,53,51,cell,cell,60,25,1.0,1.8253274752484938,1.9782860470536003,True,pressure_curvature_r0.01,E5PSB2,False,False
179,55,57,cell,cell,41,49,1.0,0.8444644107039524,0.9152287376277736,True,pressure_curvature_r0.01,E5PSB2,False,False
180,53,64,cell,outer,60,-1,67.0,,,False,pressure_curvature_r0.01,E5PSB2,False,False
181,47,64,cell,outer,23,-1,31.0,,,False,pressure_curvature_r0.01,E5PSB2,False,False
182,56,64,cell,outer,40,-1,20.0,,,False,pressure_curvature_r0.01,E5PSB2,False,False
183,54,64,cell,outer,53,-1,39.0,,,False,pressure_curvature_r0.01,E5PSB2,False,False
184,57,64,cell,outer,49,-1,29.0,,,False,pressure_curvature_r0.01,E5PSB2,False,False
0,0,44,cell,outer,42,-1,137.12448474893256,,,False,tension_only_r0.1,E8PSB1,False,False
1,44,1,outer,cell,-1,10,23.0,,,False,tension_only_r0.1,E8PSB1,False,False
2,44,2,outer,cell,-1,20,42.0,,,False,tension_only_r0.1,E8PSB1,False,False
3,44,3,outer,cell,-1,22,34.0,,,False,tension_only_r0.1,E8PSB1,False,False
4,44,4,outer,cell,-1,16,26.0,,,False,tension_only_r0.1,E8PSB1,False,False
5,44,5,outer,cell,-1,30,25.0,,,False,tension_only_r0.1,E8PSB1,False,False
6,44,6,outer,cell,-1,3,90.12448474893256,,,False,tension_only_r0.1,E8PSB1,False,False
7,1,0,cell,cell,10,42,10.1967995986131,0.9308469198269217,0.9930390223774853,True,tension_only_r0.1,E8PSB1,False,False
8,2,1,cell,cell,20,10,7.306335431231097,2.108936429986402,2.2498395021593445,True,tension_only_r0.1,E8PSB1,False,False
9,3,2,cell,cell,22,20,10.551672191003563,0.6822101939159665,0.7277902838720579,True,tension_only_r0.1,E8PSB1,False,False
10,4,3,cell,cell,16,22,20.766549959399075,0.31726938611950534,0.3384669104142277,True,tension_only_r0.1,E8PSB1,False,False
11,5,4,cell,cell,30,16,15.763672396145253,1.8359671157140156,1.9586324570369253,True,tension_only_r0.1,E8PSB1,False,False
12,6,5,cell,cell,3,30,11.888608440353302,1.1038252584576933,1.1775744563222226,True,tension_only_r0.1,E8PSB1,False,False
13,2,7,cell,cell,20,19,35.735572095173865,0.9900575105414069,1.0562056138600446,True,tension_only_r0.1,E8PSB1,False,False
14,7,1,cell,cell,19,10,47.26682430167668,1.2532473955313872,1.336979842708209,True,tension_only_r0.1,E8PSB1,False,False
15,8,0,cell,cell,5,42,79.46275077177728,0.9525269618289174,1.0161675596871083,True,tension_only_r0.1,E8PSB1,False,False
16,1,8,cell,cell,10,5,41.684674252763685,0.09901255419273164,0.10562781905850846,True,tension_only_r0.1,E8PSB1,False,False
17,9,2,cell,cell,23,20,14.512462323473326,0.5000991381533393,0.5335119541846411,True,tension_only_r0.1,E8PSB1,False,False
18,3,9,cell,cell,22,23,44.813045129078084,0.724011660287845,0.7723846058982766,True,tension_only_r0.1,E8PSB1,False,False
19,10,5,cell,cell,1,30,6.1781325211239935,1.6280409266443587,1.7368142234236046,True,tension_only_r0.1,E8PSB1,False,False
20,6,10,cell,cell,3,1,58.59171003793621,1.206252897895177,1.2868455306148086,True,tension_only_r0.1,E8PSB1,False,False
21,10,4,cell,cell,1,16,13.129688755600807,1.3722649291173983,1.4639492215401306,True,tension_only_r0.1,E8PSB1,False,False
22,4,9,cell,cell,16,23,25.121365323468375,0.8867970742407576,0.9460461015598529,True,tension_only_r0.1,E8PSB1,False,False
23,9,7,cell,cell,23,19,96.56384732320225,0.8797595976857877,0.9385384344136253,True,tension_only_r0.1,E8PSB1,False,False
24,10,9,cell,cell,1,23,45.68226451739726,1.6172149352774314,1.725264921756173,True,tension_only_r0.1,E8PSB1,False,False
25,6,11,cell,cell,3,39,9.0,1.2162059918018575,1.2974636144610323,True,tension_only_r0.1,E8PSB1,False,False
26,11,10,cell,cell,39,1,34.3381432307347,0.6809745088121048,0.7264720396996075,True,tension_only_r0.1,E8PSB1,False,False
27,44,11,outer,cell,-1,39,33.0,,,False,tension_only_r0.1,E8PSB1,False,False
28,1,12,cell,cell,10,11,33.55961045956222,0.28465509475697437,0.303673580468844,True,tension_only_r0.1,E8PSB1,False,False
29,7,13,cell,cell,19,31,76.52326431038301,1.2858198037489237,1.3717284911958,True,tension_only_r0.1,E8PSB1,False,False
30,12,8,cell,cell,11,5,22.37509488982295,0.2896271809867976,0.30897786363686297,True,tension_only_r0.1,E8PSB1,False,False
31,13,1,cell,cell,31,10,15.156842264203007,0.6098270734178481,0.6505710744778342,True,tension_only_r0.1,E8PSB1,False,False
32,13,12,cell,cell,31,11,20.124249268759062,0.48834616817697785,0.5209737402562672,True,tension_only_r0.1,E8PSB1,False,False
33,14,8,cell,cell,15,5,17.836242751423878,0.42494584619096304,0.453337491564467,True,tension_only_r0.1,E8PSB1,False,False
34,12,14,cell,cell,11,15,35.806044118723875,0.3189284498392667,0.34023682013755807,True,tension_only_r0.1,E8PSB1,False,False
35,15,9,cell,cell,21,23,29.371838190094834,1.6083617649547883,1.7158202500116788,True,tension_only_r0.1,E8PSB1,False,False
36,10,15,cell,cell,1,21,31.284742550740507,2.2257984594369495,2.3745093624841744,True,tension_only_r0.1,E8PSB1,False,False
37,16,10,cell,cell,40,1,7.8132891984797315,0.6915901918880341,0.7377969818775868,True,tension_only_r0.1,E8PSB1,False,False
38,11,16,cell,cell,39,40,16.0,0.26663075907970946,0.2844449959414516,True,tension_only_r0.1,E8PSB1,False,False
39,44,16,outer,cell,-1,40,18.0,,,False,tension_only_r0.1,E8PSB1,False,False
40,15,7,cell,cell,21,19,1.4169730060943293,1.3808951981938953,1.4731560994746602,True,tension_only_r0.1,E8PSB1,False,False
41,13,14,cell,cell,31,15,37.849335354305765,0.5747664655382481,0.6131679837750235,True,tension_only_r0.1,E8PSB1,False,False
42,15,13,cell,cell,21,31,9.124249268759064,1.5303173197791409,1.6325614693373778,True,tension_only_r0.1,E8PSB1,False,False
43,8,17,cell,cell,5,33,17.868227732103012,0.9375997679718475,1.0002430444108263,True,tension_only_r0.1,E8PSB1,False,True
44,17,0,cell,cell,33,42,21.705046871847205,1.181136782129292,1.2600513472589547,True,tension_only_r0.1,E8PSB1,False,False
45,10,18,cell,cell,1,8,2.2360802701559255,2.0958525312693372,2.2358814369671687,True,tension_only_r0.1,E8PSB1,False,False
46,18,15,cell,cell,8,21,49.248995785146974,0.1095832422983758,0.11690476004493615,True,tension_only_r0.1,E8PSB1,False,False
47,16,18,cell,cell,40,8,9.32284171572283,2.1407211322198934,2.283747816147615,True,tension_only_r0.1,E8PSB1,False,False
48,14,17,cell,cell,15,33,49.436489100024026,1.0934134923015257,1.1664670552397052,True,tension_only_r0.1,E8PSB1,False,True
49,19,13,cell,cell,7,31,54.922838427910705,0.622607304164692,0.6642051829185264,True,tension_only_r0.1,E8PSB1,False,False
50,15,19,cell,cell,21,7,27.845294723506694,1.4925657336686156,1.5922876097307241,True,tension_only_r0.1,E8PSB1,False,False
51,0,20,cell,cell,42,35,26.553114124234703,1.326911478109133,1.4155655983133737,True,tension_only_r0.1,E8PSB1,False,False
52,16,21,cell,cell,40,32,13.128579545002147,2.079669796127706,2.218617494698952,True,tension_only_r0.1,E8PSB1,False,False
53,20,44,cell,outer,35,-1,53.0,,,False,tension_only_r0.1,E8PSB1,False,False
54,21,18,cell,cell,32,8,41.4818069068117,0.6542414666320635,0.6979528992199029,True,tension_only_r0.1,E8PSB1,False,False
55,17,20,cell,cell,33,35,55.45746104725562,1.0980367902879724,1.171399246790035,True,tension_only_r0.1,E8PSB1,False,False
56,44,21,outer,cell,-1,32,46.0,,,False,tension_only_r0.1,E8PSB1,False,False
57,19,14,cell,cell,7,15,22.672172710429326,0.49372440783107074,0.5267113129274056,True,tension_only_r0.1,E8PSB1,False,False
58,15,22,cell,cell,21,28,37.41295924196583,1.500979768296042,1.6012638060769755,True,tension_only_r0.1,E8PSB1,False,False
59,22,19,cell,cell,28,7,48.14293520841561,1.0077475934402251,1.0750776133837532,True,tension_only_r0.1,E8PSB1,False,False
60,23,17,cell,cell,29,33,56.271871792217006,0.8082331434590917,0.8622331272073523,True,tension_only_r0.1,E8PSB1,False,False
61,14,23,cell,cell,15,29,23.101622079721327,1.5755330907321643,1.6807982137760697,True,tension_only_r0.1,E8PSB1,False,True
62,19,23,cell,cell,7,29,31.479457963050635,1.5605251937073632,1.6647876033609634,True,tension_only_r0.1,E8PSB1,False,True
63,21,15,cell,cell,32,21,3.0,0.7619505011996118,0.8128582312459987,True,tension_only_r0.1,E8PSB1,False,False
64,21,22,cell,cell,32,28,1.4169730060943293,1.9153853766087003,2.043356841334659,True,tension_only_r0.1,E8PSB1,False,False
65,21,24,cell,cell,32,26,24.328630059146835,1.7150832584377782,1.8296720609783184,True,tension_only_r0.1,E8PSB1,False,False
66,24,22,cell,cell,26,28,55.16774788800767,0.724273124327895,0.7726635389743687,True,tension_only_r0.1,E8PSB1,False,False
67,21,25,cell,cell,32,14,9.57551843334573,1.809740230066739,1.930653290614996,True,tension_only_r0.1,E8PSB1,False,False
68,25,24,cell,cell,14,26,51.45184154260846,0.4407529371260952,0.47020069194093095,True,tension_only_r0.1,E8PSB1,False,False
69,20,26,cell,cell,35,25,44.22770069225706,1.2802389411508983,1.36577475785864,True,tension_only_r0.1,E8PSB1,False,False
70,23,20,cell,cell,29,35,3.1836008691813857,1.4101318873512572,1.5043461615568114,True,tension_only_r0.1,E8PSB1,False,False
71,19,27,cell,cell,7,45,13.122375892343655,1.6169974105680174,1.725032863702181,True,tension_only_r0.1,E8PSB1,True,True
72,27,23,cell,cell,45,29,32.75404537010107,0.541306437858202,0.577472411851882,True,tension_only_r0.1,E8PSB1,False,False
73,44,25,outer,cell,-1,14,47.0,,,False,tension_only_r0.1,E8PSB1,False,False
74,20,28,cell,cell,35,43,3.1836008691813857,1.4813316735664168,1.5803029752826758,True,tension_only_r0.1,E8PSB1,False,False
75,29,20,cell,cell,37,35,3.1836008691813857,1.3011061738956422,1.3880361801861878,True,tension_only_r0.1,E8PSB1,False,False
76,28,44,cell,outer,43,-1,26.0,,,False,tension_only_r0.1,E8PSB1,False,False
77,23,29,cell,cell,29,37,49.158628085034,1.1023719143136603,1.1760240107900648,True,tension_only_r0.1,E8PSB1,False,False
78,26,28,cell,cell,25,43,23.17813252112399,0.7077256680059759,0.7550105076340404,True,tension_only_r0.1,E8PSB1,False,False
79,29,26,cell,cell,37,25,29.484419907344204,0.3404740512251735,0.36322193453292406,True,tension_only_r0.1,E8PSB1,False,False
80,30,19,cell,cell,2,7,4.28730109467216,1.1885226560503817,1.2679306890301734,True,tension_only_r0.1,E8PSB1,False,True
81,22,30,cell,cell,28,2,61.27258162232081,0.47898994164351955,0.51099240191585,True,tension_only_r0.1,E8PSB1,False,False
82,30,27,cell,cell,2,45,22.39940793277185,0.9371441219476717,0.9997569555891737,True,tension_only_r0.1,E8PSB1,False,False
83,31,23,cell,cell,13,29,39.090614025676246,1.0899730300711465,1.162796727523073,True,tension_only_r0.1,E8PSB1,False,False
84,27,31,cell,cell,45,13,39.467128525318955,0.3996599014716435,0.4263621325778002,True,tension_only_r0.1,E8PSB1,False,False
85,26,32,cell,cell,25,24,19.458164017018465,1.3654735440481987,1.456704087838704,True,tension_only_r0.1,E8PSB1,False,False
86,32,28,cell,cell,24,43,4.807370474256231,1.4200085162863605,1.514882671624357,True,tension_only_r0.1,E8PSB1,False,False
87,30,31,cell,cell,2,13,49.475744401045645,0.913049139628044,0.9740521300402694,True,tension_only_r0.1,E8PSB1,False,False
88,32,44,cell,outer,24,-1,34.0,,,False,tension_only_r0.1,E8PSB1,False,False
89,26,33,cell,cell,25,9,15.264816998043354,1.3250893538503252,1.4136217335875247,True,tension_only_r0.1,E8PSB1,False,False
90,33,32,cell,cell,9,24,38.88392607203797,0.2127523728569033,0.2269668662486336,True,tension_only_r0.1,E8PSB1,False,False
91,29,33,cell,cell,37,9,39.540424861215314,1.3071561565733687,1.3944903766343077,True,tension_only_r0.1,E8PSB1,False,False
92,24,43,cell,gap,26,-1,8.771517360341248,0.16866373567464654,0.1799325620758653,True,tension_only_r0.1,E8PSB1,False,False
93,24,30,cell,cell,26,2,1.0,0.8197043345761917,0.8744707359589056,True,tension_only_r0.1,E8PSB1,False,False
94,24,34,cell,cell,26,6,1.0,0.42084283151585794,0.44896034469425505,True,tension_only_r0.1,E8PSB1,False,True
95,34,30,cell,cell,6,2,36.76373654132613,0.7812201052552453,0.8334152835017719,True,tension_only_r0.1,E8PSB1,False,False
96,43,34,gap,cell,-1,6,8.873104962439784,0.16866373567464388,0.17993256207586247,True,tension_only_r0.1,E8PSB1,False,False
97,34,24,cell,cell,6,26,3.1836008691813857,0.3694976808571804,0.3941847020747378,True,tension_only_r0.1,E8PSB1,False,False
98,25,34,cell,cell,14,6,4.5444603598349005,0.5533038429888615,0.5902713922301294,True,tension_only_r0.1,E8PSB1,False,True
99,23,33,cell,cell,29,9,17.390483156957234,2.172013917710709,2.3171313472625332,True,tension_only_r0.1,E8PSB1,False,False
100,25,35,cell,cell,14,17,37.04767698121413,0.04096415246343965,0.04370106517877298,True,tension_only_r0.1,E8PSB1,False,False
101,35,34,cell,cell,17,6,26.828363391039197,0.7137750208584525,0.7614640321767834,True,tension_only_r0.1,E8PSB1,False,False
102,44,35,outer,cell,-1,17,28.0,,,False,tension_only_r0.1,E8PSB1,False,False
103,31,33,cell,cell,13,9,24.809054540909216,2.1396716506241886,2.2826282161837503,True,tension_only_r0.1,E8PSB1,False,False
104,32,36,cell,cell,24,4,32.50491237096471,0.8273417674318423,0.8826184439170079,True,tension_only_r0.1,E8PSB1,False,False
105,36,44,cell,outer,4,-1,29.0,,,False,tension_only_r0.1,E8PSB1,False,False
106,33,36,cell,cell,9,4,55.98245523753543,0.8529449254102773,0.909932209937106,True,tension_only_r0.1,E8PSB1,False,False
107,34,31,cell,cell,6,13,1.0,1.0437037004278285,1.113436033625514,True,tension_only_r0.1,E8PSB1,False,False
108,37,31,cell,cell,41,13,38.53735774244149,0.9395528432164619,1.002326609270129,True,tension_only_r0.1,E8PSB1,False,False
109,34,37,cell,cell,6,41,36.256423475990765,0.5472410650911818,0.5838035456828977,True,tension_only_r0.1,E8PSB1,False,False
110,38,34,cell,cell,38,6,16.45093038830254,0.5388279578184807,0.5748283386501524,True,tension_only_r0.1,E8PSB1,False,False
111,35,38,cell,cell,17,38,24.79813073343135,0.827269045874045,0.8825408636585116,True,tension_only_r0.1,E8PSB1,False,False
112,31,39,cell,cell,13,18,60.78893770166052,1.1247044898776652,1.1998486789851042,True,tension_only_r0.1,E8PSB1,False,False
113,39,33,cell,cell,18,9,9.0,1.7321473211340908,1.8478762143968903,True,tension_only_r0.1,E8PSB1,False,False
114,44,38,outer,cell,-1,38,132.12448474893256,,,False,tension_only_r0.1,E8PSB1,False,False
115,38,37,cell,cell,38,41,81.99526767010134,0.2518310313573472,0.26865646311631186,True,tension_only_r0.1,E8PSB1,False,False
116,40,33,cell,cell,34,9,18.884653639529624,1.0375391554963973,1.1068596207463173,True,tension_only_r0.1,E8PSB1,False,False
117,39,40,cell,cell,18,34,44.79206646263955,1.7712812570690928,1.8896247819163523,True,tension_only_r0.1,E8PSB1,False,False
118,40,36,cell,cell,34,4,17.704311711140882,0.8594233009648387,0.9168434212117718,True,tension_only_r0.1,E8PSB1,False,False
119,37,39,cell,cell,41,18,26.731191157725032,0.9454407483931069,1.0086078994328058,True,tension_only_r0.1,E8PSB1,False,False
120,36,41,cell,cell,4,12,60.926446409437574,0.6835539903878497,0.7292238625908459,True,tension_only_r0.1,E8PSB1,False,False
121,41,44,cell,outer,12,-1,76.12448474893256,,,False,tension_only_r0.1,E8PSB1,False,False
122,42,36,cell,cell,36,4,17.860713516732798,0.8652581722144725,0.9230681341243012,True,tension_only_r0.1,E8PSB1,False,False
123,40,42,cell,cell,34,36,22.818520206462633,0.6867788131022996,0.7326641434012432,True,tension_only_r0.1,E8PSB1,False,False
124,42,41,cell,cell,36,12,17.8150305866399,0.5305723261382268,0.5660211285297254,True,tension_only_r0.1,E8PSB1,False,False
125,38,39,cell,cell,38,18,12.250716895522931,1.0544581694351818,1.1249090343539656,True,tension_only_r0.1,E8PSB1,False,False
126,42,44,cell,outer,36,-1,33.0,,,False,tension_only_r0.1,E8PSB1,False,False
127,40,44,cell,outer,34,-1,37.0,,,False,tension_only_r0.1,E8PSB1,False,False
128,39,44,cell,outer,18,-1,47.0,,,False,tension_only_r0.1,E8PSB1,False,False
0,0,44,cell,outer,42,-1,137.12448474893256,,,False,pressure_curvature_r0.1,E8PSB1,False,False
1,44,1,outer,cell,-1,10,23.0,,,False,pressure_curvature_r0.1,E8PSB1,False,False
2,44,2,outer,cell,-1,20,42.0,,,False,pressure_curvature_r0.1,E8PSB1,False,False
3,44,3,outer,cell,-1,22,34.0,,,False,pressure_curvature_r0.1,E8PSB1,False,False
4,44,4,outer,cell,-1,16,26.0,,,False,pressure_curvature_r0.1,E8PSB1,False,False
5,44,5,outer,cell,-1,30,25.0,,,False,pressure_curvature_r0.1,E8PSB1,False,False
6,44,6,outer,cell,-1,3,90.12448474893256,,,False,pressure_curvature_r0.1,E8PSB1,False,False
7,1,0,cell,cell,10,42,10.1967995986131,0.8455985734793254,0.9282957438583104,True,pressure_curvature_r0.1,E8PSB1,False,False
8,2,1,cell,cell,20,10,7.306335431231097,1.459806163680847,1.6025711148343023,True,pressure_curvature_r0.1,E8PSB1,False,False
9,3,2,cell,cell,22,20,10.551672191003563,0.980767944715383,1.0766843007383724,True,pressure_curvature_r0.1,E8PSB1,False,False
10,4,3,cell,cell,16,22,20.766549959399075,0.9739445294901939,1.0691935746293413,True,pressure_curvature_r0.1,E8PSB1,False,False
11,5,4,cell,cell,30,16,15.763672396145253,1.6442713763454808,1.8050765082645626,True,pressure_curvature_r0.1,E8PSB1,False,False
12,6,5,cell,cell,3,30,11.888608440353302,0.9609387410935535,1.0549158565811114,True,pressure_curvature_r0.1,E8PSB1,False,False
13,2,7,cell,cell,20,19,35.735572095173865,0.8487184845766995,0.9317207735162861,True,pressure_curvature_r0.1,E8PSB1,False,False
14,7,1,cell,cell,19,10,47.26682430167668,1.125787462255134,1.235886320621898,True,pressure_curvature_r0.1,E8PSB1,False,False
15,8,0,cell,cell,5,42,79.46275077177728,0.3743949064831473,0.41100967895499085,True,pressure_curvature_r0.1,E8PSB1,False,False
16,1,8,cell,cell,10,5,41.684674252763685,0.6541631132517305,0.7181384321901656,True,pressure_curvature_r0.1,E8PSB1,False,False
17,9,2,cell,cell,23,20,14.512462323473326,0.24898870957021468,0.273339107481896,True,pressure_curvature_r0.1,E8PSB1,False,False
18,3,9,cell,cell,22,23,44.813045129078084,0.8069885911791324,0.8859098135081213,True,pressure_curvature_r0.1,E8PSB1,False,False
19,10,5,cell,cell,1,30,6.1781325211239935,1.214453451515436,1.3332235951121527,True,pressure_curvature_r0.1,E8PSB1,False,False
20,6,10,cell,cell,3,1,58.59171003793621,1.022193308560852,1.1221609490578022,True,pressure_curvature_r0.1,E8PSB1,False,False
21,10,4,cell,cell,1,16,13.129688755600807,1.2415446891407043,1.3629642798438135,True,pressure_curvature_r0.1,E8PSB1,False,False
22,4,9,cell,cell,16,23,25.121365323468375,1.3686906361521727,1.5025447440987785,True,pressure_curvature_r0.1,E8PSB1,False,False
23,9,7,cell,cell,23,19,96.56384732320225,0.9356020831355403,1.0271013444902954,True,pressure_curvature_r0.1,E8PSB1,False,False
24,10,9,cell,cell,1,23,45.68226451739726,1.684021276186969,1.8487138368965388,True,pressure_curvature_r0.1,E8PSB1,False,False
25,6,11,cell,cell,3,39,9.0,1.3996090225959084,1.5364868620763321,True,pressure_curvature_r0.1,E8PSB1,False,False
26,11,10,cell,cell,39,1,34.3381432307347,0.7672925149287051,0.8423315722635509,True,pressure_curvature_r0.1,E8PSB1,False,False
27,44,11,outer,cell,-1,39,33.0,,,False,pressure_curvature_r0.1,E8PSB1,False,False
28,1,12,cell,cell,10,11,33.55961045956222,0.518088331637544,0.5687559183347459,True,pressure_curvature_r0.1,E8PSB1,False,False
29,7,13,cell,cell,19,31,76.52326431038301,1.4120305341839394,1.5501231626817256,True,pressure_curvature_r0.1,E8PSB1,False,False
30,12,8,cell,cell,11,5,22.37509488982295,0.8001506113291046,0.8784030983947652,True,pressure_curvature_r0.1,E8PSB1,False,False
31,13,1,cell,cell,31,10,15.156842264203007,0.47708418125497837,0.5237416769742826,True,pressure_curvature_r0.1,E8PSB1,False,False
32,13,12,cell,cell,31,11,20.124249268759062,0.7277722737283465,0.7989463622441023,True,pressure_curvature_r0.1,E8PSB1,False,False
33,14,8,cell,cell,15,5,17.836242751423878,0.5898880052556368,0.6475773987871618,True,pressure_curvature_r0.1,E8PSB1,False,False
34,12,14,cell,cell,11,15,35.806044118723875,0.5699784870601781,0.6257207855160825,True,pressure_curvature_r0.1,E8PSB1,False,False
35,15,9,cell,cell,21,23,29.371838190094834,2.078462894861679,2.281730740306994,True,pressure_curvature_r0.1,E8PSB1,False,False
36,10,15,cell,cell,1,21,31.284742550740507,2.455490909680939,2.6956310382130955,True,pressure_curvature_r0.1,E8PSB1,False,False
37,16,10,cell,cell,40,1,7.8132891984797315,0.6776035165994915,0.7438712412848117,True,pressure_curvature_r0.1,E8PSB1,False,False
38,11,16,cell,cell,39,40,16.0,0.5641667741522323,0.6193407033752457,True,pressure_curvature_r0.1,E8PSB1,False,False
39,44,16,outer,cell,-1,40,18.0,,,False,pressure_curvature_r0.1,E8PSB1,False,False
40,15,7,cell,cell,21,19,1.4169730060943293,1.8667384472505972,2.0493002351567577,True,pressure_curvature_r0.1,E8PSB1,False,False
41,13,14,cell,cell,31,15,37.849335354305765,0.79541981358203,0.8732096418878624,True,pressure_curvature_r0.1,E8PSB1,False,False
42,15,13,cell,cell,21,31,9.124249268759064,1.7675226653510752,1.9403814278769194,True,pressure_curvature_r0.1,E8PSB1,False,False
43,8,17,cell,cell,5,33,17.868227732103012,1.1147367206553502,1.223754847467505,True,pressure_curvature_r0.1,E8PSB1,False,True
44,17,0,cell,cell,33,42,21.705046871847205,0.1936902295881764,0.21263259115235392,True,pressure_curvature_r0.1,E8PSB1,False,False
45,10,18,cell,cell,1,8,2.2360802701559255,2.5529952009891375,2.8026709759188733,True,pressure_curvature_r0.1,E8PSB1,False,False
46,18,15,cell,cell,8,21,49.248995785146974,0.3239264598606232,0.3556055597095426,True,pressure_curvature_r0.1,E8PSB1,False,False
47,16,18,cell,cell,40,8,9.32284171572283,2.591967789123408,2.845454973937373,True,pressure_curvature_r0.1,E8PSB1,False,False
48,14,17,cell,cell,15,33,49.436489100024026,1.1862264926006039,1.3022361187320939,True,pressure_curvature_r0.1,E8PSB1,False,True
49,19,13,cell,cell,7,31,54.922838427910705,0.6765104590068292,0.7426712857232911,True,pressure_curvature_r0.1,E8PSB1,False,False
50,15,19,cell,cell,21,7,27.845294723506694,1.5635062175587535,1.716412743323156,True,pressure_curvature_r0.1,E8PSB1,False,False
51,0,20,cell,cell,42,35,26.553114124234703,0.39016013996782767,0.4283167080864906,True,pressure_curvature_r0.1,E8PSB1,False,False
52,16,21,cell,cell,40,32,13.128579545002147,2.1471576780216335,2.3571436807170865,True,pressure_curvature_r0.1,E8PSB1,False,False
53,20,44,cell,outer,35,-1,53.0,,,False,pressure_curvature_r0.1,E8PSB1,False,False
54,21,18,cell,cell,32,8,41.4818069068117,0.8334017068134396,0.9149060578187963,True,pressure_curvature_r0.1,E8PSB1,False,False
55,17,20,cell,cell,33,35,55.45746104725562,0.6322007027220088,0.6940281594685335,True,pressure_curvature_r0.1,E8PSB1,False,False
56,44,21,outer,cell,-1,32,46.0,,,False,pressure_curvature_r0.1,E8PSB1,False,False
57,19,14,cell,cell,7,15,22.672172710429326,0.4788039505651237,0.5256296349026615,True,pressure_curvature_r0.1,E8PSB1,False,False
58,15,22,cell,cell,21,28,37.41295924196583,1.4784635250788014,1.6230531138827207,True,pressure_curvature_r0.1,E8PSB1,False,False
59,22,19,cell,cell,28,7,48.14293520841561,0.7240781087666939,0.7948909183034835,True,pressure_curvature_r0.1,E8PSB1,False,False
60,23,17,cell,cell,29,33,56.271871792217006,0.6078557211602347,0.6673023069459636,True,pressure_curvature_r0.1,E8PSB1,False,False
61,14,23,cell,cell,15,29,23.101622079721327,1.4413648246606865,1.5823262645467424,True,pressure_curvature_r0.1,E8PSB1,False,True
62,19,23,cell,cell,7,29,31.479457963050635,1.2993456828866812,1.4264180487691736,True,pressure_curvature_r0.1,E8PSB1,False,True
63,21,15,cell,cell,32,21,3.0,1.0012931605777473,1.0992168251824568,True,pressure_curvature_r0.1,E8PSB1,False,False
64,21,22,cell,cell,32,28,1.4169730060943293,1.974154901643613,2.1672217177144915,True,pressure_curvature_r0.1,E8PSB1,False,False
65,21,24,cell,cell,32,26,24.328630059146835,1.9548906911484911,2.146073521428125,True,pressure_curvature_r0.1,E8PSB1,False,False
66,24,22,cell,cell,26,28,55.16774788800767,0.919607103305538,1.0095421004648517,True,pressure_curvature_r0.1,E8PSB1,False,False
67,21,25,cell,cell,32,14,9.57551843334573,2.048492348347137,2.248829158347032,True,pressure_curvature_r0.1,E8PSB1,False,False
68,25,24,cell,cell,14,26,51.45184154260846,0.6745704015218698,0.7405414960540417,True,pressure_curvature_r0.1,E8PSB1,False,False
69,20,26,cell,cell,35,25,44.22770069225706,0.835333951755954,0.9170272709008471,True,pressure_curvature_r0.1,E8PSB1,False,False
70,23,20,cell,cell,29,35,3.1836008691813857,0.8006525925896214,0.8789541720155697,True,pressure_curvature_r0.1,E8PSB1,False,False
71,19,27,cell,cell,7,45,13.122375892343655,1.2006605631514278,1.3180818009258897,True,pressure_curvature_r0.1,E8PSB1,True,True
72,27,23,cell,cell,45,29,32.75404537010107,0.5182510250154188,0.5689345226689676,True,pressure_curvature_r0.1,E8PSB1,False,False
73,44,25,outer,cell,-1,14,47.0,,,False,pressure_curvature_r0.1,E8PSB1,False,False
74,20,28,cell,cell,35,43,3.1836008691813857,0.9183211097077556,1.0081303402976858,True,pressure_curvature_r0.1,E8PSB1,False,False
75,29,20,cell,cell,37,35,3.1836008691813857,1.0319831075222017,1.132908162917987,True,pressure_curvature_r0.1,E8PSB1,False,False
76,28,44,cell,outer,43,-1,26.0,,,False,pressure_curvature_r0.1,E8PSB1,False,False
77,23,29,cell,cell,29,37,49.158628085034,0.9074472295250646,0.9961930251112571,True,pressure_curvature_r0.1,E8PSB1,False,False
78,26,28,cell,cell,25,43,23.17813252112399,0.4937133932451129,0.5419971792874461,True,pressure_curvature_r0.1,E8PSB1,False,False
79,29,26,cell,cell,37,25,29.484419907344204,0.5093595019647074,0.5591734335857264,True,pressure_curvature_r0.1,E8PSB1,False,False
80,30,19,cell,cell,2,7,4.28730109467216,0.7202017361847568,0.7906354473480216,True,pressure_curvature_r0.1,E8PSB1,False,True
81,22,30,cell,cell,28,2,61.27258162232081,0.37252990027294164,0.40896228036480675,True,pressure_curvature_r0.1,E8PSB1,False,False
82,30,27,cell,cell,2,45,22.39940793277185,0.8398700519269022,0.9220069889543913,True,pressure_curvature_r0.1,E8PSB1,False,False
83,31,23,cell,cell,13,29,39.090614025676246,0.9596999694863486,1.0535559365828442,True,pressure_curvature_r0.1,E8PSB1,False,False
84,27,31,cell,cell,45,13,39.467128525318955,0.29485144755540427,0.32368709269450496,True,pressure_curvature_r0.1,E8PSB1,False,False
85,26,32,cell,cell,25,24,19.458164017018465,0.6945405693178829,0.7624646902866163,True,pressure_curvature_r0.1,E8PSB1,False,False
86,32,28,cell,cell,24,43,4.807370474256231,0.3922982807222687,0.43066395301377414,True,pressure_curvature_r0.1,E8PSB1,False,False
87,30,31,cell,cell,2,13,49.475744401045645,0.765883278816178,0.8407845168091317,True,pressure_curvature_r0.1,E8PSB1,False,False
88,32,44,cell,outer,24,-1,34.0,,,False,pressure_curvature_r0.1,E8PSB1,False,False
89,26,33,cell,cell,25,9,15.264816998043354,1.0051680792337914,1.1034707000221484,True,pressure_curvature_r0.1,E8PSB1,False,False
90,33,32,cell,cell,9,24,38.88392607203797,-0.01367658531024707,-0.015014117019827085,True,pressure_curvature_r0.1,E8PSB1,False,False
91,29,33,cell,cell,37,9,39.540424861215314,1.3116661100247475,1.4399433791487226,True,pressure_curvature_r0.1,E8PSB1,False,False
92,24,43,cell,gap,26,-1,8.771517360341248,0.25382994587786767,0.2786538031310561,True,pressure_curvature_r0.1,E8PSB1,False,False
93,24,30,cell,cell,26,2,1.0,1.1295431236066813,1.2400092751269765,True,pressure_curvature_r0.1,E8PSB1,False,False
94,24,34,cell,cell,26,6,1.0,0.6347875880770706,0.6968680349606035,True,pressure_curvature_r0.1,E8PSB1,False,True
95,34,30,cell,cell,6,2,36.76373654132613,1.1197724481140452,1.2292830549571447,True,pressure_curvature_r0.1,E8PSB1,False,False
96,43,34,gap,cell,-1,6,8.873104962439784,0.25382994587786634,0.27865380313105464,True,pressure_curvature_r0.1,E8PSB1,False,False
97,34,24,cell,cell,6,26,3.1836008691813857,0.5194716861159814,0.5702745610038045,True,pressure_curvature_r0.1,E8PSB1,False,False
98,25,34,cell,cell,14,6,4.5444603598349005,0.7184620393588432,0.7887256130486868,True,pressure_curvature_r0.1,E8PSB1,False,True
99,23,33,cell,cell,29,9,17.390483156957234,1.970016175241446,2.1626782354705263,True,pressure_curvature_r0.1,E8PSB1,False,False
100,25,35,cell,cell,14,17,37.04767698121413,0.127154683056395,0.13959005466059934,True,pressure_curvature_r0.1,E8PSB1,False,False
101,35,34,cell,cell,17,6,26.828363391039197,0.9143828910456329,1.003806974888743,True,pressure_curvature_r0.1,E8PSB1,False,False
102,44,35,outer,cell,-1,17,28.0,,,False,pressure_curvature_r0.1,E8PSB1,False,False
103,31,33,cell,cell,13,9,24.809054540909216,2.0015641494902874,2.197311513175869,True,pressure_curvature_r0.1,E8PSB1,False,False
104,32,36,cell,cell,24,4,32.50491237096471,1.1530240157028024,1.2657865326560875,True,pressure_curvature_r0.1,E8PSB1,False,False
105,36,44,cell,outer,4,-1,29.0,,,False,pressure_curvature_r0.1,E8PSB1,False,False
106,33,36,cell,cell,9,4,55.98245523753543,1.094992727861607,1.202079947518482,True,pressure_curvature_r0.1,E8PSB1,False,False
107,34,31,cell,cell,6,13,1.0,1.1627062806395874,1.2764156959655093,True,pressure_curvature_r0.1,E8PSB1,False,False
108,37,31,cell,cell,41,13,38.53735774244149,0.7871536840954291,0.8641351081064015,True,pressure_curvature_r0.1,E8PSB1,False,False
109,34,37,cell,cell,6,41,36.256423475990765,0.5956828694396257,0.6539389844460635,True,pressure_curvature_r0.1,E8PSB1,False,False
110,38,34,cell,cell,38,6,16.45093038830254,0.5861095696400693,0.6434294427588754,True,pressure_curvature_r0.1,E8PSB1,False,False
111,35,38,cell,cell,17,38,24.79813073343135,1.0183133388342966,1.1179015291670606,True,pressure_curvature_r0.1,E8PSB1,False,False
112,31,39,cell,cell,13,18,60.78893770166052,0.8615980866054861,0.9458599645235706,True,pressure_curvature_r0.1,E8PSB1,False,False
113,39,33,cell,cell,18,9,9.0,1.9173829774308067,2.1048976584382926,True,pressure_curvature_r0.1,E8PSB1,False,False
114,44,38,outer,cell,-1,38,132.12448474893256,,,False,pressure_curvature_r0.1,E8PSB1,False,False
115,38,37,cell,cell,38,41,81.99526767010134,0.22283716135563292,0.24463001115145472,True,pressure_curvature_r0.1,E8PSB1,False,False
116,40,33,cell,cell,34,9,18.884653639529624,1.074001652316057,1.179036003619943,True,pressure_curvature_r0.1,E8PSB1,False,False
117,39,40,cell,cell,18,34,44.79206646263955,1.9154263357812071,2.1027496627195847,True,pressure_curvature_r0.1,E8PSB1,False,False
118,40,36,cell,cell,34,4,17.704311711140882,0.9806147043483588,1.0765160738929669,True,pressure_curvature_r0.1,E8PSB1,False,False
119,37,39,cell,cell,41,18,26.731191157725032,0.8129497688694203,0.8924539776680821,True,pressure_curvature_r0.1,E8PSB1,False,False
120,36,41,cell,cell,4,12,60.926446409437574,0.8763004444523673,0.9620001717590022,True,pressure_curvature_r0.1,E8PSB1,False,False
121,41,44,cell,outer,12,-1,76.12448474893256,,,False,pressure_curvature_r0.1,E8PSB1,False,False
122,42,36,cell,cell,36,4,17.860713516732798,1.2935069908628822,1.4200083490305722,True,pressure_curvature_r0.1,E8PSB1,False,False
123,40,42,cell,cell,34,36,22.818520206462633,0.6072905988678932,0.6666819172773983,True,pressure_curvature_r0.1,E8PSB1,False,False
124,42,41,cell,cell,36,12,17.8150305866399,1.1141176800321988,1.2230752664065032,True,pressure_curvature_r0.1,E8PSB1,False,False
125,38,39,cell,cell,38,18,12.250716895522931,1.0568307702460042,1.160185857411279,True,pressure_curvature_r0.1,E8PSB1,False,False
126,42,44,cell,outer,36,-1,33.0,,,False,pressure_curvature_r0.1,E8PSB1,False,False
127,40,44,cell,outer,34,-1,37.0,,,False,pressure_curvature_r0.1,E8PSB1,False,False
128,39,44,cell,outer,18,-1,47.0,,,False,pressure_curvature_r0.1,E8PSB1,False,False
0,0,44,cell,outer,42,-1,137.12448474893256,,,False,pressure_curvature_r0.01,E8PSB1,False,False
1,44,1,outer,cell,-1,10,23.0,,,False,pressure_curvature_r0.01,E8PSB1,False,False
2,44,2,outer,cell,-1,20,42.0,,,False,pressure_curvature_r0.01,E8PSB1,False,False
3,44,3,outer,cell,-1,22,34.0,,,False,pressure_curvature_r0.01,E8PSB1,False,False
4,44,4,outer,cell,-1,16,26.0,,,False,pressure_curvature_r0.01,E8PSB1,False,False
5,44,5,outer,cell,-1,30,25.0,,,False,pressure_curvature_r0.01,E8PSB1,False,False
6,44,6,outer,cell,-1,3,90.12448474893256,,,False,pressure_curvature_r0.01,E8PSB1,False,False
7,1,0,cell,cell,10,42,10.1967995986131,0.5775845764204418,0.7236249153175726,True,pressure_curvature_r0.01,E8PSB1,False,False
8,2,1,cell,cell,20,10,7.306335431231097,1.596239808484265,1.9998437344008069,True,pressure_curvature_r0.01,E8PSB1,False,False
9,3,2,cell,cell,22,20,10.551672191003563,0.9387770367011907,1.1761436877263165,True,pressure_curvature_r0.01,E8PSB1,False,False
10,4,3,cell,cell,16,22,20.766549959399075,1.1051375572602293,1.3845679125347217,True,pressure_curvature_r0.01,E8PSB1,False,False
11,5,4,cell,cell,30,16,15.763672396145253,1.775093743975951,2.2239202925500585,True,pressure_curvature_r0.01,E8PSB1,False,False
12,6,5,cell,cell,3,30,11.888608440353302,0.9133952325657237,1.144344178844063,True,pressure_curvature_r0.01,E8PSB1,False,False
13,2,7,cell,cell,20,19,35.735572095173865,0.8992569331251471,1.1266310574189256,True,pressure_curvature_r0.01,E8PSB1,False,False
14,7,1,cell,cell,19,10,47.26682430167668,1.2849241298812841,1.6098129220092214,True,pressure_curvature_r0.01,E8PSB1,False,False
15,8,0,cell,cell,5,42,79.46275077177728,0.20234326787681645,0.25350509009412686,True,pressure_curvature_r0.01,E8PSB1,False,False
16,1,8,cell,cell,10,5,41.684674252763685,0.49801674763840953,0.6239386256987707,True,pressure_curvature_r0.01,E8PSB1,False,False
17,9,2,cell,cell,23,20,14.512462323473326,0.16796579994769623,0.21043539375075726,True,pressure_curvature_r0.01,E8PSB1,False,False
18,3,9,cell,cell,22,23,44.813045129078084,0.8205388312174731,1.028009345288171,True,pressure_curvature_r0.01,E8PSB1,False,False
19,10,5,cell,cell,1,30,6.1781325211239935,1.2200147784667834,1.5284914570010462,True,pressure_curvature_r0.01,E8PSB1,False,False
20,6,10,cell,cell,3,1,58.59171003793621,0.9818709953554539,1.2301338104805475,True,pressure_curvature_r0.01,E8PSB1,False,False
21,10,4,cell,cell,1,16,13.129688755600807,1.4201508962905582,1.7792313264929824,True,pressure_curvature_r0.01,E8PSB1,False,False
22,4,9,cell,cell,16,23,25.121365323468375,1.563011854945766,1.9582142033380354,True,pressure_curvature_r0.01,E8PSB1,False,False
23,9,7,cell,cell,23,19,96.56384732320225,1.0877450472885268,1.3627777642703196,True,pressure_curvature_r0.01,E8PSB1,False,False
24,10,9,cell,cell,1,23,45.68226451739726,2.0704517093924957,2.5939585370570204,True,pressure_curvature_r0.01,E8PSB1,False,False
25,6,11,cell,cell,3,39,9.0,1.3098573209318416,1.641050387480292,True,pressure_curvature_r0.01,E8PSB1,False,False
26,11,10,cell,cell,39,1,34.3381432307347,0.7377497733612114,0.924287349538669,True,pressure_curvature_r0.01,E8PSB1,False,False
27,44,11,outer,cell,-1,39,33.0,,,False,pressure_curvature_r0.01,E8PSB1,False,False
28,1,12,cell,cell,10,11,33.55961045956222,0.37874974117697824,0.4745153533778529,True,pressure_curvature_r0.01,E8PSB1,False,False
29,7,13,cell,cell,19,31,76.52326431038301,1.656132055198907,2.0748795364744304,True,pressure_curvature_r0.01,E8PSB1,False,False
30,12,8,cell,cell,11,5,22.37509488982295,0.5860568628449602,0.7342393911827064,True,pressure_curvature_r0.01,E8PSB1,False,False
31,13,1,cell,cell,31,10,15.156842264203007,0.3637862513408854,0.45576839491056853,True,pressure_curvature_r0.01,E8PSB1,False,False
32,13,12,cell,cell,31,11,20.124249268759062,0.5437432024642237,0.681226862524915,True,pressure_curvature_r0.01,E8PSB1,False,False
33,14,8,cell,cell,15,5,17.836242751423878,0.4235364235935439,0.530626199467086,True,pressure_curvature_r0.01,E8PSB1,False,False
34,12,14,cell,cell,11,15,35.806044118723875,0.40416035185505783,0.5063509524411979,True,pressure_curvature_r0.01,E8PSB1,False,False
35,15,9,cell,cell,21,23,29.371838190094834,2.7832391377280112,3.486971895663843,True,pressure_curvature_r0.01,E8PSB1,False,False
36,10,15,cell,cell,1,21,31.284742550740507,3.4191081576149234,4.28361828210369,True,pressure_curvature_r0.01,E8PSB1,False,False
37,16,10,cell,cell,40,1,7.8132891984797315,0.6849788083406854,0.8581734215476147,True,pressure_curvature_r0.01,E8PSB1,False,False
38,11,16,cell,cell,39,40,16.0,0.4427525104648483,0.554701009984292,True,pressure_curvature_r0.01,E8PSB1,False,False
39,44,16,outer,cell,-1,40,18.0,,,False,pressure_curvature_r0.01,E8PSB1,False,False
40,15,7,cell,cell,21,19,1.4169730060943293,2.389485692628209,2.9936592017339114,True,pressure_curvature_r0.01,E8PSB1,False,False
41,13,14,cell,cell,31,15,37.849335354305765,0.590690686088322,0.7400448612194157,True,pressure_curvature_r0.01,E8PSB1,False,False
42,15,13,cell,cell,21,31,9.124249268759064,2.104375026224326,2.6364592517088177,True,pressure_curvature_r0.01,E8PSB1,False,False
43,8,17,cell,cell,5,33,17.868227732103012,0.8729177720076516,1.093632127026246,True,pressure_curvature_r0.01,E8PSB1,False,True
44,17,0,cell,cell,33,42,21.705046871847205,0.08535343579492394,0.10693476811992614,True,pressure_curvature_r0.01,E8PSB1,False,False
45,10,18,cell,cell,1,8,2.2360802701559255,3.7098538501396052,4.647878055860135,True,pressure_curvature_r0.01,E8PSB1,False,False
46,18,15,cell,cell,8,21,49.248995785146974,0.3812967640306596,0.47770638248778785,True,pressure_curvature_r0.01,E8PSB1,False,False
47,16,18,cell,cell,40,8,9.32284171572283,3.76010897676212,4.71084002408281,True,pressure_curvature_r0.01,E8PSB1,False,False
48,14,17,cell,cell,15,33,49.436489100024026,0.9607064836517998,1.203617922393283,True,pressure_curvature_r0.01,E8PSB1,False,True
49,19,13,cell,cell,7,31,54.922838427910705,0.5695796928238583,0.7135960235306698,True,pressure_curvature_r0.01,E8PSB1,False,False
50,15,19,cell,cell,21,7,27.845294723506694,1.8771966586663504,2.3518395895894844,True,pressure_curvature_r0.01,E8PSB1,False,False
51,0,20,cell,cell,42,35,26.553114124234703,0.19272294990185113,0.24145230671977494,True,pressure_curvature_r0.01,E8PSB1,False,False
52,16,21,cell,cell,40,32,13.128579545002147,3.189723012139363,3.9962338656108356,True,pressure_curvature_r0.01,E8PSB1,False,False
53,20,44,cell,outer,35,-1,53.0,,,False,pressure_curvature_r0.01,E8PSB1,False,False
54,21,18,cell,cell,32,8,41.4818069068117,1.1388703070507136,1.4268298759026619,True,pressure_curvature_r0.01,E8PSB1,False,False
55,17,20,cell,cell,33,35,55.45746104725562,0.46229269189469724,0.5791818612911172,True,pressure_curvature_r0.01,E8PSB1,False,False
56,44,21,outer,cell,-1,32,46.0,,,False,pressure_curvature_r0.01,E8PSB1,False,False
57,19,14,cell,cell,7,15,22.672172710429326,0.3640500062972084,0.4560988394302555,True,pressure_curvature_r0.01,E8PSB1,False,False
58,15,22,cell,cell,21,28,37.41295924196583,1.760945384187061,2.206194567051001,True,pressure_curvature_r0.01,E8PSB1,False,False
59,22,19,cell,cell,28,7,48.14293520841561,0.7200514400749327,0.9021140515518768,True,pressure_curvature_r0.01,E8PSB1,False,False
60,23,17,cell,cell,29,33,56.271871792217006,0.4724886630690005,0.5919558498614332,True,pressure_curvature_r0.01,E8PSB1,False,False
61,14,23,cell,cell,15,29,23.101622079721327,1.1831869329482911,1.4823518132456552,True,pressure_curvature_r0.01,E8PSB1,False,True
62,19,23,cell,cell,7,29,31.479457963050635,1.0796855228605642,1.352680415899578,True,pressure_curvature_r0.01,E8PSB1,False,True
63,21,15,cell,cell,32,21,3.0,1.2493106136604841,1.565194646675155,True,pressure_curvature_r0.01,E8PSB1,False,False
64,21,22,cell,cell,32,28,1.4169730060943293,2.3776521337768353,2.978833566889574,True,pressure_curvature_r0.01,E8PSB1,False,False
65,21,24,cell,cell,32,26,24.328630059146835,2.385619827915104,2.9888158659873323,True,pressure_curvature_r0.01,E8PSB1,False,False
66,24,22,cell,cell,26,28,55.16774788800767,0.9556576409508848,1.1972924966096798,True,pressure_curvature_r0.01,E8PSB1,False,False
67,21,25,cell,cell,32,14,9.57551843334573,2.4409872921131086,3.058182809336015,True,pressure_curvature_r0.01,E8PSB1,False,False
68,25,24,cell,cell,14,26,51.45184154260846,0.5501173012727927,0.6892126310147215,True,pressure_curvature_r0.01,E8PSB1,False,False
69,20,26,cell,cell,35,25,44.22770069225706,0.6319918471851965,0.7917888835173517,True,pressure_curvature_r0.01,E8PSB1,False,False
70,23,20,cell,cell,29,35,3.1836008691813857,0.6175921446203264,0.7737482640574627,True,pressure_curvature_r0.01,E8PSB1,False,False
71,19,27,cell,cell,7,45,13.122375892343655,0.9734250351373076,1.2195523173154965,True,pressure_curvature_r0.01,E8PSB1,True,True
72,27,23,cell,cell,45,29,32.75404537010107,0.42629617935674025,0.5340837502950819,True,pressure_curvature_r0.01,E8PSB1,False,False
73,44,25,outer,cell,-1,14,47.0,,,False,pressure_curvature_r0.01,E8PSB1,False,False
74,20,28,cell,cell,35,43,3.1836008691813857,0.6717785715615587,0.8416355488075465,True,pressure_curvature_r0.01,E8PSB1,False,False
75,29,20,cell,cell,37,35,3.1836008691813857,0.8278812688453668,1.0372082938467309,True,pressure_curvature_r0.01,E8PSB1,False,False
76,28,44,cell,outer,43,-1,26.0,,,False,pressure_curvature_r0.01,E8PSB1,False,False
77,23,29,cell,cell,29,37,49.158628085034,0.7758257056972376,0.9719906547118289,True,pressure_curvature_r0.01,E8PSB1,False,False
78,26,28,cell,cell,25,43,23.17813252112399,0.3492748060160352,0.4375877789055345,True,pressure_curvature_r0.01,E8PSB1,False,False
79,29,26,cell,cell,37,25,29.484419907344204,0.38751176306881363,0.4854928233594521,True,pressure_curvature_r0.01,E8PSB1,False,False
80,30,19,cell,cell,2,7,4.28730109467216,0.5792728266437157,0.7257400339940834,True,pressure_curvature_r0.01,E8PSB1,False,True
81,22,30,cell,cell,28,2,61.27258162232081,0.20048567708950354,0.2511778136552465,True,pressure_curvature_r0.01,E8PSB1,False,False
82,30,27,cell,cell,2,45,22.39940793277185,0.6465253456726262,0.8099971287537668,True,pressure_curvature_r0.01,E8PSB1,False,False
83,31,23,cell,cell,13,29,39.090614025676246,0.8525204871081522,1.0680774564884987,True,pressure_curvature_r0.01,E8PSB1,False,False
84,27,31,cell,cell,45,13,39.467128525318955,0.22250007469398025,0.27875847846633517,True,pressure_curvature_r0.01,E8PSB1,False,False
85,26,32,cell,cell,25,24,19.458164017018465,0.565101808970508,0.7079859216400267,True,pressure_curvature_r0.01,E8PSB1,False,False
86,32,28,cell,cell,24,43,4.807370474256231,0.28102769679632744,0.35208461513366973,True,pressure_curvature_r0.01,E8PSB1,False,False
87,30,31,cell,cell,2,13,49.475744401045645,0.58024607899825,0.7269593699690797,True,pressure_curvature_r0.01,E8PSB1,False,False
88,32,44,cell,outer,24,-1,34.0,,,False,pressure_curvature_r0.01,E8PSB1,False,False
89,26,33,cell,cell,25,9,15.264816998043354,0.9484118003967099,1.1882145693736128,True,pressure_curvature_r0.01,E8PSB1,False,False
90,33,32,cell,cell,9,24,38.88392607203797,-0.10344307911760264,-0.12959831758418636,True,pressure_curvature_r0.01,E8PSB1,False,False
91,29,33,cell,cell,37,9,39.540424861215314,1.2954223693946967,1.6229656064627391,True,pressure_curvature_r0.01,E8PSB1,False,False
92,24,43,cell,gap,26,-1,8.771517360341248,0.18256826905714585,0.22873004860154939,True,pressure_curvature_r0.01,E8PSB1,False,False
93,24,30,cell,cell,26,2,1.0,0.9967694799397564,1.2487993273343567,True,pressure_curvature_r0.01,E8PSB1,False,False
94,24,34,cell,cell,26,6,1.0,0.48798331582082755,0.6113682740208594,True,pressure_curvature_r0.01,E8PSB1,False,True
95,34,30,cell,cell,6,2,36.76373654132613,0.9329042610487881,1.1687860002851347,True,pressure_curvature_r0.01,E8PSB1,False,False
96,43,34,gap,cell,-1,6,8.873104962439784,0.18256826905711043,0.22873004860150503,True,pressure_curvature_r0.01,E8PSB1,False,False
97,34,24,cell,cell,6,26,3.1836008691813857,0.39528366759369604,0.4952298280913452,True,pressure_curvature_r0.01,E8PSB1,False,False
98,25,34,cell,cell,14,6,4.5444603598349005,0.518556162210731,0.6496713629243394,True,pressure_curvature_r0.01,E8PSB1,False,True
99,23,33,cell,cell,29,9,17.390483156957234,1.9208188446092949,2.4064915001452687,True,pressure_curvature_r0.01,E8PSB1,False,False
100,25,35,cell,cell,14,17,37.04767698121413,0.0900935896556152,0.11287345411686334,True,pressure_curvature_r0.01,E8PSB1,False,False
101,35,34,cell,cell,17,6,26.828363391039197,0.6355903111312389,0.7962972071023858,True,pressure_curvature_r0.01,E8PSB1,False,False
102,44,35,outer,cell,-1,17,28.0,,,False,pressure_curvature_r0.01,E8PSB1,False,False
103,31,33,cell,cell,13,9,24.809054540909216,1.9976085146359652,2.5026971828085554,True,pressure_curvature_r0.01,E8PSB1,False,False
104,32,36,cell,cell,24,4,32.50491237096471,1.115067756241873,1.3970089292975165,True,pressure_curvature_r0.01,E8PSB1,False,False
105,36,44,cell,outer,4,-1,29.0,,,False,pressure_curvature_r0.01,E8PSB1,False,False
106,33,36,cell,cell,9,4,55.98245523753543,1.0504396986435984,1.3160398823113175,True,pressure_curvature_r0.01,E8PSB1,False,False
107,34,31,cell,cell,6,13,1.0,0.9441229817780186,1.1828413372333144,True,pressure_curvature_r0.01,E8PSB1,False,False
108,37,31,cell,cell,41,13,38.53735774244149,0.6076521630428582,0.7612949912020294,True,pressure_curvature_r0.01,E8PSB1,False,False
109,34,37,cell,cell,6,41,36.256423475990765,0.4452261824380316,0.557800141687586,True,pressure_curvature_r0.01,E8PSB1,False,False
110,38,34,cell,cell,38,6,16.45093038830254,0.3591155812134206,0.4499167613776766,True,pressure_curvature_r0.01,E8PSB1,False,False
111,35,38,cell,cell,17,38,24.79813073343135,0.7116766456451729,0.8916217182080833,True,pressure_curvature_r0.01,E8PSB1,False,False
112,31,39,cell,cell,13,18,60.78893770166052,0.7652223473388637,0.9587062724630638,True,pressure_curvature_r0.01,E8PSB1,False,False
113,39,33,cell,cell,18,9,9.0,2.001934842711327,2.508117408546873,True,pressure_curvature_r0.01,E8PSB1,False,False
114,44,38,outer,cell,-1,38,132.12448474893256,,,False,pressure_curvature_r0.01,E8PSB1,False,False
115,38,37,cell,cell,38,41,81.99526767010134,0.08994319868474243,0.112685037289259,True,pressure_curvature_r0.01,E8PSB1,False,False
116,40,33,cell,cell,34,9,18.884653639529624,1.0507113383838693,1.316380205256346,True,pressure_curvature_r0.01,E8PSB1,False,False
117,39,40,cell,cell,18,34,44.79206646263955,2.0344980500456087,2.5489141145388725,True,pressure_curvature_r0.01,E8PSB1,False,False
118,40,36,cell,cell,34,4,17.704311711140882,0.9085876464262754,1.1383210105409887,True,pressure_curvature_r0.01,E8PSB1,False,False
119,37,39,cell,cell,41,18,26.731191157725032,0.6916042223842611,0.8664740494936358,True,pressure_curvature_r0.01,E8PSB1,False,False
120,36,41,cell,cell,4,12,60.926446409437574,0.7706794209227804,0.9655431489505152,True,pressure_curvature_r0.01,E8PSB1,False,False
121,41,44,cell,outer,12,-1,76.12448474893256,,,False,pressure_curvature_r0.01,E8PSB1,False,False
122,42,36,cell,cell,36,4,17.860713516732798,1.1989289334451954,1.502074126204735,True,pressure_curvature_r0.01,E8PSB1,False,False
123,40,42,cell,cell,34,36,22.818520206462633,0.5648795337434014,0.7077074448611123,True,pressure_curvature_r0.01,E8PSB1,False,False
124,42,41,cell,cell,36,12,17.8150305866399,1.0445154065477045,1.3086176526652695,True,pressure_curvature_r0.01,E8PSB1,False,False
125,38,39,cell,cell,38,18,12.250716895522931,0.8934918661059233,1.119408312380545,True,pressure_curvature_r0.01,E8PSB1,False,False
126,42,44,cell,outer,36,-1,33.0,,,False,pressure_curvature_r0.01,E8PSB1,False,False
127,40,44,cell,outer,34,-1,37.0,,,False,pressure_curvature_r0.01,E8PSB1,False,False
128,39,44,cell,outer,18,-1,47.0,,,False,pressure_curvature_r0.01,E8PSB1,False,False
0,0,79,cell,outer,63,-1,46.12448474893257,,,False,tension_only_r0.1,PSB1E1,False,False
1,79,1,outer,cell,-1,57,41.0,,,False,tension_only_r0.1,PSB1E1,False,False
2,79,2,outer,cell,-1,64,44.0,,,False,tension_only_r0.1,PSB1E1,False,False
3,79,3,outer,cell,-1,65,21.0,,,False,tension_only_r0.1,PSB1E1,False,False
4,79,4,outer,cell,-1,47,18.0,,,False,tension_only_r0.1,PSB1E1,False,False
5,79,5,outer,cell,-1,60,19.0,,,False,tension_only_r0.1,PSB1E1,False,False
6,79,6,outer,cell,-1,20,31.0,,,False,tension_only_r0.1,PSB1E1,False,False
7,79,7,outer,cell,-1,24,14.0,,,False,tension_only_r0.1,PSB1E1,False,False
8,79,8,outer,cell,-1,61,46.124484748932566,,,False,tension_only_r0.1,PSB1E1,False,False
9,1,0,cell,cell,57,63,11.782944640647951,0.6354172125856192,0.6248547921056454,True,tension_only_r0.1,PSB1E1,False,False
10,2,1,cell,cell,64,57,14.557194058940699,0.8904551894178194,0.8756533207511936,True,tension_only_r0.1,PSB1E1,False,False
11,3,2,cell,cell,65,64,20.77763612788992,-0.08635773207776343,-0.08492222378520305,True,tension_only_r0.1,PSB1E1,False,False
12,4,3,cell,cell,47,65,13.124377994300021,0.6084818418307862,0.5983671629386407,True,tension_only_r0.1,PSB1E1,False,False
13,5,4,cell,cell,60,47,13.561266501861565,0.3992552305152855,0.3926184861212027,True,tension_only_r0.1,PSB1E1,False,False
14,6,5,cell,cell,20,60,13.5416478658645,1.1469098708314482,1.1278450043651154,True,tension_only_r0.1,PSB1E1,False,False
15,7,6,cell,cell,24,20,24.57076389819096,0.6218086911050963,0.6114724825110157,True,tension_only_r0.1,PSB1E1,False,False
16,8,7,cell,cell,61,24,33.76630570512597,1.123157426901159,1.104487392830376,True,tension_only_r0.1,PSB1E1,False,False
17,0,9,cell,cell,63,76,20.124249268759066,1.5516101876990216,1.5258180641951593,True,tension_only_r0.1,PSB1E1,False,False
18,9,79,cell,outer,76,-1,31.0,,,False,tension_only_r0.1,PSB1E1,False,False
19,0,10,cell,cell,63,9,12.0,1.541744052948094,1.5161159323413633,True,tension_only_r0.1,PSB1E1,False,False
20,1,10,cell,cell,57,9,35.2666837825262,1.2490264244959155,1.228264093818028,True,tension_only_r0.1,PSB1E1,False,False
21,10,9,cell,cell,9,76,32.6473022332527,0.37513131968831503,0.36889558251394383,True,tension_only_r0.1,PSB1E1,False,False
22,6,4,cell,cell,20,47,8.492976175423074,1.1448074347671258,1.1257775166989537,True,tension_only_r0.1,PSB1E1,False,False
23,11,1,cell,cell,30,57,17.888642161247404,1.380606568797914,1.3576570061983764,True,tension_only_r0.1,PSB1E1,False,False
24,2,11,cell,cell,64,30,36.807369635554466,1.3459847166329144,1.3236106665519534,True,tension_only_r0.1,PSB1E1,False,False
25,12,3,cell,cell,6,65,21.55693389585002,1.340021235660846,1.317746315399323,True,tension_only_r0.1,PSB1E1,False,False
26,4,12,cell,cell,47,6,25.426888509724034,1.1918114193019345,1.1720001628641727,True,tension_only_r0.1,PSB1E1,False,False
27,6,12,cell,cell,20,6,15.248625921510092,1.1582326104896659,1.138979528257555,True,tension_only_r0.1,PSB1E1,False,False
28,3,11,cell,cell,65,30,7.407110534669377,1.3956654597186724,1.3724655760155877,True,tension_only_r0.1,PSB1E1,False,False
29,8,13,cell,cell,61,38,1.0,1.7608718997129835,1.7316012582387683,True,tension_only_r0.1,PSB1E1,False,False
30,12,11,cell,cell,6,30,8.270256484885097,0.6337904081795295,0.6232550297623696,True,tension_only_r0.1,PSB1E1,False,False
31,13,7,cell,cell,38,24,15.39010635853441,1.102857578183193,1.0845249846689327,True,tension_only_r0.1,PSB1E1,False,False
32,79,13,outer,cell,-1,38,32.0,,,False,tension_only_r0.1,PSB1E1,False,False
33,11,10,cell,cell,30,9,19.124249268759062,0.9716311568013881,0.9554799153393907,True,tension_only_r0.1,PSB1E1,False,False
34,14,6,cell,cell,45,20,17.571406914069748,1.4632522593519,1.4389288930259303,True,tension_only_r0.1,PSB1E1,False,False
35,7,14,cell,cell,24,45,36.62581178534588,1.1958871737212398,1.1760081667864863,True,tension_only_r0.1,PSB1E1,False,False
36,12,15,cell,cell,6,43,42.82113706573019,0.6903184681211385,0.6788434344252195,True,tension_only_r0.1,PSB1E1,False,False
37,16,6,cell,cell,59,20,13.542887775980539,1.628205601136575,1.6011402465216562,True,tension_only_r0.1,PSB1E1,False,False
38,15,11,cell,cell,43,30,25.97688019398517,0.7075247131003224,0.6957636632393517,True,tension_only_r0.1,PSB1E1,False,False
39,14,16,cell,cell,45,59,17.85741197085473,0.4466965248094339,0.4392711727281121,True,tension_only_r0.1,PSB1E1,False,False
40,13,14,cell,cell,38,45,21.05885011603588,0.7808488932219558,0.767868989344358,True,tension_only_r0.1,PSB1E1,False,False
41,16,12,cell,cell,59,6,12.800900945335108,1.5982438351085537,1.5716765292792867,True,tension_only_r0.1,PSB1E1,False,False
42,9,17,cell,cell,76,66,21.383755505501632,1.2776151256500674,1.2563775703849551,True,tension_only_r0.1,PSB1E1,False,False
43,16,15,cell,cell,59,43,10.575389707804774,1.3962842381412297,1.3730740686011333,True,tension_only_r0.1,PSB1E1,False,False
44,18,10,cell,cell,81,9,35.95857953244079,1.0966988047686153,1.078468587383231,True,tension_only_r0.1,PSB1E1,False,False
45,17,79,cell,outer,66,-1,44.0,,,False,tension_only_r0.1,PSB1E1,False,False
46,11,18,cell,cell,30,81,12.380567457863684,1.2775749693894256,1.2563380816342602,True,tension_only_r0.1,PSB1E1,False,False
47,10,17,cell,cell,9,66,9.061955145473426,1.4203158648435292,1.3967062221053201,True,tension_only_r0.1,PSB1E1,False,False
48,19,16,cell,cell,15,59,31.63749574795273,0.5098063884921894,0.5013319730499011,True,tension_only_r0.1,PSB1E1,False,False
49,14,19,cell,cell,45,15,18.79337131741975,0.8069543269831085,0.7935404774037954,True,tension_only_r0.1,PSB1E1,False,False
50,18,17,cell,cell,81,66,7.414212791279918,0.8591078510276803,0.8448270632547517,True,tension_only_r0.1,PSB1E1,False,False
51,20,18,cell,cell,70,81,43.89905969201229,0.646487632253572,0.6357411902754286,True,tension_only_r0.1,PSB1E1,False,False
52,11,20,cell,cell,30,70,17.19885154011071,1.8246387605700702,1.7943081345947745,True,tension_only_r0.1,PSB1E1,False,False
53,14,21,cell,cell,45,37,33.12424926875906,1.12151658456648,1.1028738259083501,True,tension_only_r0.1,PSB1E1,False,False
54,21,19,cell,cell,37,15,32.2406277257729,0.51341534434787,0.504880937913071,True,tension_only_r0.1,PSB1E1,False,False
55,22,11,cell,cell,36,30,21.383770944330358,1.47496714506741,1.4504490444057139,True,tension_only_r0.1,PSB1E1,False,False
56,15,22,cell,cell,43,36,11.88357890545815,1.199820890669424,1.179876494299772,True,tension_only_r0.1,PSB1E1,False,False
57,23,15,cell,cell,8,43,42.70319335664614,0.6695370552949576,0.6584074671049053,True,tension_only_r0.1,PSB1E1,False,False
58,16,23,cell,cell,59,8,12.4291669036068,1.3458031839780586,1.3234321514801808,True,tension_only_r0.1,PSB1E1,False,False
59,13,21,cell,cell,38,37,7.948560283577739,1.5279500350833515,1.5025512098339229,True,tension_only_r0.1,PSB1E1,False,False
60,20,17,cell,cell,70,66,11.706521118405632,0.898539838231446,0.8836035799724217,True,tension_only_r0.1,PSB1E1,False,False
61,22,20,cell,cell,36,70,10.516299196660755,0.7708327878957448,0.7580193798478659,True,tension_only_r0.1,PSB1E1,False,False
62,79,21,outer,cell,-1,37,25.0,,,False,tension_only_r0.1,PSB1E1,False,False
63,23,22,cell,cell,8,36,41.76562307746637,0.6829015822681358,0.6715498380668665,True,tension_only_r0.1,PSB1E1,False,False
64,24,20,cell,cell,27,70,46.56677899758387,0.4647260800405004,0.4570010260630929,True,tension_only_r0.1,PSB1E1,False,False
65,25,23,cell,cell,29,8,17.758260392833208,1.3504703492114591,1.3280217353061716,True,tension_only_r0.1,PSB1E1,False,False
66,16,25,cell,cell,59,29,5.178132521123993,1.2008691069078614,1.1809072862373797,True,tension_only_r0.1,PSB1E1,False,False
67,22,24,cell,cell,36,27,47.897366558830754,0.6650024572889952,0.6539482468663341,True,tension_only_r0.1,PSB1E1,False,False
68,19,25,cell,cell,15,29,30.226182998564937,0.9513858537472134,0.9355711461394574,True,tension_only_r0.1,PSB1E1,False,False
69,26,17,cell,cell,90,66,17.909905681743272,0.7595401691045287,0.7469144761289368,True,tension_only_r0.1,PSB1E1,False,False
70,20,26,cell,cell,70,90,51.143157618023764,0.28470031317286804,0.27996779356378226,True,tension_only_r0.1,PSB1E1,False,False
71,27,17,cell,cell,40,66,22.821752885761956,0.685666091406018,0.6742683932907585,True,tension_only_r0.1,PSB1E1,False,False
72,26,27,cell,cell,90,40,13.098205607336544,0.27302637430844856,0.26848790838330655,True,tension_only_r0.1,PSB1E1,False,False
73,25,22,cell,cell,29,36,13.25950623674257,1.4496245368818892,1.4255277016162398,True,tension_only_r0.1,PSB1E1,False,False
74,21,25,cell,cell,37,29,22.02716715500476,1.0637453866436286,1.0460629477124541,True,tension_only_r0.1,PSB1E1,False,False
75,28,21,cell,cell,58,37,42.251703426606184,1.0823028563360297,1.0643119400862475,True,tension_only_r0.1,PSB1E1,False,False
76,79,28,outer,cell,-1,58,55.0,,,False,tension_only_r0.1,PSB1E1,False,False
77,17,29,cell,cell,66,71,1.0,1.4022461238239168,1.3789368509825772,True,tension_only_r0.1,PSB1E1,False,False
78,27,29,cell,cell,40,71,24.52084465486707,0.8183692398914353,0.8047656423677922,True,tension_only_r0.1,PSB1E1,False,False
79,26,29,cell,cell,90,71,37.477390948116515,0.9907763341661175,0.9743068460317219,True,tension_only_r0.1,PSB1E1,False,False
80,29,79,cell,outer,71,-1,23.0,,,False,tension_only_r0.1,PSB1E1,False,False
81,30,22,cell,cell,54,36,10.408106828489114,1.3051453003697666,1.283450116202703,True,tension_only_r0.1,PSB1E1,False,False
82,25,30,cell,cell,29,54,24.493449052110005,1.28036288503087,1.2590796542798204,True,tension_only_r0.1,PSB1E1,False,False
83,20,29,cell,cell,70,71,1.0,1.2031727844444629,1.1831726701767824,True,tension_only_r0.1,PSB1E1,False,False
84,24,29,cell,cell,27,71,3.6124035556762317,1.0636769719054682,1.0459956702195825,True,tension_only_r0.1,PSB1E1,False,False
85,31,22,cell,cell,48,36,14.248884714140999,1.3346809926874101,1.3124948422776213,True,tension_only_r0.1,PSB1E1,False,False
86,32,25,cell,cell,7,29,28.20690036707493,0.7011695049625438,0.6895140965278037,True,tension_only_r0.1,PSB1E1,False,False
87,21,32,cell,cell,37,7,20.437594563251075,1.2546051643282623,1.2337500993103372,True,tension_only_r0.1,PSB1E1,False,False
88,30,31,cell,cell,54,48,32.5291376087808,0.20299383830898954,0.19961951002106254,True,tension_only_r0.1,PSB1E1,False,False
89,24,33,cell,cell,27,50,33.44389264346656,1.1280567844761042,1.1093053093084113,True,tension_only_r0.1,PSB1E1,False,False
90,34,24,cell,cell,46,27,32.381512715783245,0.984243029374592,0.9678821431335116,True,tension_only_r0.1,PSB1E1,False,False
91,22,34,cell,cell,36,46,4.0,1.4031998752659787,1.379874748394303,True,tension_only_r0.1,PSB1E1,False,False
92,33,29,cell,cell,50,71,31.43268111646038,0.3195129064060611,0.31420170362559724,True,tension_only_r0.1,PSB1E1,False,False
93,31,34,cell,cell,48,46,36.50412451720387,0.32498007135641593,0.3195779889241339,True,tension_only_r0.1,PSB1E1,False,False
94,29,35,cell,cell,71,84,27.364406168658004,0.264510317939626,0.26011341281330563,True,tension_only_r0.1,PSB1E1,False,False
95,36,29,cell,cell,73,71,15.282917389171278,0.5287274330510057,0.5199384966536784,True,tension_only_r0.1,PSB1E1,False,False
96,35,36,cell,cell,84,73,10.52659341245351,0.26451031793964286,0.26011341281332223,True,tension_only_r0.1,PSB1E1,False,False
97,25,37,cell,cell,29,39,9.304600147887859,1.4226498792501172,1.3990014386306415,True,tension_only_r0.1,PSB1E1,False,False
98,37,30,cell,cell,39,54,18.159444779418333,0.6712934766538509,0.660134691802825,True,tension_only_r0.1,PSB1E1,False,False
99,34,33,cell,cell,46,50,37.02487766962648,0.677878515278136,0.6666102685720503,True,tension_only_r0.1,PSB1E1,False,False
100,28,32,cell,cell,58,7,12.288599174322512,1.3528765977419508,1.3303879852211788,True,tension_only_r0.1,PSB1E1,False,False
101,32,37,cell,cell,7,39,30.739023779987992,1.0570277687390368,1.039456995503293,True,tension_only_r0.1,PSB1E1,False,False
102,29,36,cell,cell,71,73,13.846829041580529,0.6322788628946057,0.6217686106096273,True,tension_only_r0.1,PSB1E1,False,False
103,36,79,cell,outer,73,-1,14.0,,,False,tension_only_r0.1,PSB1E1,False,False
104,38,32,cell,cell,16,7,24.21099599429711,0.7741281862452758,0.7612599994121715,True,tension_only_r0.1,PSB1E1,False,False
105,28,38,cell,cell,58,16,22.631862853868622,1.3559497564149448,1.3334100593571743,True,tension_only_r0.1,PSB1E1,False,False
106,39,36,cell,cell,56,73,23.110848261641387,1.1771656923792067,1.1575978890977787,True,tension_only_r0.1,PSB1E1,False,False
107,29,39,cell,cell,71,56,28.31039699325344,1.4969992938755352,1.4721149569596435,True,tension_only_r0.1,PSB1E1,False,False
108,37,31,cell,cell,39,48,18.37503912730095,0.7582320491522263,0.7456281008078794,True,tension_only_r0.1,PSB1E1,False,False
109,36,40,cell,cell,73,75,10.256156382364672,1.2161486160437986,1.1959328069747894,True,tension_only_r0.1,PSB1E1,False,False
110,40,79,cell,outer,75,-1,16.0,,,False,tension_only_r0.1,PSB1E1,False,False
111,39,40,cell,cell,56,75,8.0,0.7583608581411291,0.7457547686292542,True,tension_only_r0.1,PSB1E1,False,False
112,33,39,cell,cell,50,56,12.209813131212599,1.5485859221410583,1.522844070433165,True,tension_only_r0.1,PSB1E1,False,False
113,38,37,cell,cell,16,39,15.42372741676506,1.0075288469071093,0.9907808849130798,True,tension_only_r0.1,PSB1E1,False,False
114,41,31,cell,cell,42,48,10.178132521123993,1.2837289492994024,1.262389765096884,True,tension_only_r0.1,PSB1E1,False,False
115,37,41,cell,cell,39,42,28.673590474669485,1.0178833723079805,1.0009632889911597,True,tension_only_r0.1,PSB1E1,False,False
116,33,42,cell,cell,50,79,15.926898902788952,1.5119098491689489,1.4867776569046662,True,tension_only_r0.1,PSB1E1,False,False
117,41,34,cell,cell,42,46,27.07492621004454,1.1575318600647115,1.1382904262747475,True,tension_only_r0.1,PSB1E1,False,False
118,42,39,cell,cell,79,56,21.500184371978747,0.31567932078378236,0.3104318429740723,True,tension_only_r0.1,PSB1E1,False,False
119,43,40,cell,cell,18,75,11.966186905421392,0.9411545716941533,0.9255099367582624,True,tension_only_r0.1,PSB1E1,False,False
120,28,44,cell,cell,58,49,12.178132521123993,0.9826416522108956,0.9663073853603746,True,tension_only_r0.1,PSB1E1,False,False
121,39,43,cell,cell,56,18,27.211539066175764,0.9479831360065422,0.9322249911340091,True,tension_only_r0.1,PSB1E1,False,False
122,44,38,cell,cell,49,16,29.542160120718492,0.7796959068813205,0.7667351688782005,True,tension_only_r0.1,PSB1E1,False,False
123,79,44,outer,cell,-1,49,32.0,,,False,tension_only_r0.1,PSB1E1,False,False
124,33,45,cell,cell,50,69,25.49010561284418,1.2648840757575197,1.243858146333592,True,tension_only_r0.1,PSB1E1,False,False
125,45,42,cell,cell,69,79,26.766413073314293,0.43200197094806436,0.42482088366406817,True,tension_only_r0.1,PSB1E1,False,False
126,43,79,cell,outer,18,-1,21.0,,,False,tension_only_r0.1,PSB1E1,False,False
127,34,45,cell,cell,46,69,6.758875380616839,1.6834115269227687,1.6554284946157911,True,tension_only_r0.1,PSB1E1,False,False
128,41,45,cell,cell,42,69,11.560749355453556,1.1910660953058394,1.1712672282482905,True,tension_only_r0.1,PSB1E1,False,False
129,46,37,cell,cell,72,39,34.87484168415122,0.5687615475967791,0.559307131664116,True,tension_only_r0.1,PSB1E1,False,False
130,38,46,cell,cell,16,72,21.163545879262802,1.156429481303724,1.1372063721479861,True,tension_only_r0.1,PSB1E1,False,False
131,39,47,cell,cell,56,41,32.0135739976799,0.9640415095034229,0.9480164293169906,True,tension_only_r0.1,PSB1E1,False,False
132,47,43,cell,cell,41,18,16.04200787916251,0.36763470573917334,0.3615235833645566,True,tension_only_r0.1,PSB1E1,False,False
133,46,41,cell,cell,72,42,9.03151915340722,0.9061197988417405,0.8910575403271332,True,tension_only_r0.1,PSB1E1,False,False
134,48,45,cell,cell,31,69,16.55502499695745,0.6052001715390906,0.5951400432332543,True,tension_only_r0.1,PSB1E1,False,False
135,41,48,cell,cell,42,31,29.885725007398538,0.9190781249367286,0.9038004626114896,True,tension_only_r0.1,PSB1E1,False,False
136,42,47,cell,cell,79,41,18.128754806663395,1.0136018415780346,0.9967529293390064,True,tension_only_r0.1,PSB1E1,False,True
137,46,49,cell,cell,72,32,28.91202137108494,0.6167080760424791,0.6064566540105671,True,tension_only_r0.1,PSB1E1,False,False
138,49,41,cell,cell,32,42,14.348697113010754,0.7370329238670781,0.7247813645840194,True,tension_only_r0.1,PSB1E1,False,False
139,43,50,cell,cell,18,10,21.266101397685784,1.3186930131102403,1.2967726278695002,True,tension_only_r0.1,PSB1E1,False,False
140,51,46,cell,cell,17,72,16.432343435394504,0.8757781933689839,0.8612202976394775,True,tension_only_r0.1,PSB1E1,False,False
141,38,51,cell,cell,16,17,12.797007458738197,1.7846388041582522,1.754973089914074,True,tension_only_r0.1,PSB1E1,False,False
142,43,52,cell,cell,18,21,10.0,1.3144146408880064,1.2925653742217809,True,tension_only_r0.1,PSB1E1,False,False
143,50,79,cell,outer,10,-1,20.0,,,False,tension_only_r0.1,PSB1E1,False,False
144,52,50,cell,cell,21,10,22.974929650799123,0.2072049564399735,0.2037606275296062,True,tension_only_r0.1,PSB1E1,False,False
145,47,52,cell,cell,41,21,45.590491017519774,1.2732576523091235,1.252092530501503,True,tension_only_r0.1,PSB1E1,False,False
146,45,53,cell,cell,69,25,15.389452443425288,1.3305656852251624,1.308447942795138,True,tension_only_r0.1,PSB1E1,True,True
147,38,54,cell,cell,16,1,11.300477600493675,1.575367277997132,1.549180244862024,True,tension_only_r0.1,PSB1E1,False,False
148,53,42,cell,cell,25,79,16.28730109467216,1.1833680961563102,1.1636971914867191,True,tension_only_r0.1,PSB1E1,False,True
149,51,49,cell,cell,17,32,17.564166420508393,0.47908517761838354,0.47112143507018106,True,tension_only_r0.1,PSB1E1,False,False
150,53,47,cell,cell,25,41,13.962389593156944,0.7391032867182779,0.7268173121840309,True,tension_only_r0.1,PSB1E1,False,False
151,44,54,cell,cell,49,1,10.816938326018091,1.7613935754554861,1.7321142622637955,True,tension_only_r0.1,PSB1E1,False,False
152,54,51,cell,cell,1,17,22.59234531240391,0.7601150869587487,0.7474798372321002,True,tension_only_r0.1,PSB1E1,False,False
153,48,53,cell,cell,31,25,1.4169730060943293,1.1683597915042019,1.1489383670521547,True,tension_only_r0.1,PSB1E1,False,True
154,48,55,cell,cell,31,78,27.647312281630935,0.8078215922297804,0.7943933262638452,True,tension_only_r0.1,PSB1E1,False,True
155,55,53,cell,cell,78,25,22.43016635609448,0.7264740716834316,0.7143980302087365,True,tension_only_r0.1,PSB1E1,False,False
156,79,54,outer,cell,-1,1,20.0,,,False,tension_only_r0.1,PSB1E1,False,False
157,49,56,cell,cell,32,22,24.115686281145827,1.1636932940891116,1.1443494399434564,True,tension_only_r0.1,PSB1E1,False,True
158,56,41,cell,cell,22,42,26.266265273093495,1.0904913809526355,1.0723643484025738,True,tension_only_r0.1,PSB1E1,False,True
159,41,55,cell,cell,42,78,15.29262438519661,1.4910907287603696,1.466304608807984,True,tension_only_r0.1,PSB1E1,False,True
160,53,52,cell,cell,25,21,9.488236360167233,1.3016956519240592,1.280057810612477,True,tension_only_r0.1,PSB1E1,False,False
161,41,57,cell,cell,42,86,2.0,1.780293160766239,1.7506996833325426,True,tension_only_r0.1,PSB1E1,False,False
162,57,55,cell,cell,86,78,38.108449391545875,0.5110456402809247,0.5025506249898851,True,tension_only_r0.1,PSB1E1,False,False
163,56,57,cell,cell,22,86,25.190179589233598,0.8470200814579897,0.8329402263987667,True,tension_only_r0.1,PSB1E1,False,False
164,49,58,cell,cell,32,85,1.0,0.9753970230392809,0.9591831822930839,True,tension_only_r0.1,PSB1E1,False,True
165,58,56,cell,cell,85,22,13.0,0.5930730224668729,0.5832144814727854,True,tension_only_r0.1,PSB1E1,False,False
166,51,58,cell,cell,17,85,15.088400762534532,0.8718270320977229,0.8573348157768077,True,tension_only_r0.1,PSB1E1,False,False
167,50,59,cell,cell,10,53,20.414212791279915,1.0157618699509698,0.9988770519676972,True,tension_only_r0.1,PSB1E1,False,False
168,59,79,cell,outer,53,-1,16.0,,,False,tension_only_r0.1,PSB1E1,False,False
169,60,52,cell,cell,33,21,33.27319451869225,0.7884069159001958,0.7753013764371219,True,tension_only_r0.1,PSB1E1,False,False
170,53,60,cell,cell,25,33,13.17525600417612,1.6808990870346725,1.6529578185420881,True,tension_only_r0.1,PSB1E1,False,False
171,52,59,cell,cell,21,53,31.873476449279842,1.0463003608221857,1.0289079072649676,True,tension_only_r0.1,PSB1E1,False,False
172,54,61,cell,cell,1,5,18.259377511201613,0.9137969291757483,0.8986070551715678,True,tension_only_r0.1,PSB1E1,False,True
173,61,51,cell,cell,5,17,2.885901801066649,1.094589382133549,1.076394229282773,True,tension_only_r0.1,PSB1E1,False,False
174,53,62,cell,cell,25,26,20.381722590571293,1.270680395656557,1.2495581151001807,True,tension_only_r0.1,PSB1E1,False,False
175,51,63,cell,cell,17,74,21.24848321894957,0.9191149530551201,0.9038366785430153,True,tension_only_r0.1,PSB1E1,False,False
176,62,60,cell,cell,26,33,33.69178969909518,0.5947110212782704,0.5848252521388809,True,tension_only_r0.1,PSB1E1,False,False
177,63,58,cell,cell,74,85,8.013399058653958,0.4601771218524985,0.4525276843490797,True,tension_only_r0.1,PSB1E1,False,False
178,61,63,cell,cell,5,74,10.300477600493675,0.6813684851083022,0.6700422252919662,True,tension_only_r0.1,PSB1E1,False,False
179,79,61,outer,cell,-1,5,16.0,,,False,tension_only_r0.1,PSB1E1,False,False
180,55,62,cell,cell,78,26,15.415184912590652,1.4813762991826485,1.4567516603609132,True,tension_only_r0.1,PSB1E1,False,False
181,56,64,cell,cell,22,12,24.6650584123438,0.9671468567366195,0.9510701569488234,True,tension_only_r0.1,PSB1E1,False,False
182,64,57,cell,cell,12,86,23.870567088672075,0.5466050088803074,0.5375188969118254,True,tension_only_r0.1,PSB1E1,False,False
183,58,64,cell,cell,85,12,1.4169730060943293,1.1705320271353064,1.1510744940200646,True,tension_only_r0.1,PSB1E1,False,False
184,58,65,cell,cell,85,11,7.0,1.1436583125635091,1.124647496136994,True,tension_only_r0.1,PSB1E1,False,False
185,63,65,cell,cell,74,11,15.956760348895072,1.0907059161523989,1.0725753174241746,True,tension_only_r0.1,PSB1E1,False,False
186,65,64,cell,cell,11,12,20.661592929355102,0.5532994445311967,0.5441020522215149,True,tension_only_r0.1,PSB1E1,False,False
187,60,59,cell,cell,33,53,13.930351478407552,0.6504126729134554,0.6396009857247172,True,tension_only_r0.1,PSB1E1,False,False
188,57,62,cell,cell,86,26,20.15861143655219,1.30834083377766,1.2865925308614605,True,tension_only_r0.1,PSB1E1,False,False
189,59,66,cell,cell,53,13,52.40480447017457,1.3534610693592526,1.3309627412770224,True,tension_only_r0.1,PSB1E1,False,False
190,67,63,cell,cell,4,74,11.178132521123993,1.303685496717983,1.282014578591692,True,tension_only_r0.1,PSB1E1,False,False
191,66,79,cell,outer,13,-1,26.0,,,False,tension_only_r0.1,PSB1E1,False,False
192,61,67,cell,cell,5,4,21.062795653757675,1.4014525655160912,1.378156483844831,True,tension_only_r0.1,PSB1E1,False,False
193,67,65,cell,cell,4,11,15.59342098500197,0.6982879987686068,0.6866804890678531,True,tension_only_r0.1,PSB1E1,False,False
194,79,67,outer,cell,-1,4,25.0,,,False,tension_only_r0.1,PSB1E1,False,False
195,68,57,cell,cell,52,86,19.72436821906247,1.6842234119295072,1.6562268838111907,True,tension_only_r0.1,PSB1E1,False,False
196,59,69,cell,cell,53,14,4.0,1.3004651911440464,1.2788478035499353,True,tension_only_r0.1,PSB1E1,False,False
197,64,68,cell,cell,12,52,26.252021099987154,1.359665766909329,1.3370642993099802,True,tension_only_r0.1,PSB1E1,False,False
198,69,66,cell,cell,14,13,27.76922689230196,0.48499610254166814,0.47693410380331425,True,tension_only_r0.1,PSB1E1,False,False
199,60,69,cell,cell,33,14,40.59940368740814,1.5614360462651147,1.5354805893675447,True,tension_only_r0.1,PSB1E1,False,False
200,57,70,cell,cell,86,19,6.129688755600806,1.893873449059629,1.8623919479157947,True,tension_only_r0.1,PSB1E1,False,False
201,70,62,cell,cell,19,26,13.136529901785622,1.1419508273281544,1.122968394106661,True,tension_only_r0.1,PSB1E1,False,False
202,68,70,cell,cell,52,19,12.288470448781554,0.8557960596228065,0.8415703231337703,True,tension_only_r0.1,PSB1E1,False,False
203,71,60,cell,cell,44,33,16.59581103717872,0.9301534671774311,0.9146917015270243,True,tension_only_r0.1,PSB1E1,False,False
204,62,71,cell,cell,26,44,21.519141199026095,0.9371647634394547,0.9215864503336715,True,tension_only_r0.1,PSB1E1,False,False
205,72,64,cell,cell,55,12,9.511854957504882,1.190782753219572,1.1709885961040827,True,tension_only_r0.1,PSB1E1,False,False
206,65,72,cell,cell,11,55,22.0,1.064944090334822,1.047241725578274,True,tension_only_r0.1,PSB1E1,False,False
207,67,72,cell,cell,4,55,19.291142789094877,1.1535630814042894,1.1343876198734537,True,tension_only_r0.1,PSB1E1,False,False
208,72,68,cell,cell,55,52,38.45667402697315,0.40819248074456815,0.4014071741255618,True,tension_only_r0.1,PSB1E1,False,False
209,70,71,cell,cell,19,44,23.27783514545327,0.620993840025979,0.6106711765476991,True,tension_only_r0.1,PSB1E1,False,False
210,71,69,cell,cell,44,14,15.739759963874995,1.1100731045758108,1.0916205687272327,True,tension_only_r0.1,PSB1E1,False,False
211,66,73,cell,cell,13,28,52.05674687925857,0.3317049571826035,0.32619108824160076,True,tension_only_r0.1,PSB1E1,False,False
212,68,74,cell,cell,52,23,56.01491449249744,0.616888157400042,0.606633741909688,True,tension_only_r0.1,PSB1E1,False,False
213,74,70,cell,cell,23,19,33.55406307245306,0.7264333900779434,0.7143580248459035,True,tension_only_r0.1,PSB1E1,False,False
214,73,79,cell,outer,28,-1,81.12448474893256,,,False,tension_only_r0.1,PSB1E1,False,False
215,67,75,cell,cell,4,3,21.248498537518127,0.9512944173578635,0.9354812296799618,True,tension_only_r0.1,PSB1E1,False,False
216,75,72,cell,cell,3,55,23.356265042247983,0.6890440656522159,0.6775902161081752,True,tension_only_r0.1,PSB1E1,False,False
217,79,75,outer,cell,-1,3,38.12448474893257,,,False,tension_only_r0.1,PSB1E1,False,False
218,71,76,cell,cell,44,51,18.699386311061062,1.0459482730842864,1.028561672215129,True,tension_only_r0.1,PSB1E1,False,False
219,76,69,cell,cell,51,14,25.165594170364155,0.9694047334873548,0.9532905014401851,True,tension_only_r0.1,PSB1E1,False,False
220,69,73,cell,cell,14,28,21.458090669057384,0.7066172042256885,0.6948712397135773,True,tension_only_r0.1,PSB1E1,False,False
221,70,76,cell,cell,19,51,29.397875409119525,1.0169038000723023,1.0,True,tension_only_r0.1,PSB1E1,False,False
222,77,68,cell,cell,80,52,9.124249268759064,0.6790838111141175,0.6677955290026789,True,tension_only_r0.1,PSB1E1,False,False
223,72,77,cell,cell,55,80,28.383611461392118,0.9594705182094317,0.9435214207491535,True,tension_only_r0.1,PSB1E1,False,False
224,75,77,cell,cell,3,80,18.486472392449137,1.1673381746734701,1.1479337323653152,True,tension_only_r0.1,PSB1E1,False,False
225,77,74,cell,cell,80,23,10.414212791279919,0.4357516866499199,0.42850826854903856,True,tension_only_r0.1,PSB1E1,False,False
226,78,73,cell,cell,34,28,9.593839488279437,1.3387794476300443,1.316525169376746,True,tension_only_r0.1,PSB1E1,False,False
227,69,78,cell,cell,14,34,33.30238178988306,1.3190061658842367,1.2970805751639976,True,tension_only_r0.1,PSB1E1,False,False
228,76,78,cell,cell,51,34,7.425532740976077,1.220326589059097,1.2000413303326543,True,tension_only_r0.1,PSB1E1,False,False
229,74,76,cell,cell,23,51,5.419681139337311,1.4697335694627554,1.4453024655412405,True,tension_only_r0.1,PSB1E1,False,False
230,78,79,cell,outer,34,-1,46.0,,,False,tension_only_r0.1,PSB1E1,False,False
231,76,79,cell,outer,51,-1,50.0,,,False,tension_only_r0.1,PSB1E1,False,False
232,74,79,cell,outer,23,-1,55.0,,,False,tension_only_r0.1,PSB1E1,False,False
233,77,79,cell,outer,80,-1,50.0,,,False,tension_only_r0.1,PSB1E1,False,False
0,0,79,cell,outer,63,-1,46.12448474893257,,,False,pressure_curvature_r0.1,PSB1E1,False,False
1,79,1,outer,cell,-1,57,41.0,,,False,pressure_curvature_r0.1,PSB1E1,False,False
2,79,2,outer,cell,-1,64,44.0,,,False,pressure_curvature_r0.1,PSB1E1,False,False
3,79,3,outer,cell,-1,65,21.0,,,False,pressure_curvature_r0.1,PSB1E1,False,False
4,79,4,outer,cell,-1,47,18.0,,,False,pressure_curvature_r0.1,PSB1E1,False,False
5,79,5,outer,cell,-1,60,19.0,,,False,pressure_curvature_r0.1,PSB1E1,False,False
6,79,6,outer,cell,-1,20,31.0,,,False,pressure_curvature_r0.1,PSB1E1,False,False
7,79,7,outer,cell,-1,24,14.0,,,False,pressure_curvature_r0.1,PSB1E1,False,False
8,79,8,outer,cell,-1,61,46.124484748932566,,,False,pressure_curvature_r0.1,PSB1E1,False,False
9,1,0,cell,cell,57,63,11.782944640647951,0.7940691488355522,0.8369090733296344,True,pressure_curvature_r0.1,PSB1E1,False,False
10,2,1,cell,cell,64,57,14.557194058940699,0.4470862934643698,0.47120653926719364,True,pressure_curvature_r0.1,PSB1E1,False,False
11,3,2,cell,cell,65,64,20.77763612788992,0.0480510374239842,0.05064338447351314,True,pressure_curvature_r0.1,PSB1E1,False,False
12,4,3,cell,cell,47,65,13.124377994300021,0.4712222557421857,0.4966446334853952,True,pressure_curvature_r0.1,PSB1E1,False,False
13,5,4,cell,cell,60,47,13.561266501861565,0.6819533090726121,0.7187445989898714,True,pressure_curvature_r0.1,PSB1E1,False,False
14,6,5,cell,cell,20,60,13.5416478658645,0.6325890185407711,0.6667171115787799,True,pressure_curvature_r0.1,PSB1E1,False,False
15,7,6,cell,cell,24,20,24.57076389819096,0.6265536576017817,0.6603561437234408,True,pressure_curvature_r0.1,PSB1E1,False,False
16,8,7,cell,cell,61,24,33.76630570512597,1.7296615950396432,1.8229766070136917,True,pressure_curvature_r0.1,PSB1E1,False,False
17,0,9,cell,cell,63,76,20.124249268759066,1.747393712505039,1.8416653698473802,True,pressure_curvature_r0.1,PSB1E1,False,False
18,9,79,cell,outer,76,-1,31.0,,,False,pressure_curvature_r0.1,PSB1E1,False,False
19,0,10,cell,cell,63,9,12.0,1.6735684769255605,1.7638572726712505,True,pressure_curvature_r0.1,PSB1E1,False,False
20,1,10,cell,cell,57,9,35.2666837825262,1.2508069848306498,1.3182878545576673,True,pressure_curvature_r0.1,PSB1E1,False,False
21,10,9,cell,cell,9,76,32.6473022332527,0.34919953511951624,0.3680388033870544,True,pressure_curvature_r0.1,PSB1E1,False,False
22,6,4,cell,cell,20,47,8.492976175423074,0.5799567994025265,0.6112453912495561,True,pressure_curvature_r0.1,PSB1E1,False,False
23,11,1,cell,cell,30,57,17.888642161247404,1.220661367252595,1.2865158849386533,True,pressure_curvature_r0.1,PSB1E1,False,False
24,2,11,cell,cell,64,30,36.807369635554466,1.1951065975409645,1.259582438815132,True,pressure_curvature_r0.1,PSB1E1,False,False
25,12,3,cell,cell,6,65,21.55693389585002,1.0569366291047622,1.113958219040949,True,pressure_curvature_r0.1,PSB1E1,False,False
26,4,12,cell,cell,47,6,25.426888509724034,1.1625010589654947,1.2252178357895316,True,pressure_curvature_r0.1,PSB1E1,False,False
27,6,12,cell,cell,20,6,15.248625921510092,0.910374497467048,0.959489079981704,True,pressure_curvature_r0.1,PSB1E1,False,False
28,3,11,cell,cell,65,30,7.407110534669377,1.1259361401572057,1.1866802444965145,True,pressure_curvature_r0.1,PSB1E1,False,False
29,8,13,cell,cell,61,38,1.0,2.3421726752258465,2.4685325781460357,True,pressure_curvature_r0.1,PSB1E1,False,False
30,12,11,cell,cell,6,30,8.270256484885097,0.7277161204579201,0.7669763079356229,True,pressure_curvature_r0.1,PSB1E1,False,False
31,13,7,cell,cell,38,24,15.39010635853441,0.9488117337243771,1.0,True,pressure_curvature_r0.1,PSB1E1,False,False
32,79,13,outer,cell,-1,38,32.0,,,False,pressure_curvature_r0.1,PSB1E1,False,False
33,11,10,cell,cell,30,9,19.124249268759062,0.677657523264187,0.7142170561109877,True,pressure_curvature_r0.1,PSB1E1,False,False
34,14,6,cell,cell,45,20,17.571406914069748,1.188954285997081,1.253098210885389,True,pressure_curvature_r0.1,PSB1E1,False,False
35,7,14,cell,cell,24,45,36.62581178534588,1.1311937578614493,1.1922215099734979,True,pressure_curvature_r0.1,PSB1E1,False,False
36,12,15,cell,cell,6,43,42.82113706573019,0.8486693661856279,0.8944549651112981,True,pressure_curvature_r0.1,PSB1E1,False,False
37,16,6,cell,cell,59,20,13.542887775980539,1.2339226080252803,1.3004925678793575,True,pressure_curvature_r0.1,PSB1E1,False,False
38,15,11,cell,cell,43,30,25.97688019398517,0.6413508521923497,0.6759516449853027,True,pressure_curvature_r0.1,PSB1E1,False,False
39,14,16,cell,cell,45,59,17.85741197085473,0.2855078181907108,0.30091092683898946,True,pressure_curvature_r0.1,PSB1E1,False,False
40,13,14,cell,cell,38,45,21.05885011603588,0.4772921498518171,0.5030419975713191,True,pressure_curvature_r0.1,PSB1E1,False,False
41,16,12,cell,cell,59,6,12.800900945335108,1.4950541826355488,1.5757121560533431,True,pressure_curvature_r0.1,PSB1E1,False,False
42,9,17,cell,cell,76,66,21.383755505501632,0.7311893724940735,0.7706369414551092,True,pressure_curvature_r0.1,PSB1E1,False,False
43,16,15,cell,cell,59,43,10.575389707804774,1.2554852728748445,1.323218535616839,True,pressure_curvature_r0.1,PSB1E1,False,False
44,18,10,cell,cell,81,9,35.95857953244079,0.858666139433493,0.9049910629403423,True,pressure_curvature_r0.1,PSB1E1,False,False
45,17,79,cell,outer,66,-1,44.0,,,False,pressure_curvature_r0.1,PSB1E1,False,False
46,11,18,cell,cell,30,81,12.380567457863684,0.9631389735159739,1.015100192464271,True,pressure_curvature_r0.1,PSB1E1,False,False
47,10,17,cell,cell,9,66,9.061955145473426,0.8461234743979853,0.8917717228018367,True,pressure_curvature_r0.1,PSB1E1,False,False
48,19,16,cell,cell,15,59,31.63749574795273,0.630601932701248,0.664622822723684,True,pressure_curvature_r0.1,PSB1E1,False,False
49,14,19,cell,cell,45,15,18.79337131741975,0.7062057155506987,0.7443054195573916,True,pressure_curvature_r0.1,PSB1E1,False,False
50,18,17,cell,cell,81,66,7.414212791279918,0.6276898247574688,0.6615536069453881,True,pressure_curvature_r0.1,PSB1E1,False,False
51,20,18,cell,cell,70,81,43.89905969201229,0.5244972474464882,0.552793803874743,True,pressure_curvature_r0.1,PSB1E1,False,False
52,11,20,cell,cell,30,70,17.19885154011071,1.1653336163864014,1.2282032093048738,True,pressure_curvature_r0.1,PSB1E1,False,False
53,14,21,cell,cell,45,37,33.12424926875906,0.6099091048272813,0.6428136195504255,True,pressure_curvature_r0.1,PSB1E1,False,False
54,21,19,cell,cell,37,15,32.2406277257729,0.43483782220542916,0.45829726462019743,True,pressure_curvature_r0.1,PSB1E1,False,False
55,22,11,cell,cell,36,30,21.383770944330358,1.123776987476527,1.1844046058171707,True,pressure_curvature_r0.1,PSB1E1,False,False
56,15,22,cell,cell,43,36,11.88357890545815,1.2461086500744178,1.3133360452690221,True,pressure_curvature_r0.1,PSB1E1,False,False
57,23,15,cell,cell,8,43,42.70319335664614,0.7494048376892897,0.789835128564068,True,pressure_curvature_r0.1,PSB1E1,False,False
58,16,23,cell,cell,59,8,12.4291669036068,1.3734259441380998,1.4475220903381767,True,pressure_curvature_r0.1,PSB1E1,False,False
59,13,21,cell,cell,38,37,7.948560283577739,0.5268898413605778,0.5553154779108533,True,pressure_curvature_r0.1,PSB1E1,False,False
60,20,17,cell,cell,70,66,11.706521118405632,0.501979380619533,0.5290611011408026,True,pressure_curvature_r0.1,PSB1E1,False,False
61,22,20,cell,cell,36,70,10.516299196660755,0.7922635068382682,0.835006017187826,True,pressure_curvature_r0.1,PSB1E1,False,False
62,79,21,outer,cell,-1,37,25.0,,,False,pressure_curvature_r0.1,PSB1E1,False,False
63,23,22,cell,cell,8,36,41.76562307746637,0.8570814777475269,0.9033209089681249,True,pressure_curvature_r0.1,PSB1E1,False,False
64,24,20,cell,cell,27,70,46.56677899758387,0.7239396362252661,0.7629960828831458,True,pressure_curvature_r0.1,PSB1E1,False,False
65,25,23,cell,cell,29,8,17.758260392833208,1.3844674878912884,1.459159323901728,True,pressure_curvature_r0.1,PSB1E1,False,False
66,16,25,cell,cell,59,29,5.178132521123993,0.8561246856228023,0.9023124980360965,True,pressure_curvature_r0.1,PSB1E1,False,False
67,22,24,cell,cell,36,27,47.897366558830754,0.7353575161910137,0.7750299559476461,True,pressure_curvature_r0.1,PSB1E1,False,False
68,19,25,cell,cell,15,29,30.226182998564937,0.6209440279977493,0.6544438753517028,True,pressure_curvature_r0.1,PSB1E1,False,False
69,26,17,cell,cell,90,66,17.909905681743272,0.47030926755327174,0.49568238970566225,True,pressure_curvature_r0.1,PSB1E1,False,False
70,20,26,cell,cell,70,90,51.143157618023764,0.1598611306807871,0.16848561732397968,True,pressure_curvature_r0.1,PSB1E1,False,False
71,27,17,cell,cell,40,66,22.821752885761956,0.8163612991030813,0.8604038821259227,True,pressure_curvature_r0.1,PSB1E1,False,False
72,26,27,cell,cell,90,40,13.098205607336544,0.8528462261637795,0.8988571661272531,True,pressure_curvature_r0.1,PSB1E1,False,False
73,25,22,cell,cell,29,36,13.25950623674257,1.3888667844692675,1.4637959619423542,True,pressure_curvature_r0.1,PSB1E1,False,False
74,21,25,cell,cell,37,29,22.02716715500476,0.3861353778435179,0.4069673298914824,True,pressure_curvature_r0.1,PSB1E1,False,False
75,28,21,cell,cell,58,37,42.251703426606184,0.6558554281336327,0.6912387408608439,True,pressure_curvature_r0.1,PSB1E1,False,False
76,79,28,outer,cell,-1,58,55.0,,,False,pressure_curvature_r0.1,PSB1E1,False,False
77,17,29,cell,cell,66,71,1.0,1.8683479950365358,1.9691451197622702,True,pressure_curvature_r0.1,PSB1E1,False,False
78,27,29,cell,cell,40,71,24.52084465486707,1.3192846935523614,1.3904599265164694,True,pressure_curvature_r0.1,PSB1E1,False,False
79,26,29,cell,cell,90,71,37.477390948116515,1.756327840632455,1.8510814929936936,True,pressure_curvature_r0.1,PSB1E1,False,False
80,29,79,cell,outer,71,-1,23.0,,,False,pressure_curvature_r0.1,PSB1E1,False,False
81,30,22,cell,cell,54,36,10.408106828489114,1.6607898079112398,1.7503891961708045,True,pressure_curvature_r0.1,PSB1E1,False,False
82,25,30,cell,cell,29,54,24.493449052110005,1.479705392981253,1.5595353012477569,True,pressure_curvature_r0.1,PSB1E1,False,False
83,20,29,cell,cell,70,71,1.0,1.8305377834575274,1.9292950523199213,True,pressure_curvature_r0.1,PSB1E1,False,False
84,24,29,cell,cell,27,71,3.6124035556762317,1.4625019090872442,1.5414036916960077,True,pressure_curvature_r0.1,PSB1E1,False,False
85,31,22,cell,cell,48,36,14.248884714140999,1.6647089397293289,1.7545197646268935,True,pressure_curvature_r0.1,PSB1E1,False,False
86,32,25,cell,cell,7,29,28.20690036707493,0.8060617527188785,0.849548676590285,True,pressure_curvature_r0.1,PSB1E1,False,False
87,21,32,cell,cell,37,7,20.437594563251075,0.9787916409460831,1.0315973192110786,True,pressure_curvature_r0.1,PSB1E1,False,False
88,30,31,cell,cell,54,48,32.5291376087808,0.4031202717903176,0.4248685565975738,True,pressure_curvature_r0.1,PSB1E1,False,False
89,24,33,cell,cell,27,50,33.44389264346656,1.5795055674609904,1.6647196818076295,True,pressure_curvature_r0.1,PSB1E1,False,False
90,34,24,cell,cell,46,27,32.381512715783245,1.2837891368762464,1.3530493892997932,True,pressure_curvature_r0.1,PSB1E1,False,False
91,22,34,cell,cell,36,46,4.0,1.7041910778240577,1.7961319587971207,True,pressure_curvature_r0.1,PSB1E1,False,False
92,33,29,cell,cell,50,71,31.43268111646038,0.4460927846348728,0.4701594307690755,True,pressure_curvature_r0.1,PSB1E1,False,False
93,31,34,cell,cell,48,46,36.50412451720387,0.5170724511012332,0.5449684407585952,True,pressure_curvature_r0.1,PSB1E1,False,False
94,29,35,cell,cell,71,84,27.364406168658004,0.4450118202515918,0.46902014850173057,True,pressure_curvature_r0.1,PSB1E1,False,False
95,36,29,cell,cell,73,71,15.282917389171278,0.8318642677963869,0.8767432339090754,True,pressure_curvature_r0.1,PSB1E1,False,False
96,35,36,cell,cell,84,73,10.52659341245351,0.5200644573172966,0.5481218653102908,True,pressure_curvature_r0.1,PSB1E1,False,False
97,25,37,cell,cell,29,39,9.304600147887859,1.4398289158983317,1.5175074935536068,True,pressure_curvature_r0.1,PSB1E1,False,False
98,37,30,cell,cell,39,54,18.159444779418333,1.083664871110514,1.1421284461320866,True,pressure_curvature_r0.1,PSB1E1,False,False
99,34,33,cell,cell,46,50,37.02487766962648,0.7378841897622879,0.7776929432205334,True,pressure_curvature_r0.1,PSB1E1,False,False
100,28,32,cell,cell,58,7,12.288599174322512,1.0611144895911502,1.1183614745424262,True,pressure_curvature_r0.1,PSB1E1,False,False
101,32,37,cell,cell,7,39,30.739023779987992,1.1309700025599252,1.1919856831033497,True,pressure_curvature_r0.1,PSB1E1,False,False
102,29,36,cell,cell,71,73,13.846829041580529,1.0658561730224574,1.1233589711613756,True,pressure_curvature_r0.1,PSB1E1,False,False
103,36,79,cell,outer,73,-1,14.0,,,False,pressure_curvature_r0.1,PSB1E1,False,False
104,38,32,cell,cell,16,7,24.21099599429711,0.7540828720999831,0.7947655423062451,True,pressure_curvature_r0.1,PSB1E1,False,False
105,28,38,cell,cell,58,16,22.631862853868622,0.767359760835642,0.8087587174154345,True,pressure_curvature_r0.1,PSB1E1,False,False
106,39,36,cell,cell,56,73,23.110848261641387,1.5585732485151356,1.64265806705115,True,pressure_curvature_r0.1,PSB1E1,False,False
107,29,39,cell,cell,71,56,28.31039699325344,1.923588370941153,2.0273657065669695,True,pressure_curvature_r0.1,PSB1E1,False,False
108,37,31,cell,cell,39,48,18.37503912730095,1.0514130685974763,1.1081366631822285,True,pressure_curvature_r0.1,PSB1E1,False,False
109,36,40,cell,cell,73,75,10.256156382364672,1.6374920115501068,1.725834486808514,True,pressure_curvature_r0.1,PSB1E1,False,False
110,40,79,cell,outer,75,-1,16.0,,,False,pressure_curvature_r0.1,PSB1E1,False,False
111,39,40,cell,cell,56,75,8.0,0.6463516972784057,0.6812222849956514,True,pressure_curvature_r0.1,PSB1E1,False,False
112,33,39,cell,cell,50,56,12.209813131212599,2.075519329920639,2.1874933204858134,True,pressure_curvature_r0.1,PSB1E1,False,False
113,38,37,cell,cell,16,39,15.42372741676506,0.7930331753362057,0.8358172091984014,True,pressure_curvature_r0.1,PSB1E1,False,False
114,41,31,cell,cell,42,48,10.178132521123993,1.3783897494160586,1.4527536922477298,True,pressure_curvature_r0.1,PSB1E1,False,False
115,37,41,cell,cell,39,42,28.673590474669485,1.0094930538714308,1.063955069262119,True,pressure_curvature_r0.1,PSB1E1,False,False
116,33,42,cell,cell,50,79,15.926898902788952,2.0438986401565504,2.154166698733395,True,pressure_curvature_r0.1,PSB1E1,False,False
117,41,34,cell,cell,42,46,27.07492621004454,1.1818286441582644,1.2455881416213357,True,pressure_curvature_r0.1,PSB1E1,False,False
118,42,39,cell,cell,79,56,21.500184371978747,0.26929923531452793,0.2838278930820615,True,pressure_curvature_r0.1,PSB1E1,False,False
119,43,40,cell,cell,18,75,11.966186905421392,0.8009608095367796,0.8441725382049848,True,pressure_curvature_r0.1,PSB1E1,False,False
120,28,44,cell,cell,58,49,12.178132521123993,0.5742235047295592,0.6052027860949356,True,pressure_curvature_r0.1,PSB1E1,False,False
121,39,43,cell,cell,56,18,27.211539066175764,0.9425146827557279,0.993363223972862,True,pressure_curvature_r0.1,PSB1E1,False,False
122,44,38,cell,cell,49,16,29.542160120718492,0.6046544738523281,0.6372755019363786,True,pressure_curvature_r0.1,PSB1E1,False,False
123,79,44,outer,cell,-1,49,32.0,,,False,pressure_curvature_r0.1,PSB1E1,False,False
124,33,45,cell,cell,50,69,25.49010561284418,1.4341091725161252,1.5114791707800734,True,pressure_curvature_r0.1,PSB1E1,False,False
125,45,42,cell,cell,69,79,26.766413073314293,0.6981564522807655,0.7358218996094065,True,pressure_curvature_r0.1,PSB1E1,False,False
126,43,79,cell,outer,18,-1,21.0,,,False,pressure_curvature_r0.1,PSB1E1,False,False
127,34,45,cell,cell,46,69,6.758875380616839,1.6741075611390452,1.7644254404060324,True,pressure_curvature_r0.1,PSB1E1,False,False
128,41,45,cell,cell,42,69,11.560749355453556,0.7541902255637886,0.7948786874750806,True,pressure_curvature_r0.1,PSB1E1,False,False
129,46,37,cell,cell,72,39,34.87484168415122,0.7171662556292113,0.7558572793088401,True,pressure_curvature_r0.1,PSB1E1,False,False
130,38,46,cell,cell,16,72,21.163545879262802,1.0335409506183668,1.0893003468258151,True,pressure_curvature_r0.1,PSB1E1,False,False
131,39,47,cell,cell,56,41,32.0135739976799,1.1032353917705617,1.1627547937671727,True,pressure_curvature_r0.1,PSB1E1,False,False
132,47,43,cell,cell,41,18,16.04200787916251,0.35253586593052233,0.3715551287995891,True,pressure_curvature_r0.1,PSB1E1,False,False
133,46,41,cell,cell,72,42,9.03151915340722,1.105733996951806,1.165388198364138,True,pressure_curvature_r0.1,PSB1E1,False,False
134,48,45,cell,cell,31,69,16.55502499695745,0.8037713709777189,0.847134729060179,True,pressure_curvature_r0.1,PSB1E1,False,False
135,41,48,cell,cell,42,31,29.885725007398538,0.5398867545424544,0.569013572822538,True,pressure_curvature_r0.1,PSB1E1,False,False
136,42,47,cell,cell,79,41,18.128754806663395,1.295865253875533,1.365777011197853,True,pressure_curvature_r0.1,PSB1E1,False,True
137,46,49,cell,cell,72,32,28.91202137108494,0.9671532230750133,1.0193310102507271,True,pressure_curvature_r0.1,PSB1E1,False,False
138,49,41,cell,cell,32,42,14.348697113010754,1.0106406948053825,1.0651646252711355,True,pressure_curvature_r0.1,PSB1E1,False,False
139,43,50,cell,cell,18,10,21.266101397685784,1.007347914993819,1.061694200428645,True,pressure_curvature_r0.1,PSB1E1,False,False
140,51,46,cell,cell,17,72,16.432343435394504,1.1570610396679868,1.2194843281776957,True,pressure_curvature_r0.1,PSB1E1,False,False
141,38,51,cell,cell,16,17,12.797007458738197,1.7462366935189428,1.840445929841559,True,pressure_curvature_r0.1,PSB1E1,False,False
142,43,52,cell,cell,18,21,10.0,0.9426292067742975,0.9934839265469333,True,pressure_curvature_r0.1,PSB1E1,False,False
143,50,79,cell,outer,10,-1,20.0,,,False,pressure_curvature_r0.1,PSB1E1,False,False
144,52,50,cell,cell,21,10,22.974929650799123,0.760969576855308,0.8020237838630736,True,pressure_curvature_r0.1,PSB1E1,False,False
145,47,52,cell,cell,41,21,45.590491017519774,1.0733912917776456,1.1313006085667339,True,pressure_curvature_r0.1,PSB1E1,False,False
146,45,53,cell,cell,69,25,15.389452443425288,1.660987232338225,1.7505972716192502,True,pressure_curvature_r0.1,PSB1E1,True,True
147,38,54,cell,cell,16,1,11.300477600493675,1.5083795606396295,1.589756436420508,True,pressure_curvature_r0.1,PSB1E1,False,False
148,53,42,cell,cell,25,79,16.28730109467216,1.3941880802786377,1.4694043409497286,True,pressure_curvature_r0.1,PSB1E1,False,True
149,51,49,cell,cell,17,32,17.564166420508393,0.7291862858601489,0.7685257885648916,True,pressure_curvature_r0.1,PSB1E1,False,False
150,53,47,cell,cell,25,41,13.962389593156944,0.6814741191588676,0.718239556844299,True,pressure_curvature_r0.1,PSB1E1,False,False
151,44,54,cell,cell,49,1,10.816938326018091,1.8038964225694492,1.9012163935711486,True,pressure_curvature_r0.1,PSB1E1,False,False
152,54,51,cell,cell,1,17,22.59234531240391,0.9434238527929524,0.9943214436121319,True,pressure_curvature_r0.1,PSB1E1,False,False
153,48,53,cell,cell,31,25,1.4169730060943293,1.6166341731905738,1.7038513708560377,True,pressure_curvature_r0.1,PSB1E1,False,True
154,48,55,cell,cell,31,78,27.647312281630935,1.4164506401720334,1.4928679629751522,True,pressure_curvature_r0.1,PSB1E1,False,True
155,55,53,cell,cell,78,25,22.43016635609448,0.9044450608344399,0.9532397510349241,True,pressure_curvature_r0.1,PSB1E1,False,False
156,79,54,outer,cell,-1,1,20.0,,,False,pressure_curvature_r0.1,PSB1E1,False,False
157,49,56,cell,cell,32,22,24.115686281145827,1.6268893506775446,1.7146598137983653,True,pressure_curvature_r0.1,PSB1E1,False,True
158,56,41,cell,cell,22,42,26.266265273093495,1.2320463751228174,1.2985151124624665,True,pressure_curvature_r0.1,PSB1E1,False,True
159,41,55,cell,cell,42,78,15.29262438519661,1.6823786315869793,1.7731427339996388,True,pressure_curvature_r0.1,PSB1E1,False,True
160,53,52,cell,cell,25,21,9.488236360167233,0.9824511522209486,1.0354542606303216,True,pressure_curvature_r0.1,PSB1E1,False,False
161,41,57,cell,cell,42,86,2.0,1.9972417355413437,2.10499266034744,True,pressure_curvature_r0.1,PSB1E1,False,False
162,57,55,cell,cell,86,78,38.108449391545875,0.7874527052232501,0.8299356734683884,True,pressure_curvature_r0.1,PSB1E1,False,False
163,56,57,cell,cell,22,86,25.190179589233598,0.9624589963460297,1.0143835306168516,True,pressure_curvature_r0.1,PSB1E1,False,False
164,49,58,cell,cell,32,85,1.0,1.4607952490639544,1.5396049575924666,True,pressure_curvature_r0.1,PSB1E1,False,True
165,58,56,cell,cell,85,22,13.0,0.6335530369066937,0.6677331386067537,True,pressure_curvature_r0.1,PSB1E1,False,False
166,51,58,cell,cell,17,85,15.088400762534532,1.0902767899404846,1.1490970770995987,True,pressure_curvature_r0.1,PSB1E1,False,False
167,50,59,cell,cell,10,53,20.414212791279915,1.5823895611514374,1.667759266572382,True,pressure_curvature_r0.1,PSB1E1,False,False
168,59,79,cell,outer,53,-1,16.0,,,False,pressure_curvature_r0.1,PSB1E1,False,False
169,60,52,cell,cell,33,21,33.27319451869225,0.8738827098483856,0.9210285652962236,True,pressure_curvature_r0.1,PSB1E1,False,False
170,53,60,cell,cell,25,33,13.17525600417612,1.262791122388384,1.3309185347355914,True,pressure_curvature_r0.1,PSB1E1,False,False
171,52,59,cell,cell,21,53,31.873476449279842,1.3036475083830394,1.3739791172963502,True,pressure_curvature_r0.1,PSB1E1,False,False
172,54,61,cell,cell,1,5,18.259377511201613,1.0011334496861533,1.0551444655478672,True,pressure_curvature_r0.1,PSB1E1,False,True
173,61,51,cell,cell,5,17,2.885901801066649,0.9152170998462874,0.9645929401123441,True,pressure_curvature_r0.1,PSB1E1,False,False
174,53,62,cell,cell,25,26,20.381722590571293,1.0781962744221782,1.1363648193830056,True,pressure_curvature_r0.1,PSB1E1,False,False
175,51,63,cell,cell,17,74,21.24848321894957,1.0020530416272047,1.0561136693512834,True,pressure_curvature_r0.1,PSB1E1,False,False
176,62,60,cell,cell,26,33,33.69178969909518,0.27141274671611404,0.2860554281414035,True,pressure_curvature_r0.1,PSB1E1,False,False
177,63,58,cell,cell,74,85,8.013399058653958,0.5397335165975414,0.5688520677109692,True,pressure_curvature_r0.1,PSB1E1,False,False
178,61,63,cell,cell,5,74,10.300477600493675,0.6068150356869131,0.639552625793294,True,pressure_curvature_r0.1,PSB1E1,False,False
179,79,61,outer,cell,-1,5,16.0,,,False,pressure_curvature_r0.1,PSB1E1,False,False
180,55,62,cell,cell,78,26,15.415184912590652,1.5441435438775937,1.627449881776184,True,pressure_curvature_r0.1,PSB1E1,False,False
181,56,64,cell,cell,22,12,24.6650584123438,1.18295210357559,1.2467722115241346,True,pressure_curvature_r0.1,PSB1E1,False,False
182,64,57,cell,cell,12,86,23.870567088672075,0.5764189853897088,0.6075167126433897,True,pressure_curvature_r0.1,PSB1E1,False,False
183,58,64,cell,cell,85,12,1.4169730060943293,1.4580345457249362,1.5366953146771314,True,pressure_curvature_r0.1,PSB1E1,False,False
184,58,65,cell,cell,85,11,7.0,1.4380389341942215,1.5156209425756968,True,pressure_curvature_r0.1,PSB1E1,False,False
185,63,65,cell,cell,74,11,15.956760348895072,1.3053437498839402,1.3757668707996111,True,pressure_curvature_r0.1,PSB1E1,False,False
186,65,64,cell,cell,11,12,20.661592929355102,0.66055831518201,0.6961953480371875,True,pressure_curvature_r0.1,PSB1E1,False,False
187,60,59,cell,cell,33,53,13.930351478407552,0.607204911575767,0.6399635354342651,True,pressure_curvature_r0.1,PSB1E1,False,False
188,57,62,cell,cell,86,26,20.15861143655219,0.9796086092971159,1.0324583628955046,True,pressure_curvature_r0.1,PSB1E1,False,False
189,59,66,cell,cell,53,13,52.40480447017457,1.2867968430422307,1.3562193608116107,True,pressure_curvature_r0.1,PSB1E1,False,False
190,67,63,cell,cell,4,74,11.178132521123993,1.2835717862261973,1.3528203126112113,True,pressure_curvature_r0.1,PSB1E1,False,False
191,66,79,cell,outer,13,-1,26.0,,,False,pressure_curvature_r0.1,PSB1E1,False,False
192,61,67,cell,cell,5,4,21.062795653757675,1.3610490036239948,1.4344774155368631,True,pressure_curvature_r0.1,PSB1E1,False,False
193,67,65,cell,cell,4,11,15.59342098500197,0.7114060966647817,0.7497863605378219,True,pressure_curvature_r0.1,PSB1E1,False,False
194,79,67,outer,cell,-1,4,25.0,,,False,pressure_curvature_r0.1,PSB1E1,False,False
195,68,57,cell,cell,52,86,19.72436821906247,1.2848974581471015,1.354217504355142,True,pressure_curvature_r0.1,PSB1E1,False,False
196,59,69,cell,cell,53,14,4.0,0.9921074462018992,1.0456315103814886,True,pressure_curvature_r0.1,PSB1E1,False,False
197,64,68,cell,cell,12,52,26.252021099987154,1.1764342561407397,1.2399027270909417,True,pressure_curvature_r0.1,PSB1E1,False,False
198,69,66,cell,cell,14,13,27.76922689230196,0.6194207414991,0.6528384077499585,True,pressure_curvature_r0.1,PSB1E1,False,False
199,60,69,cell,cell,33,14,40.59940368740814,1.1543863286679623,1.2166653168765544,True,pressure_curvature_r0.1,PSB1E1,False,False
200,57,70,cell,cell,86,19,6.129688755600806,1.5238786421400037,1.6060916912971896,True,pressure_curvature_r0.1,PSB1E1,False,False
201,70,62,cell,cell,19,26,13.136529901785622,1.0385260642062966,1.0945544066258153,True,pressure_curvature_r0.1,PSB1E1,False,False
202,68,70,cell,cell,52,19,12.288470448781554,0.8732871103887945,0.9204008333253582,True,pressure_curvature_r0.1,PSB1E1,False,False
203,71,60,cell,cell,44,33,16.59581103717872,0.7822103858593109,0.824410531675125,True,pressure_curvature_r0.1,PSB1E1,False,False
204,62,71,cell,cell,26,44,21.519141199026095,0.7276736046349026,0.7669314983896336,True,pressure_curvature_r0.1,PSB1E1,False,False
205,72,64,cell,cell,55,12,9.511854957504882,0.7992784789974656,0.8423994461578299,True,pressure_curvature_r0.1,PSB1E1,False,False
206,65,72,cell,cell,11,55,22.0,0.9597655575994297,1.011544781209709,True,pressure_curvature_r0.1,PSB1E1,False,False
207,67,72,cell,cell,4,55,19.291142789094877,1.0161185799408041,1.0709380415777816,True,pressure_curvature_r0.1,PSB1E1,False,False
208,72,68,cell,cell,55,52,38.45667402697315,0.40485430351691964,0.4266961391041638,True,pressure_curvature_r0.1,PSB1E1,False,False
209,70,71,cell,cell,19,44,23.27783514545327,0.7398702469468514,0.7797861479248721,True,pressure_curvature_r0.1,PSB1E1,False,False
210,71,69,cell,cell,44,14,15.739759963874995,0.9362145577638553,0.9867232080793583,True,pressure_curvature_r0.1,PSB1E1,False,False
211,66,73,cell,cell,13,28,52.05674687925857,0.6934190176691302,0.7308288810333825,True,pressure_curvature_r0.1,PSB1E1,False,False
212,68,74,cell,cell,52,23,56.01491449249744,0.6179086784802763,0.651244769133277,True,pressure_curvature_r0.1,PSB1E1,False,False
213,74,70,cell,cell,23,19,33.55406307245306,0.576432766189441,0.6075312369154263,True,pressure_curvature_r0.1,PSB1E1,False,False
214,73,79,cell,outer,28,-1,81.12448474893256,,,False,pressure_curvature_r0.1,PSB1E1,False,False
215,67,75,cell,cell,4,3,21.248498537518127,0.8055766928318623,0.849037447787167,True,pressure_curvature_r0.1,PSB1E1,False,False
216,75,72,cell,cell,3,55,23.356265042247983,0.6729710476823552,0.7092777457976172,True,pressure_curvature_r0.1,PSB1E1,False,False
217,79,75,outer,cell,-1,3,38.12448474893257,,,False,pressure_curvature_r0.1,PSB1E1,False,False
218,71,76,cell,cell,44,51,18.699386311061062,1.0533941543676142,1.1102246282649972,True,pressure_curvature_r0.1,PSB1E1,False,False
219,76,69,cell,cell,51,14,25.165594170364155,0.7292296875155547,0.7685715317338082,True,pressure_curvature_r0.1,PSB1E1,False,False
220,69,73,cell,cell,14,28,21.458090669057384,0.8151230472952611,0.8590988267984978,True,pressure_curvature_r0.1,PSB1E1,False,False
221,70,76,cell,cell,19,51,29.397875409119525,1.044698469237614,1.1010598120839548,True,pressure_curvature_r0.1,PSB1E1,False,False
222,77,68,cell,cell,80,52,9.124249268759064,0.7569879621819349,0.7978273616100056,True,pressure_curvature_r0.1,PSB1E1,False,False
223,72,77,cell,cell,55,80,28.383611461392118,0.9609154471691295,1.0127567071680719,True,pressure_curvature_r0.1,PSB1E1,False,False
224,75,77,cell,cell,3,80,18.486472392449137,0.9461516321649683,0.9971963863168438,True,pressure_curvature_r0.1,PSB1E1,False,False
225,77,74,cell,cell,80,23,10.414212791279919,0.29502976366780054,0.3109465800024608,True,pressure_curvature_r0.1,PSB1E1,False,False
226,78,73,cell,cell,34,28,9.593839488279437,0.9412593454976986,0.9920401614374719,True,pressure_curvature_r0.1,PSB1E1,False,False
227,69,78,cell,cell,14,34,33.30238178988306,0.7561851470590095,0.7969812347184524,True,pressure_curvature_r0.1,PSB1E1,False,False
228,76,78,cell,cell,51,34,7.425532740976077,0.5438411229116937,0.5731812788370043,True,pressure_curvature_r0.1,PSB1E1,False,False
229,74,76,cell,cell,23,51,5.419681139337311,1.26981652075358,1.3383229524040146,True,pressure_curvature_r0.1,PSB1E1,False,False
230,78,79,cell,outer,34,-1,46.0,,,False,pressure_curvature_r0.1,PSB1E1,False,False
231,76,79,cell,outer,51,-1,50.0,,,False,pressure_curvature_r0.1,PSB1E1,False,False
232,74,79,cell,outer,23,-1,55.0,,,False,pressure_curvature_r0.1,PSB1E1,False,False
233,77,79,cell,outer,80,-1,50.0,,,False,pressure_curvature_r0.1,PSB1E1,False,False
0,0,79,cell,outer,63,-1,46.12448474893257,,,False,pressure_curvature_r0.01,PSB1E1,False,False
1,79,1,outer,cell,-1,57,41.0,,,False,pressure_curvature_r0.01,PSB1E1,False,False
2,79,2,outer,cell,-1,64,44.0,,,False,pressure_curvature_r0.01,PSB1E1,False,False
3,79,3,outer,cell,-1,65,21.0,,,False,pressure_curvature_r0.01,PSB1E1,False,False
4,79,4,outer,cell,-1,47,18.0,,,False,pressure_curvature_r0.01,PSB1E1,False,False
5,79,5,outer,cell,-1,60,19.0,,,False,pressure_curvature_r0.01,PSB1E1,False,False
6,79,6,outer,cell,-1,20,31.0,,,False,pressure_curvature_r0.01,PSB1E1,False,False
7,79,7,outer,cell,-1,24,14.0,,,False,pressure_curvature_r0.01,PSB1E1,False,False
8,79,8,outer,cell,-1,61,46.124484748932566,,,False,pressure_curvature_r0.01,PSB1E1,False,False
9,1,0,cell,cell,57,63,11.782944640647951,0.807023573802912,0.9321742739599622,True,pressure_curvature_r0.01,PSB1E1,False,False
10,2,1,cell,cell,64,57,14.557194058940699,0.35212720893950156,0.40673399884461137,True,pressure_curvature_r0.01,PSB1E1,False,False
11,3,2,cell,cell,65,64,20.77763612788992,-0.10230339152994788,-0.11816828258645201,True,pressure_curvature_r0.01,PSB1E1,False,False
12,4,3,cell,cell,47,65,13.124377994300021,0.3464688964577607,0.4001982129013949,True,pressure_curvature_r0.01,PSB1E1,False,False
13,5,4,cell,cell,60,47,13.561266501861565,0.5879735936414328,0.6791547057015532,True,pressure_curvature_r0.01,PSB1E1,False,False
14,6,5,cell,cell,20,60,13.5416478658645,0.5580619636556579,0.6446044733786518,True,pressure_curvature_r0.01,PSB1E1,False,False
15,7,6,cell,cell,24,20,24.57076389819096,0.640816280445854,0.7401920716534366,True,pressure_curvature_r0.01,PSB1E1,False,False
16,8,7,cell,cell,61,24,33.76630570512597,3.2516992175974018,3.755962596007499,True,pressure_curvature_r0.01,PSB1E1,False,False
17,0,9,cell,cell,63,76,20.124249268759066,1.885667133078854,2.1780905140414393,True,pressure_curvature_r0.01,PSB1E1,False,False
18,9,79,cell,outer,76,-1,31.0,,,False,pressure_curvature_r0.01,PSB1E1,False,False
19,0,10,cell,cell,63,9,12.0,1.7742106953286936,2.0493497593589836,True,pressure_curvature_r0.01,PSB1E1,False,False
20,1,10,cell,cell,57,9,35.2666837825262,1.2778476233548997,1.4760122494553314,True,pressure_curvature_r0.01,PSB1E1,False,False
21,10,9,cell,cell,9,76,32.6473022332527,0.2890164376945069,0.3338362059249669,True,pressure_curvature_r0.01,PSB1E1,False,False
22,6,4,cell,cell,20,47,8.492976175423074,0.4972661732356493,0.5743806612940326,True,pressure_curvature_r0.01,PSB1E1,False,False
23,11,1,cell,cell,30,57,17.888642161247404,1.169786945020471,1.351193857973477,True,pressure_curvature_r0.01,PSB1E1,False,False
24,2,11,cell,cell,64,30,36.807369635554466,1.0825771195119092,1.2504598045770738,True,pressure_curvature_r0.01,PSB1E1,False,False
25,12,3,cell,cell,6,65,21.55693389585002,0.9694882153463305,1.11983342567625,True,pressure_curvature_r0.01,PSB1E1,False,False
26,4,12,cell,cell,47,6,25.426888509724034,1.0722603295159199,1.2385431189481888,True,pressure_curvature_r0.01,PSB1E1,False,False
27,6,12,cell,cell,20,6,15.248625921510092,0.8512390914315557,0.9832465962330543,True,pressure_curvature_r0.01,PSB1E1,False,False
28,3,11,cell,cell,65,30,7.407110534669377,1.0424455704273397,1.2041047799592512,True,pressure_curvature_r0.01,PSB1E1,False,False
29,8,13,cell,cell,61,38,1.0,4.107250286459828,4.7441898576900305,True,pressure_curvature_r0.01,PSB1E1,False,False
30,12,11,cell,cell,6,30,8.270256484885097,0.6486914659629173,0.7492885163918169,True,pressure_curvature_r0.01,PSB1E1,False,False
31,13,7,cell,cell,38,24,15.39010635853441,1.2313339858285257,1.4222854220145094,True,pressure_curvature_r0.01,PSB1E1,False,False
32,79,13,outer,cell,-1,38,32.0,,,False,pressure_curvature_r0.01,PSB1E1,False,False
33,11,10,cell,cell,30,9,19.124249268759062,0.6102145781294639,0.7048447527339939,True,pressure_curvature_r0.01,PSB1E1,False,False
34,14,6,cell,cell,45,20,17.571406914069748,1.2380299299027722,1.4300197522230735,True,pressure_curvature_r0.01,PSB1E1,False,False
35,7,14,cell,cell,24,45,36.62581178534588,1.2872219527129976,1.4868403205884562,True,pressure_curvature_r0.01,PSB1E1,False,False
36,12,15,cell,cell,6,43,42.82113706573019,0.7701402398310417,0.889571187529122,True,pressure_curvature_r0.01,PSB1E1,False,False
37,16,6,cell,cell,59,20,13.542887775980539,1.212096298671742,1.400064414301514,True,pressure_curvature_r0.01,PSB1E1,False,False
38,15,11,cell,cell,43,30,25.97688019398517,0.5503508506122354,0.6356975449616749,True,pressure_curvature_r0.01,PSB1E1,False,False
39,14,16,cell,cell,45,59,17.85741197085473,0.20107508125412965,0.23225717806018367,True,pressure_curvature_r0.01,PSB1E1,False,False
40,13,14,cell,cell,38,45,21.05885011603588,0.42746735271919034,0.4937576572700118,True,pressure_curvature_r0.01,PSB1E1,False,False
41,16,12,cell,cell,59,6,12.800900945335108,1.4344978121415757,1.6569552612062775,True,pressure_curvature_r0.01,PSB1E1,False,False
42,9,17,cell,cell,76,66,21.383755505501632,0.5661423861847998,0.6539379826451757,True,pressure_curvature_r0.01,PSB1E1,False,False
43,16,15,cell,cell,59,43,10.575389707804774,1.1987152312393574,1.3846082526434176,True,pressure_curvature_r0.01,PSB1E1,False,False
44,18,10,cell,cell,81,9,35.95857953244079,0.7331378156839514,0.8468305427899186,True,pressure_curvature_r0.01,PSB1E1,False,False
45,17,79,cell,outer,66,-1,44.0,,,False,pressure_curvature_r0.01,PSB1E1,False,False
46,11,18,cell,cell,30,81,12.380567457863684,0.8492141643946478,0.9809076498234014,True,pressure_curvature_r0.01,PSB1E1,False,False
47,10,17,cell,cell,9,66,9.061955145473426,0.6639153060605376,0.7668732221557498,True,pressure_curvature_r0.01,PSB1E1,False,False
48,19,16,cell,cell,15,59,31.63749574795273,0.4905660687622451,0.5666415255045784,True,pressure_curvature_r0.01,PSB1E1,False,False
49,14,19,cell,cell,45,15,18.79337131741975,0.5001116737657614,0.5776674331763094,True,pressure_curvature_r0.01,PSB1E1,False,False
50,18,17,cell,cell,81,66,7.414212791279918,0.48400720186355417,0.5590655299726555,True,pressure_curvature_r0.01,PSB1E1,False,False
51,20,18,cell,cell,70,81,43.89905969201229,0.4343736970878579,0.5017350159947922,True,pressure_curvature_r0.01,PSB1E1,False,False
52,11,20,cell,cell,30,70,17.19885154011071,1.04936481539242,1.2120970398647222,True,pressure_curvature_r0.01,PSB1E1,False,False
53,14,21,cell,cell,45,37,33.12424926875906,0.41325856151075857,0.4773454110128743,True,pressure_curvature_r0.01,PSB1E1,False,False
54,21,19,cell,cell,37,15,32.2406277257729,0.30446887488785435,0.35168495890964524,True,pressure_curvature_r0.01,PSB1E1,False,False
55,22,11,cell,cell,36,30,21.383770944330358,1.0022611386601488,1.1576886717772332,True,pressure_curvature_r0.01,PSB1E1,False,False
56,15,22,cell,cell,43,36,11.88357890545815,1.147443822006134,1.325385833090459,True,pressure_curvature_r0.01,PSB1E1,False,False
57,23,15,cell,cell,8,43,42.70319335664614,0.6786108373575458,0.7838476906371253,True,pressure_curvature_r0.01,PSB1E1,False,False
58,16,23,cell,cell,59,8,12.4291669036068,1.3126639377900498,1.516227769403047,True,pressure_curvature_r0.01,PSB1E1,False,False
59,13,21,cell,cell,38,37,7.948560283577739,0.34257531012560083,0.3957008213380006,True,pressure_curvature_r0.01,PSB1E1,False,False
60,20,17,cell,cell,70,66,11.706521118405632,0.37818304033067157,0.4368304873462208,True,pressure_curvature_r0.01,PSB1E1,False,False
61,22,20,cell,cell,36,70,10.516299196660755,0.7455942967341477,0.8612187360918141,True,pressure_curvature_r0.01,PSB1E1,False,False
62,79,21,outer,cell,-1,37,25.0,,,False,pressure_curvature_r0.01,PSB1E1,False,False
63,23,22,cell,cell,8,36,41.76562307746637,0.8212669920359468,0.9486265170927382,True,pressure_curvature_r0.01,PSB1E1,False,False
64,24,20,cell,cell,27,70,46.56677899758387,0.8144893101642656,0.9407977734439077,True,pressure_curvature_r0.01,PSB1E1,False,False
65,25,23,cell,cell,29,8,17.758260392833208,1.3456451903853481,1.5543236518410743,True,pressure_curvature_r0.01,PSB1E1,False,False
66,16,25,cell,cell,59,29,5.178132521123993,0.7456237581247153,0.8612527662629933,True,pressure_curvature_r0.01,PSB1E1,False,False
67,22,24,cell,cell,36,27,47.897366558830754,0.6977612274868039,0.8059678635716905,True,pressure_curvature_r0.01,PSB1E1,False,False
68,19,25,cell,cell,15,29,30.226182998564937,0.49265722887729946,0.5690569762116736,True,pressure_curvature_r0.01,PSB1E1,False,False
69,26,17,cell,cell,90,66,17.909905681743272,0.35573018725525757,0.41089571580630646,True,pressure_curvature_r0.01,PSB1E1,False,False
70,20,26,cell,cell,70,90,51.143157618023764,0.03479940519558844,0.04019598847599257,True,pressure_curvature_r0.01,PSB1E1,False,False
71,27,17,cell,cell,40,66,22.821752885761956,0.867675558304897,1.002231979153065,True,pressure_curvature_r0.01,PSB1E1,False,False
72,26,27,cell,cell,90,40,13.098205607336544,1.0088188381273908,1.1652633188360773,True,pressure_curvature_r0.01,PSB1E1,False,False
73,25,22,cell,cell,29,36,13.25950623674257,1.4073659564158763,1.625615881870542,True,pressure_curvature_r0.01,PSB1E1,False,False
74,21,25,cell,cell,37,29,22.02716715500476,0.290626513015951,0.3356959667083049,True,pressure_curvature_r0.01,PSB1E1,False,False
75,28,21,cell,cell,58,37,42.251703426606184,0.48028112267883083,0.5547616220429659,True,pressure_curvature_r0.01,PSB1E1,False,False
76,79,28,outer,cell,-1,58,55.0,,,False,pressure_curvature_r0.01,PSB1E1,False,False
77,17,29,cell,cell,66,71,1.0,2.4182348462503644,2.7932471680419955,True,pressure_curvature_r0.01,PSB1E1,False,False
78,27,29,cell,cell,40,71,24.52084465486707,1.838908592803271,2.1240808050964763,True,pressure_curvature_r0.01,PSB1E1,False,False
79,26,29,cell,cell,90,71,37.477390948116515,2.26685379195312,2.618390411732062,True,pressure_curvature_r0.01,PSB1E1,False,False
80,29,79,cell,outer,71,-1,23.0,,,False,pressure_curvature_r0.01,PSB1E1,False,False
81,30,22,cell,cell,54,36,10.408106828489114,1.7562173200577076,2.028566027540244,True,pressure_curvature_r0.01,PSB1E1,False,False
82,25,30,cell,cell,29,54,24.493449052110005,1.5063051487671193,1.7398982557565974,True,pressure_curvature_r0.01,PSB1E1,False,False
83,20,29,cell,cell,70,71,1.0,2.207943539865402,2.550344541386671,True,pressure_curvature_r0.01,PSB1E1,False,False
84,24,29,cell,cell,27,71,3.6124035556762317,1.7377689492383221,2.0072567408817794,True,pressure_curvature_r0.01,PSB1E1,False,False
85,31,22,cell,cell,48,36,14.248884714140999,1.788962844942027,2.066389626348688,True,pressure_curvature_r0.01,PSB1E1,False,False
86,32,25,cell,cell,7,29,28.20690036707493,0.7338368574659089,0.8476379897923566,True,pressure_curvature_r0.01,PSB1E1,False,False
87,21,32,cell,cell,37,7,20.437594563251075,0.8173617396653167,0.9441156503579932,True,pressure_curvature_r0.01,PSB1E1,False,False
88,30,31,cell,cell,54,48,32.5291376087808,0.3980056891555434,0.45972717075933867,True,pressure_curvature_r0.01,PSB1E1,False,False
89,24,33,cell,cell,27,50,33.44389264346656,1.8332907095426465,2.11759171801196,True,pressure_curvature_r0.01,PSB1E1,False,False
90,34,24,cell,cell,46,27,32.381512715783245,1.4659536213612492,1.6932891392651273,True,pressure_curvature_r0.01,PSB1E1,False,False
91,22,34,cell,cell,36,46,4.0,1.8520528160436593,2.1392633935035765,True,pressure_curvature_r0.01,PSB1E1,False,False
92,33,29,cell,cell,50,71,31.43268111646038,0.48441263176955335,0.5595338326846637,True,pressure_curvature_r0.01,PSB1E1,False,False
93,31,34,cell,cell,48,46,36.50412451720387,0.5023324311800776,0.5802325787278532,True,pressure_curvature_r0.01,PSB1E1,False,False
94,29,35,cell,cell,71,84,27.364406168658004,0.4430916333795744,0.5118049026709214,True,pressure_curvature_r0.01,PSB1E1,False,False
95,36,29,cell,cell,73,71,15.282917389171278,0.9416961653367968,1.087731471185113,True,pressure_curvature_r0.01,PSB1E1,False,False
96,35,36,cell,cell,84,73,10.52659341245351,0.6445208069054424,0.7444710845285618,True,pressure_curvature_r0.01,PSB1E1,False,False
97,25,37,cell,cell,29,39,9.304600147887859,1.412735688285018,1.631818335019326,True,pressure_curvature_r0.01,PSB1E1,False,False
98,37,30,cell,cell,39,54,18.159444779418333,1.0887692932271995,1.257612241289777,True,pressure_curvature_r0.01,PSB1E1,False,False
99,34,33,cell,cell,46,50,37.02487766962648,0.8029352179408424,0.9274519086150989,True,pressure_curvature_r0.01,PSB1E1,False,False
100,28,32,cell,cell,58,7,12.288599174322512,0.8737464692505093,1.0092443480437707,True,pressure_curvature_r0.01,PSB1E1,False,False
101,32,37,cell,cell,7,39,30.739023779987992,1.068157013653997,1.2338034736533285,True,pressure_curvature_r0.01,PSB1E1,False,False
102,29,36,cell,cell,71,73,13.846829041580529,1.2707139994265777,1.4677723653652652,True,pressure_curvature_r0.01,PSB1E1,False,False
103,36,79,cell,outer,73,-1,14.0,,,False,pressure_curvature_r0.01,PSB1E1,False,False
104,38,32,cell,cell,16,7,24.21099599429711,0.6504806444716273,0.7513551551263985,True,pressure_curvature_r0.01,PSB1E1,False,False
105,28,38,cell,cell,58,16,22.631862853868622,0.6266141764433465,0.7237875496332725,True,pressure_curvature_r0.01,PSB1E1,False,False
106,39,36,cell,cell,56,73,23.110848261641387,1.948444009791554,2.250602633105543,True,pressure_curvature_r0.01,PSB1E1,False,False
107,29,39,cell,cell,71,56,28.31039699325344,2.4154493466394884,2.7900297018344737,True,pressure_curvature_r0.01,PSB1E1,False,False
108,37,31,cell,cell,39,48,18.37503912730095,1.052042056014006,1.2151894586163614,True,pressure_curvature_r0.01,PSB1E1,False,False
109,36,40,cell,cell,73,75,10.256156382364672,2.048211280201955,2.365841500814871,True,pressure_curvature_r0.01,PSB1E1,False,False
110,40,79,cell,outer,75,-1,16.0,,,False,pressure_curvature_r0.01,PSB1E1,False,False
111,39,40,cell,cell,56,75,8.0,0.6382109513222061,0.7371827162106718,True,pressure_curvature_r0.01,PSB1E1,False,False
112,33,39,cell,cell,50,56,12.209813131212599,2.6044898542598904,3.0083860220961993,True,pressure_curvature_r0.01,PSB1E1,False,False
113,38,37,cell,cell,16,39,15.42372741676506,0.7355075097752477,0.8495677216540405,True,pressure_curvature_r0.01,PSB1E1,False,False
114,41,31,cell,cell,42,48,10.178132521123993,1.417028842760785,1.636777258508497,True,pressure_curvature_r0.01,PSB1E1,False,False
115,37,41,cell,cell,39,42,28.673590474669485,1.0046815666972673,1.1604844522493465,True,pressure_curvature_r0.01,PSB1E1,False,False
116,33,42,cell,cell,50,79,15.926898902788952,2.532591222127322,2.925337574216213,True,pressure_curvature_r0.01,PSB1E1,False,False
117,41,34,cell,cell,42,46,27.07492621004454,1.2712843299283878,1.4684311409434516,True,pressure_curvature_r0.01,PSB1E1,False,False
118,42,39,cell,cell,79,56,21.500184371978747,0.26208221819415356,0.302725111624329,True,pressure_curvature_r0.01,PSB1E1,False,False
119,43,40,cell,cell,18,75,11.966186905421392,0.7028019268056579,0.8117902588279543,True,pressure_curvature_r0.01,PSB1E1,False,False
120,28,44,cell,cell,58,49,12.178132521123993,0.42027960016740495,0.48545525045828625,True,pressure_curvature_r0.01,PSB1E1,False,False
121,39,43,cell,cell,56,18,27.211539066175764,0.8473982498015765,0.9788101288558381,True,pressure_curvature_r0.01,PSB1E1,False,False
122,44,38,cell,cell,49,16,29.542160120718492,0.5494507917529377,0.6346579077801567,True,pressure_curvature_r0.01,PSB1E1,False,False
123,79,44,outer,cell,-1,49,32.0,,,False,pressure_curvature_r0.01,PSB1E1,False,False
124,33,45,cell,cell,50,69,25.49010561284418,1.7475425905476758,2.0185460480188184,True,pressure_curvature_r0.01,PSB1E1,False,False
125,45,42,cell,cell,69,79,26.766413073314293,0.8042762443426037,0.9290008972109738,True,pressure_curvature_r0.01,PSB1E1,False,False
126,43,79,cell,outer,18,-1,21.0,,,False,pressure_curvature_r0.01,PSB1E1,False,False
127,34,45,cell,cell,46,69,6.758875380616839,1.9128505800259368,2.209489485204349,True,pressure_curvature_r0.01,PSB1E1,False,False
128,41,45,cell,cell,42,69,11.560749355453556,0.8206831121169127,0.9479520908959411,True,pressure_curvature_r0.01,PSB1E1,False,False
129,46,37,cell,cell,72,39,34.87484168415122,0.7146623141749111,0.8254899180990198,True,pressure_curvature_r0.01,PSB1E1,False,False
130,38,46,cell,cell,16,72,21.163545879262802,1.039687443819855,1.2009189316751594,True,pressure_curvature_r0.01,PSB1E1,False,False
131,39,47,cell,cell,56,41,32.0135739976799,1.0500355632875933,1.2128718052526117,True,pressure_curvature_r0.01,PSB1E1,False,False
132,47,43,cell,cell,41,18,16.04200787916251,0.27806824086899373,0.3211901968636679,True,pressure_curvature_r0.01,PSB1E1,False,False
133,46,41,cell,cell,72,42,9.03151915340722,1.121389064471198,1.2952905849753606,True,pressure_curvature_r0.01,PSB1E1,False,False
134,48,45,cell,cell,31,69,16.55502499695745,0.8540323859865578,0.9864730662003385,True,pressure_curvature_r0.01,PSB1E1,False,False
135,41,48,cell,cell,42,31,29.885725007398538,0.5763536548488015,0.6657327830228416,True,pressure_curvature_r0.01,PSB1E1,False,False
136,42,47,cell,cell,79,41,18.128754806663395,1.2917143399044642,1.4920293731818257,True,pressure_curvature_r0.01,PSB1E1,False,True
137,46,49,cell,cell,72,32,28.91202137108494,0.9988980198756622,1.1538040110152223,True,pressure_curvature_r0.01,PSB1E1,False,False
138,49,41,cell,cell,32,42,14.348697113010754,1.0393146278403307,1.2004883005556792,True,pressure_curvature_r0.01,PSB1E1,False,False
139,43,50,cell,cell,18,10,21.266101397685784,1.0613236226250717,1.225910381644806,True,pressure_curvature_r0.01,PSB1E1,False,False
140,51,46,cell,cell,17,72,16.432343435394504,1.2287941181752844,1.4193516796029242,True,pressure_curvature_r0.01,PSB1E1,False,False
141,38,51,cell,cell,16,17,12.797007458738197,1.8632493864387965,2.152196293133442,True,pressure_curvature_r0.01,PSB1E1,False,False
142,43,52,cell,cell,18,21,10.0,0.8904874232767097,1.0285814370351534,True,pressure_curvature_r0.01,PSB1E1,False,False
143,50,79,cell,outer,10,-1,20.0,,,False,pressure_curvature_r0.01,PSB1E1,False,False
144,52,50,cell,cell,21,10,22.974929650799123,0.8144948052667401,0.9408041207097445,True,pressure_curvature_r0.01,PSB1E1,False,False
145,47,52,cell,cell,41,21,45.590491017519774,1.0191437853627987,1.177189426703642,True,pressure_curvature_r0.01,PSB1E1,False,False
146,45,53,cell,cell,69,25,15.389452443425288,1.789721695474333,2.0672661570560416,True,pressure_curvature_r0.01,PSB1E1,True,True
147,38,54,cell,cell,16,1,11.300477600493675,1.6630077680292792,1.920901828737728,True,pressure_curvature_r0.01,PSB1E1,False,False
148,53,42,cell,cell,25,79,16.28730109467216,1.4336687998119169,1.655997688228747,True,pressure_curvature_r0.01,PSB1E1,False,True
149,51,49,cell,cell,17,32,17.564166420508393,0.7407320837852683,0.8556025063153996,True,pressure_curvature_r0.01,PSB1E1,False,False
150,53,47,cell,cell,25,41,13.962389593156944,0.6365267950063054,0.7352373861831834,True,pressure_curvature_r0.01,PSB1E1,False,False
151,44,54,cell,cell,49,1,10.816938326018091,1.979262356114346,2.286200192508574,True,pressure_curvature_r0.01,PSB1E1,False,False
152,54,51,cell,cell,1,17,22.59234531240391,0.9654656256595228,1.1151870253201008,True,pressure_curvature_r0.01,PSB1E1,False,False
153,48,53,cell,cell,31,25,1.4169730060943293,1.760117530137101,2.033071070040945,True,pressure_curvature_r0.01,PSB1E1,False,True
154,48,55,cell,cell,31,78,27.647312281630935,1.5758641305306968,1.8202442275815696,True,pressure_curvature_r0.01,PSB1E1,False,True
155,55,53,cell,cell,78,25,22.43016635609448,0.9380270684702783,1.083493382213909,True,pressure_curvature_r0.01,PSB1E1,False,False
156,79,54,outer,cell,-1,1,20.0,,,False,pressure_curvature_r0.01,PSB1E1,False,False
157,49,56,cell,cell,32,22,24.115686281145827,1.729259165750757,1.9974272866978118,True,pressure_curvature_r0.01,PSB1E1,False,True
158,56,41,cell,cell,22,42,26.266265273093495,1.3472653450881305,1.556195055084789,True,pressure_curvature_r0.01,PSB1E1,False,True
159,41,55,cell,cell,42,78,15.29262438519661,1.8716616782505255,2.1619131369363878,True,pressure_curvature_r0.01,PSB1E1,False,True
160,53,52,cell,cell,25,21,9.488236360167233,0.9269192422214532,1.0706629888959307,True,pressure_curvature_r0.01,PSB1E1,False,False
161,41,57,cell,cell,42,86,2.0,2.2015880081395434,2.543003413612343,True,pressure_curvature_r0.01,PSB1E1,False,False
162,57,55,cell,cell,86,78,38.108449391545875,0.8348796795640918,0.9643502177690351,True,pressure_curvature_r0.01,PSB1E1,False,False
163,56,57,cell,cell,22,86,25.190179589233598,1.0082799028721403,1.1646408071814212,True,pressure_curvature_r0.01,PSB1E1,False,False
164,49,58,cell,cell,32,85,1.0,1.533997931032462,1.7718855483712137,True,pressure_curvature_r0.01,PSB1E1,False,True
165,58,56,cell,cell,85,22,13.0,0.6264353023358449,0.7235809362867691,True,pressure_curvature_r0.01,PSB1E1,False,False
166,51,58,cell,cell,17,85,15.088400762534532,1.1072893572462748,1.2790043391058559,True,pressure_curvature_r0.01,PSB1E1,False,False
167,50,59,cell,cell,10,53,20.414212791279915,1.6806938423619613,1.9413306043465755,True,pressure_curvature_r0.01,PSB1E1,False,False
168,59,79,cell,outer,53,-1,16.0,,,False,pressure_curvature_r0.01,PSB1E1,False,False
169,60,52,cell,cell,33,21,33.27319451869225,0.8435523394278699,0.9743678066899175,True,pressure_curvature_r0.01,PSB1E1,False,False
170,53,60,cell,cell,25,33,13.17525600417612,1.1760253955143778,1.3583997479233696,True,pressure_curvature_r0.01,PSB1E1,False,False
171,52,59,cell,cell,21,53,31.873476449279842,1.30534159162144,1.5077698966159576,True,pressure_curvature_r0.01,PSB1E1,False,False
172,54,61,cell,cell,1,5,18.259377511201613,0.9794508893290277,1.1313410800843586,True,pressure_curvature_r0.01,PSB1E1,False,True
173,61,51,cell,cell,5,17,2.885901801066649,0.8657432374470082,1.0,True,pressure_curvature_r0.01,PSB1E1,False,False
174,53,62,cell,cell,25,26,20.381722590571293,1.0390568509117173,1.2001905483845232,True,pressure_curvature_r0.01,PSB1E1,False,False
175,51,63,cell,cell,17,74,21.24848321894957,0.9621156146859572,1.1113175050874686,True,pressure_curvature_r0.01,PSB1E1,False,False
176,62,60,cell,cell,26,33,33.69178969909518,0.17470138788355605,0.20179353453424978,True,pressure_curvature_r0.01,PSB1E1,False,False
177,63,58,cell,cell,74,85,8.013399058653958,0.49966460499330556,0.5771510343722319,True,pressure_curvature_r0.01,PSB1E1,False,False
178,61,63,cell,cell,5,74,10.300477600493675,0.5539555264727792,0.6398612227181117,True,pressure_curvature_r0.01,PSB1E1,False,False
179,79,61,outer,cell,-1,5,16.0,,,False,pressure_curvature_r0.01,PSB1E1,False,False
180,55,62,cell,cell,78,26,15.415184912590652,1.5366206781427354,1.7749150229276742,True,pressure_curvature_r0.01,PSB1E1,False,False
181,56,64,cell,cell,22,12,24.6650584123438,1.1590224453708229,1.3387600332734522,True,pressure_curvature_r0.01,PSB1E1,False,False
182,64,57,cell,cell,12,86,23.870567088672075,0.5105737697886787,0.5897519584378281,True,pressure_curvature_r0.01,PSB1E1,False,False
183,58,64,cell,cell,85,12,1.4169730060943293,1.4336098319133987,1.6559295757723427,True,pressure_curvature_r0.01,PSB1E1,False,False
184,58,65,cell,cell,85,11,7.0,1.4047331957776552,1.622574840919434,True,pressure_curvature_r0.01,PSB1E1,False,False
185,63,65,cell,cell,74,11,15.956760348895072,1.2602326536432489,1.4556656051504961,True,pressure_curvature_r0.01,PSB1E1,False,False
186,65,64,cell,cell,11,12,20.661592929355102,0.6282572078331929,0.7256853772093695,True,pressure_curvature_r0.01,PSB1E1,False,False
187,60,59,cell,cell,33,53,13.930351478407552,0.5399206187343297,0.6236498252374487,True,pressure_curvature_r0.01,PSB1E1,False,False
188,57,62,cell,cell,86,26,20.15861143655219,0.9182863898469841,1.0606913806857106,True,pressure_curvature_r0.01,PSB1E1,False,False
189,59,66,cell,cell,53,13,52.40480447017457,1.0776669119952982,1.2447881373849734,True,pressure_curvature_r0.01,PSB1E1,False,False
190,67,63,cell,cell,4,74,11.178132521123993,1.2227733874189883,1.4123972726888714,True,pressure_curvature_r0.01,PSB1E1,False,False
191,66,79,cell,outer,13,-1,26.0,,,False,pressure_curvature_r0.01,PSB1E1,False,False
192,61,67,cell,cell,5,4,21.062795653757675,1.2995869094743464,1.5011227963000908,True,pressure_curvature_r0.01,PSB1E1,False,False
193,67,65,cell,cell,4,11,15.59342098500197,0.6097996982417102,0.7043655345665184,True,pressure_curvature_r0.01,PSB1E1,False,False
194,79,67,outer,cell,-1,4,25.0,,,False,pressure_curvature_r0.01,PSB1E1,False,False
195,68,57,cell,cell,52,86,19.72436821906247,1.1357493671278949,1.3118778386038663,True,pressure_curvature_r0.01,PSB1E1,False,False
196,59,69,cell,cell,53,14,4.0,0.8153570236108095,0.9418000491868898,True,pressure_curvature_r0.01,PSB1E1,False,False
197,64,68,cell,cell,12,52,26.252021099987154,1.026780299257967,1.1860101873689957,True,pressure_curvature_r0.01,PSB1E1,False,False
198,69,66,cell,cell,14,13,27.76922689230196,0.4935012886635013,0.5700319301584014,True,pressure_curvature_r0.01,PSB1E1,False,False
199,60,69,cell,cell,33,14,40.59940368740814,0.9553105506793451,1.1034571329675784,True,pressure_curvature_r0.01,PSB1E1,False,False
200,57,70,cell,cell,86,19,6.129688755600806,1.358715935394697,1.5694213672421131,True,pressure_curvature_r0.01,PSB1E1,False,False
201,70,62,cell,cell,19,26,13.136529901785622,0.845785208254708,0.9769469418540832,True,pressure_curvature_r0.01,PSB1E1,False,False
202,68,70,cell,cell,52,19,12.288470448781554,0.7159569135174577,0.8269852798720604,True,pressure_curvature_r0.01,PSB1E1,False,False
203,71,60,cell,cell,44,33,16.59581103717872,0.6348277749385105,0.7332748873794905,True,pressure_curvature_r0.01,PSB1E1,False,False
204,62,71,cell,cell,26,44,21.519141199026095,0.5423948635673845,0.6265077682464535,True,pressure_curvature_r0.01,PSB1E1,False,False
205,72,64,cell,cell,55,12,9.511854957504882,0.6826719058433519,0.788538536964475,True,pressure_curvature_r0.01,PSB1E1,False,False
206,65,72,cell,cell,11,55,22.0,0.790867491753612,0.9135127570684844,True,pressure_curvature_r0.01,PSB1E1,False,False
207,67,72,cell,cell,4,55,19.291142789094877,0.7901711731983629,0.912708455602264,True,pressure_curvature_r0.01,PSB1E1,False,False
208,72,68,cell,cell,55,52,38.45667402697315,0.3123038420593537,0.36073494836680103,True,pressure_curvature_r0.01,PSB1E1,False,False
209,70,71,cell,cell,19,44,23.27783514545327,0.6144990229512253,0.7097936159031661,True,pressure_curvature_r0.01,PSB1E1,False,False
210,71,69,cell,cell,44,14,15.739759963874995,0.754110312584241,0.8710553891336631,True,pressure_curvature_r0.01,PSB1E1,False,False
211,66,73,cell,cell,13,28,52.05674687925857,0.5653012867288527,0.6529664481074905,True,pressure_curvature_r0.01,PSB1E1,False,False
212,68,74,cell,cell,52,23,56.01491449249744,0.44525449398228223,0.5143031729537894,True,pressure_curvature_r0.01,PSB1E1,False,False
213,74,70,cell,cell,23,19,33.55406307245306,0.4754416476297759,0.5491716562890017,True,pressure_curvature_r0.01,PSB1E1,False,False
214,73,79,cell,outer,28,-1,81.12448474893256,,,False,pressure_curvature_r0.01,PSB1E1,False,False
215,67,75,cell,cell,4,3,21.248498537518127,0.6104150123605581,0.705076269680849,True,pressure_curvature_r0.01,PSB1E1,False,False
216,75,72,cell,cell,3,55,23.356265042247983,0.5108440023769164,0.5900640978534758,True,pressure_curvature_r0.01,PSB1E1,False,False
217,79,75,outer,cell,-1,3,38.12448474893257,,,False,pressure_curvature_r0.01,PSB1E1,False,False
218,71,76,cell,cell,44,51,18.699386311061062,0.8683783697557192,1.0030437804128645,True,pressure_curvature_r0.01,PSB1E1,False,False
219,76,69,cell,cell,51,14,25.165594170364155,0.5681896115522154,0.6563026853409225,True,pressure_curvature_r0.01,PSB1E1,False,False
220,69,73,cell,cell,14,28,21.458090669057384,0.6509302175495821,0.7518744465958653,True,pressure_curvature_r0.01,PSB1E1,False,False
221,70,76,cell,cell,19,51,29.397875409119525,0.8854604105388464,1.022774850832196,True,pressure_curvature_r0.01,PSB1E1,False,False
222,77,68,cell,cell,80,52,9.124249268759064,0.5670429348819717,0.6549781856270984,True,pressure_curvature_r0.01,PSB1E1,False,False
223,72,77,cell,cell,55,80,28.383611461392118,0.7224894864830473,0.8345309038897004,True,pressure_curvature_r0.01,PSB1E1,False,False
224,75,77,cell,cell,3,80,18.486472392449137,0.7095702624629816,0.819608206880639,True,pressure_curvature_r0.01,PSB1E1,False,False
225,77,74,cell,cell,80,23,10.414212791279919,0.169943066856579,0.19629730791513247,True,pressure_curvature_r0.01,PSB1E1,False,False
226,78,73,cell,cell,34,28,9.593839488279437,0.6996302800354741,0.8081267629633644,True,pressure_curvature_r0.01,PSB1E1,False,False
227,69,78,cell,cell,14,34,33.30238178988306,0.5357841401346755,0.6188718744308651,True,pressure_curvature_r0.01,PSB1E1,False,False
228,76,78,cell,cell,51,34,7.425532740976077,0.37868422328999385,0.4374093921965783,True,pressure_curvature_r0.01,PSB1E1,False,False
229,74,76,cell,cell,23,51,5.419681139337311,1.0780142604702647,1.245189351578677,True,pressure_curvature_r0.01,PSB1E1,False,False
230,78,79,cell,outer,34,-1,46.0,,,False,pressure_curvature_r0.01,PSB1E1,False,False
231,76,79,cell,outer,51,-1,50.0,,,False,pressure_curvature_r0.01,PSB1E1,False,False
232,74,79,cell,outer,23,-1,55.0,,,False,pressure_curvature_r0.01,PSB1E1,False,False
233,77,79,cell,outer,80,-1,50.0,,,False,pressure_curvature_r0.01,PSB1E1,False,False
0,0,57,cell,outer,21,-1,69.12448474893256,,,False,tension_only_r0.1,PSB4,False,False
1,57,1,outer,cell,-1,41,27.0,,,False,tension_only_r0.1,PSB4,False,False
2,57,2,outer,cell,-1,43,36.0,,,False,tension_only_r0.1,PSB4,False,False
3,57,3,outer,cell,-1,42,22.0,,,False,tension_only_r0.1,PSB4,False,False
4,57,4,outer,cell,-1,53,68.0,,,False,tension_only_r0.1,PSB4,False,False
5,57,5,outer,cell,-1,60,39.0,,,False,tension_only_r0.1,PSB4,False,False
6,57,6,outer,cell,-1,48,118.12448474893256,,,False,tension_only_r0.1,PSB4,False,False
7,1,0,cell,cell,41,21,22.339858575242335,0.45318654608834913,0.4580969053169695,True,tension_only_r0.1,PSB4,False,False
8,2,1,cell,cell,43,41,6.124506719840978,0.7564670804124436,0.7646635397767219,True,tension_only_r0.1,PSB4,False,False
9,3,2,cell,cell,42,43,14.0,0.33388862966850336,0.33750637412313356,True,tension_only_r0.1,PSB4,False,False
10,4,3,cell,cell,53,42,17.423727416765058,1.2213745204993347,1.2346083371254057,True,tension_only_r0.1,PSB4,False,False
11,5,4,cell,cell,60,53,18.35304778192963,1.0979700167298185,1.1098667229558385,True,tension_only_r0.1,PSB4,False,False
12,6,5,cell,cell,48,60,53.710376336381586,1.7357528334524341,1.7545600333084632,True,tension_only_r0.1,PSB4,False,False
13,7,1,cell,cell,7,41,25.20086337662183,0.6792309111568235,0.6865905024813042,True,tension_only_r0.1,PSB4,False,False
14,2,7,cell,cell,43,7,25.040329423818026,0.3875562835685366,0.39175552688247994,True,tension_only_r0.1,PSB4,False,False
15,3,8,cell,cell,42,47,19.437667619082212,0.03541789215134228,0.03580165149963882,True,tension_only_r0.1,PSB4,False,False
16,8,2,cell,cell,47,43,19.993806979375883,0.5379251344891949,0.5437536518431301,True,tension_only_r0.1,PSB4,False,False
17,4,8,cell,cell,53,47,35.82797471933186,1.3293893510979513,1.3437935281966265,True,tension_only_r0.1,PSB4,False,False
18,9,4,cell,cell,52,53,46.89206080954505,0.476434781434552,0.48159703955109545,True,tension_only_r0.1,PSB4,False,False
19,5,9,cell,cell,60,52,28.436046393962148,0.8396611323978411,0.8487590145524887,True,tension_only_r0.1,PSB4,False,False
20,7,0,cell,cell,7,21,11.73048153739137,0.8750585247252596,0.884539944108857,True,tension_only_r0.1,PSB4,False,False
21,8,7,cell,cell,47,7,21.732732213927683,0.6821101358563961,0.6895009241078307,True,tension_only_r0.1,PSB4,False,False
22,10,0,cell,cell,33,21,37.798564855506086,1.1879766997126124,1.2008486448336015,True,tension_only_r0.1,PSB4,False,False
23,7,10,cell,cell,7,33,5.022769506046773,0.8786427195121382,0.8881629743027017,True,tension_only_r0.1,PSB4,False,False
24,10,57,cell,outer,33,-1,24.0,,,False,tension_only_r0.1,PSB4,False,False
25,7,11,cell,cell,7,12,25.386715754827556,0.6244564098018464,0.6312225093721189,True,tension_only_r0.1,PSB4,False,False
26,11,10,cell,cell,12,33,17.124249268759066,0.3142277558484616,0.31763247113433496,True,tension_only_r0.1,PSB4,False,False
27,12,9,cell,cell,25,52,38.663565338604506,0.48242024392416893,0.4876473556230333,True,tension_only_r0.1,PSB4,False,False
28,5,12,cell,cell,60,25,14.466023730833816,0.8129534213698308,0.8217619205839352,True,tension_only_r0.1,PSB4,False,False
29,8,11,cell,cell,47,12,12.528857670242585,0.5152081722630424,0.5207905471706136,True,tension_only_r0.1,PSB4,False,False
30,12,4,cell,cell,25,53,13.695260911735701,1.08280056497347,1.0945329074114034,True,tension_only_r0.1,PSB4,False,False
31,13,8,cell,cell,39,47,29.645480100249003,1.4490022690305882,1.4647024740023376,True,tension_only_r0.1,PSB4,False,False
32,5,14,cell,cell,60,35,14.467226493462631,0.934768802970068,0.9448971941544694,True,tension_only_r0.1,PSB4,False,False
33,4,13,cell,cell,53,39,9.233865219901427,1.1366962448372802,1.1490125568376075,True,tension_only_r0.1,PSB4,False,False
34,14,12,cell,cell,35,25,39.04573452721784,0.8801883658248184,0.8897253679762671,True,tension_only_r0.1,PSB4,False,False
35,6,14,cell,cell,48,35,23.914484193514554,1.6878495854928008,1.7061377448836401,True,tension_only_r0.1,PSB4,False,False
36,15,11,cell,cell,32,12,24.383884231042593,1.0935053516459505,1.1053536824080772,True,tension_only_r0.1,PSB4,False,False
37,8,15,cell,cell,47,32,6.468499295947861,0.9761626623374671,0.9867395635694577,True,tension_only_r0.1,PSB4,False,False
38,16,4,cell,cell,27,53,42.63421494994264,1.0146750109123572,1.0256692004947476,True,tension_only_r0.1,PSB4,False,False
39,12,16,cell,cell,25,27,15.129688755600805,0.6491072979706415,0.6561404944290677,True,tension_only_r0.1,PSB4,False,False
40,13,15,cell,cell,39,32,43.49782746472407,0.9165663644679338,0.9264975288973623,True,tension_only_r0.1,PSB4,False,False
41,15,10,cell,cell,32,33,41.674902745160125,1.1829436128374256,1.1957610235403051,True,tension_only_r0.1,PSB4,False,False
42,16,13,cell,cell,27,39,19.914814921450173,1.3529464259296309,1.3676058482486186,True,tension_only_r0.1,PSB4,False,False
43,15,57,cell,outer,32,-1,26.0,,,False,tension_only_r0.1,PSB4,False,False
44,12,17,cell,cell,25,36,24.70262878149525,0.765695971559239,0.7739924276493771,True,tension_only_r0.1,PSB4,False,False
45,17,16,cell,cell,36,27,41.34708806428924,0.9715001883435478,0.9820265708158756,True,tension_only_r0.1,PSB4,False,False
46,14,17,cell,cell,35,36,21.18681935730101,0.6509673646255725,0.6580207152468787,True,tension_only_r0.1,PSB4,False,False
47,18,14,cell,cell,23,35,28.526220484605933,1.4367519143371452,1.4523193844721214,True,tension_only_r0.1,PSB4,False,False
48,6,18,cell,cell,48,23,48.117538074544875,1.6253762748332907,1.6429875244610594,True,tension_only_r0.1,PSB4,False,False
49,19,13,cell,cell,20,39,39.886126788137815,1.2261234020233183,1.239408673650466,True,tension_only_r0.1,PSB4,False,False
50,16,19,cell,cell,27,20,15.186005023120195,0.9421465316876168,0.952354861913914,True,tension_only_r0.1,PSB4,False,False
51,20,15,cell,cell,8,32,40.143196950535334,1.1649773885721246,1.1776001319445504,True,tension_only_r0.1,PSB4,False,False
52,13,20,cell,cell,39,8,17.307928856973522,0.8248668245217462,0.8338044076409581,True,tension_only_r0.1,PSB4,False,False
53,21,19,cell,cell,34,20,39.02611647786483,0.6072636414148365,0.613843454190756,True,tension_only_r0.1,PSB4,False,False
54,16,21,cell,cell,27,34,8.638064138643815,1.1047960438271887,1.116766711307005,True,tension_only_r0.1,PSB4,False,False
55,20,57,cell,outer,8,-1,36.0,,,False,tension_only_r0.1,PSB4,False,False
56,22,14,cell,cell,13,35,25.625604593080876,1.4006492370579504,1.4158255280723504,True,tension_only_r0.1,PSB4,False,False
57,18,22,cell,cell,23,13,45.28358929337076,0.5757761356500655,0.5820147755340428,True,tension_only_r0.1,PSB4,False,False
58,17,21,cell,cell,36,34,9.313289624782191,1.0806037379556184,1.0923122773704614,True,tension_only_r0.1,PSB4,False,False
59,23,17,cell,cell,58,36,12.262296563529853,1.4194306535682344,1.4348104446703662,True,tension_only_r0.1,PSB4,False,False
60,14,23,cell,cell,35,58,3.0,1.2389061404235893,1.2523299153624805,True,tension_only_r0.1,PSB4,False,False
61,22,23,cell,cell,13,58,19.950152600485563,0.3803153568232789,0.38443614336975146,True,tension_only_r0.1,PSB4,False,False
62,24,13,cell,cell,15,39,12.256027656823717,1.4396507257239437,1.4552496050112174,True,tension_only_r0.1,PSB4,False,False
63,19,24,cell,cell,20,15,26.96112908001235,0.6862898275355596,0.6937259035118543,True,tension_only_r0.1,PSB4,False,False
64,24,20,cell,cell,15,8,38.42924025794984,1.2887945851625433,1.3027589105373198,True,tension_only_r0.1,PSB4,False,False
65,25,17,cell,cell,28,36,41.25071689552293,0.9337003745759623,0.9438171891430294,True,tension_only_r0.1,PSB4,False,False
66,23,25,cell,cell,58,28,7.414212791279918,0.7121782212832951,0.7198948027473422,True,tension_only_r0.1,PSB4,False,False
67,57,18,outer,cell,-1,23,25.0,,,False,tension_only_r0.1,PSB4,False,False
68,25,21,cell,cell,28,34,15.390911662260116,1.2419025458781339,1.255358787418921,True,tension_only_r0.1,PSB4,False,False
69,26,25,cell,cell,17,28,33.41170358784629,0.7345729129089587,0.742532144958389,True,tension_only_r0.1,PSB4,False,False
70,23,26,cell,cell,58,17,13.443327134022587,0.3742226008907781,0.3782773713108252,True,tension_only_r0.1,PSB4,False,False
71,22,26,cell,cell,13,17,24.250588169981974,0.6039884071914395,0.6105327322046848,True,tension_only_r0.1,PSB4,False,False
72,27,21,cell,cell,37,34,17.403336963910455,1.254721449065677,1.2683165857703014,True,tension_only_r0.1,PSB4,False,False
73,25,27,cell,cell,28,37,24.962860335298842,0.7105648502382435,0.7182639505315263,True,tension_only_r0.1,PSB4,False,False
74,21,24,cell,cell,34,15,7.129688755600806,0.9939906205789621,1.004760691003715,True,tension_only_r0.1,PSB4,False,False
75,28,18,cell,cell,26,23,40.3842040263202,1.452105159517031,1.4678389848754996,True,tension_only_r0.1,PSB4,False,False
76,29,24,cell,cell,14,15,28.430272169180093,1.2894479482959682,1.3034193529799598,True,tension_only_r0.1,PSB4,False,False
77,21,29,cell,cell,34,14,15.129688755600805,1.2577673609142346,1.271395500631601,True,tension_only_r0.1,PSB4,False,False
78,18,30,cell,cell,23,10,2.0,1.3914546795191125,1.406531345818583,True,tension_only_r0.1,PSB4,False,False
79,30,28,cell,cell,10,26,25.642160544019298,-0.34215348219982555,-0.345860777845352,True,tension_only_r0.1,PSB4,False,False
80,57,30,outer,cell,-1,10,22.0,,,False,tension_only_r0.1,PSB4,False,False
81,20,31,cell,cell,8,4,23.342863817731164,1.0940708603120544,1.1059253184641518,True,tension_only_r0.1,PSB4,False,False
82,31,57,cell,outer,4,-1,30.0,,,False,tension_only_r0.1,PSB4,False,False
83,27,29,cell,cell,37,14,29.831540768576833,0.9131948754200108,0.923089509148112,True,tension_only_r0.1,PSB4,False,False
84,24,31,cell,cell,15,4,21.64499294211145,0.9883541434801297,0.999063141643188,True,tension_only_r0.1,PSB4,False,False
85,26,27,cell,cell,17,37,13.124377994300023,0.8145968537062325,0.8234231598106986,True,tension_only_r0.1,PSB4,False,False
86,32,22,cell,cell,40,13,43.66296877987996,0.9728951183434971,0.9834366151378577,True,tension_only_r0.1,PSB4,False,False
87,18,32,cell,cell,23,40,10.933758049046872,1.0405627885646185,1.051837476959254,True,tension_only_r0.1,PSB4,False,False
88,32,26,cell,cell,40,17,5.8482194362705675,1.2446614249994363,1.2581475595007954,True,tension_only_r0.1,PSB4,False,False
89,28,32,cell,cell,26,40,26.99288594199776,0.8543179047997769,0.8635745957678079,True,tension_only_r0.1,PSB4,False,False
90,33,26,cell,cell,6,17,31.37818729311893,1.1796757974869765,1.1924578008120288,True,tension_only_r0.1,PSB4,False,True
91,32,33,cell,cell,40,6,14.224319118710735,0.5757261142873146,0.581964212180665,True,tension_only_r0.1,PSB4,False,False
92,33,27,cell,cell,6,37,21.156797474926346,1.4131676604125274,1.4284795908367411,True,tension_only_r0.1,PSB4,False,True
93,34,24,cell,cell,38,15,31.645222649167092,1.1319900662129363,1.1442553859059257,True,tension_only_r0.1,PSB4,False,False
94,29,34,cell,cell,14,38,30.668651829286055,0.7256390246516725,0.7335014563855811,True,tension_only_r0.1,PSB4,False,False
95,57,28,outer,cell,-1,26,35.0,,,False,tension_only_r0.1,PSB4,False,False
96,34,31,cell,cell,38,4,10.045539012093545,1.246314635171598,1.25981868250796,True,tension_only_r0.1,PSB4,False,False
97,27,35,cell,cell,37,18,6.0,1.7910403981395757,1.8104466488849853,True,tension_only_r0.1,PSB4,False,True
98,35,29,cell,cell,18,14,35.51301630350958,1.7154795653987054,1.7340671006822947,True,tension_only_r0.1,PSB4,True,True
99,33,35,cell,cell,6,18,16.69130744365831,0.9351612021158742,0.9452938450168887,True,tension_only_r0.1,PSB4,False,False
100,36,33,cell,cell,46,6,40.819540584715,0.8831896073595414,0.8927591285127005,True,tension_only_r0.1,PSB4,False,False
101,32,36,cell,cell,40,46,8.342863817731166,0.9221480740106875,0.9321397172853098,True,tension_only_r0.1,PSB4,False,False
102,31,37,cell,cell,4,30,21.838526355366035,1.3625105824037842,1.3772736341098581,True,tension_only_r0.1,PSB4,False,False
103,32,38,cell,cell,40,29,33.372763245105915,0.9046125982710145,0.9144142414543502,True,tension_only_r0.1,PSB4,False,False
104,37,57,cell,outer,30,-1,33.0,,,False,tension_only_r0.1,PSB4,False,False
105,34,37,cell,cell,38,30,31.438934362641845,0.9749285414593949,0.9854920707656406,True,tension_only_r0.1,PSB4,False,False
106,38,36,cell,cell,29,46,21.82040752390853,0.28941038416244913,0.29254619868076803,True,tension_only_r0.1,PSB4,False,False
107,28,38,cell,cell,26,29,29.257471750716608,0.47462048828872583,0.47976308820674396,True,tension_only_r0.1,PSB4,False,False
108,36,35,cell,cell,46,18,18.587948596787548,0.8596138537727109,0.8689279273178242,True,tension_only_r0.1,PSB4,False,False
109,39,34,cell,cell,1,38,19.00093660358069,1.5891836360218092,1.606402731779323,True,tension_only_r0.1,PSB4,False,True
110,29,39,cell,cell,14,1,4.0,1.649894226690825,1.6677711328174676,True,tension_only_r0.1,PSB4,False,True
111,35,39,cell,cell,18,1,23.250588169981974,0.9065903371962173,0.9164134095430333,True,tension_only_r0.1,PSB4,False,False
112,40,34,cell,cell,22,38,15.52099633885516,1.8274072110130064,1.8472075028365325,True,tension_only_r0.1,PSB4,False,False
113,41,36,cell,cell,59,46,46.794191890552064,0.8802386997113063,0.8897762472396339,True,tension_only_r0.1,PSB4,False,False
114,36,42,cell,cell,46,44,1.0,1.2558421693700033,1.2694494492843864,True,tension_only_r0.1,PSB4,False,False
115,38,42,cell,cell,29,44,9.261467143665456,1.2959696377582923,1.3100117061420649,True,tension_only_r0.1,PSB4,False,False
116,42,41,cell,cell,44,59,36.44605609133371,0.5623519331237814,0.5684451193147249,True,tension_only_r0.1,PSB4,False,False
117,39,40,cell,cell,1,22,15.311522818986472,0.7874814188815424,0.7960139242834531,True,tension_only_r0.1,PSB4,False,False
118,40,37,cell,cell,22,30,33.315670021384435,1.4840761503179611,1.5001563872172898,True,tension_only_r0.1,PSB4,False,False
119,38,43,cell,cell,29,57,44.550895766229914,1.1313867320649462,1.1436455145219406,True,tension_only_r0.1,PSB4,False,False
120,43,42,cell,cell,57,44,47.987519388547746,0.5196522452707719,0.5252827725233201,True,tension_only_r0.1,PSB4,False,False
121,28,43,cell,cell,26,57,43.74840465315894,1.3864087689966789,1.4014307619314732,True,tension_only_r0.1,PSB4,False,False
122,57,43,outer,cell,-1,57,124.12448474893256,,,False,tension_only_r0.1,PSB4,False,False
123,41,35,cell,cell,59,18,33.09273859604205,1.260019977615645,1.2736725248475411,True,tension_only_r0.1,PSB4,False,False
124,37,44,cell,cell,30,3,11.546332568487127,1.5177947591258778,1.534240343327251,True,tension_only_r0.1,PSB4,False,False
125,44,57,cell,outer,3,-1,26.0,,,False,tension_only_r0.1,PSB4,False,False
126,39,45,cell,cell,1,31,17.124249268759062,0.8639961232157244,0.8733576794528716,True,tension_only_r0.1,PSB4,False,False
127,45,40,cell,cell,31,22,27.245270916674283,0.9902077757486292,1.000936858356812,True,tension_only_r0.1,PSB4,False,False
128,40,44,cell,cell,22,3,6.0,1.3507988856551434,1.365435038981932,True,tension_only_r0.1,PSB4,False,False
129,35,45,cell,cell,18,31,12.093794164148562,1.2354700630541533,1.2488566074654242,True,tension_only_r0.1,PSB4,False,False
130,46,44,cell,cell,2,3,18.6086528982648,0.9937351354405008,1.004502437636986,True,tension_only_r0.1,PSB4,False,False
131,40,46,cell,cell,22,2,22.299149824573103,0.7820886413855754,0.7905627150556225,True,tension_only_r0.1,PSB4,False,False
132,35,47,cell,cell,18,49,6.0,1.4756792010111806,1.4916684554268573,True,tension_only_r0.1,PSB4,False,False
133,47,45,cell,cell,49,31,31.39418810373072,1.0359068667797287,1.0471311074090863,True,tension_only_r0.1,PSB4,False,False
134,41,47,cell,cell,59,49,29.507059006051648,0.6045452821027162,0.6110956409576176,True,tension_only_r0.1,PSB4,False,False
135,48,41,cell,cell,55,59,38.26876717898338,1.2698931858129023,1.2836527110639078,True,tension_only_r0.1,PSB4,False,False
136,42,48,cell,cell,44,55,49.098953076950124,0.7132141035239,0.7209419089617474,True,tension_only_r0.1,PSB4,False,False
137,49,40,cell,cell,24,22,18.129688755600807,1.1040285302612496,1.1159908815910078,True,tension_only_r0.1,PSB4,False,False
138,45,49,cell,cell,31,24,11.696438872541135,0.9462026797717462,0.9564549591054243,True,tension_only_r0.1,PSB4,False,False
139,44,50,cell,cell,3,5,1.0,0.9249284570085415,0.9349502262421765,True,tension_only_r0.1,PSB4,False,False
140,49,46,cell,cell,24,2,22.982196336291416,0.7538265248655156,0.7619943733268214,True,tension_only_r0.1,PSB4,False,False
141,50,57,cell,outer,5,-1,22.0,,,False,tension_only_r0.1,PSB4,False,False
142,46,50,cell,cell,2,5,18.9770633708343,0.8522070951424069,0.8614409151012026,True,tension_only_r0.1,PSB4,False,False
143,48,47,cell,cell,55,49,28.594977731538126,1.3908410900055523,1.4059111079502637,True,tension_only_r0.1,PSB4,False,False
144,51,49,cell,cell,16,24,25.00923380028205,1.1477061810361064,1.1601417877116336,True,tension_only_r0.1,PSB4,False,False
145,45,51,cell,cell,31,16,16.248627263059085,1.3089291669030665,1.3231116541586785,True,tension_only_r0.1,PSB4,False,False
146,43,48,cell,cell,57,55,39.855132748723065,1.1523840607671996,1.1648703531263733,True,tension_only_r0.1,PSB4,False,False
147,47,51,cell,cell,49,16,18.154509293430777,0.9356053812943628,0.9457428369581283,True,tension_only_r0.1,PSB4,False,False
148,52,50,cell,cell,9,5,10.32011558702083,1.321529042349209,1.335848051562965,True,tension_only_r0.1,PSB4,False,False
149,46,52,cell,cell,2,9,2.0,1.433526516967068,1.4490590393308034,True,tension_only_r0.1,PSB4,False,False
150,49,52,cell,cell,24,9,21.598260241334057,0.9157846750865746,0.9257073697683885,True,tension_only_r0.1,PSB4,False,False
151,52,57,cell,outer,9,-1,15.0,,,False,tension_only_r0.1,PSB4,False,False
152,47,53,cell,cell,49,19,15.25393802435987,1.1947598512597208,1.2077052930700667,True,tension_only_r0.1,PSB4,False,False
153,53,51,cell,cell,19,16,13.7566263538224,1.115778320427312,1.12786798288551,True,tension_only_r0.1,PSB4,False,False
154,51,52,cell,cell,16,9,9.288727899863467,1.0021364056351953,1.0129947371329444,True,tension_only_r0.1,PSB4,False,False
155,48,53,cell,cell,55,19,24.270587394608206,0.8831167650413934,0.8926854969346941,True,tension_only_r0.1,PSB4,False,False
156,54,51,cell,cell,51,16,37.12424926875906,0.7957227001975555,0.8043445013919275,True,tension_only_r0.1,PSB4,False,False
157,53,54,cell,cell,19,51,16.882752174873126,0.6898746733556852,0.6973495917930105,True,tension_only_r0.1,PSB4,False,False
158,54,52,cell,cell,51,9,10.201729284219894,1.442287787605875,1.4579152399416209,True,tension_only_r0.1,PSB4,False,False
159,52,55,cell,cell,9,11,22.744620202774183,1.337703133533355,1.3521973919873986,True,tension_only_r0.1,PSB4,False,False
160,55,57,cell,outer,11,-1,31.124484748932566,,,False,tension_only_r0.1,PSB4,False,False
161,43,56,cell,cell,57,61,12.580985720930741,1.0253355820160024,1.0364452808387994,True,tension_only_r0.1,PSB4,False,False
162,54,55,cell,cell,51,11,7.124377994300021,1.1012158349738137,1.1131477102349836,True,tension_only_r0.1,PSB4,False,False
163,56,48,cell,cell,61,55,8.084299706426494,0.49298023213830067,0.4983217632435418,True,tension_only_r0.1,PSB4,False,False
164,54,57,cell,outer,51,-1,37.0,,,False,tension_only_r0.1,PSB4,False,False
165,53,57,cell,outer,19,-1,28.0,,,False,tension_only_r0.1,PSB4,False,False
166,48,57,cell,outer,55,-1,111.0,,,False,tension_only_r0.1,PSB4,False,False
167,56,57,cell,outer,61,-1,12.0,,,False,tension_only_r0.1,PSB4,False,False
0,0,57,cell,outer,21,-1,69.12448474893256,,,False,pressure_curvature_r0.1,PSB4,False,False
1,57,1,outer,cell,-1,41,27.0,,,False,pressure_curvature_r0.1,PSB4,False,False
2,57,2,outer,cell,-1,43,36.0,,,False,pressure_curvature_r0.1,PSB4,False,False
3,57,3,outer,cell,-1,42,22.0,,,False,pressure_curvature_r0.1,PSB4,False,False
4,57,4,outer,cell,-1,53,68.0,,,False,pressure_curvature_r0.1,PSB4,False,False
5,57,5,outer,cell,-1,60,39.0,,,False,pressure_curvature_r0.1,PSB4,False,False
6,57,6,outer,cell,-1,48,118.12448474893256,,,False,pressure_curvature_r0.1,PSB4,False,False
7,1,0,cell,cell,41,21,22.339858575242335,0.5524825333808228,0.5835030174525179,True,pressure_curvature_r0.1,PSB4,False,False
8,2,1,cell,cell,43,41,6.124506719840978,1.4842048792667129,1.5675391948959991,True,pressure_curvature_r0.1,PSB4,False,False
9,3,2,cell,cell,42,43,14.0,1.0166543568658608,1.0737369040562506,True,pressure_curvature_r0.1,PSB4,False,False
10,4,3,cell,cell,53,42,17.423727416765058,1.2216985484582241,1.290293803643855,True,pressure_curvature_r0.1,PSB4,False,False
11,5,4,cell,cell,60,53,18.35304778192963,0.6705596874848486,0.7082099023748215,True,pressure_curvature_r0.1,PSB4,False,False
12,6,5,cell,cell,48,60,53.710376336381586,0.46707298276177744,0.4932979385688306,True,pressure_curvature_r0.1,PSB4,False,False
13,7,1,cell,cell,7,41,25.20086337662183,1.3632764745990091,1.4398209689685086,True,pressure_curvature_r0.1,PSB4,False,False
14,2,7,cell,cell,43,7,25.040329423818026,0.964103215448105,1.0182351501814393,True,pressure_curvature_r0.1,PSB4,False,False
15,3,8,cell,cell,42,47,19.437667619082212,0.6157541100105834,0.6503271316132373,True,pressure_curvature_r0.1,PSB4,False,False
16,8,2,cell,cell,47,43,19.993806979375883,1.26618613652044,1.337279256223936,True,pressure_curvature_r0.1,PSB4,False,False
17,4,8,cell,cell,53,47,35.82797471933186,0.9767362779720226,1.031577526920961,True,pressure_curvature_r0.1,PSB4,False,False
18,9,4,cell,cell,52,53,46.89206080954505,0.4357680103752277,0.46023527188679,True,pressure_curvature_r0.1,PSB4,False,False
19,5,9,cell,cell,60,52,28.436046393962148,0.6571887758460446,0.6940882481759271,True,pressure_curvature_r0.1,PSB4,False,False
20,7,0,cell,cell,7,21,11.73048153739137,1.493788937342587,1.5776613733701157,True,pressure_curvature_r0.1,PSB4,False,False
21,8,7,cell,cell,47,7,21.732732213927683,1.343574771583188,1.4190130656157327,True,pressure_curvature_r0.1,PSB4,False,False
22,10,0,cell,cell,33,21,37.798564855506086,2.1585156704770294,2.279710815896012,True,pressure_curvature_r0.1,PSB4,False,False
23,7,10,cell,cell,7,33,5.022769506046773,1.794505498985721,1.8952624023890097,True,pressure_curvature_r0.1,PSB4,False,False
24,10,57,cell,outer,33,-1,24.0,,,False,pressure_curvature_r0.1,PSB4,False,False
25,7,11,cell,cell,7,12,25.386715754827556,1.3784097597163714,1.4558039494184325,True,pressure_curvature_r0.1,PSB4,False,False
26,11,10,cell,cell,12,33,17.124249268759066,0.8576563514187228,0.9058115664358716,True,pressure_curvature_r0.1,PSB4,False,False
27,12,9,cell,cell,25,52,38.663565338604506,0.6311316890998647,0.6665681225180582,True,pressure_curvature_r0.1,PSB4,False,False
28,5,12,cell,cell,60,25,14.466023730833816,0.5002020090829029,0.528287075158088,True,pressure_curvature_r0.1,PSB4,False,False
29,8,11,cell,cell,47,12,12.528857670242585,0.732681551326702,0.7738197503091636,True,pressure_curvature_r0.1,PSB4,False,False
30,12,4,cell,cell,25,53,13.695260911735701,1.1226340059852236,1.1856670399671385,True,pressure_curvature_r0.1,PSB4,False,False
31,13,8,cell,cell,39,47,29.645480100249003,1.204502656697596,1.2721324064523223,True,pressure_curvature_r0.1,PSB4,False,False
32,5,14,cell,cell,60,35,14.467226493462631,0.5848431689652736,0.6176806201265064,True,pressure_curvature_r0.1,PSB4,False,False
33,4,13,cell,cell,53,39,9.233865219901427,0.5354235451095529,0.5654862105318331,True,pressure_curvature_r0.1,PSB4,False,False
34,14,12,cell,cell,35,25,39.04573452721784,0.8123612988015785,0.8579733122271066,True,pressure_curvature_r0.1,PSB4,False,False
35,6,14,cell,cell,48,35,23.914484193514554,0.7484930791266604,0.7905190550371389,True,pressure_curvature_r0.1,PSB4,False,False
36,15,11,cell,cell,32,12,24.383884231042593,1.1833928460295953,1.2498373337968047,True,pressure_curvature_r0.1,PSB4,False,False
37,8,15,cell,cell,47,32,6.468499295947861,0.805892021543392,0.8511408015633047,True,pressure_curvature_r0.1,PSB4,False,False
38,16,4,cell,cell,27,53,42.63421494994264,0.9439127531827912,0.9969110449948396,True,pressure_curvature_r0.1,PSB4,False,False
39,12,16,cell,cell,25,27,15.129688755600805,0.8538287976715524,0.9017691053153928,True,pressure_curvature_r0.1,PSB4,False,False
40,13,15,cell,cell,39,32,43.49782746472407,0.797389047379432,0.8421604071033562,True,pressure_curvature_r0.1,PSB4,False,False
41,15,10,cell,cell,32,33,41.674902745160125,1.3527615628223741,1.4287156717342802,True,pressure_curvature_r0.1,PSB4,False,False
42,16,13,cell,cell,27,39,19.914814921450173,1.1512499408063106,1.2158896864880184,True,pressure_curvature_r0.1,PSB4,False,False
43,15,57,cell,outer,32,-1,26.0,,,False,pressure_curvature_r0.1,PSB4,False,False
44,12,17,cell,cell,25,36,24.70262878149525,0.8671046939061495,0.9157904092376551,True,pressure_curvature_r0.1,PSB4,False,False
45,17,16,cell,cell,36,27,41.34708806428924,1.0211519588068048,1.0784870348663265,True,pressure_curvature_r0.1,PSB4,False,False
46,14,17,cell,cell,35,36,21.18681935730101,0.5236432377939026,0.5530444690289179,True,pressure_curvature_r0.1,PSB4,False,False
47,18,14,cell,cell,23,35,28.526220484605933,1.476116809076598,1.5589970002090103,True,pressure_curvature_r0.1,PSB4,False,False
48,6,18,cell,cell,48,23,48.117538074544875,1.3880440833143337,1.4659792156954028,True,pressure_curvature_r0.1,PSB4,False,False
49,19,13,cell,cell,20,39,39.886126788137815,1.067872591823278,1.1278309121751366,True,pressure_curvature_r0.1,PSB4,False,False
50,16,19,cell,cell,27,20,15.186005023120195,0.9470413996943439,1.0002153570223384,True,pressure_curvature_r0.1,PSB4,False,False
51,20,15,cell,cell,8,32,40.143196950535334,1.0012087679344726,1.0574240847302792,True,pressure_curvature_r0.1,PSB4,False,False
52,13,20,cell,cell,39,8,17.307928856973522,0.6145284302220078,0.6490326330330052,True,pressure_curvature_r0.1,PSB4,False,False
53,21,19,cell,cell,34,20,39.02611647786483,0.5143305890193166,0.5432089387956013,True,pressure_curvature_r0.1,PSB4,False,False
54,16,21,cell,cell,27,34,8.638064138643815,1.0217443442817182,1.079112681273629,True,pressure_curvature_r0.1,PSB4,False,False
55,20,57,cell,outer,8,-1,36.0,,,False,pressure_curvature_r0.1,PSB4,False,False
56,22,14,cell,cell,13,35,25.625604593080876,1.433486389355095,1.5139729912316657,True,pressure_curvature_r0.1,PSB4,False,False
57,18,22,cell,cell,23,13,45.28358929337076,0.8376957247081243,0.8847302014837433,True,pressure_curvature_r0.1,PSB4,False,False
58,17,21,cell,cell,36,34,9.313289624782191,0.9200098859196351,0.9716660927454538,True,pressure_curvature_r0.1,PSB4,False,False
59,23,17,cell,cell,58,36,12.262296563529853,1.5303869631798732,1.6163142849439587,True,pressure_curvature_r0.1,PSB4,False,False
60,14,23,cell,cell,35,58,3.0,1.438001492976638,1.5187416063970345,True,pressure_curvature_r0.1,PSB4,False,False
61,22,23,cell,cell,13,58,19.950152600485563,0.6458704140306024,0.6821343892339692,True,pressure_curvature_r0.1,PSB4,False,False
62,24,13,cell,cell,15,39,12.256027656823717,1.1775988916434295,1.2437180636605674,True,pressure_curvature_r0.1,PSB4,False,False
63,19,24,cell,cell,20,15,26.96112908001235,0.6328247192780108,0.6683562120193519,True,pressure_curvature_r0.1,PSB4,False,False
64,24,20,cell,cell,15,8,38.42924025794984,1.1022827963057669,1.1641731618093896,True,pressure_curvature_r0.1,PSB4,False,False
65,25,17,cell,cell,28,36,41.25071689552293,0.9144270610469923,0.9657698065060287,True,pressure_curvature_r0.1,PSB4,False,False
66,23,25,cell,cell,58,28,7.414212791279918,0.8733757087798983,0.9224135255901856,True,pressure_curvature_r0.1,PSB4,False,False
67,57,18,outer,cell,-1,23,25.0,,,False,pressure_curvature_r0.1,PSB4,False,False
68,25,21,cell,cell,28,34,15.390911662260116,1.1622675138782608,1.227525868166282,True,pressure_curvature_r0.1,PSB4,False,False
69,26,25,cell,cell,17,28,33.41170358784629,0.7393196143515058,0.7808305236295632,True,pressure_curvature_r0.1,PSB4,False,False
70,23,26,cell,cell,58,17,13.443327134022587,0.652330714338856,0.6889574189150126,True,pressure_curvature_r0.1,PSB4,False,False
71,22,26,cell,cell,13,17,24.250588169981974,0.8779290805783733,0.9272225575929439,True,pressure_curvature_r0.1,PSB4,False,False
72,27,21,cell,cell,37,34,17.403336963910455,1.338106934288354,1.4132382232131115,True,pressure_curvature_r0.1,PSB4,False,False
73,25,27,cell,cell,28,37,24.962860335298842,0.8177399481998708,0.8636539590604418,True,pressure_curvature_r0.1,PSB4,False,False
74,21,24,cell,cell,34,15,7.129688755600806,0.8318430302500702,0.8785488931705115,True,pressure_curvature_r0.1,PSB4,False,False
75,28,18,cell,cell,26,23,40.3842040263202,1.7628121669003212,1.8617895706022929,True,pressure_curvature_r0.1,PSB4,False,False
76,29,24,cell,cell,14,15,28.430272169180093,1.2407680044311722,1.3104339608960722,True,pressure_curvature_r0.1,PSB4,False,False
77,21,29,cell,cell,34,14,15.129688755600805,1.2259936764315413,1.2948300920898244,True,pressure_curvature_r0.1,PSB4,False,False
78,18,30,cell,cell,23,10,2.0,1.5275338592773902,1.6133009865397232,True,pressure_curvature_r0.1,PSB4,False,False
79,30,28,cell,cell,10,26,25.642160544019298,-0.37298642575363505,-0.3939286615348228,True,pressure_curvature_r0.1,PSB4,False,False
80,57,30,outer,cell,-1,10,22.0,,,False,pressure_curvature_r0.1,PSB4,False,False
81,20,31,cell,cell,8,4,23.342863817731164,0.9104083186221323,0.9615254219516054,True,pressure_curvature_r0.1,PSB4,False,False
82,31,57,cell,outer,4,-1,30.0,,,False,pressure_curvature_r0.1,PSB4,False,False
83,27,29,cell,cell,37,14,29.831540768576833,1.1217091068020992,1.18469021005563,True,pressure_curvature_r0.1,PSB4,False,False
84,24,31,cell,cell,15,4,21.64499294211145,0.8756493354589608,0.9248148106039855,True,pressure_curvature_r0.1,PSB4,False,False
85,26,27,cell,cell,17,37,13.124377994300023,0.9377939570804532,0.9904486941092056,True,pressure_curvature_r0.1,PSB4,False,False
86,32,22,cell,cell,40,13,43.66296877987996,1.133765899439374,1.197423960825267,True,pressure_curvature_r0.1,PSB4,False,False
87,18,32,cell,cell,23,40,10.933758049046872,1.3250179213620443,1.399414295619889,True,pressure_curvature_r0.1,PSB4,False,False
88,32,26,cell,cell,40,17,5.8482194362705675,1.5063911624821689,1.5909711812848817,True,pressure_curvature_r0.1,PSB4,False,False
89,28,32,cell,cell,26,40,26.99288594199776,0.9466335834886888,0.9997846429776616,True,pressure_curvature_r0.1,PSB4,False,False
90,33,26,cell,cell,6,17,31.37818729311893,1.5016513105270048,1.5859651987406154,True,pressure_curvature_r0.1,PSB4,False,True
91,32,33,cell,cell,40,6,14.224319118710735,0.8321086962407491,0.878829475628471,True,pressure_curvature_r0.1,PSB4,False,False
92,33,27,cell,cell,6,37,21.156797474926346,1.8104337995784225,1.9120850364039852,True,pressure_curvature_r0.1,PSB4,False,True
93,34,24,cell,cell,38,15,31.645222649167092,0.929119142486279,0.9812868108174985,True,pressure_curvature_r0.1,PSB4,False,False
94,29,34,cell,cell,14,38,30.668651829286055,0.6820697230004149,0.7203661970059301,True,pressure_curvature_r0.1,PSB4,False,False
95,57,28,outer,cell,-1,26,35.0,,,False,pressure_curvature_r0.1,PSB4,False,False
96,34,31,cell,cell,38,4,10.045539012093545,0.9880952923369866,1.0435743209493331,True,pressure_curvature_r0.1,PSB4,False,False
97,27,35,cell,cell,37,18,6.0,2.0148890273360327,2.128019903340809,True,pressure_curvature_r0.1,PSB4,False,True
98,35,29,cell,cell,18,14,35.51301630350958,1.6826266489799757,1.7771018405193157,True,pressure_curvature_r0.1,PSB4,True,True
99,33,35,cell,cell,6,18,16.69130744365831,1.1220417215967669,1.1850415003220394,True,pressure_curvature_r0.1,PSB4,False,False
100,36,33,cell,cell,46,6,40.819540584715,1.2370546202707822,1.3065120796932606,True,pressure_curvature_r0.1,PSB4,False,False
101,32,36,cell,cell,40,46,8.342863817731166,1.0020495293954017,1.0583120528012477,True,pressure_curvature_r0.1,PSB4,False,False
102,31,37,cell,cell,4,30,21.838526355366035,0.7327132244886065,0.7738532018382653,True,pressure_curvature_r0.1,PSB4,False,False
103,32,38,cell,cell,40,29,33.372763245105915,0.9597157973398324,1.0136013897450018,True,pressure_curvature_r0.1,PSB4,False,False
104,37,57,cell,outer,30,-1,33.0,,,False,pressure_curvature_r0.1,PSB4,False,False
105,34,37,cell,cell,38,30,31.438934362641845,0.5136301396366577,0.5424691609679599,True,pressure_curvature_r0.1,PSB4,False,False
106,38,36,cell,cell,29,46,21.82040752390853,0.3213114548768884,0.3393522729405272,True,pressure_curvature_r0.1,PSB4,False,False
107,28,38,cell,cell,26,29,29.257471750716608,0.6173865397710127,0.6520512181380381,True,pressure_curvature_r0.1,PSB4,False,False
108,36,35,cell,cell,46,18,18.587948596787548,0.8753918749739011,0.9245428943698417,True,pressure_curvature_r0.1,PSB4,False,False
109,39,34,cell,cell,1,38,19.00093660358069,1.2333367562401705,1.302585467086949,True,pressure_curvature_r0.1,PSB4,False,True
110,29,39,cell,cell,14,1,4.0,1.6863704752379438,1.7810558730657828,True,pressure_curvature_r0.1,PSB4,False,True
111,35,39,cell,cell,18,1,23.250588169981974,0.8953595204202982,0.9456316721418688,True,pressure_curvature_r0.1,PSB4,False,False
112,40,34,cell,cell,22,38,15.52099633885516,1.0358611271647407,1.0940220854833143,True,pressure_curvature_r0.1,PSB4,False,False
113,41,36,cell,cell,59,46,46.794191890552064,0.8435678496642431,0.8909320312679109,True,pressure_curvature_r0.1,PSB4,False,False
114,36,42,cell,cell,46,44,1.0,1.1988759670524387,1.266189792545368,True,pressure_curvature_r0.1,PSB4,False,False
115,38,42,cell,cell,29,44,9.261467143665456,1.097183747042097,1.158787813944574,True,pressure_curvature_r0.1,PSB4,False,False
116,42,41,cell,cell,44,59,36.44605609133371,0.4233367571346631,0.4471060355067759,True,pressure_curvature_r0.1,PSB4,False,False
117,39,40,cell,cell,1,22,15.311522818986472,0.7843179560981796,0.8283554074098168,True,pressure_curvature_r0.1,PSB4,False,False
118,40,37,cell,cell,22,30,33.315670021384435,0.9990498186776295,1.0551439159832494,True,pressure_curvature_r0.1,PSB4,False,False
119,38,43,cell,cell,29,57,44.550895766229914,0.5195436665441151,0.5487147173173579,True,pressure_curvature_r0.1,PSB4,False,False
120,43,42,cell,cell,57,44,47.987519388547746,0.5419085951140453,0.572335379541387,True,pressure_curvature_r0.1,PSB4,False,False
121,28,43,cell,cell,26,57,43.74840465315894,0.5256520204076125,0.5551660396590936,True,pressure_curvature_r0.1,PSB4,False,False
122,57,43,outer,cell,-1,57,124.12448474893256,,,False,pressure_curvature_r0.1,PSB4,False,False
123,41,35,cell,cell,59,18,33.09273859604205,1.068550113243913,1.1285464746942084,True,pressure_curvature_r0.1,PSB4,False,False
124,37,44,cell,cell,30,3,11.546332568487127,0.9616596500138901,1.0156543847851436,True,pressure_curvature_r0.1,PSB4,False,False
125,44,57,cell,outer,3,-1,26.0,,,False,pressure_curvature_r0.1,PSB4,False,False
126,39,45,cell,cell,1,31,17.124249268759062,1.3209205326944105,1.3950868490368997,True,pressure_curvature_r0.1,PSB4,False,False
127,45,40,cell,cell,31,22,27.245270916674283,1.2952148824363003,1.3679378921288856,True,pressure_curvature_r0.1,PSB4,False,False
128,40,44,cell,cell,22,3,6.0,0.9954722106758629,1.0513654344238077,True,pressure_curvature_r0.1,PSB4,False,False
129,35,45,cell,cell,18,31,12.093794164148562,1.5289718325999382,1.614819698393994,True,pressure_curvature_r0.1,PSB4,False,False
130,46,44,cell,cell,2,3,18.6086528982648,0.8741059056520066,0.9231847211528803,True,pressure_curvature_r0.1,PSB4,False,False
131,40,46,cell,cell,22,2,22.299149824573103,0.9310754774098802,0.9833529889536354,True,pressure_curvature_r0.1,PSB4,False,False
132,35,47,cell,cell,18,49,6.0,1.4549587759237492,1.5366509974992055,True,pressure_curvature_r0.1,PSB4,False,False
133,47,45,cell,cell,49,31,31.39418810373072,1.2271263458127768,1.2960263579657474,True,pressure_curvature_r0.1,PSB4,False,False
134,41,47,cell,cell,59,49,29.507059006051648,0.7246603873344096,0.7653482184322311,True,pressure_curvature_r0.1,PSB4,False,False
135,48,41,cell,cell,55,59,38.26876717898338,0.7077069129726101,0.7474428497577157,True,pressure_curvature_r0.1,PSB4,False,False
136,42,48,cell,cell,44,55,49.098953076950124,0.4110963866484403,0.43417839946054343,True,pressure_curvature_r0.1,PSB4,False,False
137,49,40,cell,cell,24,22,18.129688755600807,1.432954856470818,1.5134116141326415,True,pressure_curvature_r0.1,PSB4,False,False
138,45,49,cell,cell,31,24,11.696438872541135,1.5415159617072285,1.6280681483325417,True,pressure_curvature_r0.1,PSB4,False,False
139,44,50,cell,cell,3,5,1.0,0.6176317594792909,0.6523102063070281,True,pressure_curvature_r0.1,PSB4,False,False
140,49,46,cell,cell,24,2,22.982196336291416,1.2643021751221157,1.335289515201791,True,pressure_curvature_r0.1,PSB4,False,False
141,50,57,cell,outer,5,-1,22.0,,,False,pressure_curvature_r0.1,PSB4,False,False
142,46,50,cell,cell,2,5,18.9770633708343,1.0759551055113885,1.136367238376716,True,pressure_curvature_r0.1,PSB4,False,False
143,48,47,cell,cell,55,49,28.594977731538126,0.589244210695532,0.6223287691165309,True,pressure_curvature_r0.1,PSB4,False,False
144,51,49,cell,cell,16,24,25.00923380028205,1.4317433701440785,1.5121321059408996,True,pressure_curvature_r0.1,PSB4,False,False
145,45,51,cell,cell,31,16,16.248627263059085,1.702025908541802,1.7975903189901232,True,pressure_curvature_r0.1,PSB4,False,False
146,43,48,cell,cell,57,55,39.855132748723065,0.7511828120504909,0.7933598095992648,True,pressure_curvature_r0.1,PSB4,False,False
147,47,51,cell,cell,49,16,18.154509293430777,0.8505141207745693,0.8982683177711528,True,pressure_curvature_r0.1,PSB4,False,False
148,52,50,cell,cell,9,5,10.32011558702083,1.7134950636298296,1.8097034378620318,True,pressure_curvature_r0.1,PSB4,False,False
149,46,52,cell,cell,2,9,2.0,1.991695857699185,2.1035244964279896,True,pressure_curvature_r0.1,PSB4,False,False
150,49,52,cell,cell,24,9,21.598260241334057,1.240399583675035,1.3100448542548493,True,pressure_curvature_r0.1,PSB4,False,False
151,52,57,cell,outer,9,-1,15.0,,,False,pressure_curvature_r0.1,PSB4,False,False
152,47,53,cell,cell,49,19,15.25393802435987,0.8371181258707193,0.8841201719459034,True,pressure_curvature_r0.1,PSB4,False,False
153,53,51,cell,cell,19,16,13.7566263538224,0.8157437491890921,0.8615456785703829,True,pressure_curvature_r0.1,PSB4,False,False
154,51,52,cell,cell,16,9,9.288727899863467,0.8754767446651238,0.9246325292776019,True,pressure_curvature_r0.1,PSB4,False,False
155,48,53,cell,cell,55,19,24.270587394608206,0.41394205219920077,0.43718384186859305,True,pressure_curvature_r0.1,PSB4,False,False
156,54,51,cell,cell,51,16,37.12424926875906,0.6471696032052138,0.6835065245646347,True,pressure_curvature_r0.1,PSB4,False,False
157,53,54,cell,cell,19,51,16.882752174873126,0.3593467979022622,0.3795232033939054,True,pressure_curvature_r0.1,PSB4,False,False
158,54,52,cell,cell,51,9,10.201729284219894,0.9877175386382275,1.0431753573445819,True,pressure_curvature_r0.1,PSB4,False,False
159,52,55,cell,cell,9,11,22.744620202774183,0.7134370945174353,0.7534947663703474,True,pressure_curvature_r0.1,PSB4,False,False
160,55,57,cell,outer,11,-1,31.124484748932566,,,False,pressure_curvature_r0.1,PSB4,False,False
161,43,56,cell,cell,57,61,12.580985720930741,0.7620119997006195,0.8047970284951137,True,pressure_curvature_r0.1,PSB4,False,False
162,54,55,cell,cell,51,11,7.124377994300021,0.6228463276822817,0.6578175592047525,True,pressure_curvature_r0.1,PSB4,False,False
163,56,48,cell,cell,61,55,8.084299706426494,0.46573028398324057,0.4918798506810348,True,pressure_curvature_r0.1,PSB4,False,False
164,54,57,cell,outer,51,-1,37.0,,,False,pressure_curvature_r0.1,PSB4,False,False
165,53,57,cell,outer,19,-1,28.0,,,False,pressure_curvature_r0.1,PSB4,False,False
166,48,57,cell,outer,55,-1,111.0,,,False,pressure_curvature_r0.1,PSB4,False,False
167,56,57,cell,outer,61,-1,12.0,,,False,pressure_curvature_r0.1,PSB4,False,False
0,0,57,cell,outer,21,-1,69.12448474893256,,,False,pressure_curvature_r0.01,PSB4,False,False
1,57,1,outer,cell,-1,41,27.0,,,False,pressure_curvature_r0.01,PSB4,False,False
2,57,2,outer,cell,-1,43,36.0,,,False,pressure_curvature_r0.01,PSB4,False,False
3,57,3,outer,cell,-1,42,22.0,,,False,pressure_curvature_r0.01,PSB4,False,False
4,57,4,outer,cell,-1,53,68.0,,,False,pressure_curvature_r0.01,PSB4,False,False
5,57,5,outer,cell,-1,60,39.0,,,False,pressure_curvature_r0.01,PSB4,False,False
6,57,6,outer,cell,-1,48,118.12448474893256,,,False,pressure_curvature_r0.01,PSB4,False,False
7,1,0,cell,cell,41,21,22.339858575242335,0.7018641006500068,0.7883746639310347,True,pressure_curvature_r0.01,PSB4,False,False
8,2,1,cell,cell,43,41,6.124506719840978,1.9931402258368323,2.238811265964874,True,pressure_curvature_r0.01,PSB4,False,False
9,3,2,cell,cell,42,43,14.0,1.2406040653353054,1.393518791136917,True,pressure_curvature_r0.01,PSB4,False,False
10,4,3,cell,cell,53,42,17.423727416765058,1.262385877127103,1.4179853916301806,True,pressure_curvature_r0.01,PSB4,False,False
11,5,4,cell,cell,60,53,18.35304778192963,0.41899502911240194,0.4706396365896831,True,pressure_curvature_r0.01,PSB4,False,False
12,6,5,cell,cell,48,60,53.710376336381586,0.3539401269526459,0.3975661789505678,True,pressure_curvature_r0.01,PSB4,False,False
13,7,1,cell,cell,7,41,25.20086337662183,1.8816290807683689,2.1135554487254713,True,pressure_curvature_r0.01,PSB4,False,False
14,2,7,cell,cell,43,7,25.040329423818026,1.2696030849457516,1.4260921800857775,True,pressure_curvature_r0.01,PSB4,False,False
15,3,8,cell,cell,42,47,19.437667619082212,0.7494372193174971,0.8418115634773992,True,pressure_curvature_r0.01,PSB4,False,False
16,8,2,cell,cell,47,43,19.993806979375883,1.604756932080471,1.802556514641888,True,pressure_curvature_r0.01,PSB4,False,False
17,4,8,cell,cell,53,47,35.82797471933186,0.959576528311811,1.0778522826902268,True,pressure_curvature_r0.01,PSB4,False,False
18,9,4,cell,cell,52,53,46.89206080954505,0.300872195209397,0.3379571851085225,True,pressure_curvature_r0.01,PSB4,False,False
19,5,9,cell,cell,60,52,28.436046393962148,0.4183266273781601,0.46988884880595716,True,pressure_curvature_r0.01,PSB4,False,False
20,7,0,cell,cell,7,21,11.73048153739137,2.079441456945125,2.335749838558662,True,pressure_curvature_r0.01,PSB4,False,False
21,8,7,cell,cell,47,7,21.732732213927683,1.7520012504272806,1.9679499147102395,True,pressure_curvature_r0.01,PSB4,False,False
22,10,0,cell,cell,33,21,37.798564855506086,3.09268542037059,3.4738845122168605,True,pressure_curvature_r0.01,PSB4,False,False
23,7,10,cell,cell,7,33,5.022769506046773,2.5184574873946,2.8288782307152136,True,pressure_curvature_r0.01,PSB4,False,False
24,10,57,cell,outer,33,-1,24.0,,,False,pressure_curvature_r0.01,PSB4,False,False
25,7,11,cell,cell,7,12,25.386715754827556,1.8890446926241442,2.1218850961589637,True,pressure_curvature_r0.01,PSB4,False,False
26,11,10,cell,cell,12,33,17.124249268759066,1.144027079218158,1.285037891625081,True,pressure_curvature_r0.01,PSB4,False,False
27,12,9,cell,cell,25,52,38.663565338604506,0.45119767522289883,0.5068115255373313,True,pressure_curvature_r0.01,PSB4,False,False
28,5,12,cell,cell,60,25,14.466023730833816,0.3377357326229521,0.3793644588140812,True,pressure_curvature_r0.01,PSB4,False,False
29,8,11,cell,cell,47,12,12.528857670242585,0.8575738073643995,0.9632768815940718,True,pressure_curvature_r0.01,PSB4,False,False
30,12,4,cell,cell,25,53,13.695260911735701,0.812497145856329,0.912644148227817,True,pressure_curvature_r0.01,PSB4,False,False
31,13,8,cell,cell,39,47,29.645480100249003,1.2022682499810862,1.3504577690410227,True,pressure_curvature_r0.01,PSB4,False,False
32,5,14,cell,cell,60,35,14.467226493462631,0.41897896982017957,0.4706215978566904,True,pressure_curvature_r0.01,PSB4,False,False
33,4,13,cell,cell,53,39,9.233865219901427,0.4092903218458218,0.45973874377759383,True,pressure_curvature_r0.01,PSB4,False,False
34,14,12,cell,cell,35,25,39.04573452721784,0.5970684413732984,0.6706620717252327,True,pressure_curvature_r0.01,PSB4,False,False
35,6,14,cell,cell,48,35,23.914484193514554,0.6628647705245557,0.7445683433730896,True,pressure_curvature_r0.01,PSB4,False,False
36,15,11,cell,cell,32,12,24.383884231042593,1.4005218312575023,1.573147746156491,True,pressure_curvature_r0.01,PSB4,False,False
37,8,15,cell,cell,47,32,6.468499295947861,0.8628816424791116,0.9692389513464457,True,pressure_curvature_r0.01,PSB4,False,False
38,16,4,cell,cell,27,53,42.63421494994264,0.6951885693391486,0.7808763180990069,True,pressure_curvature_r0.01,PSB4,False,False
39,12,16,cell,cell,25,27,15.129688755600805,0.6340182469436424,0.712166246852382,True,pressure_curvature_r0.01,PSB4,False,False
40,13,15,cell,cell,39,32,43.49782746472407,0.7678773344524572,0.8625245755247601,True,pressure_curvature_r0.01,PSB4,False,False
41,15,10,cell,cell,32,33,41.674902745160125,1.7071020994280368,1.9175165714931757,True,pressure_curvature_r0.01,PSB4,False,False
42,16,13,cell,cell,27,39,19.914814921450173,0.8916799643457968,1.0015869048924375,True,pressure_curvature_r0.01,PSB4,False,False
43,15,57,cell,outer,32,-1,26.0,,,False,pressure_curvature_r0.01,PSB4,False,False
44,12,17,cell,cell,25,36,24.70262878149525,0.6540754695088404,0.7346956882137277,True,pressure_curvature_r0.01,PSB4,False,False
45,17,16,cell,cell,36,27,41.34708806428924,0.7895376597290011,0.8868547152836073,True,pressure_curvature_r0.01,PSB4,False,False
46,14,17,cell,cell,35,36,21.18681935730101,0.41526567439461237,0.4664506080162113,True,pressure_curvature_r0.01,PSB4,False,False
47,18,14,cell,cell,23,35,28.526220484605933,1.5578984959934807,1.7499223882231094,True,pressure_curvature_r0.01,PSB4,False,False
48,6,18,cell,cell,48,23,48.117538074544875,1.4768282575392222,1.6588595714513248,True,pressure_curvature_r0.01,PSB4,False,False
49,19,13,cell,cell,20,39,39.886126788137815,0.8340769038568194,0.9368837901265745,True,pressure_curvature_r0.01,PSB4,False,False
50,16,19,cell,cell,27,20,15.186005023120195,0.7088977952688729,0.7962753196651099,True,pressure_curvature_r0.01,PSB4,False,False
51,20,15,cell,cell,8,32,40.143196950535334,0.9573081699248396,1.0753043303453962,True,pressure_curvature_r0.01,PSB4,False,False
52,13,20,cell,cell,39,8,17.307928856973522,0.46675799263741746,0.5242897809445681,True,pressure_curvature_r0.01,PSB4,False,False
53,21,19,cell,cell,34,20,39.02611647786483,0.3731540256995197,0.419148349848528,True,pressure_curvature_r0.01,PSB4,False,False
54,16,21,cell,cell,27,34,8.638064138643815,0.7719508867139079,0.8671002268398117,True,pressure_curvature_r0.01,PSB4,False,False
55,20,57,cell,outer,8,-1,36.0,,,False,pressure_curvature_r0.01,PSB4,False,False
56,22,14,cell,cell,13,35,25.625604593080876,1.486176147687027,1.6693596664795713,True,pressure_curvature_r0.01,PSB4,False,False
57,18,22,cell,cell,23,13,45.28358929337076,0.999233941815167,1.1223978008526851,True,pressure_curvature_r0.01,PSB4,False,False
58,17,21,cell,cell,36,34,9.313289624782191,0.7528472073701387,0.8456418607992318,True,pressure_curvature_r0.01,PSB4,False,False
59,23,17,cell,cell,58,36,12.262296563529853,1.543382919721716,1.7336176469570728,True,pressure_curvature_r0.01,PSB4,False,False
60,14,23,cell,cell,35,58,3.0,1.508773871425368,1.6947427468242162,True,pressure_curvature_r0.01,PSB4,False,False
61,22,23,cell,cell,13,58,19.950152600485563,0.6782701284978361,0.7618725393045732,True,pressure_curvature_r0.01,PSB4,False,False
62,24,13,cell,cell,15,39,12.256027656823717,0.9199683839686446,1.0333621065200012,True,pressure_curvature_r0.01,PSB4,False,False
63,19,24,cell,cell,20,15,26.96112908001235,0.4754098455118635,0.5340080463408965,True,pressure_curvature_r0.01,PSB4,False,False
64,24,20,cell,cell,15,8,38.42924025794984,0.865353686369764,0.9720156951202203,True,pressure_curvature_r0.01,PSB4,False,False
65,25,17,cell,cell,28,36,41.25071689552293,0.851505170491125,0.956460234965392,True,pressure_curvature_r0.01,PSB4,False,False
66,23,25,cell,cell,58,28,7.414212791279918,0.8981547870506965,1.0088598031205431,True,pressure_curvature_r0.01,PSB4,False,False
67,57,18,outer,cell,-1,23,25.0,,,False,pressure_curvature_r0.01,PSB4,False,False
68,25,21,cell,cell,28,34,15.390911662260116,1.043308058794796,1.171904417774241,True,pressure_curvature_r0.01,PSB4,False,False
69,26,25,cell,cell,17,28,33.41170358784629,0.7064929884786924,0.7935741005213016,True,pressure_curvature_r0.01,PSB4,False,False
70,23,26,cell,cell,58,17,13.443327134022587,0.6742298603271517,0.7573342746201355,True,pressure_curvature_r0.01,PSB4,False,False
71,22,26,cell,cell,13,17,24.250588169981974,0.9032061271988319,1.0145337627774047,True,pressure_curvature_r0.01,PSB4,False,False
72,27,21,cell,cell,37,34,17.403336963910455,1.2611414414693218,1.4165875689710952,True,pressure_curvature_r0.01,PSB4,False,False
73,25,27,cell,cell,28,37,24.962860335298842,0.7772687557740146,0.8730735673044517,True,pressure_curvature_r0.01,PSB4,False,False
74,21,24,cell,cell,34,15,7.129688755600806,0.6491672643669282,0.729182506138058,True,pressure_curvature_r0.01,PSB4,False,False
75,28,18,cell,cell,26,23,40.3842040263202,2.3025313762647155,2.586337438077002,True,pressure_curvature_r0.01,PSB4,False,False
76,29,24,cell,cell,14,15,28.430272169180093,1.0851461265649398,1.2188993739021636,True,pressure_curvature_r0.01,PSB4,False,False
77,21,29,cell,cell,34,14,15.129688755600805,1.12275120744532,1.2611395924483362,True,pressure_curvature_r0.01,PSB4,False,False
78,18,30,cell,cell,23,10,2.0,1.7348010440983226,1.9486296404982113,True,pressure_curvature_r0.01,PSB4,False,False
79,30,28,cell,cell,10,26,25.642160544019298,-0.8779841763798049,-0.9862029976303907,True,pressure_curvature_r0.01,PSB4,False,False
80,57,30,outer,cell,-1,10,22.0,,,False,pressure_curvature_r0.01,PSB4,False,False
81,20,31,cell,cell,8,4,23.342863817731164,0.7219803949981151,0.8109704581617699,True,pressure_curvature_r0.01,PSB4,False,False
82,31,57,cell,outer,4,-1,30.0,,,False,pressure_curvature_r0.01,PSB4,False,False
83,27,29,cell,cell,37,14,29.831540768576833,1.1482968777196647,1.2898339781545975,True,pressure_curvature_r0.01,PSB4,False,False
84,24,31,cell,cell,15,4,21.64499294211145,0.6619373027307799,0.7435265574923933,True,pressure_curvature_r0.01,PSB4,False,False
85,26,27,cell,cell,17,37,13.124377994300023,0.9406430718161486,1.0565851208735775,True,pressure_curvature_r0.01,PSB4,False,False
86,32,22,cell,cell,40,13,43.66296877987996,1.3240105198577807,1.4872057819559918,True,pressure_curvature_r0.01,PSB4,False,False
87,18,32,cell,cell,23,40,10.933758049046872,1.7056980033248483,1.9159394089164705,True,pressure_curvature_r0.01,PSB4,False,False
88,32,26,cell,cell,40,17,5.8482194362705675,1.6716958246567655,1.8777461801196893,True,pressure_curvature_r0.01,PSB4,False,False
89,28,32,cell,cell,26,40,26.99288594199776,1.0804766659354594,1.2136543635773778,True,pressure_curvature_r0.01,PSB4,False,False
90,33,26,cell,cell,6,17,31.37818729311893,1.669167125085015,1.8749057973828958,True,pressure_curvature_r0.01,PSB4,False,True
91,32,33,cell,cell,40,6,14.224319118710735,0.888854425611221,0.9984130951075627,True,pressure_curvature_r0.01,PSB4,False,False
92,33,27,cell,cell,6,37,21.156797474926346,1.9989660877478566,2.2453552136065307,True,pressure_curvature_r0.01,PSB4,False,True
93,34,24,cell,cell,38,15,31.645222649167092,0.7414319128035,0.8328195366351764,True,pressure_curvature_r0.01,PSB4,False,False
94,29,34,cell,cell,14,38,30.668651829286055,0.6068319312078452,0.6816289925436309,True,pressure_curvature_r0.01,PSB4,False,False
95,57,28,outer,cell,-1,26,35.0,,,False,pressure_curvature_r0.01,PSB4,False,False
96,34,31,cell,cell,38,4,10.045539012093545,0.7321419757216411,0.8223845378682241,True,pressure_curvature_r0.01,PSB4,False,False
97,27,35,cell,cell,37,18,6.0,2.2040007984780505,2.4756621505426306,True,pressure_curvature_r0.01,PSB4,False,True
98,35,29,cell,cell,18,14,35.51301630350958,1.8110693485791645,2.0342986451644824,True,pressure_curvature_r0.01,PSB4,True,True
99,33,35,cell,cell,6,18,16.69130744365831,1.1937580648855253,1.340898633150627,True,pressure_curvature_r0.01,PSB4,False,False
100,36,33,cell,cell,46,6,40.819540584715,1.2842031626875847,1.4424918383279142,True,pressure_curvature_r0.01,PSB4,False,False
101,32,36,cell,cell,40,46,8.342863817731166,1.0225593165714306,1.1485982212296562,True,pressure_curvature_r0.01,PSB4,False,False
102,31,37,cell,cell,4,30,21.838526355366035,0.5346113131697746,0.6005065851973578,True,pressure_curvature_r0.01,PSB4,False,False
103,32,38,cell,cell,40,29,33.372763245105915,0.9807210953448111,1.101603092730476,True,pressure_curvature_r0.01,PSB4,False,False
104,37,57,cell,outer,30,-1,33.0,,,False,pressure_curvature_r0.01,PSB4,False,False
105,34,37,cell,cell,38,30,31.438934362641845,0.37131781530577523,0.4170858113161621,True,pressure_curvature_r0.01,PSB4,False,False
106,38,36,cell,cell,29,46,21.82040752390853,0.2449189425747933,0.2751072306788814,True,pressure_curvature_r0.01,PSB4,False,False
107,28,38,cell,cell,26,29,29.257471750716608,0.5658316822753624,0.6355751233639713,True,pressure_curvature_r0.01,PSB4,False,False
108,36,35,cell,cell,46,18,18.587948596787548,0.8857390692947105,0.9949137453234951,True,pressure_curvature_r0.01,PSB4,False,False
109,39,34,cell,cell,1,38,19.00093660358069,1.2529482996536276,1.4073845545705792,True,pressure_curvature_r0.01,PSB4,False,True
110,29,39,cell,cell,14,1,4.0,1.768254302502667,1.9862062900625612,True,pressure_curvature_r0.01,PSB4,False,True
111,35,39,cell,cell,18,1,23.250588169981974,0.9279761621850594,1.0423569097224354,True,pressure_curvature_r0.01,PSB4,False,False
112,40,34,cell,cell,22,38,15.52099633885516,1.0125794204770897,1.137388220287656,True,pressure_curvature_r0.01,PSB4,False,False
113,41,36,cell,cell,59,46,46.794191890552064,0.7901719419070438,0.8875671779932525,True,pressure_curvature_r0.01,PSB4,False,False
114,36,42,cell,cell,46,44,1.0,0.9382232260135567,1.0538670090345241,True,pressure_curvature_r0.01,PSB4,False,False
115,38,42,cell,cell,29,44,9.261467143665456,0.7854552136462079,0.8822690739100736,True,pressure_curvature_r0.01,PSB4,False,False
116,42,41,cell,cell,44,59,36.44605609133371,0.2077044671083511,0.2333057628989296,True,pressure_curvature_r0.01,PSB4,False,False
117,39,40,cell,cell,1,22,15.311522818986472,0.7996204230272183,0.8981802626643131,True,pressure_curvature_r0.01,PSB4,False,False
118,40,37,cell,cell,22,30,33.315670021384435,1.0223306683653781,1.1483413902385309,True,pressure_curvature_r0.01,PSB4,False,False
119,38,43,cell,cell,29,57,44.550895766229914,0.3521973217121226,0.3956085585301441,True,pressure_curvature_r0.01,PSB4,False,False
120,43,42,cell,cell,57,44,47.987519388547746,0.34354170742338774,0.3858860680940635,True,pressure_curvature_r0.01,PSB4,False,False
121,28,43,cell,cell,26,57,43.74840465315894,0.38672718815354945,0.43439451698867226,True,pressure_curvature_r0.01,PSB4,False,False
122,57,43,outer,cell,-1,57,124.12448474893256,,,False,pressure_curvature_r0.01,PSB4,False,False
123,41,35,cell,cell,59,18,33.09273859604205,1.0333831486145493,1.1607561802156434,True,pressure_curvature_r0.01,PSB4,False,False
124,37,44,cell,cell,30,3,11.546332568487127,0.9505644788648326,1.0677294235106343,True,pressure_curvature_r0.01,PSB4,False,False
125,44,57,cell,outer,3,-1,26.0,,,False,pressure_curvature_r0.01,PSB4,False,False
126,39,45,cell,cell,1,31,17.124249268759062,1.3965857552439136,1.5687265161754358,True,pressure_curvature_r0.01,PSB4,False,False
127,45,40,cell,cell,31,22,27.245270916674283,1.3898330671832515,1.5611415033851745,True,pressure_curvature_r0.01,PSB4,False,False
128,40,44,cell,cell,22,3,6.0,0.9890575507283577,1.110967085283013,True,pressure_curvature_r0.01,PSB4,False,False
129,35,45,cell,cell,18,31,12.093794164148562,1.6088909801025446,1.8072001183210884,True,pressure_curvature_r0.01,PSB4,False,False
130,46,44,cell,cell,2,3,18.6086528982648,0.9339635968895496,1.0490823453425075,True,pressure_curvature_r0.01,PSB4,False,False
131,40,46,cell,cell,22,2,22.299149824573103,1.0062610642843461,1.1302910743651937,True,pressure_curvature_r0.01,PSB4,False,False
132,35,47,cell,cell,18,49,6.0,1.44800152537742,1.6264797058060474,True,pressure_curvature_r0.01,PSB4,False,False
133,47,45,cell,cell,49,31,31.39418810373072,1.285760248598171,1.4442408479728486,True,pressure_curvature_r0.01,PSB4,False,False
134,41,47,cell,cell,59,49,29.507059006051648,0.6544004179550649,0.7350606892471897,True,pressure_curvature_r0.01,PSB4,False,False
135,48,41,cell,cell,55,59,38.26876717898338,0.49814694710862917,0.5595476840193516,True,pressure_curvature_r0.01,PSB4,False,False
136,42,48,cell,cell,44,55,49.098953076950124,0.25790406524059806,0.28969287725672505,True,pressure_curvature_r0.01,PSB4,False,False
137,49,40,cell,cell,24,22,18.129688755600807,1.5836453931381524,1.7788428036780373,True,pressure_curvature_r0.01,PSB4,False,False
138,45,49,cell,cell,31,24,11.696438872541135,1.7085236949306195,1.9191133904151816,True,pressure_curvature_r0.01,PSB4,False,False
139,44,50,cell,cell,3,5,1.0,0.5463373569624599,0.6136779610032116,True,pressure_curvature_r0.01,PSB4,False,False
140,49,46,cell,cell,24,2,22.982196336291416,1.4372498554939441,1.6144028035635296,True,pressure_curvature_r0.01,PSB4,False,False
141,50,57,cell,outer,5,-1,22.0,,,False,pressure_curvature_r0.01,PSB4,False,False
142,46,50,cell,cell,2,5,18.9770633708343,1.1907188920475897,1.3374848570898243,True,pressure_curvature_r0.01,PSB4,False,False
143,48,47,cell,cell,55,49,28.594977731538126,0.42698725283235994,0.47961696807514903,True,pressure_curvature_r0.01,PSB4,False,False
144,51,49,cell,cell,16,24,25.00923380028205,1.5445709011068494,1.734952056886849,True,pressure_curvature_r0.01,PSB4,False,False
145,45,51,cell,cell,31,16,16.248627263059085,1.8026602525535542,2.0248530584091338,True,pressure_curvature_r0.01,PSB4,False,False
146,43,48,cell,cell,57,55,39.855132748723065,0.48481347804551056,0.5445707544657018,True,pressure_curvature_r0.01,PSB4,False,False
147,47,51,cell,cell,49,16,18.154509293430777,0.8016614875069199,0.9004729052453428,True,pressure_curvature_r0.01,PSB4,False,False
148,52,50,cell,cell,9,5,10.32011558702083,2.0365245432697283,2.287543059832605,True,pressure_curvature_r0.01,PSB4,False,False
149,46,52,cell,cell,2,9,2.0,2.3406532871262113,2.629158190179876,True,pressure_curvature_r0.01,PSB4,False,False
150,49,52,cell,cell,24,9,21.598260241334057,1.434080456824617,1.6108427502590792,True,pressure_curvature_r0.01,PSB4,False,False
151,52,57,cell,outer,9,-1,15.0,,,False,pressure_curvature_r0.01,PSB4,False,False
152,47,53,cell,cell,49,19,15.25393802435987,0.6643961334968611,0.7462884595145615,True,pressure_curvature_r0.01,PSB4,False,False
153,53,51,cell,cell,19,16,13.7566263538224,0.6229622986842899,0.6997475614041111,True,pressure_curvature_r0.01,PSB4,False,False
154,51,52,cell,cell,16,9,9.288727899863467,0.8778743371272508,0.9860796197802648,True,pressure_curvature_r0.01,PSB4,False,False
155,48,53,cell,cell,55,19,24.270587394608206,0.27450959417122156,0.30834517515592413,True,pressure_curvature_r0.01,PSB4,False,False
156,54,51,cell,cell,51,16,37.12424926875906,0.5070095243164573,0.5695026472683817,True,pressure_curvature_r0.01,PSB4,False,False
157,53,54,cell,cell,19,51,16.882752174873126,0.2440010709149748,0.27407622373512824,True,pressure_curvature_r0.01,PSB4,False,False
158,54,52,cell,cell,51,9,10.201729284219894,0.8631085327961009,0.9694938077741216,True,pressure_curvature_r0.01,PSB4,False,False
159,52,55,cell,cell,9,11,22.744620202774183,0.6499650279816687,0.7300786007254361,True,pressure_curvature_r0.01,PSB4,False,False
160,55,57,cell,outer,11,-1,31.124484748932566,,,False,pressure_curvature_r0.01,PSB4,False,False
161,43,56,cell,cell,57,61,12.580985720930741,0.48192662434711814,0.5413280721399062,True,pressure_curvature_r0.01,PSB4,False,False
162,54,55,cell,cell,51,11,7.124377994300021,0.4443942741488325,0.49916954893475574,True,pressure_curvature_r0.01,PSB4,False,False
163,56,48,cell,cell,61,55,8.084299706426494,0.2936474247135814,0.3298419018131631,True,pressure_curvature_r0.01,PSB4,False,False
164,54,57,cell,outer,51,-1,37.0,,,False,pressure_curvature_r0.01,PSB4,False,False
165,53,57,cell,outer,19,-1,28.0,,,False,pressure_curvature_r0.01,PSB4,False,False
166,48,57,cell,outer,55,-1,111.0,,,False,pressure_curvature_r0.01,PSB4,False,False
167,56,57,cell,outer,61,-1,12.0,,,False,pressure_curvature_r0.01,PSB4,False,False
0,0,48,cell,outer,29,-1,52.124484748932566,,,False,tension_only_r0.1,e1_PSB8,False,False
1,48,1,outer,cell,-1,32,20.0,,,False,tension_only_r0.1,e1_PSB8,False,False
2,48,2,outer,cell,-1,31,75.0,,,False,tension_only_r0.1,e1_PSB8,False,False
3,48,3,outer,cell,-1,24,18.0,,,False,tension_only_r0.1,e1_PSB8,False,False
4,48,4,outer,cell,-1,58,221.12448474893256,,,False,tension_only_r0.1,e1_PSB8,False,False
5,1,0,cell,cell,32,29,5.178132521123993,0.6232795825101097,0.5971303132864796,True,tension_only_r0.1,e1_PSB8,False,False
6,2,1,cell,cell,31,32,7.36837247386691,1.2121735671902059,1.1613176530167126,True,tension_only_r0.1,e1_PSB8,False,False
7,3,2,cell,cell,24,31,47.81639741052372,1.4553814289602487,1.3943218950417993,True,tension_only_r0.1,e1_PSB8,False,False
8,4,3,cell,cell,58,24,40.81812856333414,0.29683160822543503,0.28437824081957414,True,tension_only_r0.1,e1_PSB8,False,False
9,5,0,cell,cell,13,29,37.254782461828626,0.8712934336578321,0.8347389126870923,True,tension_only_r0.1,e1_PSB8,False,False
10,1,5,cell,cell,32,13,17.345704105698502,0.7831333952839201,0.7502775685154207,True,tension_only_r0.1,e1_PSB8,False,False
11,4,6,cell,cell,58,26,80.08478339518666,0.3433526855151106,0.32894755808251835,True,tension_only_r0.1,e1_PSB8,False,False
12,2,5,cell,cell,31,13,9.308078727806713,1.1514185196389104,1.1031115419935724,True,tension_only_r0.1,e1_PSB8,False,False
13,6,3,cell,cell,26,24,56.39118316733845,0.03469887925477155,0.033243111472780175,True,tension_only_r0.1,e1_PSB8,False,False
14,0,7,cell,cell,29,43,18.349369915404807,0.7152268903055544,0.6852200345775692,True,tension_only_r0.1,e1_PSB8,False,False
15,7,48,cell,outer,43,-1,36.0,,,False,tension_only_r0.1,e1_PSB8,False,False
16,8,5,cell,cell,21,13,62.326863405028185,1.045632319570871,1.0017635297040954,True,tension_only_r0.1,e1_PSB8,False,False
17,2,8,cell,cell,31,21,16.847988270968607,1.320526426919588,1.265124642514307,True,tension_only_r0.1,e1_PSB8,False,False
18,9,2,cell,cell,8,31,21.384012956583547,1.7381661547626301,1.6652425807972457,True,tension_only_r0.1,e1_PSB8,False,False
19,3,9,cell,cell,24,8,21.28618231957368,0.5988623987815845,0.5737375358258907,True,tension_only_r0.1,e1_PSB8,False,False
20,9,8,cell,cell,8,21,24.229251787875356,1.1703061309045744,1.1212067364276308,True,tension_only_r0.1,e1_PSB8,False,False
21,5,7,cell,cell,13,43,15.288470448781554,0.9187263551217245,0.880181818324656,True,tension_only_r0.1,e1_PSB8,False,False
22,10,9,cell,cell,46,8,41.95261133070757,0.529521174437463,0.5073054751934509,True,tension_only_r0.1,e1_PSB8,False,False
23,3,10,cell,cell,24,46,40.73736957137531,0.6877848397057024,0.658929296469447,True,tension_only_r0.1,e1_PSB8,False,False
24,6,10,cell,cell,26,46,55.53766614981144,0.4784378944913752,0.458365359370848,True,tension_only_r0.1,e1_PSB8,False,False
25,8,7,cell,cell,21,43,12.293295410298715,1.683604377538179,1.6129699056739992,True,tension_only_r0.1,e1_PSB8,False,False
26,11,8,cell,cell,19,21,39.24385599973725,1.1723321093558683,1.123147716336616,True,tension_only_r0.1,e1_PSB8,False,False
27,9,11,cell,cell,8,19,30.301860261751102,0.6504281992443001,0.6231399283463772,True,tension_only_r0.1,e1_PSB8,False,False
28,8,48,cell,outer,21,-1,15.0,,,False,tension_only_r0.1,e1_PSB8,False,False
29,12,6,cell,cell,39,26,12.200191113978505,0.49201113798937796,0.4713691467075599,True,tension_only_r0.1,e1_PSB8,False,False
30,4,12,cell,cell,58,39,81.05922284218767,0.4545490643581588,0.43547876879130876,True,tension_only_r0.1,e1_PSB8,False,False
31,12,10,cell,cell,39,46,32.43457168816823,0.5133139501418996,0.4917782139246975,True,tension_only_r0.1,e1_PSB8,False,False
32,13,8,cell,cell,40,21,26.741861827790526,1.069903717444439,1.0250166376557095,True,tension_only_r0.1,e1_PSB8,False,False
33,11,13,cell,cell,19,40,32.40229293662417,0.3443443212947852,0.3298975904602813,True,tension_only_r0.1,e1_PSB8,False,False
34,13,48,cell,outer,40,-1,31.0,,,False,tension_only_r0.1,e1_PSB8,False,False
35,10,11,cell,cell,46,19,33.70984494717924,0.8649289584904841,0.828641454728856,True,tension_only_r0.1,e1_PSB8,False,False
36,14,10,cell,cell,33,46,47.099444004987575,0.8136347442923675,0.7794992542567133,True,tension_only_r0.1,e1_PSB8,False,False
37,12,14,cell,cell,39,33,21.98027220916189,0.3442981390342205,0.32985334574491904,True,tension_only_r0.1,e1_PSB8,False,False
38,15,12,cell,cell,16,39,39.29097631216534,0.17907349224167346,0.17156058617055697,True,tension_only_r0.1,e1_PSB8,False,False
39,4,15,cell,cell,58,16,31.746486489232087,0.5735430596722894,0.5494804522974168,True,tension_only_r0.1,e1_PSB8,False,False
40,16,10,cell,cell,56,46,54.76559690411495,0.9298048405292157,0.8907955134427817,True,tension_only_r0.1,e1_PSB8,False,False
41,14,16,cell,cell,33,56,32.01851994968288,0.2057410370302587,0.19710931232978557,True,tension_only_r0.1,e1_PSB8,False,False
42,17,13,cell,cell,36,40,27.383626779960675,0.725499550193612,0.6950617120356011,True,tension_only_r0.1,e1_PSB8,False,False
43,11,17,cell,cell,19,36,58.52020410659975,0.6560778769991126,0.6285525777293596,True,tension_only_r0.1,e1_PSB8,False,False
44,15,14,cell,cell,16,33,23.634220846597565,0.5206506302053819,0.49880708858660544,True,tension_only_r0.1,e1_PSB8,False,False
45,17,48,cell,outer,36,-1,33.0,,,False,tension_only_r0.1,e1_PSB8,False,False
46,10,17,cell,cell,46,36,3.642274006136114,1.041950804721413,0.9982364702959045,True,tension_only_r0.1,e1_PSB8,False,False
47,16,17,cell,cell,56,36,21.812427967801213,1.1407353011629218,1.0928765306527806,True,tension_only_r0.1,e1_PSB8,False,False
48,18,14,cell,cell,10,33,26.763230955541076,0.7814722986061082,0.7486861620143024,True,tension_only_r0.1,e1_PSB8,False,False
49,15,18,cell,cell,16,10,17.93428162059822,0.3495232538963443,0.3348592444814258,True,tension_only_r0.1,e1_PSB8,False,False
50,4,19,cell,cell,58,20,29.315947478833273,1.291773545516597,1.2375780686141769,True,tension_only_r0.1,e1_PSB8,False,False
51,19,15,cell,cell,20,16,5.583865057753776,1.5036535808570677,1.4405688217726176,True,tension_only_r0.1,e1_PSB8,False,False
52,20,17,cell,cell,22,36,52.283057474484195,1.4198814268243212,1.3603112712512258,True,tension_only_r0.1,e1_PSB8,False,False
53,16,20,cell,cell,56,22,12.915396482369802,1.0700288826711692,1.0251365516608322,True,tension_only_r0.1,e1_PSB8,False,False
54,21,16,cell,cell,11,56,39.244502909330386,1.1499368973137654,1.1016920801212242,True,tension_only_r0.1,e1_PSB8,False,False
55,14,21,cell,cell,33,11,24.25393802435987,0.9472761285324021,0.9075338054895804,True,tension_only_r0.1,e1_PSB8,False,False
56,22,15,cell,cell,35,16,36.965133119074345,1.2307865751791107,1.1791497649669518,True,tension_only_r0.1,e1_PSB8,False,False
57,19,22,cell,cell,20,35,25.24985106410832,0.5493534396274603,0.5263056912415862,True,tension_only_r0.1,e1_PSB8,False,False
58,18,21,cell,cell,10,11,14.254066749900826,0.3497149644706192,0.3350429119694832,True,tension_only_r0.1,e1_PSB8,False,False
59,48,19,outer,cell,-1,20,17.0,,,False,tension_only_r0.1,e1_PSB8,False,False
60,17,23,cell,cell,36,1,27.833140388878103,1.329595916482766,1.2738136278367505,True,tension_only_r0.1,e1_PSB8,False,False
61,16,24,cell,cell,56,12,4.135128242442549,1.5458731090435807,1.4810170584873361,True,tension_only_r0.1,e1_PSB8,False,False
62,15,25,cell,cell,16,6,1.0,1.3090307689147453,1.2541112769902494,True,tension_only_r0.1,e1_PSB8,False,False
63,24,20,cell,cell,12,22,58.85051566666441,0.8969409590295591,0.8593104136474881,True,tension_only_r0.1,e1_PSB8,False,False
64,25,18,cell,cell,6,10,33.98747187847815,1.2097365940329492,1.15898292140397,True,tension_only_r0.1,e1_PSB8,False,False
65,22,25,cell,cell,35,6,21.48596923667752,0.32468122046948766,0.3110594416014534,True,tension_only_r0.1,e1_PSB8,False,False
66,21,24,cell,cell,11,12,36.07563085831957,0.6918632388112511,0.6628365891258113,True,tension_only_r0.1,e1_PSB8,False,False
67,23,48,cell,outer,1,-1,20.0,,,False,tension_only_r0.1,e1_PSB8,False,False
68,20,23,cell,cell,22,1,17.248755988600042,0.4878001095044879,0.46733478904688697,True,tension_only_r0.1,e1_PSB8,False,False
69,25,21,cell,cell,6,11,56.77577630295427,1.305321293506935,1.2505574300898363,True,tension_only_r0.1,e1_PSB8,False,False
70,26,19,cell,cell,55,20,31.791397313566716,1.224419619983776,1.173049931028609,True,tension_only_r0.1,e1_PSB8,False,False
71,48,26,outer,cell,-1,55,13.0,,,False,tension_only_r0.1,e1_PSB8,False,False
72,27,22,cell,cell,37,35,22.94561549990318,1.3776331618680109,1.3198355033982614,True,tension_only_r0.1,e1_PSB8,False,False
73,19,27,cell,cell,20,37,13.469202718954076,1.1920560057305605,1.142044110109083,True,tension_only_r0.1,e1_PSB8,False,False
74,26,27,cell,cell,55,37,1.0,0.6374750121193751,0.6107301833410699,True,tension_only_r0.1,e1_PSB8,False,False
75,28,27,cell,cell,14,37,52.482398303985875,0.5786040782644895,0.5543291393109372,True,tension_only_r0.1,e1_PSB8,False,False
76,26,28,cell,cell,55,14,21.836025064797223,0.5526073815938561,0.5294231162950187,True,tension_only_r0.1,e1_PSB8,False,False
77,27,25,cell,cell,37,6,30.975357179808437,1.4071267770966016,1.3480917341422125,True,tension_only_r0.1,e1_PSB8,False,False
78,29,23,cell,cell,3,1,23.60224132893278,1.2627742723859487,1.2097954401830533,True,tension_only_r0.1,e1_PSB8,False,False
79,20,29,cell,cell,22,3,10.48343154701546,1.2363442629555579,1.1844742837482878,True,tension_only_r0.1,e1_PSB8,False,False
80,29,48,cell,outer,3,-1,33.0,,,False,tension_only_r0.1,e1_PSB8,False,False
81,24,29,cell,cell,12,3,24.47216940916464,0.9115682445769908,0.8733240214192893,True,tension_only_r0.1,e1_PSB8,False,False
82,30,26,cell,cell,18,55,18.453801301721462,1.3633601682462875,1.3061613234763843,True,tension_only_r0.1,e1_PSB8,False,False
83,48,30,outer,cell,-1,18,18.0,,,False,tension_only_r0.1,e1_PSB8,False,False
84,25,24,cell,cell,6,12,9.342236689145867,1.4705339093908463,1.4088386635041181,True,tension_only_r0.1,e1_PSB8,False,True
85,30,28,cell,cell,18,14,20.786398748428343,1.224458215848221,1.1730869076299197,True,tension_only_r0.1,e1_PSB8,False,False
86,31,25,cell,cell,7,6,50.327221049575755,1.5400924202206476,1.475478894516124,True,tension_only_r0.1,e1_PSB8,False,False
87,27,31,cell,cell,37,7,25.41453274513892,0.3851310724167101,0.36897316129366026,True,tension_only_r0.1,e1_PSB8,False,False
88,32,24,cell,cell,49,12,21.70528298911,1.4913534425211536,1.4287847273403693,True,tension_only_r0.1,e1_PSB8,False,True
89,25,32,cell,cell,6,49,13.209239482456198,0.9399068402629596,0.900473690676724,True,tension_only_r0.1,e1_PSB8,False,False
90,33,24,cell,cell,5,12,34.497141239405934,1.5070740777620695,1.4438458140659534,True,tension_only_r0.1,e1_PSB8,True,True
91,34,30,cell,cell,38,18,30.287889136566097,1.5099141475726134,1.446566730687184,True,tension_only_r0.1,e1_PSB8,False,False
92,32,33,cell,cell,49,5,9.288727899863467,0.29890395299660544,0.28636364178115065,True,tension_only_r0.1,e1_PSB8,False,False
93,48,34,outer,cell,-1,38,60.0,,,False,tension_only_r0.1,e1_PSB8,False,False
94,35,28,cell,cell,50,14,47.07549619588023,1.0629819271382934,1.0183852463347127,True,tension_only_r0.1,e1_PSB8,False,False
95,30,35,cell,cell,18,50,11.828883404655732,0.6885350525480609,0.6596480346443523,True,tension_only_r0.1,e1_PSB8,False,False
96,33,29,cell,cell,5,3,13.58038312020523,1.6032262974785099,1.5359640330700826,True,tension_only_r0.1,e1_PSB8,False,True
97,28,31,cell,cell,14,7,13.521125064396116,0.6611304481421498,0.6333931717006777,True,tension_only_r0.1,e1_PSB8,False,False
98,36,32,cell,cell,9,49,9.86941772699263,1.3713851407856832,1.313849613773439,True,tension_only_r0.1,e1_PSB8,False,False
99,25,36,cell,cell,6,9,12.124249268759066,1.7454086452307929,1.67218121752398,True,tension_only_r0.1,e1_PSB8,False,False
100,31,36,cell,cell,7,9,34.856961089528816,0.636941990214781,0.6102195240064628,True,tension_only_r0.1,e1_PSB8,False,False
101,32,37,cell,cell,49,4,17.293909935623294,0.8916140131201633,0.8542069561157535,True,tension_only_r0.1,e1_PSB8,False,False
102,37,33,cell,cell,4,5,45.6759878371038,0.6867928155254216,0.65797889198616,True,tension_only_r0.1,e1_PSB8,False,False
103,36,37,cell,cell,9,4,16.81145845443676,0.8787664916360354,0.8418984436214466,True,tension_only_r0.1,e1_PSB8,False,False
104,29,38,cell,cell,3,2,31.550889426060163,1.5919646953584918,1.525174903776047,True,tension_only_r0.1,e1_PSB8,False,True
105,38,48,cell,outer,2,-1,42.0,,,False,tension_only_r0.1,e1_PSB8,False,False
106,33,38,cell,cell,5,2,11.95840876155323,1.2236244065276294,1.1722880802099345,True,tension_only_r0.1,e1_PSB8,False,False
107,34,35,cell,cell,38,50,61.86712075557307,1.7253142697241304,1.6529298878185106,True,tension_only_r0.1,e1_PSB8,False,False
108,35,31,cell,cell,50,7,28.50714181892359,1.4085937733356733,1.3494971835559397,True,tension_only_r0.1,e1_PSB8,False,False
109,37,38,cell,cell,4,2,1.0,1.3615847423889522,1.30446038439839,True,tension_only_r0.1,e1_PSB8,False,False
110,37,39,cell,cell,4,25,27.189812463768078,1.1198161014782464,1.0728349817043838,True,tension_only_r0.1,e1_PSB8,False,False
111,39,38,cell,cell,25,2,49.52066838847239,1.3926960530958417,1.3342664413116316,True,tension_only_r0.1,e1_PSB8,False,False
112,40,37,cell,cell,23,4,31.231678430067316,0.9567619345801188,0.9166216410227714,True,tension_only_r0.1,e1_PSB8,False,False
113,36,40,cell,cell,9,23,22.295198313154142,0.8266364228227491,0.7919554562436778,True,tension_only_r0.1,e1_PSB8,False,False
114,40,39,cell,cell,23,25,42.7236137629447,0.7303325321292168,0.6996919295147189,True,tension_only_r0.1,e1_PSB8,False,False
115,41,36,cell,cell,27,9,29.374034789971507,1.1429737212069657,1.095021039312576,True,tension_only_r0.1,e1_PSB8,False,False
116,31,41,cell,cell,7,27,29.437510032325605,1.3371360302969282,1.2810374013252608,True,tension_only_r0.1,e1_PSB8,False,False
117,35,41,cell,cell,50,27,17.334524989557067,1.003349219826835,0.9612543885331345,True,tension_only_r0.1,e1_PSB8,False,False
118,41,40,cell,cell,27,23,23.30026072543333,1.029356575065674,0.9861706229443087,True,tension_only_r0.1,e1_PSB8,False,False
119,39,48,cell,outer,25,-1,13.0,,,False,tension_only_r0.1,e1_PSB8,False,False
120,35,42,cell,cell,50,54,29.717541528220075,1.5251037741544629,1.4611190868593475,True,tension_only_r0.1,e1_PSB8,False,False
121,42,41,cell,cell,54,27,44.285056895354074,1.4287411507790062,1.3687992915380238,True,tension_only_r0.1,e1_PSB8,False,False
122,43,34,cell,cell,30,38,52.5781942461475,,,False,tension_only_r0.1,e1_PSB8,False,False
123,48,43,outer,cell,-1,30,69.12448474893256,,,False,tension_only_r0.1,e1_PSB8,False,False
124,34,42,cell,cell,38,54,26.864385711999738,1.7034999328466067,1.6320307565468695,True,tension_only_r0.1,e1_PSB8,False,False
125,44,40,cell,cell,17,23,30.342033800713992,1.6284887462678557,1.560166613073128,True,tension_only_r0.1,e1_PSB8,False,False
126,41,44,cell,cell,27,17,21.280990183874653,1.0474409159160696,1.0034962476247884,True,tension_only_r0.1,e1_PSB8,False,False
127,39,45,cell,cell,25,28,45.87275643769043,1.3603676568143808,1.303294360817907,True,tension_only_r0.1,e1_PSB8,False,False
128,45,48,cell,outer,28,-1,58.124484748932566,,,False,tension_only_r0.1,e1_PSB8,False,False
129,41,46,cell,cell,27,51,17.239502004033483,1.5163095259269606,1.452693795310314,True,tension_only_r0.1,e1_PSB8,False,False
130,44,39,cell,cell,17,25,8.634763300575479,1.880641044063195,1.8017400334185545,True,tension_only_r0.1,e1_PSB8,False,False
131,46,44,cell,cell,51,17,32.58002864986977,0.701941769185055,0.6724922816407819,True,tension_only_r0.1,e1_PSB8,False,False
132,42,46,cell,cell,54,51,18.730338144561873,0.5611611466407825,0.5376180139710824,True,tension_only_r0.1,e1_PSB8,False,False
133,47,39,cell,cell,44,25,10.797591538231872,1.7717191257104385,1.6973878597634984,True,tension_only_r0.1,e1_PSB8,False,False
134,44,47,cell,cell,17,44,13.881295485582115,0.537188043279577,0.5146506857892811,True,tension_only_r0.1,e1_PSB8,False,False
135,47,45,cell,cell,44,28,9.512557385968076,1.0537088105112447,1.0095011769827988,True,tension_only_r0.1,e1_PSB8,False,False
136,47,48,cell,outer,44,-1,17.0,,,False,tension_only_r0.1,e1_PSB8,False,False
137,44,48,cell,outer,17,-1,26.0,,,False,tension_only_r0.1,e1_PSB8,False,False
138,46,48,cell,outer,51,-1,47.0,,,False,tension_only_r0.1,e1_PSB8,False,False
139,42,48,cell,outer,54,-1,69.0,,,False,tension_only_r0.1,e1_PSB8,False,False
140,34,48,cell,outer,38,-1,13.0,,,False,tension_only_r0.1,e1_PSB8,False,False
0,0,48,cell,outer,29,-1,52.124484748932566,,,False,pressure_curvature_r0.1,e1_PSB8,False,False
1,48,1,outer,cell,-1,32,20.0,,,False,pressure_curvature_r0.1,e1_PSB8,False,False
2,48,2,outer,cell,-1,31,75.0,,,False,pressure_curvature_r0.1,e1_PSB8,False,False
3,48,3,outer,cell,-1,24,18.0,,,False,pressure_curvature_r0.1,e1_PSB8,False,False
4,48,4,outer,cell,-1,58,221.12448474893256,,,False,pressure_curvature_r0.1,e1_PSB8,False,False
5,1,0,cell,cell,32,29,5.178132521123993,0.5509415691952217,0.5524807892392821,True,pressure_curvature_r0.1,e1_PSB8,False,False
6,2,1,cell,cell,31,32,7.36837247386691,1.1925030106458223,1.1958346244488425,True,pressure_curvature_r0.1,e1_PSB8,False,False
7,3,2,cell,cell,24,31,47.81639741052372,1.1855174995064064,1.1888295971948966,True,pressure_curvature_r0.1,e1_PSB8,False,False
8,4,3,cell,cell,58,24,40.81812856333414,0.8257199383177347,0.8280268339141144,True,pressure_curvature_r0.1,e1_PSB8,False,False
9,5,0,cell,cell,13,29,37.254782461828626,1.0511632922388479,1.0541000312679212,True,pressure_curvature_r0.1,e1_PSB8,False,False
10,1,5,cell,cell,32,13,17.345704105698502,0.9873259230437799,0.9900843132901164,True,pressure_curvature_r0.1,e1_PSB8,False,False
11,4,6,cell,cell,58,26,80.08478339518666,0.6702554305751552,0.6721279895742676,True,pressure_curvature_r0.1,e1_PSB8,False,False
12,2,5,cell,cell,31,13,9.308078727806713,1.1914800858522,1.1948088418088825,True,pressure_curvature_r0.1,e1_PSB8,False,False
13,6,3,cell,cell,26,24,56.39118316733845,0.02032758594327,0.02038437713398909,True,pressure_curvature_r0.1,e1_PSB8,False,False
14,0,7,cell,cell,29,43,18.349369915404807,0.5610719179620138,0.5626394401650453,True,pressure_curvature_r0.1,e1_PSB8,False,False
15,7,48,cell,outer,43,-1,36.0,,,False,pressure_curvature_r0.1,e1_PSB8,False,False
16,8,5,cell,cell,21,13,62.326863405028185,0.8638316457023532,0.866245017751409,True,pressure_curvature_r0.1,e1_PSB8,False,False
17,2,8,cell,cell,31,21,16.847988270968607,1.0071020459497493,1.0099156867098837,True,pressure_curvature_r0.1,e1_PSB8,False,False
18,9,2,cell,cell,8,31,21.384012956583547,1.5932796611488658,1.5977309643856434,True,pressure_curvature_r0.1,e1_PSB8,False,False
19,3,9,cell,cell,24,8,21.28618231957368,0.8071299005520001,0.8093848593181444,True,pressure_curvature_r0.1,e1_PSB8,False,False
20,9,8,cell,cell,8,21,24.229251787875356,1.1394925918851988,1.142676105229545,True,pressure_curvature_r0.1,e1_PSB8,False,False
21,5,7,cell,cell,13,43,15.288470448781554,0.9118043569289676,0.9143517550940702,True,pressure_curvature_r0.1,e1_PSB8,False,False
22,10,9,cell,cell,46,8,41.95261133070757,0.46362550784305306,0.4649207843560454,True,pressure_curvature_r0.1,e1_PSB8,False,False
23,3,10,cell,cell,24,46,40.73736957137531,0.7647669600794859,0.7669035653019035,True,pressure_curvature_r0.1,e1_PSB8,False,False
24,6,10,cell,cell,26,46,55.53766614981144,0.6036375359779339,0.6053239779650246,True,pressure_curvature_r0.1,e1_PSB8,False,False
25,8,7,cell,cell,21,43,12.293295410298715,1.1951390945798215,1.1984780730716869,True,pressure_curvature_r0.1,e1_PSB8,False,False
26,11,8,cell,cell,19,21,39.24385599973725,1.246284402086101,1.2497662702905512,True,pressure_curvature_r0.1,e1_PSB8,False,False
27,9,11,cell,cell,8,19,30.301860261751102,1.0260495747458445,1.0289161510943226,True,pressure_curvature_r0.1,e1_PSB8,False,False
28,8,48,cell,outer,21,-1,15.0,,,False,pressure_curvature_r0.1,e1_PSB8,False,False
29,12,6,cell,cell,39,26,12.200191113978505,0.5206776158434946,0.5221322844828035,True,pressure_curvature_r0.1,e1_PSB8,False,False
30,4,12,cell,cell,58,39,81.05922284218767,0.6087590290859998,0.6104597794957767,True,pressure_curvature_r0.1,e1_PSB8,False,False
31,12,10,cell,cell,39,46,32.43457168816823,0.4103581755856848,0.41150463387531466,True,pressure_curvature_r0.1,e1_PSB8,False,False
32,13,8,cell,cell,40,21,26.741861827790526,0.6508378587325548,0.6526561689374969,True,pressure_curvature_r0.1,e1_PSB8,False,False
33,11,13,cell,cell,19,40,32.40229293662417,0.9243269637270431,0.9269093475393817,True,pressure_curvature_r0.1,e1_PSB8,False,False
34,13,48,cell,outer,40,-1,31.0,,,False,pressure_curvature_r0.1,e1_PSB8,False,False
35,10,11,cell,cell,46,19,33.70984494717924,1.1107755095964116,1.1138787931829444,True,pressure_curvature_r0.1,e1_PSB8,False,False
36,14,10,cell,cell,33,46,47.099444004987575,0.6940631766930863,0.6960022497511797,True,pressure_curvature_r0.1,e1_PSB8,False,False
37,12,14,cell,cell,39,33,21.98027220916189,0.3646047120008509,0.3656233443064334,True,pressure_curvature_r0.1,e1_PSB8,False,False
38,15,12,cell,cell,16,39,39.29097631216534,0.45930878060020097,0.4605919970446335,True,pressure_curvature_r0.1,e1_PSB8,False,False
39,4,15,cell,cell,58,16,31.746486489232087,0.507734149902638,0.5091526570988288,True,pressure_curvature_r0.1,e1_PSB8,False,False
40,16,10,cell,cell,56,46,54.76559690411495,0.658777715057456,0.6606182076256205,True,pressure_curvature_r0.1,e1_PSB8,False,False
41,14,16,cell,cell,33,56,32.01851994968288,0.10644283042158964,0.10674021030231048,True,pressure_curvature_r0.1,e1_PSB8,False,False
42,17,13,cell,cell,36,40,27.383626779960675,0.9000924267042709,0.902607104089595,True,pressure_curvature_r0.1,e1_PSB8,False,False
43,11,17,cell,cell,19,36,58.52020410659975,1.0347576551263007,1.0376485601016538,True,pressure_curvature_r0.1,e1_PSB8,False,False
44,15,14,cell,cell,16,33,23.634220846597565,0.7454002950147531,0.7474827936663092,True,pressure_curvature_r0.1,e1_PSB8,False,False
45,17,48,cell,outer,36,-1,33.0,,,False,pressure_curvature_r0.1,e1_PSB8,False,False
46,10,17,cell,cell,46,36,3.642274006136114,0.7520009348762999,0.7541018743893676,True,pressure_curvature_r0.1,e1_PSB8,False,False
47,16,17,cell,cell,56,36,21.812427967801213,0.4792663108766164,0.4806052846505898,True,pressure_curvature_r0.1,e1_PSB8,False,False
48,18,14,cell,cell,10,33,26.763230955541076,1.2348843556751032,1.2383343744404838,True,pressure_curvature_r0.1,e1_PSB8,False,False
49,15,18,cell,cell,16,10,17.93428162059822,0.4634230629833807,0.4647177739061122,True,pressure_curvature_r0.1,e1_PSB8,False,False
50,4,19,cell,cell,58,20,29.315947478833273,0.5840718325295167,0.5857036118724944,True,pressure_curvature_r0.1,e1_PSB8,False,False
51,19,15,cell,cell,20,16,5.583865057753776,0.7843237260914575,0.7865149689885864,True,pressure_curvature_r0.1,e1_PSB8,False,False
52,20,17,cell,cell,22,36,52.283057474484195,0.8121488301056754,0.814417810752543,True,pressure_curvature_r0.1,e1_PSB8,False,False
53,16,20,cell,cell,56,22,12.915396482369802,0.842777990322823,0.8451325426890434,True,pressure_curvature_r0.1,e1_PSB8,False,False
54,21,16,cell,cell,11,56,39.244502909330386,1.3400383936186195,1.3437821916374932,True,pressure_curvature_r0.1,e1_PSB8,False,False
55,14,21,cell,cell,33,11,24.25393802435987,1.3097070703968774,1.3133661287931193,True,pressure_curvature_r0.1,e1_PSB8,False,False
56,22,15,cell,cell,35,16,36.965133119074345,0.893533307537878,0.8960296600621699,True,pressure_curvature_r0.1,e1_PSB8,False,False
57,19,22,cell,cell,20,35,25.24985106410832,0.38289749688337915,0.38396723555436807,True,pressure_curvature_r0.1,e1_PSB8,False,False
58,18,21,cell,cell,10,11,14.254066749900826,0.8426456925502043,0.8449998753030306,True,pressure_curvature_r0.1,e1_PSB8,False,False
59,48,19,outer,cell,-1,20,17.0,,,False,pressure_curvature_r0.1,e1_PSB8,False,False
60,17,23,cell,cell,36,1,27.833140388878103,0.7113316331846304,0.7133189508404235,True,pressure_curvature_r0.1,e1_PSB8,False,False
61,16,24,cell,cell,56,12,4.135128242442549,1.4609178009525943,1.4649993117473517,True,pressure_curvature_r0.1,e1_PSB8,False,False
62,15,25,cell,cell,16,6,1.0,1.0636080087790045,1.0665795158455837,True,pressure_curvature_r0.1,e1_PSB8,False,False
63,24,20,cell,cell,12,22,58.85051566666441,0.8732735240796374,0.8757132748397299,True,pressure_curvature_r0.1,e1_PSB8,False,False
64,25,18,cell,cell,6,10,33.98747187847815,1.1151318393397893,1.118247293636311,True,pressure_curvature_r0.1,e1_PSB8,False,False
65,22,25,cell,cell,35,6,21.48596923667752,0.24825899719944633,0.24895258295512981,True,pressure_curvature_r0.1,e1_PSB8,False,False
66,21,24,cell,cell,11,12,36.07563085831957,0.7037346177749214,0.7057007108961223,True,pressure_curvature_r0.1,e1_PSB8,False,False
67,23,48,cell,outer,1,-1,20.0,,,False,pressure_curvature_r0.1,e1_PSB8,False,False
68,20,23,cell,cell,22,1,17.248755988600042,0.7811679098766544,0.7833503360573749,True,pressure_curvature_r0.1,e1_PSB8,False,False
69,25,21,cell,cell,6,11,56.77577630295427,1.2343199426398521,1.2377683845486191,True,pressure_curvature_r0.1,e1_PSB8,False,False
70,26,19,cell,cell,55,20,31.791397313566716,1.510017647700449,1.5142363336014248,True,pressure_curvature_r0.1,e1_PSB8,False,False
71,48,26,outer,cell,-1,55,13.0,,,False,pressure_curvature_r0.1,e1_PSB8,False,False
72,27,22,cell,cell,37,35,22.94561549990318,1.532219347270281,1.5365000602588843,True,pressure_curvature_r0.1,e1_PSB8,False,False
73,19,27,cell,cell,20,37,13.469202718954076,1.3590187200206816,1.3628155452578201,True,pressure_curvature_r0.1,e1_PSB8,False,False
74,26,27,cell,cell,55,37,1.0,1.1766858854360558,1.179973309369363,True,pressure_curvature_r0.1,e1_PSB8,False,False
75,28,27,cell,cell,14,37,52.482398303985875,0.8854497300979043,0.887923498731056,True,pressure_curvature_r0.1,e1_PSB8,False,False
76,26,28,cell,cell,55,14,21.836025064797223,0.956007426223024,0.9586783188820451,True,pressure_curvature_r0.1,e1_PSB8,False,False
77,27,25,cell,cell,37,6,30.975357179808437,1.488831829765831,1.492991326748348,True,pressure_curvature_r0.1,e1_PSB8,False,False
78,29,23,cell,cell,3,1,23.60224132893278,1.2914131780329625,1.2950211269697176,True,pressure_curvature_r0.1,e1_PSB8,False,False
79,20,29,cell,cell,22,3,10.48343154701546,1.0751655812712697,1.078169377873138,True,pressure_curvature_r0.1,e1_PSB8,False,False
80,29,48,cell,outer,3,-1,33.0,,,False,pressure_curvature_r0.1,e1_PSB8,False,False
81,24,29,cell,cell,12,3,24.47216940916464,0.7653912281371327,0.7675295774390697,True,pressure_curvature_r0.1,e1_PSB8,False,False
82,30,26,cell,cell,18,55,18.453801301721462,1.671053487382133,1.6757220750623707,True,pressure_curvature_r0.1,e1_PSB8,False,False
83,48,30,outer,cell,-1,18,18.0,,,False,pressure_curvature_r0.1,e1_PSB8,False,False
84,25,24,cell,cell,6,12,9.342236689145867,1.1163463044074282,1.1194651516753276,True,pressure_curvature_r0.1,e1_PSB8,False,True
85,30,28,cell,cell,18,14,20.786398748428343,1.3241369347369627,1.3278363072747892,True,pressure_curvature_r0.1,e1_PSB8,False,False
86,31,25,cell,cell,7,6,50.327221049575755,1.5901094656931638,1.5945519120408231,True,pressure_curvature_r0.1,e1_PSB8,False,False
87,27,31,cell,cell,37,7,25.41453274513892,0.5059658768593412,0.5073794438559469,True,pressure_curvature_r0.1,e1_PSB8,False,False
88,32,24,cell,cell,49,12,21.70528298911,1.3177582583076408,1.3214398101051863,True,pressure_curvature_r0.1,e1_PSB8,False,True
89,25,32,cell,cell,6,49,13.209239482456198,0.9747159638617311,0.9774391244158225,True,pressure_curvature_r0.1,e1_PSB8,False,False
90,33,24,cell,cell,5,12,34.497141239405934,1.5176493447118982,1.521889352040893,True,pressure_curvature_r0.1,e1_PSB8,True,True
91,34,30,cell,cell,38,18,30.287889136566097,1.2229923179404025,1.2264091127418104,True,pressure_curvature_r0.1,e1_PSB8,False,False
92,32,33,cell,cell,49,5,9.288727899863467,0.5309617500157062,0.5324451504595089,True,pressure_curvature_r0.1,e1_PSB8,False,False
93,48,34,outer,cell,-1,38,60.0,,,False,pressure_curvature_r0.1,e1_PSB8,False,False
94,35,28,cell,cell,50,14,47.07549619588023,1.1314160923710876,1.1345770415985963,True,pressure_curvature_r0.1,e1_PSB8,False,False
95,30,35,cell,cell,18,50,11.828883404655732,0.3385645146243771,0.3395103958507268,True,pressure_curvature_r0.1,e1_PSB8,False,False
96,33,29,cell,cell,5,3,13.58038312020523,1.666946625478202,1.6716037394114687,True,pressure_curvature_r0.1,e1_PSB8,False,True
97,28,31,cell,cell,14,7,13.521125064396116,0.7958937507359949,0.7981173179572244,True,pressure_curvature_r0.1,e1_PSB8,False,False
98,36,32,cell,cell,9,49,9.86941772699263,1.693129803068977,1.6978600675394664,True,pressure_curvature_r0.1,e1_PSB8,False,False
99,25,36,cell,cell,6,9,12.124249268759066,2.0177777033932687,2.023414968866008,True,pressure_curvature_r0.1,e1_PSB8,False,False
100,31,36,cell,cell,7,9,34.856961089528816,0.715797561851607,0.71779735641476,True,pressure_curvature_r0.1,e1_PSB8,False,False
101,32,37,cell,cell,49,4,17.293909935623294,1.0327865129664322,1.0356719109666508,True,pressure_curvature_r0.1,e1_PSB8,False,False
102,37,33,cell,cell,4,5,45.6759878371038,0.8151656450749625,0.8174430540966879,True,pressure_curvature_r0.1,e1_PSB8,False,False
103,36,37,cell,cell,9,4,16.81145845443676,1.0766825949584782,1.079690629791776,True,pressure_curvature_r0.1,e1_PSB8,False,False
104,29,38,cell,cell,3,2,31.550889426060163,1.5568053904340404,1.5611547918871884,True,pressure_curvature_r0.1,e1_PSB8,False,True
105,38,48,cell,outer,2,-1,42.0,,,False,pressure_curvature_r0.1,e1_PSB8,False,False
106,33,38,cell,cell,5,2,11.95840876155323,1.246490566472467,1.2499730106587883,True,pressure_curvature_r0.1,e1_PSB8,False,False
107,34,35,cell,cell,38,50,61.86712075557307,1.3421604758244068,1.345910202514575,True,pressure_curvature_r0.1,e1_PSB8,False,False
108,35,31,cell,cell,50,7,28.50714181892359,1.3491405088487176,1.352909736348663,True,pressure_curvature_r0.1,e1_PSB8,False,False
109,37,38,cell,cell,4,2,1.0,1.385451196623982,1.3893218688896927,True,pressure_curvature_r0.1,e1_PSB8,False,False
110,37,39,cell,cell,4,25,27.189812463768078,0.803226119267679,0.8054701716532987,True,pressure_curvature_r0.1,e1_PSB8,False,False
111,39,38,cell,cell,25,2,49.52066838847239,0.8107079914616764,0.8129729466948793,True,pressure_curvature_r0.1,e1_PSB8,False,False
112,40,37,cell,cell,23,4,31.231678430067316,1.1673721876534995,1.1706335909865964,True,pressure_curvature_r0.1,e1_PSB8,False,False
113,36,40,cell,cell,9,23,22.295198313154142,0.9163863272921093,0.9189465265617547,True,pressure_curvature_r0.1,e1_PSB8,False,False
114,40,39,cell,cell,23,25,42.7236137629447,0.5513500475292017,0.552890408779652,True,pressure_curvature_r0.1,e1_PSB8,False,False
115,41,36,cell,cell,27,9,29.374034789971507,1.1364382492444471,1.1396132293691619,True,pressure_curvature_r0.1,e1_PSB8,False,False
116,31,41,cell,cell,7,27,29.437510032325605,1.2711854193152334,1.2747368559584793,True,pressure_curvature_r0.1,e1_PSB8,False,False
117,35,41,cell,cell,50,27,17.334524989557067,0.9603007539217617,0.962983641275718,True,pressure_curvature_r0.1,e1_PSB8,False,False
118,41,40,cell,cell,27,23,23.30026072543333,1.0498393472083358,1.0527723874010133,True,pressure_curvature_r0.1,e1_PSB8,False,False
119,39,48,cell,outer,25,-1,13.0,,,False,pressure_curvature_r0.1,e1_PSB8,False,False
120,35,42,cell,cell,50,54,29.717541528220075,1.2475239963185636,1.2510093277002285,True,pressure_curvature_r0.1,e1_PSB8,False,False
121,42,41,cell,cell,54,27,44.285056895354074,1.2165173981583512,1.2199161033348889,True,pressure_curvature_r0.1,e1_PSB8,False,False
122,43,34,cell,cell,30,38,52.5781942461475,,,False,pressure_curvature_r0.1,e1_PSB8,False,False
123,48,43,outer,cell,-1,30,69.12448474893256,,,False,pressure_curvature_r0.1,e1_PSB8,False,False
124,34,42,cell,cell,38,54,26.864385711999738,1.1267252990143946,1.1298731431077822,True,pressure_curvature_r0.1,e1_PSB8,False,False
125,44,40,cell,cell,17,23,30.342033800713992,1.9365492036326997,1.9419595329982888,True,pressure_curvature_r0.1,e1_PSB8,False,False
126,41,44,cell,cell,27,17,21.280990183874653,1.2152018966982487,1.2185969266280294,True,pressure_curvature_r0.1,e1_PSB8,False,False
127,39,45,cell,cell,25,28,45.87275643769043,1.2558602048906846,1.259368825964112,True,pressure_curvature_r0.1,e1_PSB8,False,False
128,45,48,cell,outer,28,-1,58.124484748932566,,,False,pressure_curvature_r0.1,e1_PSB8,False,False
129,41,46,cell,cell,27,51,17.239502004033483,1.4820752759152704,1.486215896443918,True,pressure_curvature_r0.1,e1_PSB8,False,False
130,44,39,cell,cell,17,25,8.634763300575479,1.8664050345308125,1.8716193951819455,True,pressure_curvature_r0.1,e1_PSB8,False,False
131,46,44,cell,cell,51,17,32.58002864986977,0.7557894726913668,0.7579009966178617,True,pressure_curvature_r0.1,e1_PSB8,False,False
132,42,46,cell,cell,54,51,18.730338144561873,0.4201277267409923,0.4213014791935616,True,pressure_curvature_r0.1,e1_PSB8,False,False
133,47,39,cell,cell,44,25,10.797591538231872,1.85695297102261,1.8621409245074971,True,pressure_curvature_r0.1,e1_PSB8,False,False
134,44,47,cell,cell,17,44,13.881295485582115,0.8105277816702151,0.8127922334334701,True,pressure_curvature_r0.1,e1_PSB8,False,False
135,47,45,cell,cell,44,28,9.512557385968076,1.697995911633108,1.702739771033182,True,pressure_curvature_r0.1,e1_PSB8,False,False
136,47,48,cell,outer,44,-1,17.0,,,False,pressure_curvature_r0.1,e1_PSB8,False,False
137,44,48,cell,outer,17,-1,26.0,,,False,pressure_curvature_r0.1,e1_PSB8,False,False
138,46,48,cell,outer,51,-1,47.0,,,False,pressure_curvature_r0.1,e1_PSB8,False,False
139,42,48,cell,outer,54,-1,69.0,,,False,pressure_curvature_r0.1,e1_PSB8,False,False
140,34,48,cell,outer,38,-1,13.0,,,False,pressure_curvature_r0.1,e1_PSB8,False,False
0,0,48,cell,outer,29,-1,52.124484748932566,,,False,pressure_curvature_r0.01,e1_PSB8,False,False
1,48,1,outer,cell,-1,32,20.0,,,False,pressure_curvature_r0.01,e1_PSB8,False,False
2,48,2,outer,cell,-1,31,75.0,,,False,pressure_curvature_r0.01,e1_PSB8,False,False
3,48,3,outer,cell,-1,24,18.0,,,False,pressure_curvature_r0.01,e1_PSB8,False,False
4,48,4,outer,cell,-1,58,221.12448474893256,,,False,pressure_curvature_r0.01,e1_PSB8,False,False
5,1,0,cell,cell,32,29,5.178132521123993,0.4420831941475067,0.47853682693027727,True,pressure_curvature_r0.01,e1_PSB8,False,False
6,2,1,cell,cell,31,32,7.36837247386691,1.076228485203604,1.1649729534605882,True,pressure_curvature_r0.01,e1_PSB8,False,False
7,3,2,cell,cell,24,31,47.81639741052372,1.086517839206245,1.1761107548535614,True,pressure_curvature_r0.01,e1_PSB8,False,False
8,4,3,cell,cell,58,24,40.81812856333414,0.657401635392266,0.7116101602234235,True,pressure_curvature_r0.01,e1_PSB8,False,False
9,5,0,cell,cell,13,29,37.254782461828626,0.8935515422510503,0.9672326959907006,True,pressure_curvature_r0.01,e1_PSB8,False,False
10,1,5,cell,cell,32,13,17.345704105698502,0.873274061479623,0.9452831592633198,True,pressure_curvature_r0.01,e1_PSB8,False,False
11,4,6,cell,cell,58,26,80.08478339518666,0.5022667651523115,0.5436830606782239,True,pressure_curvature_r0.01,e1_PSB8,False,False
12,2,5,cell,cell,31,13,9.308078727806713,1.0619365627760973,1.1495025368065892,True,pressure_curvature_r0.01,e1_PSB8,False,False
13,6,3,cell,cell,26,24,56.39118316733845,-0.03057425576531414,-0.03309537103734909,True,pressure_curvature_r0.01,e1_PSB8,False,False
14,0,7,cell,cell,29,43,18.349369915404807,0.42407328479538786,0.4590418427536356,True,pressure_curvature_r0.01,e1_PSB8,False,False
15,7,48,cell,outer,43,-1,36.0,,,False,pressure_curvature_r0.01,e1_PSB8,False,False
16,8,5,cell,cell,21,13,62.326863405028185,0.7696531190114442,0.8331177621871714,True,pressure_curvature_r0.01,e1_PSB8,False,False
17,2,8,cell,cell,31,21,16.847988270968607,0.9017480730513957,0.9761051025715417,True,pressure_curvature_r0.01,e1_PSB8,False,False
18,9,2,cell,cell,8,31,21.384012956583547,1.4291298794831893,1.5469741597346176,True,pressure_curvature_r0.01,e1_PSB8,False,False
19,3,9,cell,cell,24,8,21.28618231957368,0.663046396878614,0.7177203817523465,True,pressure_curvature_r0.01,e1_PSB8,False,False
20,9,8,cell,cell,8,21,24.229251787875356,1.0075680465539303,1.090650860058203,True,pressure_curvature_r0.01,e1_PSB8,False,False
21,5,7,cell,cell,13,43,15.288470448781554,0.7513923123113655,0.813351191977929,True,pressure_curvature_r0.01,e1_PSB8,False,False
22,10,9,cell,cell,46,8,41.95261133070757,0.34617609718271025,0.37472134950610125,True,pressure_curvature_r0.01,e1_PSB8,False,False
23,3,10,cell,cell,24,46,40.73736957137531,0.5789431836814929,0.6266821217352463,True,pressure_curvature_r0.01,e1_PSB8,False,False
24,6,10,cell,cell,26,46,55.53766614981144,0.45939117685822295,0.49727200446382247,True,pressure_curvature_r0.01,e1_PSB8,False,False
25,8,7,cell,cell,21,43,12.293295410298715,1.0323825436986882,1.1175115299111285,True,pressure_curvature_r0.01,e1_PSB8,False,False
26,11,8,cell,cell,19,21,39.24385599973725,1.0978277233519997,1.1883532380415849,True,pressure_curvature_r0.01,e1_PSB8,False,False
27,9,11,cell,cell,8,19,30.301860261751102,0.8971695506289628,0.9711490408594804,True,pressure_curvature_r0.01,e1_PSB8,False,False
28,8,48,cell,outer,21,-1,15.0,,,False,pressure_curvature_r0.01,e1_PSB8,False,False
29,12,6,cell,cell,39,26,12.200191113978505,0.36587062161528505,0.3960398600367697,True,pressure_curvature_r0.01,e1_PSB8,False,False
30,4,12,cell,cell,58,39,81.05922284218767,0.4363725395617791,0.47235527883859146,True,pressure_curvature_r0.01,e1_PSB8,False,False
31,12,10,cell,cell,39,46,32.43457168816823,0.2896176673488381,0.31349918158123496,True,pressure_curvature_r0.01,e1_PSB8,False,False
32,13,8,cell,cell,40,21,26.741861827790526,0.5420029692634013,0.5866958629772185,True,pressure_curvature_r0.01,e1_PSB8,False,False
33,11,13,cell,cell,19,40,32.40229293662417,0.7991953607664439,0.8650960206168001,True,pressure_curvature_r0.01,e1_PSB8,False,False
34,13,48,cell,outer,40,-1,31.0,,,False,pressure_curvature_r0.01,e1_PSB8,False,False
35,10,11,cell,cell,46,19,33.70984494717924,0.945897371431472,1.0238948974284583,True,pressure_curvature_r0.01,e1_PSB8,False,False
36,14,10,cell,cell,33,46,47.099444004987575,0.5038479317315415,0.5453946082957081,True,pressure_curvature_r0.01,e1_PSB8,False,False
37,12,14,cell,cell,39,33,21.98027220916189,0.2418495932585959,0.2617922112500177,True,pressure_curvature_r0.01,e1_PSB8,False,False
38,15,12,cell,cell,16,39,39.29097631216534,0.34070381489135637,0.3687978295930202,True,pressure_curvature_r0.01,e1_PSB8,False,False
39,4,15,cell,cell,58,16,31.746486489232087,0.3732625147772934,0.4040412795559537,True,pressure_curvature_r0.01,e1_PSB8,False,False
40,16,10,cell,cell,56,46,54.76559690411495,0.4935577381570473,0.5342558981008261,True,pressure_curvature_r0.01,e1_PSB8,False,False
41,14,16,cell,cell,33,56,32.01851994968288,0.04928306120771353,0.05334688141047237,True,pressure_curvature_r0.01,e1_PSB8,False,False
42,17,13,cell,cell,36,40,27.383626779960675,0.7423976638527862,0.80361485594502,True,pressure_curvature_r0.01,e1_PSB8,False,False
43,11,17,cell,cell,19,36,58.52020410659975,0.8792990566244115,0.9518049680473366,True,pressure_curvature_r0.01,e1_PSB8,False,False
44,15,14,cell,cell,16,33,23.634220846597565,0.6117672190442721,0.6622127864098925,True,pressure_curvature_r0.01,e1_PSB8,False,False
45,17,48,cell,outer,36,-1,33.0,,,False,pressure_curvature_r0.01,e1_PSB8,False,False
46,10,17,cell,cell,46,36,3.642274006136114,0.6007471333641592,0.6502839981101467,True,pressure_curvature_r0.01,e1_PSB8,False,False
47,16,17,cell,cell,56,36,21.812427967801213,0.3782659895467888,0.40945733465942175,True,pressure_curvature_r0.01,e1_PSB8,False,False
48,18,14,cell,cell,10,33,26.763230955541076,1.092343597936258,1.1824168984347436,True,pressure_curvature_r0.01,e1_PSB8,False,False
49,15,18,cell,cell,16,10,17.93428162059822,0.3961995817392897,0.42886970865796264,True,pressure_curvature_r0.01,e1_PSB8,False,False
50,4,19,cell,cell,58,20,29.315947478833273,0.42236345998134706,0.4571910279026084,True,pressure_curvature_r0.01,e1_PSB8,False,False
51,19,15,cell,cell,20,16,5.583865057753776,0.6037684068755987,0.6535544020942673,True,pressure_curvature_r0.01,e1_PSB8,False,False
52,20,17,cell,cell,22,36,52.283057474484195,0.691901054153156,0.748954358336656,True,pressure_curvature_r0.01,e1_PSB8,False,False
53,16,20,cell,cell,56,22,12.915396482369802,0.7217526562459785,0.7812674865745011,True,pressure_curvature_r0.01,e1_PSB8,False,False
54,21,16,cell,cell,11,56,39.244502909330386,1.2154796588802879,1.3157066064917937,True,pressure_curvature_r0.01,e1_PSB8,False,False
55,14,21,cell,cell,33,11,24.25393802435987,1.1844674888493008,1.2821372113206686,True,pressure_curvature_r0.01,e1_PSB8,False,False
56,22,15,cell,cell,35,16,36.965133119074345,0.7043465464235218,0.7624260904890866,True,pressure_curvature_r0.01,e1_PSB8,False,False
57,19,22,cell,cell,20,35,25.24985106410832,0.34862763683374176,0.3773750400811538,True,pressure_curvature_r0.01,e1_PSB8,False,False
58,18,21,cell,cell,10,11,14.254066749900826,0.7574763331116727,0.8199368935999305,True,pressure_curvature_r0.01,e1_PSB8,False,False
59,48,19,outer,cell,-1,20,17.0,,,False,pressure_curvature_r0.01,e1_PSB8,False,False
60,17,23,cell,cell,36,1,27.833140388878103,0.6625423149305417,0.7171747338310125,True,pressure_curvature_r0.01,e1_PSB8,False,False
61,16,24,cell,cell,56,12,4.135128242442549,1.3314749600733298,1.4412667365907883,True,pressure_curvature_r0.01,e1_PSB8,False,False
62,15,25,cell,cell,16,6,1.0,0.8974887008917617,0.971494507857764,True,pressure_curvature_r0.01,e1_PSB8,False,False
63,24,20,cell,cell,12,22,58.85051566666441,0.8085380013980119,0.8752090438263833,True,pressure_curvature_r0.01,e1_PSB8,False,False
64,25,18,cell,cell,6,10,33.98747187847815,0.994024988751081,1.075991058478534,True,pressure_curvature_r0.01,e1_PSB8,False,False
65,22,25,cell,cell,35,6,21.48596923667752,0.18089752399027592,0.19581410982333444,True,pressure_curvature_r0.01,e1_PSB8,False,False
66,21,24,cell,cell,11,12,36.07563085831957,0.6352383678564477,0.6876193370901231,True,pressure_curvature_r0.01,e1_PSB8,False,False
67,23,48,cell,outer,1,-1,20.0,,,False,pressure_curvature_r0.01,e1_PSB8,False,False
68,20,23,cell,cell,22,1,17.248755988600042,0.7198648061820303,0.7792239667318978,True,pressure_curvature_r0.01,e1_PSB8,False,False
69,25,21,cell,cell,6,11,56.77577630295427,1.1409415587819436,1.2350221869556564,True,pressure_curvature_r0.01,e1_PSB8,False,False
70,26,19,cell,cell,55,20,31.791397313566716,1.7158275653259603,1.8573125817504432,True,pressure_curvature_r0.01,e1_PSB8,False,False
71,48,26,outer,cell,-1,55,13.0,,,False,pressure_curvature_r0.01,e1_PSB8,False,False
72,27,22,cell,cell,37,35,22.94561549990318,1.688611937437939,1.8278527868863494,True,pressure_curvature_r0.01,e1_PSB8,False,False
73,19,27,cell,cell,20,37,13.469202718954076,1.5398052294463758,1.666775662012738,True,pressure_curvature_r0.01,e1_PSB8,False,False
74,26,27,cell,cell,55,37,1.0,1.276662101608077,1.3819340776881555,True,pressure_curvature_r0.01,e1_PSB8,False,False
75,28,27,cell,cell,14,37,52.482398303985875,0.8914998681798934,0.9650118434161081,True,pressure_curvature_r0.01,e1_PSB8,False,False
76,26,28,cell,cell,55,14,21.836025064797223,1.0315517224451454,1.1166122001657774,True,pressure_curvature_r0.01,e1_PSB8,False,False
77,27,25,cell,cell,37,6,30.975357179808437,1.6582787826464394,1.795018397710574,True,pressure_curvature_r0.01,e1_PSB8,False,False
78,29,23,cell,cell,3,1,23.60224132893278,1.2392946275484278,1.3414853279875787,True,pressure_curvature_r0.01,e1_PSB8,False,False
79,20,29,cell,cell,22,3,10.48343154701546,1.005721826733415,1.0886524032373577,True,pressure_curvature_r0.01,e1_PSB8,False,False
80,29,48,cell,outer,3,-1,33.0,,,False,pressure_curvature_r0.01,e1_PSB8,False,False
81,24,29,cell,cell,12,3,24.47216940916464,0.7472536614819868,0.8088712731258172,True,pressure_curvature_r0.01,e1_PSB8,False,False
82,30,26,cell,cell,18,55,18.453801301721462,1.8548936756326715,2.0078459113153415,True,pressure_curvature_r0.01,e1_PSB8,False,False
83,48,30,outer,cell,-1,18,18.0,,,False,pressure_curvature_r0.01,e1_PSB8,False,False
84,25,24,cell,cell,6,12,9.342236689145867,1.0854719081201845,1.174978577585262,True,pressure_curvature_r0.01,e1_PSB8,False,True
85,30,28,cell,cell,18,14,20.786398748428343,1.4330172757716397,1.5511821059074706,True,pressure_curvature_r0.01,e1_PSB8,False,False
86,31,25,cell,cell,7,6,50.327221049575755,1.7543379088778777,1.89899844054647,True,pressure_curvature_r0.01,e1_PSB8,False,False
87,27,31,cell,cell,37,7,25.41453274513892,0.49243207763216035,0.5330374170028988,True,pressure_curvature_r0.01,e1_PSB8,False,False
88,32,24,cell,cell,49,12,21.70528298911,1.3702771861649934,1.483268546199367,True,pressure_curvature_r0.01,e1_PSB8,False,True
89,25,32,cell,cell,6,49,13.209239482456198,1.0280666747771436,1.1128397797824099,True,pressure_curvature_r0.01,e1_PSB8,False,False
90,33,24,cell,cell,5,12,34.497141239405934,1.599834863863337,1.7317552657524184,True,pressure_curvature_r0.01,e1_PSB8,True,True
91,34,30,cell,cell,38,18,30.287889136566097,1.2510922439273802,1.3542557612048178,True,pressure_curvature_r0.01,e1_PSB8,False,False
92,32,33,cell,cell,49,5,9.288727899863467,0.536339849828846,0.5805657697264105,True,pressure_curvature_r0.01,e1_PSB8,False,False
93,48,34,outer,cell,-1,38,60.0,,,False,pressure_curvature_r0.01,e1_PSB8,False,False
94,35,28,cell,cell,50,14,47.07549619588023,1.2110677120140803,1.310930855950063,True,pressure_curvature_r0.01,e1_PSB8,False,False
95,30,35,cell,cell,18,50,11.828883404655732,0.3156818932124199,0.34171263123567003,True,pressure_curvature_r0.01,e1_PSB8,False,False
96,33,29,cell,cell,5,3,13.58038312020523,1.790691597624927,1.9383498094528828,True,pressure_curvature_r0.01,e1_PSB8,False,True
97,28,31,cell,cell,14,7,13.521125064396116,0.7735487154434559,0.83733458467727,True,pressure_curvature_r0.01,e1_PSB8,False,False
98,36,32,cell,cell,9,49,9.86941772699263,1.8617402449992664,2.015257040314186,True,pressure_curvature_r0.01,e1_PSB8,False,False
99,25,36,cell,cell,6,9,12.124249268759066,2.2368378048007407,2.421284680434782,True,pressure_curvature_r0.01,e1_PSB8,False,False
100,31,36,cell,cell,7,9,34.856961089528816,0.7584796791759311,0.8210229743382609,True,pressure_curvature_r0.01,e1_PSB8,False,False
101,32,37,cell,cell,49,4,17.293909935623294,1.091515910658259,1.1815209610886792,True,pressure_curvature_r0.01,e1_PSB8,False,False
102,37,33,cell,cell,4,5,45.6759878371038,0.8277604028659828,0.8960165007173899,True,pressure_curvature_r0.01,e1_PSB8,False,False
103,36,37,cell,cell,9,4,16.81145845443676,1.141195185856329,1.2352967278045435,True,pressure_curvature_r0.01,e1_PSB8,False,False
104,29,38,cell,cell,3,2,31.550889426060163,1.6818072961483357,1.8204870433018083,True,pressure_curvature_r0.01,e1_PSB8,False,True
105,38,48,cell,outer,2,-1,42.0,,,False,pressure_curvature_r0.01,e1_PSB8,False,False
106,33,38,cell,cell,5,2,11.95840876155323,1.2934415114230056,1.4000970968594282,True,pressure_curvature_r0.01,e1_PSB8,False,False
107,34,35,cell,cell,38,50,61.86712075557307,1.3854505805935293,1.4996931199441235,True,pressure_curvature_r0.01,e1_PSB8,False,False
108,35,31,cell,cell,50,7,28.50714181892359,1.3965199889100268,1.5116752979637766,True,pressure_curvature_r0.01,e1_PSB8,False,False
109,37,38,cell,cell,4,2,1.0,1.4023591781017415,1.5179959794659021,True,pressure_curvature_r0.01,e1_PSB8,False,False
110,37,39,cell,cell,4,25,27.189812463768078,0.8115577049789368,0.878477748425463,True,pressure_curvature_r0.01,e1_PSB8,False,False
111,39,38,cell,cell,25,2,49.52066838847239,0.7759373399431689,0.8399201721955305,True,pressure_curvature_r0.01,e1_PSB8,False,False
112,40,37,cell,cell,23,4,31.231678430067316,1.219874593035433,1.3204639414753736,True,pressure_curvature_r0.01,e1_PSB8,False,False
113,36,40,cell,cell,9,23,22.295198313154142,0.9786601705743636,1.0593592764203503,True,pressure_curvature_r0.01,e1_PSB8,False,False
114,40,39,cell,cell,23,25,42.7236137629447,0.6085122866036605,0.6586894562706269,True,pressure_curvature_r0.01,e1_PSB8,False,False
115,41,36,cell,cell,27,9,29.374034789971507,1.2463525077377853,1.3491251922379766,True,pressure_curvature_r0.01,e1_PSB8,False,False
116,31,41,cell,cell,7,27,29.437510032325605,1.3596477219838645,1.471762589563727,True,pressure_curvature_r0.01,e1_PSB8,False,False
117,35,41,cell,cell,50,27,17.334524989557067,1.0321352720083248,1.11724386850336,True,pressure_curvature_r0.01,e1_PSB8,False,False
118,41,40,cell,cell,27,23,23.30026072543333,1.2191274997704942,1.3196552438248912,True,pressure_curvature_r0.01,e1_PSB8,False,False
119,39,48,cell,outer,25,-1,13.0,,,False,pressure_curvature_r0.01,e1_PSB8,False,False
120,35,42,cell,cell,50,54,29.717541528220075,1.3286099761770138,1.4381655096699297,True,pressure_curvature_r0.01,e1_PSB8,False,False
121,42,41,cell,cell,54,27,44.285056895354074,1.362027105282956,1.4743381738634058,True,pressure_curvature_r0.01,e1_PSB8,False,False
122,43,34,cell,cell,30,38,52.5781942461475,,,False,pressure_curvature_r0.01,e1_PSB8,False,False
123,48,43,outer,cell,-1,30,69.12448474893256,,,False,pressure_curvature_r0.01,e1_PSB8,False,False
124,34,42,cell,cell,38,54,26.864385711999738,1.1588047071967584,1.2543583084698298,True,pressure_curvature_r0.01,e1_PSB8,False,False
125,44,40,cell,cell,17,23,30.342033800713992,2.525971314365676,2.7342597811807585,True,pressure_curvature_r0.01,e1_PSB8,False,False
126,41,44,cell,cell,27,17,21.280990183874653,1.5825444519522474,1.7130391078848801,True,pressure_curvature_r0.01,e1_PSB8,False,False
127,39,45,cell,cell,25,28,45.87275643769043,1.7565773668708133,1.9014225614725089,True,pressure_curvature_r0.01,e1_PSB8,False,False
128,45,48,cell,outer,28,-1,58.124484748932566,,,False,pressure_curvature_r0.01,e1_PSB8,False,False
129,41,46,cell,cell,27,51,17.239502004033483,1.7232280833040978,1.865323337277415,True,pressure_curvature_r0.01,e1_PSB8,False,False
130,44,39,cell,cell,17,25,8.634763300575479,2.5518093800329122,2.762228421749099,True,pressure_curvature_r0.01,e1_PSB8,False,False
131,46,44,cell,cell,51,17,32.58002864986977,0.7829694708299637,0.8475321638877602,True,pressure_curvature_r0.01,e1_PSB8,False,False
132,42,46,cell,cell,54,51,18.730338144561873,0.36222291632079273,0.3920913694804408,True,pressure_curvature_r0.01,e1_PSB8,False,False
133,47,39,cell,cell,44,25,10.797591538231872,2.6672611266509962,2.887200176435938,True,pressure_curvature_r0.01,e1_PSB8,False,False
134,44,47,cell,cell,17,44,13.881295485582115,1.070335252389452,1.1585937719658386,True,pressure_curvature_r0.01,e1_PSB8,False,False
135,47,45,cell,cell,44,28,9.512557385968076,2.482592064545626,2.687303532134621,True,pressure_curvature_r0.01,e1_PSB8,False,False
136,47,48,cell,outer,44,-1,17.0,,,False,pressure_curvature_r0.01,e1_PSB8,False,False
137,44,48,cell,outer,17,-1,26.0,,,False,pressure_curvature_r0.01,e1_PSB8,False,False
138,46,48,cell,outer,51,-1,47.0,,,False,pressure_curvature_r0.01,e1_PSB8,False,False
139,42,48,cell,outer,54,-1,69.0,,,False,pressure_curvature_r0.01,e1_PSB8,False,False
140,34,48,cell,outer,38,-1,13.0,,,False,pressure_curvature_r0.01,e1_PSB8,False,False
0,0,61,cell,outer,57,-1,54.124484748932566,,,False,tension_only_r0.1,e3_PSB10,False,False
1,61,1,outer,cell,-1,58,40.0,,,False,tension_only_r0.1,e3_PSB10,False,False
2,61,2,outer,cell,-1,47,54.0,,,False,tension_only_r0.1,e3_PSB10,False,False
3,61,3,outer,cell,-1,38,32.0,,,False,tension_only_r0.1,e3_PSB10,False,False
4,61,4,outer,cell,-1,70,51.0,,,False,tension_only_r0.1,e3_PSB10,False,False
5,61,5,outer,cell,-1,53,43.0,,,False,tension_only_r0.1,e3_PSB10,False,False
6,61,6,outer,cell,-1,43,31.124484748932566,,,False,tension_only_r0.1,e3_PSB10,False,False
7,1,0,cell,cell,58,57,6.795703272812884,1.5393189592644336,1.5011813895620607,True,tension_only_r0.1,e3_PSB10,False,False
8,2,1,cell,cell,47,58,10.0,0.7838102269689884,0.7643908486883838,True,tension_only_r0.1,e3_PSB10,False,False
9,3,2,cell,cell,38,47,10.456504198911224,0.8203931683614215,0.8000674253089971,True,tension_only_r0.1,e3_PSB10,False,False
10,4,3,cell,cell,70,38,11.351158099893548,1.1056835154038611,1.078289529327298,True,tension_only_r0.1,e3_PSB10,False,False
11,5,4,cell,cell,53,70,7.0,1.1209340201505344,1.093162193481369,True,tension_only_r0.1,e3_PSB10,False,False
12,6,5,cell,cell,43,53,6.0,0.6321103091597735,0.6164493892249674,True,tension_only_r0.1,e3_PSB10,False,False
13,1,7,cell,cell,58,13,37.49699707503625,0.8921787082602235,0.8700744345043111,True,tension_only_r0.1,e3_PSB10,False,False
14,8,5,cell,cell,42,53,26.439356424431722,1.2945141622145309,1.2624417812469393,True,tension_only_r0.1,e3_PSB10,False,False
15,6,8,cell,cell,43,42,23.704510012724278,1.2641612171884835,1.2328408490182632,True,tension_only_r0.1,e3_PSB10,False,False
16,7,0,cell,cell,13,57,36.502436561878,1.2364269052387853,1.205793671628146,True,tension_only_r0.1,e3_PSB10,False,False
17,9,4,cell,cell,14,70,22.2064889186126,1.3772538788671331,1.3431315707600089,True,tension_only_r0.1,e3_PSB10,False,False
18,5,9,cell,cell,53,14,19.54479676759752,1.4638633936915084,1.4275952818257651,True,tension_only_r0.1,e3_PSB10,False,False
19,10,2,cell,cell,21,47,38.82401536069401,1.2352090439209462,1.2046059835701226,True,tension_only_r0.1,e3_PSB10,False,False
20,3,10,cell,cell,38,21,35.05178348679565,0.9837716792467752,0.9593981335545798,True,tension_only_r0.1,e3_PSB10,False,False
21,61,8,outer,cell,-1,42,24.0,,,False,tension_only_r0.1,e3_PSB10,False,False
22,2,7,cell,cell,47,13,17.35563742939398,1.2707095838087998,1.2392269758461598,True,tension_only_r0.1,e3_PSB10,False,False
23,4,11,cell,cell,70,60,27.49436516794876,1.1461613706815585,1.1177645209569096,True,tension_only_r0.1,e3_PSB10,False,False
24,11,3,cell,cell,60,38,14.97969596521521,0.9667850182065982,0.942832327442182,True,tension_only_r0.1,e3_PSB10,False,False
25,8,9,cell,cell,42,14,24.864661070230813,1.0254050376373895,1.0,True,tension_only_r0.1,e3_PSB10,False,False
26,9,11,cell,cell,14,60,21.78037863563592,0.5829531175140983,0.5685100971000359,True,tension_only_r0.1,e3_PSB10,False,False
27,10,7,cell,cell,21,13,13.178132521123993,1.0992468805071884,1.0720123660011813,True,tension_only_r0.1,e3_PSB10,False,False
28,11,10,cell,cell,60,21,6.414341516820876,1.1635133945536142,1.1346866378133238,True,tension_only_r0.1,e3_PSB10,False,False
29,11,12,cell,cell,60,46,30.8595857820907,0.9780010088194975,0.9537704350203754,True,tension_only_r0.1,e3_PSB10,False,False
30,12,10,cell,cell,46,21,22.567692204420062,0.9779516942827603,0.95372234228148,True,tension_only_r0.1,e3_PSB10,False,False
31,13,8,cell,cell,32,42,43.677552154412695,0.9614658989815207,0.9376449926526698,True,tension_only_r0.1,e3_PSB10,False,False
32,61,13,outer,cell,-1,32,49.0,,,False,tension_only_r0.1,e3_PSB10,False,False
33,10,14,cell,cell,21,45,35.90769925639984,1.4737243428129871,1.437211919895146,True,tension_only_r0.1,e3_PSB10,False,False
34,14,7,cell,cell,45,13,51.40873348455297,1.4271807048126786,1.3918214290238036,True,tension_only_r0.1,e3_PSB10,False,False
35,9,12,cell,cell,14,46,26.41959854431625,1.071293264882006,1.0447513183184143,True,tension_only_r0.1,e3_PSB10,False,False
36,13,9,cell,cell,32,14,5.8482194362705675,1.3580586243328034,1.3244118904095428,True,tension_only_r0.1,e3_PSB10,False,False
37,0,15,cell,cell,57,64,14.0,1.2476531149457304,1.2167417451160736,True,tension_only_r0.1,e3_PSB10,False,False
38,15,61,cell,outer,64,-1,50.0,,,False,tension_only_r0.1,e3_PSB10,False,False
39,7,15,cell,cell,13,64,2.885901801066649,1.6497572475645583,1.608883501650941,True,tension_only_r0.1,e3_PSB10,False,False
40,16,9,cell,cell,48,14,24.48888738607691,1.116467911064471,1.0888067349824,True,tension_only_r0.1,e3_PSB10,False,False
41,13,16,cell,cell,32,48,31.127361749541777,0.9228653337976644,0.9000007801054066,True,tension_only_r0.1,e3_PSB10,False,False
42,14,15,cell,cell,45,64,13.25950623674257,1.4095375935064576,1.374615436602631,True,tension_only_r0.1,e3_PSB10,False,False
43,17,10,cell,cell,59,21,28.610678686082093,1.5626084522879844,1.5238938711363774,True,tension_only_r0.1,e3_PSB10,False,False
44,12,17,cell,cell,46,59,18.541909132681557,1.248383837308358,1.2174543633847639,True,tension_only_r0.1,e3_PSB10,False,False
45,17,14,cell,cell,59,45,7.470703182278349,0.757275444471442,0.7385134816737995,True,tension_only_r0.1,e3_PSB10,False,False
46,16,12,cell,cell,48,46,19.57292458706572,0.7906810720662547,0.7710914643915183,True,tension_only_r0.1,e3_PSB10,False,False
47,12,18,cell,cell,46,54,47.30767177879076,1.3575906994626996,1.3239555586645946,True,tension_only_r0.1,e3_PSB10,False,False
48,18,17,cell,cell,54,59,25.74635473470899,0.49362116647408033,0.48139139984275936,True,tension_only_r0.1,e3_PSB10,False,False
49,14,19,cell,cell,45,35,29.92361211045186,0.27188948883778746,0.26515326028068026,True,tension_only_r0.1,e3_PSB10,False,False
50,20,14,cell,cell,50,45,17.12095046202464,0.6107386222826003,0.5956071989755269,True,tension_only_r0.1,e3_PSB10,False,False
51,17,20,cell,cell,59,50,27.317548144053607,0.7190206290069108,0.7012064526848713,True,tension_only_r0.1,e3_PSB10,False,False
52,19,15,cell,cell,35,64,35.178132521123985,1.3376521689398297,1.3045110174432935,True,tension_only_r0.1,e3_PSB10,False,False
53,21,14,cell,cell,25,45,38.94156438937161,0.5161321523895417,0.5033446622992501,True,tension_only_r0.1,e3_PSB10,False,False
54,20,21,cell,cell,50,25,27.16574724839917,0.2586122842102655,0.2522050065271063,True,tension_only_r0.1,e3_PSB10,False,False
55,21,19,cell,cell,25,35,19.159802143749257,0.33866135593878566,0.3302708134915028,True,tension_only_r0.1,e3_PSB10,False,False
56,16,18,cell,cell,48,54,17.188939063878905,1.566625793165444,1.5278116799338803,True,tension_only_r0.1,e3_PSB10,False,False
57,13,22,cell,cell,32,5,35.11182082718846,1.2653405824486141,1.2339909947819783,True,tension_only_r0.1,e3_PSB10,False,False
58,22,16,cell,cell,5,48,25.51938411803127,0.911645250188067,0.8890586809370142,True,tension_only_r0.1,e3_PSB10,False,False
59,23,20,cell,cell,17,50,18.81502435804302,0.7369876498188439,0.7187283295554301,True,tension_only_r0.1,e3_PSB10,False,False
60,17,23,cell,cell,59,17,11.254324200982742,1.2611539464064623,1.2299080852111435,True,tension_only_r0.1,e3_PSB10,False,False
61,18,23,cell,cell,54,17,32.62187409527097,1.1811121415993746,1.1518493651257515,True,tension_only_r0.1,e3_PSB10,False,False
62,23,21,cell,cell,17,25,6.656403336567939,0.7045040515154374,0.6870495322888873,True,tension_only_r0.1,e3_PSB10,False,False
63,24,18,cell,cell,12,54,49.403132394587,0.6977977183967671,0.6805093526793525,True,tension_only_r0.1,e3_PSB10,False,False
64,16,24,cell,cell,48,12,5.5387328198956824,1.9657539046368306,1.917051148067378,True,tension_only_r0.1,e3_PSB10,False,False
65,61,22,outer,cell,-1,5,23.0,,,False,tension_only_r0.1,e3_PSB10,False,False
66,21,25,cell,cell,25,23,49.21807780376646,0.546872020481235,0.5333229313377174,True,tension_only_r0.1,e3_PSB10,False,False
67,25,19,cell,cell,23,35,18.014388994102703,0.6840207466986439,0.6670737138903464,True,tension_only_r0.1,e3_PSB10,False,False
68,23,25,cell,cell,17,23,39.04133626797331,0.5004522481944718,0.4880532373310272,True,tension_only_r0.1,e3_PSB10,False,False
69,22,24,cell,cell,5,12,29.49972317709904,1.5362070659790836,1.4981465953381898,True,tension_only_r0.1,e3_PSB10,False,False
70,15,26,cell,cell,64,56,15.0,0.982426548109862,0.9580863288651739,True,tension_only_r0.1,e3_PSB10,False,False
71,19,27,cell,cell,35,16,20.548120849893806,1.0773066254036783,1.0506156941513316,True,tension_only_r0.1,e3_PSB10,False,False
72,26,61,cell,outer,56,-1,51.0,,,False,tension_only_r0.1,e3_PSB10,False,False
73,27,26,cell,cell,16,56,31.302381789883057,1.1617028668313907,1.1329209670239593,True,tension_only_r0.1,e3_PSB10,False,False
74,25,27,cell,cell,23,16,19.786141210714533,0.9198633385421366,0.8970731611203814,True,tension_only_r0.1,e3_PSB10,False,False
75,24,23,cell,cell,12,17,7.342992543272123,1.0134964697817836,0.9883864742043358,True,tension_only_r0.1,e3_PSB10,False,False
76,24,28,cell,cell,12,8,27.104716250394482,1.0873075433140802,1.0603688331971908,True,tension_only_r0.1,e3_PSB10,False,False
77,22,29,cell,cell,5,1,35.124249268759066,1.2269807859137412,1.196581585693003,True,tension_only_r0.1,e3_PSB10,False,False
78,28,23,cell,cell,8,17,33.15875695385447,1.0839486612861018,1.0570931695280152,True,tension_only_r0.1,e3_PSB10,False,False
79,29,24,cell,cell,1,12,7.1781325211239935,1.0753115341979878,1.0486700325518066,True,tension_only_r0.1,e3_PSB10,False,False
80,61,29,outer,cell,-1,1,27.0,,,False,tension_only_r0.1,e3_PSB10,False,False
81,24,30,cell,cell,12,6,42.49673340404477,0.86942983973835,0.8478891831286316,True,tension_only_r0.1,e3_PSB10,False,False
82,30,28,cell,cell,6,8,48.43939477073633,0.3874614140005697,0.377861820235748,True,tension_only_r0.1,e3_PSB10,False,False
83,29,30,cell,cell,1,6,30.597640142502573,1.1155280880905127,1.0878901966980516,True,tension_only_r0.1,e3_PSB10,False,False
84,25,31,cell,cell,23,49,48.05656885808141,0.8716531094646479,0.850057369986208,True,tension_only_r0.1,e3_PSB10,False,False
85,31,27,cell,cell,49,16,13.106540433350087,0.6730029863935373,0.6563289253426986,True,tension_only_r0.1,e3_PSB10,False,False
86,23,31,cell,cell,17,49,13.232643187469066,0.9495833717123121,0.9260568622719308,True,tension_only_r0.1,e3_PSB10,False,False
87,32,26,cell,cell,61,56,29.373511253174815,0.07408730699922605,0.07225174860651044,True,tension_only_r0.1,e3_PSB10,False,False
88,33,27,cell,cell,39,16,26.35896743847904,0.6480635188381023,0.6320073483657633,True,tension_only_r0.1,e3_PSB10,False,False
89,27,32,cell,cell,16,61,3.1836008691813857,1.1946453819617078,1.1650473111720425,True,tension_only_r0.1,e3_PSB10,False,False
90,31,33,cell,cell,49,39,20.116961008296673,0.5867776987354041,0.5722399219798882,True,tension_only_r0.1,e3_PSB10,False,False
91,34,23,cell,cell,29,17,22.428720691105962,1.2315713190360533,1.201058385546541,True,tension_only_r0.1,e3_PSB10,False,False
92,28,34,cell,cell,8,29,39.771123341501266,0.49439444488131973,0.48214551980400033,True,tension_only_r0.1,e3_PSB10,False,False
93,33,32,cell,cell,39,61,18.129688755600807,1.3127883522331074,1.280263217018975,True,tension_only_r0.1,e3_PSB10,False,False
94,34,31,cell,cell,29,49,1.4169730060943293,0.7167165052394302,0.6989594149944874,True,tension_only_r0.1,e3_PSB10,False,False
95,35,31,cell,cell,33,49,52.93176748733786,0.613587586570704,0.598385578429043,True,tension_only_r0.1,e3_PSB10,False,False
96,34,35,cell,cell,29,33,35.90291685153633,0.21077297504856296,0.20555094554070047,True,tension_only_r0.1,e3_PSB10,False,False
97,36,29,cell,cell,18,1,22.990549446141795,1.431764272420775,1.3962914359380054,True,tension_only_r0.1,e3_PSB10,False,False
98,61,36,outer,cell,-1,18,26.0,,,False,tension_only_r0.1,e3_PSB10,False,False
99,35,33,cell,cell,33,39,12.815024358043017,0.45964801017392964,0.448259949290861,True,tension_only_r0.1,e3_PSB10,False,False
100,36,30,cell,cell,18,6,11.70473052375035,1.5035343938321655,1.4662834086483736,True,tension_only_r0.1,e3_PSB10,False,False
101,26,37,cell,cell,56,69,4.17826124666495,0.8501961838401164,0.8291320528315644,True,tension_only_r0.1,e3_PSB10,False,False
102,37,61,cell,outer,69,-1,50.0,,,False,tension_only_r0.1,e3_PSB10,False,False
103,32,37,cell,cell,61,69,9.0,0.8103339817058837,0.7902574611618393,True,tension_only_r0.1,e3_PSB10,False,False
104,33,37,cell,cell,39,69,2.2360802701559255,1.556246672393474,1.5176897082339127,True,tension_only_r0.1,e3_PSB10,False,False
105,33,38,cell,cell,39,19,34.50119177879267,0.9255900782923561,0.9026580173869492,True,tension_only_r0.1,e3_PSB10,False,False
106,38,37,cell,cell,19,69,44.349291774869556,1.2530879456607564,1.2220419245725236,True,tension_only_r0.1,e3_PSB10,False,False
107,39,30,cell,cell,9,6,47.08916722015258,1.6182740151504222,1.578180285596263,True,tension_only_r0.1,e3_PSB10,True,True
108,36,39,cell,cell,18,9,7.851153477029276,1.0962173792232892,1.069057922466479,True,tension_only_r0.1,e3_PSB10,False,False
109,35,38,cell,cell,33,19,43.11478036954526,1.0357157094816107,1.0100552186363134,True,tension_only_r0.1,e3_PSB10,False,False
110,40,39,cell,cell,28,9,31.279951116962817,0.49150370477451544,0.47932639955327017,True,tension_only_r0.1,e3_PSB10,False,False
111,36,40,cell,cell,18,28,24.72822770032761,0.743711180566953,0.7252852807126046,True,tension_only_r0.1,e3_PSB10,False,False
112,39,28,cell,cell,9,8,5.419681139337311,1.6783646925888724,1.6367821797091529,True,tension_only_r0.1,e3_PSB10,False,True
113,28,41,cell,cell,8,27,29.504510875773285,1.4763899965396043,1.439811530418573,True,tension_only_r0.1,e3_PSB10,False,True
114,41,34,cell,cell,27,29,22.536089476775665,1.2088996611687455,1.1789484318841863,True,tension_only_r0.1,e3_PSB10,False,True
115,39,41,cell,cell,9,27,11.124249268759064,0.7096613423182332,0.6920790480543634,True,tension_only_r0.1,e3_PSB10,False,False
116,61,40,outer,cell,-1,28,20.0,,,False,tension_only_r0.1,e3_PSB10,False,False
117,42,34,cell,cell,30,29,9.356280481076713,1.3722519003857196,1.3382535193580591,True,tension_only_r0.1,e3_PSB10,False,True
118,41,42,cell,cell,27,30,37.328045015269836,0.3674007553500679,0.3582981766859532,True,tension_only_r0.1,e3_PSB10,False,False
119,42,35,cell,cell,30,33,28.843023485194202,1.3201312780216234,1.2874242173251902,True,tension_only_r0.1,e3_PSB10,False,True
120,42,38,cell,cell,30,19,7.790363650296449,0.7826487360915151,0.7632581344585518,True,tension_only_r0.1,e3_PSB10,False,False
121,43,41,cell,cell,3,27,31.611490239781155,0.385499900417573,0.37594890435275585,True,tension_only_r0.1,e3_PSB10,False,False
122,39,43,cell,cell,9,3,23.82319362793569,0.7525723869996477,0.7339269453304337,True,tension_only_r0.1,e3_PSB10,False,False
123,44,38,cell,cell,34,19,37.8167946910642,0.5807367463394834,0.5663486378783008,True,tension_only_r0.1,e3_PSB10,False,False
124,42,44,cell,cell,30,34,30.401209496128704,0.6270960396744809,0.611559351336285,True,tension_only_r0.1,e3_PSB10,False,False
125,40,45,cell,cell,28,15,20.42638270621919,1.0704305815257174,1.0439100084704773,True,tension_only_r0.1,e3_PSB10,False,False
126,45,39,cell,cell,15,9,47.35793192796593,0.9551413289588728,0.9314771177247094,True,tension_only_r0.1,e3_PSB10,False,False
127,61,45,outer,cell,-1,15,35.0,,,False,tension_only_r0.1,e3_PSB10,False,False
128,43,42,cell,cell,3,30,16.573573931484397,0.5623910233735208,0.5484574414314485,True,tension_only_r0.1,e3_PSB10,False,False
129,45,43,cell,cell,15,3,14.4367179077651,0.8034209091329567,0.7835156641946084,True,tension_only_r0.1,e3_PSB10,False,False
130,46,38,cell,cell,31,19,39.02786961674276,0.5583527448478278,0.5445192137287668,True,tension_only_r0.1,e3_PSB10,False,False
131,44,46,cell,cell,34,31,27.73281954451556,0.24720269078687385,0.24107809276658856,True,tension_only_r0.1,e3_PSB10,False,False
132,46,37,cell,cell,31,69,3.1836008691813857,1.2913599213445672,1.259365688625792,True,tension_only_r0.1,e3_PSB10,False,False
133,37,47,cell,cell,69,67,13.0,0.5434958283269935,0.5300303864112554,True,tension_only_r0.1,e3_PSB10,False,False
134,47,61,cell,outer,67,-1,37.0,,,False,tension_only_r0.1,e3_PSB10,False,False
135,46,47,cell,cell,31,67,21.124249268759066,1.0974901597278173,1.0702991690547154,True,tension_only_r0.1,e3_PSB10,False,False
136,48,42,cell,cell,20,30,8.635173061723005,1.125197487890257,1.097320031197425,True,tension_only_r0.1,e3_PSB10,False,False
137,43,48,cell,cell,3,20,30.248627263059085,1.1441334371875729,1.1157868307568906,True,tension_only_r0.1,e3_PSB10,False,False
138,45,48,cell,cell,15,20,34.725423565374946,1.0248477438729,0.9994565135297427,True,tension_only_r0.1,e3_PSB10,False,False
139,42,49,cell,cell,30,37,12.304471422346904,1.175477308044167,1.1463541380219422,True,tension_only_r0.1,e3_PSB10,False,False
140,49,44,cell,cell,37,34,34.92256042882565,1.0650876795816302,1.0386994801933804,True,tension_only_r0.1,e3_PSB10,False,False
141,42,50,cell,cell,30,11,40.617761047129086,1.0151095767150038,0.9899596154256203,True,tension_only_r0.1,e3_PSB10,False,False
142,50,49,cell,cell,11,37,26.38571641242452,0.3639341558498824,0.3549174643108972,True,tension_only_r0.1,e3_PSB10,False,False
143,48,50,cell,cell,20,11,24.236816248558878,0.7180087110522162,0.7002196056170763,True,tension_only_r0.1,e3_PSB10,False,False
144,51,46,cell,cell,24,31,50.610232334209044,0.3414310329989818,0.3329718701067284,True,tension_only_r0.1,e3_PSB10,False,False
145,44,51,cell,cell,34,24,2.0,0.6371157908862068,0.6213308570768967,True,tension_only_r0.1,e3_PSB10,False,False
146,52,45,cell,cell,2,15,33.58051481999854,1.5878734242000077,1.5485328879001683,True,tension_only_r0.1,e3_PSB10,False,False
147,49,51,cell,cell,37,24,4.135128242442549,0.865851371594919,0.8443993737244609,True,tension_only_r0.1,e3_PSB10,False,False
148,61,52,outer,cell,-1,2,37.0,,,False,tension_only_r0.1,e3_PSB10,False,False
149,51,47,cell,cell,24,67,17.0,0.9289515464454889,0.9059362031084451,True,tension_only_r0.1,e3_PSB10,False,False
150,53,51,cell,cell,10,24,31.250495175639934,1.0356495249831994,1.0099906738993734,True,tension_only_r0.1,e3_PSB10,False,False
151,49,53,cell,cell,37,10,35.68724892439336,0.5243382595198003,0.5113474581009618,True,tension_only_r0.1,e3_PSB10,False,False
152,54,48,cell,cell,7,20,60.76204767739882,0.9440446981112448,0.9206554127005216,True,tension_only_r0.1,e3_PSB10,False,False
153,45,54,cell,cell,15,7,12.578944087887093,1.669259297059762,1.6279023759292826,True,tension_only_r0.1,e3_PSB10,False,False
154,52,54,cell,cell,2,7,23.370859055716537,0.6999385985505745,0.6825971912165418,True,tension_only_r0.1,e3_PSB10,False,False
155,55,50,cell,cell,4,11,36.37818729311893,1.0497299491795637,1.0237222469651803,True,tension_only_r0.1,e3_PSB10,False,False
156,48,55,cell,cell,20,4,5.87835427629204,1.2502458118941815,1.219270206410183,True,tension_only_r0.1,e3_PSB10,False,False
157,55,49,cell,cell,4,37,19.47400656127445,1.0381028495284794,1.0123832158269346,True,tension_only_r0.1,e3_PSB10,False,False
158,54,55,cell,cell,7,4,15.248884714140999,0.8568959855836458,0.8356658628847764,True,tension_only_r0.1,e3_PSB10,False,False
159,47,56,cell,cell,67,26,14.124249268759064,1.2563308772155868,1.2252045105125169,True,tension_only_r0.1,e3_PSB10,False,False
160,56,61,cell,outer,26,-1,55.124484748932566,,,False,tension_only_r0.1,e3_PSB10,False,False
161,51,56,cell,cell,24,26,26.38246950007547,1.4900170634247663,1.453100978378142,True,tension_only_r0.1,e3_PSB10,False,False
162,55,53,cell,cell,4,10,6.34830330457291,0.9653400762575444,0.9414231848146178,True,tension_only_r0.1,e3_PSB10,False,False
163,57,53,cell,cell,44,10,35.203245519936544,1.236390881230946,1.2057585401371578,True,tension_only_r0.1,e3_PSB10,False,False
164,55,57,cell,cell,4,44,21.225266212164055,1.1428725190173152,1.1145571526063296,True,tension_only_r0.1,e3_PSB10,False,False
165,54,58,cell,cell,7,71,26.182269786315295,1.4400725638881413,1.404393884397308,True,tension_only_r0.1,e3_PSB10,False,False
166,58,55,cell,cell,71,4,45.81885511726249,1.1215818259326649,1.0937939494786117,True,tension_only_r0.1,e3_PSB10,False,False
167,59,51,cell,cell,22,24,14.124249268759066,1.6419341608670819,1.6012542367162754,True,tension_only_r0.1,e3_PSB10,False,False
168,53,59,cell,cell,10,22,13.637857796525687,1.4349458251512375,1.3993941637515852,True,tension_only_r0.1,e3_PSB10,False,False
169,60,54,cell,cell,41,7,48.268153751083034,1.3957272790558315,1.3611472811482304,True,tension_only_r0.1,e3_PSB10,False,False
170,52,60,cell,cell,2,41,32.36994821680503,1.4456136375119626,1.409797674529438,True,tension_only_r0.1,e3_PSB10,False,False
171,59,56,cell,cell,22,26,12.643922709083451,1.0223170828561434,0.9969885511891369,True,tension_only_r0.1,e3_PSB10,False,False
172,61,60,outer,cell,-1,41,83.12448474893256,,,False,tension_only_r0.1,e3_PSB10,False,False
173,58,57,cell,cell,71,44,4.0,0.8709008427053159,0.8493237410964325,True,tension_only_r0.1,e3_PSB10,False,False
174,57,59,cell,cell,44,22,3.0,1.3815776549266676,1.3473482226203282,True,tension_only_r0.1,e3_PSB10,False,False
175,60,58,cell,cell,41,71,2.0,0.928276443326046,0.9052778260821351,True,tension_only_r0.1,e3_PSB10,False,False
176,59,61,cell,outer,22,-1,30.0,,,False,tension_only_r0.1,e3_PSB10,False,False
177,57,61,cell,outer,44,-1,51.0,,,False,tension_only_r0.1,e3_PSB10,False,False
178,58,61,cell,outer,71,-1,67.0,,,False,tension_only_r0.1,e3_PSB10,False,False
0,0,61,cell,outer,57,-1,54.124484748932566,,,False,pressure_curvature_r0.1,e3_PSB10,False,False
1,61,1,outer,cell,-1,58,40.0,,,False,pressure_curvature_r0.1,e3_PSB10,False,False
2,61,2,outer,cell,-1,47,54.0,,,False,pressure_curvature_r0.1,e3_PSB10,False,False
3,61,3,outer,cell,-1,38,32.0,,,False,pressure_curvature_r0.1,e3_PSB10,False,False
4,61,4,outer,cell,-1,70,51.0,,,False,pressure_curvature_r0.1,e3_PSB10,False,False
5,61,5,outer,cell,-1,53,43.0,,,False,pressure_curvature_r0.1,e3_PSB10,False,False
6,61,6,outer,cell,-1,43,31.124484748932566,,,False,pressure_curvature_r0.1,e3_PSB10,False,False
7,1,0,cell,cell,58,57,6.795703272812884,1.0681376447643014,1.1041345165640262,True,pressure_curvature_r0.1,e3_PSB10,False,False
8,2,1,cell,cell,47,58,10.0,0.8902906075048698,0.9202939287246958,True,pressure_curvature_r0.1,e3_PSB10,False,False
9,3,2,cell,cell,38,47,10.456504198911224,0.8295755972250151,0.8575327866077358,True,pressure_curvature_r0.1,e3_PSB10,False,False
10,4,3,cell,cell,70,38,11.351158099893548,1.1420039026529312,1.18049011112998,True,pressure_curvature_r0.1,e3_PSB10,False,False
11,5,4,cell,cell,53,70,7.0,1.2136716808688424,1.2545731359550287,True,pressure_curvature_r0.1,e3_PSB10,False,False
12,6,5,cell,cell,43,53,6.0,0.523922500203232,0.5415789990311229,True,pressure_curvature_r0.1,e3_PSB10,False,False
13,1,7,cell,cell,58,13,37.49699707503625,0.8361751277363335,0.8643547252093587,True,pressure_curvature_r0.1,e3_PSB10,False,False
14,8,5,cell,cell,42,53,26.439356424431722,1.5297579018629255,1.5813116499663609,True,pressure_curvature_r0.1,e3_PSB10,False,False
15,6,8,cell,cell,43,42,23.704510012724278,1.486200448382961,1.5362862844841125,True,pressure_curvature_r0.1,e3_PSB10,False,False
16,7,0,cell,cell,13,57,36.502436561878,0.8800748981632538,0.9097339439225941,True,pressure_curvature_r0.1,e3_PSB10,False,False
17,9,4,cell,cell,14,70,22.2064889186126,1.4410868390202551,1.4896523197434155,True,pressure_curvature_r0.1,e3_PSB10,False,False
18,5,9,cell,cell,53,14,19.54479676759752,1.65357758661326,1.7093041314906763,True,pressure_curvature_r0.1,e3_PSB10,False,False
19,10,2,cell,cell,21,47,38.82401536069401,1.1003390247661908,1.1374211021603293,True,pressure_curvature_r0.1,e3_PSB10,False,False
20,3,10,cell,cell,38,21,35.05178348679565,0.8197470734727326,0.8473730357788442,True,pressure_curvature_r0.1,e3_PSB10,False,False
21,61,8,outer,cell,-1,42,24.0,,,False,pressure_curvature_r0.1,e3_PSB10,False,False
22,2,7,cell,cell,47,13,17.35563742939398,1.227448291133465,1.268814026152075,True,pressure_curvature_r0.1,e3_PSB10,False,False
23,4,11,cell,cell,70,60,27.49436516794876,1.068928410729069,1.1049519318105572,True,pressure_curvature_r0.1,e3_PSB10,False,False
24,11,3,cell,cell,60,38,14.97969596521521,1.027253826171893,1.0618728890499232,True,pressure_curvature_r0.1,e3_PSB10,False,False
25,8,9,cell,cell,42,14,24.864661070230813,1.3377725796405582,1.3828563085799443,True,pressure_curvature_r0.1,e3_PSB10,False,False
26,9,11,cell,cell,14,60,21.78037863563592,0.7440797143151785,0.7691556417635456,True,pressure_curvature_r0.1,e3_PSB10,False,False
27,10,7,cell,cell,21,13,13.178132521123993,0.8907546676263037,0.9207736279473079,True,pressure_curvature_r0.1,e3_PSB10,False,False
28,11,10,cell,cell,60,21,6.414341516820876,0.8928957165951299,0.9229868315355556,True,pressure_curvature_r0.1,e3_PSB10,False,False
29,11,12,cell,cell,60,46,30.8595857820907,0.888024526568927,0.9179514795179232,True,pressure_curvature_r0.1,e3_PSB10,False,False
30,12,10,cell,cell,46,21,22.567692204420062,0.7316935253133718,0.7563520308500866,True,pressure_curvature_r0.1,e3_PSB10,False,False
31,13,8,cell,cell,32,42,43.677552154412695,1.1982224726021484,1.238603280211758,True,pressure_curvature_r0.1,e3_PSB10,False,False
32,61,13,outer,cell,-1,32,49.0,,,False,pressure_curvature_r0.1,e3_PSB10,False,False
33,10,14,cell,cell,21,45,35.90769925639984,1.015445471595315,1.049666585924352,True,pressure_curvature_r0.1,e3_PSB10,False,False
34,14,7,cell,cell,45,13,51.40873348455297,1.084120005321724,1.1206554921462655,True,pressure_curvature_r0.1,e3_PSB10,False,False
35,9,12,cell,cell,14,46,26.41959854431625,1.085582051379479,1.1221668100228392,True,pressure_curvature_r0.1,e3_PSB10,False,False
36,13,9,cell,cell,32,14,5.8482194362705675,1.5351517447644214,1.586887268571002,True,pressure_curvature_r0.1,e3_PSB10,False,False
37,0,15,cell,cell,57,64,14.0,0.8036464800031349,0.8307298427652032,True,pressure_curvature_r0.1,e3_PSB10,False,False
38,15,61,cell,outer,64,-1,50.0,,,False,pressure_curvature_r0.1,e3_PSB10,False,False
39,7,15,cell,cell,13,64,2.885901801066649,1.063318517384044,1.0991529817343693,True,pressure_curvature_r0.1,e3_PSB10,False,False
40,16,9,cell,cell,48,14,24.48888738607691,1.2597871501945208,1.3022427239333336,True,pressure_curvature_r0.1,e3_PSB10,False,False
41,13,16,cell,cell,32,48,31.127361749541777,0.950206701216856,0.982229230311868,True,pressure_curvature_r0.1,e3_PSB10,False,False
42,14,15,cell,cell,45,64,13.25950623674257,1.1604684822130675,1.1995769579667357,True,pressure_curvature_r0.1,e3_PSB10,False,False
43,17,10,cell,cell,59,21,28.610678686082093,0.7986686534456928,0.8255842605020168,True,pressure_curvature_r0.1,e3_PSB10,False,False
44,12,17,cell,cell,46,59,18.541909132681557,0.6376821891660283,0.6591724569464907,True,pressure_curvature_r0.1,e3_PSB10,False,False
45,17,14,cell,cell,59,45,7.470703182278349,0.25676440870438455,0.265417521482657,True,pressure_curvature_r0.1,e3_PSB10,False,False
46,16,12,cell,cell,48,46,19.57292458706572,0.7963298287092692,0.823166615985566,True,pressure_curvature_r0.1,e3_PSB10,False,False
47,12,18,cell,cell,46,54,47.30767177879076,0.6894971932307494,0.712733657363117,True,pressure_curvature_r0.1,e3_PSB10,False,False
48,18,17,cell,cell,54,59,25.74635473470899,0.2682941238587294,0.27733579487229365,True,pressure_curvature_r0.1,e3_PSB10,False,False
49,14,19,cell,cell,45,35,29.92361211045186,0.32545114185477797,0.33641903825637476,True,pressure_curvature_r0.1,e3_PSB10,False,False
50,20,14,cell,cell,50,45,17.12095046202464,0.4327569941619689,0.44734116139513486,True,pressure_curvature_r0.1,e3_PSB10,False,False
51,17,20,cell,cell,59,50,27.317548144053607,0.5813658708744194,0.6009582453452392,True,pressure_curvature_r0.1,e3_PSB10,False,False
52,19,15,cell,cell,35,64,35.178132521123985,1.3534575897648407,1.3990699128431834,True,pressure_curvature_r0.1,e3_PSB10,False,False
53,21,14,cell,cell,25,45,38.94156438937161,0.3968403696856724,0.41021412538331253,True,pressure_curvature_r0.1,e3_PSB10,False,False
54,20,21,cell,cell,50,25,27.16574724839917,0.4407970311503372,0.45565215239598833,True,pressure_curvature_r0.1,e3_PSB10,False,False
55,21,19,cell,cell,25,35,19.159802143749257,0.5265874519341647,0.5443337612151193,True,pressure_curvature_r0.1,e3_PSB10,False,False
56,16,18,cell,cell,48,54,17.188939063878905,0.8840483103128363,0.9138412624169787,True,pressure_curvature_r0.1,e3_PSB10,False,False
57,13,22,cell,cell,32,5,35.11182082718846,1.1150651348177236,1.1526434908499497,True,pressure_curvature_r0.1,e3_PSB10,False,False
58,22,16,cell,cell,5,48,25.51938411803127,0.6522744186297891,0.6742564531931693,True,pressure_curvature_r0.1,e3_PSB10,False,False
59,23,20,cell,cell,17,50,18.81502435804302,0.7036252616805918,0.7273378500945625,True,pressure_curvature_r0.1,e3_PSB10,False,False
60,17,23,cell,cell,59,17,11.254324200982742,0.885447778659529,0.9152878936765325,True,pressure_curvature_r0.1,e3_PSB10,False,False
61,18,23,cell,cell,54,17,32.62187409527097,0.7837813043431052,0.8101951989097418,True,pressure_curvature_r0.1,e3_PSB10,False,False
62,23,21,cell,cell,17,25,6.656403336567939,0.44219735147614614,0.4570996643468596,True,pressure_curvature_r0.1,e3_PSB10,False,False
63,24,18,cell,cell,12,54,49.403132394587,0.4574903667207745,0.47290806327063317,True,pressure_curvature_r0.1,e3_PSB10,False,False
64,16,24,cell,cell,48,12,5.5387328198956824,1.0285257559912404,1.0631876836581577,True,pressure_curvature_r0.1,e3_PSB10,False,False
65,61,22,outer,cell,-1,5,23.0,,,False,pressure_curvature_r0.1,e3_PSB10,False,False
66,21,25,cell,cell,25,23,49.21807780376646,0.47635932526604974,0.4924129169040349,True,pressure_curvature_r0.1,e3_PSB10,False,False
67,25,19,cell,cell,23,35,18.014388994102703,0.6867497754260995,0.7098936499498347,True,pressure_curvature_r0.1,e3_PSB10,False,False
68,23,25,cell,cell,17,23,39.04133626797331,0.30955083423263996,0.3199828808419784,True,pressure_curvature_r0.1,e3_PSB10,False,False
69,22,24,cell,cell,5,12,29.49972317709904,0.9516562821485952,0.9837276629802901,True,pressure_curvature_r0.1,e3_PSB10,False,False
70,15,26,cell,cell,64,56,15.0,1.0485958594607419,1.0839341615117473,True,pressure_curvature_r0.1,e3_PSB10,False,False
71,19,27,cell,cell,35,16,20.548120849893806,1.495997074713482,1.5464130629292212,True,pressure_curvature_r0.1,e3_PSB10,False,False
72,26,61,cell,outer,56,-1,51.0,,,False,pressure_curvature_r0.1,e3_PSB10,False,False
73,27,26,cell,cell,16,56,31.302381789883057,1.3153248863700333,1.3596521147396479,True,pressure_curvature_r0.1,e3_PSB10,False,False
74,25,27,cell,cell,23,16,19.786141210714533,1.230769707211562,1.2722473759208748,True,pressure_curvature_r0.1,e3_PSB10,False,False
75,24,23,cell,cell,12,17,7.342992543272123,0.7754279582908091,0.8015603401437826,True,pressure_curvature_r0.1,e3_PSB10,False,False
76,24,28,cell,cell,12,8,27.104716250394482,1.0554778653417358,1.0910480950704498,True,pressure_curvature_r0.1,e3_PSB10,False,False
77,22,29,cell,cell,5,1,35.124249268759066,0.9175219976079628,0.9484430328165002,True,pressure_curvature_r0.1,e3_PSB10,False,False
78,28,23,cell,cell,8,17,33.15875695385447,1.0130535089885129,1.0471940127597918,True,pressure_curvature_r0.1,e3_PSB10,False,False
79,29,24,cell,cell,1,12,7.1781325211239935,0.7065853219543123,0.7303976661541735,True,pressure_curvature_r0.1,e3_PSB10,False,False
80,61,29,outer,cell,-1,1,27.0,,,False,pressure_curvature_r0.1,e3_PSB10,False,False
81,24,30,cell,cell,12,6,42.49673340404477,0.8596940094850514,0.8886662072145428,True,pressure_curvature_r0.1,e3_PSB10,False,False
82,30,28,cell,cell,6,8,48.43939477073633,0.492090752224144,0.5086745022759,True,pressure_curvature_r0.1,e3_PSB10,False,False
83,29,30,cell,cell,1,6,30.597640142502573,0.9673981102304963,1.0,True,pressure_curvature_r0.1,e3_PSB10,False,False
84,25,31,cell,cell,23,49,48.05656885808141,1.0763681580358122,1.1126424030116746,True,pressure_curvature_r0.1,e3_PSB10,False,False
85,31,27,cell,cell,49,16,13.106540433350087,1.0209824521375372,1.0553901659930613,True,pressure_curvature_r0.1,e3_PSB10,False,False
86,23,31,cell,cell,17,49,13.232643187469066,0.8800139287676466,0.9096709198222135,True,pressure_curvature_r0.1,e3_PSB10,False,False
87,32,26,cell,cell,61,56,29.373511253174815,0.09273795725846368,0.09586328139132663,True,pressure_curvature_r0.1,e3_PSB10,False,False
88,33,27,cell,cell,39,16,26.35896743847904,0.7814565376184147,0.8077920861683529,True,pressure_curvature_r0.1,e3_PSB10,False,False
89,27,32,cell,cell,16,61,3.1836008691813857,1.4184497302272052,1.466252326965203,True,pressure_curvature_r0.1,e3_PSB10,False,False
90,31,33,cell,cell,49,39,20.116961008296673,0.6819673696367745,0.7049500742504925,True,pressure_curvature_r0.1,e3_PSB10,False,False
91,34,23,cell,cell,29,17,22.428720691105962,1.3478812711218304,1.3933056689563708,True,pressure_curvature_r0.1,e3_PSB10,False,False
92,28,34,cell,cell,8,29,39.771123341501266,0.6927400073423919,0.7160857562325988,True,pressure_curvature_r0.1,e3_PSB10,False,False
93,33,32,cell,cell,39,61,18.129688755600807,1.4240606771136655,1.4720523660877969,True,pressure_curvature_r0.1,e3_PSB10,False,False
94,34,31,cell,cell,29,49,1.4169730060943293,1.004418096983341,1.0382675822511418,True,pressure_curvature_r0.1,e3_PSB10,False,False
95,35,31,cell,cell,33,49,52.93176748733786,0.8346466386523377,0.8627747251371737,True,pressure_curvature_r0.1,e3_PSB10,False,False
96,34,35,cell,cell,29,33,35.90291685153633,0.41784963806787123,0.4319314185638761,True,pressure_curvature_r0.1,e3_PSB10,False,False
97,36,29,cell,cell,18,1,22.990549446141795,1.0785999620431013,1.1149494201369792,True,pressure_curvature_r0.1,e3_PSB10,False,False
98,61,36,outer,cell,-1,18,26.0,,,False,pressure_curvature_r0.1,e3_PSB10,False,False
99,35,33,cell,cell,33,39,12.815024358043017,0.5912020396664175,0.6111258988562167,True,pressure_curvature_r0.1,e3_PSB10,False,False
100,36,30,cell,cell,18,6,11.70473052375035,1.129338478506752,1.167397854682258,True,pressure_curvature_r0.1,e3_PSB10,False,False
101,26,37,cell,cell,56,69,4.17826124666495,0.727260409960292,0.7517695168817436,True,pressure_curvature_r0.1,e3_PSB10,False,False
102,37,61,cell,outer,69,-1,50.0,,,False,pressure_curvature_r0.1,e3_PSB10,False,False
103,32,37,cell,cell,61,69,9.0,0.9020047211843655,0.9324028149790887,True,pressure_curvature_r0.1,e3_PSB10,False,False
104,33,37,cell,cell,39,69,2.2360802701559255,1.6116392415563898,1.6659524393451566,True,pressure_curvature_r0.1,e3_PSB10,False,False
105,33,38,cell,cell,39,19,34.50119177879267,1.1118472768807823,1.14931718919305,True,pressure_curvature_r0.1,e3_PSB10,False,False
106,38,37,cell,cell,19,69,44.349291774869556,1.2120136642774375,1.2528592432216537,True,pressure_curvature_r0.1,e3_PSB10,False,False
107,39,30,cell,cell,9,6,47.08916722015258,1.4840691186929993,1.5340831277201883,True,pressure_curvature_r0.1,e3_PSB10,True,True
108,36,39,cell,cell,18,9,7.851153477029276,1.0549638665499175,1.0905167742146586,True,pressure_curvature_r0.1,e3_PSB10,False,False
109,35,38,cell,cell,33,19,43.11478036954526,1.2363735822322597,1.2780401048516379,True,pressure_curvature_r0.1,e3_PSB10,False,False
110,40,39,cell,cell,28,9,31.279951116962817,0.5994431051637903,0.6196446931459939,True,pressure_curvature_r0.1,e3_PSB10,False,False
111,36,40,cell,cell,18,28,24.72822770032761,0.6565115334707877,0.6786363613159887,True,pressure_curvature_r0.1,e3_PSB10,False,False
112,39,28,cell,cell,9,8,5.419681139337311,1.550578476975349,1.602833890802104,True,pressure_curvature_r0.1,e3_PSB10,False,True
113,28,41,cell,cell,8,27,29.504510875773285,1.5124690647665568,1.563440168811359,True,pressure_curvature_r0.1,e3_PSB10,False,True
114,41,34,cell,cell,27,29,22.536089476775665,1.3439208449226236,1.3892117740465872,True,pressure_curvature_r0.1,e3_PSB10,False,True
115,39,41,cell,cell,9,27,11.124249268759064,0.6743373367694195,0.697062904752573,True,pressure_curvature_r0.1,e3_PSB10,False,False
116,61,40,outer,cell,-1,28,20.0,,,False,pressure_curvature_r0.1,e3_PSB10,False,False
117,42,34,cell,cell,30,29,9.356280481076713,1.4471501300200185,1.4959199472440716,True,pressure_curvature_r0.1,e3_PSB10,False,True
118,41,42,cell,cell,27,30,37.328045015269836,0.22043206345147726,0.22786075465762096,True,pressure_curvature_r0.1,e3_PSB10,False,False
119,42,35,cell,cell,30,33,28.843023485194202,1.3455975900965604,1.3909450265268275,True,pressure_curvature_r0.1,e3_PSB10,False,True
120,42,38,cell,cell,30,19,7.790363650296449,0.4482119193717967,0.4633169267459122,True,pressure_curvature_r0.1,e3_PSB10,False,False
121,43,41,cell,cell,3,27,31.611490239781155,0.6014513560893517,0.6217206233181988,True,pressure_curvature_r0.1,e3_PSB10,False,False
122,39,43,cell,cell,9,3,23.82319362793569,0.9277348590637455,0.9590000737573279,True,pressure_curvature_r0.1,e3_PSB10,False,False
123,44,38,cell,cell,34,19,37.8167946910642,0.5696596829966588,0.5888575519967982,True,pressure_curvature_r0.1,e3_PSB10,False,False
124,42,44,cell,cell,30,34,30.401209496128704,0.4812791274160154,0.4974985193028172,True,pressure_curvature_r0.1,e3_PSB10,False,False
125,40,45,cell,cell,28,15,20.42638270621919,0.7442398687374808,0.7693211934848159,True,pressure_curvature_r0.1,e3_PSB10,False,False
126,45,39,cell,cell,15,9,47.35793192796593,0.7637784437499653,0.7895182300573073,True,pressure_curvature_r0.1,e3_PSB10,False,False
127,61,45,outer,cell,-1,15,35.0,,,False,pressure_curvature_r0.1,e3_PSB10,False,False
128,43,42,cell,cell,3,30,16.573573931484397,0.7281426128064409,0.7526814504867604,True,pressure_curvature_r0.1,e3_PSB10,False,False
129,45,43,cell,cell,15,3,14.4367179077651,0.6787120921126668,0.7015850919441574,True,pressure_curvature_r0.1,e3_PSB10,False,False
130,46,38,cell,cell,31,19,39.02786961674276,0.6097440868573033,0.6302928240287994,True,pressure_curvature_r0.1,e3_PSB10,False,False
131,44,46,cell,cell,34,31,27.73281954451556,0.37036525334201753,0.38284678192494376,True,pressure_curvature_r0.1,e3_PSB10,False,False
132,46,37,cell,cell,31,69,3.1836008691813857,1.2563319574185126,1.298671089112603,True,pressure_curvature_r0.1,e3_PSB10,False,False
133,37,47,cell,cell,69,67,13.0,0.5821425149273345,0.601761062763117,True,pressure_curvature_r0.1,e3_PSB10,False,False
134,47,61,cell,outer,67,-1,37.0,,,False,pressure_curvature_r0.1,e3_PSB10,False,False
135,46,47,cell,cell,31,67,21.124249268759066,1.208787545616418,1.2495244024493777,True,pressure_curvature_r0.1,e3_PSB10,False,False
136,48,42,cell,cell,20,30,8.635173061723005,0.9636126588251674,0.9960869766383699,True,pressure_curvature_r0.1,e3_PSB10,False,False
137,43,48,cell,cell,3,20,30.248627263059085,1.2321168801536126,1.2736399493896504,True,pressure_curvature_r0.1,e3_PSB10,False,False
138,45,48,cell,cell,15,20,34.725423565374946,0.7969528483495913,0.8238106317570809,True,pressure_curvature_r0.1,e3_PSB10,False,False
139,42,49,cell,cell,30,37,12.304471422346904,1.1462705436493215,1.1849005404571302,True,pressure_curvature_r0.1,e3_PSB10,False,False
140,49,44,cell,cell,37,34,34.92256042882565,1.3294014453846656,1.374203062137383,True,pressure_curvature_r0.1,e3_PSB10,False,False
141,42,50,cell,cell,30,11,40.617761047129086,1.127670910087001,1.1656740882182595,True,pressure_curvature_r0.1,e3_PSB10,False,False
142,50,49,cell,cell,11,37,26.38571641242452,0.7428288525708836,0.7678626252369815,True,pressure_curvature_r0.1,e3_PSB10,False,False
143,48,50,cell,cell,20,11,24.236816248558878,0.85281025611619,0.8815504672765961,True,pressure_curvature_r0.1,e3_PSB10,False,False
144,51,46,cell,cell,24,31,50.610232334209044,0.40701972109013285,0.4207365269642243,True,pressure_curvature_r0.1,e3_PSB10,False,False
145,44,51,cell,cell,34,24,2.0,0.8178872137066028,0.8454504976361072,True,pressure_curvature_r0.1,e3_PSB10,False,False
146,52,45,cell,cell,2,15,33.58051481999854,1.6321480023345478,1.687152357518732,True,pressure_curvature_r0.1,e3_PSB10,False,False
147,49,51,cell,cell,37,24,4.135128242442549,1.0667071379348787,1.1026558008064753,True,pressure_curvature_r0.1,e3_PSB10,False,False
148,61,52,outer,cell,-1,2,37.0,,,False,pressure_curvature_r0.1,e3_PSB10,False,False
149,51,47,cell,cell,24,67,17.0,0.951839542902496,0.9839170997302308,True,pressure_curvature_r0.1,e3_PSB10,False,False
150,53,51,cell,cell,10,24,31.250495175639934,1.4396858671392327,1.4882041342795338,True,pressure_curvature_r0.1,e3_PSB10,False,False
151,49,53,cell,cell,37,10,35.68724892439336,0.8374045081509223,0.8656255364726718,True,pressure_curvature_r0.1,e3_PSB10,False,False
152,54,48,cell,cell,7,20,60.76204767739882,0.85957494143759,0.8885431265033008,True,pressure_curvature_r0.1,e3_PSB10,False,False
153,45,54,cell,cell,15,7,12.578944087887093,1.220367890247531,1.2614950115591617,True,pressure_curvature_r0.1,e3_PSB10,False,False
154,52,54,cell,cell,2,7,23.370859055716537,1.1429537565592074,1.1814719756759526,True,pressure_curvature_r0.1,e3_PSB10,False,False
155,55,50,cell,cell,4,11,36.37818729311893,1.3597298273573735,1.4055535285606446,True,pressure_curvature_r0.1,e3_PSB10,False,False
156,48,55,cell,cell,20,4,5.87835427629204,1.2970177130720857,1.3407279788494242,True,pressure_curvature_r0.1,e3_PSB10,False,False
157,55,49,cell,cell,4,37,19.47400656127445,1.2946318329013686,1.3382616931026508,True,pressure_curvature_r0.1,e3_PSB10,False,False
158,54,55,cell,cell,7,4,15.248884714140999,0.9316985276278551,0.9630973203016334,True,pressure_curvature_r0.1,e3_PSB10,False,False
159,47,56,cell,cell,67,26,14.124249268759064,1.5276458591509545,1.5791284301630186,True,pressure_curvature_r0.1,e3_PSB10,False,False
160,56,61,cell,outer,26,-1,55.124484748932566,,,False,pressure_curvature_r0.1,e3_PSB10,False,False
161,51,56,cell,cell,24,26,26.38246950007547,1.7433287271340454,1.8020799386497381,True,pressure_curvature_r0.1,e3_PSB10,False,False
162,55,53,cell,cell,4,10,6.34830330457291,1.304847793862621,1.3488219380041198,True,pressure_curvature_r0.1,e3_PSB10,False,False
163,57,53,cell,cell,44,10,35.203245519936544,1.9370649181783963,2.00234515417532,True,pressure_curvature_r0.1,e3_PSB10,False,False
164,55,57,cell,cell,4,44,21.225266212164055,1.7048877284241295,1.7623434554962236,True,pressure_curvature_r0.1,e3_PSB10,False,False
165,54,58,cell,cell,7,71,26.182269786315295,1.6294411588577213,1.6843542918121723,True,pressure_curvature_r0.1,e3_PSB10,False,False
166,58,55,cell,cell,71,4,45.81885511726249,1.4157562146111955,1.4634680382762704,True,pressure_curvature_r0.1,e3_PSB10,False,False
167,59,51,cell,cell,22,24,14.124249268759066,1.9850429235345723,2.051940046752425,True,pressure_curvature_r0.1,e3_PSB10,False,False
168,53,59,cell,cell,10,22,13.637857796525687,2.0677026424680873,2.1373854472130693,True,pressure_curvature_r0.1,e3_PSB10,False,False
169,60,54,cell,cell,41,7,48.268153751083034,1.4648077351096134,1.5141726240922697,True,pressure_curvature_r0.1,e3_PSB10,False,False
170,52,60,cell,cell,2,41,32.36994821680503,1.6836165924595954,1.74035546964057,True,pressure_curvature_r0.1,e3_PSB10,False,False
171,59,56,cell,cell,22,26,12.643922709083451,1.3669091367330708,1.4129747849180576,True,pressure_curvature_r0.1,e3_PSB10,False,False
172,61,60,outer,cell,-1,41,83.12448474893256,,,False,pressure_curvature_r0.1,e3_PSB10,False,False
173,58,57,cell,cell,71,44,4.0,1.3225895374848327,1.3671615889033595,True,pressure_curvature_r0.1,e3_PSB10,False,False
174,57,59,cell,cell,44,22,3.0,2.09316395880127,2.163704824999652,True,pressure_curvature_r0.1,e3_PSB10,False,False
175,60,58,cell,cell,41,71,2.0,1.030378414314674,1.0651027776653106,True,pressure_curvature_r0.1,e3_PSB10,False,False
176,59,61,cell,outer,22,-1,30.0,,,False,pressure_curvature_r0.1,e3_PSB10,False,False
177,57,61,cell,outer,44,-1,51.0,,,False,pressure_curvature_r0.1,e3_PSB10,False,False
178,58,61,cell,outer,71,-1,67.0,,,False,pressure_curvature_r0.1,e3_PSB10,False,False
0,0,61,cell,outer,57,-1,54.124484748932566,,,False,pressure_curvature_r0.01,e3_PSB10,False,False
1,61,1,outer,cell,-1,58,40.0,,,False,pressure_curvature_r0.01,e3_PSB10,False,False
2,61,2,outer,cell,-1,47,54.0,,,False,pressure_curvature_r0.01,e3_PSB10,False,False
3,61,3,outer,cell,-1,38,32.0,,,False,pressure_curvature_r0.01,e3_PSB10,False,False
4,61,4,outer,cell,-1,70,51.0,,,False,pressure_curvature_r0.01,e3_PSB10,False,False
5,61,5,outer,cell,-1,53,43.0,,,False,pressure_curvature_r0.01,e3_PSB10,False,False
6,61,6,outer,cell,-1,43,31.124484748932566,,,False,pressure_curvature_r0.01,e3_PSB10,False,False
7,1,0,cell,cell,58,57,6.795703272812884,0.9008395688840601,1.0178343090225797,True,pressure_curvature_r0.01,e3_PSB10,False,False
8,2,1,cell,cell,47,58,10.0,0.7446318614479992,0.8413394375116157,True,pressure_curvature_r0.01,e3_PSB10,False,False
9,3,2,cell,cell,38,47,10.456504198911224,0.6988847283230246,0.7896509868236606,True,pressure_curvature_r0.01,e3_PSB10,False,False
10,4,3,cell,cell,70,38,11.351158099893548,1.0900851036919172,1.23165772976261,True,pressure_curvature_r0.01,e3_PSB10,False,False
11,5,4,cell,cell,53,70,7.0,1.2622416601670214,1.4261727752335938,True,pressure_curvature_r0.01,e3_PSB10,False,False
12,6,5,cell,cell,43,53,6.0,0.45111376436922734,0.5097012636957359,True,pressure_curvature_r0.01,e3_PSB10,False,False
13,1,7,cell,cell,58,13,37.49699707503625,0.7008675676446859,0.7918913434427266,True,pressure_curvature_r0.01,e3_PSB10,False,False
14,8,5,cell,cell,42,53,26.439356424431722,1.6466570803440357,1.860513380473874,True,pressure_curvature_r0.01,e3_PSB10,False,False
15,6,8,cell,cell,43,42,23.704510012724278,1.6171047507402063,1.8271230010752617,True,pressure_curvature_r0.01,e3_PSB10,False,False
16,7,0,cell,cell,13,57,36.502436561878,0.7425909019994289,0.8390334125302175,True,pressure_curvature_r0.01,e3_PSB10,False,False
17,9,4,cell,cell,14,70,22.2064889186126,1.4809986216546775,1.6733403602626258,True,pressure_curvature_r0.01,e3_PSB10,False,False
18,5,9,cell,cell,53,14,19.54479676759752,1.7410479802982768,1.9671631100721854,True,pressure_curvature_r0.01,e3_PSB10,False,False
19,10,2,cell,cell,21,47,38.82401536069401,0.9328634220373682,1.0540171961563185,True,pressure_curvature_r0.01,e3_PSB10,False,False
20,3,10,cell,cell,38,21,35.05178348679565,0.7180104425505311,0.8112606149946705,True,pressure_curvature_r0.01,e3_PSB10,False,False
21,61,8,outer,cell,-1,42,24.0,,,False,pressure_curvature_r0.01,e3_PSB10,False,False
22,2,7,cell,cell,47,13,17.35563742939398,1.0379980611190132,1.1728059865472262,True,pressure_curvature_r0.01,e3_PSB10,False,False
23,4,11,cell,cell,70,60,27.49436516794876,1.0391072146521396,1.174059189180619,True,pressure_curvature_r0.01,e3_PSB10,False,False
24,11,3,cell,cell,60,38,14.97969596521521,0.9411529107901873,1.0633832657077793,True,pressure_curvature_r0.01,e3_PSB10,False,False
25,8,9,cell,cell,42,14,24.864661070230813,1.389277375211846,1.569707000094535,True,pressure_curvature_r0.01,e3_PSB10,False,False
26,9,11,cell,cell,14,60,21.78037863563592,0.7278422151438437,0.8223692694206501,True,pressure_curvature_r0.01,e3_PSB10,False,False
27,10,7,cell,cell,21,13,13.178132521123993,0.748279216115562,0.8454604850832915,True,pressure_curvature_r0.01,e3_PSB10,False,False
28,11,10,cell,cell,60,21,6.414341516820876,0.7772564902143014,0.8782011247914083,True,pressure_curvature_r0.01,e3_PSB10,False,False
29,11,12,cell,cell,60,46,30.8595857820907,0.7745125859235236,0.8751008614101187,True,pressure_curvature_r0.01,e3_PSB10,False,False
30,12,10,cell,cell,46,21,22.567692204420062,0.6081284976208245,0.6871079718884936,True,pressure_curvature_r0.01,e3_PSB10,False,False
31,13,8,cell,cell,32,42,43.677552154412695,1.2158293849035535,1.3737327984001189,True,pressure_curvature_r0.01,e3_PSB10,False,False
32,61,13,outer,cell,-1,32,49.0,,,False,pressure_curvature_r0.01,e3_PSB10,False,False
33,10,14,cell,cell,21,45,35.90769925639984,0.8635156333087637,0.9756630018459358,True,pressure_curvature_r0.01,e3_PSB10,False,False
34,14,7,cell,cell,45,13,51.40873348455297,0.9387341189013878,1.060650338052464,True,pressure_curvature_r0.01,e3_PSB10,False,False
35,9,12,cell,cell,14,46,26.41959854431625,1.0015183521073818,1.1315885481733827,True,pressure_curvature_r0.01,e3_PSB10,False,False
36,13,9,cell,cell,32,14,5.8482194362705675,1.5338435979303553,1.7330484723069266,True,pressure_curvature_r0.01,e3_PSB10,False,False
37,0,15,cell,cell,57,64,14.0,0.6689747210456173,0.7558564770778544,True,pressure_curvature_r0.01,e3_PSB10,False,False
38,15,61,cell,outer,64,-1,50.0,,,False,pressure_curvature_r0.01,e3_PSB10,False,False
39,7,15,cell,cell,13,64,2.885901801066649,0.918853224677703,1.0381874523912773,True,pressure_curvature_r0.01,e3_PSB10,False,False
40,16,9,cell,cell,48,14,24.48888738607691,1.2132698969426308,1.3708409020512666,True,pressure_curvature_r0.01,e3_PSB10,False,False
41,13,16,cell,cell,32,48,31.127361749541777,0.8991033922606781,1.0158726499271757,True,pressure_curvature_r0.01,e3_PSB10,False,False
42,14,15,cell,cell,45,64,13.25950623674257,1.0610801157232226,1.1988857769010186,True,pressure_curvature_r0.01,e3_PSB10,False,False
43,17,10,cell,cell,59,21,28.610678686082093,0.6603348857879627,0.7460945604688433,True,pressure_curvature_r0.01,e3_PSB10,False,False
44,12,17,cell,cell,46,59,18.541909132681557,0.49355764056748186,0.5576574535598273,True,pressure_curvature_r0.01,e3_PSB10,False,False
45,17,14,cell,cell,59,45,7.470703182278349,0.16604743571533942,0.1876125148517377,True,pressure_curvature_r0.01,e3_PSB10,False,False
46,16,12,cell,cell,48,46,19.57292458706572,0.7108230477190047,0.8031397716117789,True,pressure_curvature_r0.01,e3_PSB10,False,False
47,12,18,cell,cell,46,54,47.30767177879076,0.5409105585413365,0.611160237197348,True,pressure_curvature_r0.01,e3_PSB10,False,False
48,18,17,cell,cell,54,59,25.74635473470899,0.13812146177148987,0.1560597108068047,True,pressure_curvature_r0.01,e3_PSB10,False,False
49,14,19,cell,cell,45,35,29.92361211045186,0.19617198268942904,0.22164942720892233,True,pressure_curvature_r0.01,e3_PSB10,False,False
50,20,14,cell,cell,50,45,17.12095046202464,0.26942963178466706,0.30442126719352536,True,pressure_curvature_r0.01,e3_PSB10,False,False
51,17,20,cell,cell,59,50,27.317548144053607,0.38172178941889806,0.43129714456631657,True,pressure_curvature_r0.01,e3_PSB10,False,False
52,19,15,cell,cell,35,64,35.178132521123985,1.2819681227087638,1.4484611727065273,True,pressure_curvature_r0.01,e3_PSB10,False,False
53,21,14,cell,cell,25,45,38.94156438937161,0.23830311891433786,0.2692522606201347,True,pressure_curvature_r0.01,e3_PSB10,False,False
54,20,21,cell,cell,50,25,27.16574724839917,0.27214249214941433,0.3074864548808822,True,pressure_curvature_r0.01,e3_PSB10,False,False
55,21,19,cell,cell,25,35,19.159802143749257,0.3633805476552917,0.4105738706539569,True,pressure_curvature_r0.01,e3_PSB10,False,False
56,16,18,cell,cell,48,54,17.188939063878905,0.7307360094042501,0.8256388894320612,True,pressure_curvature_r0.01,e3_PSB10,False,False
57,13,22,cell,cell,32,5,35.11182082718846,0.9884063716618667,1.1167736754505837,True,pressure_curvature_r0.01,e3_PSB10,False,False
58,22,16,cell,cell,5,48,25.51938411803127,0.5444198094267384,0.6151252450339316,True,pressure_curvature_r0.01,e3_PSB10,False,False
59,23,20,cell,cell,17,50,18.81502435804302,0.4651959205294242,0.5256123117668344,True,pressure_curvature_r0.01,e3_PSB10,False,False
60,17,23,cell,cell,59,17,11.254324200982742,0.5846564668176564,0.6605875579556392,True,pressure_curvature_r0.01,e3_PSB10,False,False
61,18,23,cell,cell,54,17,32.62187409527097,0.5356353663066971,0.605199939905171,True,pressure_curvature_r0.01,e3_PSB10,False,False
62,23,21,cell,cell,17,25,6.656403336567939,0.29785858055092507,0.33654236891154576,True,pressure_curvature_r0.01,e3_PSB10,False,False
63,24,18,cell,cell,12,54,49.403132394587,0.2931148513547732,0.331182557358711,True,pressure_curvature_r0.01,e3_PSB10,False,False
64,16,24,cell,cell,48,12,5.5387328198956824,0.8067055266911187,0.9114747960744021,True,pressure_curvature_r0.01,e3_PSB10,False,False
65,61,22,outer,cell,-1,5,23.0,,,False,pressure_curvature_r0.01,e3_PSB10,False,False
66,21,25,cell,cell,25,23,49.21807780376646,0.34147981083764367,0.38582881937530344,True,pressure_curvature_r0.01,e3_PSB10,False,False
67,25,19,cell,cell,23,35,18.014388994102703,0.542590277807715,0.6130581066492462,True,pressure_curvature_r0.01,e3_PSB10,False,False
68,23,25,cell,cell,17,23,39.04133626797331,0.22668869407409709,0.2561294355464032,True,pressure_curvature_r0.01,e3_PSB10,False,False
69,22,24,cell,cell,5,12,29.49972317709904,0.7342831248359296,0.8296466793972592,True,pressure_curvature_r0.01,e3_PSB10,False,False
70,15,26,cell,cell,64,56,15.0,0.8789253683803697,0.9930740454885445,True,pressure_curvature_r0.01,e3_PSB10,False,False
71,19,27,cell,cell,35,16,20.548120849893806,1.3051342184864434,1.474635918913374,True,pressure_curvature_r0.01,e3_PSB10,False,False
72,26,61,cell,outer,56,-1,51.0,,,False,pressure_curvature_r0.01,e3_PSB10,False,False
73,27,26,cell,cell,16,56,31.302381789883057,1.279767731935039,1.4459750105749856,True,pressure_curvature_r0.01,e3_PSB10,False,False
74,25,27,cell,cell,23,16,19.786141210714533,1.0769701696804024,1.2168395198853248,True,pressure_curvature_r0.01,e3_PSB10,False,False
75,24,23,cell,cell,12,17,7.342992543272123,0.5739749703814279,0.6485188234994431,True,pressure_curvature_r0.01,e3_PSB10,False,False
76,24,28,cell,cell,12,8,27.104716250394482,0.830082166605034,0.9378874304167463,True,pressure_curvature_r0.01,e3_PSB10,False,False
77,22,29,cell,cell,5,1,35.124249268759066,0.7118259969856461,0.8042729769116539,True,pressure_curvature_r0.01,e3_PSB10,False,False
78,28,23,cell,cell,8,17,33.15875695385447,0.8116023977816322,0.9170076385193224,True,pressure_curvature_r0.01,e3_PSB10,False,False
79,29,24,cell,cell,1,12,7.1781325211239935,0.5441150411436896,0.6147808955787081,True,pressure_curvature_r0.01,e3_PSB10,False,False
80,61,29,outer,cell,-1,1,27.0,,,False,pressure_curvature_r0.01,e3_PSB10,False,False
81,24,30,cell,cell,12,6,42.49673340404477,0.6772251806153343,0.7651784486089944,True,pressure_curvature_r0.01,e3_PSB10,False,False
82,30,28,cell,cell,6,8,48.43939477073633,0.415005520749377,0.46890353403965834,True,pressure_curvature_r0.01,e3_PSB10,False,False
83,29,30,cell,cell,1,6,30.597640142502573,0.8026531005270152,0.9068960691544524,True,pressure_curvature_r0.01,e3_PSB10,False,False
84,25,31,cell,cell,23,49,48.05656885808141,0.9244312234142182,1.0444898825750923,True,pressure_curvature_r0.01,e3_PSB10,False,False
85,31,27,cell,cell,49,16,13.106540433350087,0.8850552205782207,1.0,True,pressure_curvature_r0.01,e3_PSB10,False,False
86,23,31,cell,cell,17,49,13.232643187469066,0.7382841921780037,0.8341673773707259,True,pressure_curvature_r0.01,e3_PSB10,False,False
87,32,26,cell,cell,61,56,29.373511253174815,-0.021456540292785542,-0.024243165617132502,True,pressure_curvature_r0.01,e3_PSB10,False,False
88,33,27,cell,cell,39,16,26.35896743847904,0.6816446720164965,0.7701719126306799,True,pressure_curvature_r0.01,e3_PSB10,False,False
89,27,32,cell,cell,16,61,3.1836008691813857,1.5214888379050193,1.7190891624942977,True,pressure_curvature_r0.01,e3_PSB10,False,False
90,31,33,cell,cell,49,39,20.116961008296673,0.5643515965655659,0.6376456332259878,True,pressure_curvature_r0.01,e3_PSB10,False,False
91,34,23,cell,cell,29,17,22.428720691105962,1.148300969271769,1.2974342646344321,True,pressure_curvature_r0.01,e3_PSB10,False,False
92,28,34,cell,cell,8,29,39.771123341501266,0.6059990329262122,0.684701947218958,True,pressure_curvature_r0.01,e3_PSB10,False,False
93,33,32,cell,cell,39,61,18.129688755600807,1.5455720670176807,1.7463001528965998,True,pressure_curvature_r0.01,e3_PSB10,False,False
94,34,31,cell,cell,29,49,1.4169730060943293,0.8413416724136534,0.950609242058356,True,pressure_curvature_r0.01,e3_PSB10,False,False
95,35,31,cell,cell,33,49,52.93176748733786,0.6932768966760603,0.7833148492397247,True,pressure_curvature_r0.01,e3_PSB10,False,False
96,34,35,cell,cell,29,33,35.90291685153633,0.3364031518855888,0.3800928394793392,True,pressure_curvature_r0.01,e3_PSB10,False,False
97,36,29,cell,cell,18,1,22.990549446141795,0.9319167759060838,1.0529476062490741,True,pressure_curvature_r0.01,e3_PSB10,False,False
98,61,36,outer,cell,-1,18,26.0,,,False,pressure_curvature_r0.01,e3_PSB10,False,False
99,35,33,cell,cell,33,39,12.815024358043017,0.5140763486557298,0.5808409878875982,True,pressure_curvature_r0.01,e3_PSB10,False,False
100,36,30,cell,cell,18,6,11.70473052375035,1.0035199599830118,1.1338501108748855,True,pressure_curvature_r0.01,e3_PSB10,False,False
101,26,37,cell,cell,56,69,4.17826124666495,0.6564026646538065,0.74165164996707,True,pressure_curvature_r0.01,e3_PSB10,False,False
102,37,61,cell,outer,69,-1,50.0,,,False,pressure_curvature_r0.01,e3_PSB10,False,False
103,32,37,cell,cell,61,69,9.0,0.9618881660533496,1.0868114708423873,True,pressure_curvature_r0.01,e3_PSB10,False,False
104,33,37,cell,cell,39,69,2.2360802701559255,1.7043416906942515,1.9256896644039654,True,pressure_curvature_r0.01,e3_PSB10,False,False
105,33,38,cell,cell,39,19,34.50119177879267,1.1110827070775784,1.2553823549582481,True,pressure_curvature_r0.01,e3_PSB10,False,False
106,38,37,cell,cell,19,69,44.349291774869556,1.2687922700237089,1.4335741324646236,True,pressure_curvature_r0.01,e3_PSB10,False,False
107,39,30,cell,cell,9,6,47.08916722015258,1.3657268852830364,1.5430979373137703,True,pressure_curvature_r0.01,e3_PSB10,True,True
108,36,39,cell,cell,18,9,7.851153477029276,0.9037857622030956,1.0211631333157245,True,pressure_curvature_r0.01,e3_PSB10,False,False
109,35,38,cell,cell,33,19,43.11478036954526,1.2287589946350252,1.3883416153765606,True,pressure_curvature_r0.01,e3_PSB10,False,False
110,40,39,cell,cell,28,9,31.279951116962817,0.49027967590113153,0.5539537697781433,True,pressure_curvature_r0.01,e3_PSB10,False,False
111,36,40,cell,cell,18,28,24.72822770032761,0.5260086387926226,0.5943229603786448,True,pressure_curvature_r0.01,e3_PSB10,False,False
112,39,28,cell,cell,9,8,5.419681139337311,1.4667949614085227,1.6572920280050347,True,pressure_curvature_r0.01,e3_PSB10,False,True
113,28,41,cell,cell,8,27,29.504510875773285,1.4748600827187457,1.6664045908403275,True,pressure_curvature_r0.01,e3_PSB10,False,True
114,41,34,cell,cell,27,29,22.536089476775665,1.3670766305027615,1.5446229779986254,True,pressure_curvature_r0.01,e3_PSB10,False,True
115,39,41,cell,cell,9,27,11.124249268759064,0.549250604003832,0.6205834294101986,True,pressure_curvature_r0.01,e3_PSB10,False,False
116,61,40,outer,cell,-1,28,20.0,,,False,pressure_curvature_r0.01,e3_PSB10,False,False
117,42,34,cell,cell,30,29,9.356280481076713,1.4467063025580125,1.634594394700995,True,pressure_curvature_r0.01,e3_PSB10,False,True
118,41,42,cell,cell,27,30,37.328045015269836,0.12559134718204246,0.14190227260621277,True,pressure_curvature_r0.01,e3_PSB10,False,False
119,42,35,cell,cell,30,33,28.843023485194202,1.342350140575063,1.5166851845674492,True,pressure_curvature_r0.01,e3_PSB10,False,True
120,42,38,cell,cell,30,19,7.790363650296449,0.3845228479885656,0.4344619850243363,True,pressure_curvature_r0.01,e3_PSB10,False,False
121,43,41,cell,cell,3,27,31.611490239781155,0.44448036522414014,0.5022063650827956,True,pressure_curvature_r0.01,e3_PSB10,False,False
122,39,43,cell,cell,9,3,23.82319362793569,0.7576413413730779,0.8560384976635681,True,pressure_curvature_r0.01,e3_PSB10,False,False
123,44,38,cell,cell,34,19,37.8167946910642,0.4655610098605474,0.526024816345797,True,pressure_curvature_r0.01,e3_PSB10,False,False
124,42,44,cell,cell,30,34,30.401209496128704,0.40649962323460875,0.45929295007043297,True,pressure_curvature_r0.01,e3_PSB10,False,False
125,40,45,cell,cell,28,15,20.42638270621919,0.57555274538092,0.650301508876364,True,pressure_curvature_r0.01,e3_PSB10,False,False
126,45,39,cell,cell,15,9,47.35793192796593,0.6299317098226976,0.7117428327366435,True,pressure_curvature_r0.01,e3_PSB10,False,False
127,61,45,outer,cell,-1,15,35.0,,,False,pressure_curvature_r0.01,e3_PSB10,False,False
128,43,42,cell,cell,3,30,16.573573931484397,0.5837516296330229,0.6595652068485044,True,pressure_curvature_r0.01,e3_PSB10,False,False
129,45,43,cell,cell,15,3,14.4367179077651,0.5554739404324764,0.6276150092302449,True,pressure_curvature_r0.01,e3_PSB10,False,False
130,46,38,cell,cell,31,19,39.02786961674276,0.5275383037250804,0.5960512874896452,True,pressure_curvature_r0.01,e3_PSB10,False,False
131,44,46,cell,cell,34,31,27.73281954451556,0.29854769577808005,0.3373209816027457,True,pressure_curvature_r0.01,e3_PSB10,False,False
132,46,37,cell,cell,31,69,3.1836008691813857,1.2882394229072274,1.4555469454952201,True,pressure_curvature_r0.01,e3_PSB10,False,False
133,37,47,cell,cell,69,67,13.0,0.5770765135321074,0.6520231733734017,True,pressure_curvature_r0.01,e3_PSB10,False,False
134,47,61,cell,outer,67,-1,37.0,,,False,pressure_curvature_r0.01,e3_PSB10,False,False
135,46,47,cell,cell,31,67,21.124249268759066,1.2913717603158001,1.4590860889698232,True,pressure_curvature_r0.01,e3_PSB10,False,False
136,48,42,cell,cell,20,30,8.635173061723005,0.9027817163564207,1.0200286890196737,True,pressure_curvature_r0.01,e3_PSB10,False,False
137,43,48,cell,cell,3,20,30.248627263059085,1.0793891962248614,1.219572712671735,True,pressure_curvature_r0.01,e3_PSB10,False,False
138,45,48,cell,cell,15,20,34.725423565374946,0.7264609046366127,0.8208085639696066,True,pressure_curvature_r0.01,e3_PSB10,False,False
139,42,49,cell,cell,30,37,12.304471422346904,1.1596281366251031,1.3102325252287643,True,pressure_curvature_r0.01,e3_PSB10,False,False
140,49,44,cell,cell,37,34,34.92256042882565,1.3551937280891972,1.531196807362853,True,pressure_curvature_r0.01,e3_PSB10,False,False
141,42,50,cell,cell,30,11,40.617761047129086,1.1320474776855487,1.279069883284756,True,pressure_curvature_r0.01,e3_PSB10,False,False
142,50,49,cell,cell,11,37,26.38571641242452,0.7850506715108909,0.8870075598198323,True,pressure_curvature_r0.01,e3_PSB10,False,False
143,48,50,cell,cell,20,11,24.236816248558878,0.8833502034332359,0.9980735471580283,True,pressure_curvature_r0.01,e3_PSB10,False,False
144,51,46,cell,cell,24,31,50.610232334209044,0.3012941082778945,0.34042407894171195,True,pressure_curvature_r0.01,e3_PSB10,False,False
145,44,51,cell,cell,34,24,2.0,0.6940970582881945,0.7842415277034689,True,pressure_curvature_r0.01,e3_PSB10,False,False
146,52,45,cell,cell,2,15,33.58051481999854,1.8542080346058927,2.09501960046573,True,pressure_curvature_r0.01,e3_PSB10,False,False
147,49,51,cell,cell,37,24,4.135128242442549,1.3241271813858324,1.4960955549426158,True,pressure_curvature_r0.01,e3_PSB10,False,False
148,61,52,outer,cell,-1,2,37.0,,,False,pressure_curvature_r0.01,e3_PSB10,False,False
149,51,47,cell,cell,24,67,17.0,1.0971093849229645,1.2395942754918787,True,pressure_curvature_r0.01,e3_PSB10,False,False
150,53,51,cell,cell,10,24,31.250495175639934,1.9852405910276625,2.2430697484962274,True,pressure_curvature_r0.01,e3_PSB10,False,False
151,49,53,cell,cell,37,10,35.68724892439336,1.0601251655454886,1.1978068044758743,True,pressure_curvature_r0.01,e3_PSB10,False,False
152,54,48,cell,cell,7,20,60.76204767739882,0.9314463878430439,1.0524161274756563,True,pressure_curvature_r0.01,e3_PSB10,False,False
153,45,54,cell,cell,15,7,12.578944087887093,1.2902107505230582,1.4577742953486483,True,pressure_curvature_r0.01,e3_PSB10,False,False
154,52,54,cell,cell,2,7,23.370859055716537,1.3475024699002267,1.5225066623751249,True,pressure_curvature_r0.01,e3_PSB10,False,False
155,55,50,cell,cell,4,11,36.37818729311893,1.5616029867696586,1.764413056339511,True,pressure_curvature_r0.01,e3_PSB10,False,False
156,48,55,cell,cell,20,4,5.87835427629204,1.4595295558195984,1.6490830423734062,True,pressure_curvature_r0.01,e3_PSB10,False,False
157,55,49,cell,cell,4,37,19.47400656127445,1.5488500663837188,1.7500038758845242,True,pressure_curvature_r0.01,e3_PSB10,False,False
158,54,55,cell,cell,7,4,15.248884714140999,1.1105970950268773,1.254833675012172,True,pressure_curvature_r0.01,e3_PSB10,False,False
159,47,56,cell,cell,67,26,14.124249268759064,2.2125589513754225,2.499910626966216,True,pressure_curvature_r0.01,e3_PSB10,False,False
160,56,61,cell,outer,26,-1,55.124484748932566,,,False,pressure_curvature_r0.01,e3_PSB10,False,False
161,51,56,cell,cell,24,26,26.38246950007547,2.477256443997007,2.798985177872377,True,pressure_curvature_r0.01,e3_PSB10,False,False
162,55,53,cell,cell,4,10,6.34830330457291,1.7241460664456068,1.948066093909027,True,pressure_curvature_r0.01,e3_PSB10,False,False
163,57,53,cell,cell,44,10,35.203245519936544,2.8262067673054623,3.193254727607907,True,pressure_curvature_r0.01,e3_PSB10,False,False
164,55,57,cell,cell,4,44,21.225266212164055,2.415927479544312,2.729691236628092,True,pressure_curvature_r0.01,e3_PSB10,False,False
165,54,58,cell,cell,7,71,26.182269786315295,2.063294702092782,2.3312609813710816,True,pressure_curvature_r0.01,e3_PSB10,False,False
166,58,55,cell,cell,71,4,45.81885511726249,1.8719347575580434,2.115048546163118,True,pressure_curvature_r0.01,e3_PSB10,False,False
167,59,51,cell,cell,22,24,14.124249268759066,2.8933557025608754,3.2691244967411186,True,pressure_curvature_r0.01,e3_PSB10,False,False
168,53,59,cell,cell,10,22,13.637857796525687,3.089519912586721,3.4907651418272954,True,pressure_curvature_r0.01,e3_PSB10,False,False
169,60,54,cell,cell,41,7,48.268153751083034,1.8356816738366217,2.074087165586506,True,pressure_curvature_r0.01,e3_PSB10,False,False
170,52,60,cell,cell,2,41,32.36994821680503,2.120452354026492,2.3958418692125973,True,pressure_curvature_r0.01,e3_PSB10,False,False
171,59,56,cell,cell,22,26,12.643922709083451,2.0319010152218917,2.295790102107322,True,pressure_curvature_r0.01,e3_PSB10,False,False
172,61,60,outer,cell,-1,41,83.12448474893256,,,False,pressure_curvature_r0.01,e3_PSB10,False,False
173,58,57,cell,cell,71,44,4.0,1.8648239117394345,2.107014193443337,True,pressure_curvature_r0.01,e3_PSB10,False,False
174,57,59,cell,cell,44,22,3.0,3.231965186815975,3.651710211600673,True,pressure_curvature_r0.01,e3_PSB10,False,False
175,60,58,cell,cell,41,71,2.0,1.2628467799124252,1.426856483697579,True,pressure_curvature_r0.01,e3_PSB10,False,False
176,59,61,cell,outer,22,-1,30.0,,,False,pressure_curvature_r0.01,e3_PSB10,False,False
177,57,61,cell,outer,44,-1,51.0,,,False,pressure_curvature_r0.01,e3_PSB10,False,False
178,58,61,cell,outer,71,-1,67.0,,,False,pressure_curvature_r0.01,e3_PSB10,False,False
0,0,51,cell,outer,50,-1,56.124484748932566,,,False,tension_only_r0.1,e3_PSB9,False,False
1,51,1,outer,cell,-1,38,41.0,,,False,tension_only_r0.1,e3_PSB9,False,False
2,51,2,outer,cell,-1,16,44.0,,,False,tension_only_r0.1,e3_PSB9,False,False
3,51,3,outer,cell,-1,21,48.0,,,False,tension_only_r0.1,e3_PSB9,False,False
4,51,4,outer,cell,-1,18,37.0,,,False,tension_only_r0.1,e3_PSB9,False,False
5,51,5,outer,cell,-1,32,38.0,,,False,tension_only_r0.1,e3_PSB9,False,False
6,51,6,outer,cell,-1,34,84.12448474893256,,,False,tension_only_r0.1,e3_PSB9,False,False
7,1,0,cell,cell,38,50,22.814472544778898,0.20390479161600675,0.21015224826594398,True,tension_only_r0.1,e3_PSB9,False,False
8,2,1,cell,cell,16,38,24.47702340316013,1.8376011240943253,1.8939035448058255,True,tension_only_r0.1,e3_PSB9,False,False
9,3,2,cell,cell,21,16,19.757076609011087,1.1273390125237979,1.161879650606442,True,tension_only_r0.1,e3_PSB9,False,False
10,4,3,cell,cell,18,21,22.74385159592907,0.23715952628622672,0.24442587764487,True,tension_only_r0.1,e3_PSB9,False,False
11,5,4,cell,cell,32,18,26.269570408641606,0.14589190906619298,0.15036190396059484,True,tension_only_r0.1,e3_PSB9,False,False
12,6,5,cell,cell,34,32,30.52120505355922,1.8009849415437564,1.8561654758525004,True,tension_only_r0.1,e3_PSB9,False,False
13,3,7,cell,cell,21,39,40.630236566918136,1.3090732969178973,1.3491821075508836,True,tension_only_r0.1,e3_PSB9,False,False
14,7,2,cell,cell,39,16,18.721495775289252,1.2820211705815625,1.3213011287622085,True,tension_only_r0.1,e3_PSB9,False,False
15,8,0,cell,cell,24,50,28.284916550608937,0.11114502149041783,0.11455040347342375,True,tension_only_r0.1,e3_PSB9,False,False
16,1,8,cell,cell,38,24,33.428720691105966,-0.0717536948082523,-0.07395216250601773,True,tension_only_r0.1,e3_PSB9,False,False
17,3,9,cell,cell,21,37,1.0,1.3100766369329642,1.3502161889879623,True,tension_only_r0.1,e3_PSB9,False,False
18,4,9,cell,cell,18,37,46.22854213983791,1.322783525655699,1.3633124051797658,True,tension_only_r0.1,e3_PSB9,False,False
19,9,7,cell,cell,37,39,6.129688755600806,0.4936545397529212,0.5087796641441078,True,tension_only_r0.1,e3_PSB9,False,False
20,2,8,cell,cell,16,24,5.28730109467216,1.891344992410022,1.9492940761785365,True,tension_only_r0.1,e3_PSB9,False,False
21,10,5,cell,cell,4,32,19.250588169981974,1.3862041926828195,1.4286762235414965,True,tension_only_r0.1,e3_PSB9,False,False
22,6,10,cell,cell,34,4,39.2611565112388,2.3580769016378262,2.430326224978613,True,tension_only_r0.1,e3_PSB9,False,False
23,5,9,cell,cell,32,37,20.124249268759066,1.350249499974706,1.3916199118754589,True,tension_only_r0.1,e3_PSB9,False,False
24,10,9,cell,cell,4,37,10.414212791279919,0.45901695150890365,0.47308081182042905,True,tension_only_r0.1,e3_PSB9,False,False
25,11,7,cell,cell,25,39,46.91128547509001,0.2695323657836987,0.27779059138812584,True,tension_only_r0.1,e3_PSB9,False,False
26,12,8,cell,cell,6,24,41.35644248310553,1.4258396981350674,1.469526124693565,True,tension_only_r0.1,e3_PSB9,False,False
27,9,11,cell,cell,37,25,18.90139743953536,0.7636894339301261,0.7870881809369081,True,tension_only_r0.1,e3_PSB9,False,False
28,2,12,cell,cell,16,6,8.084299706426492,1.5970772623547858,1.6460102515409931,True,tension_only_r0.1,e3_PSB9,False,False
29,13,2,cell,cell,46,16,24.854888128667426,1.3756661691894632,1.4178153246295244,True,tension_only_r0.1,e3_PSB9,False,False
30,7,13,cell,cell,39,46,12.34622166975846,0.7598691099783537,0.7831508057472111,True,tension_only_r0.1,e3_PSB9,False,False
31,14,9,cell,cell,30,37,44.21150769525131,0.3859728560474459,0.3977987119633281,True,tension_only_r0.1,e3_PSB9,False,False
32,15,12,cell,cell,28,6,42.821930121252606,0.9263941121426148,0.9547779819403746,True,tension_only_r0.1,e3_PSB9,False,False
33,2,15,cell,cell,16,28,7.655761409493237,1.5103333473382947,1.5566085821656348,True,tension_only_r0.1,e3_PSB9,False,False
34,9,16,cell,cell,37,10,16.302381789883057,0.5846870270372032,0.6026013037260736,True,tension_only_r0.1,e3_PSB9,False,False
35,10,16,cell,cell,4,10,51.27793178695681,0.8471717386317291,0.8731283072351822,True,tension_only_r0.1,e3_PSB9,False,False
36,16,14,cell,cell,10,30,43.75862382190012,0.45559739977599795,0.46955648814447953,True,tension_only_r0.1,e3_PSB9,False,False
37,13,15,cell,cell,46,28,71.7549397997133,0.5813825065684004,0.5991955357671355,True,tension_only_r0.1,e3_PSB9,False,False
38,11,13,cell,cell,25,46,69.87592984506377,0.5842315492417585,0.6021318705068278,True,tension_only_r0.1,e3_PSB9,False,False
39,0,17,cell,cell,50,49,16.124249268759062,1.559715430599566,1.6075036873721646,True,tension_only_r0.1,e3_PSB9,False,False
40,17,51,cell,outer,49,-1,225.12448474893256,,,False,tension_only_r0.1,e3_PSB9,False,False
41,8,17,cell,cell,24,49,1.0,1.5192281615987917,1.5657759254141035,True,tension_only_r0.1,e3_PSB9,False,False
42,12,17,cell,cell,6,49,26.315192601891983,0.8614889193880961,0.887884153338331,True,tension_only_r0.1,e3_PSB9,False,False
43,14,11,cell,cell,30,25,36.56731124212688,0.8584863753907255,0.8847896141342051,True,tension_only_r0.1,e3_PSB9,False,False
44,51,10,outer,cell,-1,4,10.0,,,False,tension_only_r0.1,e3_PSB9,False,False
45,18,10,cell,cell,1,4,16.543844368836425,0.9097598388952409,0.937634049747801,True,tension_only_r0.1,e3_PSB9,False,False
46,51,18,outer,cell,-1,1,26.0,,,False,tension_only_r0.1,e3_PSB9,False,False
47,12,19,cell,cell,6,48,8.309910909188645,0.5499639961197176,0.5668143908434209,True,tension_only_r0.1,e3_PSB9,False,False
48,19,17,cell,cell,48,49,42.80193970373418,0.8761847201597497,0.9030302200283545,True,tension_only_r0.1,e3_PSB9,False,False
49,20,12,cell,cell,17,6,4.178261246664951,0.7026073032436332,0.7241345495341971,True,tension_only_r0.1,e3_PSB9,False,False
50,15,20,cell,cell,28,17,46.29554670576181,0.3937654622285567,0.40583007648317476,True,tension_only_r0.1,e3_PSB9,False,False
51,20,19,cell,cell,17,48,33.92126729100332,0.25992853718830816,0.2678925102528728,True,tension_only_r0.1,e3_PSB9,False,False
52,18,16,cell,cell,1,10,7.0,1.1551878872733357,1.190581789452269,True,tension_only_r0.1,e3_PSB9,False,False
53,18,21,cell,cell,1,7,16.003545535589918,1.3333110097723249,1.3741624417981269,True,tension_only_r0.1,e3_PSB9,False,False
54,21,16,cell,cell,7,10,37.284877387269866,1.069028822518491,1.1017828896166053,True,tension_only_r0.1,e3_PSB9,False,False
55,22,11,cell,cell,45,25,20.926689315301104,0.9096777933472291,0.9375494903991056,True,tension_only_r0.1,e3_PSB9,False,False
56,23,14,cell,cell,57,30,26.049013953205836,0.8275766348489253,0.8529328273628128,True,tension_only_r0.1,e3_PSB9,False,False
57,16,23,cell,cell,10,57,18.91231461067048,0.9897934285206451,1.02011979548862,True,tension_only_r0.1,e3_PSB9,False,False
58,14,22,cell,cell,30,45,15.66713626908303,1.0721716601399067,1.1050220209133288,True,tension_only_r0.1,e3_PSB9,False,False
59,22,13,cell,cell,45,46,31.404613908117103,0.9108597930259923,0.9387677054688599,True,tension_only_r0.1,e3_PSB9,False,False
60,51,21,outer,cell,-1,7,51.0,,,False,tension_only_r0.1,e3_PSB9,False,False
61,23,22,cell,cell,57,45,48.486543470254716,0.7978849890380382,0.8223314566327676,True,tension_only_r0.1,e3_PSB9,False,False
62,21,23,cell,cell,7,57,38.775107388800365,0.9718138565774375,1.0015893458764307,True,tension_only_r0.1,e3_PSB9,False,False
63,24,19,cell,cell,29,48,12.469331444495035,0.30559850447457204,0.31496176364008477,True,tension_only_r0.1,e3_PSB9,False,False
64,20,24,cell,cell,17,29,17.67370370945393,0.5055618064892058,0.5210517586618516,True,tension_only_r0.1,e3_PSB9,False,False
65,15,24,cell,cell,28,29,51.07937269327826,0.7248327703702444,0.7470409846817051,True,tension_only_r0.1,e3_PSB9,False,False
66,13,24,cell,cell,46,29,22.302381789883057,0.9574204921445946,0.9867549818985144,True,tension_only_r0.1,e3_PSB9,False,False
67,22,24,cell,cell,45,29,39.409588894720116,0.617160185971287,0.6360694106018873,True,tension_only_r0.1,e3_PSB9,False,False
68,24,17,cell,cell,29,49,27.56049907917061,1.0458078879638997,1.0778504868279861,True,tension_only_r0.1,e3_PSB9,False,False
69,25,23,cell,cell,43,57,25.290120913288142,1.0335037204763644,1.065169330882344,True,tension_only_r0.1,e3_PSB9,False,False
70,21,25,cell,cell,7,43,25.78861002186468,1.0839092637278376,1.117119253958756,True,tension_only_r0.1,e3_PSB9,False,False
71,24,26,cell,cell,29,52,34.61966564290402,0.32835293165649637,0.3384133656960598,True,tension_only_r0.1,e3_PSB9,False,False
72,26,17,cell,cell,52,49,32.49593244104752,1.1112897342383699,1.1453386370873475,True,tension_only_r0.1,e3_PSB9,False,False
73,24,27,cell,cell,29,20,67.84502022352403,0.8601557159541221,0.8865101017683554,True,tension_only_r0.1,e3_PSB9,False,False
74,27,26,cell,cell,20,52,28.1670772409472,0.19198760245293056,0.19786992730731082,True,tension_only_r0.1,e3_PSB9,False,False
75,23,28,cell,cell,57,58,19.253938024359872,1.0223351430167145,1.0536585584062472,True,tension_only_r0.1,e3_PSB9,False,False
76,28,22,cell,cell,58,45,17.728857568474957,1.0873875285017756,1.12070408958971,True,tension_only_r0.1,e3_PSB9,False,False
77,25,28,cell,cell,43,58,13.687157309798692,0.2859288552402909,0.2946894543116649,True,tension_only_r0.1,e3_PSB9,False,False
78,29,21,cell,cell,9,7,27.38362677996067,2.3840785529798256,2.4571245431782103,True,tension_only_r0.1,e3_PSB9,False,False
79,51,29,outer,cell,-1,9,24.0,,,False,tension_only_r0.1,e3_PSB9,False,False
80,29,25,cell,cell,9,43,9.25276365369129,1.6847870314647317,1.7364073678974046,True,tension_only_r0.1,e3_PSB9,False,False
81,30,24,cell,cell,23,29,11.254324200982742,1.488832138497472,1.534448595916544,True,tension_only_r0.1,e3_PSB9,False,False
82,22,30,cell,cell,45,23,23.0,1.8645823171454707,1.9217114169782152,True,tension_only_r0.1,e3_PSB9,False,True
83,28,30,cell,cell,58,23,29.841535134330304,1.1593163291068422,1.1948367229742847,True,tension_only_r0.1,e3_PSB9,True,True
84,30,27,cell,cell,23,20,18.11984616872248,0.7468856623244564,0.7697695571110926,True,tension_only_r0.1,e3_PSB9,False,False
85,31,25,cell,cell,19,43,34.677363392993776,1.3921545375716307,1.4348088815650328,True,tension_only_r0.1,e3_PSB9,False,False
86,29,31,cell,cell,9,19,25.322892618277443,0.6311957512747768,0.6505350128117978,True,tension_only_r0.1,e3_PSB9,False,False
87,31,28,cell,cell,19,58,10.178132521123993,1.3436417548175097,1.3848097114395208,True,tension_only_r0.1,e3_PSB9,False,True
88,31,30,cell,cell,19,23,9.264945723584312,0.7326233667040478,0.7550702777743579,True,tension_only_r0.1,e3_PSB9,False,False
89,32,26,cell,cell,14,52,18.43208598431259,0.6600916753868512,0.6803162816566729,True,tension_only_r0.1,e3_PSB9,False,False
90,27,32,cell,cell,20,14,46.57005503964275,0.8925580517168659,0.9199052155155208,True,tension_only_r0.1,e3_PSB9,False,False
91,33,30,cell,cell,26,23,39.909926360498204,0.8270530117474297,0.8523931609275556,True,tension_only_r0.1,e3_PSB9,False,False
92,32,17,cell,cell,14,49,30.0477020163945,1.144745339006957,1.1798192910410603,True,tension_only_r0.1,e3_PSB9,False,False
93,31,33,cell,cell,19,26,19.352336397025987,0.9103627096540435,0.938255391916232,True,tension_only_r0.1,e3_PSB9,False,False
94,34,27,cell,cell,36,20,25.70740611088073,1.5250395304657087,1.5717653493173203,True,tension_only_r0.1,e3_PSB9,False,False
95,30,34,cell,cell,23,36,27.941564389371607,1.3619115469871979,1.4036392733609586,True,tension_only_r0.1,e3_PSB9,False,False
96,35,29,cell,cell,3,9,40.942324555406806,1.306621624807468,1.3466553184453687,True,tension_only_r0.1,e3_PSB9,False,True
97,51,35,outer,cell,-1,3,26.0,,,False,tension_only_r0.1,e3_PSB9,False,False
98,33,34,cell,cell,26,36,26.621455176477145,0.9107487419782131,0.9386532519183663,True,tension_only_r0.1,e3_PSB9,False,False
99,35,31,cell,cell,3,19,14.020510384165348,1.5949533640103475,1.6438212788904016,True,tension_only_r0.1,e3_PSB9,False,False
100,34,32,cell,cell,36,14,32.96845856677773,0.9510989325652142,0.9802397355052088,True,tension_only_r0.1,e3_PSB9,False,False
101,31,36,cell,cell,19,22,16.248755988600042,1.7481888044348666,1.8017517133054939,True,tension_only_r0.1,e3_PSB9,False,False
102,36,33,cell,cell,22,26,40.15695378272875,0.9433397020054226,0.9722427692052467,True,tension_only_r0.1,e3_PSB9,False,False
103,35,36,cell,cell,3,22,9.947776485841711,1.254015546692071,1.2924374381258916,True,tension_only_r0.1,e3_PSB9,False,False
104,36,34,cell,cell,22,36,15.0,0.8304624015747835,0.8559070113464448,True,tension_only_r0.1,e3_PSB9,False,False
105,35,37,cell,cell,3,2,48.62102886902984,1.2475484028453203,1.285772146896182,True,tension_only_r0.1,e3_PSB9,False,False
106,37,36,cell,cell,2,22,13.966416435961358,1.3752441485662896,1.4173803736797619,True,tension_only_r0.1,e3_PSB9,False,False
107,51,37,outer,cell,-1,2,15.0,,,False,tension_only_r0.1,e3_PSB9,False,False
108,32,38,cell,cell,14,5,51.42057385722587,0.31893089476803493,0.32870264619966033,True,tension_only_r0.1,e3_PSB9,False,False
109,38,17,cell,cell,5,49,29.43309127323308,1.0993600075796575,1.1330433944956586,True,tension_only_r0.1,e3_PSB9,False,False
110,39,36,cell,cell,33,22,53.10459825632306,1.5034228605227522,1.549486364343342,True,tension_only_r0.1,e3_PSB9,False,False
111,37,39,cell,cell,2,33,17.426536395572356,1.5530720291120095,1.6006567381284582,True,tension_only_r0.1,e3_PSB9,False,False
112,39,34,cell,cell,33,36,15.909007173617912,1.5554419493854108,1.6030992705952982,True,tension_only_r0.1,e3_PSB9,False,False
113,34,38,cell,cell,36,5,12.477510804804684,0.8532203655629577,0.8793622585731841,True,tension_only_r0.1,e3_PSB9,False,False
114,40,34,cell,cell,13,36,58.98863609117819,0.9687296617385677,0.9984106541235693,True,tension_only_r0.1,e3_PSB9,False,False
115,41,37,cell,cell,40,2,46.308894406370904,1.0083468231460035,1.0392416491860408,True,tension_only_r0.1,e3_PSB9,False,False
116,51,41,outer,cell,-1,40,16.0,,,False,tension_only_r0.1,e3_PSB9,False,False
117,39,40,cell,cell,33,13,21.431573945732893,0.5556773686914547,0.5727028159344439,True,tension_only_r0.1,e3_PSB9,False,False
118,42,38,cell,cell,15,5,16.593292259461013,1.1313222506283318,1.1659849314898005,True,tension_only_r0.1,e3_PSB9,False,False
119,34,42,cell,cell,36,15,8.603282008518697,1.4372943675230023,1.4813317546934273,True,tension_only_r0.1,e3_PSB9,False,False
120,41,39,cell,cell,40,33,5.0,1.5231608264153045,1.5698290834900694,True,tension_only_r0.1,e3_PSB9,False,False
121,43,38,cell,cell,11,5,39.76960828334568,0.4156226615552233,0.42835696044157645,True,tension_only_r0.1,e3_PSB9,False,False
122,34,44,cell,cell,36,31,4.0,1.7131888913699733,1.7656794348592304,True,tension_only_r0.1,e3_PSB9,False,False
123,44,42,cell,cell,31,15,39.411537326177125,0.7888715827654366,0.813041887821218,True,tension_only_r0.1,e3_PSB9,False,False
124,40,44,cell,cell,13,31,48.401920412824445,1.0761120964549917,1.1090831885994878,True,tension_only_r0.1,e3_PSB9,False,False
125,42,43,cell,cell,15,11,19.420248836846206,0.5382416860808173,0.5547329199274037,True,tension_only_r0.1,e3_PSB9,False,False
126,41,45,cell,cell,40,8,45.37274780627719,0.9854796654566096,1.0156738626627702,True,tension_only_r0.1,e3_PSB9,False,False
127,43,17,cell,cell,11,49,21.172323183393587,1.1842304223977882,1.2205141613370856,True,tension_only_r0.1,e3_PSB9,False,False
128,45,39,cell,cell,8,33,11.769267471187364,1.7700326781979683,1.8242648634172292,True,tension_only_r0.1,e3_PSB9,False,False
129,51,45,outer,cell,-1,8,71.12448474893256,,,False,tension_only_r0.1,e3_PSB9,False,False
130,39,44,cell,cell,33,31,23.075131991825113,1.2371570660296827,1.275062429007809,True,tension_only_r0.1,e3_PSB9,False,False
131,46,39,cell,cell,27,33,42.21955775215926,1.5580639142777366,1.6058015700980697,True,tension_only_r0.1,e3_PSB9,False,False
132,45,46,cell,cell,8,27,34.2119147233931,1.3305212802784596,1.371287237539594,True,tension_only_r0.1,e3_PSB9,False,False
133,47,43,cell,cell,12,11,25.834453227735747,0.4929985225950397,0.5081035472194528,True,tension_only_r0.1,e3_PSB9,False,False
134,42,47,cell,cell,15,12,14.288136545449145,0.7104077531900241,0.7321739981451307,True,tension_only_r0.1,e3_PSB9,False,False
135,39,48,cell,cell,33,41,18.12437799430002,1.8250668145811741,1.8809851954930223,True,tension_only_r0.1,e3_PSB9,False,False
136,48,44,cell,cell,41,31,31.965936134157293,0.9552635017301373,0.9845319032670915,True,tension_only_r0.1,e3_PSB9,False,False
137,49,43,cell,cell,56,11,11.124249268759064,0.3755913519192066,0.38709912802691804,True,tension_only_r0.1,e3_PSB9,False,False
138,47,49,cell,cell,12,56,23.507028061166256,0.11190749219895468,0.11533623558833403,True,tension_only_r0.1,e3_PSB9,False,False
139,46,48,cell,cell,27,41,24.015905277879707,0.6782410708473812,0.6990217580237064,True,tension_only_r0.1,e3_PSB9,False,False
140,49,17,cell,cell,56,49,19.129688755600803,1.2829306660954676,1.3222384903882898,True,tension_only_r0.1,e3_PSB9,False,False
141,42,50,cell,cell,15,47,15.549369894938117,0.6020844427979263,0.6205317604218559,True,tension_only_r0.1,e3_PSB9,False,False
142,50,47,cell,cell,47,12,12.628760066261393,0.5648521314119633,0.582158685008146,True,tension_only_r0.1,e3_PSB9,False,False
143,44,50,cell,cell,31,47,8.270256484885097,1.0711786461094537,1.103998581839605,True,tension_only_r0.1,e3_PSB9,False,False
144,49,51,cell,outer,56,-1,23.0,,,False,tension_only_r0.1,e3_PSB9,False,False
145,47,51,cell,outer,12,-1,17.0,,,False,tension_only_r0.1,e3_PSB9,False,False
146,50,51,cell,outer,47,-1,23.0,,,False,tension_only_r0.1,e3_PSB9,False,False
147,44,51,cell,outer,31,-1,49.0,,,False,tension_only_r0.1,e3_PSB9,False,False
148,48,51,cell,outer,41,-1,53.0,,,False,tension_only_r0.1,e3_PSB9,False,False
149,46,51,cell,outer,27,-1,43.0,,,False,tension_only_r0.1,e3_PSB9,False,False
0,0,51,cell,outer,50,-1,56.124484748932566,,,False,pressure_curvature_r0.1,e3_PSB9,False,False
1,51,1,outer,cell,-1,38,41.0,,,False,pressure_curvature_r0.1,e3_PSB9,False,False
2,51,2,outer,cell,-1,16,44.0,,,False,pressure_curvature_r0.1,e3_PSB9,False,False
3,51,3,outer,cell,-1,21,48.0,,,False,pressure_curvature_r0.1,e3_PSB9,False,False
4,51,4,outer,cell,-1,18,37.0,,,False,pressure_curvature_r0.1,e3_PSB9,False,False
5,51,5,outer,cell,-1,32,38.0,,,False,pressure_curvature_r0.1,e3_PSB9,False,False
6,51,6,outer,cell,-1,34,84.12448474893256,,,False,pressure_curvature_r0.1,e3_PSB9,False,False
7,1,0,cell,cell,38,50,22.814472544778898,0.4030614261089462,0.40895499703768334,True,pressure_curvature_r0.1,e3_PSB9,False,False
8,2,1,cell,cell,16,38,24.47702340316013,0.7121028824504396,0.7225152627339982,True,pressure_curvature_r0.1,e3_PSB9,False,False
9,3,2,cell,cell,21,16,19.757076609011087,1.0319759011366716,1.0470654700612168,True,pressure_curvature_r0.1,e3_PSB9,False,False
10,4,3,cell,cell,18,21,22.74385159592907,0.42006735142633517,0.4262095832801189,True,pressure_curvature_r0.1,e3_PSB9,False,False
11,5,4,cell,cell,32,18,26.269570408641606,0.5867901161250333,0.5953701710388717,True,pressure_curvature_r0.1,e3_PSB9,False,False
12,6,5,cell,cell,34,32,30.52120505355922,2.2507383555958587,2.2836486895585733,True,pressure_curvature_r0.1,e3_PSB9,False,False
13,3,7,cell,cell,21,39,40.630236566918136,1.3837460267755,1.4039791843735563,True,pressure_curvature_r0.1,e3_PSB9,False,False
14,7,2,cell,cell,39,16,18.721495775289252,1.0625006487140443,1.078036551009326,True,pressure_curvature_r0.1,e3_PSB9,False,False
15,8,0,cell,cell,24,50,28.284916550608937,0.18130426155972146,0.18395529551129516,True,pressure_curvature_r0.1,e3_PSB9,False,False
16,1,8,cell,cell,38,24,33.428720691105966,0.3155739072595062,0.3201882342211487,True,pressure_curvature_r0.1,e3_PSB9,False,False
17,3,9,cell,cell,21,37,1.0,1.3965200259171255,1.4169399651447503,True,pressure_curvature_r0.1,e3_PSB9,False,False
18,4,9,cell,cell,18,37,46.22854213983791,1.4003870250256505,1.4208635075790592,True,pressure_curvature_r0.1,e3_PSB9,False,False
19,9,7,cell,cell,37,39,6.129688755600806,0.31238817182059475,0.3169559169052498,True,pressure_curvature_r0.1,e3_PSB9,False,False
20,2,8,cell,cell,16,24,5.28730109467216,0.8446427434175864,0.8569931237698584,True,pressure_curvature_r0.1,e3_PSB9,False,False
21,10,5,cell,cell,4,32,19.250588169981974,1.6285141490869561,1.652326310272288,True,pressure_curvature_r0.1,e3_PSB9,False,False
22,6,10,cell,cell,34,4,39.2611565112388,2.9135062553338145,2.956107592635906,True,pressure_curvature_r0.1,e3_PSB9,False,False
23,5,9,cell,cell,32,37,20.124249268759066,1.5586308566222509,1.5814211831337703,True,pressure_curvature_r0.1,e3_PSB9,False,False
24,10,9,cell,cell,4,37,10.414212791279919,0.29837623552429227,0.30273909784155273,True,pressure_curvature_r0.1,e3_PSB9,False,False
25,11,7,cell,cell,25,39,46.91128547509001,0.14875157879970516,0.15092662687830927,True,pressure_curvature_r0.1,e3_PSB9,False,False
26,12,8,cell,cell,6,24,41.35644248310553,1.1110300106953421,1.1272755101349703,True,pressure_curvature_r0.1,e3_PSB9,False,False
27,9,11,cell,cell,37,25,18.90139743953536,0.3738850015824474,0.37935195434269875,True,pressure_curvature_r0.1,e3_PSB9,False,False
28,2,12,cell,cell,16,6,8.084299706426492,1.0536453953034624,1.0690518159349414,True,pressure_curvature_r0.1,e3_PSB9,False,False
29,13,2,cell,cell,46,16,24.854888128667426,1.1905870035037645,1.2079957866257827,True,pressure_curvature_r0.1,e3_PSB9,False,False
30,7,13,cell,cell,39,46,12.34622166975846,0.9107885035424153,0.924106068307977,True,pressure_curvature_r0.1,e3_PSB9,False,False
31,14,9,cell,cell,30,37,44.21150769525131,0.627973927267169,0.6371561725578566,True,pressure_curvature_r0.1,e3_PSB9,False,False
32,15,12,cell,cell,28,6,42.821930121252606,0.9478163740487202,0.9616753609574915,True,pressure_curvature_r0.1,e3_PSB9,False,False
33,2,15,cell,cell,16,28,7.655761409493237,1.2515692504900877,1.269869717049733,True,pressure_curvature_r0.1,e3_PSB9,False,False
34,9,16,cell,cell,37,10,16.302381789883057,0.8155860610430532,0.8275115740985927,True,pressure_curvature_r0.1,e3_PSB9,False,False
35,10,16,cell,cell,4,10,51.27793178695681,1.097360083779818,1.1134057013189502,True,pressure_curvature_r0.1,e3_PSB9,False,False
36,16,14,cell,cell,10,30,43.75862382190012,0.6689748897806964,0.6787566518325207,True,pressure_curvature_r0.1,e3_PSB9,False,False
37,13,15,cell,cell,46,28,71.7549397997133,0.8620264874678085,0.8746310532169717,True,pressure_curvature_r0.1,e3_PSB9,False,False
38,11,13,cell,cell,25,46,69.87592984506377,0.676465440000847,0.6863567290035478,True,pressure_curvature_r0.1,e3_PSB9,False,False
39,0,17,cell,cell,50,49,16.124249268759062,1.1858984657006153,1.203238692944286,True,pressure_curvature_r0.1,e3_PSB9,False,False
40,17,51,cell,outer,49,-1,225.12448474893256,,,False,pressure_curvature_r0.1,e3_PSB9,False,False
41,8,17,cell,cell,24,49,1.0,1.1135055665731768,1.1297872636323463,True,pressure_curvature_r0.1,e3_PSB9,False,False
42,12,17,cell,cell,6,49,26.315192601891983,0.6393401703237627,0.6486886130109463,True,pressure_curvature_r0.1,e3_PSB9,False,False
43,14,11,cell,cell,30,25,36.56731124212688,0.6705651332637804,0.6803701478824702,True,pressure_curvature_r0.1,e3_PSB9,False,False
44,51,10,outer,cell,-1,4,10.0,,,False,pressure_curvature_r0.1,e3_PSB9,False,False
45,18,10,cell,cell,1,4,16.543844368836425,1.1535987566580335,1.1704666970146713,True,pressure_curvature_r0.1,e3_PSB9,False,False
46,51,18,outer,cell,-1,1,26.0,,,False,pressure_curvature_r0.1,e3_PSB9,False,False
47,12,19,cell,cell,6,48,8.309910909188645,0.9378552551890696,0.9515685904509055,True,pressure_curvature_r0.1,e3_PSB9,False,False
48,19,17,cell,cell,48,49,42.80193970373418,0.6892738745740739,0.6993524487218012,True,pressure_curvature_r0.1,e3_PSB9,False,False
49,20,12,cell,cell,17,6,4.178261246664951,0.9972047625834914,1.0117859073372732,True,pressure_curvature_r0.1,e3_PSB9,False,False
50,15,20,cell,cell,28,17,46.29554670576181,0.6981844360190241,0.7083933005455597,True,pressure_curvature_r0.1,e3_PSB9,False,False
51,20,19,cell,cell,17,48,33.92126729100332,0.5976707479050865,0.6064098995991954,True,pressure_curvature_r0.1,e3_PSB9,False,False
52,18,16,cell,cell,1,10,7.0,1.5776268056041682,1.600694891200114,True,pressure_curvature_r0.1,e3_PSB9,False,False
53,18,21,cell,cell,1,7,16.003545535589918,1.7694558907122169,1.7953289044060785,True,pressure_curvature_r0.1,e3_PSB9,False,False
54,21,16,cell,cell,7,10,37.284877387269866,1.3392502420800168,1.3588327815684111,True,pressure_curvature_r0.1,e3_PSB9,False,False
55,22,11,cell,cell,45,25,20.926689315301104,0.5858146885397894,0.5943804807351261,True,pressure_curvature_r0.1,e3_PSB9,False,False
56,23,14,cell,cell,57,30,26.049013953205836,0.6555870320133788,0.6651730365845201,True,pressure_curvature_r0.1,e3_PSB9,False,False
57,16,23,cell,cell,10,57,18.91231461067048,0.8859519214668719,0.8989063253130107,True,pressure_curvature_r0.1,e3_PSB9,False,False
58,14,22,cell,cell,30,45,15.66713626908303,0.5406524533807053,0.5485578826165303,True,pressure_curvature_r0.1,e3_PSB9,False,False
59,22,13,cell,cell,45,46,31.404613908117103,1.023643072032868,1.0386107981905812,True,pressure_curvature_r0.1,e3_PSB9,False,False
60,51,21,outer,cell,-1,7,51.0,,,False,pressure_curvature_r0.1,e3_PSB9,False,False
61,23,22,cell,cell,57,45,48.486543470254716,0.4775658658465609,0.4845488419419953,True,pressure_curvature_r0.1,e3_PSB9,False,False
62,21,23,cell,cell,7,57,38.775107388800365,0.9522807053510853,0.9662049697869916,True,pressure_curvature_r0.1,e3_PSB9,False,False
63,24,19,cell,cell,29,48,12.469331444495035,0.7016559397465059,0.7119155646587345,True,pressure_curvature_r0.1,e3_PSB9,False,False
64,20,24,cell,cell,17,29,17.67370370945393,0.8290134532923337,0.8411353019024139,True,pressure_curvature_r0.1,e3_PSB9,False,False
65,15,24,cell,cell,28,29,51.07937269327826,0.8517901765394493,0.8642450667786356,True,pressure_curvature_r0.1,e3_PSB9,False,False
66,13,24,cell,cell,46,29,22.302381789883057,1.0904103715886058,1.106354370319586,True,pressure_curvature_r0.1,e3_PSB9,False,False
67,22,24,cell,cell,45,29,39.409588894720116,0.5556028413136905,0.563726875372472,True,pressure_curvature_r0.1,e3_PSB9,False,False
68,24,17,cell,cell,29,49,27.56049907917061,0.682799974353985,0.6927838870241778,True,pressure_curvature_r0.1,e3_PSB9,False,False
69,25,23,cell,cell,43,57,25.290120913288142,0.8995844867735038,0.9127382262180672,True,pressure_curvature_r0.1,e3_PSB9,False,False
70,21,25,cell,cell,7,43,25.78861002186468,1.2872903055962452,1.3061130860224142,True,pressure_curvature_r0.1,e3_PSB9,False,False
71,24,26,cell,cell,29,52,34.61966564290402,0.7054679500050078,0.7157833141951337,True,pressure_curvature_r0.1,e3_PSB9,False,False
72,26,17,cell,cell,52,49,32.49593244104752,0.456581547512852,0.46325769055386884,True,pressure_curvature_r0.1,e3_PSB9,False,False
73,24,27,cell,cell,29,20,67.84502022352403,1.1539949257136093,1.1708686588608184,True,pressure_curvature_r0.1,e3_PSB9,False,False
74,27,26,cell,cell,20,52,28.1670772409472,0.3595747579947626,0.3648324661334045,True,pressure_curvature_r0.1,e3_PSB9,False,False
75,23,28,cell,cell,57,58,19.253938024359872,1.0574424307114347,1.0729043716582956,True,pressure_curvature_r0.1,e3_PSB9,False,False
76,28,22,cell,cell,58,45,17.728857568474957,1.1209100655568414,1.1373000313242652,True,pressure_curvature_r0.1,e3_PSB9,False,False
77,25,28,cell,cell,43,58,13.687157309798692,0.397661471181294,0.4034760838785642,True,pressure_curvature_r0.1,e3_PSB9,False,False
78,29,21,cell,cell,9,7,27.38362677996067,2.0707359575716104,2.101014293453189,True,pressure_curvature_r0.1,e3_PSB9,False,False
79,51,29,outer,cell,-1,9,24.0,,,False,pressure_curvature_r0.1,e3_PSB9,False,False
80,29,25,cell,cell,9,43,9.25276365369129,1.0646788093550446,1.0802465607517295,True,pressure_curvature_r0.1,e3_PSB9,False,False
81,30,24,cell,cell,23,29,11.254324200982742,1.655902828984353,1.6801154679062376,True,pressure_curvature_r0.1,e3_PSB9,False,False
82,22,30,cell,cell,45,23,23.0,1.9681830095204458,1.9969618144766133,True,pressure_curvature_r0.1,e3_PSB9,False,True
83,28,30,cell,cell,58,23,29.841535134330304,1.1375525792675465,1.1541858921494124,True,pressure_curvature_r0.1,e3_PSB9,True,True
84,30,27,cell,cell,23,20,18.11984616872248,0.9802214628150887,0.9945542774749805,True,pressure_curvature_r0.1,e3_PSB9,False,False
85,31,25,cell,cell,19,43,34.677363392993776,1.1047162319859294,1.120869411247436,True,pressure_curvature_r0.1,e3_PSB9,False,False
86,29,31,cell,cell,9,19,25.322892618277443,0.3322752973008206,0.3371338322675983,True,pressure_curvature_r0.1,e3_PSB9,False,False
87,31,28,cell,cell,19,58,10.178132521123993,1.1460751937675409,1.162833124461483,True,pressure_curvature_r0.1,e3_PSB9,False,True
88,31,30,cell,cell,19,23,9.264945723584312,0.5657022331144836,0.5739739406494637,True,pressure_curvature_r0.1,e3_PSB9,False,False
89,32,26,cell,cell,14,52,18.43208598431259,0.8371832302877988,0.8494245375140497,True,pressure_curvature_r0.1,e3_PSB9,False,False
90,27,32,cell,cell,20,14,46.57005503964275,1.1062365466349124,1.1224119559627002,True,pressure_curvature_r0.1,e3_PSB9,False,False
91,33,30,cell,cell,26,23,39.909926360498204,0.9425514414767677,0.9563334444532204,True,pressure_curvature_r0.1,e3_PSB9,False,False
92,32,17,cell,cell,14,49,30.0477020163945,0.37949337657219107,0.3850423350855508,True,pressure_curvature_r0.1,e3_PSB9,False,False
93,31,33,cell,cell,19,26,19.352336397025987,1.0426925675273038,1.057938835727447,True,pressure_curvature_r0.1,e3_PSB9,False,False
94,34,27,cell,cell,36,20,25.70740611088073,1.6331219984985412,1.6570015357352068,True,pressure_curvature_r0.1,e3_PSB9,False,False
95,30,34,cell,cell,23,36,27.941564389371607,1.3550893369675754,1.3749034759669128,True,pressure_curvature_r0.1,e3_PSB9,False,False
96,35,29,cell,cell,3,9,40.942324555406806,1.5184843770876673,1.5406876811024912,True,pressure_curvature_r0.1,e3_PSB9,False,True
97,51,35,outer,cell,-1,3,26.0,,,False,pressure_curvature_r0.1,e3_PSB9,False,False
98,33,34,cell,cell,26,36,26.621455176477145,1.0241985616918576,1.0391744102286757,True,pressure_curvature_r0.1,e3_PSB9,False,False
99,35,31,cell,cell,3,19,14.020510384165348,1.6454233180170217,1.6694827253538829,True,pressure_curvature_r0.1,e3_PSB9,False,False
100,34,32,cell,cell,36,14,32.96845856677773,0.9161577205834547,0.9295537941305901,True,pressure_curvature_r0.1,e3_PSB9,False,False
101,31,36,cell,cell,19,22,16.248755988600042,1.8026544288196247,1.8290128720941714,True,pressure_curvature_r0.1,e3_PSB9,False,False
102,36,33,cell,cell,22,26,40.15695378272875,1.0604633239224441,1.075969436420473,True,pressure_curvature_r0.1,e3_PSB9,False,False
103,35,36,cell,cell,3,22,9.947776485841711,1.2197820040157872,1.237617676924663,True,pressure_curvature_r0.1,e3_PSB9,False,False
104,36,34,cell,cell,22,36,15.0,0.7891635359251779,0.8007026983755456,True,pressure_curvature_r0.1,e3_PSB9,False,False
105,35,37,cell,cell,3,2,48.62102886902984,1.4271386730458466,1.4480063186450214,True,pressure_curvature_r0.1,e3_PSB9,False,False
106,37,36,cell,cell,2,22,13.966416435961358,1.4501818057456688,1.4713863884174327,True,pressure_curvature_r0.1,e3_PSB9,False,False
107,51,37,outer,cell,-1,2,15.0,,,False,pressure_curvature_r0.1,e3_PSB9,False,False
108,32,38,cell,cell,14,5,51.42057385722587,0.5476793706442447,0.5556875475820832,True,pressure_curvature_r0.1,e3_PSB9,False,False
109,38,17,cell,cell,5,49,29.43309127323308,0.6476656195474144,0.6571357970926986,True,pressure_curvature_r0.1,e3_PSB9,False,False
110,39,36,cell,cell,33,22,53.10459825632306,0.995115270864097,1.0096658630349336,True,pressure_curvature_r0.1,e3_PSB9,False,False
111,37,39,cell,cell,2,33,17.426536395572356,1.2636398839170704,1.2821168474810147,True,pressure_curvature_r0.1,e3_PSB9,False,False
112,39,34,cell,cell,33,36,15.909007173617912,0.990955948042204,1.0054457225250195,True,pressure_curvature_r0.1,e3_PSB9,False,False
113,34,38,cell,cell,36,5,12.477510804804684,0.8460196923358556,0.8583902064582911,True,pressure_curvature_r0.1,e3_PSB9,False,False
114,40,34,cell,cell,13,36,58.98863609117819,0.6706765969917907,0.6804832414349798,True,pressure_curvature_r0.1,e3_PSB9,False,False
115,41,37,cell,cell,40,2,46.308894406370904,1.1250778055828363,1.1415287121147804,True,pressure_curvature_r0.1,e3_PSB9,False,False
116,51,41,outer,cell,-1,40,16.0,,,False,pressure_curvature_r0.1,e3_PSB9,False,False
117,39,40,cell,cell,33,13,21.431573945732893,0.7363720179512545,0.7471392619409087,True,pressure_curvature_r0.1,e3_PSB9,False,False
118,42,38,cell,cell,15,5,16.593292259461013,1.3790306435879995,1.3991948527740483,True,pressure_curvature_r0.1,e3_PSB9,False,False
119,34,42,cell,cell,36,15,8.603282008518697,1.4908734553536551,1.5126730320080661,True,pressure_curvature_r0.1,e3_PSB9,False,False
120,41,39,cell,cell,40,33,5.0,1.3828348539861561,1.4030546884004134,True,pressure_curvature_r0.1,e3_PSB9,False,False
121,43,38,cell,cell,11,5,39.76960828334568,0.8383102430558526,0.8505680294816891,True,pressure_curvature_r0.1,e3_PSB9,False,False
122,34,44,cell,cell,36,31,4.0,1.4354586665801032,1.456447967264197,True,pressure_curvature_r0.1,e3_PSB9,False,False
123,44,42,cell,cell,31,15,39.411537326177125,0.6134809783803092,0.6224513075294402,True,pressure_curvature_r0.1,e3_PSB9,False,False
124,40,44,cell,cell,13,31,48.401920412824445,1.1165460914269667,1.132872247091514,True,pressure_curvature_r0.1,e3_PSB9,False,False
125,42,43,cell,cell,15,11,19.420248836846206,0.6277717131405565,0.6369510016528951,True,pressure_curvature_r0.1,e3_PSB9,False,False
126,41,45,cell,cell,40,8,45.37274780627719,1.1311594659503785,1.1476992986221586,True,pressure_curvature_r0.1,e3_PSB9,False,False
127,43,17,cell,cell,11,49,21.172323183393587,1.0931218912905882,1.1091055379081016,True,pressure_curvature_r0.1,e3_PSB9,False,False
128,45,39,cell,cell,8,33,11.769267471187364,1.5526808669918413,1.5753841926552503,True,pressure_curvature_r0.1,e3_PSB9,False,False
129,51,45,outer,cell,-1,8,71.12448474893256,,,False,pressure_curvature_r0.1,e3_PSB9,False,False
130,39,44,cell,cell,33,31,23.075131991825113,0.9520037192678852,0.96592393360864,True,pressure_curvature_r0.1,e3_PSB9,False,False
131,46,39,cell,cell,27,33,42.21955775215926,1.3383021786872127,1.3578708555767858,True,pressure_curvature_r0.1,e3_PSB9,False,False
132,45,46,cell,cell,8,27,34.2119147233931,1.661973341827054,1.6862747438894792,True,pressure_curvature_r0.1,e3_PSB9,False,False
133,47,43,cell,cell,12,11,25.834453227735747,0.7630791165317818,0.7742368721645487,True,pressure_curvature_r0.1,e3_PSB9,False,False
134,42,47,cell,cell,15,12,14.288136545449145,1.0584903613036492,1.073967625109195,True,pressure_curvature_r0.1,e3_PSB9,False,False
135,39,48,cell,cell,33,41,18.12437799430002,1.5964266500869955,1.619769627324095,True,pressure_curvature_r0.1,e3_PSB9,False,False
136,48,44,cell,cell,41,31,31.965936134157293,0.8946287864952228,0.907710063607249,True,pressure_curvature_r0.1,e3_PSB9,False,False
137,49,43,cell,cell,56,11,11.124249268759064,0.7864944003870544,0.7979945346928433,True,pressure_curvature_r0.1,e3_PSB9,False,False
138,47,49,cell,cell,12,56,23.507028061166256,0.3655121931335157,0.37085671854828056,True,pressure_curvature_r0.1,e3_PSB9,False,False
139,46,48,cell,cell,27,41,24.015905277879707,1.0443266903069928,1.059596852677812,True,pressure_curvature_r0.1,e3_PSB9,False,False
140,49,17,cell,cell,56,49,19.129688755600803,1.3714983705401518,1.3915524427034378,True,pressure_curvature_r0.1,e3_PSB9,False,False
141,42,50,cell,cell,15,47,15.549369894938117,0.7393818413124373,0.7501930949897299,True,pressure_curvature_r0.1,e3_PSB9,False,False
142,50,47,cell,cell,47,12,12.628760066261393,0.7876536100168856,0.7991706943053127,True,pressure_curvature_r0.1,e3_PSB9,False,False
143,44,50,cell,cell,31,47,8.270256484885097,0.9016892255706621,0.9148737405411975,True,pressure_curvature_r0.1,e3_PSB9,False,False
144,49,51,cell,outer,56,-1,23.0,,,False,pressure_curvature_r0.1,e3_PSB9,False,False
145,47,51,cell,outer,12,-1,17.0,,,False,pressure_curvature_r0.1,e3_PSB9,False,False
146,50,51,cell,outer,47,-1,23.0,,,False,pressure_curvature_r0.1,e3_PSB9,False,False
147,44,51,cell,outer,31,-1,49.0,,,False,pressure_curvature_r0.1,e3_PSB9,False,False
148,48,51,cell,outer,41,-1,53.0,,,False,pressure_curvature_r0.1,e3_PSB9,False,False
149,46,51,cell,outer,27,-1,43.0,,,False,pressure_curvature_r0.1,e3_PSB9,False,False
0,0,51,cell,outer,50,-1,56.124484748932566,,,False,pressure_curvature_r0.01,e3_PSB9,False,False
1,51,1,outer,cell,-1,38,41.0,,,False,pressure_curvature_r0.01,e3_PSB9,False,False
2,51,2,outer,cell,-1,16,44.0,,,False,pressure_curvature_r0.01,e3_PSB9,False,False
3,51,3,outer,cell,-1,21,48.0,,,False,pressure_curvature_r0.01,e3_PSB9,False,False
4,51,4,outer,cell,-1,18,37.0,,,False,pressure_curvature_r0.01,e3_PSB9,False,False
5,51,5,outer,cell,-1,32,38.0,,,False,pressure_curvature_r0.01,e3_PSB9,False,False
6,51,6,outer,cell,-1,34,84.12448474893256,,,False,pressure_curvature_r0.01,e3_PSB9,False,False
7,1,0,cell,cell,38,50,22.814472544778898,0.23080484675542523,0.27127788695474325,True,pressure_curvature_r0.01,e3_PSB9,False,False
8,2,1,cell,cell,16,38,24.47702340316013,0.5184842877473468,0.609403675774539,True,pressure_curvature_r0.01,e3_PSB9,False,False
9,3,2,cell,cell,21,16,19.757076609011087,1.1827984396354836,1.3902093734525929,True,pressure_curvature_r0.01,e3_PSB9,False,False
10,4,3,cell,cell,18,21,22.74385159592907,0.4384476540999548,0.515332129357479,True,pressure_curvature_r0.01,e3_PSB9,False,False
11,5,4,cell,cell,32,18,26.269570408641606,0.7844827308802654,0.9220465712801701,True,pressure_curvature_r0.01,e3_PSB9,False,False
12,6,5,cell,cell,34,32,30.52120505355922,5.644109142633023,6.633838168822787,True,pressure_curvature_r0.01,e3_PSB9,False,False
13,3,7,cell,cell,21,39,40.630236566918136,1.6939711877950472,1.9910193864958567,True,pressure_curvature_r0.01,e3_PSB9,False,False
14,7,2,cell,cell,39,16,18.721495775289252,1.1700836193938173,1.375264931788317,True,pressure_curvature_r0.01,e3_PSB9,False,False
15,8,0,cell,cell,24,50,28.284916550608937,0.09816604550995633,0.11538006142853303,True,pressure_curvature_r0.01,e3_PSB9,False,False
16,1,8,cell,cell,38,24,33.428720691105966,0.16954275793733398,0.19927311652366062,True,pressure_curvature_r0.01,e3_PSB9,False,False
17,3,9,cell,cell,21,37,1.0,1.9207391558082125,2.2575525033537516,True,pressure_curvature_r0.01,e3_PSB9,False,False
18,4,9,cell,cell,18,37,46.22854213983791,2.1633230279035347,2.5426749397168513,True,pressure_curvature_r0.01,e3_PSB9,False,False
19,9,7,cell,cell,37,39,6.129688755600806,0.17614426469781558,0.20703223783274902,True,pressure_curvature_r0.01,e3_PSB9,False,False
20,2,8,cell,cell,16,24,5.28730109467216,0.6478857064506054,0.7614964239479083,True,pressure_curvature_r0.01,e3_PSB9,False,False
21,10,5,cell,cell,4,32,19.250588169981974,3.0642302105404986,3.6015617017746844,True,pressure_curvature_r0.01,e3_PSB9,False,False
22,6,10,cell,cell,34,4,39.2611565112388,6.9006123109151005,8.110676845458983,True,pressure_curvature_r0.01,e3_PSB9,False,False
23,5,9,cell,cell,32,37,20.124249268759066,2.6713965236783688,3.1398422275319064,True,pressure_curvature_r0.01,e3_PSB9,False,False
24,10,9,cell,cell,4,37,10.414212791279919,0.33371908958336693,0.39223877111457783,True,pressure_curvature_r0.01,e3_PSB9,False,False
25,11,7,cell,cell,25,39,46.91128547509001,0.10005703874224414,0.11760265187891619,True,pressure_curvature_r0.01,e3_PSB9,False,False
26,12,8,cell,cell,6,24,41.35644248310553,0.8610248934339473,1.0120108697444579,True,pressure_curvature_r0.01,e3_PSB9,False,False
27,9,11,cell,cell,37,25,18.90139743953536,0.20892627475450531,0.24556277366561016,True,pressure_curvature_r0.01,e3_PSB9,False,False
28,2,12,cell,cell,16,6,8.084299706426492,0.8531462221755941,1.0027506253387504,True,pressure_curvature_r0.01,e3_PSB9,False,False
29,13,2,cell,cell,46,16,24.854888128667426,1.129109585964088,1.3271058512270302,True,pressure_curvature_r0.01,e3_PSB9,False,False
30,7,13,cell,cell,39,46,12.34622166975846,0.7414583133458847,0.8714775592327182,True,pressure_curvature_r0.01,e3_PSB9,False,False
31,14,9,cell,cell,30,37,44.21150769525131,0.5601011861839074,0.6583183516497974,True,pressure_curvature_r0.01,e3_PSB9,False,False
32,15,12,cell,cell,28,6,42.821930121252606,0.7391781961004367,0.8687976094957455,True,pressure_curvature_r0.01,e3_PSB9,False,False
33,2,15,cell,cell,16,28,7.655761409493237,1.0715479137602433,1.2594503880747012,True,pressure_curvature_r0.01,e3_PSB9,False,False
34,9,16,cell,cell,37,10,16.302381789883057,0.7940519167876892,0.9332937724084627,True,pressure_curvature_r0.01,e3_PSB9,False,False
35,10,16,cell,cell,4,10,51.27793178695681,1.1391604468071572,1.3389191919341827,True,pressure_curvature_r0.01,e3_PSB9,False,False
36,16,14,cell,cell,10,30,43.75862382190012,0.6008567407442449,0.706220641736941,True,pressure_curvature_r0.01,e3_PSB9,False,False
37,13,15,cell,cell,46,28,71.7549397997133,0.6832443042082478,0.8030553678791864,True,pressure_curvature_r0.01,e3_PSB9,False,False
38,11,13,cell,cell,25,46,69.87592984506377,0.49205465907022927,0.578339450212047,True,pressure_curvature_r0.01,e3_PSB9,False,False
39,0,17,cell,cell,50,49,16.124249268759062,0.961706707784685,1.1303478554524753,True,pressure_curvature_r0.01,e3_PSB9,False,False
40,17,51,cell,outer,49,-1,225.12448474893256,,,False,pressure_curvature_r0.01,e3_PSB9,False,False
41,8,17,cell,cell,24,49,1.0,0.8853654021559416,1.0406196354022395,True,pressure_curvature_r0.01,e3_PSB9,False,False
42,12,17,cell,cell,6,49,26.315192601891983,0.4698635767545756,0.5522570260149139,True,pressure_curvature_r0.01,e3_PSB9,False,False
43,14,11,cell,cell,30,25,36.56731124212688,0.5416574808683366,0.6366404299078599,True,pressure_curvature_r0.01,e3_PSB9,False,False
44,51,10,outer,cell,-1,4,10.0,,,False,pressure_curvature_r0.01,e3_PSB9,False,False
45,18,10,cell,cell,1,4,16.543844368836425,1.3090198991714448,1.5385645371877077,True,pressure_curvature_r0.01,e3_PSB9,False,False
46,51,18,outer,cell,-1,1,26.0,,,False,pressure_curvature_r0.01,e3_PSB9,False,False
47,12,19,cell,cell,6,48,8.309910909188645,0.697971310839838,0.8203648451122176,True,pressure_curvature_r0.01,e3_PSB9,False,False
48,19,17,cell,cell,48,49,42.80193970373418,0.5087711766643126,0.5979873113116455,True,pressure_curvature_r0.01,e3_PSB9,False,False
49,20,12,cell,cell,17,6,4.178261246664951,0.7622384766454429,0.8959016511429376,True,pressure_curvature_r0.01,e3_PSB9,False,False
50,15,20,cell,cell,28,17,46.29554670576181,0.5264934361235786,0.6188172772580187,True,pressure_curvature_r0.01,e3_PSB9,False,False
51,20,19,cell,cell,17,48,33.92126729100332,0.4457074028698118,0.5238649194344396,True,pressure_curvature_r0.01,e3_PSB9,False,False
52,18,16,cell,cell,1,10,7.0,1.7241498301057245,2.026490038140702,True,pressure_curvature_r0.01,e3_PSB9,False,False
53,18,21,cell,cell,1,7,16.003545535589918,1.9639315258709564,2.3083189194316804,True,pressure_curvature_r0.01,e3_PSB9,False,False
54,21,16,cell,cell,7,10,37.284877387269866,1.4181639199800828,1.6668476289638812,True,pressure_curvature_r0.01,e3_PSB9,False,False
55,22,11,cell,cell,45,25,20.926689315301104,0.40732505268865005,0.4787519896156995,True,pressure_curvature_r0.01,e3_PSB9,False,False
56,23,14,cell,cell,57,30,26.049013953205836,0.5127423592925514,0.6026548650794464,True,pressure_curvature_r0.01,e3_PSB9,False,False
57,16,23,cell,cell,10,57,18.91231461067048,0.8571014310608953,1.0073994042701828,True,pressure_curvature_r0.01,e3_PSB9,False,False
58,14,22,cell,cell,30,45,15.66713626908303,0.4233833938759962,0.4976262590538875,True,pressure_curvature_r0.01,e3_PSB9,False,False
59,22,13,cell,cell,45,46,31.404613908117103,0.7565992560012444,0.8892735587006209,True,pressure_curvature_r0.01,e3_PSB9,False,False
60,51,21,outer,cell,-1,7,51.0,,,False,pressure_curvature_r0.01,e3_PSB9,False,False
61,23,22,cell,cell,57,45,48.486543470254716,0.35372368719965297,0.4157512971599106,True,pressure_curvature_r0.01,e3_PSB9,False,False
62,21,23,cell,cell,7,57,38.775107388800365,0.9681499691224097,1.137920982036976,True,pressure_curvature_r0.01,e3_PSB9,False,False
63,24,19,cell,cell,29,48,12.469331444495035,0.5064363070344569,0.5952430080250978,True,pressure_curvature_r0.01,e3_PSB9,False,False
64,20,24,cell,cell,17,29,17.67370370945393,0.6070151630038517,0.713458980970482,True,pressure_curvature_r0.01,e3_PSB9,False,False
65,15,24,cell,cell,28,29,51.07937269327826,0.5985589893904845,0.7035199656430111,True,pressure_curvature_r0.01,e3_PSB9,False,False
66,13,24,cell,cell,46,29,22.302381789883057,0.8010292274439398,0.941494597122773,True,pressure_curvature_r0.01,e3_PSB9,False,False
67,22,24,cell,cell,45,29,39.409588894720116,0.4358543067989965,0.5122840227607868,True,pressure_curvature_r0.01,e3_PSB9,False,False
68,24,17,cell,cell,29,49,27.56049907917061,0.4937783582926315,0.58036541062567,True,pressure_curvature_r0.01,e3_PSB9,False,False
69,25,23,cell,cell,43,57,25.290120913288142,0.8345584275528228,0.9809033473491446,True,pressure_curvature_r0.01,e3_PSB9,False,False
70,21,25,cell,cell,7,43,25.78861002186468,1.3415621504116813,1.5768132710306169,True,pressure_curvature_r0.01,e3_PSB9,False,False
71,24,26,cell,cell,29,52,34.61966564290402,0.5831148349060962,0.6853675842990999,True,pressure_curvature_r0.01,e3_PSB9,False,False
72,26,17,cell,cell,52,49,32.49593244104752,0.3129190889435907,0.36779136326531797,True,pressure_curvature_r0.01,e3_PSB9,False,False
73,24,27,cell,cell,29,20,67.84502022352403,1.0150599283162598,1.1930568892162812,True,pressure_curvature_r0.01,e3_PSB9,False,False
74,27,26,cell,cell,20,52,28.1670772409472,0.2691823486179299,0.31638511827252436,True,pressure_curvature_r0.01,e3_PSB9,False,False
75,23,28,cell,cell,57,58,19.253938024359872,0.9520730104512113,1.1190248304253811,True,pressure_curvature_r0.01,e3_PSB9,False,False
76,28,22,cell,cell,58,45,17.728857568474957,0.9981776268768208,1.1732141730610306,True,pressure_curvature_r0.01,e3_PSB9,False,False
77,25,28,cell,cell,43,58,13.687157309798692,0.34262705341384403,0.40270880083436883,True,pressure_curvature_r0.01,e3_PSB9,False,False
78,29,21,cell,cell,9,7,27.38362677996067,2.1605280006049883,2.539389787302639,True,pressure_curvature_r0.01,e3_PSB9,False,False
79,51,29,outer,cell,-1,9,24.0,,,False,pressure_curvature_r0.01,e3_PSB9,False,False
80,29,25,cell,cell,9,43,9.25276365369129,1.027260686956844,1.2073971254365792,True,pressure_curvature_r0.01,e3_PSB9,False,False
81,30,24,cell,cell,23,29,11.254324200982742,1.5313956342601087,1.799935216239284,True,pressure_curvature_r0.01,e3_PSB9,False,False
82,22,30,cell,cell,45,23,23.0,1.8368869257416989,2.158996272370478,True,pressure_curvature_r0.01,e3_PSB9,False,True
83,28,30,cell,cell,58,23,29.841535134330304,1.0768544295609992,1.2656874338463027,True,pressure_curvature_r0.01,e3_PSB9,True,True
84,30,27,cell,cell,23,20,18.11984616872248,0.871544110213801,1.0243746954637742,True,pressure_curvature_r0.01,e3_PSB9,False,False
85,31,25,cell,cell,19,43,34.677363392993776,1.040745745416423,1.2232468712967788,True,pressure_curvature_r0.01,e3_PSB9,False,False
86,29,31,cell,cell,9,19,25.322892618277443,0.2634167381719379,0.30960847280437137,True,pressure_curvature_r0.01,e3_PSB9,False,False
87,31,28,cell,cell,19,58,10.178132521123993,1.0728402893264466,1.2609693895934306,True,pressure_curvature_r0.01,e3_PSB9,False,True
88,31,30,cell,cell,19,23,9.264945723584312,0.5015274954891733,0.5894734063803165,True,pressure_curvature_r0.01,e3_PSB9,False,False
89,32,26,cell,cell,14,52,18.43208598431259,0.6671948712445643,0.7841915687761136,True,pressure_curvature_r0.01,e3_PSB9,False,False
90,27,32,cell,cell,20,14,46.57005503964275,0.9442346343445713,1.109811947172461,True,pressure_curvature_r0.01,e3_PSB9,False,False
91,33,30,cell,cell,26,23,39.909926360498204,0.8722781808806827,1.0252374899075933,True,pressure_curvature_r0.01,e3_PSB9,False,False
92,32,17,cell,cell,14,49,30.0477020163945,0.24857891818720868,0.29216875041960916,True,pressure_curvature_r0.01,e3_PSB9,False,False
93,31,33,cell,cell,19,26,19.352336397025987,1.0082149692000124,1.1850116246932407,True,pressure_curvature_r0.01,e3_PSB9,False,False
94,34,27,cell,cell,36,20,25.70740611088073,1.4488933100241332,1.702965605322461,True,pressure_curvature_r0.01,e3_PSB9,False,False
95,30,34,cell,cell,23,36,27.941564389371607,1.2347332112396376,1.4512512246021982,True,pressure_curvature_r0.01,e3_PSB9,False,False
96,35,29,cell,cell,3,9,40.942324555406806,1.655776325132238,1.9461268212774447,True,pressure_curvature_r0.01,e3_PSB9,False,True
97,51,35,outer,cell,-1,3,26.0,,,False,pressure_curvature_r0.01,e3_PSB9,False,False
98,33,34,cell,cell,26,36,26.621455176477145,0.9263721501835476,1.0888171672660414,True,pressure_curvature_r0.01,e3_PSB9,False,False
99,35,31,cell,cell,3,19,14.020510384165348,1.7169885736732398,2.018073011634304,True,pressure_curvature_r0.01,e3_PSB9,False,False
100,34,32,cell,cell,36,14,32.96845856677773,0.7821117040203849,0.9192597703723758,True,pressure_curvature_r0.01,e3_PSB9,False,False
101,31,36,cell,cell,19,22,16.248755988600042,1.8177316577323384,2.1364820110684284,True,pressure_curvature_r0.01,e3_PSB9,False,False
102,36,33,cell,cell,22,26,40.15695378272875,1.0301177982789325,1.2107552486872228,True,pressure_curvature_r0.01,e3_PSB9,False,False
103,35,36,cell,cell,3,22,9.947776485841711,1.2422154291584708,1.460045495152794,True,pressure_curvature_r0.01,e3_PSB9,False,False
104,36,34,cell,cell,22,36,15.0,0.6822810401469376,0.8019231895787516,True,pressure_curvature_r0.01,e3_PSB9,False,False
105,35,37,cell,cell,3,2,48.62102886902984,1.496815252827214,1.7592909536205477,True,pressure_curvature_r0.01,e3_PSB9,False,False
106,37,36,cell,cell,2,22,13.966416435961358,1.4740723371256081,1.732559928681287,True,pressure_curvature_r0.01,e3_PSB9,False,False
107,51,37,outer,cell,-1,2,15.0,,,False,pressure_curvature_r0.01,e3_PSB9,False,False
108,32,38,cell,cell,14,5,51.42057385722587,0.40623140995192475,0.4774665699424436,True,pressure_curvature_r0.01,e3_PSB9,False,False
109,38,17,cell,cell,5,49,29.43309127323308,0.46773557036352154,0.5497558607001185,True,pressure_curvature_r0.01,e3_PSB9,False,False
110,39,36,cell,cell,33,22,53.10459825632306,0.9280163051718726,1.0907496348780907,True,pressure_curvature_r0.01,e3_PSB9,False,False
111,37,39,cell,cell,2,33,17.426536395572356,1.2950956279164398,1.522198559884618,True,pressure_curvature_r0.01,e3_PSB9,False,False
112,39,34,cell,cell,33,36,15.909007173617912,0.8693902711804418,1.0218431675949964,True,pressure_curvature_r0.01,e3_PSB9,False,False
113,34,38,cell,cell,36,5,12.477510804804684,0.7118277512405654,0.8366510970062555,True,pressure_curvature_r0.01,e3_PSB9,False,False
114,40,34,cell,cell,13,36,58.98863609117819,0.5595027136659645,0.6576149333188988,True,pressure_curvature_r0.01,e3_PSB9,False,False
115,41,37,cell,cell,40,2,46.308894406370904,1.1673423094789412,1.3720429164292387,True,pressure_curvature_r0.01,e3_PSB9,False,False
116,51,41,outer,cell,-1,40,16.0,,,False,pressure_curvature_r0.01,e3_PSB9,False,False
117,39,40,cell,cell,33,13,21.431573945732893,0.638624646602813,0.7506113806665914,True,pressure_curvature_r0.01,e3_PSB9,False,False
118,42,38,cell,cell,15,5,16.593292259461013,1.1587085600561045,1.3618951862890403,True,pressure_curvature_r0.01,e3_PSB9,False,False
119,34,42,cell,cell,36,15,8.603282008518697,1.2777210704844708,1.501777267640643,True,pressure_curvature_r0.01,e3_PSB9,False,False
120,41,39,cell,cell,40,33,5.0,1.4315732867786188,1.6826084101677639,True,pressure_curvature_r0.01,e3_PSB9,False,False
121,43,38,cell,cell,11,5,39.76960828334568,0.6975281038974563,0.8198439191242969,True,pressure_curvature_r0.01,e3_PSB9,False,False
122,34,44,cell,cell,36,31,4.0,1.2670428629604498,1.489226571178665,True,pressure_curvature_r0.01,e3_PSB9,False,False
123,44,42,cell,cell,31,15,39.411537326177125,0.46748109913963376,0.5494567663921891,True,pressure_curvature_r0.01,e3_PSB9,False,False
124,40,44,cell,cell,13,31,48.401920412824445,0.9985296892137209,1.1736279716799642,True,pressure_curvature_r0.01,e3_PSB9,False,False
125,42,43,cell,cell,15,11,19.420248836846206,0.4803969611848474,0.5646375037687199,True,pressure_curvature_r0.01,e3_PSB9,False,False
126,41,45,cell,cell,40,8,45.37274780627719,1.1761564840498444,1.3824027103696952,True,pressure_curvature_r0.01,e3_PSB9,False,False
127,43,17,cell,cell,11,49,21.172323183393587,0.8484657252363226,0.9972493746612496,True,pressure_curvature_r0.01,e3_PSB9,False,False
128,45,39,cell,cell,8,33,11.769267471187364,1.6236168216934428,1.9083279524017196,True,pressure_curvature_r0.01,e3_PSB9,False,False
129,51,45,outer,cell,-1,8,71.12448474893256,,,False,pressure_curvature_r0.01,e3_PSB9,False,False
130,39,44,cell,cell,33,31,23.075131991825113,0.8860916482545576,1.0414732331919359,True,pressure_curvature_r0.01,e3_PSB9,False,False
131,46,39,cell,cell,27,33,42.21955775215926,1.3596931269881534,1.5981236251381425,True,pressure_curvature_r0.01,e3_PSB9,False,False
132,45,46,cell,cell,8,27,34.2119147233931,1.7829178183983356,2.095563352279093,True,pressure_curvature_r0.01,e3_PSB9,False,False
133,47,43,cell,cell,12,11,25.834453227735747,0.5833528502493286,0.6856473370871482,True,pressure_curvature_r0.01,e3_PSB9,False,False
134,42,47,cell,cell,15,12,14.288136545449145,0.801084518736087,0.9415595840808526,True,pressure_curvature_r0.01,e3_PSB9,False,False
135,39,48,cell,cell,33,41,18.12437799430002,1.5559133724267653,1.8287522896078003,True,pressure_curvature_r0.01,e3_PSB9,False,False
136,48,44,cell,cell,41,31,31.965936134157293,0.8448386140809804,0.9929862274015482,True,pressure_curvature_r0.01,e3_PSB9,False,False
137,49,43,cell,cell,56,11,11.124249268759064,0.5928325418108268,0.6967893504891068,True,pressure_curvature_r0.01,e3_PSB9,False,False
138,47,49,cell,cell,12,56,23.507028061166256,0.23431183755006602,0.27539985001450523,True,pressure_curvature_r0.01,e3_PSB9,False,False
139,46,48,cell,cell,27,41,24.015905277879707,1.0172979166761884,1.1956873225102322,True,pressure_curvature_r0.01,e3_PSB9,False,False
140,49,17,cell,cell,56,49,19.129688755600803,1.0857624615474841,1.2761575436736738,True,pressure_curvature_r0.01,e3_PSB9,False,False
141,42,50,cell,cell,15,47,15.549369894938117,0.5409086581480784,0.635760296547963,True,pressure_curvature_r0.01,e3_PSB9,False,False
142,50,47,cell,cell,47,12,12.628760066261393,0.5760860920503221,0.677106308434806,True,pressure_curvature_r0.01,e3_PSB9,False,False
143,44,50,cell,cell,31,47,8.270256484885097,0.6674284939382005,0.784466158636618,True,pressure_curvature_r0.01,e3_PSB9,False,False
144,49,51,cell,outer,56,-1,23.0,,,False,pressure_curvature_r0.01,e3_PSB9,False,False
145,47,51,cell,outer,12,-1,17.0,,,False,pressure_curvature_r0.01,e3_PSB9,False,False
146,50,51,cell,outer,47,-1,23.0,,,False,pressure_curvature_r0.01,e3_PSB9,False,False
147,44,51,cell,outer,31,-1,49.0,,,False,pressure_curvature_r0.01,e3_PSB9,False,False
148,48,51,cell,outer,41,-1,53.0,,,False,pressure_curvature_r0.01,e3_PSB9,False,False
149,46,51,cell,outer,27,-1,43.0,,,False,pressure_curvature_r0.01,e3_PSB9,False,False
0,0,53,cell,outer,19,-1,53.124484748932566,,,False,tension_only_r0.1,e4_PSB11,False,False
1,53,1,outer,cell,-1,33,61.0,,,False,tension_only_r0.1,e4_PSB11,False,False
2,53,2,outer,cell,-1,26,63.0,,,False,tension_only_r0.1,e4_PSB11,False,False
3,53,3,outer,cell,-1,30,41.0,,,False,tension_only_r0.1,e4_PSB11,False,False
4,53,4,outer,cell,-1,57,62.12448474893257,,,False,tension_only_r0.1,e4_PSB11,False,False
5,1,0,cell,cell,33,19,3.1836008691813857,0.7502489554265229,0.7846829595965092,True,tension_only_r0.1,e4_PSB11,False,False
6,2,1,cell,cell,26,33,4.0,0.9209364718553008,0.9632044818042512,True,tension_only_r0.1,e4_PSB11,False,False
7,3,2,cell,cell,30,26,19.092745725494925,1.027583085254065,1.0747458303491648,True,tension_only_r0.1,e4_PSB11,False,False
8,4,3,cell,cell,57,30,17.25264479562045,0.40540951855954527,0.42401650621565634,True,tension_only_r0.1,e4_PSB11,False,False
9,1,5,cell,cell,33,27,34.408415138776114,1.0673932717491854,1.1163831758397968,True,tension_only_r0.1,e4_PSB11,False,False
10,5,0,cell,cell,27,19,46.07829211230094,1.0191436973819834,1.0659191018282526,True,tension_only_r0.1,e4_PSB11,False,False
11,6,1,cell,cell,8,33,27.577359975558654,0.8659565402311201,0.9057011488729187,True,tension_only_r0.1,e4_PSB11,False,False
12,2,6,cell,cell,26,8,41.73620659495048,1.0147826131720814,1.0613578579369765,True,tension_only_r0.1,e4_PSB11,False,False
13,7,4,cell,cell,1,57,50.450567176258275,1.3826422704083736,1.4461010854596716,True,tension_only_r0.1,e4_PSB11,False,False
14,53,7,outer,cell,-1,1,22.0,,,False,tension_only_r0.1,e4_PSB11,False,False
15,6,5,cell,cell,8,27,38.07397869025032,0.34251965463114453,0.3582402006319929,True,tension_only_r0.1,e4_PSB11,False,False
16,3,8,cell,cell,30,43,26.775946181585294,1.7470272841027563,1.8272101945230372,True,tension_only_r0.1,e4_PSB11,False,False
17,4,8,cell,cell,57,43,17.428849416646923,1.6570029146422718,1.7330539972326287,True,tension_only_r0.1,e4_PSB11,False,False
18,8,2,cell,cell,43,26,36.569432654761336,1.4998594713070446,1.5686981773336581,True,tension_only_r0.1,e4_PSB11,False,False
19,7,8,cell,cell,1,43,17.943756661737783,0.7974343415171621,0.834034002526329,True,tension_only_r0.1,e4_PSB11,False,False
20,5,53,cell,outer,27,-1,37.0,,,False,tension_only_r0.1,e4_PSB11,False,False
21,9,6,cell,cell,20,8,42.201015589329245,0.7777125874871265,0.8134070836765388,True,tension_only_r0.1,e4_PSB11,False,False
22,2,9,cell,cell,26,20,25.248578500560676,1.2595825304727417,1.317393300875058,True,tension_only_r0.1,e4_PSB11,False,False
23,10,7,cell,cell,18,1,38.159805591564016,1.9036087489969156,1.9909782429853706,True,tension_only_r0.1,e4_PSB11,False,False
24,53,10,outer,cell,-1,18,40.0,,,False,tension_only_r0.1,e4_PSB11,False,False
25,7,11,cell,cell,1,53,2.0,1.5228813784444886,1.59277671566084,True,tension_only_r0.1,e4_PSB11,False,False
26,11,8,cell,cell,53,43,54.73423177982343,1.4478913266636504,1.5143448626791445,True,tension_only_r0.1,e4_PSB11,False,False
27,10,11,cell,cell,18,53,44.012289527057185,0.6351607917684564,0.6643126208968728,True,tension_only_r0.1,e4_PSB11,False,False
28,8,9,cell,cell,43,20,9.342863817731168,1.1236474269117742,1.1752192150549219,True,tension_only_r0.1,e4_PSB11,False,False
29,9,5,cell,cell,20,27,3.642274006136114,0.9944806959075383,1.0401241482338173,True,tension_only_r0.1,e4_PSB11,False,False
30,12,5,cell,cell,5,27,46.98143069908099,1.1047609390593036,1.1554658984028048,True,tension_only_r0.1,e4_PSB11,False,False
31,9,12,cell,cell,20,5,16.101029664490742,0.5788101732734656,0.6053756909939112,True,tension_only_r0.1,e4_PSB11,False,False
32,13,9,cell,cell,35,20,26.766380679278164,1.0198504026582236,1.0666582425944098,True,tension_only_r0.1,e4_PSB11,False,False
33,8,13,cell,cell,43,35,39.856901886942765,0.6522416352460032,0.6821774199284775,True,tension_only_r0.1,e4_PSB11,False,False
34,9,14,cell,cell,20,24,33.638079706484376,1.0223209205160215,1.0692421492434911,True,tension_only_r0.1,e4_PSB11,False,False
35,14,12,cell,cell,24,5,30.558910671260772,0.8234636481037987,0.8612579702252047,True,tension_only_r0.1,e4_PSB11,False,False
36,5,15,cell,cell,27,22,33.29826714363955,1.1432779393444448,1.1957507046126872,True,tension_only_r0.1,e4_PSB11,False,False
37,15,53,cell,outer,22,-1,46.0,,,False,tension_only_r0.1,e4_PSB11,False,False
38,13,14,cell,cell,35,24,19.618572379333173,0.8635589040288613,0.9031934689119988,True,tension_only_r0.1,e4_PSB11,False,False
39,11,13,cell,cell,53,35,7.851153477029276,1.2057643778534501,1.2611050688530432,True,tension_only_r0.1,e4_PSB11,False,False
40,12,15,cell,cell,5,22,16.38584513796548,0.7001931036429029,0.7323297058683981,True,tension_only_r0.1,e4_PSB11,False,False
41,16,11,cell,cell,14,53,23.95146935262323,1.1243181866450032,1.1759207604937276,True,tension_only_r0.1,e4_PSB11,False,False
42,10,16,cell,cell,18,14,17.564166420508393,0.8181836083846932,0.8557355937345644,True,tension_only_r0.1,e4_PSB11,False,False
43,17,10,cell,cell,48,18,42.78905023002095,0.6689196101599872,0.6996208600304917,True,tension_only_r0.1,e4_PSB11,False,False
44,53,17,outer,cell,-1,48,12.0,,,False,tension_only_r0.1,e4_PSB11,False,False
45,18,13,cell,cell,28,35,43.64469224648817,1.0381430682006842,1.085790482410201,True,tension_only_r0.1,e4_PSB11,False,False
46,11,18,cell,cell,53,28,9.180742436470204,0.894094984524026,0.9351310568874476,True,tension_only_r0.1,e4_PSB11,False,False
47,17,16,cell,cell,48,14,11.386687866604657,0.4759232347779505,0.4977665742886609,True,tension_only_r0.1,e4_PSB11,False,False
48,11,19,cell,cell,53,10,6.0,1.405585484908665,1.4700973194117888,True,tension_only_r0.1,e4_PSB11,False,False
49,19,18,cell,cell,10,28,38.460177512325785,1.2409083287399014,1.297862013589897,True,tension_only_r0.1,e4_PSB11,False,False
50,16,19,cell,cell,14,10,35.59806984918406,0.754619153514319,0.7892537356632421,True,tension_only_r0.1,e4_PSB11,False,False
51,18,14,cell,cell,28,24,32.90968968352834,1.0615237615052702,1.110244274030918,True,tension_only_r0.1,e4_PSB11,False,False
52,20,17,cell,cell,46,48,31.597076155891145,0.4626954133902108,0.48393163861768124,True,tension_only_r0.1,e4_PSB11,False,False
53,53,20,outer,cell,-1,46,36.0,,,False,tension_only_r0.1,e4_PSB11,False,False
54,12,21,cell,cell,5,31,28.0,0.44103331414444036,0.46127531897298274,True,tension_only_r0.1,e4_PSB11,False,False
55,17,22,cell,cell,48,49,13.695525301297291,0.5259485294329042,0.5500878684145823,True,tension_only_r0.1,e4_PSB11,False,False
56,21,15,cell,cell,31,22,26.75708715821648,0.7141348461181398,0.7469113292992255,True,tension_only_r0.1,e4_PSB11,False,False
57,14,21,cell,cell,24,31,29.140751295318903,0.7118577502896443,0.7445297221259467,True,tension_only_r0.1,e4_PSB11,False,False
58,22,16,cell,cell,49,14,29.161778373383545,0.35180021564851705,0.36794670942904656,True,tension_only_r0.1,e4_PSB11,False,False
59,20,22,cell,cell,46,49,23.698851458103384,0.3536160145011783,0.3698458475850313,True,tension_only_r0.1,e4_PSB11,False,False
60,22,19,cell,cell,49,10,8.603282008518697,0.929201278084551,0.9718486159487271,True,tension_only_r0.1,e4_PSB11,False,False
61,23,15,cell,cell,6,22,22.979517944203657,1.1485306068806005,1.201244452625577,True,tension_only_r0.1,e4_PSB11,False,False
62,24,18,cell,cell,34,28,12.448546592765698,1.484441107664127,1.5525721605922131,True,tension_only_r0.1,e4_PSB11,False,False
63,21,23,cell,cell,31,6,18.253601270935746,0.8472914953280373,0.8861794386864296,True,tension_only_r0.1,e4_PSB11,False,False
64,19,24,cell,cell,10,34,47.993476264994854,0.773250799143204,0.8087405136567087,True,tension_only_r0.1,e4_PSB11,False,False
65,23,53,cell,outer,6,-1,30.0,,,False,tension_only_r0.1,e4_PSB11,False,False
66,25,21,cell,cell,55,31,18.835626061916667,1.064126915359097,1.112966904239906,True,tension_only_r0.1,e4_PSB11,False,False
67,14,25,cell,cell,24,55,21.11793475233115,0.9343282897296182,0.9772109408709256,True,tension_only_r0.1,e4_PSB11,False,False
68,26,14,cell,cell,13,24,19.624246775275708,2.279726730358673,2.3843588250411263,True,tension_only_r0.1,e4_PSB11,False,False
69,18,26,cell,cell,28,13,20.25393802435987,1.703041347176897,1.7812054451422312,True,tension_only_r0.1,e4_PSB11,False,False
70,24,26,cell,cell,34,13,41.84683593512055,0.5628753750206245,0.5887095369617417,True,tension_only_r0.1,e4_PSB11,False,False
71,22,27,cell,cell,49,36,30.86122213052211,1.1548205358333004,1.2078230690042568,True,tension_only_r0.1,e4_PSB11,False,False
72,27,19,cell,cell,36,10,33.45295536769949,1.116414417542762,1.1676542339144427,True,tension_only_r0.1,e4_PSB11,False,True
73,20,27,cell,cell,46,36,23.854558015273895,1.2638618768766483,1.321869055459011,True,tension_only_r0.1,e4_PSB11,False,False
74,25,23,cell,cell,55,6,29.414685784470443,0.5080947585622491,0.5314146671186485,True,tension_only_r0.1,e4_PSB11,False,False
75,28,14,cell,cell,4,24,17.250588169981974,1.8738550734390438,1.9598589698071067,True,tension_only_r0.1,e4_PSB11,False,False
76,26,28,cell,cell,13,4,29.936701982067177,0.8901629140783436,0.9310185171066944,True,tension_only_r0.1,e4_PSB11,False,False
77,28,25,cell,cell,4,55,41.337999100139896,1.1585426684761848,1.2117160355150451,True,tension_only_r0.1,e4_PSB11,False,False
78,53,27,outer,cell,-1,36,42.0,,,False,tension_only_r0.1,e4_PSB11,False,False
79,27,24,cell,cell,36,34,7.124377994300021,1.2301107253053059,1.2865688350278675,True,tension_only_r0.1,e4_PSB11,False,False
80,29,23,cell,cell,2,6,21.401243387140617,1.5437077522053233,1.6145589527197695,True,tension_only_r0.1,e4_PSB11,False,False
81,25,29,cell,cell,55,2,18.0,1.2416606459014414,1.2986488596795884,True,tension_only_r0.1,e4_PSB11,False,False
82,28,29,cell,cell,4,2,17.975876996514067,0.4611068934212529,0.4822702107121783,True,tension_only_r0.1,e4_PSB11,False,False
83,29,53,cell,outer,2,-1,25.0,,,False,tension_only_r0.1,e4_PSB11,False,False
84,24,30,cell,cell,34,16,19.51762352603013,1.4541156513712332,1.5208548637897212,True,tension_only_r0.1,e4_PSB11,False,False
85,30,26,cell,cell,16,13,34.895259080130934,1.0300731438819766,1.077350174626602,True,tension_only_r0.1,e4_PSB11,False,False
86,31,24,cell,cell,12,34,6.760914487355245,1.6776035182551667,1.7546001020229394,True,tension_only_r0.1,e4_PSB11,False,False
87,27,31,cell,cell,36,12,63.5557650084295,1.42534396411749,1.490762649007473,True,tension_only_r0.1,e4_PSB11,False,False
88,32,28,cell,cell,3,4,1.4169730060943293,1.463770551600514,1.5309528927596037,True,tension_only_r0.1,e4_PSB11,False,True
89,26,32,cell,cell,13,3,33.24851397634686,0.9708600656828983,1.0154194073632776,True,tension_only_r0.1,e4_PSB11,False,True
90,33,28,cell,cell,44,4,38.923344465257706,1.1982066760856362,1.2532004929812322,True,tension_only_r0.1,e4_PSB11,True,True
91,32,33,cell,cell,3,44,26.124249268759062,0.8284186406678544,0.8664403809460987,True,tension_only_r0.1,e4_PSB11,False,False
92,31,30,cell,cell,12,16,5.0,1.1005100779189787,1.1510199364640405,True,tension_only_r0.1,e4_PSB11,False,False
93,30,32,cell,cell,16,3,26.751044980649105,0.08048962888767308,0.08418384291717895,True,tension_only_r0.1,e4_PSB11,False,False
94,34,30,cell,cell,17,16,42.458145292212336,0.48283115881502725,0.5049915497303122,True,tension_only_r0.1,e4_PSB11,False,False
95,31,34,cell,cell,12,17,45.29191761021997,0.951738927317104,0.9954206704970651,True,tension_only_r0.1,e4_PSB11,False,False
96,33,29,cell,cell,44,2,26.18487126483863,1.1914867244163614,1.2461721172320193,True,tension_only_r0.1,e4_PSB11,False,True
97,27,35,cell,cell,36,39,20.372974620221996,1.7183355239649907,1.79720157525327,True,tension_only_r0.1,e4_PSB11,False,False
98,35,31,cell,cell,39,12,28.84730620673186,0.6974207221875919,0.7294300810575282,True,tension_only_r0.1,e4_PSB11,False,False
99,53,35,outer,cell,-1,39,47.0,,,False,tension_only_r0.1,e4_PSB11,False,False
100,29,36,cell,cell,2,52,23.591238415287478,1.64223478865431,1.7176080619545984,True,tension_only_r0.1,e4_PSB11,False,False
101,36,53,cell,outer,52,-1,44.0,,,False,tension_only_r0.1,e4_PSB11,False,False
102,33,36,cell,cell,44,52,20.32916587079209,0.8375344832247525,0.8759746112372906,True,tension_only_r0.1,e4_PSB11,False,False
103,34,32,cell,cell,17,3,34.08374592047476,0.6016525167290461,0.6292664242461219,True,tension_only_r0.1,e4_PSB11,False,False
104,37,33,cell,cell,23,44,31.691182861197298,0.8663167453588793,0.9060778862527811,True,tension_only_r0.1,e4_PSB11,False,False
105,32,37,cell,cell,3,23,17.108691745550342,0.908197646767626,0.9498809857843252,True,tension_only_r0.1,e4_PSB11,False,False
106,33,38,cell,cell,44,37,31.011969919927207,1.0488393116672805,1.096977648909036,True,tension_only_r0.1,e4_PSB11,False,False
107,38,36,cell,cell,37,52,56.141925647365554,0.6632792532604066,0.6937216289644152,True,tension_only_r0.1,e4_PSB11,False,False
108,34,37,cell,cell,17,23,19.007928531074032,0.7294593858151424,0.7629392158786369,True,tension_only_r0.1,e4_PSB11,False,False
109,39,31,cell,cell,11,12,41.94780375377357,0.9940255827625956,1.0396481468652823,True,tension_only_r0.1,e4_PSB11,False,False
110,35,39,cell,cell,39,11,37.445042278782736,0.7627726052934116,0.7977814045479106,True,tension_only_r0.1,e4_PSB11,False,False
111,37,38,cell,cell,23,37,27.10946879333499,0.6746145191009528,0.7055771469004801,True,tension_only_r0.1,e4_PSB11,False,False
112,39,34,cell,cell,11,17,5.495224961274173,1.369257938749372,1.4321024562014197,True,tension_only_r0.1,e4_PSB11,False,False
113,34,40,cell,cell,17,47,23.560849837795654,1.0797590370215064,1.1293164898036188,True,tension_only_r0.1,e4_PSB11,False,False
114,52,34,gap,cell,-1,17,5.733926539789976,0.682637759035349,0.7139686276372919,True,tension_only_r0.1,e4_PSB11,False,False
115,40,37,cell,cell,47,23,36.726715651194,0.8194192165693438,0.8570279123445679,True,tension_only_r0.1,e4_PSB11,False,False
116,39,52,cell,gap,11,-1,6.818197290791295,0.6826377590353478,0.7139686276372907,True,tension_only_r0.1,e4_PSB11,False,False
117,39,34,cell,cell,11,17,3.8131291852998452,1.3709936560995792,1.4339178373726063,True,tension_only_r0.1,e4_PSB11,False,False
118,41,34,cell,cell,38,17,20.374981603110722,1.5793700612343926,1.6518580465639807,True,tension_only_r0.1,e4_PSB11,False,False
119,39,41,cell,cell,11,38,44.22947800421529,0.8635617249443055,0.9031964192983519,True,tension_only_r0.1,e4_PSB11,False,False
120,42,34,cell,cell,29,17,23.378331457488617,1.6053076884000865,1.678986127052566,True,tension_only_r0.1,e4_PSB11,False,False
121,41,42,cell,cell,38,29,27.113836449275198,0.3613783117974183,0.37796440925929425,True,tension_only_r0.1,e4_PSB11,False,False
122,42,40,cell,cell,29,47,32.959310096434024,0.9042019421958789,0.9457018912766236,True,tension_only_r0.1,e4_PSB11,False,False
123,38,43,cell,cell,37,9,67.14728680914692,0.6193913061494177,0.64781936681453,True,tension_only_r0.1,e4_PSB11,False,False
124,43,36,cell,cell,9,52,4.28730109467216,1.0347311044917409,1.0822219205857497,True,tension_only_r0.1,e4_PSB11,False,False
125,44,39,cell,cell,61,11,29.44025624336288,0.7381056609509631,0.7719823271205638,True,tension_only_r0.1,e4_PSB11,False,False
126,35,44,cell,cell,39,61,10.0,1.015200283050418,1.0617946975138888,True,tension_only_r0.1,e4_PSB11,False,False
127,43,53,cell,outer,9,-1,60.124484748932566,,,False,tension_only_r0.1,e4_PSB11,False,False
128,53,44,outer,cell,-1,61,20.0,,,False,tension_only_r0.1,e4_PSB11,False,False
129,40,38,cell,cell,47,37,39.648017528441926,0.9497138191298211,0.9933026163839517,True,tension_only_r0.1,e4_PSB11,False,False
130,45,40,cell,cell,32,47,49.26101875266252,0.921972945366907,0.964288526102811,True,tension_only_r0.1,e4_PSB11,False,False
131,42,45,cell,cell,29,32,24.233239442850174,0.0852746594310414,0.08918849090951818,True,tension_only_r0.1,e4_PSB11,False,False
132,46,44,cell,cell,62,61,13.149894406249267,0.1453854287466183,0.15205815041254883,True,tension_only_r0.1,e4_PSB11,False,False
133,53,46,outer,cell,-1,62,8.0,,,False,tension_only_r0.1,e4_PSB11,False,False
134,47,42,cell,cell,7,29,12.655842573321888,0.8325774210505152,0.8707900359177914,True,tension_only_r0.1,e4_PSB11,False,False
135,41,47,cell,cell,38,7,36.37274780627719,0.7287965253142132,0.7622459322213835,True,tension_only_r0.1,e4_PSB11,False,False
136,48,39,cell,cell,15,11,30.943420521023004,1.348180828374682,1.4100579745277977,True,tension_only_r0.1,e4_PSB11,False,False
137,44,48,cell,cell,61,15,17.583546109667285,0.9604956796694104,1.0045793295029348,True,tension_only_r0.1,e4_PSB11,False,False
138,39,47,cell,cell,11,7,5.725013742195401,1.481510437816107,1.5495069824625918,True,tension_only_r0.1,e4_PSB11,False,False
139,46,48,cell,cell,62,15,10.264816998043356,0.8991791639242319,0.9404485837030698,True,tension_only_r0.1,e4_PSB11,False,False
140,49,42,cell,cell,41,29,29.317908267413316,0.943567025473536,0.9868737047495452,True,tension_only_r0.1,e4_PSB11,False,False
141,47,49,cell,cell,7,41,32.03455724616955,0.240547082153321,0.25158741639175597,True,tension_only_r0.1,e4_PSB11,False,False
142,53,48,outer,cell,-1,15,70.12448474893256,,,False,tension_only_r0.1,e4_PSB11,False,False
143,39,50,cell,cell,11,21,3.1836008691813857,1.6265169495367302,1.7011688247813421,True,tension_only_r0.1,e4_PSB11,False,False
144,50,47,cell,cell,21,7,27.54620195488037,0.7812618646147923,0.8171192611621865,True,tension_only_r0.1,e4_PSB11,False,False
145,48,50,cell,cell,15,21,22.73812229247665,0.944603207344237,0.9879574440218241,True,tension_only_r0.1,e4_PSB11,False,False
146,40,43,cell,cell,47,9,5.0,1.0223947710761387,1.0693193893058217,True,tension_only_r0.1,e4_PSB11,False,False
147,51,43,cell,cell,42,9,47.20314654894614,1.7591250442804394,1.8398632028238837,True,tension_only_r0.1,e4_PSB11,False,False
148,40,51,cell,cell,47,42,12.405384727327647,1.7515099054771486,1.8318985537421568,True,tension_only_r0.1,e4_PSB11,False,False
149,49,45,cell,cell,41,32,46.09186007465461,0.9422221085497965,0.9854670604823348,True,tension_only_r0.1,e4_PSB11,False,False
150,45,51,cell,cell,32,42,10.04002982299826,1.2926052908096644,1.3519316992664177,True,tension_only_r0.1,e4_PSB11,False,False
151,49,51,cell,cell,41,42,3.0,1.1268643989897835,1.178583835762293,True,tension_only_r0.1,e4_PSB11,False,False
152,51,53,cell,outer,42,-1,64.0,,,False,tension_only_r0.1,e4_PSB11,False,False
153,49,53,cell,outer,41,-1,92.0,,,False,tension_only_r0.1,e4_PSB11,False,False
154,47,53,cell,outer,7,-1,14.0,,,False,tension_only_r0.1,e4_PSB11,False,False
155,50,53,cell,outer,21,-1,27.0,,,False,tension_only_r0.1,e4_PSB11,False,False
0,0,53,cell,outer,19,-1,53.124484748932566,,,False,pressure_curvature_r0.1,e4_PSB11,False,False
1,53,1,outer,cell,-1,33,61.0,,,False,pressure_curvature_r0.1,e4_PSB11,False,False
2,53,2,outer,cell,-1,26,63.0,,,False,pressure_curvature_r0.1,e4_PSB11,False,False
3,53,3,outer,cell,-1,30,41.0,,,False,pressure_curvature_r0.1,e4_PSB11,False,False
4,53,4,outer,cell,-1,57,62.12448474893257,,,False,pressure_curvature_r0.1,e4_PSB11,False,False
5,1,0,cell,cell,33,19,3.1836008691813857,0.7113422104667434,0.7448460736654429,True,pressure_curvature_r0.1,e4_PSB11,False,False
6,2,1,cell,cell,26,33,4.0,1.4132928260982904,1.479858213064757,True,pressure_curvature_r0.1,e4_PSB11,False,False
7,3,2,cell,cell,30,26,19.092745725494925,1.9438172795700648,2.0353701035972684,True,pressure_curvature_r0.1,e4_PSB11,False,False
8,4,3,cell,cell,57,30,17.25264479562045,1.2277197142319687,1.28554470021865,True,pressure_curvature_r0.1,e4_PSB11,False,False
9,1,5,cell,cell,33,27,34.408415138776114,0.798064128286357,0.8356525505456678,True,pressure_curvature_r0.1,e4_PSB11,False,False
10,5,0,cell,cell,27,19,46.07829211230094,0.9411593182439466,0.9854874525549088,True,pressure_curvature_r0.1,e4_PSB11,False,False
11,6,1,cell,cell,8,33,27.577359975558654,0.6993726340700783,0.7323127361925483,True,pressure_curvature_r0.1,e4_PSB11,False,False
12,2,6,cell,cell,26,8,41.73620659495048,1.3776370173220016,1.442523033485074,True,pressure_curvature_r0.1,e4_PSB11,False,False
13,7,4,cell,cell,1,57,50.450567176258275,1.3093008482967443,1.3709682649941064,True,pressure_curvature_r0.1,e4_PSB11,False,False
14,53,7,outer,cell,-1,1,22.0,,,False,pressure_curvature_r0.1,e4_PSB11,False,False
15,6,5,cell,cell,8,27,38.07397869025032,0.21183073236320515,0.22180785416751986,True,pressure_curvature_r0.1,e4_PSB11,False,False
16,3,8,cell,cell,30,43,26.775946181585294,1.9351127769000303,2.0262556231944653,True,pressure_curvature_r0.1,e4_PSB11,False,False
17,4,8,cell,cell,57,43,17.428849416646923,1.3408167186538298,1.4039685171206062,True,pressure_curvature_r0.1,e4_PSB11,False,False
18,8,2,cell,cell,43,26,36.569432654761336,1.2819789945450841,1.3423595655626013,True,pressure_curvature_r0.1,e4_PSB11,False,False
19,7,8,cell,cell,1,43,17.943756661737783,0.9937187177770491,1.0405223735822404,True,pressure_curvature_r0.1,e4_PSB11,False,False
20,5,53,cell,outer,27,-1,37.0,,,False,pressure_curvature_r0.1,e4_PSB11,False,False
21,9,6,cell,cell,20,8,42.201015589329245,0.43532059326595807,0.45582397601164043,True,pressure_curvature_r0.1,e4_PSB11,False,False
22,2,9,cell,cell,26,20,25.248578500560676,1.4826070834482072,1.5524371373524721,True,pressure_curvature_r0.1,e4_PSB11,False,False
23,10,7,cell,cell,18,1,38.159805591564016,2.368427634568578,2.4799793944627915,True,pressure_curvature_r0.1,e4_PSB11,False,False
24,53,10,outer,cell,-1,18,40.0,,,False,pressure_curvature_r0.1,e4_PSB11,False,False
25,7,11,cell,cell,1,53,2.0,2.1438399144641793,2.244813704796389,True,pressure_curvature_r0.1,e4_PSB11,False,False
26,11,8,cell,cell,53,43,54.73423177982343,1.6814131768019305,1.7606068985116257,True,pressure_curvature_r0.1,e4_PSB11,False,False
27,10,11,cell,cell,18,53,44.012289527057185,0.13713018660808118,0.14358894997812596,True,pressure_curvature_r0.1,e4_PSB11,False,False
28,8,9,cell,cell,43,20,9.342863817731168,0.602482259444034,0.6308588732637196,True,pressure_curvature_r0.1,e4_PSB11,False,False
29,9,5,cell,cell,20,27,3.642274006136114,0.6954276554829021,0.7281819510822082,True,pressure_curvature_r0.1,e4_PSB11,False,False
30,12,5,cell,cell,5,27,46.98143069908099,1.0258480348772943,1.074164965487432,True,pressure_curvature_r0.1,e4_PSB11,False,False
31,9,12,cell,cell,20,5,16.101029664490742,0.8327586385355039,0.8719811549172071,True,pressure_curvature_r0.1,e4_PSB11,False,False
32,13,9,cell,cell,35,20,26.766380679278164,1.015780220910795,1.063622962506306,True,pressure_curvature_r0.1,e4_PSB11,False,False
33,8,13,cell,cell,43,35,39.856901886942765,0.6755099889824671,0.7073261724272448,True,pressure_curvature_r0.1,e4_PSB11,False,False
34,9,14,cell,cell,20,24,33.638079706484376,0.9248226377788331,0.9683813225908475,True,pressure_curvature_r0.1,e4_PSB11,False,False
35,14,12,cell,cell,24,5,30.558910671260772,0.9459261807316786,0.9904788318874532,True,pressure_curvature_r0.1,e4_PSB11,False,False
36,5,15,cell,cell,27,22,33.29826714363955,1.3388275847671123,1.401885696020275,True,pressure_curvature_r0.1,e4_PSB11,False,False
37,15,53,cell,outer,22,-1,46.0,,,False,pressure_curvature_r0.1,e4_PSB11,False,False
38,13,14,cell,cell,35,24,19.618572379333173,0.7563473981571015,0.7919709832413055,True,pressure_curvature_r0.1,e4_PSB11,False,False
39,11,13,cell,cell,53,35,7.851153477029276,1.6103895862864235,1.6862381323190692,True,pressure_curvature_r0.1,e4_PSB11,False,False
40,12,15,cell,cell,5,22,16.38584513796548,1.4859577388386005,1.5559456069399902,True,pressure_curvature_r0.1,e4_PSB11,False,False
41,16,11,cell,cell,14,53,23.95146935262323,1.1632161632602291,1.2180030641792894,True,pressure_curvature_r0.1,e4_PSB11,False,False
42,10,16,cell,cell,18,14,17.564166420508393,1.4349726052987282,1.5025590990487117,True,pressure_curvature_r0.1,e4_PSB11,False,False
43,17,10,cell,cell,48,18,42.78905023002095,1.1239624087395232,1.1769004774057723,True,pressure_curvature_r0.1,e4_PSB11,False,False
44,53,17,outer,cell,-1,48,12.0,,,False,pressure_curvature_r0.1,e4_PSB11,False,False
45,18,13,cell,cell,28,35,43.64469224648817,1.4902434439424854,1.5604331666159752,True,pressure_curvature_r0.1,e4_PSB11,False,False
46,11,18,cell,cell,53,28,9.180742436470204,1.1790163084524865,1.2345473883268399,True,pressure_curvature_r0.1,e4_PSB11,False,False
47,17,16,cell,cell,48,14,11.386687866604657,0.9626103349980397,1.0079488014954336,True,pressure_curvature_r0.1,e4_PSB11,False,False
48,11,19,cell,cell,53,10,6.0,1.4373914241409442,1.5050918430515603,True,pressure_curvature_r0.1,e4_PSB11,False,False
49,19,18,cell,cell,10,28,38.460177512325785,1.56345729225515,1.6370953506551367,True,pressure_curvature_r0.1,e4_PSB11,False,False
50,16,19,cell,cell,14,10,35.59806984918406,0.9951385860048678,1.0420091168951657,True,pressure_curvature_r0.1,e4_PSB11,False,False
51,18,14,cell,cell,28,24,32.90968968352834,1.156744779811644,1.2112268817990826,True,pressure_curvature_r0.1,e4_PSB11,False,False
52,20,17,cell,cell,46,48,31.597076155891145,0.619930467478752,0.6491288831913326,True,pressure_curvature_r0.1,e4_PSB11,False,False
53,53,20,outer,cell,-1,46,36.0,,,False,pressure_curvature_r0.1,e4_PSB11,False,False
54,12,21,cell,cell,5,31,28.0,0.7742214003441739,0.8106868420134047,True,pressure_curvature_r0.1,e4_PSB11,False,False
55,17,22,cell,cell,48,49,13.695525301297291,0.8855350328339401,0.9272432910550531,True,pressure_curvature_r0.1,e4_PSB11,False,False
56,21,15,cell,cell,31,22,26.75708715821648,1.3115169454305398,1.3732887391972128,True,pressure_curvature_r0.1,e4_PSB11,False,False
57,14,21,cell,cell,24,31,29.140751295318903,0.552582888964608,0.5786092673313084,True,pressure_curvature_r0.1,e4_PSB11,False,False
58,22,16,cell,cell,49,14,29.161778373383545,0.6285037652437887,0.658105979003575,True,pressure_curvature_r0.1,e4_PSB11,False,False
59,20,22,cell,cell,46,49,23.698851458103384,0.5390670161783677,0.5644568036803924,True,pressure_curvature_r0.1,e4_PSB11,False,False
60,22,19,cell,cell,49,10,8.603282008518697,1.0886386757417763,1.1399130142081157,True,pressure_curvature_r0.1,e4_PSB11,False,False
61,23,15,cell,cell,6,22,22.979517944203657,1.241640069862924,1.3001206976544557,True,pressure_curvature_r0.1,e4_PSB11,False,False
62,24,18,cell,cell,34,28,12.448546592765698,1.8762083752805128,1.9645768536481991,True,pressure_curvature_r0.1,e4_PSB11,False,False
63,21,23,cell,cell,31,6,18.253601270935746,0.6977984009870857,0.7306643575167884,True,pressure_curvature_r0.1,e4_PSB11,False,False
64,19,24,cell,cell,10,34,47.993476264994854,0.7744876733181113,0.8109656563115615,True,pressure_curvature_r0.1,e4_PSB11,False,False
65,23,53,cell,outer,6,-1,30.0,,,False,pressure_curvature_r0.1,e4_PSB11,False,False
66,25,21,cell,cell,55,31,18.835626061916667,1.0203148312342003,1.0683711507134632,True,pressure_curvature_r0.1,e4_PSB11,False,False
67,14,25,cell,cell,24,55,21.11793475233115,0.7189359844836023,0.7527975106496881,True,pressure_curvature_r0.1,e4_PSB11,False,False
68,26,14,cell,cell,13,24,19.624246775275708,2.247433817462414,2.3532868289391065,True,pressure_curvature_r0.1,e4_PSB11,False,False
69,18,26,cell,cell,28,13,20.25393802435987,1.966767466751821,2.059401233144609,True,pressure_curvature_r0.1,e4_PSB11,False,False
70,24,26,cell,cell,34,13,41.84683593512055,0.3570544218762757,0.37387150699931965,True,pressure_curvature_r0.1,e4_PSB11,False,False
71,22,27,cell,cell,49,36,30.86122213052211,0.9809542227611413,1.0271566772197502,True,pressure_curvature_r0.1,e4_PSB11,False,False
72,27,19,cell,cell,36,10,33.45295536769949,0.8893089671219212,0.9311949757650462,True,pressure_curvature_r0.1,e4_PSB11,False,True
73,20,27,cell,cell,46,36,23.854558015273895,1.0235462100467794,1.0717547258558633,True,pressure_curvature_r0.1,e4_PSB11,False,False
74,25,23,cell,cell,55,6,29.414685784470443,0.47360080708563457,0.4959071688028444,True,pressure_curvature_r0.1,e4_PSB11,False,False
75,28,14,cell,cell,4,24,17.250588169981974,1.9517801752334945,2.0437080476734697,True,pressure_curvature_r0.1,e4_PSB11,False,False
76,26,28,cell,cell,13,4,29.936701982067177,1.0531080072068995,1.1027088689127782,True,pressure_curvature_r0.1,e4_PSB11,False,False
77,28,25,cell,cell,4,55,41.337999100139896,1.5494929386274552,1.6224732829388973,True,pressure_curvature_r0.1,e4_PSB11,False,False
78,53,27,outer,cell,-1,36,42.0,,,False,pressure_curvature_r0.1,e4_PSB11,False,False
79,27,24,cell,cell,36,34,7.124377994300021,0.9474278208485112,0.9920511985045662,True,pressure_curvature_r0.1,e4_PSB11,False,False
80,29,23,cell,cell,2,6,21.401243387140617,1.878600553794145,1.9670817025762792,True,pressure_curvature_r0.1,e4_PSB11,False,False
81,25,29,cell,cell,55,2,18.0,1.662930406625343,1.7412535990814415,True,pressure_curvature_r0.1,e4_PSB11,False,False
82,28,29,cell,cell,4,2,17.975876996514067,0.7007316697975468,0.7337357818247086,True,pressure_curvature_r0.1,e4_PSB11,False,False
83,29,53,cell,outer,2,-1,25.0,,,False,pressure_curvature_r0.1,e4_PSB11,False,False
84,24,30,cell,cell,34,16,19.51762352603013,1.337973041594972,1.4009909042910893,True,pressure_curvature_r0.1,e4_PSB11,False,False
85,30,26,cell,cell,16,13,34.895259080130934,1.1054864830477187,1.1575543448321892,True,pressure_curvature_r0.1,e4_PSB11,False,False
86,31,24,cell,cell,12,34,6.760914487355245,1.333984777244051,1.396814794679129,True,pressure_curvature_r0.1,e4_PSB11,False,False
87,27,31,cell,cell,36,12,63.5557650084295,0.8368337995557452,0.8762482539882569,True,pressure_curvature_r0.1,e4_PSB11,False,False
88,32,28,cell,cell,3,4,1.4169730060943293,1.7024124954694249,1.7825952746110416,True,pressure_curvature_r0.1,e4_PSB11,False,True
89,26,32,cell,cell,13,3,33.24851397634686,1.1196102805300254,1.1723433661290408,True,pressure_curvature_r0.1,e4_PSB11,False,True
90,33,28,cell,cell,44,4,38.923344465257706,1.3163538289494958,1.3783534375166162,True,pressure_curvature_r0.1,e4_PSB11,True,True
91,32,33,cell,cell,3,44,26.124249268759062,0.8256875016922562,0.8645769710566876,True,pressure_curvature_r0.1,e4_PSB11,False,False
92,31,30,cell,cell,12,16,5.0,0.9473126182764356,0.9919305699488247,True,pressure_curvature_r0.1,e4_PSB11,False,False
93,30,32,cell,cell,16,3,26.751044980649105,0.24236694727208719,0.2537823095629913,True,pressure_curvature_r0.1,e4_PSB11,False,False
94,34,30,cell,cell,17,16,42.458145292212336,0.6719227291792382,0.7035699544770971,True,pressure_curvature_r0.1,e4_PSB11,False,False
95,31,34,cell,cell,12,17,45.29191761021997,0.5096680850985217,0.5336731976148726,True,pressure_curvature_r0.1,e4_PSB11,False,False
96,33,29,cell,cell,44,2,26.18487126483863,1.1229157399005645,1.1758045109867192,True,pressure_curvature_r0.1,e4_PSB11,False,True
97,27,35,cell,cell,36,39,20.372974620221996,1.0635047877030073,1.113595332582924,True,pressure_curvature_r0.1,e4_PSB11,False,False
98,35,31,cell,cell,39,12,28.84730620673186,0.3526152482648044,0.3692232505256119,True,pressure_curvature_r0.1,e4_PSB11,False,False
99,53,35,outer,cell,-1,39,47.0,,,False,pressure_curvature_r0.1,e4_PSB11,False,False
100,29,36,cell,cell,2,52,23.591238415287478,1.0932163418943084,1.1447062861524693,True,pressure_curvature_r0.1,e4_PSB11,False,False
101,36,53,cell,outer,52,-1,44.0,,,False,pressure_curvature_r0.1,e4_PSB11,False,False
102,33,36,cell,cell,44,52,20.32916587079209,0.41047067322064534,0.42980363713071484,True,pressure_curvature_r0.1,e4_PSB11,False,False
103,34,32,cell,cell,17,3,34.08374592047476,0.6936527162820203,0.726323413130546,True,pressure_curvature_r0.1,e4_PSB11,False,False
104,37,33,cell,cell,23,44,31.691182861197298,0.8342648816808449,0.8735583413631746,True,pressure_curvature_r0.1,e4_PSB11,False,False
105,32,37,cell,cell,3,23,17.108691745550342,0.8806722464462277,0.9221514698546989,True,pressure_curvature_r0.1,e4_PSB11,False,False
106,33,38,cell,cell,44,37,31.011969919927207,0.7323142565011754,0.7668058926043866,True,pressure_curvature_r0.1,e4_PSB11,False,False
107,38,36,cell,cell,37,52,56.141925647365554,0.2537868291261094,0.265740062154547,True,pressure_curvature_r0.1,e4_PSB11,False,False
108,34,37,cell,cell,17,23,19.007928531074032,0.3920508021460428,0.41051619931883654,True,pressure_curvature_r0.1,e4_PSB11,False,False
109,39,31,cell,cell,11,12,41.94780375377357,0.2001806041938241,0.20960901077403007,True,pressure_curvature_r0.1,e4_PSB11,False,False
110,35,39,cell,cell,39,11,37.445042278782736,0.3621938530544879,0.3792530028217781,True,pressure_curvature_r0.1,e4_PSB11,False,False
111,37,38,cell,cell,23,37,27.10946879333499,0.5125104696767733,0.5366494570885918,True,pressure_curvature_r0.1,e4_PSB11,False,False
112,39,34,cell,cell,11,17,5.495224961274173,0.2897414921159158,0.3033881718320952,True,pressure_curvature_r0.1,e4_PSB11,False,False
113,34,40,cell,cell,17,47,23.560849837795654,0.44965380030246227,0.47083226994821004,True,pressure_curvature_r0.1,e4_PSB11,False,False
114,52,34,gap,cell,-1,17,5.733926539789976,0.1924795401295335,0.20154523043464997,True,pressure_curvature_r0.1,e4_PSB11,False,False
115,40,37,cell,cell,47,23,36.726715651194,0.45694475919641675,0.47846662936834744,True,pressure_curvature_r0.1,e4_PSB11,False,False
116,39,52,cell,gap,11,-1,6.818197290791295,0.19247954012953117,0.20154523043464753,True,pressure_curvature_r0.1,e4_PSB11,False,False
117,39,34,cell,cell,11,17,3.8131291852998452,0.29046670684455156,0.3041475438126139,True,pressure_curvature_r0.1,e4_PSB11,False,False
118,41,34,cell,cell,38,17,20.374981603110722,0.8477378263851174,0.8876658550408804,True,pressure_curvature_r0.1,e4_PSB11,False,False
119,39,41,cell,cell,11,38,44.22947800421529,0.5313618086899006,0.5563886847636245,True,pressure_curvature_r0.1,e4_PSB11,False,False
120,42,34,cell,cell,29,17,23.378331457488617,0.7767541770723145,0.8133389112617472,True,pressure_curvature_r0.1,e4_PSB11,False,False
121,41,42,cell,cell,38,29,27.113836449275198,0.4294986637648779,0.44972783653583,True,pressure_curvature_r0.1,e4_PSB11,False,False
122,42,40,cell,cell,29,47,32.959310096434024,0.373730126668566,0.3913326291672163,True,pressure_curvature_r0.1,e4_PSB11,False,False
123,38,43,cell,cell,37,9,67.14728680914692,0.5357222725514768,0.5609545242974882,True,pressure_curvature_r0.1,e4_PSB11,False,False
124,43,36,cell,cell,9,52,4.28730109467216,0.4647313101308068,0.48661992296675616,True,pressure_curvature_r0.1,e4_PSB11,False,False
125,44,39,cell,cell,61,11,29.44025624336288,0.5559475688958827,0.5821324220085858,True,pressure_curvature_r0.1,e4_PSB11,False,False
126,35,44,cell,cell,39,61,10.0,0.9243234188897742,0.9678585907411922,True,pressure_curvature_r0.1,e4_PSB11,False,False
127,43,53,cell,outer,9,-1,60.124484748932566,,,False,pressure_curvature_r0.1,e4_PSB11,False,False
128,53,44,outer,cell,-1,61,20.0,,,False,pressure_curvature_r0.1,e4_PSB11,False,False
129,40,38,cell,cell,47,37,39.648017528441926,0.5472004503280933,0.5729733185205065,True,pressure_curvature_r0.1,e4_PSB11,False,False
130,45,40,cell,cell,32,47,49.26101875266252,0.7463101987072973,0.7814610367053364,True,pressure_curvature_r0.1,e4_PSB11,False,False
131,42,45,cell,cell,29,32,24.233239442850174,0.331833401623711,0.3474625892765358,True,pressure_curvature_r0.1,e4_PSB11,False,False
132,46,44,cell,cell,62,61,13.149894406249267,0.1664972381801496,0.17433917502695764,True,pressure_curvature_r0.1,e4_PSB11,False,False
133,53,46,outer,cell,-1,62,8.0,,,False,pressure_curvature_r0.1,e4_PSB11,False,False
134,47,42,cell,cell,7,29,12.655842573321888,1.1656969757870208,1.2206007217383261,True,pressure_curvature_r0.1,e4_PSB11,False,False
135,41,47,cell,cell,38,7,36.37274780627719,1.1467081810383655,1.2007175642312038,True,pressure_curvature_r0.1,e4_PSB11,False,False
136,48,39,cell,cell,15,11,30.943420521023004,1.3152045431413362,1.3771500209203122,True,pressure_curvature_r0.1,e4_PSB11,False,False
137,44,48,cell,cell,61,15,17.583546109667285,1.3040092687290614,1.3654274546689456,True,pressure_curvature_r0.1,e4_PSB11,False,False
138,39,47,cell,cell,11,7,5.725013742195401,1.3991621783009163,1.4650620188064165,True,pressure_curvature_r0.1,e4_PSB11,False,False
139,46,48,cell,cell,62,15,10.264816998043356,1.3054037190799295,1.366887582935598,True,pressure_curvature_r0.1,e4_PSB11,False,False
140,49,42,cell,cell,41,29,29.317908267413316,1.2727041055898196,1.3326478339651204,True,pressure_curvature_r0.1,e4_PSB11,False,False
141,47,49,cell,cell,7,41,32.03455724616955,0.35416431414463667,0.37084527663549943,True,pressure_curvature_r0.1,e4_PSB11,False,False
142,53,48,outer,cell,-1,15,70.12448474893256,,,False,pressure_curvature_r0.1,e4_PSB11,False,False
143,39,50,cell,cell,11,21,3.1836008691813857,1.5679347760117843,1.6417837216627305,True,pressure_curvature_r0.1,e4_PSB11,False,False
144,50,47,cell,cell,21,7,27.54620195488037,0.9097195975229245,0.9525669366743371,True,pressure_curvature_r0.1,e4_PSB11,False,False
145,48,50,cell,cell,15,21,22.73812229247665,1.1868321875404884,1.2427313914202627,True,pressure_curvature_r0.1,e4_PSB11,False,False
146,40,43,cell,cell,47,9,5.0,1.1163033078372897,1.1688806366724451,True,pressure_curvature_r0.1,e4_PSB11,False,False
147,51,43,cell,cell,42,9,47.20314654894614,2.0439092266413783,2.1401763314361584,True,pressure_curvature_r0.1,e4_PSB11,False,False
148,40,51,cell,cell,47,42,12.405384727327647,1.9760798924953646,2.0691522694943685,True,pressure_curvature_r0.1,e4_PSB11,False,False
149,49,45,cell,cell,41,32,46.09186007465461,1.3970663272682664,1.4628674542358244,True,pressure_curvature_r0.1,e4_PSB11,False,False
150,45,51,cell,cell,32,42,10.04002982299826,1.9264211490458019,2.0171546240048697,True,pressure_curvature_r0.1,e4_PSB11,False,False
151,49,51,cell,cell,41,42,3.0,1.3924353148799165,1.4580183234745623,True,pressure_curvature_r0.1,e4_PSB11,False,False
152,51,53,cell,outer,42,-1,64.0,,,False,pressure_curvature_r0.1,e4_PSB11,False,False
153,49,53,cell,outer,41,-1,92.0,,,False,pressure_curvature_r0.1,e4_PSB11,False,False
154,47,53,cell,outer,7,-1,14.0,,,False,pressure_curvature_r0.1,e4_PSB11,False,False
155,50,53,cell,outer,21,-1,27.0,,,False,pressure_curvature_r0.1,e4_PSB11,False,False
0,0,53,cell,outer,19,-1,53.124484748932566,,,False,pressure_curvature_r0.01,e4_PSB11,False,False
1,53,1,outer,cell,-1,33,61.0,,,False,pressure_curvature_r0.01,e4_PSB11,False,False
2,53,2,outer,cell,-1,26,63.0,,,False,pressure_curvature_r0.01,e4_PSB11,False,False
3,53,3,outer,cell,-1,30,41.0,,,False,pressure_curvature_r0.01,e4_PSB11,False,False
4,53,4,outer,cell,-1,57,62.12448474893257,,,False,pressure_curvature_r0.01,e4_PSB11,False,False
5,1,0,cell,cell,33,19,3.1836008691813857,0.47648442292236565,0.5957627102244053,True,pressure_curvature_r0.01,e4_PSB11,False,False
6,2,1,cell,cell,26,33,4.0,1.6909494825866478,2.1142446597095055,True,pressure_curvature_r0.01,e4_PSB11,False,False
7,3,2,cell,cell,30,26,19.092745725494925,2.819237943836132,3.5249774334405743,True,pressure_curvature_r0.01,e4_PSB11,False,False
8,4,3,cell,cell,57,30,17.25264479562045,1.775267344490751,2.2196698016694985,True,pressure_curvature_r0.01,e4_PSB11,False,False
9,1,5,cell,cell,33,27,34.408415138776114,0.6569556355499614,0.8214112594321081,True,pressure_curvature_r0.01,e4_PSB11,False,False
10,5,0,cell,cell,27,19,46.07829211230094,0.7281215280546173,0.9103921011017643,True,pressure_curvature_r0.01,e4_PSB11,False,False
11,6,1,cell,cell,8,33,27.577359975558654,0.6325656802759664,0.7909157696379858,True,pressure_curvature_r0.01,e4_PSB11,False,False
12,2,6,cell,cell,26,8,41.73620659495048,1.6171452438937413,2.0219650149730417,True,pressure_curvature_r0.01,e4_PSB11,False,False
13,7,4,cell,cell,1,57,50.450567176258275,1.7132716357465068,2.1421547147392133,True,pressure_curvature_r0.01,e4_PSB11,False,False
14,53,7,outer,cell,-1,1,22.0,,,False,pressure_curvature_r0.01,e4_PSB11,False,False
15,6,5,cell,cell,8,27,38.07397869025032,0.12015766463975364,0.15023671813019235,True,pressure_curvature_r0.01,e4_PSB11,False,False
16,3,8,cell,cell,30,43,26.775946181585294,2.733373280090595,3.4176182789234013,True,pressure_curvature_r0.01,e4_PSB11,False,False
17,4,8,cell,cell,57,43,17.428849416646923,1.773350081863962,2.217272590923883,True,pressure_curvature_r0.01,e4_PSB11,False,False
18,8,2,cell,cell,43,26,36.569432654761336,1.5676774469103232,1.960113950422137,True,pressure_curvature_r0.01,e4_PSB11,False,False
19,7,8,cell,cell,1,43,17.943756661737783,1.3027240501449304,1.6288348022560883,True,pressure_curvature_r0.01,e4_PSB11,False,False
20,5,53,cell,outer,27,-1,37.0,,,False,pressure_curvature_r0.01,e4_PSB11,False,False
21,9,6,cell,cell,20,8,42.201015589329245,0.2751562424735918,0.34403607099227185,True,pressure_curvature_r0.01,e4_PSB11,False,False
22,2,9,cell,cell,26,20,25.248578500560676,1.7186122542465854,2.1488322496151016,True,pressure_curvature_r0.01,e4_PSB11,False,False
23,10,7,cell,cell,18,1,38.159805591564016,3.3438781860361493,4.180950803291527,True,pressure_curvature_r0.01,e4_PSB11,False,False
24,53,10,outer,cell,-1,18,40.0,,,False,pressure_curvature_r0.01,e4_PSB11,False,False
25,7,11,cell,cell,1,53,2.0,3.0260425067467835,3.783551357286344,True,pressure_curvature_r0.01,e4_PSB11,False,False
26,11,8,cell,cell,53,43,54.73423177982343,2.253232989355504,2.8172845279439316,True,pressure_curvature_r0.01,e4_PSB11,False,False
27,10,11,cell,cell,18,53,44.012289527057185,0.1354935649407769,0.16941165247753728,True,pressure_curvature_r0.01,e4_PSB11,False,False
28,8,9,cell,cell,43,20,9.342863817731168,0.5703195362084018,0.7130875559405294,True,pressure_curvature_r0.01,e4_PSB11,False,False
29,9,5,cell,cell,20,27,3.642274006136114,0.5176960672502542,0.647290860435493,True,pressure_curvature_r0.01,e4_PSB11,False,False
30,12,5,cell,cell,5,27,46.98143069908099,0.8377688436525899,1.0474874158002727,True,pressure_curvature_r0.01,e4_PSB11,False,False
31,9,12,cell,cell,20,5,16.101029664490742,0.6860313928708602,0.8577655475263238,True,pressure_curvature_r0.01,e4_PSB11,False,False
32,13,9,cell,cell,35,20,26.766380679278164,0.9683875831394055,1.2108039283642937,True,pressure_curvature_r0.01,e4_PSB11,False,False
33,8,13,cell,cell,43,35,39.856901886942765,0.7183431972328644,0.8981659619215807,True,pressure_curvature_r0.01,e4_PSB11,False,False
34,9,14,cell,cell,20,24,33.638079706484376,0.789080360213972,0.9866107502585049,True,pressure_curvature_r0.01,e4_PSB11,False,False
35,14,12,cell,cell,24,5,30.558910671260772,0.7634730640124275,0.9545931827313564,True,pressure_curvature_r0.01,e4_PSB11,False,False
36,5,15,cell,cell,27,22,33.29826714363955,1.200273094375854,1.5007373112621163,True,pressure_curvature_r0.01,e4_PSB11,False,False
37,15,53,cell,outer,22,-1,46.0,,,False,pressure_curvature_r0.01,e4_PSB11,False,False
38,13,14,cell,cell,35,24,19.618572379333173,0.7236944630447937,0.9048568094495923,True,pressure_curvature_r0.01,e4_PSB11,False,False
39,11,13,cell,cell,53,35,7.851153477029276,2.0414470650483905,2.552482259112691,True,pressure_curvature_r0.01,e4_PSB11,False,False
40,12,15,cell,cell,5,22,16.38584513796548,1.316195052771451,1.6456779993222044,True,pressure_curvature_r0.01,e4_PSB11,False,False
41,16,11,cell,cell,14,53,23.95146935262323,1.1789535787745993,1.4740808839284059,True,pressure_curvature_r0.01,e4_PSB11,False,False
42,10,16,cell,cell,18,14,17.564166420508393,1.4275655514389407,1.7849278612972257,True,pressure_curvature_r0.01,e4_PSB11,False,False
43,17,10,cell,cell,48,18,42.78905023002095,1.1256950594500719,1.4074901659764592,True,pressure_curvature_r0.01,e4_PSB11,False,False
44,53,17,outer,cell,-1,48,12.0,,,False,pressure_curvature_r0.01,e4_PSB11,False,False
45,18,13,cell,cell,28,35,43.64469224648817,1.804791724892233,2.2565850166051797,True,pressure_curvature_r0.01,e4_PSB11,False,False
46,11,18,cell,cell,53,28,9.180742436470204,1.3874034746766162,1.7347120167719965,True,pressure_curvature_r0.01,e4_PSB11,False,False
47,17,16,cell,cell,48,14,11.386687866604657,0.8608437265305049,1.0763386312862766,True,pressure_curvature_r0.01,e4_PSB11,False,False
48,11,19,cell,cell,53,10,6.0,1.5415310135916813,1.9274222836493204,True,pressure_curvature_r0.01,e4_PSB11,False,False
49,19,18,cell,cell,10,28,38.460177512325785,1.7901804354937654,2.238316084918986,True,pressure_curvature_r0.01,e4_PSB11,False,False
50,16,19,cell,cell,14,10,35.59806984918406,0.9635173986986914,1.2047145912483028,True,pressure_curvature_r0.01,e4_PSB11,False,False
51,18,14,cell,cell,28,24,32.90968968352834,1.3524555213816312,1.6910155466038448,True,pressure_curvature_r0.01,e4_PSB11,False,False
52,20,17,cell,cell,46,48,31.597076155891145,0.5457160879689347,0.6823251295130047,True,pressure_curvature_r0.01,e4_PSB11,False,False
53,53,20,outer,cell,-1,46,36.0,,,False,pressure_curvature_r0.01,e4_PSB11,False,False
54,12,21,cell,cell,5,31,28.0,0.6236834426179866,0.7798100425136438,True,pressure_curvature_r0.01,e4_PSB11,False,False
55,17,22,cell,cell,48,49,13.695525301297291,0.7538759596109625,0.9425936363590819,True,pressure_curvature_r0.01,e4_PSB11,False,False
56,21,15,cell,cell,31,22,26.75708715821648,1.158101637007165,1.4480090781291381,True,pressure_curvature_r0.01,e4_PSB11,False,False
57,14,21,cell,cell,24,31,29.140751295318903,0.44285551769637943,0.5537154852670061,True,pressure_curvature_r0.01,e4_PSB11,False,False
58,22,16,cell,cell,49,14,29.161778373383545,0.5478470318174347,0.6849895122744224,True,pressure_curvature_r0.01,e4_PSB11,False,False
59,20,22,cell,cell,46,49,23.698851458103384,0.42078339647822816,0.5261180526443873,True,pressure_curvature_r0.01,e4_PSB11,False,False
60,22,19,cell,cell,49,10,8.603282008518697,0.9595376299891866,1.199738567524591,True,pressure_curvature_r0.01,e4_PSB11,False,False
61,23,15,cell,cell,6,22,22.979517944203657,1.0859422104737488,1.3577859911788406,True,pressure_curvature_r0.01,e4_PSB11,False,False
62,24,18,cell,cell,34,28,12.448546592765698,2.157866987435383,2.6980455664292253,True,pressure_curvature_r0.01,e4_PSB11,False,False
63,21,23,cell,cell,31,6,18.253601270935746,0.5602012179172662,0.700436320269343,True,pressure_curvature_r0.01,e4_PSB11,False,False
64,19,24,cell,cell,10,34,47.993476264994854,0.7284305758309162,0.9107785127700985,True,pressure_curvature_r0.01,e4_PSB11,False,False
65,23,53,cell,outer,6,-1,30.0,,,False,pressure_curvature_r0.01,e4_PSB11,False,False
66,25,21,cell,cell,55,31,18.835626061916667,0.8846945006337681,1.1061599667531556,True,pressure_curvature_r0.01,e4_PSB11,False,False
67,14,25,cell,cell,24,55,21.11793475233115,0.6664184142312733,0.8332428543431357,True,pressure_curvature_r0.01,e4_PSB11,False,False
68,26,14,cell,cell,13,24,19.624246775275708,2.6093227594890047,3.262514206674657,True,pressure_curvature_r0.01,e4_PSB11,False,False
69,18,26,cell,cell,28,13,20.25393802435987,2.28666615336265,2.859087011807123,True,pressure_curvature_r0.01,e4_PSB11,False,False
70,24,26,cell,cell,34,13,41.84683593512055,0.3166073496596957,0.39586362876957865,True,pressure_curvature_r0.01,e4_PSB11,False,False
71,22,27,cell,cell,49,36,30.86122213052211,0.8185752640674324,1.0234891097855043,True,pressure_curvature_r0.01,e4_PSB11,False,False
72,27,19,cell,cell,36,10,33.45295536769949,0.7482563829896363,0.9355673118095792,True,pressure_curvature_r0.01,e4_PSB11,False,True
73,20,27,cell,cell,46,36,23.854558015273895,0.8524982072396935,1.0659039791722997,True,pressure_curvature_r0.01,e4_PSB11,False,False
74,25,23,cell,cell,55,6,29.414685784470443,0.4260797315231757,0.5327402185932384,True,pressure_curvature_r0.01,e4_PSB11,False,False
75,28,14,cell,cell,4,24,17.250588169981974,2.310095359457825,2.8883812481980193,True,pressure_curvature_r0.01,e4_PSB11,False,False
76,26,28,cell,cell,13,4,29.936701982067177,1.073532238596963,1.3422694325602451,True,pressure_curvature_r0.01,e4_PSB11,False,False
77,28,25,cell,cell,4,55,41.337999100139896,1.929905651809231,2.413018697542182,True,pressure_curvature_r0.01,e4_PSB11,False,False
78,53,27,outer,cell,-1,36,42.0,,,False,pressure_curvature_r0.01,e4_PSB11,False,False
79,27,24,cell,cell,36,34,7.124377994300021,0.791612548741974,0.9897768212309601,True,pressure_curvature_r0.01,e4_PSB11,False,False
80,29,23,cell,cell,2,6,21.401243387140617,2.2745060844491842,2.843882914330085,True,pressure_curvature_r0.01,e4_PSB11,False,False
81,25,29,cell,cell,55,2,18.0,2.054797539265805,2.569174755907794,True,pressure_curvature_r0.01,e4_PSB11,False,False
82,28,29,cell,cell,4,2,17.975876996514067,0.7858530907634897,0.9825755988412738,True,pressure_curvature_r0.01,e4_PSB11,False,False
83,29,53,cell,outer,2,-1,25.0,,,False,pressure_curvature_r0.01,e4_PSB11,False,False
84,24,30,cell,cell,34,16,19.51762352603013,1.106808511447055,1.3838757507222297,True,pressure_curvature_r0.01,e4_PSB11,False,False
85,30,26,cell,cell,16,13,34.895259080130934,0.9194196118527784,1.1495778108157142,True,pressure_curvature_r0.01,e4_PSB11,False,False
86,31,24,cell,cell,12,34,6.760914487355245,1.0767437536098385,1.3462848857334306,True,pressure_curvature_r0.01,e4_PSB11,False,False
87,27,31,cell,cell,36,12,63.5557650084295,0.6425316094878208,0.8033764686903163,True,pressure_curvature_r0.01,e4_PSB11,False,False
88,32,28,cell,cell,3,4,1.4169730060943293,1.5851800736123596,1.981998007525406,True,pressure_curvature_r0.01,e4_PSB11,False,True
89,26,32,cell,cell,13,3,33.24851397634686,0.9486524768885192,1.1861285353798092,True,pressure_curvature_r0.01,e4_PSB11,False,True
90,33,28,cell,cell,44,4,38.923344465257706,1.2391101519789873,1.5492964447441229,True,pressure_curvature_r0.01,e4_PSB11,True,True
91,32,33,cell,cell,3,44,26.124249268759062,0.6560969259710462,0.8203375891893486,True,pressure_curvature_r0.01,e4_PSB11,False,False
92,31,30,cell,cell,12,16,5.0,0.7167699324747888,0.8961988619890727,True,pressure_curvature_r0.01,e4_PSB11,False,False
93,30,32,cell,cell,16,3,26.751044980649105,0.17064209639646144,0.21335891151281994,True,pressure_curvature_r0.01,e4_PSB11,False,False
94,34,30,cell,cell,17,16,42.458145292212336,0.48730507391269673,0.6092920934534608,True,pressure_curvature_r0.01,e4_PSB11,False,False
95,31,34,cell,cell,12,17,45.29191761021997,0.3602748318854492,0.4504623864790823,True,pressure_curvature_r0.01,e4_PSB11,False,False
96,33,29,cell,cell,44,2,26.18487126483863,0.9860749462171619,1.232918966877618,True,pressure_curvature_r0.01,e4_PSB11,False,True
97,27,35,cell,cell,36,39,20.372974620221996,0.7830136016609334,0.9790253007790278,True,pressure_curvature_r0.01,e4_PSB11,False,False
98,35,31,cell,cell,39,12,28.84730620673186,0.22715211879170016,0.2840150809014142,True,pressure_curvature_r0.01,e4_PSB11,False,False
99,53,35,outer,cell,-1,39,47.0,,,False,pressure_curvature_r0.01,e4_PSB11,False,False
100,29,36,cell,cell,2,52,23.591238415287478,0.9015871225826897,1.1272813166880842,True,pressure_curvature_r0.01,e4_PSB11,False,False
101,36,53,cell,outer,52,-1,44.0,,,False,pressure_curvature_r0.01,e4_PSB11,False,False
102,33,36,cell,cell,44,52,20.32916587079209,0.26085628763401925,0.32615641020701586,True,pressure_curvature_r0.01,e4_PSB11,False,False
103,34,32,cell,cell,17,3,34.08374592047476,0.502717941985984,0.6285632629060851,True,pressure_curvature_r0.01,e4_PSB11,False,False
104,37,33,cell,cell,23,44,31.691182861197298,0.5861743629443776,0.7329113195138085,True,pressure_curvature_r0.01,e4_PSB11,False,False
105,32,37,cell,cell,3,23,17.108691745550342,0.6359137804120073,0.7951019992715103,True,pressure_curvature_r0.01,e4_PSB11,False,False
106,33,38,cell,cell,44,37,31.011969919927207,0.47288098028343106,0.5912572182304736,True,pressure_curvature_r0.01,e4_PSB11,False,False
107,38,36,cell,cell,37,52,56.141925647365554,0.09563815173616863,0.11957923856091343,True,pressure_curvature_r0.01,e4_PSB11,False,False
108,34,37,cell,cell,17,23,19.007928531074032,0.24838911080568027,0.31056832652834265,True,pressure_curvature_r0.01,e4_PSB11,False,False
109,39,31,cell,cell,11,12,41.94780375377357,0.07028998316250568,0.08788566604903501,True,pressure_curvature_r0.01,e4_PSB11,False,False
110,35,39,cell,cell,39,11,37.445042278782736,0.18002102610869786,0.22508566755260043,True,pressure_curvature_r0.01,e4_PSB11,False,False
111,37,38,cell,cell,23,37,27.10946879333499,0.3202677129319219,0.40044029033197065,True,pressure_curvature_r0.01,e4_PSB11,False,False
112,39,34,cell,cell,11,17,5.495224961274173,0.14699166972268007,0.18378807642293649,True,pressure_curvature_r0.01,e4_PSB11,False,False
113,34,40,cell,cell,17,47,23.560849837795654,0.3039791296510307,0.3800741879909487,True,pressure_curvature_r0.01,e4_PSB11,False,False
114,52,34,gap,cell,-1,17,5.733926539789976,0.09839133645295794,0.12302162767106083,True,pressure_curvature_r0.01,e4_PSB11,False,False
115,40,37,cell,cell,47,23,36.726715651194,0.31279721710252906,0.3910997061954682,True,pressure_curvature_r0.01,e4_PSB11,False,False
116,39,52,cell,gap,11,-1,6.818197290791295,0.09839133645291365,0.12302162767100544,True,pressure_curvature_r0.01,e4_PSB11,False,False
117,39,34,cell,cell,11,17,3.8131291852998452,0.15698829031485073,0.19628714982506332,True,pressure_curvature_r0.01,e4_PSB11,False,False
118,41,34,cell,cell,38,17,20.374981603110722,0.6138488075238069,0.7675135044194045,True,pressure_curvature_r0.01,e4_PSB11,False,False
119,39,41,cell,cell,11,38,44.22947800421529,0.42796315864064216,0.5350951237906214,True,pressure_curvature_r0.01,e4_PSB11,False,False
120,42,34,cell,cell,29,17,23.378331457488617,0.5604608446325335,0.7007609393084832,True,pressure_curvature_r0.01,e4_PSB11,False,False
121,41,42,cell,cell,38,29,27.113836449275198,0.34723709048519347,0.4341609088690014,True,pressure_curvature_r0.01,e4_PSB11,False,False
122,42,40,cell,cell,29,47,32.959310096434024,0.3018767750420881,0.37744555120992956,True,pressure_curvature_r0.01,e4_PSB11,False,False
123,38,43,cell,cell,37,9,67.14728680914692,0.532209943379234,0.6654379934003647,True,pressure_curvature_r0.01,e4_PSB11,False,False
124,43,36,cell,cell,9,52,4.28730109467216,0.36615016916687243,0.457808496223437,True,pressure_curvature_r0.01,e4_PSB11,False,False
125,44,39,cell,cell,61,11,29.44025624336288,0.41481994996167726,0.5186617772908538,True,pressure_curvature_r0.01,e4_PSB11,False,False
126,35,44,cell,cell,39,61,10.0,0.6460956927081339,0.8078327484271778,True,pressure_curvature_r0.01,e4_PSB11,False,False
127,43,53,cell,outer,9,-1,60.124484748932566,,,False,pressure_curvature_r0.01,e4_PSB11,False,False
128,53,44,outer,cell,-1,61,20.0,,,False,pressure_curvature_r0.01,e4_PSB11,False,False
129,40,38,cell,cell,47,37,39.648017528441926,0.4422543607421558,0.5529638407659709,True,pressure_curvature_r0.01,e4_PSB11,False,False
130,45,40,cell,cell,32,47,49.26101875266252,0.7507910033875593,0.9387364234216554,True,pressure_curvature_r0.01,e4_PSB11,False,False
131,42,45,cell,cell,29,32,24.233239442850174,0.2680106161609773,0.3351016809189417,True,pressure_curvature_r0.01,e4_PSB11,False,False
132,46,44,cell,cell,62,61,13.149894406249267,0.17550682709128984,0.2194414296473845,True,pressure_curvature_r0.01,e4_PSB11,False,False
133,53,46,outer,cell,-1,62,8.0,,,False,pressure_curvature_r0.01,e4_PSB11,False,False
134,47,42,cell,cell,7,29,12.655842573321888,1.1310319703129237,1.414163065082747,True,pressure_curvature_r0.01,e4_PSB11,False,False
135,41,47,cell,cell,38,7,36.37274780627719,1.0720738454744876,1.340445960065825,True,pressure_curvature_r0.01,e4_PSB11,False,False
136,48,39,cell,cell,15,11,30.943420521023004,1.218371153050886,1.5233658547513422,True,pressure_curvature_r0.01,e4_PSB11,False,False
137,44,48,cell,cell,61,15,17.583546109667285,1.2698708957007965,1.5877575216788653,True,pressure_curvature_r0.01,e4_PSB11,False,False
138,39,47,cell,cell,11,7,5.725013742195401,1.2737301828935488,1.5925829037624744,True,pressure_curvature_r0.01,e4_PSB11,False,False
139,46,48,cell,cell,62,15,10.264816998043356,1.3088458975630604,1.636489130989516,True,pressure_curvature_r0.01,e4_PSB11,False,False
140,49,42,cell,cell,41,29,29.317908267413316,1.2694547762553159,1.5872372351035011,True,pressure_curvature_r0.01,e4_PSB11,False,False
141,47,49,cell,cell,7,41,32.03455724616955,0.2789966368950265,0.34883783087943065,True,pressure_curvature_r0.01,e4_PSB11,False,False
142,53,48,outer,cell,-1,15,70.12448474893256,,,False,pressure_curvature_r0.01,e4_PSB11,False,False
143,39,50,cell,cell,11,21,3.1836008691813857,1.4564648343643536,1.8210614981821216,True,pressure_curvature_r0.01,e4_PSB11,False,False
144,50,47,cell,cell,21,7,27.54620195488037,0.8079653192413674,1.0102231787690399,True,pressure_curvature_r0.01,e4_PSB11,False,False
145,48,50,cell,cell,15,21,22.73812229247665,1.1135280049274976,1.392277334183639,True,pressure_curvature_r0.01,e4_PSB11,False,False
146,40,43,cell,cell,47,9,5.0,1.1301499134979454,1.4130602030931767,True,pressure_curvature_r0.01,e4_PSB11,False,False
147,51,43,cell,cell,42,9,47.20314654894614,2.333481717524566,2.9176219104187653,True,pressure_curvature_r0.01,e4_PSB11,False,False
148,40,51,cell,cell,47,42,12.405384727327647,2.2333386820112553,2.7924100810758583,True,pressure_curvature_r0.01,e4_PSB11,False,False
149,49,45,cell,cell,41,32,46.09186007465461,1.4822607858672863,1.8533149470691768,True,pressure_curvature_r0.01,e4_PSB11,False,False
150,45,51,cell,cell,32,42,10.04002982299826,2.1622505802698115,2.7035265035216534,True,pressure_curvature_r0.01,e4_PSB11,False,False
151,49,51,cell,cell,41,42,3.0,1.5732898929997665,1.9671313594545827,True,pressure_curvature_r0.01,e4_PSB11,False,False
152,51,53,cell,outer,42,-1,64.0,,,False,pressure_curvature_r0.01,e4_PSB11,False,False
153,49,53,cell,outer,41,-1,92.0,,,False,pressure_curvature_r0.01,e4_PSB11,False,False
154,47,53,cell,outer,7,-1,14.0,,,False,pressure_curvature_r0.01,e4_PSB11,False,False
155,50,53,cell,outer,21,-1,27.0,,,False,pressure_curvature_r0.01,e4_PSB11,False,False
0,0,64,cell,outer,35,-1,42.124484748932566,,,False,tension_only_r0.1,e4_PSB12,False,False
1,64,1,outer,cell,-1,27,35.0,,,False,tension_only_r0.1,e4_PSB12,False,False
2,64,2,outer,cell,-1,48,71.0,,,False,tension_only_r0.1,e4_PSB12,False,False
3,64,3,outer,cell,-1,66,40.0,,,False,tension_only_r0.1,e4_PSB12,False,False
4,64,4,outer,cell,-1,63,44.0,,,False,tension_only_r0.1,e4_PSB12,False,False
5,64,5,outer,cell,-1,43,24.0,,,False,tension_only_r0.1,e4_PSB12,False,False
6,64,6,outer,cell,-1,57,43.124484748932566,,,False,tension_only_r0.1,e4_PSB12,False,False
7,1,0,cell,cell,27,35,17.652803588135463,0.4259274965334615,0.44647518581696055,True,tension_only_r0.1,e4_PSB12,False,False
8,2,1,cell,cell,48,27,23.850110442398456,0.338966066127222,0.35531854268982627,True,tension_only_r0.1,e4_PSB12,False,False
9,3,2,cell,cell,66,48,16.912768727558344,0.9242141367743553,0.9688002812905377,True,tension_only_r0.1,e4_PSB12,False,False
10,4,3,cell,cell,63,66,18.073296880379647,1.145284868597789,1.2005359566645852,True,tension_only_r0.1,e4_PSB12,False,False
11,5,4,cell,cell,43,63,59.34952567020366,0.37163431892736765,0.38956278462764304,True,tension_only_r0.1,e4_PSB12,False,False
12,6,5,cell,cell,57,43,24.934631839759987,1.1311101209645293,1.1856773876945705,True,tension_only_r0.1,e4_PSB12,False,False
13,7,3,cell,cell,22,66,23.59489765270165,0.9904056575001507,1.0381850281220564,True,tension_only_r0.1,e4_PSB12,False,False
14,4,7,cell,cell,63,22,17.33426508842161,0.8660325490122545,0.9078118843952249,True,tension_only_r0.1,e4_PSB12,False,False
15,7,2,cell,cell,22,48,17.61722251789634,0.96512107607614,1.0116806622817016,True,tension_only_r0.1,e4_PSB12,False,False
16,2,8,cell,cell,48,42,65.74845938796408,0.7208059673801883,0.7555792496217975,True,tension_only_r0.1,e4_PSB12,False,False
17,1,9,cell,cell,27,6,26.931751891813466,1.0135674557984269,1.0624642030596747,True,tension_only_r0.1,e4_PSB12,False,False
18,9,0,cell,cell,6,35,29.883238344976032,0.9447260526219132,0.9903017375572402,True,tension_only_r0.1,e4_PSB12,False,False
19,9,64,cell,outer,6,-1,33.0,,,False,tension_only_r0.1,e4_PSB12,False,False
20,10,2,cell,cell,55,48,12.254082188729553,1.0610449521960226,1.1122321194275144,True,tension_only_r0.1,e4_PSB12,False,False
21,8,10,cell,cell,42,55,31.526934130447966,0.44390812333191076,0.46532323802368714,True,tension_only_r0.1,e4_PSB12,False,False
22,11,5,cell,cell,61,43,37.425360843010154,0.7959044416520124,0.8343006412388534,True,tension_only_r0.1,e4_PSB12,False,False
23,6,11,cell,cell,57,61,9.531904173754295,0.7883956418060136,0.8264296001959766,True,tension_only_r0.1,e4_PSB12,False,False
24,10,9,cell,cell,55,6,32.560909384686,0.6483448224351501,0.6796224179611207,True,tension_only_r0.1,e4_PSB12,False,False
25,64,11,outer,cell,-1,61,21.0,,,False,tension_only_r0.1,e4_PSB12,False,False
26,5,7,cell,cell,43,22,14.124249268759066,0.9539815322379996,1.0000037220852398,True,tension_only_r0.1,e4_PSB12,False,False
27,7,8,cell,cell,22,42,6.34830330457291,0.8092875382194538,0.8483293681357685,True,tension_only_r0.1,e4_PSB12,False,False
28,12,8,cell,cell,2,42,12.800900945335108,0.7657619384361621,0.8027039966601022,True,tension_only_r0.1,e4_PSB12,False,False
29,7,12,cell,cell,22,2,38.06913465129291,0.5777631843659536,0.6056357647661813,True,tension_only_r0.1,e4_PSB12,False,False
30,8,13,cell,cell,42,24,31.39450575364416,0.8805073529370444,0.9229849850393081,True,tension_only_r0.1,e4_PSB12,False,False
31,13,10,cell,cell,24,55,30.05582386935196,0.7637346633186785,0.8005789212842523,True,tension_only_r0.1,e4_PSB12,False,False
32,5,12,cell,cell,43,2,20.182197235190138,1.0513551986077827,1.1020749105855394,True,tension_only_r0.1,e4_PSB12,False,False
33,12,13,cell,cell,2,24,21.565291057927436,0.7658153322776531,0.8027599663392029,True,tension_only_r0.1,e4_PSB12,False,False
34,14,11,cell,cell,50,61,18.69912885997915,0.9884859378132351,1.0361726968898444,True,tension_only_r0.1,e4_PSB12,False,False
35,64,14,outer,cell,-1,50,16.0,,,False,tension_only_r0.1,e4_PSB12,False,False
36,14,5,cell,cell,50,43,5.87835427629204,1.4247389892217293,1.4934715653030546,True,tension_only_r0.1,e4_PSB12,False,False
37,15,5,cell,cell,36,43,34.46781757094002,1.5577888135787117,1.6329400089611195,True,tension_only_r0.1,e4_PSB12,False,False
38,14,15,cell,cell,50,36,31.718677265007695,0.3492368312983826,0.36608479240508984,True,tension_only_r0.1,e4_PSB12,False,False
39,9,16,cell,cell,6,19,43.24825018509519,1.4148806081519352,1.4831375940149507,True,tension_only_r0.1,e4_PSB12,False,False
40,10,16,cell,cell,55,19,29.19719574886253,1.2981895104031107,1.3608170583026045,True,tension_only_r0.1,e4_PSB12,False,False
41,16,64,cell,outer,19,-1,47.0,,,False,tension_only_r0.1,e4_PSB12,False,False
42,17,12,cell,cell,13,2,39.6860528698881,1.332912208858141,1.3972148569207974,True,tension_only_r0.1,e4_PSB12,False,False
43,18,12,cell,cell,41,2,3.1836008691813857,1.6809716056179669,1.7620654127277149,True,tension_only_r0.1,e4_PSB12,False,False
44,5,18,cell,cell,43,41,29.89045911221156,1.9738041475367702,2.069024847444979,True,tension_only_r0.1,e4_PSB12,False,False
45,18,17,cell,cell,41,13,26.11698417153298,0.5975588060494736,0.6263863712460273,True,tension_only_r0.1,e4_PSB12,False,False
46,17,13,cell,cell,13,24,5.022769506046773,1.09673217275273,1.1496409708377333,True,tension_only_r0.1,e4_PSB12,False,False
47,13,16,cell,cell,24,19,2.2360802701559255,1.3379054905433716,1.4024490256147515,True,tension_only_r0.1,e4_PSB12,False,False
48,64,15,outer,cell,-1,36,10.0,,,False,tension_only_r0.1,e4_PSB12,False,False
49,13,19,cell,cell,24,16,9.891841679649163,1.5854650803389256,1.6619514403550903,True,tension_only_r0.1,e4_PSB12,False,False
50,20,13,cell,cell,46,24,46.696916404742865,1.5228876306346661,1.5963551153653843,True,tension_only_r0.1,e4_PSB12,False,False
51,19,16,cell,cell,16,19,58.17491309348958,1.1326118440471313,1.1872515572370568,True,tension_only_r0.1,e4_PSB12,False,False
52,15,18,cell,cell,36,41,19.12932529903781,1.074344875984939,1.1261736611061728,True,tension_only_r0.1,e4_PSB12,False,False
53,17,20,cell,cell,13,46,47.04271376371826,0.8072332624909493,0.8461759895793991,True,tension_only_r0.1,e4_PSB12,False,False
54,20,19,cell,cell,46,16,29.594944878408175,0.7211206055464986,0.7559090666327014,True,tension_only_r0.1,e4_PSB12,False,False
55,21,15,cell,cell,18,36,25.532298388146554,1.1259153370892683,1.180231995896993,True,tension_only_r0.1,e4_PSB12,False,False
56,64,21,outer,cell,-1,18,28.0,,,False,tension_only_r0.1,e4_PSB12,False,False
57,15,22,cell,cell,36,40,24.14998270784327,1.2533835751042917,1.3138495850799141,True,tension_only_r0.1,e4_PSB12,False,False
58,22,18,cell,cell,40,41,31.920085147270957,0.9379625520991713,0.9832119507337989,True,tension_only_r0.1,e4_PSB12,False,False
59,18,20,cell,cell,41,46,2.295888206165974,1.0461304459955492,1.0965981042924962,True,tension_only_r0.1,e4_PSB12,False,False
60,21,22,cell,cell,18,40,12.4291669036068,0.9195402727103427,0.9639009396339248,True,tension_only_r0.1,e4_PSB12,False,False
61,20,23,cell,cell,46,37,68.44434624061243,0.6302709578137462,0.6606766299315893,True,tension_only_r0.1,e4_PSB12,False,False
62,24,20,cell,cell,7,46,23.06059294405218,0.9372840095910691,0.9825006738266836,True,tension_only_r0.1,e4_PSB12,False,False
63,18,24,cell,cell,41,7,28.43445632266807,1.3147375477864132,1.3781634097961046,True,tension_only_r0.1,e4_PSB12,False,False
64,23,19,cell,cell,37,16,15.218922460602506,0.8484849399416885,0.8894177396541871,True,tension_only_r0.1,e4_PSB12,False,False
65,24,23,cell,cell,7,37,20.68635605301072,0.5687238664919194,0.596160370103205,True,tension_only_r0.1,e4_PSB12,False,False
66,25,22,cell,cell,39,40,34.65127883750807,1.503941360610905,1.5764948351575006,True,tension_only_r0.1,e4_PSB12,False,False
67,21,25,cell,cell,18,39,18.356265042247987,1.6149632798714129,1.692872698608485,True,tension_only_r0.1,e4_PSB12,False,False
68,16,26,cell,cell,19,21,25.30213343746012,1.6350215358207691,1.7138986094149957,True,tension_only_r0.1,e4_PSB12,False,False
69,26,64,cell,outer,21,-1,35.0,,,False,tension_only_r0.1,e4_PSB12,False,False
70,19,26,cell,cell,16,21,20.766448967972707,1.1727110809109624,1.2292852704291113,True,tension_only_r0.1,e4_PSB12,False,False
71,22,24,cell,cell,40,7,6.538604094354724,1.193307451662241,1.250875255891836,True,tension_only_r0.1,e4_PSB12,False,False
72,64,25,outer,cell,-1,39,42.0,,,False,tension_only_r0.1,e4_PSB12,False,False
73,22,27,cell,cell,40,54,15.361097533808257,0.9573966751295441,1.0035836190618466,True,tension_only_r0.1,e4_PSB12,False,False
74,27,24,cell,cell,54,7,46.45874142222701,0.8572279434792286,0.8985825251183603,True,tension_only_r0.1,e4_PSB12,False,False
75,28,19,cell,cell,34,16,32.785677091739146,1.3969372869548875,1.464328647114769,True,tension_only_r0.1,e4_PSB12,False,False
76,23,28,cell,cell,37,34,23.339413327008657,0.9538124450301746,0.999826477734623,True,tension_only_r0.1,e4_PSB12,False,False
77,25,27,cell,cell,39,54,40.03942961905058,0.9695645948791412,1.0163385463098469,True,tension_only_r0.1,e4_PSB12,False,False
78,23,29,cell,cell,37,31,17.25058816998197,1.1131802214957371,1.1668825100166522,True,tension_only_r0.1,e4_PSB12,False,False
79,28,26,cell,cell,34,21,8.790234924755492,1.3110788268846627,1.3743281840645978,True,tension_only_r0.1,e4_PSB12,False,False
80,29,28,cell,cell,31,34,46.30302162554803,0.2340746801312769,0.2453669630564626,True,tension_only_r0.1,e4_PSB12,False,False
81,23,30,cell,cell,37,10,26.124249268759062,0.9821731305065704,1.0295553457251294,True,tension_only_r0.1,e4_PSB12,False,False
82,30,29,cell,cell,10,31,39.56965859174168,0.2902216763025276,0.3042226151396193,True,tension_only_r0.1,e4_PSB12,False,False
83,24,30,cell,cell,7,10,40.03380989343503,0.9421730626081644,0.9876255856298479,True,tension_only_r0.1,e4_PSB12,False,False
84,31,26,cell,cell,68,21,25.989101889645585,1.0567588559351195,1.1077392523548535,True,tension_only_r0.1,e4_PSB12,False,False
85,28,31,cell,cell,34,68,29.921516197192375,0.5912501306257691,0.6197733512954919,True,tension_only_r0.1,e4_PSB12,False,False
86,26,32,cell,cell,21,30,6.069162784509904,1.3800494254580968,1.4466260776371058,True,tension_only_r0.1,e4_PSB12,False,False
87,32,64,cell,outer,30,-1,18.0,,,False,tension_only_r0.1,e4_PSB12,False,False
88,26,33,cell,cell,21,20,10.0,1.4117714899403246,1.4798784850291409,True,tension_only_r0.1,e4_PSB12,False,False
89,33,32,cell,cell,20,30,16.43089617481528,0.7998041160572108,0.8383884446064621,True,tension_only_r0.1,e4_PSB12,False,False
90,31,33,cell,cell,68,20,22.46295838223011,0.9220000647953586,0.9664793975573199,True,tension_only_r0.1,e4_PSB12,False,False
91,27,30,cell,cell,54,10,5.178132521123993,1.2131747487298394,1.2717009955356249,True,tension_only_r0.1,e4_PSB12,False,False
92,34,25,cell,cell,69,39,11.969993100810978,1.1734577113974802,1.2300679200300826,True,tension_only_r0.1,e4_PSB12,False,False
93,64,34,outer,cell,-1,69,12.0,,,False,tension_only_r0.1,e4_PSB12,False,False
94,35,27,cell,cell,33,54,14.685985086544248,1.8617130036836709,1.951526177630135,True,tension_only_r0.1,e4_PSB12,False,False
95,25,35,cell,cell,39,33,57.462260099229226,1.2657890632583362,1.3268535415603147,True,tension_only_r0.1,e4_PSB12,False,False
96,28,36,cell,cell,34,56,15.124249268759062,0.9525330638455419,0.9984853763575375,True,tension_only_r0.1,e4_PSB12,False,False
97,37,30,cell,cell,49,10,33.82196622283607,1.4646396596781681,1.5352971328028047,True,tension_only_r0.1,e4_PSB12,False,True
98,27,37,cell,cell,54,49,4.472160540311851,1.847727635964771,1.9368661246825465,True,tension_only_r0.1,e4_PSB12,False,True
99,36,31,cell,cell,56,68,18.964435372005713,0.5692778272900016,0.5967410552016597,True,tension_only_r0.1,e4_PSB12,False,True
100,29,36,cell,cell,31,56,29.030180911998205,0.9500095706849199,0.9958401442770394,True,tension_only_r0.1,e4_PSB12,False,True
101,35,37,cell,cell,33,49,9.178132521123993,1.3229797237510177,1.3868032066518678,True,tension_only_r0.1,e4_PSB12,False,False
102,38,25,cell,cell,8,39,7.124377994300021,1.7807901955504075,1.8666994733384796,True,tension_only_r0.1,e4_PSB12,False,False
103,34,38,cell,cell,69,8,10.408106828489116,0.9935226105219064,1.0414523498866697,True,tension_only_r0.1,e4_PSB12,False,False
104,38,35,cell,cell,8,33,26.06476390061315,0.6403209245603315,0.6712114294154339,True,tension_only_r0.1,e4_PSB12,False,False
105,39,29,cell,cell,28,31,35.378187293118934,1.3858791389097753,1.4527370294253366,True,tension_only_r0.1,e4_PSB12,True,True
106,30,39,cell,cell,10,28,8.124249268759064,1.536524239259891,1.6106495843053161,True,tension_only_r0.1,e4_PSB12,False,True
107,33,64,cell,outer,20,-1,19.0,,,False,tension_only_r0.1,e4_PSB12,False,False
108,37,39,cell,cell,49,28,13.356265042247987,0.694814776753196,0.728334186179694,True,tension_only_r0.1,e4_PSB12,False,False
109,36,33,cell,cell,56,20,14.65914839979995,0.7782986774657739,0.8158455358500823,True,tension_only_r0.1,e4_PSB12,False,False
110,39,36,cell,cell,28,56,12.694159399210601,0.6917224749350557,0.7250927048475587,True,tension_only_r0.1,e4_PSB12,False,False
111,64,38,outer,cell,-1,8,35.0,,,False,tension_only_r0.1,e4_PSB12,False,False
112,35,40,cell,cell,33,47,51.512475121124474,0.5184386323223451,0.5434492644515738,True,tension_only_r0.1,e4_PSB12,False,False
113,40,37,cell,cell,47,49,4.135128242442549,1.286225760139835,1.3482761501308211,True,tension_only_r0.1,e4_PSB12,False,False
114,41,37,cell,cell,11,49,28.53191991653262,0.9809172775382289,1.028238907617793,True,tension_only_r0.1,e4_PSB12,False,False
115,40,41,cell,cell,47,11,34.561807097647794,0.8924122504581455,0.9354642012818029,True,tension_only_r0.1,e4_PSB12,False,False
116,42,36,cell,cell,29,56,47.80172594846506,1.0281117946661673,1.0777101931669348,True,tension_only_r0.1,e4_PSB12,False,False
117,39,42,cell,cell,28,29,16.486283384988592,0.7882150435176283,0.8262402894446836,True,tension_only_r0.1,e4_PSB12,False,False
118,37,43,cell,cell,49,5,9.97247382058892,1.0035762796418257,1.0519910303545685,True,tension_only_r0.1,e4_PSB12,False,False
119,43,39,cell,cell,5,28,41.59808015029495,0.8134637634827088,0.852707063789608,True,tension_only_r0.1,e4_PSB12,False,False
120,38,40,cell,cell,8,47,6.3672017383627715,0.7025532990571317,0.7364460320025592,True,tension_only_r0.1,e4_PSB12,False,False
121,42,33,cell,cell,29,20,9.542151311825432,0.9323389821352335,0.977317087253421,True,tension_only_r0.1,e4_PSB12,False,False
122,33,44,cell,cell,20,25,30.1839715151407,1.3619361107920431,1.4276389364050721,True,tension_only_r0.1,e4_PSB12,False,False
123,45,40,cell,cell,51,47,40.720583038511734,0.7936114550359534,0.8318970358510517,True,tension_only_r0.1,e4_PSB12,False,False
124,38,45,cell,cell,8,51,37.722153753346035,1.0331787957811576,1.0830216376798212,True,tension_only_r0.1,e4_PSB12,False,False
125,44,64,cell,outer,25,-1,32.0,,,False,tension_only_r0.1,e4_PSB12,False,False
126,41,43,cell,cell,11,5,19.550066317987966,1.1162883481825825,1.170140579644338,True,tension_only_r0.1,e4_PSB12,False,False
127,42,44,cell,cell,29,25,42.06704834978439,0.826439699360177,0.8663089876597343,True,tension_only_r0.1,e4_PSB12,False,False
128,43,42,cell,cell,5,29,15.289098866329942,0.9216073591339469,0.9660677469018043,True,tension_only_r0.1,e4_PSB12,False,False
129,46,42,cell,cell,4,29,22.47828726105685,1.4257935398808583,1.4945769898302805,True,tension_only_r0.1,e4_PSB12,False,False
130,43,46,cell,cell,5,4,27.155549467093852,1.0025587723833393,1.050924436283981,True,tension_only_r0.1,e4_PSB12,False,False
131,38,47,cell,cell,8,26,3.0,1.5225335946518475,1.595983999899721,True,tension_only_r0.1,e4_PSB12,False,False
132,47,45,cell,cell,26,51,24.971564759227164,0.9325709503119106,0.977560246090614,True,tension_only_r0.1,e4_PSB12,False,False
133,64,47,outer,cell,-1,26,43.0,,,False,tension_only_r0.1,e4_PSB12,False,False
134,48,41,cell,cell,67,11,16.492989896006847,1.1826606436927023,1.239714822237645,True,tension_only_r0.1,e4_PSB12,False,False
135,40,48,cell,cell,47,67,1.0,1.3950720990807084,1.462373478431166,True,tension_only_r0.1,e4_PSB12,False,False
136,45,48,cell,cell,51,67,35.56499283571689,0.7018017670168567,0.735658244385981,True,tension_only_r0.1,e4_PSB12,False,False
137,49,43,cell,cell,17,5,25.102499791051194,1.3435715789358977,1.4083884587072326,True,tension_only_r0.1,e4_PSB12,False,False
138,41,49,cell,cell,11,17,13.212779018306962,1.3313726276556506,1.3956010028985595,True,tension_only_r0.1,e4_PSB12,False,False
139,50,44,cell,cell,52,25,62.081850430017234,0.873289630198449,0.9154190633105697,True,tension_only_r0.1,e4_PSB12,False,False
140,42,50,cell,cell,29,52,7.1781325211239935,1.486824522338734,1.5585522425557898,True,tension_only_r0.1,e4_PSB12,False,False
141,41,51,cell,cell,11,58,23.0,1.256931150137993,1.3175683030196161,True,tension_only_r0.1,e4_PSB12,False,False
142,46,50,cell,cell,4,52,7.129688755600806,0.8479213631004476,0.8888269746132751,True,tension_only_r0.1,e4_PSB12,False,False
143,49,46,cell,cell,17,4,13.033671808387798,0.7860291064336408,0.8239488978963551,True,tension_only_r0.1,e4_PSB12,False,False
144,51,49,cell,cell,58,17,18.288470448781553,0.7330312083075119,0.7683942633485646,True,tension_only_r0.1,e4_PSB12,False,False
145,48,51,cell,cell,67,58,15.638755513070794,0.6970270981134978,0.7306532348404794,True,tension_only_r0.1,e4_PSB12,False,False
146,50,64,cell,outer,52,-1,31.0,,,False,tension_only_r0.1,e4_PSB12,False,False
147,52,50,cell,cell,14,52,30.585227056240857,1.0806846422242016,1.1328192717623247,True,tension_only_r0.1,e4_PSB12,False,False
148,46,52,cell,cell,4,14,39.6342458276001,0.9763004584600377,1.0233993629239304,True,tension_only_r0.1,e4_PSB12,False,False
149,45,53,cell,cell,51,1,20.21791953948708,1.102875338083297,1.156080496120304,True,tension_only_r0.1,e4_PSB12,False,False
150,53,48,cell,cell,1,67,25.23405262200765,0.8021938111758078,0.8408934239299504,True,tension_only_r0.1,e4_PSB12,False,False
151,47,53,cell,cell,26,1,25.34108642927835,0.6368267818630939,0.6675487215068884,True,tension_only_r0.1,e4_PSB12,False,False
152,49,52,cell,cell,17,14,9.26536703940237,0.9539779814506357,1.0,True,tension_only_r0.1,e4_PSB12,False,False
153,54,51,cell,cell,38,58,31.542665924223336,0.8333628939361958,0.8735661725325877,True,tension_only_r0.1,e4_PSB12,False,False
154,48,54,cell,cell,67,38,17.92742930313646,1.2716032289808057,1.3329481955623161,True,tension_only_r0.1,e4_PSB12,False,False
155,54,49,cell,cell,38,17,1.4169730060943293,1.123735041900867,1.1779465184218356,True,tension_only_r0.1,e4_PSB12,False,False
156,55,52,cell,cell,15,14,15.219525950896188,0.8627381962338627,0.9043586047153498,True,tension_only_r0.1,e4_PSB12,False,False
157,49,55,cell,cell,17,15,31.0,1.3013631507481955,1.3641438021130423,True,tension_only_r0.1,e4_PSB12,False,False
158,54,55,cell,cell,38,15,30.695463970055403,0.7744962946157792,0.8118597175985828,True,tension_only_r0.1,e4_PSB12,False,False
159,53,54,cell,cell,1,38,8.561511268075947,1.179881754867941,1.2368018736384168,True,tension_only_r0.1,e4_PSB12,False,False
160,52,56,cell,cell,14,23,10.418939381901126,0.37025509285713587,0.3881170216257187,True,tension_only_r0.1,e4_PSB12,False,False
161,56,50,cell,cell,23,52,21.702308713922914,1.2347339642267312,1.2943002755149264,True,tension_only_r0.1,e4_PSB12,False,False
162,52,57,cell,cell,14,3,44.50242124330944,0.6148958682888825,0.6445598119087205,True,tension_only_r0.1,e4_PSB12,False,False
163,57,56,cell,cell,3,23,26.232062395010065,0.37683142996440755,0.3950106158544572,True,tension_only_r0.1,e4_PSB12,False,False
164,55,57,cell,cell,15,3,6.414341516820876,0.7087252846610063,0.74291576791249,True,tension_only_r0.1,e4_PSB12,False,False
165,58,54,cell,cell,62,38,35.396346939904234,0.7460490195869469,0.7820400827831389,True,tension_only_r0.1,e4_PSB12,False,False
166,53,58,cell,cell,1,62,15.75978163037901,1.4033331331466363,1.4710330431449825,True,tension_only_r0.1,e4_PSB12,False,False
167,47,59,cell,cell,26,32,11.302639240964972,0.9295132251559534,0.9743550094757105,True,tension_only_r0.1,e4_PSB12,False,False
168,59,53,cell,cell,32,1,39.8437357237125,0.6048019131113352,0.6339789018942165,True,tension_only_r0.1,e4_PSB12,False,False
169,55,60,cell,cell,15,60,42.854541986188714,0.8519102417263601,0.8930082856115089,True,tension_only_r0.1,e4_PSB12,False,False
170,60,57,cell,cell,60,3,25.133810340851845,0.6438091298015155,0.6748679134318467,True,tension_only_r0.1,e4_PSB12,False,False
171,64,59,outer,cell,-1,32,63.124484748932566,,,False,tension_only_r0.1,e4_PSB12,False,False
172,50,61,cell,cell,52,45,35.25950623674257,0.8640067011991618,0.9056883051801028,True,tension_only_r0.1,e4_PSB12,False,False
173,61,64,cell,outer,45,-1,54.124484748932566,,,False,tension_only_r0.1,e4_PSB12,False,False
174,56,61,cell,cell,23,45,18.56620804228648,1.0113562150574786,1.060146287149723,True,tension_only_r0.1,e4_PSB12,False,False
175,59,58,cell,cell,32,62,17.151676269412423,1.2438612201903751,1.3038678505964445,True,tension_only_r0.1,e4_PSB12,False,False
176,58,55,cell,cell,62,15,8.156863915511133,0.9433953442747067,0.9889068328811563,True,tension_only_r0.1,e4_PSB12,False,False
177,62,55,cell,cell,44,15,18.384012956583547,0.9832808195509407,1.030716472151429,True,tension_only_r0.1,e4_PSB12,False,False
178,58,62,cell,cell,62,44,8.782586036240005,0.8733155096548947,0.9154461912495252,True,tension_only_r0.1,e4_PSB12,False,False
179,57,63,cell,cell,3,9,22.17813252112399,0.9069069522523778,0.9506581597127841,True,tension_only_r0.1,e4_PSB12,False,False
180,63,56,cell,cell,9,23,10.279723115588272,0.8911540010639911,0.934145251139745,True,tension_only_r0.1,e4_PSB12,False,False
181,60,63,cell,cell,60,9,7.455100068180972,0.7139263772687776,0.7483677727898589,True,tension_only_r0.1,e4_PSB12,False,False
182,62,60,cell,cell,44,60,4.178261246664951,0.6300922829962324,0.6604893354436787,True,tension_only_r0.1,e4_PSB12,False,False
183,56,64,cell,outer,23,-1,21.0,,,False,tension_only_r0.1,e4_PSB12,False,False
184,63,64,cell,outer,9,-1,35.0,,,False,tension_only_r0.1,e4_PSB12,False,False
185,60,64,cell,outer,60,-1,50.0,,,False,tension_only_r0.1,e4_PSB12,False,False
186,62,64,cell,outer,44,-1,24.0,,,False,tension_only_r0.1,e4_PSB12,False,False
187,58,64,cell,outer,62,-1,48.0,,,False,tension_only_r0.1,e4_PSB12,False,False
0,0,64,cell,outer,35,-1,42.124484748932566,,,False,pressure_curvature_r0.1,e4_PSB12,False,False
1,64,1,outer,cell,-1,27,35.0,,,False,pressure_curvature_r0.1,e4_PSB12,False,False
2,64,2,outer,cell,-1,48,71.0,,,False,pressure_curvature_r0.1,e4_PSB12,False,False
3,64,3,outer,cell,-1,66,40.0,,,False,pressure_curvature_r0.1,e4_PSB12,False,False
4,64,4,outer,cell,-1,63,44.0,,,False,pressure_curvature_r0.1,e4_PSB12,False,False
5,64,5,outer,cell,-1,43,24.0,,,False,pressure_curvature_r0.1,e4_PSB12,False,False
6,64,6,outer,cell,-1,57,43.124484748932566,,,False,pressure_curvature_r0.1,e4_PSB12,False,False
7,1,0,cell,cell,27,35,17.652803588135463,1.2615827460291518,1.3108096531056848,True,pressure_curvature_r0.1,e4_PSB12,False,False
8,2,1,cell,cell,48,27,23.850110442398456,0.17430789148510506,0.18110937827132761,True,pressure_curvature_r0.1,e4_PSB12,False,False
9,3,2,cell,cell,66,48,16.912768727558344,0.7387849812886753,0.7676123409984563,True,pressure_curvature_r0.1,e4_PSB12,False,False
10,4,3,cell,cell,63,66,18.073296880379647,0.45890680640691073,0.47681333119641467,True,pressure_curvature_r0.1,e4_PSB12,False,False
11,5,4,cell,cell,43,63,59.34952567020366,0.3627822062470529,0.37693795307551387,True,pressure_curvature_r0.1,e4_PSB12,False,False
12,6,5,cell,cell,57,43,24.934631839759987,1.6023935981828819,1.6649189307510852,True,pressure_curvature_r0.1,e4_PSB12,False,False
13,7,3,cell,cell,22,66,23.59489765270165,0.77595672019846,0.8062345196379731,True,pressure_curvature_r0.1,e4_PSB12,False,False
14,4,7,cell,cell,63,22,17.33426508842161,0.5461418187457755,0.5674522501436584,True,pressure_curvature_r0.1,e4_PSB12,False,False
15,7,2,cell,cell,22,48,17.61722251789634,0.6418288606961451,0.6668729965516588,True,pressure_curvature_r0.1,e4_PSB12,False,False
16,2,8,cell,cell,48,42,65.74845938796408,0.6589686687481981,0.6846815992118687,True,pressure_curvature_r0.1,e4_PSB12,False,False
17,1,9,cell,cell,27,6,26.931751891813466,1.218347601460132,1.2658874749664624,True,pressure_curvature_r0.1,e4_PSB12,False,False
18,9,0,cell,cell,6,35,29.883238344976032,1.0984552810752235,1.141316961150838,True,pressure_curvature_r0.1,e4_PSB12,False,False
19,9,64,cell,outer,6,-1,33.0,,,False,pressure_curvature_r0.1,e4_PSB12,False,False
20,10,2,cell,cell,55,48,12.254082188729553,1.2108268037461785,1.2580732160337567,True,pressure_curvature_r0.1,e4_PSB12,False,False
21,8,10,cell,cell,42,55,31.526934130447966,0.7486041849208274,0.7778146895541475,True,pressure_curvature_r0.1,e4_PSB12,False,False
22,11,5,cell,cell,61,43,37.425360843010154,1.285479353972511,1.3356387057122057,True,pressure_curvature_r0.1,e4_PSB12,False,False
23,6,11,cell,cell,57,61,9.531904173754295,1.1535454254261017,1.1985567206778347,True,pressure_curvature_r0.1,e4_PSB12,False,False
24,10,9,cell,cell,55,6,32.560909384686,0.47069123643658606,0.4890575892031661,True,pressure_curvature_r0.1,e4_PSB12,False,False
25,64,11,outer,cell,-1,61,21.0,,,False,pressure_curvature_r0.1,e4_PSB12,False,False
26,5,7,cell,cell,43,22,14.124249268759066,0.8911056906083936,0.9258765981568831,True,pressure_curvature_r0.1,e4_PSB12,False,False
27,7,8,cell,cell,22,42,6.34830330457291,0.9350575252897186,0.9715434316272378,True,pressure_curvature_r0.1,e4_PSB12,False,False
28,12,8,cell,cell,2,42,12.800900945335108,0.9774815983932476,1.0156228903256068,True,pressure_curvature_r0.1,e4_PSB12,False,False
29,7,12,cell,cell,22,2,38.06913465129291,0.6800249271002385,0.7065594719023565,True,pressure_curvature_r0.1,e4_PSB12,False,False
30,8,13,cell,cell,42,24,31.39450575364416,1.0159790284614414,1.0556224885382344,True,pressure_curvature_r0.1,e4_PSB12,False,False
31,13,10,cell,cell,24,55,30.05582386935196,0.654086264161395,0.6796086833980683,True,pressure_curvature_r0.1,e4_PSB12,False,False
32,5,12,cell,cell,43,2,20.182197235190138,1.1809968149487609,1.2270792622952789,True,pressure_curvature_r0.1,e4_PSB12,False,False
33,12,13,cell,cell,2,24,21.565291057927436,0.7624780237417087,0.7922298849975571,True,pressure_curvature_r0.1,e4_PSB12,False,False
34,14,11,cell,cell,50,61,18.69912885997915,1.0798006408537595,1.1219344176320132,True,pressure_curvature_r0.1,e4_PSB12,False,False
35,64,14,outer,cell,-1,50,16.0,,,False,pressure_curvature_r0.1,e4_PSB12,False,False
36,14,5,cell,cell,50,43,5.87835427629204,1.5690242614163026,1.6302475238306582,True,pressure_curvature_r0.1,e4_PSB12,False,False
37,15,5,cell,cell,36,43,34.46781757094002,1.8537375851214657,1.926070349765143,True,pressure_curvature_r0.1,e4_PSB12,False,False
38,14,15,cell,cell,50,36,31.718677265007695,0.38954936396299933,0.40474956418917296,True,pressure_curvature_r0.1,e4_PSB12,False,False
39,9,16,cell,cell,6,19,43.24825018509519,1.4793653586276858,1.5370901343275938,True,pressure_curvature_r0.1,e4_PSB12,False,False
40,10,16,cell,cell,55,19,29.19719574886253,1.3222828899269432,1.3738783141321336,True,pressure_curvature_r0.1,e4_PSB12,False,False
41,16,64,cell,outer,19,-1,47.0,,,False,pressure_curvature_r0.1,e4_PSB12,False,False
42,17,12,cell,cell,13,2,39.6860528698881,1.5142889151736028,1.5733764066194886,True,pressure_curvature_r0.1,e4_PSB12,False,False
43,18,12,cell,cell,41,2,3.1836008691813857,1.4622824484614128,1.5193406497063366,True,pressure_curvature_r0.1,e4_PSB12,False,False
44,5,18,cell,cell,43,41,29.89045911221156,1.9260478430288726,2.0012021509743207,True,pressure_curvature_r0.1,e4_PSB12,False,False
45,18,17,cell,cell,41,13,26.11698417153298,0.6949930255139687,0.7221116249031078,True,pressure_curvature_r0.1,e4_PSB12,False,False
46,17,13,cell,cell,13,24,5.022769506046773,1.3187995149185245,1.370259017973563,True,pressure_curvature_r0.1,e4_PSB12,False,False
47,13,16,cell,cell,24,19,2.2360802701559255,1.3453407617924753,1.3978359032134249,True,pressure_curvature_r0.1,e4_PSB12,False,False
48,64,15,outer,cell,-1,36,10.0,,,False,pressure_curvature_r0.1,e4_PSB12,False,False
49,13,19,cell,cell,24,16,9.891841679649163,1.5124871042115196,1.571504289067466,True,pressure_curvature_r0.1,e4_PSB12,False,False
50,20,13,cell,cell,46,24,46.696916404742865,1.2849651144145802,1.3351044005477875,True,pressure_curvature_r0.1,e4_PSB12,False,False
51,19,16,cell,cell,16,19,58.17491309348958,1.2118207288298166,1.2591059240334481,True,pressure_curvature_r0.1,e4_PSB12,False,False
52,15,18,cell,cell,36,41,19.12932529903781,0.5999058184979233,0.6233141189640002,True,pressure_curvature_r0.1,e4_PSB12,False,False
53,17,20,cell,cell,13,46,47.04271376371826,0.6103585451612361,0.6341747105935792,True,pressure_curvature_r0.1,e4_PSB12,False,False
54,20,19,cell,cell,46,16,29.594944878408175,0.5858189639098585,0.6086775958868965,True,pressure_curvature_r0.1,e4_PSB12,False,False
55,21,15,cell,cell,18,36,25.532298388146554,1.1133820812368258,1.156826204443355,True,pressure_curvature_r0.1,e4_PSB12,False,False
56,64,21,outer,cell,-1,18,28.0,,,False,pressure_curvature_r0.1,e4_PSB12,False,False
57,15,22,cell,cell,36,40,24.14998270784327,1.0924471721829925,1.13507441609572,True,pressure_curvature_r0.1,e4_PSB12,False,False
58,22,18,cell,cell,40,41,31.920085147270957,0.6176576369072491,0.641758612600556,True,pressure_curvature_r0.1,e4_PSB12,False,False
59,18,20,cell,cell,41,46,2.295888206165974,0.4894168304935562,0.5085138551732523,True,pressure_curvature_r0.1,e4_PSB12,False,False
60,21,22,cell,cell,18,40,12.4291669036068,0.9144128225261244,0.9500931734074003,True,pressure_curvature_r0.1,e4_PSB12,False,False
61,20,23,cell,cell,46,37,68.44434624061243,0.43499735141819673,0.4519709302533552,True,pressure_curvature_r0.1,e4_PSB12,False,False
62,24,20,cell,cell,7,46,23.06059294405218,0.7370031068437031,0.7657609378856256,True,pressure_curvature_r0.1,e4_PSB12,False,False
63,18,24,cell,cell,41,7,28.43445632266807,0.8606665124956862,0.8942496845609846,True,pressure_curvature_r0.1,e4_PSB12,False,False
64,23,19,cell,cell,37,16,15.218922460602506,0.7263316475442042,0.7546730786813556,True,pressure_curvature_r0.1,e4_PSB12,False,False
65,24,23,cell,cell,7,37,20.68635605301072,0.6265182547068251,0.650964971343747,True,pressure_curvature_r0.1,e4_PSB12,False,False
66,25,22,cell,cell,39,40,34.65127883750807,1.4747423725243745,1.5322867594958856,True,pressure_curvature_r0.1,e4_PSB12,False,False
67,21,25,cell,cell,18,39,18.356265042247987,1.6093510335790506,1.6721478449914409,True,pressure_curvature_r0.1,e4_PSB12,False,False
68,16,26,cell,cell,19,21,25.30213343746012,1.6675318922312763,1.7325989183652302,True,pressure_curvature_r0.1,e4_PSB12,False,False
69,26,64,cell,outer,21,-1,35.0,,,False,pressure_curvature_r0.1,e4_PSB12,False,False
70,19,26,cell,cell,16,21,20.766448967972707,0.9797332527667248,1.017962404160511,True,pressure_curvature_r0.1,e4_PSB12,False,False
71,22,24,cell,cell,40,7,6.538604094354724,0.7400968042581787,0.7689753512464984,True,pressure_curvature_r0.1,e4_PSB12,False,False
72,64,25,outer,cell,-1,39,42.0,,,False,pressure_curvature_r0.1,e4_PSB12,False,False
73,22,27,cell,cell,40,54,15.361097533808257,0.9492960135255709,0.9863375050908547,True,pressure_curvature_r0.1,e4_PSB12,False,False
74,27,24,cell,cell,54,7,46.45874142222701,0.6633857021980518,0.6892709851260171,True,pressure_curvature_r0.1,e4_PSB12,False,False
75,28,19,cell,cell,34,16,32.785677091739146,1.1506830544479856,1.1955826601013932,True,pressure_curvature_r0.1,e4_PSB12,False,False
76,23,28,cell,cell,37,34,23.339413327008657,0.8391585526324754,0.871902484984862,True,pressure_curvature_r0.1,e4_PSB12,False,False
77,25,27,cell,cell,39,54,40.03942961905058,0.9996032426198136,1.0386077202038067,True,pressure_curvature_r0.1,e4_PSB12,False,False
78,23,29,cell,cell,37,31,17.25058816998197,1.2791541648282725,1.3290667079466343,True,pressure_curvature_r0.1,e4_PSB12,False,False
79,28,26,cell,cell,34,21,8.790234924755492,0.6927987049135779,0.7198316820027675,True,pressure_curvature_r0.1,e4_PSB12,False,False
80,29,28,cell,cell,31,34,46.30302162554803,0.41704340856888833,0.4333164252894474,True,pressure_curvature_r0.1,e4_PSB12,False,False
81,23,30,cell,cell,37,10,26.124249268759062,0.9684721871317008,1.0062619322056534,True,pressure_curvature_r0.1,e4_PSB12,False,False
82,30,29,cell,cell,10,31,39.56965859174168,0.42571138543722475,0.4423226262601522,True,pressure_curvature_r0.1,e4_PSB12,False,False
83,24,30,cell,cell,7,10,40.03380989343503,0.8177342704946535,0.8496422282355456,True,pressure_curvature_r0.1,e4_PSB12,False,False
84,31,26,cell,cell,68,21,25.989101889645585,0.42809925079458794,0.44480366602595445,True,pressure_curvature_r0.1,e4_PSB12,False,False
85,28,31,cell,cell,34,68,29.921516197192375,0.394866162177835,0.41027382365257925,True,pressure_curvature_r0.1,e4_PSB12,False,False
86,26,32,cell,cell,21,30,6.069162784509904,0.5868133688896053,0.609710802508223,True,pressure_curvature_r0.1,e4_PSB12,False,False
87,32,64,cell,outer,30,-1,18.0,,,False,pressure_curvature_r0.1,e4_PSB12,False,False
88,26,33,cell,cell,21,20,10.0,0.616446902452061,0.6405006353365174,True,pressure_curvature_r0.1,e4_PSB12,False,False
89,33,32,cell,cell,20,30,16.43089617481528,0.5122486376438818,0.5322365585034092,True,pressure_curvature_r0.1,e4_PSB12,False,False
90,31,33,cell,cell,68,20,22.46295838223011,0.5961579414925877,0.6194199999514267,True,pressure_curvature_r0.1,e4_PSB12,False,False
91,27,30,cell,cell,54,10,5.178132521123993,1.0092297470426232,1.0486098504348997,True,pressure_curvature_r0.1,e4_PSB12,False,False
92,34,25,cell,cell,69,39,11.969993100810978,1.0864583489225683,1.128851909196972,True,pressure_curvature_r0.1,e4_PSB12,False,False
93,64,34,outer,cell,-1,69,12.0,,,False,pressure_curvature_r0.1,e4_PSB12,False,False
94,35,27,cell,cell,33,54,14.685985086544248,2.0013641498142913,2.0794572969656047,True,pressure_curvature_r0.1,e4_PSB12,False,False
95,25,35,cell,cell,39,33,57.462260099229226,1.2191440135309108,1.2667149630036225,True,pressure_curvature_r0.1,e4_PSB12,False,False
96,28,36,cell,cell,34,56,15.124249268759062,1.0443562428089943,1.0851069806273184,True,pressure_curvature_r0.1,e4_PSB12,False,False
97,37,30,cell,cell,49,10,33.82196622283607,1.5994163363159182,1.661825496248019,True,pressure_curvature_r0.1,e4_PSB12,False,True
98,27,37,cell,cell,54,49,4.472160540311851,1.945318521565536,2.0212247705981716,True,pressure_curvature_r0.1,e4_PSB12,False,True
99,36,31,cell,cell,56,68,18.964435372005713,0.668269169062621,0.6943450046676185,True,pressure_curvature_r0.1,e4_PSB12,False,True
100,29,36,cell,cell,31,56,29.030180911998205,1.1853652376627655,1.2316181406846565,True,pressure_curvature_r0.1,e4_PSB12,False,True
101,35,37,cell,cell,33,49,9.178132521123993,1.281336438368136,1.331334133710639,True,pressure_curvature_r0.1,e4_PSB12,False,False
102,38,25,cell,cell,8,39,7.124377994300021,1.7892213545648015,1.8590366985346964,True,pressure_curvature_r0.1,e4_PSB12,False,False
103,34,38,cell,cell,69,8,10.408106828489116,1.330799313554485,1.3827270482607956,True,pressure_curvature_r0.1,e4_PSB12,False,False
104,38,35,cell,cell,8,33,26.06476390061315,0.8001082050723962,0.8313283944624628,True,pressure_curvature_r0.1,e4_PSB12,False,False
105,39,29,cell,cell,28,31,35.378187293118934,1.549045016062966,1.60948868914197,True,pressure_curvature_r0.1,e4_PSB12,True,True
106,30,39,cell,cell,10,28,8.124249268759064,1.697841923019452,1.7640916453132833,True,pressure_curvature_r0.1,e4_PSB12,False,True
107,33,64,cell,outer,20,-1,19.0,,,False,pressure_curvature_r0.1,e4_PSB12,False,False
108,37,39,cell,cell,49,28,13.356265042247987,0.8102123616295644,0.8418268147946327,True,pressure_curvature_r0.1,e4_PSB12,False,False
109,36,33,cell,cell,56,20,14.65914839979995,0.4898461921694704,0.5089599705241744,True,pressure_curvature_r0.1,e4_PSB12,False,False
110,39,36,cell,cell,28,56,12.694159399210601,0.2994773337920582,0.3111629270902475,True,pressure_curvature_r0.1,e4_PSB12,False,False
111,64,38,outer,cell,-1,8,35.0,,,False,pressure_curvature_r0.1,e4_PSB12,False,False
112,35,40,cell,cell,33,47,51.512475121124474,0.7086789456342651,0.7363315690659328,True,pressure_curvature_r0.1,e4_PSB12,False,False
113,40,37,cell,cell,47,49,4.135128242442549,1.421924207778565,1.4774076321250886,True,pressure_curvature_r0.1,e4_PSB12,False,False
114,41,37,cell,cell,11,49,28.53191991653262,1.2166324206018657,1.264105367821359,True,pressure_curvature_r0.1,e4_PSB12,False,False
115,40,41,cell,cell,47,11,34.561807097647794,1.0843659915893014,1.1266779081662626,True,pressure_curvature_r0.1,e4_PSB12,False,False
116,42,36,cell,cell,29,56,47.80172594846506,0.6665194168366694,0.6925269771814788,True,pressure_curvature_r0.1,e4_PSB12,False,False
117,39,42,cell,cell,28,29,16.486283384988592,0.6587000320679994,0.6844024803394118,True,pressure_curvature_r0.1,e4_PSB12,False,False
118,37,43,cell,cell,49,5,9.97247382058892,1.0423785214579542,1.083052088670167,True,pressure_curvature_r0.1,e4_PSB12,False,False
119,43,39,cell,cell,5,28,41.59808015029495,0.7740681061840473,0.8042722119820743,True,pressure_curvature_r0.1,e4_PSB12,False,False
120,38,40,cell,cell,8,47,6.3672017383627715,1.002698664844002,1.0418239256763966,True,pressure_curvature_r0.1,e4_PSB12,False,False
121,42,33,cell,cell,29,20,9.542151311825432,0.5200254204352759,0.540316791040792,True,pressure_curvature_r0.1,e4_PSB12,False,False
122,33,44,cell,cell,20,25,30.1839715151407,0.6057253147106154,0.6293606916805491,True,pressure_curvature_r0.1,e4_PSB12,False,False
123,45,40,cell,cell,51,47,40.720583038511734,0.8752333978344391,0.9093849691690066,True,pressure_curvature_r0.1,e4_PSB12,False,False
124,38,45,cell,cell,8,51,37.722153753346035,1.2433728383030915,1.2918891955260183,True,pressure_curvature_r0.1,e4_PSB12,False,False
125,44,64,cell,outer,25,-1,32.0,,,False,pressure_curvature_r0.1,e4_PSB12,False,False
126,41,43,cell,cell,11,5,19.550066317987966,1.3702611676312524,1.423728702267309,True,pressure_curvature_r0.1,e4_PSB12,False,False
127,42,44,cell,cell,29,25,42.06704834978439,0.38743202997251347,0.40254961191310284,True,pressure_curvature_r0.1,e4_PSB12,False,False
128,43,42,cell,cell,5,29,15.289098866329942,0.7872735717466077,0.8179929542699994,True,pressure_curvature_r0.1,e4_PSB12,False,False
129,46,42,cell,cell,4,29,22.47828726105685,1.3686372851295288,1.4220414559368812,True,pressure_curvature_r0.1,e4_PSB12,False,False
130,43,46,cell,cell,5,4,27.155549467093852,1.1962508191116636,1.242928477075825,True,pressure_curvature_r0.1,e4_PSB12,False,False
131,38,47,cell,cell,8,26,3.0,1.9608875306713975,2.0374012818016483,True,pressure_curvature_r0.1,e4_PSB12,False,False
132,47,45,cell,cell,26,51,24.971564759227164,1.1749733407432759,1.220820752373013,True,pressure_curvature_r0.1,e4_PSB12,False,False
133,64,47,outer,cell,-1,26,43.0,,,False,pressure_curvature_r0.1,e4_PSB12,False,False
134,48,41,cell,cell,67,11,16.492989896006847,1.4839929170427233,1.5418982598824447,True,pressure_curvature_r0.1,e4_PSB12,False,False
135,40,48,cell,cell,47,67,1.0,1.782712241041321,1.8522735996681383,True,pressure_curvature_r0.1,e4_PSB12,False,False
136,45,48,cell,cell,51,67,35.56499283571689,0.8882275905200568,0.9228861947209843,True,pressure_curvature_r0.1,e4_PSB12,False,False
137,49,43,cell,cell,17,5,25.102499791051194,1.5573676434648092,1.618136065124144,True,pressure_curvature_r0.1,e4_PSB12,False,False
138,41,49,cell,cell,11,17,13.212779018306962,1.5661226140127817,1.6272326542643012,True,pressure_curvature_r0.1,e4_PSB12,False,False
139,50,44,cell,cell,52,25,62.081850430017234,0.8402656470514934,0.8730527781827644,True,pressure_curvature_r0.1,e4_PSB12,False,False
140,42,50,cell,cell,29,52,7.1781325211239935,1.0811491666681419,1.1233355628684383,True,pressure_curvature_r0.1,e4_PSB12,False,False
141,41,51,cell,cell,11,58,23.0,1.6075549942641378,1.6702817242960246,True,pressure_curvature_r0.1,e4_PSB12,False,False
142,46,50,cell,cell,4,52,7.129688755600806,0.6966795411170291,0.7238639482759212,True,pressure_curvature_r0.1,e4_PSB12,False,False
143,49,46,cell,cell,17,4,13.033671808387798,1.0536560767151288,1.0947696936715559,True,pressure_curvature_r0.1,e4_PSB12,False,False
144,51,49,cell,cell,58,17,18.288470448781553,0.9624454191652463,1.0,True,pressure_curvature_r0.1,e4_PSB12,False,False
145,48,51,cell,cell,67,58,15.638755513070794,0.8247418735070227,0.8569232676304309,True,pressure_curvature_r0.1,e4_PSB12,False,False
146,50,64,cell,outer,52,-1,31.0,,,False,pressure_curvature_r0.1,e4_PSB12,False,False
147,52,50,cell,cell,14,52,30.585227056240857,0.5575766667927785,0.5793332854930923,True,pressure_curvature_r0.1,e4_PSB12,False,False
148,46,52,cell,cell,4,14,39.6342458276001,1.0340745168390355,1.074424062131144,True,pressure_curvature_r0.1,e4_PSB12,False,False
149,45,53,cell,cell,51,1,20.21791953948708,1.4660651265938691,1.5232709277845857,True,pressure_curvature_r0.1,e4_PSB12,False,False
150,53,48,cell,cell,1,67,25.23405262200765,1.190034340963855,1.2364694322053114,True,pressure_curvature_r0.1,e4_PSB12,False,False
151,47,53,cell,cell,26,1,25.34108642927835,0.9102058843670395,0.9457220806936611,True,pressure_curvature_r0.1,e4_PSB12,False,False
152,49,52,cell,cell,17,14,9.26536703940237,1.1365614732437699,1.180910055376999,True,pressure_curvature_r0.1,e4_PSB12,False,False
153,54,51,cell,cell,38,58,31.542665924223336,1.092679700069795,1.1353160172111414,True,pressure_curvature_r0.1,e4_PSB12,False,False
154,48,54,cell,cell,67,38,17.92742930313646,1.5838005407634328,1.6456003729926876,True,pressure_curvature_r0.1,e4_PSB12,False,False
155,54,49,cell,cell,38,17,1.4169730060943293,1.4038019377720288,1.4585782318851725,True,pressure_curvature_r0.1,e4_PSB12,False,False
156,55,52,cell,cell,15,14,15.219525950896188,1.0370806753031845,1.077547520775434,True,pressure_curvature_r0.1,e4_PSB12,False,False
157,49,55,cell,cell,17,15,31.0,1.554366032807966,1.6150173317424148,True,pressure_curvature_r0.1,e4_PSB12,False,False
158,54,55,cell,cell,38,15,30.695463970055403,0.9174364703475304,0.9532348038429511,True,pressure_curvature_r0.1,e4_PSB12,False,False
159,53,54,cell,cell,1,38,8.561511268075947,1.4569539286973918,1.513804211319376,True,pressure_curvature_r0.1,e4_PSB12,False,False
160,52,56,cell,cell,14,23,10.418939381901126,0.38405756665685264,0.3990434771770805,True,pressure_curvature_r0.1,e4_PSB12,False,False
161,56,50,cell,cell,23,52,21.702308713922914,0.729469942387128,0.757933829660508,True,pressure_curvature_r0.1,e4_PSB12,False,False
162,52,57,cell,cell,14,3,44.50242124330944,0.8783316056811622,0.9126040689590085,True,pressure_curvature_r0.1,e4_PSB12,False,False
163,57,56,cell,cell,3,23,26.232062395010065,0.46029783061555446,0.47825863311270433,True,pressure_curvature_r0.1,e4_PSB12,False,False
164,55,57,cell,cell,15,3,6.414341516820876,0.8134149443532305,0.8451543621650007,True,pressure_curvature_r0.1,e4_PSB12,False,False
165,58,54,cell,cell,62,38,35.396346939904234,0.7888605973863965,0.8196419055852493,True,pressure_curvature_r0.1,e4_PSB12,False,False
166,53,58,cell,cell,1,62,15.75978163037901,1.4861862002961095,1.5441771249585428,True,pressure_curvature_r0.1,e4_PSB12,False,False
167,47,59,cell,cell,26,32,11.302639240964972,1.245674828977237,1.294281009781981,True,pressure_curvature_r0.1,e4_PSB12,False,False
168,59,53,cell,cell,32,1,39.8437357237125,0.9382099817236148,0.9748188967820622,True,pressure_curvature_r0.1,e4_PSB12,False,False
169,55,60,cell,cell,15,60,42.854541986188714,0.8581580821305407,0.8916433753457347,True,pressure_curvature_r0.1,e4_PSB12,False,False
170,60,57,cell,cell,60,3,25.133810340851845,0.7927800384716904,0.8237142831011539,True,pressure_curvature_r0.1,e4_PSB12,False,False
171,64,59,outer,cell,-1,32,63.124484748932566,,,False,pressure_curvature_r0.1,e4_PSB12,False,False
172,50,61,cell,cell,52,45,35.25950623674257,0.8197255659472569,0.8517112239551475,True,pressure_curvature_r0.1,e4_PSB12,False,False
173,61,64,cell,outer,45,-1,54.124484748932566,,,False,pressure_curvature_r0.1,e4_PSB12,False,False
174,56,61,cell,cell,23,45,18.56620804228648,0.7562959566097308,0.7858065938593025,True,pressure_curvature_r0.1,e4_PSB12,False,False
175,59,58,cell,cell,32,62,17.151676269412423,0.9738115321701922,1.0118096182688512,True,pressure_curvature_r0.1,e4_PSB12,False,False
176,58,55,cell,cell,62,15,8.156863915511133,0.8567107001550248,0.8901395165848179,True,pressure_curvature_r0.1,e4_PSB12,False,False
177,62,55,cell,cell,44,15,18.384012956583547,0.9822411820249985,1.0205681927157195,True,pressure_curvature_r0.1,e4_PSB12,False,False
178,58,62,cell,cell,62,44,8.782586036240005,0.817314698062108,0.8492062841038676,True,pressure_curvature_r0.1,e4_PSB12,False,False
179,57,63,cell,cell,3,9,22.17813252112399,1.1245190050126004,1.1683976905287,True,pressure_curvature_r0.1,e4_PSB12,False,False
180,63,56,cell,cell,9,23,10.279723115588272,0.9480911533000866,0.9850856312687223,True,pressure_curvature_r0.1,e4_PSB12,False,False
181,60,63,cell,cell,60,9,7.455100068180972,0.5494424716033748,0.5708816943405688,True,pressure_curvature_r0.1,e4_PSB12,False,False
182,62,60,cell,cell,44,60,4.178261246664951,0.5503401722370151,0.5718144232161647,True,pressure_curvature_r0.1,e4_PSB12,False,False
183,56,64,cell,outer,23,-1,21.0,,,False,pressure_curvature_r0.1,e4_PSB12,False,False
184,63,64,cell,outer,9,-1,35.0,,,False,pressure_curvature_r0.1,e4_PSB12,False,False
185,60,64,cell,outer,60,-1,50.0,,,False,pressure_curvature_r0.1,e4_PSB12,False,False
186,62,64,cell,outer,44,-1,24.0,,,False,pressure_curvature_r0.1,e4_PSB12,False,False
187,58,64,cell,outer,62,-1,48.0,,,False,pressure_curvature_r0.1,e4_PSB12,False,False
0,0,64,cell,outer,35,-1,42.124484748932566,,,False,pressure_curvature_r0.01,e4_PSB12,False,False
1,64,1,outer,cell,-1,27,35.0,,,False,pressure_curvature_r0.01,e4_PSB12,False,False
2,64,2,outer,cell,-1,48,71.0,,,False,pressure_curvature_r0.01,e4_PSB12,False,False
3,64,3,outer,cell,-1,66,40.0,,,False,pressure_curvature_r0.01,e4_PSB12,False,False
4,64,4,outer,cell,-1,63,44.0,,,False,pressure_curvature_r0.01,e4_PSB12,False,False
5,64,5,outer,cell,-1,43,24.0,,,False,pressure_curvature_r0.01,e4_PSB12,False,False
6,64,6,outer,cell,-1,57,43.124484748932566,,,False,pressure_curvature_r0.01,e4_PSB12,False,False
7,1,0,cell,cell,27,35,17.652803588135463,1.676139740888124,1.8080924926116684,True,pressure_curvature_r0.01,e4_PSB12,False,False
8,2,1,cell,cell,48,27,23.850110442398456,-0.11649298420588039,-0.12566380060470195,True,pressure_curvature_r0.01,e4_PSB12,False,False
9,3,2,cell,cell,66,48,16.912768727558344,0.5288203727447831,0.5704513308617782,True,pressure_curvature_r0.01,e4_PSB12,False,False
10,4,3,cell,cell,63,66,18.073296880379647,0.29830692140569115,0.3217908936410868,True,pressure_curvature_r0.01,e4_PSB12,False,False
11,5,4,cell,cell,43,63,59.34952567020366,0.35600193380208167,0.3840278994409593,True,pressure_curvature_r0.01,e4_PSB12,False,False
12,6,5,cell,cell,57,43,24.934631839759987,2.0862826392733247,2.250523560486318,True,pressure_curvature_r0.01,e4_PSB12,False,False
13,7,3,cell,cell,22,66,23.59489765270165,0.5407921195470252,0.5833655437931609,True,pressure_curvature_r0.01,e4_PSB12,False,False
14,4,7,cell,cell,63,22,17.33426508842161,0.5346282353167433,0.5767164127390908,True,pressure_curvature_r0.01,e4_PSB12,False,False
15,7,2,cell,cell,22,48,17.61722251789634,0.4973748094758332,0.5365302409397604,True,pressure_curvature_r0.01,e4_PSB12,False,False
16,2,8,cell,cell,48,42,65.74845938796408,0.6078489265600697,0.6557013439541618,True,pressure_curvature_r0.01,e4_PSB12,False,False
17,1,9,cell,cell,27,6,26.931751891813466,1.4583657016959166,1.5731743675032492,True,pressure_curvature_r0.01,e4_PSB12,False,False
18,9,0,cell,cell,6,35,29.883238344976032,1.4676174328737748,1.5831544337699694,True,pressure_curvature_r0.01,e4_PSB12,False,False
19,9,64,cell,outer,6,-1,33.0,,,False,pressure_curvature_r0.01,e4_PSB12,False,False
20,10,2,cell,cell,55,48,12.254082188729553,1.240575686946083,1.3382390091742908,True,pressure_curvature_r0.01,e4_PSB12,False,False
21,8,10,cell,cell,42,55,31.526934130447966,0.7153220185754686,0.7716351686171592,True,pressure_curvature_r0.01,e4_PSB12,False,False
22,11,5,cell,cell,61,43,37.425360843010154,1.6741407541155011,1.805936137214657,True,pressure_curvature_r0.01,e4_PSB12,False,False
23,6,11,cell,cell,57,61,9.531904173754295,1.3264193633673158,1.430840659913253,True,pressure_curvature_r0.01,e4_PSB12,False,False
24,10,9,cell,cell,55,6,32.560909384686,0.24709804346723735,0.2665506380126835,True,pressure_curvature_r0.01,e4_PSB12,False,False
25,64,11,outer,cell,-1,61,21.0,,,False,pressure_curvature_r0.01,e4_PSB12,False,False
26,5,7,cell,cell,43,22,14.124249268759066,0.9259724530701078,0.9988688889830587,True,pressure_curvature_r0.01,e4_PSB12,False,False
27,7,8,cell,cell,22,42,6.34830330457291,0.812220392896278,0.8761617894482471,True,pressure_curvature_r0.01,e4_PSB12,False,False
28,12,8,cell,cell,2,42,12.800900945335108,0.8896796611609143,0.9597189762483602,True,pressure_curvature_r0.01,e4_PSB12,False,False
29,7,12,cell,cell,22,2,38.06913465129291,0.5924021284699323,0.6390385091198376,True,pressure_curvature_r0.01,e4_PSB12,False,False
30,8,13,cell,cell,42,24,31.39450575364416,0.9439659605684112,1.018278920873476,True,pressure_curvature_r0.01,e4_PSB12,False,False
31,13,10,cell,cell,24,55,30.05582386935196,0.6036827739192934,0.6512072143007054,True,pressure_curvature_r0.01,e4_PSB12,False,False
32,5,12,cell,cell,43,2,20.182197235190138,1.283645244060991,1.3846991824998827,True,pressure_curvature_r0.01,e4_PSB12,False,False
33,12,13,cell,cell,2,24,21.565291057927436,0.7386127622296084,0.7967594573152361,True,pressure_curvature_r0.01,e4_PSB12,False,False
34,14,11,cell,cell,50,61,18.69912885997915,1.2436113839345602,1.3415136889642953,True,pressure_curvature_r0.01,e4_PSB12,False,False
35,64,14,outer,cell,-1,50,16.0,,,False,pressure_curvature_r0.01,e4_PSB12,False,False
36,14,5,cell,cell,50,43,5.87835427629204,2.0014564254337075,2.1590194712516,True,pressure_curvature_r0.01,e4_PSB12,False,False
37,15,5,cell,cell,36,43,34.46781757094002,2.243071670969769,2.419655682479908,True,pressure_curvature_r0.01,e4_PSB12,False,False
38,14,15,cell,cell,50,36,31.718677265007695,0.22114651170807054,0.23855609280808135,True,pressure_curvature_r0.01,e4_PSB12,False,False
39,9,16,cell,cell,6,19,43.24825018509519,1.4995812890009985,1.6176346187382764,True,pressure_curvature_r0.01,e4_PSB12,False,False
40,10,16,cell,cell,55,19,29.19719574886253,1.3359851788265051,1.4411595364934984,True,pressure_curvature_r0.01,e4_PSB12,False,False
41,16,64,cell,outer,19,-1,47.0,,,False,pressure_curvature_r0.01,e4_PSB12,False,False
42,17,12,cell,cell,13,2,39.6860528698881,1.6176800633790922,1.7450306240537563,True,pressure_curvature_r0.01,e4_PSB12,False,False
43,18,12,cell,cell,41,2,3.1836008691813857,1.6032135890320678,1.7294252881600112,True,pressure_curvature_r0.01,e4_PSB12,False,False
44,5,18,cell,cell,43,41,29.89045911221156,2.2356147923910106,2.411611767138204,True,pressure_curvature_r0.01,e4_PSB12,False,False
45,18,17,cell,cell,41,13,26.11698417153298,0.6792423888191302,0.7327151990541929,True,pressure_curvature_r0.01,e4_PSB12,False,False
46,17,13,cell,cell,13,24,5.022769506046773,1.3826396239381944,1.4914868152374003,True,pressure_curvature_r0.01,e4_PSB12,False,False
47,13,16,cell,cell,24,19,2.2360802701559255,1.4048792306831976,1.5154772171193878,True,pressure_curvature_r0.01,e4_PSB12,False,False
48,64,15,outer,cell,-1,36,10.0,,,False,pressure_curvature_r0.01,e4_PSB12,False,False
49,13,19,cell,cell,24,16,9.891841679649163,1.557306031447143,1.6799036950621355,True,pressure_curvature_r0.01,e4_PSB12,False,False
50,20,13,cell,cell,46,24,46.696916404742865,1.3110088674679647,1.4142169851304598,True,pressure_curvature_r0.01,e4_PSB12,False,False
51,19,16,cell,cell,16,19,58.17491309348958,1.2694779492689814,1.3694165788307662,True,pressure_curvature_r0.01,e4_PSB12,False,False
52,15,18,cell,cell,36,41,19.12932529903781,0.5211392257445991,0.5621654917477193,True,pressure_curvature_r0.01,e4_PSB12,False,False
53,17,20,cell,cell,13,46,47.04271376371826,0.591481778161812,0.6380457049746394,True,pressure_curvature_r0.01,e4_PSB12,False,False
54,20,19,cell,cell,46,16,29.594944878408175,0.5702214387705528,0.6151116624804595,True,pressure_curvature_r0.01,e4_PSB12,False,False
55,21,15,cell,cell,18,36,25.532298388146554,0.969115947515049,1.0454088202954672,True,pressure_curvature_r0.01,e4_PSB12,False,False
56,64,21,outer,cell,-1,18,28.0,,,False,pressure_curvature_r0.01,e4_PSB12,False,False
57,15,22,cell,cell,36,40,24.14998270784327,0.9464983180582971,1.0210106361680762,True,pressure_curvature_r0.01,e4_PSB12,False,False
58,22,18,cell,cell,40,41,31.920085147270957,0.5102286767335462,0.5503960185493191,True,pressure_curvature_r0.01,e4_PSB12,False,False
59,18,20,cell,cell,41,46,2.295888206165974,0.41186888352055334,0.44429292980027724,True,pressure_curvature_r0.01,e4_PSB12,False,False
60,21,22,cell,cell,18,40,12.4291669036068,0.8358640499321637,0.9016667743499345,True,pressure_curvature_r0.01,e4_PSB12,False,False
61,20,23,cell,cell,46,37,68.44434624061243,0.30937721097665094,0.3337326828463734,True,pressure_curvature_r0.01,e4_PSB12,False,False
62,24,20,cell,cell,7,46,23.06059294405218,0.5687907371412272,0.6135683300171529,True,pressure_curvature_r0.01,e4_PSB12,False,False
63,18,24,cell,cell,41,7,28.43445632266807,0.6961080114760423,0.750908554277085,True,pressure_curvature_r0.01,e4_PSB12,False,False
64,23,19,cell,cell,37,16,15.218922460602506,0.6189745598340624,0.667702833750948,True,pressure_curvature_r0.01,e4_PSB12,False,False
65,24,23,cell,cell,7,37,20.68635605301072,0.48725182575227033,0.5256103334720776,True,pressure_curvature_r0.01,e4_PSB12,False,False
66,25,22,cell,cell,39,40,34.65127883750807,1.463773489702964,1.5790078792676066,True,pressure_curvature_r0.01,e4_PSB12,False,False
67,21,25,cell,cell,18,39,18.356265042247987,1.6105766242499275,1.7373679723977784,True,pressure_curvature_r0.01,e4_PSB12,False,False
68,16,26,cell,cell,19,21,25.30213343746012,1.7168473168671023,1.8520047397379193,True,pressure_curvature_r0.01,e4_PSB12,False,False
69,26,64,cell,outer,21,-1,35.0,,,False,pressure_curvature_r0.01,e4_PSB12,False,False
70,19,26,cell,cell,16,21,20.766448967972707,0.8985180331475561,0.9692531419543107,True,pressure_curvature_r0.01,e4_PSB12,False,False
71,22,24,cell,cell,40,7,6.538604094354724,0.6284395580962319,0.6779129563815011,True,pressure_curvature_r0.01,e4_PSB12,False,False
72,64,25,outer,cell,-1,39,42.0,,,False,pressure_curvature_r0.01,e4_PSB12,False,False
73,22,27,cell,cell,40,54,15.361097533808257,0.8811689601166273,0.9505382771159095,True,pressure_curvature_r0.01,e4_PSB12,False,False
74,27,24,cell,cell,54,7,46.45874142222701,0.623128926748689,0.6721842498564516,True,pressure_curvature_r0.01,e4_PSB12,False,False
75,28,19,cell,cell,34,16,32.785677091739146,1.0074881983306596,1.0868018956649201,True,pressure_curvature_r0.01,e4_PSB12,False,False
76,23,28,cell,cell,37,34,23.339413327008657,0.7214675326871491,0.7782644833798299,True,pressure_curvature_r0.01,e4_PSB12,False,False
77,25,27,cell,cell,39,54,40.03942961905058,1.0042897080546094,1.0833516068168354,True,pressure_curvature_r0.01,e4_PSB12,False,False
78,23,29,cell,cell,37,31,17.25058816998197,1.1306294730745519,1.2196373681280264,True,pressure_curvature_r0.01,e4_PSB12,False,False
79,28,26,cell,cell,34,21,8.790234924755492,0.5737687606056774,0.6189382443712795,True,pressure_curvature_r0.01,e4_PSB12,False,False
80,29,28,cell,cell,31,34,46.30302162554803,0.35078571742971587,0.3784010406339989,True,pressure_curvature_r0.01,e4_PSB12,False,False
81,23,30,cell,cell,37,10,26.124249268759062,0.8387531986591916,0.9047833689845859,True,pressure_curvature_r0.01,e4_PSB12,False,False
82,30,29,cell,cell,10,31,39.56965859174168,0.41731678070990297,0.4501697083100237,True,pressure_curvature_r0.01,e4_PSB12,False,False
83,24,30,cell,cell,7,10,40.03380989343503,0.7339079792835451,0.7916842941193339,True,pressure_curvature_r0.01,e4_PSB12,False,False
84,31,26,cell,cell,68,21,25.989101889645585,0.3293715306701519,0.35530103926129936,True,pressure_curvature_r0.01,e4_PSB12,False,False
85,28,31,cell,cell,34,68,29.921516197192375,0.32235897989885665,0.3477364310759945,True,pressure_curvature_r0.01,e4_PSB12,False,False
86,26,32,cell,cell,21,30,6.069162784509904,0.452280277979098,0.48788567875433975,True,pressure_curvature_r0.01,e4_PSB12,False,False
87,32,64,cell,outer,30,-1,18.0,,,False,pressure_curvature_r0.01,e4_PSB12,False,False
88,26,33,cell,cell,21,20,10.0,0.438520991576701,0.4730432036068405,True,pressure_curvature_r0.01,e4_PSB12,False,False
89,33,32,cell,cell,20,30,16.43089617481528,0.4015490686681855,0.4331606958316334,True,pressure_curvature_r0.01,e4_PSB12,False,False
90,31,33,cell,cell,68,20,22.46295838223011,0.4316787847832473,0.4656623495918972,True,pressure_curvature_r0.01,e4_PSB12,False,False
91,27,30,cell,cell,54,10,5.178132521123993,1.0374209267779513,1.1190910540618537,True,pressure_curvature_r0.01,e4_PSB12,False,False
92,34,25,cell,cell,69,39,11.969993100810978,1.6988770704883023,1.832619800179912,True,pressure_curvature_r0.01,e4_PSB12,False,False
93,64,34,outer,cell,-1,69,12.0,,,False,pressure_curvature_r0.01,e4_PSB12,False,False
94,35,27,cell,cell,33,54,14.685985086544248,2.4170550415891032,2.6073357538857733,True,pressure_curvature_r0.01,e4_PSB12,False,False
95,25,35,cell,cell,39,33,57.462260099229226,1.680903600546511,1.8132313832865121,True,pressure_curvature_r0.01,e4_PSB12,False,False
96,28,36,cell,cell,34,56,15.124249268759062,0.9882708889373948,1.0660717190605835,True,pressure_curvature_r0.01,e4_PSB12,False,False
97,37,30,cell,cell,49,10,33.82196622283607,1.8295851269725305,1.9736177431842175,True,pressure_curvature_r0.01,e4_PSB12,False,True
98,27,37,cell,cell,54,49,4.472160540311851,2.261552158288409,2.4395910312849742,True,pressure_curvature_r0.01,e4_PSB12,False,True
99,36,31,cell,cell,56,68,18.964435372005713,0.5838625070396785,0.6298266128673172,True,pressure_curvature_r0.01,e4_PSB12,False,True
100,29,36,cell,cell,31,56,29.030180911998205,1.2187755035240229,1.3147226238625873,True,pressure_curvature_r0.01,e4_PSB12,False,True
101,35,37,cell,cell,33,49,9.178132521123993,1.498875317146041,1.6168730698173808,True,pressure_curvature_r0.01,e4_PSB12,False,False
102,38,25,cell,cell,8,39,7.124377994300021,2.4877891138773336,2.6836383090703633,True,pressure_curvature_r0.01,e4_PSB12,False,False
103,34,38,cell,cell,69,8,10.408106828489116,2.0057853438211843,2.1636891802541314,True,pressure_curvature_r0.01,e4_PSB12,False,False
104,38,35,cell,cell,8,33,26.06476390061315,0.9865229057964253,1.0641861273540567,True,pressure_curvature_r0.01,e4_PSB12,False,False
105,39,29,cell,cell,28,31,35.378187293118934,1.6373992222819922,1.7663021578663598,True,pressure_curvature_r0.01,e4_PSB12,True,True
106,30,39,cell,cell,10,28,8.124249268759064,1.8608773781025418,2.0073734515925827,True,pressure_curvature_r0.01,e4_PSB12,False,True
107,33,64,cell,outer,20,-1,19.0,,,False,pressure_curvature_r0.01,e4_PSB12,False,False
108,37,39,cell,cell,49,28,13.356265042247987,0.8125228924284758,0.8764881030125895,True,pressure_curvature_r0.01,e4_PSB12,False,False
109,36,33,cell,cell,56,20,14.65914839979995,0.3456081197645594,0.3728158407608828,True,pressure_curvature_r0.01,e4_PSB12,False,False
110,39,36,cell,cell,28,56,12.694159399210601,0.2550497332277185,0.2751283181480433,True,pressure_curvature_r0.01,e4_PSB12,False,False
111,64,38,outer,cell,-1,8,35.0,,,False,pressure_curvature_r0.01,e4_PSB12,False,False
112,35,40,cell,cell,33,47,51.512475121124474,0.7872161517146474,0.8491891095092805,True,pressure_curvature_r0.01,e4_PSB12,False,False
113,40,37,cell,cell,47,49,4.135128242442549,1.5838227011083572,1.708507868195159,True,pressure_curvature_r0.01,e4_PSB12,False,False
114,41,37,cell,cell,11,49,28.53191991653262,1.2965061003622318,1.3985724993597943,True,pressure_curvature_r0.01,e4_PSB12,False,False
115,40,41,cell,cell,47,11,34.561807097647794,1.1837110457990514,1.2768977449318921,True,pressure_curvature_r0.01,e4_PSB12,False,False
116,42,36,cell,cell,29,56,47.80172594846506,0.49219181182719407,0.5309392159738093,True,pressure_curvature_r0.01,e4_PSB12,False,False
117,39,42,cell,cell,28,29,16.486283384988592,0.5159137779961154,0.5565286748319879,True,pressure_curvature_r0.01,e4_PSB12,False,False
118,37,43,cell,cell,49,5,9.97247382058892,1.0225951436742178,1.1030981231187893,True,pressure_curvature_r0.01,e4_PSB12,False,False
119,43,39,cell,cell,5,28,41.59808015029495,0.6692910132867267,0.7219804094943651,True,pressure_curvature_r0.01,e4_PSB12,False,False
120,38,40,cell,cell,8,47,6.3672017383627715,1.11163261392737,1.199144996537922,True,pressure_curvature_r0.01,e4_PSB12,False,False
121,42,33,cell,cell,29,20,9.542151311825432,0.3652123039347839,0.39396334854754134,True,pressure_curvature_r0.01,e4_PSB12,False,False
122,33,44,cell,cell,20,25,30.1839715151407,0.406509034975016,0.4385111314929436,True,pressure_curvature_r0.01,e4_PSB12,False,False
123,45,40,cell,cell,51,47,40.720583038511734,0.9541601692755696,1.0292756604542481,True,pressure_curvature_r0.01,e4_PSB12,False,False
124,38,45,cell,cell,8,51,37.722153753346035,1.4089783170516221,1.519899000762193,True,pressure_curvature_r0.01,e4_PSB12,False,False
125,44,64,cell,outer,25,-1,32.0,,,False,pressure_curvature_r0.01,e4_PSB12,False,False
126,41,43,cell,cell,11,5,19.550066317987966,1.4202982010645016,1.5321100335309032,True,pressure_curvature_r0.01,e4_PSB12,False,False
127,42,44,cell,cell,29,25,42.06704834978439,0.26574654851928214,0.28666723161195407,True,pressure_curvature_r0.01,e4_PSB12,False,False
128,43,42,cell,cell,5,29,15.289098866329942,0.6725292439141701,0.7254735672210135,True,pressure_curvature_r0.01,e4_PSB12,False,False
129,46,42,cell,cell,4,29,22.47828726105685,1.2389668713769715,1.3365035408946797,True,pressure_curvature_r0.01,e4_PSB12,False,False
130,43,46,cell,cell,5,4,27.155549467093852,1.1586416726343454,1.249854805546917,True,pressure_curvature_r0.01,e4_PSB12,False,False
131,38,47,cell,cell,8,26,3.0,2.2478295148449927,2.424788083783902,True,pressure_curvature_r0.01,e4_PSB12,False,False
132,47,45,cell,cell,26,51,24.971564759227164,1.2779684605491481,1.37857549877617,True,pressure_curvature_r0.01,e4_PSB12,False,False
133,64,47,outer,cell,-1,26,43.0,,,False,pressure_curvature_r0.01,e4_PSB12,False,False
134,48,41,cell,cell,67,11,16.492989896006847,1.6318851982253788,1.7603540467049597,True,pressure_curvature_r0.01,e4_PSB12,False,False
135,40,48,cell,cell,47,67,1.0,1.970459185011183,2.12558199803117,True,pressure_curvature_r0.01,e4_PSB12,False,False
136,45,48,cell,cell,51,67,35.56499283571689,0.9574423243413709,1.0328162005353025,True,pressure_curvature_r0.01,e4_PSB12,False,False
137,49,43,cell,cell,17,5,25.102499791051194,1.5791918912274863,1.7035125015344543,True,pressure_curvature_r0.01,e4_PSB12,False,False
138,41,49,cell,cell,11,17,13.212779018306962,1.6629584369426162,1.7938735011246716,True,pressure_curvature_r0.01,e4_PSB12,False,False
139,50,44,cell,cell,52,25,62.081850430017234,0.7604059190295428,0.820268262839644,True,pressure_curvature_r0.01,e4_PSB12,False,False
140,42,50,cell,cell,29,52,7.1781325211239935,0.9357485540175234,1.0094146056073003,True,pressure_curvature_r0.01,e4_PSB12,False,False
141,41,51,cell,cell,11,58,23.0,1.738148567231092,1.8749829138882224,True,pressure_curvature_r0.01,e4_PSB12,False,False
142,46,50,cell,cell,4,52,7.129688755600806,0.6153405296341923,0.6637827174491725,True,pressure_curvature_r0.01,e4_PSB12,False,False
143,49,46,cell,cell,17,4,13.033671808387798,1.0249821338050416,1.1056730271260136,True,pressure_curvature_r0.01,e4_PSB12,False,False
144,51,49,cell,cell,58,17,18.288470448781553,0.9598430809645779,1.0354059547909402,True,pressure_curvature_r0.01,e4_PSB12,False,False
145,48,51,cell,cell,67,58,15.638755513070794,0.8544355221668,0.9217002707852614,True,pressure_curvature_r0.01,e4_PSB12,False,False
146,50,64,cell,outer,52,-1,31.0,,,False,pressure_curvature_r0.01,e4_PSB12,False,False
147,52,50,cell,cell,14,52,30.585227056240857,0.4797294756755929,0.5174957924414888,True,pressure_curvature_r0.01,e4_PSB12,False,False
148,46,52,cell,cell,4,14,39.6342458276001,0.9489749147860649,1.023682200979451,True,pressure_curvature_r0.01,e4_PSB12,False,False
149,45,53,cell,cell,51,1,20.21791953948708,1.5661496591318875,1.6894435302167907,True,pressure_curvature_r0.01,e4_PSB12,False,False
150,53,48,cell,cell,1,67,25.23405262200765,1.2539655255702893,1.3526829520646857,True,pressure_curvature_r0.01,e4_PSB12,False,False
151,47,53,cell,cell,26,1,25.34108642927835,0.9445855653589432,1.018947303552329,True,pressure_curvature_r0.01,e4_PSB12,False,False
152,49,52,cell,cell,17,14,9.26536703940237,1.0747760711551901,1.1593869521073965,True,pressure_curvature_r0.01,e4_PSB12,False,False
153,54,51,cell,cell,38,58,31.542665924223336,1.101308839873119,1.188008491682414,True,pressure_curvature_r0.01,e4_PSB12,False,False
154,48,54,cell,cell,67,38,17.92742930313646,1.648732106633564,1.7785272144149598,True,pressure_curvature_r0.01,e4_PSB12,False,False
155,54,49,cell,cell,38,17,1.4169730060943293,1.387515418901657,1.4967464532340984,True,pressure_curvature_r0.01,e4_PSB12,False,False
156,55,52,cell,cell,15,14,15.219525950896188,0.9270210167550956,1.0,True,pressure_curvature_r0.01,e4_PSB12,False,False
157,49,55,cell,cell,17,15,31.0,1.471417120496251,1.587253248741583,True,pressure_curvature_r0.01,e4_PSB12,False,False
158,54,55,cell,cell,38,15,30.695463970055403,0.8461191911776609,0.9127292433340723,True,pressure_curvature_r0.01,e4_PSB12,False,False
159,53,54,cell,cell,1,38,8.561511268075947,1.4861252174178374,1.6031192287525542,True,pressure_curvature_r0.01,e4_PSB12,False,False
160,52,56,cell,cell,14,23,10.418939381901126,0.28762631239865066,0.3102694622884014,True,pressure_curvature_r0.01,e4_PSB12,False,False
161,56,50,cell,cell,23,52,21.702308713922914,0.577936064649246,0.623433616070786,True,pressure_curvature_r0.01,e4_PSB12,False,False
162,52,57,cell,cell,14,3,44.50242124330944,0.7435398883899963,0.802074467516013,True,pressure_curvature_r0.01,e4_PSB12,False,False
163,57,56,cell,cell,3,23,26.232062395010065,0.32131282314389864,0.3466079164727119,True,pressure_curvature_r0.01,e4_PSB12,False,False
164,55,57,cell,cell,15,3,6.414341516820876,0.6532127843647547,0.7046364349443043,True,pressure_curvature_r0.01,e4_PSB12,False,False
165,58,54,cell,cell,62,38,35.396346939904234,0.7040072173121277,0.7594296187333531,True,pressure_curvature_r0.01,e4_PSB12,False,False
166,53,58,cell,cell,1,62,15.75978163037901,1.493928902334758,1.6115372524821954,True,pressure_curvature_r0.01,e4_PSB12,False,False
167,47,59,cell,cell,26,32,11.302639240964972,1.2615208021105773,1.3608330116682255,True,pressure_curvature_r0.01,e4_PSB12,False,False
168,59,53,cell,cell,32,1,39.8437357237125,0.9426940640918653,1.0169068953707554,True,pressure_curvature_r0.01,e4_PSB12,False,False
169,55,60,cell,cell,15,60,42.854541986188714,0.6771431726277546,0.7304507237581273,True,pressure_curvature_r0.01,e4_PSB12,False,False
170,60,57,cell,cell,60,3,25.133810340851845,0.6114198976512133,0.659553436869642,True,pressure_curvature_r0.01,e4_PSB12,False,False
171,64,59,outer,cell,-1,32,63.124484748932566,,,False,pressure_curvature_r0.01,e4_PSB12,False,False
172,50,61,cell,cell,52,45,35.25950623674257,0.6373699876742842,0.6875464268386348,True,pressure_curvature_r0.01,e4_PSB12,False,False
173,61,64,cell,outer,45,-1,54.124484748932566,,,False,pressure_curvature_r0.01,e4_PSB12,False,False
174,56,61,cell,cell,23,45,18.56620804228648,0.5825398519850606,0.6283998328583293,True,pressure_curvature_r0.01,e4_PSB12,False,False
175,59,58,cell,cell,32,62,17.151676269412423,0.9523563592928599,1.0273298469828085,True,pressure_curvature_r0.01,e4_PSB12,False,False
176,58,55,cell,cell,62,15,8.156863915511133,0.6970960125131072,0.7519743349004017,True,pressure_curvature_r0.01,e4_PSB12,False,False
177,62,55,cell,cell,44,15,18.384012956583547,0.7748694534941212,0.8358704274110643,True,pressure_curvature_r0.01,e4_PSB12,False,False
178,58,62,cell,cell,62,44,8.782586036240005,0.6331314974193648,0.6829742648505974,True,pressure_curvature_r0.01,e4_PSB12,False,False
179,57,63,cell,cell,3,9,22.17813252112399,0.8696274780882478,0.9380882012063269,True,pressure_curvature_r0.01,e4_PSB12,False,False
180,63,56,cell,cell,9,23,10.279723115588272,0.7079482793423696,0.7636809376991702,True,pressure_curvature_r0.01,e4_PSB12,False,False
181,60,63,cell,cell,60,9,7.455100068180972,0.4077144626970516,0.4398114555419657,True,pressure_curvature_r0.01,e4_PSB12,False,False
182,62,60,cell,cell,44,60,4.178261246664951,0.40039542624701807,0.4319162338396005,True,pressure_curvature_r0.01,e4_PSB12,False,False
183,56,64,cell,outer,23,-1,21.0,,,False,pressure_curvature_r0.01,e4_PSB12,False,False
184,63,64,cell,outer,9,-1,35.0,,,False,pressure_curvature_r0.01,e4_PSB12,False,False
185,60,64,cell,outer,60,-1,50.0,,,False,pressure_curvature_r0.01,e4_PSB12,False,False
186,62,64,cell,outer,44,-1,24.0,,,False,pressure_curvature_r0.01,e4_PSB12,False,False
187,58,64,cell,outer,62,-1,48.0,,,False,pressure_curvature_r0.01,e4_PSB12,False,False
