cell_i,cell_j,edge_id,component_index,face_i,face_j,contact_px,arclength_um,iface_cy,iface_cx,n_components,arclength_px,n_bins,mean_intensity,max_intensity,occupancy,continuity,n_segments,gap_fraction,width_mean_px,width_cv,left_intensity,right_intensity,threshold,AJ_occupancy,AJ_mean_intensity,AJ_max_intensity,AJ_skeleton_len,AJ_cluster_count,AJ_cluster_density,AJ_thickness_proxy,AJ_morph_label,aj_morph,aj_occupancy,has_AJ,AJ_threshold
156,223,28,0,0,1,46.9140357211921,,17.75390625,43.24609375,1,46.9140357211921,47,635.7772183598295,1086.5382171120382,0.05167173252279635,0.0851063829787234,3,0.8297872340425532,2.125,0.5969936214760129,626.3965574235319,609.9372342777791,874.8116629984961,0.05167173252279635,635.7772183598295,1086.5382171120382,2.4241295053503515,3,0.06394674757526422,2.125,discontinuous,discontinuous,0.05167173252279635,True,874.8116629984961
223,374,29,0,1,2,44.368835810976336,,20.49609375,71.49609375,1,44.368835810976336,44,681.5328398235664,1156.62604227974,0.06818181818181818,0.1590909090909091,1,0.8409090909090909,3.0,0.47140452079103173,685.247494674438,650.892055795657,874.8116629984961,0.06818181818181818,681.5328398235664,1156.62604227974,3.025147896202932,1,0.02253834209805008,3.0,discontinuous,discontinuous,0.06818181818181818,True,874.8116629984961
374,624,30,0,2,3,39.064479313167794,,17.86328125,96.13671875,1,39.064479313167794,39,612.739524824116,1024.1838965600614,0.04395604395604396,0.10256410256410256,2,0.8461538461538461,2.0,0.28867513459481287,584.2723180740063,624.3529705054552,874.8116629984961,0.04395604395604396,612.739524824116,1024.1838965600614,1.7171199698095736,2,0.051197405806093596,2.0,discontinuous,discontinuous,0.04395604395604396,False,874.8116629984961
415,624,31,0,4,3,41.278180527670116,,20.16796875,135.83203125,1,41.278180527670116,41,711.1556385380862,1044.414419643857,0.13240418118466898,0.36585365853658536,3,0.3902439024390244,1.52,0.46033830748778687,664.2726826081805,704.7959369749029,874.8116629984961,0.13240418118466898,711.1556385380862,1044.414419643857,5.465403693559109,3,0.07267762197001396,1.52,discontinuous,discontinuous,0.13240418118466898,True,874.8116629984961
415,573,32,0,4,5,32.64979580596523,,14.28125,163.71875,1,32.64979580596523,33,776.9268850505373,1465.4795014609158,0.29004329004329005,0.30303030303030304,5,0.24242424242424243,2.68,0.4315472326806256,773.7801673337063,719.3526567029813,874.8116629984961,0.29004329004329005,776.9268850505373,1465.4795014609158,9.46985419480377,5,0.15314031455861302,2.68,discontinuous,discontinuous,0.29004329004329005,True,874.8116629984961
503,573,33,0,6,5,31.59512720052741,,15.16796875,196.17578125,1,31.59512720052741,32,745.5542740493551,1188.921916970348,0.19642857142857142,0.4375,4,0.375,2.2,0.5492293624361169,678.9421175371778,755.4753444256606,874.8116629984961,0.19642857142857142,745.5542740493551,1188.921916970348,6.206185700103599,4,0.12660180079709343,2.2,discontinuous,discontinuous,0.19642857142857142,True,874.8116629984961
503,578,34,0,6,7,24.957114679223384,,13.1015625,230.1015625,1,24.957114679223384,25,648.7334672323572,981.3809460565346,0.03428571428571429,0.16,3,0.76,1.0,0.0,626.7890671656475,628.9366862160916,874.8116629984961,0.03428571428571429,648.7334672323572,981.3809460565346,0.8556725032876589,3,0.12020620326345169,1.0,minimal,minimal,0.03428571428571429,False,874.8116629984961
214,578,35,0,8,7,57.53937356012313,,20.49609375,289.49609375,1,57.53937356012313,58,771.9864042995176,1392.5105076004688,0.2832512315270936,0.5172413793103449,5,0.2068965517241379,2.5,0.4916697371557279,731.2561939358351,742.3300042817095,874.8116629984961,0.2832512315270936,771.9864042995176,1392.5105076004688,16.298098422202365,5,0.08689701834823556,2.5,discontinuous,discontinuous,0.2832512315270936,True,874.8116629984961
214,286,36,0,8,9,146.56027958711738,,52.828125,330.828125,1,146.56027958711738,147,754.8162245086977,1358.8684254549294,0.2400388726919339,0.22448979591836735,11,0.34013605442176875,2.5463917525773194,0.5320460405182028,709.4571996829652,729.1093732799495,874.8116629984961,0.2400388726919339,754.8162245086977,1358.8684254549294,35.18016429350631,11,0.0750544419742421,2.5463917525773194,reticular,reticular,0.2400388726919339,True,874.8116629984961
103,286,37,0,10,9,11.378839242796328,,5.1328125,361.8671875,1,11.378839242796328,11,744.2371807949193,913.6193756366883,0.06493506493506493,0.18181818181818182,2,0.7272727272727273,1.6666666666666667,0.282842712474619,713.7505125648323,745.8595470229357,874.8116629984961,0.06493506493506493,744.2371807949193,913.6193756366883,0.7388856651166447,2,0.17576485240057788,1.6666666666666667,minimal,minimal,0.06493506493506493,True,874.8116629984961
103,150,38,0,10,11,46.51748047646107,,5.609375,389.609375,1,46.51748047646107,47,731.821615764306,1169.3118900114446,0.22796352583586627,0.2978723404255319,4,0.17021276595744683,1.9230769230769231,0.3973243846867024,678.1661739580082,709.3614357607734,874.8116629984961,0.22796352583586627,731.821615764306,1169.3118900114446,10.604288862415137,4,0.0859891799605117,1.9230769230769231,discontinuous,discontinuous,0.22796352583586627,True,874.8116629984961
150,155,39,0,11,12,34.75103814804281,,10.50390625,454.50390625,1,34.75103814804281,35,808.268716809777,1265.9122569012088,0.30612244897959184,0.5142857142857142,4,0.3142857142857143,3.125,0.38436094147732197,785.3954237898498,779.8873617606,874.8116629984961,0.30612244897959184,808.268716809777,1265.9122569012088,10.638072902462085,4,0.11510447495006078,3.125,discontinuous,discontinuous,0.30612244897959184,True,874.8116629984961
155,183,40,0,12,13,38.7811775077244,,14.390625,487.390625,1,38.7811775077244,39,737.6303662825713,1350.9121530485334,0.1978021978021978,0.41025641025641024,3,0.4358974358974359,2.4545454545454546,0.4871461643691076,693.8914497787083,725.6914796808038,874.8116629984961,0.1978021978021978,737.6303662825713,1350.9121530485334,7.671002144385046,3,0.07735711478596705,2.4545454545454546,discontinuous,discontinuous,0.1978021978021978,True,874.8116629984961
183,476,41,0,13,14,34.30246907573584,,17.35546875,557.64453125,1,34.30246907573584,34,830.1274468499694,1586.0163584184666,0.39915966386554624,0.6176470588235294,2,0.02941176470588236,2.878787878787879,0.4255027985559523,777.509411777004,793.3510374032418,874.8116629984961,0.39915966386554624,830.1274468499694,1586.0163584184666,13.692162026029013,2,0.05830484084350412,2.878787878787879,punctate,punctate,0.39915966386554624,True,874.8116629984961
149,476,42,0,15,14,31.541038111044863,,14.86328125,595.13671875,1,31.541038111044863,32,789.5800807547857,1215.1355268764012,0.29017857142857145,0.5625,3,0.125,2.3214285714285716,0.5155568024651088,757.3337152945498,772.0771485803115,874.8116629984961,0.29017857142857145,789.5800807547857,1215.1355268764012,9.152533380437125,3,0.09511418075201136,2.3214285714285716,discontinuous,discontinuous,0.29017857142857145,True,874.8116629984961
149,247,43,0,15,16,19.078554663777684,,8.5,630.5,1,19.078554663777684,19,747.4234997276903,1046.2351256421648,0.2556390977443609,0.5789473684210527,2,0.1578947368421053,2.125,0.573340843812292,755.1429149239779,683.9180412727458,874.8116629984961,0.2556390977443609,747.4234997276903,1046.2351256421648,4.877224500514596,2,0.10482974393218455,2.125,punctate,punctate,0.2556390977443609,True,874.8116629984961
213,247,44,0,17,16,14.428368650975326,,6.5,668.5,1,14.428368650975326,14,841.4871276423055,1401.0835743823193,0.37755102040816324,0.8571428571428571,2,0.0714285714285714,2.8461538461538463,0.30337762595464385,790.8105579306966,819.5346295729751,874.8116629984961,0.37755102040816324,841.4871276423055,1401.0835743823193,5.447445307000888,2,0.13861580947786528,2.8461538461538463,punctate,punctate,0.37755102040816324,True,874.8116629984961
213,584,45,0,17,18,3.0,,1.5,706.5,1,3.0,3,1151.8154761904761,1774.75,0.7619047619047619,1.0,1,0.0,5.333333333333333,0.08838834764831845,1282.25,909.3333333333334,874.8116629984961,0.7619047619047619,1151.8154761904761,1774.75,2.2857142857142856,1,0.3333333333333333,5.333333333333333,thick,thick,0.7619047619047619,True,874.8116629984961
266,584,46,0,19,18,18.171004674488515,,6.86328125,741.86328125,1,18.171004674488515,18,873.9731848782424,1280.9697621443604,0.5,1.0,1,0.0,3.5,0.3595159254890833,840.502228404725,823.449782239939,874.8116629984961,0.5,873.9731848782424,1280.9697621443604,9.085502337244257,1,0.05503273032580123,3.5,thick,thick,0.5,True,874.8116629984961
266,641,47,0,19,20,24.443203518731814,,9.83203125,768.83203125,1,24.443203518731814,24,728.6975009226503,1368.4663224857422,0.22023809523809523,0.5416666666666666,3,0.29166666666666663,2.176470588235294,0.5041826515183144,694.1533263166117,677.9126306732095,874.8116629984961,0.22023809523809523,728.6975009226503,1368.4663224857422,5.383324584482602,3,0.12273350331109337,2.176470588235294,discontinuous,discontinuous,0.22023809523809523,True,874.8116629984961
500,641,48,0,21,20,61.51589089422632,,10.390625,840.609375,1,61.51589089422632,62,671.1416067074211,1144.1415861390913,0.0944700460829493,0.1774193548387097,7,0.5483870967741935,1.4642857142857142,0.42735159677890816,653.5602071691011,646.7615741895365,874.8116629984961,0.0944700460829493,671.1416067074211,1144.1415861390913,5.811409047611241,7,0.11379173573274215,1.4642857142857142,discontinuous,discontinuous,0.0944700460829493,True,874.8116629984961
69,500,49,0,22,21,56.18120723604524,,16.35546875,882.35546875,1,56.18120723604524,56,708.9114318596568,1023.5641615446839,0.0663265306122449,0.05357142857142857,8,0.7142857142857143,1.625,0.4803844614152614,684.4217070455154,707.4668693890711,874.8116629984961,0.0663265306122449,708.9114318596568,1023.5641615446839,3.7263045615744295,8,0.14239637048716333,1.625,discontinuous,discontinuous,0.0663265306122449,True,874.8116629984961
69,320,50,0,22,23,57.66528838284871,,20.859375,923.140625,1,57.66528838284871,58,719.6076223465664,1042.895230225773,0.1330049261083744,0.13793103448275862,8,0.4482758620689655,1.6875,0.5010277503136549,704.7350595331227,686.2458645834846,874.8116629984961,0.1330049261083744,719.6076223465664,1042.895230225773,7.669767420378893,8,0.13873163950705963,1.6875,discontinuous,discontinuous,0.1330049261083744,True,874.8116629984961
122,320,51,0,24,23,57.458938466940005,,18.86328125,946.13671875,1,57.458938466940005,57,730.1285301628266,1524.5194916980845,0.15789473684210525,0.17543859649122806,7,0.45614035087719296,2.032258064516129,0.5656676089271575,715.6346751683236,697.6226351852747,874.8116629984961,0.15789473684210525,730.1285301628266,1524.5194916980845,9.072463968464211,7,0.12182612813196281,2.032258064516129,reticular,reticular,0.15789473684210525,True,874.8116629984961
122,231,52,0,24,25,36.906682178576965,,13.5,970.5,1,36.906682178576965,37,774.0859846862743,1321.3482304387453,0.27413127413127414,0.2972972972972973,6,0.21621621621621623,2.4482758620689653,0.3805424249607408,736.5442535457059,754.5532576314802,874.8116629984961,0.27413127413127414,774.0859846862743,1321.3482304387453,10.117275809571291,6,0.16257218600600162,2.4482758620689653,reticular,reticular,0.27413127413127414,True,874.8116629984961
231,376,53,0,25,26,76.9659477092318,,32.86328125,1001.13671875,1,76.9659477092318,77,730.9768302624457,1420.0545654689224,0.19666048237476808,0.3116883116883117,7,0.2987012987012987,1.962962962962963,0.46980753199957487,697.8707697152066,682.3722254072209,874.8116629984961,0.19666048237476808,730.9768302624457,1420.0545654689224,15.136160402928702,7,0.09094931210936515,1.962962962962963,reticular,reticular,0.19666048237476808,True,874.8116629984961
376,540,54,0,26,27,36.11755212679677,,14.86328125,1011.13671875,1,36.11755212679677,36,803.6548532865214,1369.880994261689,0.3333333333333333,0.6666666666666666,2,0.05555555555555558,2.4705882352941178,0.3140691894826885,740.9027291979293,778.4132154430799,874.8116629984961,0.3333333333333333,803.6548532865214,1369.880994261689,12.039184042265589,2,0.05537473838145681,2.4705882352941178,punctate,punctate,0.3333333333333333,True,874.8116629984961
554,584,55,0,28,18,35.35996092728735,,8.50390625,721.50390625,1,35.35996092728735,35,836.9248385169623,1827.612840726964,0.3469387755102041,0.5428571428571428,3,0.1428571428571429,2.8333333333333335,0.4472135954999579,840.5651951008562,785.0164872311736,874.8116629984961,0.3469387755102041,836.9248385169623,1827.612840726964,12.267741546201732,3,0.08484172270917004,2.8333333333333335,discontinuous,discontinuous,0.3469387755102041,True,874.8116629984961
213,554,56,0,17,28,29.315691118793968,,15.49609375,699.49609375,1,29.315691118793968,29,893.8425583988824,1776.3540054895768,0.5812807881773399,1.0,1,0.0,4.068965517241379,0.2732968728236796,891.1796608259472,824.2257303782305,874.8116629984961,0.5812807881773399,893.8425583988824,1776.3540054895768,17.040648039496,1,0.034111425036775306,4.068965517241379,thick,thick,0.5812807881773399,True,874.8116629984961
150,286,57,0,11,9,53.78014593308837,,33.5,356.5703125,1,53.78014593308837,54,793.8791393055573,1488.8001936726114,0.2830687830687831,0.2962962962962963,5,0.35185185185185186,3.057142857142857,0.6814103227498386,730.2988207504454,802.3189523134453,874.8116629984961,0.2830687830687831,793.8791393055573,1488.8001936726114,15.223480462540888,5,0.09297111254069204,3.057142857142857,discontinuous,discontinuous,0.2830687830687831,True,874.8116629984961
247,373,58,0,16,29,24.243684049039437,,16.5,656.5,1,24.243684049039437,24,713.5821071369965,1217.9026407649412,0.10119047619047619,0.125,2,0.7916666666666666,3.4,0.2999423243289874,699.0614257564907,698.4384220186761,874.8116629984961,0.10119047619047619,713.5821071369965,1217.9026407649412,2.453229933533753,2,0.08249571294339823,3.4,discontinuous,discontinuous,0.10119047619047619,True,874.8116629984961
213,373,59,0,17,29,27.547946149003103,,19.31640625,679.68359375,1,27.547946149003103,28,813.5643352313675,1412.936526178284,0.35714285714285715,0.5357142857142857,2,0.0357142857142857,2.5925925925925926,0.44858052766021667,801.6393963883871,764.1807745668646,874.8116629984961,0.35714285714285715,813.5643352313675,1412.936526178284,9.838552196072538,2,0.07260069368446821,2.5925925925925926,punctate,punctate,0.35714285714285715,True,874.8116629984961
266,554,60,0,19,28,3.1836008691813857,,16.1328125,737.8671875,1,3.1836008691813857,3,913.2543870779541,1213.8130143556014,0.6666666666666666,1.0,1,0.0,4.666666666666667,0.20203050891044214,960.6236702774963,830.2360193226922,874.8116629984961,0.6666666666666666,913.2543870779541,1213.8130143556014,2.122400579454257,1,0.31410972703281576,4.666666666666667,thick,thick,0.6666666666666666,True,874.8116629984961
149,367,61,0,15,30,39.54622737735494,,24.86328125,612.86328125,1,39.54622737735494,40,747.5281847972709,1200.5622818534835,0.25,0.325,4,0.17500000000000004,2.121212121212121,0.4458424724093496,705.9245902954239,718.5355126245337,874.8116629984961,0.25,747.5281847972709,1200.5622818534835,9.886556844338735,4,0.1011474485753473,2.121212121212121,discontinuous,discontinuous,0.25,True,874.8116629984961
247,367,62,0,16,30,19.041019133811968,,17.6796875,637.390625,1,19.041019133811968,19,722.9984496905043,1109.3678854284672,0.11278195488721804,0.21052631578947367,3,0.5789473684210527,1.875,0.5617433182117573,692.6449927994555,713.0348407187008,874.8116629984961,0.11278195488721804,722.9984496905043,1109.3678854284672,2.1474833609562367,3,0.15755459195315702,1.875,discontinuous,discontinuous,0.11278195488721804,True,874.8116629984961
11,266,63,0,31,19,27.800693808149205,,20.06640625,751.13671875,1,27.800693808149205,28,833.3674123806796,1324.8316147189134,0.40816326530612246,0.6428571428571429,2,0.0714285714285714,3.076923076923077,0.3816084380618437,739.089603196673,856.5313927802027,874.8116629984961,0.40816326530612246,833.3674123806796,1324.8316147189134,11.34722196250988,2,0.07194065061116356,3.076923076923077,thick,thick,0.40816326530612246,True,874.8116629984961
11,554,64,0,31,28,44.164541140094265,,37.86328125,731.86328125,1,44.164541140094265,44,772.2392233672155,1562.6339670453242,0.3116883116883117,0.5909090909090909,3,0.13636363636363635,2.526315789473684,0.47826001180204153,759.958961886943,690.6715134378675,874.8116629984961,0.3116883116883117,772.2392233672155,1562.6339670453242,13.765571264444965,3,0.0679277973359602,2.526315789473684,discontinuous,discontinuous,0.3116883116883117,True,874.8116629984961
183,385,65,0,13,32,87.37736733628402,,25.75,531.25,1,87.37736733628402,87,727.540626810795,1673.8150649202694,0.2233169129720854,0.39080459770114945,6,0.3563218390804598,2.4285714285714284,0.5603693789193428,711.6833669972646,675.7459835596886,874.8116629984961,0.2233169129720854,727.540626810795,1673.8150649202694,19.512843937166878,6,0.06866766741675977,2.4285714285714284,reticular,reticular,0.2233169129720854,True,874.8116629984961
367,373,66,0,30,29,38.962334224857045,,36.71484375,654.71484375,1,38.962334224857045,39,724.7868268190398,1161.3495596694154,0.1575091575091575,0.15384615384615385,6,0.33333333333333337,1.6538461538461537,0.3728190591135209,694.895952579602,708.8134371326889,874.8116629984961,0.1575091575091575,724.7868268190398,1161.3495596694154,6.136924438347447,6,0.15399488042408255,1.6538461538461537,reticular,reticular,0.1575091575091575,True,874.8116629984961
326,503,67,0,33,6,38.319593655876936,,31.24609375,210.24609375,1,38.319593655876936,38,710.8290508051958,1374.7836570415725,0.09774436090225563,0.13157894736842105,4,0.6578947368421053,2.0,0.5547001962252291,696.3882996430175,683.3537969164876,874.8116629984961,0.09774436090225563,710.8290508051958,1374.7836570415725,3.745524191927821,4,0.10438524050962984,2.0,discontinuous,discontinuous,0.09774436090225563,True,874.8116629984961
11,641,68,0,31,20,27.300831189306894,,32.25,772.75,1,27.300831189306894,27,718.9941208016,1352.4136876802,0.15343915343915343,0.2962962962962963,4,0.4444444444444444,1.9333333333333333,0.6110360395403224,675.3143051655562,705.9233204894269,874.8116629984961,0.15343915343915343,718.9941208016,1352.4136876802,4.189016425872486,4,0.146515685631092,1.9333333333333333,discontinuous,discontinuous,0.15343915343915343,True,874.8116629984961
326,578,69,0,33,7,41.961319964578976,,26.5,243.5,1,41.961319964578976,42,738.4638024624594,1225.0204348939942,0.19387755102040816,0.40476190476190477,4,0.38095238095238093,2.1923076923076925,0.37993697943346866,714.7783092416155,703.1881725267586,874.8116629984961,0.19387755102040816,738.4638024624594,1225.0204348939942,8.135357952316332,4,0.09532588592009357,2.1923076923076925,discontinuous,discontinuous,0.19387755102040816,True,874.8116629984961
56,150,70,0,34,11,34.62904972854348,,34.25,431.25,1,34.62904972854348,35,761.3048108814543,1129.189117318992,0.21224489795918366,0.3142857142857143,4,0.5142857142857142,3.0588235294117645,0.4819216956208334,796.7341587868424,694.8135273803297,874.8116629984961,0.21224489795918366,761.3048108814543,1129.189117318992,7.349839126058208,4,0.11550995569777198,3.0588235294117645,discontinuous,discontinuous,0.21224489795918366,True,874.8116629984961
56,155,71,0,34,12,40.311893285746734,,39.86328125,441.86328125,1,40.311893285746734,40,829.23067137663,1458.6944784416717,0.4142857142857143,0.6,1,0.4,4.833333333333333,0.2843521121115628,792.7091761126751,829.7272320421592,874.8116629984961,0.4142857142857143,829.23067137663,1458.6944784416717,16.700641504095078,1,0.02480657489618764,4.833333333333333,thick,thick,0.4142857142857143,True,874.8116629984961
571,641,72,0,35,20,26.57500883569355,,30.25,807.25,1,26.57500883569355,27,657.2894197649375,969.3024176044019,0.015873015873015872,0.07407407407407407,2,0.8888888888888888,1.0,0.0,633.5309242818008,631.1767217937479,874.8116629984961,0.015873015873015872,657.2894197649375,969.3024176044019,0.42182553707450077,2,0.07525867676528299,1.0,minimal,minimal,0.015873015873015872,False,874.8116629984961
500,571,73,0,21,35,63.27276051155994,,44.3515625,844.6484375,1,63.27276051155994,63,693.4970441969405,1272.728503251236,0.09297052154195011,0.07936507936507936,10,0.6190476190476191,1.7083333333333333,0.6648299107531225,664.1512428124876,665.4784866273482,874.8116629984961,0.09297052154195011,693.4970441969405,1272.728503251236,5.882501544158633,10,0.15804589398581714,1.7083333333333333,discontinuous,discontinuous,0.09297052154195011,True,874.8116629984961
373,554,74,0,29,28,20.118966459905693,,32.71875,698.28125,1,20.118966459905693,20,720.8764561949693,1160.2240162859796,0.20714285714285716,0.35,4,0.35,2.230769230769231,0.6844632152165244,695.0910740839079,684.6902077680818,874.8116629984961,0.20714285714285716,720.8764561949693,1160.2240162859796,4.16750019526618,4,0.19881737006577574,2.230769230769231,discontinuous,discontinuous,0.20714285714285716,True,874.8116629984961
69,233,76,0,22,36,61.48708684934193,,29.68359375,911.31640625,1,61.48708684934193,61,717.4075705153799,2059.76144152075,0.17798594847775176,0.19672131147540983,4,0.639344262295082,3.4545454545454546,0.4340111184860695,688.1425617917846,715.2220900909153,874.8116629984961,0.17798594847775176,717.4075705153799,2059.76144152075,10.943837472014021,4,0.06505430985535153,3.4545454545454546,discontinuous,discontinuous,0.17798594847775176,True,874.8116629984961
326,573,77,0,33,5,22.648081291752572,,32.5,181.5,1,22.648081291752572,23,820.7452207408643,1529.2544609781473,0.35403726708074534,0.5217391304347826,3,0.08695652173913049,2.7142857142857144,0.4424393057164383,733.9214218017421,833.7691504706277,874.8116629984961,0.35403726708074534,820.7452207408643,1529.2544609781473,8.018264805154637,3,0.13246155210033034,2.7142857142857144,discontinuous,discontinuous,0.35403726708074534,True,874.8116629984961
245,415,78,0,37,4,17.317074999882436,,33.31640625,157.38671875,1,17.317074999882436,17,791.4437779749641,1450.0364363070025,0.3445378151260504,0.9411764705882353,1,0.05882352941176472,2.5625,0.4356236853534573,737.4299028221421,759.153914360787,874.8116629984961,0.3445378151260504,791.4437779749641,1450.0364363070025,5.966387184833445,1,0.057746472773651955,2.5625,punctate,punctate,0.3445378151260504,True,874.8116629984961
245,573,79,0,37,5,11.501636735602933,,33.5,168.5,1,11.501636735602933,12,961.0484143760384,1598.0812822954792,0.6071428571428571,1.0,1,0.0,4.25,0.23773246378396357,956.6905420830734,856.6293005548001,874.8116629984961,0.6071428571428571,961.0484143760384,1598.0812822954792,6.983136589473209,1,0.0869441474276903,4.25,thick,thick,0.6071428571428571,True,874.8116629984961
358,641,80,0,38,20,28.25533321578024,,30.3203125,792.25,1,28.25533321578024,28,647.3877381452244,980.7653676210203,0.02040816326530612,0.07142857142857142,2,0.8928571428571429,1.3333333333333333,0.3535533905932738,612.928366249875,647.8653199429434,874.8116629984961,0.02040816326530612,647.3877381452244,980.7653676210203,0.5766394533832702,2,0.07078309729092226,1.3333333333333333,minimal,minimal,0.02040816326530612,False,874.8116629984961
367,476,81,0,30,14,11.386687382962013,,33.75,592.75,1,11.386687382962013,11,755.1822404673358,1195.968934353237,0.22077922077922077,0.5454545454545454,2,0.2727272727272727,2.125,0.2821077366654541,735.7879985159344,715.0181756651045,874.8116629984961,0.22077922077922077,755.1822404673358,1195.968934353237,2.5139439676669375,2,0.17564370854622877,2.125,punctate,punctate,0.22077922077922077,True,874.8116629984961
214,326,82,0,8,33,13.53558861599252,,37.83203125,266.16796875,1,13.53558861599252,14,613.9200932833145,880.8961260961056,0.01020408163265306,0.07142857142857142,1,0.9285714285714286,1.0,,587.716561295077,621.7958271323104,874.8116629984961,0.01020408163265306,613.9200932833145,880.8961260961056,0.13811825118359713,1,0.07387931388654081,1.0,minimal,minimal,0.01020408163265306,False,874.8116629984961
156,471,83,0,0,39,23.431573062059112,,34.13671875,10.86328125,1,23.431573062059112,23,665.3528977999987,1028.4860486456937,0.031055900621118012,0.08695652173913043,2,0.8695652173913043,1.6666666666666667,0.565685424949238,674.3606901809713,631.819991366088,874.8116629984961,0.031055900621118012,665.3528977999987,1028.4860486456937,0.7276886044117736,2,0.08535491811424481,1.6666666666666667,minimal,minimal,0.031055900621118012,False,874.8116629984961
100,624,84,0,40,3,36.49172319995075,,39.390625,122.609375,1,36.49172319995075,36,719.4657177359024,1116.512529372823,0.1349206349206349,0.3611111111111111,3,0.5555555555555556,2.125,0.43624696982915667,698.3932568639601,703.5006930032953,874.8116629984961,0.1349206349206349,719.4657177359024,1116.512529372823,4.9234864634854185,3,0.08221042299268698,2.125,discontinuous,discontinuous,0.1349206349206349,True,874.8116629984961
100,374,85,0,40,2,31.506722501390335,,43.9765625,103.9765625,1,31.506722501390335,32,786.1069639427359,1380.480981395985,0.23660714285714285,0.28125,3,0.4375,2.9444444444444446,0.4594639872409781,753.7860153561485,794.8484198423546,874.8116629984961,0.23660714285714285,786.1069639427359,1380.480981395985,7.45471559184682,3,0.09521777455168862,2.9444444444444446,discontinuous,discontinuous,0.23660714285714285,True,874.8116629984961
385,476,86,0,32,14,27.150601226153626,,36.5,574.5,1,27.150601226153626,27,612.4523162237087,1508.5863353516208,0.08465608465608465,0.1111111111111111,2,0.8518518518518519,4.0,0.25,585.68261688416,629.0336386299139,874.8116629984961,0.08465608465608465,612.4523162237087,1508.5863353516208,2.298463595864857,2,0.07366319380336375,4.0,discontinuous,discontinuous,0.08465608465608465,True,874.8116629984961
155,385,87,0,12,32,9.538604094354724,,36.53515625,490.53515625,1,9.538604094354724,10,983.1122072513704,1667.698034764674,0.5428571428571428,1.0,1,0.0,3.8,0.28342972669128974,912.0229534348175,930.509084057769,874.8116629984961,0.5428571428571428,983.1122072513704,1667.698034764674,5.17809936550685,1,0.10483714284691138,3.8,thick,thick,0.5428571428571428,True,874.8116629984961
231,320,88,0,25,23,27.442655440455674,,41.25,977.75,1,27.442655440455674,27,666.2975555367447,1071.9838010661172,0.06349206349206349,0.18518518518518517,3,0.7407407407407407,1.7142857142857142,0.4082482904638631,667.9482081397704,634.6155961329321,874.8116629984961,0.06349206349206349,666.2975555367447,1071.9838010661172,1.7423908216162332,3,0.1093188669919104,1.7142857142857142,discontinuous,discontinuous,0.06349206349206349,True,874.8116629984961
141,150,89,0,41,11,73.5747392593492,,42.75390625,391.75390625,1,73.5747392593492,74,711.0467107690173,1180.1608907661794,0.11969111969111969,0.1891891891891892,5,0.6351351351351351,2.2962962962962963,0.4073977722682287,708.0483751679217,671.7560690037665,874.8116629984961,0.11969111969111969,711.0467107690173,1180.1608907661794,8.806242922933688,5,0.06795810695808407,2.2962962962962963,discontinuous,discontinuous,0.11969111969111969,True,874.8116629984961
245,624,91,0,37,3,21.882132414124413,,43.1328125,143.1328125,1,21.882132414124413,22,569.1679605259477,847.4852951007912,0.0,0.0,0,1.0,,,565.4766951588622,571.0946207677366,874.8116629984961,0.0,569.1679605259477,847.4852951007912,0.0,0,0.0,,minimal,minimal,0.0,False,874.8116629984961
114,156,92,0,42,0,6.795703272812884,,37.49609375,53.49609375,1,6.795703272812884,7,836.8302552053287,1090.6058311444517,0.46938775510204084,1.0,1,0.0,3.2857142857142856,0.31352619786643393,941.4064077900339,685.1880815054616,874.8116629984961,0.46938775510204084,836.8302552053287,1090.6058311444517,3.1898199035652315,1,0.14715180458226204,3.2857142857142856,thick,thick,0.46938775510204084,True,874.8116629984961
114,223,93,0,42,1,1.0,,35.5,57.5,1,1.0,1,977.625,1163.125,0.7142857142857143,1.0,1,0.0,5.0,,845.5833333333334,1047.8333333333333,874.8116629984961,0.7142857142857143,977.625,1163.125,0.7142857142857143,1,1.0,5.0,thick,thick,0.7142857142857143,True,874.8116629984961
114,374,94,0,42,2,40.20509172740155,,48.1328125,69.140625,1,40.20509172740155,40,822.2580598692564,1233.113615784058,0.32857142857142857,0.35,3,0.44999999999999996,4.181818181818182,0.31949866210215366,831.5334474868399,769.6723846085082,874.8116629984961,0.32857142857142857,822.2580598692564,1233.113615784058,13.210244424717652,3,0.07461741463843911,4.181818181818182,discontinuous,discontinuous,0.32857142857142857,True,874.8116629984961
233,500,95,0,36,21,30.551109265841717,,47.83203125,873.83203125,1,30.551109265841717,31,584.1877037672214,1274.7633157577832,0.03686635944700461,0.0967741935483871,2,0.8709677419354839,2.0,0.3535533905932738,575.989326772914,579.6291923877596,874.8116629984961,0.03686635944700461,584.1877037672214,1274.7633157577832,1.1263081756992337,2,0.06546407145471933,2.0,discontinuous,discontinuous,0.03686635944700461,False,874.8116629984961
245,326,96,0,37,33,17.33678414912358,,44.50390625,171.49609375,1,17.33678414912358,17,797.5777834776965,1347.4803764530773,0.2857142857142857,0.47058823529411764,2,0.4117647058823529,3.4,0.3766543669078147,726.8018156116137,820.4253795339639,874.8116629984961,0.2857142857142857,797.5777834776965,1347.4803764530773,4.953366899749594,2,0.11536164855009198,3.4,punctate,punctate,0.2857142857142857,True,874.8116629984961
367,385,97,0,30,32,13.776729770759829,,42.28515625,592.71484375,1,13.776729770759829,14,756.8802974721281,1210.3528894081137,0.1836734693877551,0.21428571428571427,3,0.5,2.5714285714285716,0.6849348892187752,760.8584280509688,707.4161568042666,874.8116629984961,0.1836734693877551,756.8802974721281,1210.3528894081137,2.53041975381303,3,0.21775849928967148,2.5714285714285716,discontinuous,discontinuous,0.1836734693877551,True,874.8116629984961
93,156,98,0,43,0,34.66459684622506,,42.13671875,34.13671875,1,34.66459684622506,35,755.571234928228,1110.3837696588942,0.19183673469387755,0.2,4,0.5142857142857142,2.764705882352941,0.43914398809681476,737.1891970471679,733.8980879325076,874.8116629984961,0.19183673469387755,755.571234928228,1110.3837696588942,6.649943068459501,4,0.11539150499122554,2.764705882352941,discontinuous,discontinuous,0.19183673469387755,True,874.8116629984961
93,114,99,0,43,42,44.54218356112712,,58.46875,52.46875,1,44.54218356112712,45,770.6208083351054,1259.579543293769,0.23174603174603176,0.2222222222222222,6,0.33333333333333337,2.433333333333333,0.624903820709975,767.034474449503,724.3428931857229,874.8116629984961,0.23174603174603176,770.6208083351054,1259.579543293769,10.322474285594538,6,0.13470376888384797,2.433333333333333,reticular,reticular,0.23174603174603176,True,874.8116629984961
358,571,100,0,38,35,67.29161235234736,,63.609375,818.609375,1,67.29161235234736,67,678.3810815857948,1135.209217278035,0.1023454157782516,0.19402985074626866,6,0.4925373134328358,1.411764705882353,0.38864079387870054,655.6161443331941,639.5294847578832,874.8116629984961,0.1023454157782516,678.3810815857948,1135.209217278035,6.886988044589922,6,0.08916415865595914,1.411764705882353,discontinuous,discontinuous,0.1023454157782516,True,874.8116629984961
366,373,101,0,44,29,51.47731607830017,,59.35546875,695.35546875,1,51.47731607830017,51,809.7696774505946,1681.6195917335276,0.33613445378151263,0.29411764705882354,5,0.2549019607843137,3.1578947368421053,0.4624812308503869,784.2141297172545,761.4527155722855,874.8116629984961,0.33613445378151263,809.7696774505946,1681.6195917335276,17.303299522117705,5,0.09713016102849441,3.1578947368421053,discontinuous,discontinuous,0.33613445378151263,True,874.8116629984961
366,554,102,0,44,28,33.09512851923937,,47.8984375,718.1015625,1,33.09512851923937,33,839.7334589949019,1588.0771726622645,0.44155844155844154,0.8484848484848485,2,0.09090909090909094,3.4,0.3446744280636656,818.1905634059301,792.400104393047,874.8116629984961,0.44155844155844154,839.7334589949019,1588.0771726622645,14.613433372131668,2,0.060431854761867125,3.4,thick,thick,0.44155844155844154,True,874.8116629984961
11,358,103,0,31,38,9.4606229919468,,44.86328125,779.86328125,1,9.4606229919468,9,798.5934010131227,1454.6951347536092,0.2857142857142857,0.7777777777777778,2,0.11111111111111116,2.25,0.3685138655950444,751.2568340092298,766.2512958156956,874.8116629984961,0.2857142857142857,798.5934010131227,1454.6951347536092,2.7030351405562283,2,0.2114025684886151,2.25,punctate,punctate,0.2857142857142857,True,874.8116629984961
155,574,104,0,12,45,32.99963435090472,,45.53515625,473.53515625,1,32.99963435090472,33,829.8939244880654,1599.5463738897142,0.3203463203463203,0.30303030303030304,5,0.24242424242424243,2.96,0.6227956011785358,796.838315356712,805.7848687630832,874.8116629984961,0.3203463203463203,829.8939244880654,1599.5463738897142,10.57131143708636,5,0.15151683036339217,2.96,discontinuous,discontinuous,0.3203463203463203,True,874.8116629984961
286,326,105,0,9,33,34.52195930239398,,53.5,258.5,1,34.52195930239398,35,678.7027463646931,1110.599724383148,0.044897959183673466,0.08571428571428572,4,0.8,1.5714285714285714,0.6680426571226851,646.3162539935486,672.4154218601187,874.8116629984961,0.044897959183673466,678.7027463646931,1110.599724383148,1.5499655196993214,4,0.11586827865018118,1.5714285714285714,discontinuous,discontinuous,0.044897959183673466,False,874.8116629984961
385,574,106,0,32,45,55.46293558046601,,59.75390625,510.24609375,1,55.46293558046601,55,713.2085487604808,1434.2305317193282,0.14805194805194805,0.16363636363636364,8,0.4545454545454546,1.9,0.613031761742321,662.7516667985816,700.4101155195565,874.8116629984961,0.14805194805194805,713.2085487604808,1434.2305317193282,8.211395657367694,8,0.14424047188042444,1.9,discontinuous,discontinuous,0.14805194805194805,True,874.8116629984961
93,471,107,0,43,39,48.075805491194814,,66.5,13.5,1,48.075805491194814,48,673.9631377482046,1035.0633093333379,0.06547619047619048,0.10416666666666667,5,0.7291666666666667,1.6923076923076923,0.48532173872869594,654.3484197349757,644.9423546065603,874.8116629984961,0.06547619047619048,673.9631377482046,1035.0633093333379,3.147820597637756,5,0.1040024176176468,1.6923076923076923,discontinuous,discontinuous,0.06547619047619048,True,874.8116629984961
56,141,108,0,34,41,4.135128242442549,,46.86328125,420.13671875,1,4.135128242442549,4,753.5291653330643,893.928512239177,0.03571428571428571,0.25,1,0.75,1.0,,750.2865629621942,726.0069172019602,874.8116629984961,0.03571428571428571,753.5291653330643,893.928512239177,0.1476831515158053,1,0.241830468457084,1.0,minimal,minimal,0.03571428571428571,False,874.8116629984961
69,352,109,0,22,46,24.598053419213834,,56.390625,929.390625,1,24.598053419213834,25,620.6590304750323,1086.886871285389,0.04,0.04,2,0.92,3.5,0.42857142857142855,616.1886964541526,613.303916712316,874.8116629984961,0.04,620.6590304750323,1086.886871285389,0.9839221367685533,2,0.08130724679367417,3.5,minimal,minimal,0.04,False,874.8116629984961
320,352,110,0,23,46,41.12560285017742,,49.171875,953.828125,1,41.12560285017742,41,724.164044919565,1145.748581331744,0.08710801393728224,0.14634146341463414,5,0.6585365853658536,1.7857142857142858,0.6412487816752559,687.9654029855292,721.2678708380075,874.8116629984961,0.08710801393728224,724.164044919565,1145.748581331744,3.5823695862523888,5,0.12157876489288787,1.7857142857142858,discontinuous,discontinuous,0.08710801393728224,True,874.8116629984961
367,447,111,0,30,47,49.4033641882812,,54.1328125,617.1328125,1,49.4033641882812,49,782.152074132564,1336.9449417569497,0.33819241982507287,0.673469387755102,2,0.04081632653061229,2.4680851063829787,0.3723898459733651,744.1686405375274,714.3894712668034,874.8116629984961,0.33819241982507287,782.152074132564,1336.9449417569497,16.707843282334167,2,0.0404830730226751,2.4680851063829787,punctate,punctate,0.33819241982507287,True,874.8116629984961
373,447,112,0,29,47,5.419681139337311,,50.5,640.5,1,5.419681139337311,5,814.3979361711405,1143.5325123801197,0.3142857142857143,0.4,2,0.19999999999999996,2.75,0.39626354032187944,746.240685552353,882.6280823214122,874.8116629984961,0.3142857142857143,814.3979361711405,1143.5325123801197,1.7033283580774405,2,0.36902539994161887,2.75,punctate,punctate,0.3142857142857143,True,874.8116629984961
141,543,113,0,41,48,53.045954655297145,,60.89453125,396.89453125,1,53.045954655297145,53,664.8313794251827,979.0237268439845,0.04043126684636118,0.09433962264150944,4,0.7924528301886793,1.3636363636363635,0.4714045207910317,632.3444098130834,653.1026744904519,874.8116629984961,0.04043126684636118,664.8313794251827,979.0237268439845,2.144715147788294,4,0.0754063156369373,1.3636363636363635,discontinuous,discontinuous,0.04043126684636118,False,874.8116629984961
56,543,114,0,34,48,34.139795076368394,,63.1328125,425.140625,1,34.139795076368394,34,757.6313198335556,1286.8774723528854,0.2184873949579832,0.29411764705882354,5,0.38235294117647056,2.4761904761904763,0.5659207295985447,746.634194395746,723.4989812041986,874.8116629984961,0.2184873949579832,757.6313198335556,1286.8774723528854,7.459114890635111,5,0.14645664945601872,2.4761904761904763,discontinuous,discontinuous,0.2184873949579832,True,874.8116629984961
11,589,115,0,31,49,54.84187632959128,,60.390625,754.390625,1,54.84187632959128,55,919.7760011600859,1716.2380736337548,0.4987012987012987,1.0,1,0.0,3.4909090909090907,0.2668984994858117,863.2542177505181,850.4485719437426,874.8116629984961,0.4987012987012987,919.7760011600859,1716.2380736337548,27.349714948783184,1,0.018234241184421792,3.4909090909090907,thick,thick,0.4987012987012987,True,874.8116629984961
358,589,116,0,38,49,57.92703183410208,,76.46484375,771.53515625,1,57.92703183410208,58,745.0082374928262,1435.349135967582,0.24630541871921183,0.5172413793103449,4,0.10344827586206895,1.9230769230769231,0.5754997827975263,679.613640041243,728.9583121565626,874.8116629984961,0.24630541871921183,745.0082374928262,1435.349135967582,14.267741831059626,4,0.06905239010787999,1.9230769230769231,discontinuous,discontinuous,0.24630541871921183,True,874.8116629984961
385,447,117,0,32,47,24.859901806118916,,59.25,586.25,1,24.859901806118916,25,911.7302079999049,1366.5584281966608,0.5371428571428571,1.0,1,0.0,3.76,0.29404840342734584,859.2109452155139,891.1856770849929,874.8116629984961,0.5371428571428571,911.7302079999049,1366.5584281966608,13.35331868442959,1,0.04022542034956325,3.76,thick,thick,0.5371428571428571,True,874.8116629984961
100,245,118,0,40,37,20.257663656671845,,61.3515625,133.6484375,1,20.257663656671845,20,779.1033733415064,1538.8842565063478,0.2785714285714286,0.85,1,0.15000000000000002,2.2941176470588234,0.5128205128205129,740.5966268376613,736.0806505751257,874.8116629984961,0.2785714285714286,779.1033733415064,1538.8842565063478,5.643206304358586,1,0.049364034122989835,2.2941176470588234,punctate,punctate,0.2785714285714286,True,874.8116629984961
231,352,119,0,25,46,77.70847944298123,,86.24609375,986.75390625,1,77.70847944298123,78,732.9434091557936,1250.0510651500324,0.2216117216117216,0.15384615384615385,9,0.2948717948717948,2.2,0.7116081617067523,707.6101532819927,698.0166354749389,874.8116629984961,0.2216117216117216,732.9434091557936,1250.0510651500324,17.221109913188148,9,0.11581747660631772,2.2,reticular,reticular,0.2216117216117216,True,874.8116629984961
252,326,120,0,50,33,69.73815042327087,,58.8984375,210.1015625,1,69.73815042327087,70,764.8269424998297,1379.9489604668029,0.18979591836734694,0.1,8,0.5142857142857142,2.735294117647059,0.4800325652806391,753.3419178287708,727.5966908495845,874.8116629984961,0.18979591836734694,764.8269424998297,1379.9489604668029,13.23601630482488,8,0.11471482899165744,2.735294117647059,reticular,reticular,0.18979591836734694,True,874.8116629984961
447,618,121,0,47,51,31.462858894550855,,67.38671875,635.68359375,1,31.462858894550855,31,868.4807092103797,1468.3083200818917,0.4423963133640553,1.0,1,0.0,3.096774193548387,0.42107047773766115,872.0580124350022,784.8137987532973,874.8116629984961,0.4423963133640553,868.4807092103797,1468.3083200818917,13.919052782842776,1,0.0317835071298366,3.096774193548387,thick,thick,0.4423963133640553,True,874.8116629984961
373,618,122,0,29,51,41.86961745982933,,61.5,660.5,1,41.86961745982933,42,728.519595179062,1216.396961717004,0.2619047619047619,0.40476190476190477,4,0.16666666666666663,2.2,0.4180123880371709,699.4731183544137,672.4658711140485,874.8116629984961,0.2619047619047619,728.519595179062,1216.396961717004,10.965852191860062,4,0.09553466792090211,2.2,discontinuous,discontinuous,0.2619047619047619,True,874.8116629984961
245,252,123,0,37,50,31.71925214021973,,68.28125,173.71875,1,31.71925214021973,32,865.0151374512395,1362.1729037795437,0.4642857142857143,1.0,1,0.0,3.25,0.39223227027636803,799.7037853730806,848.7528888767071,874.8116629984961,0.4642857142857143,865.0151374512395,1362.1729037795437,14.72679563653059,1,0.03152659449785731,3.25,thick,thick,0.4642857142857143,True,874.8116629984961
141,286,124,0,41,9,15.302381789883055,,63.50390625,355.50390625,1,15.302381789883055,15,850.6309213515578,1396.3053357198082,0.3904761904761905,0.8,2,0.06666666666666665,2.9285714285714284,0.4556473583480343,852.8967884698657,788.4925646582689,874.8116629984961,0.3904761904761905,850.6309213515578,1396.3053357198082,5.975215746525764,2,0.13069860806389438,2.9285714285714284,punctate,punctate,0.3904761904761905,True,874.8116629984961
374,436,125,0,2,52,14.030441445268153,,58.828125,92.171875,1,14.030441445268153,14,794.9289265587929,1272.4849169199165,0.22448979591836735,0.6428571428571429,2,0.2857142857142857,2.2,0.5677270907634907,809.1698774226304,739.0203246851822,874.8116629984961,0.22448979591836735,794.9289265587929,1272.4849169199165,3.1496909366928505,2,0.1425471898230623,2.2,punctate,punctate,0.22448979591836735,True,874.8116629984961
155,406,126,0,12,53,18.592474037944868,,59.35546875,455.35546875,1,18.592474037944868,19,931.811726496664,2165.661598588998,0.39097744360902253,0.3157894736842105,2,0.368421052631579,4.333333333333333,0.4741856925360752,849.2447846240174,946.9174133550024,874.8116629984961,0.39097744360902253,931.811726496664,2165.661598588998,7.269237969722805,2,0.10757040703234304,4.333333333333333,punctate,punctate,0.39097744360902253,True,874.8116629984961
114,436,127,0,42,52,36.67068789844474,,74.13671875,79.13671875,1,36.67068789844474,37,556.1162746457358,1000.5105302010627,0.019305019305019305,0.08108108108108109,1,0.9189189189189189,1.6666666666666667,0.565685424949238,546.394145283537,547.657102331134,874.8116629984961,0.019305019305019305,556.1162746457358,1000.5105302010627,0.7079283378078135,1,0.027269736601870823,1.6666666666666667,minimal,minimal,0.019305019305019305,False,874.8116629984961
406,574,128,0,53,45,13.809203154289332,,62.25,467.75,1,13.809203154289332,14,1084.0719332883311,1878.188629229718,0.6938775510204082,1.0,1,0.0,4.857142857142857,0.23158846688270035,1030.5106683186407,1004.0524507582674,874.8116629984961,0.6938775510204082,1084.0719332883311,1878.188629229718,9.581896066241576,1,0.07241547458076072,4.857142857142857,thick,thick,0.6938775510204082,True,874.8116629984961
100,436,129,0,40,52,80.98076949663036,,98.4609375,101.4609375,1,80.98076949663036,81,777.6355894412035,1241.3197682425944,0.2786596119929453,0.3333333333333333,5,0.24691358024691357,2.5901639344262297,0.5609037731925196,754.2477210352279,740.3633335003603,874.8116629984961,0.2786596119929453,777.6355894412035,1241.3197682425944,22.566069806821158,5,0.06174305370373212,2.5901639344262297,discontinuous,discontinuous,0.2786596119929453,True,874.8116629984961
233,501,130,0,36,54,55.87468624094406,,73.859375,903.859375,1,55.87468624094406,56,667.5577309452282,1313.8613101227893,0.10204081632653061,0.25,5,0.5892857142857143,1.7391304347826086,0.4860555523805895,621.0293241018547,673.2711106475371,874.8116629984961,0.10204081632653061,667.5577309452282,1313.8613101227893,5.7014985960147,5,0.08948596111016874,1.7391304347826086,discontinuous,discontinuous,0.10204081632653061,True,874.8116629984961
11,366,131,0,31,44,17.492582116765107,,65.86328125,728.86328125,1,17.492582116765107,17,803.5809727881116,1261.6565421021635,0.2605042016806723,0.5294117647058824,3,0.17647058823529416,2.2142857142857144,0.7277751079147404,798.0923527375389,780.7423735339283,874.8116629984961,0.2605042016806723,803.5809727881116,1261.6565421021635,4.556891139661499,3,0.17150126722142198,2.2142857142857144,discontinuous,discontinuous,0.2605042016806723,True,874.8116629984961
233,352,132,0,36,46,3.6124035556762317,,60.27734375,917.27734375,1,3.6124035556762317,4,896.4796435440558,1352.6951359334166,0.5,1.0,1,0.0,3.5,0.24743582965269675,801.1798581859126,888.6627181753954,874.8116629984961,0.5,896.4796435440558,1352.6951359334166,1.8062017778381159,1,0.27682399947499853,3.5,thick,thick,0.5,True,874.8116629984961
56,406,133,0,34,53,19.580988370363276,,67.75,439.75,1,19.580988370363276,20,633.9275317421215,1289.179022144534,0.07857142857142857,0.2,1,0.8,2.75,0.5378254348272379,609.330212376202,635.3090807047278,874.8116629984961,0.07857142857142857,633.9275317421215,1289.179022144534,1.5385062290999716,1,0.051069945044936844,2.75,discontinuous,discontinuous,0.07857142857142857,True,874.8116629984961
233,571,134,0,36,35,5.0,,64.5,867.5,1,5.0,5,878.0321428571428,1375.125,0.4857142857142857,1.0,1,0.0,3.4,0.23529411764705885,724.0166666666668,955.2916666666666,874.8116629984961,0.4857142857142857,878.0321428571428,1375.125,2.4285714285714284,1,0.2,3.4,thick,thick,0.4857142857142857,True,874.8116629984961
352,501,135,0,46,54,46.32126900663739,,84.171875,921.828125,1,46.32126900663739,46,723.9739424302289,1307.5922640690521,0.18944099378881987,0.43478260869565216,5,0.30434782608695654,1.90625,0.5770398657966571,678.5410614715998,697.863556760022,874.8116629984961,0.18944099378881987,723.9739424302289,1307.5922640690521,8.775147234176648,5,0.10794177506845827,1.90625,discontinuous,discontinuous,0.18944099378881987,True,874.8116629984961
326,418,137,0,33,55,30.462568866360748,,71.25,233.25,1,30.462568866360748,30,657.1759872478596,1327.3046935080688,0.03333333333333333,0.06666666666666667,1,0.9333333333333333,3.5,0.14285714285714285,625.2631583384743,640.6904304034902,874.8116629984961,0.03333333333333333,657.1759872478596,1327.3046935080688,1.0154189622120249,1,0.03282717240253108,3.5,discontinuous,discontinuous,0.03333333333333333,False,874.8116629984961
286,418,138,0,9,55,22.801060736122306,,73.86328125,249.13671875,1,22.801060736122306,23,714.1167162098099,1076.0949337608567,0.06832298136645963,0.13043478260869565,4,0.6956521739130435,1.5714285714285714,0.3149183286488868,704.6438707583491,675.7782054387684,874.8116629984961,0.06832298136645963,714.1167162098099,1076.0949337608567,1.5578364478095987,4,0.17543043485091236,1.5714285714285714,discontinuous,discontinuous,0.06832298136645963,True,874.8116629984961
422,571,139,0,56,35,36.90274392474767,,73.8671875,850.8671875,1,36.90274392474767,37,825.4225906841245,1285.28946922305,0.39768339768339767,1.0,1,0.0,2.7837837837837838,0.38395572685990664,766.4137449514087,798.0649374995829,874.8116629984961,0.39768339768339767,825.4225906841245,1285.28946922305,14.675608587834015,1,0.02709825594647398,2.7837837837837838,punctate,punctate,0.39768339768339767,True,874.8116629984961
233,422,140,0,36,56,39.35376579313926,,74.28515625,881.98828125,1,39.35376579313926,39,790.3779854396829,1526.9197608839545,0.27472527472527475,0.5897435897435898,3,0.33333333333333337,2.8846153846153846,0.3885013942488924,776.5428085401757,744.0897434433746,874.8116629984961,0.27472527472527475,790.3779854396829,1526.9197608839545,10.811474118994303,3,0.07623158647051269,2.8846153846153846,discontinuous,discontinuous,0.27472527472527475,True,874.8116629984961
301,574,141,0,57,45,60.27735407488311,,85.75,493.25,1,60.27735407488311,60,857.8370498491737,1909.1687327656084,0.4357142857142857,1.0,1,0.0,3.05,0.47295389757595324,773.5698809344677,817.0148017744997,874.8116629984961,0.4357142857142857,857.8370498491737,1909.1687327656084,26.263704275484784,1,0.016589978364970878,3.05,thick,thick,0.4357142857142857,True,874.8116629984961
385,544,142,0,32,58,39.86924578639459,,71.61328125,560.61328125,1,39.86924578639459,40,705.7250022128555,1316.245904395571,0.15357142857142858,0.3,3,0.525,2.263157894736842,0.728764633301972,676.4632042564257,676.311417500765,874.8116629984961,0.15357142857142858,705.7250022128555,1316.245904395571,6.122777031482027,3,0.07524596818492493,2.263157894736842,discontinuous,discontinuous,0.15357142857142858,True,874.8116629984961
301,406,143,0,57,53,30.82599892549827,,83.35546875,473.35546875,1,30.82599892549827,31,974.5125045995297,1771.5617315956324,0.6405529953917051,1.0,1,0.0,4.483870967741935,0.2767681159952712,997.7570757887205,852.7005716919236,874.8116629984961,0.6405529953917051,974.5125045995297,1771.5617315956324,19.745685947669397,1,0.032440149057840664,4.483870967741935,thick,thick,0.6405529953917051,True,874.8116629984961
135,245,144,0,59,37,36.877376898609455,,75.90234375,153.09765625,1,36.877376898609455,37,839.652449524558,1795.9607417328284,0.416988416988417,0.8648648648648649,2,0.05405405405405406,3.085714285714286,0.36641405439647,814.3152872348536,781.5627842837678,874.8116629984961,0.416988416988417,839.652449524558,1795.9607417328284,15.377439015636375,2,0.05423379231930714,3.085714285714286,thick,thick,0.416988416988417,True,874.8116629984961
100,135,145,0,40,59,70.26081859766634,,102.64453125,124.64453125,1,70.26081859766634,70,839.63266452786,1759.329421689411,0.47346938775510206,0.9142857142857143,2,0.014285714285714235,3.36231884057971,0.42355581022545674,815.3685410933339,778.9296893184744,874.8116629984961,0.47346938775510206,839.63266452786,1759.329421689411,33.266346764609374,2,0.02846536718355895,3.36231884057971,thick,thick,0.47346938775510206,True,874.8116629984961
447,544,146,0,47,58,31.065844832792987,,84.50390625,584.49609375,1,31.065844832792987,31,785.3589925681571,1367.6305632460171,0.17511520737327188,0.12903225806451613,8,0.4838709677419355,2.375,0.7572365563125347,820.3914457773863,731.2605245753783,874.8116629984961,0.17511520737327188,785.3589925681571,1367.6305632460171,5.44010186012043,8,0.2575175419519005,2.375,reticular,reticular,0.17511520737327188,True,874.8116629984961
236,286,147,0,60,9,9.345335551023178,,71.89453125,351.89453125,1,9.345335551023178,9,817.958065400664,1492.1956252434127,0.2857142857142857,0.3333333333333333,2,0.4444444444444444,3.6,0.415739709641549,760.0860068086029,816.9792630935574,874.8116629984961,0.2857142857142857,817.958065400664,1492.1956252434127,2.670095871720908,2,0.21401050706852673,3.6,punctate,punctate,0.2857142857142857,True,874.8116629984961
141,236,148,0,41,60,18.932519244092944,,73.13671875,365.86328125,1,18.932519244092944,19,710.0657564298533,1331.8708843844433,0.08270676691729323,0.21052631578947367,1,0.7894736842105263,2.75,0.15745916432444337,683.3084212709472,690.4015621529161,874.8116629984961,0.08270676691729323,710.0657564298533,1331.8708843844433,1.5658474562783637,1,0.052819172509860554,2.75,discontinuous,discontinuous,0.08270676691729323,True,874.8116629984961
114,162,149,0,42,61,35.6557729513835,,77.50390625,59.49609375,1,35.6557729513835,36,755.5816294477345,1288.8569930886151,0.20634920634920634,0.3611111111111111,4,0.3055555555555556,2.08,0.5425667684486878,742.6747586784594,711.437571025705,874.8116629984961,0.20634920634920634,755.5816294477345,1288.8569930886151,7.357540450285483,4,0.11218379714987482,2.08,discontinuous,discontinuous,0.20634920634920634,True,874.8116629984961
286,368,150,0,9,62,77.81035636737934,,73.390625,289.390625,1,77.81035636737934,78,589.1904360632062,1024.140218106424,0.02197802197802198,0.05128205128205128,5,0.858974358974359,1.0909090909090908,0.26352313834736496,571.0707740164505,570.4716155853204,874.8116629984961,0.02197802197802198,589.1904360632062,1024.140218106424,1.7101177223599857,5,0.06425879835831422,1.0909090909090908,discontinuous,discontinuous,0.02197802197802198,False,874.8116629984961
93,162,151,0,43,61,32.5203088940964,,86.50390625,34.50390625,1,32.5203088940964,33,777.7261707156116,1441.8366567813555,0.2554112554112554,0.3333333333333333,3,0.33333333333333337,2.6818181818181817,0.5436954214354387,755.4940944824325,741.652082959896,874.8116629984961,0.2554112554112554,777.7261707156116,1441.8366567813555,8.306052921002978,3,0.09225004626400111,2.6818181818181817,discontinuous,discontinuous,0.2554112554112554,True,874.8116629984961
236,543,152,0,60,48,55.807840911697454,,94.1328125,387.8671875,1,55.807840911697454,56,748.7931393065713,1434.5909928519868,0.25510204081632654,0.6428571428571429,4,0.1785714285714286,2.1739130434782608,0.4214261501141096,706.7435156247195,705.6393813902614,874.8116629984961,0.25510204081632654,748.7931393065713,1434.5909928519868,14.236694110126901,4,0.07167451624457291,2.1739130434782608,discontinuous,discontinuous,0.25510204081632654,True,874.8116629984961
366,570,153,0,44,63,37.44883869567856,,85.86328125,712.86328125,1,37.44883869567856,37,829.8289601856071,1555.5641634117605,0.3359073359073359,0.6756756756756757,3,0.10810810810810811,2.6363636363636362,0.42606328719196873,809.3028850663148,757.0516906701216,874.8116629984961,0.3359073359073359,829.8289601856071,1555.5641634117605,12.579339639088937,3,0.08010929322479064,2.6363636363636362,discontinuous,discontinuous,0.3359073359073359,True,874.8116629984961
11,570,154,0,31,63,10.790234924755492,,77.1328125,731.8671875,1,10.790234924755492,11,948.8072019929709,1539.0638243427886,0.5714285714285714,1.0,1,0.0,4.0,0.1846372364689991,869.0412314912714,918.2222978061095,874.8116629984961,0.5714285714285714,948.8072019929709,1539.0638243427886,6.1658485284317095,1,0.09267638813921933,4.0,thick,thick,0.5714285714285714,True,874.8116629984961
406,543,155,0,53,48,1.0,,75.5,433.5,1,1.0,1,1028.875,1285.5,0.7142857142857143,1.0,1,0.0,5.0,,1043.2083333333333,929.0,874.8116629984961,0.7142857142857143,1028.875,1285.5,0.7142857142857143,1,1.0,5.0,thick,thick,0.7142857142857143,True,874.8116629984961
286,551,156,0,9,64,42.460869579977754,,84.71875,330.71875,1,42.460869579977754,42,686.9813152451081,1462.9477742974282,0.1360544217687075,0.14285714285714285,6,0.47619047619047616,1.8181818181818181,0.7533259586659683,660.2837209336368,646.242212165665,874.8116629984961,0.1360544217687075,686.9813152451081,1462.9477742974282,5.776989058500376,6,0.14130657377844366,1.8181818181818181,discontinuous,discontinuous,0.1360544217687075,True,874.8116629984961
406,517,157,0,53,65,45.69803048838452,,88.13671875,450.86328125,1,45.69803048838452,46,865.7466632945451,1612.6610685945225,0.41304347826086957,0.5652173913043478,2,0.08695652173913049,3.1666666666666665,0.3953629120341326,830.5326002642163,781.4908010389478,874.8116629984961,0.41304347826086957,865.7466632945451,1612.6610685945225,18.875273462593604,2,0.04376556229285107,3.1666666666666665,thick,thick,0.41304347826086957,True,874.8116629984961
236,551,158,0,60,64,68.5183559044934,,107.98828125,350.01171875,1,68.5183559044934,69,838.5135606450995,1450.139489606285,0.40372670807453415,0.463768115942029,4,0.13043478260869568,3.25,0.43378068245759027,772.4138014370291,842.0866801521892,874.8116629984961,0.40372670807453415,838.5135606450995,1450.139489606285,27.662690272000443,4,0.058378516927281986,3.25,thick_to_reticular,thick_to_reticular,0.40372670807453415,True,874.8116629984961
517,543,159,0,65,48,37.82750668892844,,93.13671875,431.13671875,1,37.82750668892844,38,696.2494288833028,1214.521301855408,0.12030075187969924,0.21052631578947367,3,0.7105263157894737,2.909090909090909,0.426193178030808,679.4250379605523,677.0265226004567,874.8116629984961,0.12030075187969924,696.2494288833028,1214.521301855408,4.550677496412443,3,0.07930736817179802,2.909090909090909,discontinuous,discontinuous,0.12030075187969924,True,874.8116629984961
118,385,160,0,66,32,18.164958494828173,,78.5,539.5,1,18.164958494828173,18,790.3472418062736,1361.068588538118,0.25396825396825395,0.6111111111111112,2,0.33333333333333337,2.6666666666666665,0.3186887195995491,712.3481399609485,804.8067843730621,874.8116629984961,0.25396825396825395,790.3472418062736,1361.068588538118,4.613322792337313,2,0.1101020957779468,2.6666666666666665,punctate,punctate,0.25396825396825395,True,874.8116629984961
373,576,161,0,29,67,5.0,,76.5,676.5,1,5.0,5,1018.2178571428572,1663.625,0.6285714285714286,1.0,1,0.0,4.4,0.42152811343162283,1068.7916666666665,875.55,874.8116629984961,0.6285714285714286,1018.2178571428572,1663.625,3.142857142857143,1,0.2,4.4,thick,thick,0.6285714285714286,True,874.8116629984961
576,618,162,0,67,51,22.682590167591183,,86.83203125,668.83203125,1,22.682590167591183,23,557.7198255608781,1104.6097059846288,0.024844720496894408,0.043478260869565216,2,0.9130434782608696,2.0,0.5,567.6832213075435,544.7850556124189,874.8116629984961,0.024844720496894408,557.7198255608781,1104.6097059846288,0.5635426128594082,2,0.0881733516861577,2.0,minimal,minimal,0.024844720496894408,False,874.8116629984961
366,576,163,0,44,67,27.880717829280393,,87.35546875,686.64453125,1,27.880717829280393,28,1024.13460923501,1747.6864102343188,0.6989795918367347,1.0,1,0.0,4.892857142857143,0.191875028147371,1028.2525983091016,926.9215399663004,874.8116629984961,0.6989795918367347,1024.13460923501,1747.6864102343188,19.488052768425582,1,0.0358670822653568,4.892857142857143,thick,thick,0.6989795918367347,True,874.8116629984961
118,574,164,0,66,45,28.28132783484503,,89.75390625,523.75390625,1,28.28132783484503,28,823.6551502154302,1438.2833244260876,0.3622448979591837,0.5714285714285714,2,0.0357142857142857,2.6296296296296298,0.47596465489340284,770.7809753823213,774.0384155183356,874.8116629984961,0.3622448979591837,823.6551502154302,1438.2833244260876,10.244766715683658,2,0.0707180374160448,2.6296296296296298,punctate,punctate,0.3622448979591837,True,874.8116629984961
570,589,165,0,63,49,42.36149376088728,,95.75390625,747.24609375,1,42.36149376088728,42,857.7529087945186,1479.830312766983,0.4387755102040816,1.0,1,0.0,3.0714285714285716,0.3286126882825836,817.020124083316,813.0681400637354,874.8116629984961,0.4387755102040816,857.7529087945186,1479.830312766983,18.587186037940334,1,0.02360634413990633,3.0714285714285716,thick,thick,0.4387755102040816,True,874.8116629984961
252,418,166,0,50,55,44.77213160035634,,89.50390625,202.50390625,1,44.77213160035634,45,756.8590914041306,1604.4554854892913,0.2507936507936508,0.3333333333333333,5,0.2666666666666667,2.393939393939394,0.45919891511941907,707.3293549429502,748.3313658959826,874.8116629984961,0.2507936507936508,756.8590914041306,1604.4554854892913,11.228566337867145,5,0.11167661268913552,2.393939393939394,discontinuous,discontinuous,0.2507936507936508,True,874.8116629984961
447,560,167,0,47,68,27.175797717069347,,87.13671875,625.13671875,1,27.175797717069347,27,838.6416881136903,1382.2631559380861,0.43915343915343913,1.0,1,0.0,3.074074074074074,0.3420498690741781,819.1720648835844,768.7551027093718,874.8116629984961,0.43915343915343913,838.6416881136903,1382.2631559380861,11.934345029189183,1,0.03679744787664104,3.074074074074074,thick,thick,0.43915343915343913,True,874.8116629984961
560,618,168,0,68,51,32.15235005086432,,89.75,649.25,1,32.15235005086432,32,929.699384693731,1595.4999052275386,0.5267857142857143,1.0,1,0.0,3.6875,0.26637684144918156,869.3692135974065,862.6969338436538,874.8116629984961,0.5267857142857143,929.699384693731,1595.4999052275386,16.937398687508885,1,0.03110192562652564,3.6875,thick,thick,0.5267857142857143,True,874.8116629984961
135,252,170,0,59,50,24.80704637137775,,88.86328125,177.13671875,1,24.80704637137775,25,936.3196450325368,1248.8093602113493,0.6685714285714286,1.0,1,0.0,4.68,0.26148818018424547,945.3455263164363,869.3749920664934,874.8116629984961,0.6685714285714286,936.3196450325368,1248.8093602113493,16.585282431149697,1,0.040311127130144564,4.68,thick,thick,0.6685714285714286,True,874.8116629984961
279,352,171,0,69,46,68.20452025704982,,82.8984375,954.1015625,1,68.20452025704982,68,591.6627129591903,1103.144584868065,0.0273109243697479,0.04411764705882353,3,0.9264705882352942,2.6,0.3922322702763681,588.8270023538083,577.5945172609268,874.8116629984961,0.0273109243697479,591.6627129591903,1103.144584868065,1.8627284944152263,3,0.04398535447054788,2.6,discontinuous,discontinuous,0.0273109243697479,False,874.8116629984961
118,544,172,0,66,58,38.520552966869495,,100.640625,548.359375,1,38.520552966869495,39,808.7379684904993,1310.1055221182535,0.37362637362637363,1.0,1,0.0,2.6153846153846154,0.3421554581689244,744.1234425482479,782.0251889819492,874.8116629984961,0.37362637362637363,808.7379684904993,1310.1055221182535,14.392294515094097,1,0.02596016731276089,2.6153846153846154,punctate,punctate,0.37362637362637363,True,874.8116629984961
358,422,173,0,38,56,31.413128091161482,,98.859375,832.859375,1,31.413128091161482,31,660.5187713830697,1112.4365506114611,0.06451612903225806,0.12903225806451613,3,0.7741935483870968,2.0,0.4629100498862757,634.3393653826344,640.48545803556,874.8116629984961,0.06451612903225806,660.5187713830697,1112.4365506114611,2.0266534252362245,3,0.09550147286491,2.0,discontinuous,discontinuous,0.06451612903225806,True,874.8116629984961
368,418,174,0,62,55,33.81207330573903,,96.25,258.2421875,1,33.81207330573903,34,666.308483676317,1574.3296448526214,0.046218487394957986,0.08823529411764706,2,0.8823529411764706,2.75,0.6492207662311682,653.3907471916784,647.4312644677686,874.8116629984961,0.046218487394957986,666.308483676317,1574.3296448526214,1.5627428838786945,2,0.05915046918050228,2.75,discontinuous,discontinuous,0.046218487394957986,False,874.8116629984961
162,436,175,0,61,52,55.479641026934104,,110.1328125,71.8671875,1,55.479641026934104,55,719.2644849317427,1438.040345140078,0.13766233766233765,0.18181818181818182,4,0.6181818181818182,2.5238095238095237,0.5685478933328062,715.8211648980069,689.4365516165132,874.8116629984961,0.13766233766233765,719.2644849317427,1438.040345140078,7.6374570764350835,4,0.07209851985268056,2.5238095238095237,discontinuous,discontinuous,0.13766233766233765,True,874.8116629984961
176,560,176,0,70,68,67.32907844631933,,118.64453125,632.35546875,1,67.32907844631933,67,822.6040884561718,1677.1760267750878,0.3816631130063966,0.3880597014925373,4,0.10447761194029848,2.9833333333333334,0.4798944465364078,756.5938364727126,814.7502350811277,874.8116629984961,0.3816631130063966,822.6040884561718,1677.1760267750878,25.697025675674116,4,0.05940969477532879,2.9833333333333334,discontinuous,discontinuous,0.3816631130063966,True,874.8116629984961
243,422,177,0,71,56,53.85159402592549,,113.25,858.25,1,53.85159402592549,54,786.6742384798955,1421.1678580771356,0.2671957671957672,0.3148148148148148,3,0.35185185185185186,2.8857142857142857,0.6768976093123648,768.2948244231332,743.4956488476605,874.8116629984961,0.2671957671957672,786.6742384798955,1421.1678580771356,14.388917980472156,3,0.055708657362226376,2.8857142857142857,discontinuous,discontinuous,0.2671957671957672,True,874.8116629984961
231,613,178,0,25,72,34.11300020345218,,100.8984375,1009.8984375,1,34.11300020345218,34,738.7881928864662,1247.5378018296433,0.1638655462184874,0.29411764705882354,3,0.5882352941176471,2.7857142857142856,0.793215810167078,714.1905116015956,724.2219189690238,874.8116629984961,0.1638655462184874,738.7881928864662,1247.5378018296433,5.5899454114900635,3,0.08794301240312498,2.7857142857142856,discontinuous,discontinuous,0.1638655462184874,True,874.8116629984961
176,447,179,0,70,47,30.086400599363113,,97.5,599.5,1,30.086400599363113,30,866.7969484659413,1455.7775642726033,0.38571428571428573,0.26666666666666666,4,0.16666666666666663,3.24,0.5743063382524941,848.3609882986717,834.0846562129458,874.8116629984961,0.38571428571428573,866.7969484659413,1455.7775642726033,11.604754516897202,4,0.132950433428872,3.24,discontinuous,discontinuous,0.38571428571428573,True,874.8116629984961
233,243,180,0,36,71,29.793322891110098,,101.46484375,888.53515625,1,29.793322891110098,30,798.2749796345925,1184.1447080990586,0.18571428571428572,0.23333333333333334,5,0.4666666666666667,2.4375,0.32332103110047417,817.0363387597948,755.4948160919073,874.8116629984961,0.18571428571428572,798.2749796345925,1184.1447080990586,5.533045679777589,5,0.1678228379652116,2.4375,discontinuous,discontinuous,0.18571428571428572,True,874.8116629984961
368,551,181,0,62,64,34.88307152592933,,110.16796875,305.16796875,1,34.88307152592933,35,721.976985378715,1224.399234216642,0.1510204081632653,0.2,4,0.4571428571428572,1.9473684210526316,0.6964377690121689,695.8480021915371,687.4776709078136,874.8116629984961,0.1510204081632653,721.976985378715,1224.399234216642,5.268055699834226,4,0.1146688013705076,1.9473684210526316,discontinuous,discontinuous,0.1510204081632653,True,874.8116629984961
570,576,182,0,63,67,35.77420007791265,,107.50390625,704.50390625,1,35.77420007791265,36,855.5088575909252,2089.166935482047,0.42857142857142855,1.0,1,0.0,3.0,0.4779069592801459,798.444202327229,809.8458969139645,874.8116629984961,0.42857142857142855,855.5088575909252,2089.166935482047,15.331800033391136,1,0.027953105808714084,3.0,thick,thick,0.42857142857142855,True,874.8116629984961
560,576,184,0,68,67,36.12103119405908,,112.86328125,671.13671875,1,36.12103119405908,36,882.6285117166368,1379.40052694694,0.5,1.0,1,0.0,3.5,0.3657688451366004,849.376649342416,849.9608941326517,874.8116629984961,0.5,882.6285117166368,1379.40052694694,18.06051559702954,1,0.027684702427999138,3.5,thick,thick,0.5,True,874.8116629984961
301,517,185,0,57,65,21.77838519498164,,104.28125,479.71875,1,21.77838519498164,22,873.3983428230042,1985.9054927821362,0.44155844155844154,1.0,1,0.0,3.090909090909091,0.3890810751565575,832.9058291048706,753.0837011820912,874.8116629984961,0.44155844155844154,873.3983428230042,1985.9054927821362,9.61642982635553,1,0.04591708664563562,3.090909090909091,thick,thick,0.44155844155844154,True,874.8116629984961
243,501,186,0,71,54,2.8339460121886586,,100.5,905.5,1,2.8339460121886586,3,823.3421413123576,1108.998372395829,0.23809523809523808,1.0,1,0.0,1.6666666666666667,0.565685424949238,746.4349358932477,847.7354641480878,874.8116629984961,0.23809523809523808,823.3421413123576,1108.998372395829,0.6747490505211091,1,0.3528648731129847,1.6666666666666667,punctate,punctate,0.23809523809523808,True,874.8116629984961
501,598,187,0,54,73,25.72930348437911,,103.75,917.25,1,25.72930348437911,26,825.0577616898001,1681.6474884428965,0.3516483516483517,0.7692307692307693,2,0.15384615384615385,2.909090909090909,0.4739297152532219,788.3993797147577,778.2680598883439,874.8116629984961,0.3516483516483517,825.0577616898001,1681.6474884428965,9.047667159342105,2,0.07773238017166881,2.909090909090909,punctate,punctate,0.3516483516483517,True,874.8116629984961
176,544,188,0,70,58,22.732197819387974,,109.35546875,582.35546875,1,22.732197819387974,23,978.2103961923316,1594.8417266194608,0.6645962732919255,1.0,1,0.0,4.6521739130434785,0.215966729126941,949.7345882559392,914.1068667357654,874.8116629984961,0.6645962732919255,978.2103961923316,1594.8417266194608,15.107733954500082,1,0.04399046708748566,4.6521739130434785,thick,thick,0.6645962732919255,True,874.8116629984961
93,297,189,0,43,74,41.84578846127093,,112.83203125,11.83203125,1,41.84578846127093,42,778.7232143922836,1522.1340059646773,0.2653061224489796,0.40476190476190477,3,0.16666666666666663,2.2285714285714286,0.4561653044783897,762.7918972036778,718.4034275173144,874.8116629984961,0.2653061224489796,778.7232143922836,1522.1340059646773,11.101943877480043,3,0.07169180245645405,2.2285714285714286,discontinuous,discontinuous,0.2653061224489796,True,874.8116629984961
162,297,190,0,61,74,34.21339401384707,,114.13671875,36.86328125,1,34.21339401384707,34,784.4956699259956,1243.6000519648746,0.2857142857142857,0.5882352941176471,3,0.23529411764705888,2.6153846153846154,0.2821077366654541,755.2722138003296,740.0883170976173,874.8116629984961,0.2857142857142857,784.4956699259956,1243.6000519648746,9.775255432527734,3,0.08768495749897891,2.6153846153846154,discontinuous,discontinuous,0.2857142857142857,True,874.8116629984961
135,404,191,0,59,75,60.77706170877038,,117.86328125,151.86328125,1,60.77706170877038,61,806.842763873198,1322.4448231886965,0.36768149882903983,0.5245901639344263,4,0.06557377049180324,2.754385964912281,0.6168815293148153,745.0821532116314,788.4307046168921,874.8116629984961,0.36768149882903983,806.842763873198,1322.4448231886965,22.34660114350574,4,0.0658143037445126,2.754385964912281,discontinuous,discontinuous,0.36768149882903983,True,874.8116629984961
252,404,192,0,50,75,23.668396671925695,,106.13671875,186.13671875,1,23.668396671925695,24,901.7010458955244,1276.1833430231968,0.5595238095238095,1.0,1,0.0,3.9166666666666665,0.27495421241106566,915.7781780634258,814.6729254049716,874.8116629984961,0.5595238095238095,901.7010458955244,1276.1833430231968,13.24303147119652,1,0.04225043267025145,3.9166666666666665,thick,thick,0.5595238095238095,True,874.8116629984961
118,301,193,0,66,57,30.461635882023337,,114.859375,517.140625,1,30.461635882023337,30,835.4728973086327,1489.6914875147372,0.44761904761904764,1.0,1,0.0,3.1333333333333333,0.2940484034273458,761.1945207261401,812.8883932329038,874.8116629984961,0.44761904761904764,835.4728973086327,1489.6914875147372,13.635208442429494,1,0.03282817783893678,3.1333333333333333,thick,thick,0.44761904761904764,True,874.8116629984961
243,598,194,0,71,73,63.1744666641808,,127.5,892.5,1,63.1744666641808,63,790.9216642105799,2048.1308217538576,0.28798185941043086,0.36507936507936506,3,0.2063492063492064,2.54,0.48031496062992124,738.0198389306249,757.795862496995,874.8116629984961,0.28798185941043086,790.9216642105799,2048.1308217538576,18.193100377213067,3,0.04748753979906515,2.54,discontinuous,discontinuous,0.28798185941043086,True,874.8116629984961
352,423,195,0,46,76,2.295888206165974,,103.0078125,931.0078125,2,2.295888206165974,2,919.7176166470362,1286.7527708828272,0.6428571428571429,1.0,1,0.0,4.5,0.1111111111111111,854.0842178609719,904.8756203987259,874.8116629984961,0.6428571428571429,919.7176166470362,1286.7527708828272,1.4759281325352693,1,0.43556127746740475,4.5,thick,thick,0.6428571428571429,True,874.8116629984961
279,423,196,0,69,76,33.94505973666938,,110.16796875,945.83203125,1,33.94505973666938,34,723.0721617716878,1291.1513690784193,0.22268907563025211,0.6470588235294118,2,0.32352941176470584,2.3043478260869565,0.3716550113885322,668.3650040409973,695.6677166506166,874.8116629984961,0.22268907563025211,723.0721617716878,1291.1513690784193,7.559193974972593,2,0.05891873561322641,2.3043478260869565,punctate,punctate,0.22268907563025211,True,874.8116629984961
235,358,197,0,77,38,57.231066839629094,,109.5,793.5,1,57.231066839629094,57,671.5117855856757,1207.5099008618902,0.06015037593984962,0.05263157894736842,6,0.7719298245614035,1.8461538461538463,0.8720187306856813,654.5652470044923,650.3019446076104,874.8116629984961,0.06015037593984962,671.5117855856757,1207.5099008618902,3.4424701858423514,6,0.104838164502734,1.8461538461538463,discontinuous,discontinuous,0.06015037593984962,True,874.8116629984961
235,589,198,0,77,49,6.498305356742881,,106.5,763.5,1,6.498305356742881,6,791.2147382559174,1152.7654354330607,0.23809523809523808,0.5,2,0.33333333333333337,2.5,0.2,746.7362087909838,800.300203416126,874.8116629984961,0.23809523809523808,791.2147382559174,1152.7654354330607,1.5472155611292573,2,0.307772548411368,2.5,punctate,punctate,0.23809523809523808,True,874.8116629984961
423,501,199,0,76,54,6.34830330457291,,106.390625,929.390625,1,6.34830330457291,6,994.85720474475,1641.537626494744,0.6904761904761905,1.0,1,0.0,4.833333333333333,0.30258497887559044,961.0203297689859,949.0219859878034,874.8116629984961,0.6904761904761905,994.85720474475,1641.537626494744,4.3833522817289134,1,0.15752240433749665,4.833333333333333,thick,thick,0.6904761904761905,True,874.8116629984961
404,418,200,0,75,55,7.124377994300021,,111.13671875,197.86328125,1,7.124377994300021,7,872.5110412738882,1243.4463986512014,0.4897959183673469,1.0,1,0.0,3.4285714285714284,0.2124591463996994,793.4698752076508,878.0843291473453,874.8116629984961,0.4897959183673469,872.5110412738882,1243.4463986512014,3.4894912625142958,1,0.14036313076033682,3.4285714285714284,thick,thick,0.4897959183673469,True,874.8116629984961
43,368,201,0,78,62,43.159971081643626,,113.35546875,269.64453125,1,43.159971081643626,43,820.502351267837,1566.1398546869123,0.3654485049833887,0.6511627906976745,4,0.13953488372093026,2.972972972972973,0.4024717022032483,760.07708660546,805.3683962844107,874.8116629984961,0.3654485049833887,820.502351267837,1566.1398546869123,15.772746906912953,4,0.09267846802847467,2.972972972972973,discontinuous,discontinuous,0.3654485049833887,True,874.8116629984961
235,570,202,0,77,63,13.240591065271335,,114.75390625,758.75390625,1,13.240591065271335,13,845.0920591144182,1325.5401617576358,0.43956043956043955,1.0,1,0.0,3.076923076923077,0.41231056256176607,812.0325120845004,789.8599029899877,874.8116629984961,0.43956043956043955,845.0920591144182,1325.5401617576358,5.820040028690697,1,0.07552532927498183,3.076923076923077,thick,thick,0.43956043956043955,True,874.8116629984961
43,418,203,0,78,55,27.44502852161524,,119.640625,241.640625,1,27.44502852161524,27,920.6227523401092,1536.8742090901637,0.544973544973545,1.0,1,0.0,3.814814814814815,0.4038181425841829,940.3349210154612,820.3993681779343,874.8116629984961,0.544973544973545,920.6227523401092,1536.8742090901637,14.956814485324708,1,0.036436471516596056,3.814814814814815,thick,thick,0.544973544973545,True,874.8116629984961
154,517,204,0,79,65,47.4919137329558,,120.6875,447.3125,1,47.4919137329558,47,769.5983216207951,1638.2134819317787,0.2066869300911854,0.5106382978723404,5,0.19148936170212771,1.7894736842105263,0.5462992829707856,724.482132234742,753.5004097544073,874.8116629984961,0.2066869300911854,769.5983216207951,1638.2134819317787,9.815957853620045,5,0.10528108065121784,1.7894736842105263,discontinuous,discontinuous,0.2066869300911854,True,874.8116629984961
423,598,205,0,76,73,30.1051478760477,,121.71484375,936.01171875,1,30.1051478760477,30,876.6655105894465,1667.3978438394283,0.40476190476190477,0.7333333333333333,3,0.16666666666666663,3.4,0.38122004108281526,828.3479118592965,843.0650154723534,874.8116629984961,0.40476190476190477,876.6655105894465,1667.3978438394283,12.185416997447879,3,0.09965073124210974,3.4,thick,thick,0.40476190476190477,True,874.8116629984961
154,543,206,0,79,48,17.23402939364866,,113.49609375,419.49609375,1,17.23402939364866,17,683.6442463142657,920.5091056707397,0.025210084033613446,0.058823529411764705,2,0.8823529411764706,1.5,0.3333333333333333,673.3811481759763,652.3620557545095,874.8116629984961,0.025210084033613446,683.6442463142657,920.5091056707397,0.43447132925164694,2,0.1160494713289203,1.5,minimal,minimal,0.025210084033613446,False,874.8116629984961
128,358,207,0,80,38,14.020510384165348,,115.86328125,822.86328125,1,14.020510384165348,14,785.9989241130033,1269.920664598835,0.32653061224489793,0.5,2,0.0714285714285714,2.4615384615384617,0.5191639914323797,785.2603396666661,709.6972752311403,874.8116629984961,0.32653061224489793,785.9989241130033,1269.920664598835,4.57812583972746,2,0.14264815938931752,2.4615384615384617,punctate,punctate,0.32653061224489793,True,874.8116629984961
128,422,208,0,80,56,21.945249373319182,,123.46484375,833.53515625,1,21.945249373319182,22,849.9108195814861,1285.8436763048398,0.38961038961038963,0.5,2,0.09090909090909094,3.0,0.34960294939005054,882.3645785451856,760.425836287368,874.8116629984961,0.38961038961038963,849.9108195814861,1285.8436763048398,8.550097158436046,2,0.09113589761397654,3.0,punctate,punctate,0.38961038961038963,True,874.8116629984961
25,301,209,0,81,57,40.47640302979976,,125.5,499.5,1,40.47640302979976,40,807.3077699337925,1844.1894899278373,0.32857142857142857,0.55,4,0.15000000000000002,2.7058823529411766,0.48707296744365386,812.1298109799334,717.0037731581393,874.8116629984961,0.32857142857142857,807.3077699337925,1844.1894899278373,13.299389566934208,4,0.0988230104600722,2.7058823529411766,discontinuous,discontinuous,0.32857142857142857,True,874.8116629984961
352,423,210,1,46,76,41.82829703098952,,123.50390625,980.49609375,2,41.82829703098952,42,736.0874821919883,1129.9499600969384,0.1598639455782313,0.23809523809523808,5,0.38095238095238093,1.8076923076923077,0.46077463463207907,755.7976264267163,676.8805081374549,874.8116629984961,0.1598639455782313,736.0874821919883,1129.9499600969384,6.686836600192202,5,0.11953630328998638,1.8076923076923077,discontinuous,discontinuous,0.1598639455782313,True,874.8116629984961
25,517,211,0,81,65,27.21737618586539,,123.28125,477.28125,1,27.21737618586539,27,530.5362344918509,987.9319533787263,0.031746031746031744,0.037037037037037035,2,0.9259259259259259,3.0,0.6666666666666666,527.278252376882,530.2943747935346,874.8116629984961,0.031746031746031744,530.5362344918509,987.9319533787263,0.8640436884401711,2,0.07348246893242583,3.0,minimal,minimal,0.031746031746031744,False,874.8116629984961
404,507,212,0,75,82,49.38326762864704,,129.83203125,179.83203125,1,49.38326762864704,49,790.8702901493026,1275.3357483552768,0.3469387755102041,0.5510204081632653,2,0.1428571428571429,2.8333333333333335,0.43511238541175185,762.4573211514623,737.1576563172141,874.8116629984961,0.3469387755102041,790.8702901493026,1275.3357483552768,17.132970401775502,2,0.04049954764110846,2.8333333333333335,punctate,punctate,0.3469387755102041,True,874.8116629984961
418,507,213,0,55,82,44.36961567955947,,127.49609375,213.50390625,1,44.36961567955947,44,738.3205703290532,1562.4459076381502,0.22402597402597402,0.6590909090909091,2,0.20454545454545459,1.9714285714285715,0.5488143834423619,691.6000187364956,701.930066234268,874.8116629984961,0.22402597402597402,738.3205703290532,1562.4459076381502,9.93994636977144,2,0.045075891899631106,1.9714285714285715,punctate,punctate,0.22402597402597402,True,874.8116629984961
389,543,214,0,83,48,7.124377994300021,,115.13671875,407.86328125,1,7.124377994300021,7,713.1524485902396,1024.417520091314,0.16326530612244897,0.2857142857142857,2,0.5714285714285714,2.6666666666666665,0.6373774391990982,683.2154708887018,699.7041785785541,874.8116629984961,0.16326530612244897,713.1524485902396,1024.417520091314,1.163163754171432,2,0.28072626152067365,2.6666666666666665,punctate,punctate,0.16326530612244897,True,874.8116629984961
236,389,215,0,60,83,38.20913187552009,,116.53515625,387.53515625,1,38.20913187552009,38,807.9731374410627,1660.4945542071227,0.39473684210526316,0.8421052631578947,2,0.02631578947368418,2.8378378378378377,0.5214666217906218,753.1519101040755,769.165686409481,874.8116629984961,0.39473684210526316,807.9731374410627,1660.4945542071227,15.082552056126353,2,0.05234350800001725,2.8378378378378377,punctate,punctate,0.39473684210526316,True,874.8116629984961
154,389,216,0,79,83,57.92718341724231,,143.53515625,419.46484375,1,57.92718341724231,58,762.1496677391734,1432.223759353078,0.3078817733990148,1.0,1,0.0,2.1551724137931036,0.5637020489584902,711.128043607447,712.9720325083642,874.8116629984961,0.3078817733990148,762.1496677391734,1432.223759353078,17.834723958510565,1,0.017263052353108974,2.1551724137931036,punctate,punctate,0.3078817733990148,True,874.8116629984961
124,570,217,0,84,63,25.6019023437322,,119.609375,731.390625,1,25.6019023437322,26,778.3421097756888,1118.0460284034148,0.25274725274725274,0.5384615384615384,3,0.1923076923076923,2.1904761904761907,0.36246373914202323,738.0769062070956,762.6038767587629,874.8116629984961,0.25274725274725274,778.3421097756888,1118.0460284034148,6.470810482481764,3,0.11717879240854355,2.1904761904761907,discontinuous,discontinuous,0.25274725274725274,True,874.8116629984961
124,576,218,0,84,67,52.819149127613656,,140.25,716.25,1,52.819149127613656,53,777.5901847823139,1703.7391362160638,0.29649595687331537,0.5094339622641509,3,0.39622641509433965,3.4375,0.4538175990672249,773.6451586512868,732.928139436589,874.8116629984961,0.29649595687331537,777.5901847823139,1703.7391362160638,15.660664161826151,3,0.056797582875707686,3.4375,discontinuous,discontinuous,0.29649595687331537,True,874.8116629984961
118,303,219,0,66,85,37.84584054323645,,126.5,537.5,1,37.84584054323645,38,702.6571245917903,1332.966150977157,0.16165413533834586,0.39473684210526316,3,0.3157894736842105,1.6538461538461537,0.554737694971003,654.2851872840785,676.7467267151344,874.8116629984961,0.16165413533834586,702.6571245917903,1332.966150977157,6.117936629169802,3,0.07926894889737465,1.6538461538461537,discontinuous,discontinuous,0.16165413533834586,True,874.8116629984961
106,570,220,0,86,63,15.242676798211406,,120.25,748.25,1,15.242676798211406,15,830.6813822128705,1104.3512636369462,0.3619047619047619,0.7333333333333333,2,0.1333333333333333,2.923076923076923,0.5102820902543505,804.2889559495119,808.1357125646591,874.8116629984961,0.3619047619047619,830.6813822128705,1104.3512636369462,5.516397317447937,2,0.1312105495955069,2.923076923076923,punctate,punctate,0.3619047619047619,True,874.8116629984961
413,613,221,0,87,72,22.318483683661757,,124.25,1015.75,1,22.318483683661757,22,831.9424992986011,1254.2758995878994,0.4155844155844156,0.5454545454545454,2,0.045454545454545414,3.0476190476190474,0.5497691276799744,824.9936591027981,767.819463051126,874.8116629984961,0.4155844155844156,831.9424992986011,1254.2758995878994,9.275213998404887,2,0.0896118225748508,3.0476190476190474,thick,thick,0.4155844155844156,True,874.8116629984961
43,551,222,0,78,64,12.61477128373544,,125.13671875,291.86328125,1,12.61477128373544,13,924.7441699995768,1809.3040515776015,0.5274725274725275,1.0,1,0.0,3.6923076923076925,0.4166666666666667,832.9524640826619,915.5624232170771,874.8116629984961,0.5274725274725275,924.7441699995768,1809.3040515776015,6.653945292519793,1,0.0792721467165502,3.6923076923076925,thick,thick,0.5274725274725275,True,874.8116629984961
303,544,223,0,85,58,25.70798560097188,,120.49609375,564.49609375,1,25.70798560097188,26,723.409183718003,1158.8582815765653,0.17032967032967034,0.23076923076923078,4,0.5384615384615384,2.5833333333333335,0.45960667254112925,715.6156856633131,668.903694677526,874.8116629984961,0.17032967032967034,723.409183718003,1158.8582815765653,4.378832712253453,4,0.1555936766919918,2.5833333333333335,discontinuous,discontinuous,0.17032967032967034,True,874.8116629984961
352,413,224,0,46,87,20.943434898432983,,130.71484375,1005.71484375,1,20.943434898432983,21,811.9665800511916,1238.2063977342086,0.2585034013605442,0.2857142857142857,3,0.2857142857142857,2.533333333333333,0.6424502955649317,779.0380088095941,797.0125471016235,874.8116629984961,0.2585034013605442,811.9665800511916,1238.2063977342086,5.41394915741805,3,0.1432429787448316,2.533333333333333,discontinuous,discontinuous,0.2585034013605442,True,874.8116629984961
106,235,225,0,86,77,35.11782502331668,,130.16796875,768.83203125,1,35.11782502331668,35,734.1195166315734,1303.3490224357147,0.20816326530612245,0.37142857142857144,5,0.3142857142857143,2.125,0.7601675284305933,715.6467886650954,704.8252379353138,874.8116629984961,0.20816326530612245,734.1195166315734,1303.3490224357147,7.310241127302657,5,0.14237783794071018,2.125,discontinuous,discontinuous,0.20816326530612245,True,874.8116629984961
176,303,226,0,70,85,20.843349156993646,,127.86328125,583.13671875,1,20.843349156993646,21,895.7948064674124,1747.039334818091,0.5170068027210885,0.7142857142857143,2,0.1428571428571429,4.222222222222222,0.26836944808383073,959.7497640766205,760.7692893259161,874.8116629984961,0.5170068027210885,895.7948064674124,1747.039334818091,10.77615330565658,2,0.09595386926236528,4.222222222222222,thick,thick,0.5170068027210885,True,874.8116629984961
128,235,227,0,80,77,31.096673227676717,,132.25,808.3203125,1,31.096673227676717,31,920.8202178554487,1538.9137409808272,0.5207373271889401,1.0,1,0.0,3.6451612903225805,0.35903473938231495,884.0155729510467,893.8136107828477,874.8116629984961,0.5207373271889401,920.8202178554487,1538.9137409808272,16.193198501048244,1,0.03215778075932502,3.6451612903225805,thick,thick,0.5207373271889401,True,874.8116629984961
297,436,228,0,74,52,17.536849204989533,,129.5,52.5,1,17.536849204989533,18,750.8154895243244,971.3977867817499,0.06349206349206349,0.16666666666666666,3,0.7222222222222222,1.6,0.7500000000000001,746.3809095917916,728.7450317446446,874.8116629984961,0.06349206349206349,750.8154895243244,971.3977867817499,1.1134507431739384,3,0.17106835811454937,1.6,discontinuous,discontinuous,0.06349206349206349,True,874.8116629984961
106,124,229,0,86,84,51.40809401945284,,143.75390625,748.24609375,1,51.40809401945284,51,746.8213472958804,1991.4234074878157,0.17647058823529413,0.21568627450980393,4,0.6274509803921569,3.3157894736842106,0.527404689709084,705.2006028713854,750.8626840840027,874.8116629984961,0.17647058823529413,746.8213472958804,1991.4234074878157,9.072016591668149,4,0.0778087590348399,3.3157894736842106,discontinuous,discontinuous,0.17647058823529413,True,874.8116629984961
80,100,230,0,88,40,45.01001054077311,,136.71484375,108.28515625,1,45.01001054077311,45,721.6287453633485,1468.8089899358833,0.1523809523809524,0.2222222222222222,4,0.5555555555555556,2.4,0.5651941652604391,732.279988779564,667.9851057424177,874.8116629984961,0.1523809523809524,721.6287453633485,1468.8089899358833,6.858668272879712,4,0.08886911937904413,2.4,discontinuous,discontinuous,0.1523809523809524,True,874.8116629984961
80,436,231,0,88,52,59.1692007918469,,149.13671875,73.13671875,1,59.1692007918469,59,666.0044090984013,1049.3515288953242,0.08958837772397095,0.15254237288135594,5,0.576271186440678,1.48,0.6079579394163239,635.0637262864973,645.6513839851594,874.8116629984961,0.08958837772397095,666.0044090984013,1049.3515288953242,5.300872710165461,5,0.08450342294785508,1.48,discontinuous,discontinuous,0.08958837772397095,True,874.8116629984961
176,576,232,0,70,67,28.190493907161294,,139.71875,659.71875,1,28.190493907161294,28,684.8868741081234,1213.4909725776527,0.14285714285714285,0.39285714285714285,3,0.5,2.0,0.5345224838248488,658.2704012360274,641.7681046204276,874.8116629984961,0.14285714285714285,684.8868741081234,1213.4909725776527,4.027213415308756,3,0.10641885203855557,2.0,discontinuous,discontinuous,0.14285714285714285,True,874.8116629984961
309,551,233,0,89,64,79.13505927688712,,140.5,328.5,1,79.13505927688712,79,843.4764194699673,1586.8102608819297,0.41952983725135623,0.6582278481012658,3,0.1392405063291139,3.411764705882353,0.3667594376928042,810.1263231162653,804.1933098918174,874.8116629984961,0.41952983725135623,843.4764194699673,1586.8102608819297,33.19951853930888,3,0.0379098724056457,3.411764705882353,thick,thick,0.41952983725135623,True,874.8116629984961
389,551,234,0,83,64,29.277500728361993,,143.35546875,373.35546875,1,29.277500728361993,29,983.9381663927305,1825.651836158209,0.5615763546798029,1.0,1,0.0,3.9310344827586206,0.29824561403508776,884.3352880569324,947.4682541316886,874.8116629984961,0.5615763546798029,983.9381663927305,1825.651836158209,16.441552133168802,1,0.034155920933212375,3.9310344827586206,thick,thick,0.5615763546798029,True,874.8116629984961
80,93,235,0,88,43,3.0,,129.5,1.5,1,3.0,3,660.5714285714286,968.625,0.09523809523809523,0.3333333333333333,1,0.6666666666666667,2.0,,664.1666666666666,631.236111111111,874.8116629984961,0.09523809523809523,660.5714285714286,968.625,0.2857142857142857,1,0.3333333333333333,2.0,minimal,minimal,0.09523809523809523,True,874.8116629984961
80,297,237,0,88,74,68.32340268061601,,152.140625,26.859375,1,68.32340268061601,68,740.1393578918749,1177.031107223499,0.16806722689075632,0.23529411764705882,7,0.3970588235294118,1.951219512195122,0.4520785330006281,728.3832857285788,698.9175298903336,874.8116629984961,0.16806722689075632,740.1393578918749,1177.031107223499,11.4829248202716,7,0.10245391367174933,1.951219512195122,reticular,reticular,0.16806722689075632,True,874.8116629984961
43,309,238,0,78,89,13.64991862259027,,135.27734375,291.27734375,1,13.64991862259027,14,1034.9534692944599,1936.204870061183,0.7448979591836735,1.0,1,0.0,5.214285714285714,0.18017734846528638,927.0572772787699,1051.5192589479989,874.8116629984961,0.7448979591836735,1034.9534692944599,1936.204870061183,10.167796524990713,1,0.07326051001835464,5.214285714285714,thick,thick,0.7448979591836735,True,874.8116629984961
301,303,239,0,57,85,5.246405675175395,,133.2421875,517.2421875,1,5.246405675175395,5,859.6584026200294,1243.9498192946721,0.4,1.0,1,0.0,2.8,0.41649656391752143,737.8690079174214,916.1750769350638,874.8116629984961,0.4,859.6584026200294,1243.9498192946721,2.098562270070158,1,0.19060668616072443,2.8,thick,thick,0.4,True,874.8116629984961
128,243,240,0,80,71,33.88887422774637,,145.5,847.5,1,33.88887422774637,34,854.5617791572913,1320.8264542649563,0.49159663865546216,0.47058823529411764,4,0.1470588235294118,4.0344827586206895,0.5103931154473031,834.7059703453914,829.6206368447763,874.8116629984961,0.49159663865546216,854.5617791572913,1320.8264542649563,16.659656658177838,4,0.11803283794906994,4.0344827586206895,thick_to_reticular,thick_to_reticular,0.49159663865546216,True,874.8116629984961
423,480,241,0,76,90,10.860286801921294,,135.46875,949.53125,1,10.860286801921294,11,813.1016534337217,1243.4747685531574,0.3116883116883117,0.36363636363636365,2,0.2727272727272727,3.0,0.44095855184409843,821.3742591467909,757.2309994657209,874.8116629984961,0.3116883116883117,813.1016534337217,1243.4747685531574,3.385024457741702,2,0.18415719920455323,3.0,punctate,punctate,0.3116883116883117,True,874.8116629984961
480,598,242,0,90,73,50.13645492037067,,138.1328125,925.1328125,1,50.13645492037067,50,888.1186385940805,2178.213341483013,0.45714285714285713,0.82,2,0.07999999999999996,3.4782608695652173,0.409839907768875,862.7873972387897,849.732365213561,874.8116629984961,0.45714285714285713,888.1186385940805,2178.213341483013,22.919522249312305,2,0.03989113317199041,3.4782608695652173,thick,thick,0.45714285714285713,True,874.8116629984961
43,507,244,0,78,82,14.755849742993929,,136.28125,242.71875,1,14.755849742993929,15,963.2476942286979,1487.0838361769524,0.6285714285714286,1.0,1,0.0,4.4,0.36927447293799814,927.9121090602973,910.0026228598947,874.8116629984961,0.6285714285714286,963.2476942286979,1487.0838361769524,9.27510555273904,1,0.067769733184956,4.4,thick,thick,0.6285714285714286,True,874.8116629984961
413,423,245,0,87,76,5.129817481141763,,135.86328125,997.86328125,1,5.129817481141763,5,693.3911120757929,912.1354260410686,0.08571428571428572,0.2,2,0.6,1.5,0.3333333333333333,695.7827024131497,669.467846504297,874.8116629984961,0.08571428571428572,693.3911120757929,912.1354260410686,0.43969864124072255,2,0.3898774190996855,1.5,minimal,minimal,0.08571428571428572,True,874.8116629984961
100,404,246,0,40,75,6.2769941183815545,,137.609375,128.3203125,1,6.2769941183815545,6,1032.5002686406099,1347.2092139593867,0.8095238095238095,1.0,1,0.0,5.666666666666667,0.13153341044116407,1028.4238073139218,972.6352890018399,874.8116629984961,0.8095238095238095,1032.5002686406099,1347.2092139593867,5.081376191070782,1,0.1593119224170689,5.666666666666667,thick,thick,0.8095238095238095,True,874.8116629984961
25,303,247,0,81,85,51.8966215408558,,152.27734375,533.72265625,1,51.8966215408558,52,625.1442423121093,1317.3995462934981,0.04120879120879121,0.09615384615384616,5,0.7884615384615384,1.3636363636363635,0.4714045207910317,602.9198707364694,598.0965535228497,874.8116629984961,0.04120879120879121,625.1442423121093,1317.3995462934981,2.138597041518783,5,0.09634538533618672,1.3636363636363635,discontinuous,discontinuous,0.04120879120879121,False,874.8116629984961
49,517,248,0,91,65,11.562464836394545,,138.3203125,467.609375,1,11.562464836394545,12,800.3566227915902,1408.883554187735,0.3333333333333333,1.0,1,0.0,2.3333333333333335,0.40406101782088427,753.1634491054664,727.9332374723066,874.8116629984961,0.3333333333333333,800.3566227915902,1408.883554187735,3.854154945464848,1,0.08648674950797292,2.3333333333333335,punctate,punctate,0.3333333333333333,True,874.8116629984961
176,390,249,0,70,92,9.66637209383682,,136.5390625,591.46875,1,9.66637209383682,10,1165.057984355998,1931.6951257260635,0.8285714285714286,1.0,1,0.0,5.8,0.06896551724137931,1075.934037319745,1123.4306568794784,874.8116629984961,0.8285714285714286,1165.057984355998,1931.6951257260635,8.009279734893365,1,0.10345142834275847,5.8,thick,thick,0.8285714285714286,True,874.8116629984961
176,453,250,0,70,93,54.75856685287012,,146.49609375,618.50390625,1,54.75856685287012,55,802.787848090454,1558.4250129620314,0.34285714285714286,0.6363636363636364,4,0.10909090909090913,2.693877551020408,0.5042291300695072,744.4124248933604,781.1488873806069,874.8116629984961,0.34285714285714286,802.787848090454,1558.4250129620314,18.7743657781269,4,0.07304793076026868,2.693877551020408,discontinuous,discontinuous,0.34285714285714286,True,874.8116629984961
423,639,251,0,76,94,25.51200904492925,,137.72265625,986.72265625,1,25.51200904492925,26,633.1229760039013,1002.3903332427473,0.027472527472527472,0.038461538461538464,3,0.8846153846153846,1.6666666666666667,0.565685424949238,638.0945771800701,622.7503115594002,874.8116629984961,0.027472527472527472,633.1229760039013,1002.3903332427473,0.7008793693661882,3,0.11759167985228815,1.6666666666666667,minimal,minimal,0.027472527472527472,False,874.8116629984961
25,49,252,0,81,91,81.77869560528629,,141.28125,508.71875,1,81.77869560528629,82,708.7182841153276,1260.9195831241366,0.17073170731707318,0.3902439024390244,6,0.3902439024390244,1.96,0.4443171644301477,671.9930939397877,674.737606516319,874.8116629984961,0.17073170731707318,708.7182841153276,1260.9195831241366,13.962216322853758,6,0.0733687417681452,1.96,reticular,reticular,0.17073170731707318,True,874.8116629984961
303,390,253,0,85,92,44.87707241691957,,153.86328125,571.86328125,1,44.87707241691957,45,743.3173516919046,1329.8723499235307,0.22857142857142856,0.35555555555555557,3,0.11111111111111116,1.8,0.5299662230094143,710.4365624811815,688.3594824124012,874.8116629984961,0.22857142857142856,743.3173516919046,1329.8723499235307,10.257616552438758,3,0.06684928045504454,1.8,discontinuous,discontinuous,0.22857142857142856,True,874.8116629984961
49,154,254,0,91,79,35.222029139453795,,152.6484375,455.6484375,1,35.222029139453795,35,867.1516879153887,1508.6336037652923,0.4775510204081633,1.0,1,0.0,3.342857142857143,0.3349729562780414,810.9198973185462,829.6096909249723,874.8116629984961,0.4775510204081633,867.1516879153887,1508.6336037652923,16.82031595639222,1,0.02839132282926467,3.342857142857143,thick,thick,0.4775510204081633,True,874.8116629984961
413,639,255,0,87,94,51.88888300303525,,161.859375,1006.1328125,1,51.88888300303525,52,748.6285911066448,1682.994636205392,0.1813186813186813,0.3076923076923077,4,0.46153846153846156,2.357142857142857,0.4704295362503037,702.397335521257,747.2873987227881,874.8116629984961,0.1813186813186813,748.6285911066448,1682.994636205392,9.408423841209688,4,0.07708780317676177,2.357142857142857,discontinuous,discontinuous,0.1813186813186813,True,874.8116629984961
390,453,256,0,92,93,24.18713864571233,,150.5,597.5,1,24.18713864571233,24,1004.594977393709,1761.2373933653105,0.6428571428571429,1.0,1,0.0,4.5,0.3142696805273545,909.1886254634519,1007.0562101447113,874.8116629984961,0.6428571428571429,1004.594977393709,1761.2373933653105,15.548874843672214,1,0.04134428692239173,4.5,thick,thick,0.6428571428571429,True,874.8116629984961
43,59,257,0,78,95,41.585717364682196,,140.35546875,266.35546875,1,41.585717364682196,42,1042.5488655867814,1995.3745313565792,0.6666666666666666,1.0,1,0.0,4.666666666666667,0.2589505620499902,976.6498642794055,974.399680241945,874.8116629984961,0.6666666666666666,1042.5488655867814,1995.3745313565792,27.723811576454796,1,0.02404671756003606,4.666666666666667,thick,thick,0.6666666666666666,True,874.8116629984961
3,423,258,0,96,76,26.820963822764153,,141.5,963.5,1,26.820963822764153,27,778.7672259221239,1267.860102374229,0.2857142857142857,0.4074074074074074,4,0.18518518518518523,2.4545454545454546,0.5856069741052554,727.7418511501938,767.5919677859138,874.8116629984961,0.2857142857142857,778.7672259221239,1267.860102374229,7.663132520789757,4,0.14913707152481304,2.4545454545454546,discontinuous,discontinuous,0.2857142857142857,True,874.8116629984961
59,309,259,0,95,89,21.423598691224104,,149.359375,288.640625,1,21.423598691224104,21,814.7690402722538,1943.195828075413,0.19727891156462585,0.38095238095238093,4,0.47619047619047616,2.6363636363636362,0.7633084007302984,726.6485955847439,875.2095874693521,874.8116629984961,0.19727891156462585,814.7690402722538,1943.195828075413,4.226424231602034,4,0.18670999478899628,2.6363636363636362,discontinuous,discontinuous,0.19727891156462585,True,874.8116629984961
80,404,260,0,88,75,17.294566173777344,,148.6796875,130.3203125,1,17.294566173777344,17,893.5553374375369,1234.3293137650357,0.5378151260504201,1.0,1,0.0,3.764705882352941,0.33511891546136274,915.471368085534,828.5636287411022,874.8116629984961,0.5378151260504201,893.5553374375369,1234.3293137650357,9.301279286737394,1,0.057821629635106814,3.764705882352941,thick,thick,0.5378151260504201,True,874.8116629984961
193,404,261,0,97,75,23.527215822879437,,143.28125,146.28125,1,23.527215822879437,24,796.846487033033,1307.2885800087433,0.3333333333333333,0.875,2,0.04166666666666663,2.4347826086956523,0.3598114585644622,762.1121945264846,766.2009807896751,874.8116629984961,0.3333333333333333,796.846487033033,1307.2885800087433,7.842405274293146,2,0.08500793358026947,2.4347826086956523,punctate,punctate,0.3333333333333333,True,874.8116629984961
106,208,262,0,86,98,29.348756667004796,,154.86328125,780.13671875,1,29.348756667004796,29,685.7201948766312,1079.8641691156677,0.054187192118226604,0.1724137931034483,3,0.6896551724137931,1.2222222222222223,0.51425947722658,663.503418439986,663.6154011338234,874.8116629984961,0.054187192118226604,685.7201948766312,1079.8641691156677,1.5903267159460728,3,0.10221898099597303,1.2222222222222223,discontinuous,discontinuous,0.054187192118226604,True,874.8116629984961
208,235,263,0,98,77,23.499825333876764,,145.7109375,791.28125,1,23.499825333876764,23,866.6574083552052,1682.726494851554,0.40372670807453415,0.5652173913043478,2,0.08695652173913049,3.0952380952380953,0.47717115136217914,793.2273910702837,846.8802401710421,874.8116629984961,0.40372670807453415,866.6574083552052,1682.726494851554,9.487507122372607,2,0.0851070155452113,3.0952380952380953,thick,thick,0.40372670807453415,True,874.8116629984961
3,480,264,0,96,90,36.93682442832598,,154.75,940.75,1,36.93682442832598,37,808.8146318333673,1146.6311550991968,0.29343629343629346,0.4864864864864865,3,0.3783783783783784,3.3043478260869565,0.441133016164216,789.1928722215807,797.7399432260203,874.8116629984961,0.29343629343629346,808.8146318333673,1146.6311550991968,10.838604851555115,3,0.08121975958765343,3.3043478260869565,discontinuous,discontinuous,0.29343629343629346,True,874.8116629984961
193,507,265,0,97,82,47.2808283938143,,153.5,175.5,1,47.2808283938143,47,749.2772144049342,1171.7084340986119,0.1458966565349544,0.0851063829787234,7,0.574468085106383,2.4,0.5170697352496191,735.7221420087401,729.7095877446164,874.8116629984961,0.1458966565349544,749.2772144049342,1171.7084340986119,6.898114780860445,7,0.14805155150191493,2.4,discontinuous,discontinuous,0.1458966565349544,True,874.8116629984961
59,507,266,0,95,82,19.6526209801002,,149.27734375,239.27734375,1,19.6526209801002,20,995.4295329121609,1651.4583494719504,0.6071428571428571,1.0,1,0.0,4.25,0.25640582020827496,1022.6288684849927,861.0242239514288,874.8116629984961,0.6071428571428571,995.4295329121609,1651.4583494719504,11.931948452203692,1,0.050883798197328356,4.25,thick,thick,0.6071428571428571,True,874.8116629984961
128,208,267,0,80,98,18.335838283181708,,149.64453125,808.35546875,1,18.335838283181708,18,990.6172191901836,2027.8663520822122,0.5873015873015873,1.0,1,0.0,4.111111111111111,0.279569741426719,981.7760613831647,891.4151609824027,874.8116629984961,0.5873015873015873,990.6172191901836,2027.8663520822122,10.76866692821783,1,0.05453800282026026,4.111111111111111,thick,thick,0.5873015873015873,True,874.8116629984961
3,639,268,0,96,94,29.741257208957062,,156.50390625,970.50390625,1,29.741257208957062,30,723.3861241160132,1330.2933001328506,0.14761904761904762,0.1,6,0.6,2.5833333333333335,0.765407130174495,690.4921347037256,705.5096287467294,874.8116629984961,0.14761904761904762,723.3861241160132,1330.2933001328506,4.390376064179376,6,0.20173995866566807,2.5833333333333335,discontinuous,discontinuous,0.14761904761904762,True,874.8116629984961
176,528,269,0,70,99,6.0,,150.5,649.5,1,6.0,6,776.4970238095239,1148.75,0.3333333333333333,0.5,2,0.16666666666666663,2.8,0.41649656391752143,631.2083333333334,871.5416666666669,874.8116629984961,0.3333333333333333,776.4970238095239,1148.75,2.0,2,0.3333333333333333,2.8,punctate,punctate,0.3333333333333333,True,874.8116629984961
80,193,270,0,88,97,7.124377994300021,,153.86328125,137.86328125,1,7.124377994300021,7,747.1744675836005,1190.0292473586699,0.1836734693877551,0.42857142857142855,1,0.5714285714285714,3.0,0.47140452079103173,713.1343396600076,739.7931143141321,874.8116629984961,0.1836734693877551,747.1744675836005,1190.0292473586699,1.3085592234428611,1,0.14036313076033682,3.0,punctate,punctate,0.1836734693877551,True,874.8116629984961
453,528,271,0,93,99,54.009115847765514,,174.609375,637.609375,1,54.009115847765514,54,995.1706036833613,2037.944442821454,0.582010582010582,1.0,1,0.0,4.074074074074074,0.2788702118214176,937.1102015626248,910.9869976331115,874.8116629984961,0.582010582010582,995.1706036833613,2037.944442821454,31.433876948434953,1,0.018515392898093005,4.074074074074074,thick,thick,0.582010582010582,True,874.8116629984961
528,576,272,0,99,67,32.740727385025586,,164.49609375,661.50390625,1,32.740727385025586,33,843.5704225889596,1506.7280230482806,0.44155844155844154,1.0,1,0.0,3.090909090909091,0.3504816261121466,750.1795740389451,843.084197779876,874.8116629984961,0.44155844155844154,843.5704225889596,1506.7280230482806,14.456944559621686,1,0.03054299888454413,3.090909090909091,thick,thick,0.44155844155844154,True,874.8116629984961
243,480,273,0,71,90,18.160596282987036,,159.5,906.5,1,18.160596282987036,18,1101.1868875011464,2271.705428812561,0.626984126984127,1.0,1,0.0,4.388888888888889,0.3491927651679423,1060.2553643883832,974.3013613107707,874.8116629984961,0.626984126984127,1101.1868875011464,2271.705428812561,11.386405605999808,1,0.05506427126166592,4.388888888888889,thick,thick,0.626984126984127,True,874.8116629984961
361,389,274,0,100,83,51.24928318108242,,157.359375,397.640625,1,51.24928318108242,51,771.8638176057844,1573.6503332315995,0.3025210084033613,0.5686274509803921,5,0.11764705882352944,2.4,0.3967460238079361,739.8482763008474,726.8313683569191,874.8116629984961,0.3025210084033613,771.8638176057844,1573.6503332315995,15.503984827890479,5,0.09756234018597247,2.4,discontinuous,discontinuous,0.3025210084033613,True,874.8116629984961
304,507,275,0,101,82,40.4539612815992,,158.3515625,212.640625,1,40.4539612815992,40,849.6593295006032,1515.5392569803744,0.4142857142857143,0.8,2,0.15000000000000002,3.411764705882353,0.37018811299282567,819.0929090554399,805.8977367673713,874.8116629984961,0.4142857142857143,849.6593295006032,1515.5392569803744,16.759498245233956,2,0.0494389161565178,3.411764705882353,thick,thick,0.4142857142857143,True,874.8116629984961
193,304,276,0,97,101,74.05097229237666,,168.5,168.5,1,74.05097229237666,74,878.3914271265337,1990.4550978398456,0.41312741312741313,0.5540540540540541,5,0.1351351351351351,3.34375,0.40683736186315733,831.4832895452306,812.3723578078178,874.8116629984961,0.41312741312741313,878.3914271265337,1990.4550978398456,30.592486622719314,5,0.06752105806603617,3.34375,thick_to_reticular,thick_to_reticular,0.41312741312741313,True,874.8116629984961
313,551,277,0,102,64,16.499534708553465,,158.53515625,359.53515625,1,16.499534708553465,16,872.8468074344953,1318.7171521633466,0.4642857142857143,1.0,1,0.0,3.25,0.36891011717790145,805.9631654767699,880.0387118792032,874.8116629984961,0.4642857142857143,872.8468074344953,1318.7171521633466,7.660498257542681,1,0.06060776971374796,3.25,thick,thick,0.4642857142857143,True,874.8116629984961
313,389,278,0,102,83,6.780276240429236,,157.27734375,370.72265625,1,6.780276240429236,7,873.3620698568868,1338.2456129682823,0.4489795918367347,1.0,1,0.0,3.142857142857143,0.4937627496000098,867.9092872222918,793.3856597763801,874.8116629984961,0.4489795918367347,873.3620698568868,1338.2456129682823,3.0442056589682287,1,0.14748661625867523,3.142857142857143,thick,thick,0.4489795918367347,True,874.8116629984961
59,304,279,0,95,101,12.024897670668942,,161.24609375,234.75390625,1,12.024897670668942,12,982.6742944417979,1788.6337407448127,0.4880952380952381,1.0,1,0.0,3.4166666666666665,0.36747607739803334,912.4748925497403,892.1850036167247,874.8116629984961,0.4880952380952381,982.6742944417979,1788.6337407448127,5.869295291636031,1,0.08316079083476893,3.4166666666666665,thick,thick,0.4880952380952381,True,874.8116629984961
128,604,280,0,80,103,63.18142019860683,,169.8671875,834.1328125,1,63.18142019860683,63,899.2508077493122,1906.2800478884715,0.4875283446712018,0.8888888888888888,2,0.07936507936507942,3.706896551724138,0.39447235263446434,839.1575109258958,870.8598160052684,874.8116629984961,0.4875283446712018,899.2508077493122,1906.2800478884715,30.802733203402422,2,0.03165487565352481,3.706896551724138,thick,thick,0.4875283446712018,True,874.8116629984961
243,343,281,0,71,104,41.287203896114704,,168.75,876.25,1,41.287203896114704,41,845.019876424252,1499.7927082688539,0.3867595818815331,0.8048780487804879,2,0.024390243902439046,2.775,0.4224639310880488,788.6258127296877,794.2957070458516,874.8116629984961,0.3867595818815331,845.019876424252,1499.7927082688539,15.968221715918927,2,0.04844115879177297,2.775,punctate,punctate,0.3867595818815331,True,874.8116629984961
208,604,282,0,98,103,39.42387147031369,,174.28125,808.9921875,1,39.42387147031369,39,876.6651700191051,1773.1382741054517,0.4652014652014652,1.0,1,0.0,3.2564102564102564,0.37266644302989704,807.339383048768,856.6666962280202,874.8116629984961,0.4652014652014652,876.6651700191051,1773.1382741054517,18.340042771904173,1,0.025365342436067025,3.2564102564102564,thick,thick,0.4652014652014652,True,874.8116629984961
128,343,283,0,80,104,43.785592535106716,,178.13671875,854.13671875,1,43.785592535106716,44,917.409423711228,1436.1963768661674,0.6006493506493507,1.0,1,0.0,4.204545454545454,0.28040459133714457,864.0138430138323,911.8832778536209,874.8116629984961,0.6006493506493507,917.409423711228,1436.1963768661674,26.299787724008905,1,0.02283856268927303,4.204545454545454,thick,thick,0.6006493506493507,True,874.8116629984961
80,304,284,0,88,101,18.836053980200077,,160.28125,128.28125,1,18.836053980200077,19,782.092572611083,1388.3286629195595,0.24812030075187969,0.47368421052631576,3,0.3157894736842105,2.5384615384615383,0.6843387751900737,798.1970785749414,725.7190018710274,874.8116629984961,0.24812030075187969,782.092572611083,1388.3286629195595,4.673607378545883,3,0.1592690275337666,2.5384615384615383,discontinuous,discontinuous,0.24812030075187969,True,874.8116629984961
309,491,285,0,89,105,60.001916790795114,,161.13671875,321.13671875,1,60.001916790795114,60,840.7321842349534,1609.0448444766723,0.3238095238095238,0.2833333333333333,7,0.2833333333333333,3.1627906976744184,0.5007563483523947,799.9485702345743,819.9973922536099,874.8116629984961,0.3238095238095238,840.7321842349534,1609.0448444766723,19.429192103686038,7,0.11666293969251777,3.1627906976744184,reticular,reticular,0.3238095238095238,True,874.8116629984961
313,361,286,0,102,100,42.83103421610256,,176.61328125,380.38671875,1,42.83103421610256,43,773.207008581974,1181.9224362834073,0.27906976744186046,0.3488372093023256,4,0.2558139534883721,2.625,0.35315230890931726,778.3113829091682,709.1697173196599,874.8116629984961,0.27906976744186046,773.207008581974,1181.9224362834073,11.95284675798211,4,0.093390226811198,2.625,discontinuous,discontinuous,0.27906976744186046,True,874.8116629984961
59,71,287,0,95,106,23.54125328696969,,162.68359375,277.68359375,1,23.54125328696969,24,704.3044729088813,1038.4642996602129,0.20238095238095238,0.16666666666666666,5,0.5833333333333333,3.4,0.5294117647058824,673.6959299612405,705.6504464772403,874.8116629984961,0.20238095238095238,704.3044729088813,1038.4642996602129,4.764301260458152,5,0.2123931100459952,3.4,discontinuous,discontinuous,0.20238095238095238,True,874.8116629984961
71,309,288,0,106,89,9.588934066982107,,165.359375,290.3515625,1,9.588934066982107,10,886.6421998753848,1624.8968629647302,0.45714285714285713,1.0,1,0.0,3.2,0.5191639914323797,807.2337111831074,888.4340654689613,874.8116629984961,0.45714285714285713,886.6421998753848,1624.8968629647302,4.383512716334677,1,0.10428687829269084,3.2,thick,thick,0.45714285714285713,True,874.8116629984961
453,547,289,0,93,107,56.40666335243086,,175.38671875,617.61328125,1,56.40666335243086,56,962.9789053497323,2161.2671901943863,0.5459183673469388,1.0,1,0.0,3.8214285714285716,0.36711251105424964,916.9882511857843,889.5820503540906,874.8116629984961,0.5459183673469388,962.9789053497323,2161.2671901943863,30.79343356484746,1,0.017728401939890753,3.8214285714285716,thick,thick,0.5459183673469388,True,874.8116629984961
390,547,290,0,92,107,34.31637542447022,,175.64453125,589.35546875,1,34.31637542447022,34,899.5670133722012,2348.042119263703,0.5084033613445378,1.0,1,0.0,3.5588235294117645,0.27422578550474475,865.9776408795798,820.1360119098633,874.8116629984961,0.5084033613445378,899.5670133722012,2348.042119263703,17.44656061496175,1,0.02914060671124733,3.5588235294117645,thick,thick,0.5084033613445378,True,874.8116629984961
124,494,291,0,84,108,49.55887544862697,,173.75390625,729.24609375,1,49.55887544862697,50,768.9770339730422,1367.7605505819022,0.26857142857142857,0.62,4,0.12,2.1363636363636362,0.5609117585729391,717.1611495116721,737.8205155956764,874.8116629984961,0.26857142857142857,768.9770339730422,1367.7605505819022,13.310097977631244,4,0.08071208161586363,2.1363636363636362,discontinuous,discontinuous,0.26857142857142857,True,874.8116629984961
106,628,292,0,86,109,13.878940081196118,,163.5078125,767.5,1,13.878940081196118,14,670.775156701292,1051.0236162270346,0.10204081632653061,0.2857142857142857,2,0.6428571428571428,2.0,0.4472135954999579,645.2936543347325,660.1036881144856,874.8116629984961,0.10204081632653061,670.775156701292,1051.0236162270346,1.416218375632257,2,0.14410322317838234,2.0,discontinuous,discontinuous,0.10204081632653061,True,874.8116629984961
480,562,293,0,90,110,16.948560283577738,,163.50390625,915.50390625,1,16.948560283577738,17,875.5888710430505,1643.3460387137611,0.40336134453781514,0.7647058823529411,1,0.23529411764705888,3.6923076923076925,0.4028974917877857,790.3862811151358,917.0078069428042,874.8116629984961,0.40336134453781514,875.5888710430505,1643.3460387137611,6.836394063964129,1,0.0590020617249093,3.6923076923076925,thick,thick,0.40336134453781514,True,874.8116629984961
494,576,294,0,108,67,17.035770354595513,,169.72265625,701.72265625,1,17.035770354595513,17,633.3656183059845,1225.4647489939066,0.11764705882352941,0.29411764705882354,1,0.7058823529411764,2.8,0.2672612419124244,640.7665713454198,607.008131349044,874.8116629984961,0.11764705882352941,633.3656183059845,1225.4647489939066,2.004208277011237,1,0.058700016446878396,2.8,discontinuous,discontinuous,0.11764705882352941,True,874.8116629984961
3,562,295,0,96,110,118.69460635325858,,209.89453125,914.89453125,1,118.69460635325858,119,805.4948564287707,2461.84511818197,0.2809123649459784,0.3445378151260504,7,0.2857142857142857,2.7529411764705882,0.409097365599122,787.1581856746408,761.6303048260127,874.8116629984961,0.2809123649459784,805.4948564287707,2461.84511818197,33.342782577025815,7,0.058974878598667055,2.7529411764705882,reticular,reticular,0.2809123649459784,True,874.8116629984961
309,313,296,0,89,102,5.419681139337311,,167.171875,353.171875,1,5.419681139337311,5,873.4539090374718,1231.965325950224,0.4857142857142857,1.0,1,0.0,3.4,0.14408763192842225,758.9999210367363,927.3138519286758,874.8116629984961,0.4857142857142857,873.4539090374718,1231.965325950224,2.6324165533924084,1,0.18451269997080944,3.4,thick,thick,0.4857142857142857,True,874.8116629984961
59,77,297,0,95,111,39.18899387983867,,171.71484375,256.28515625,1,39.18899387983867,39,937.1779429952982,1532.8944101453583,0.5970695970695971,0.8461538461538461,2,0.02564102564102566,4.2894736842105265,0.47207383075363524,913.9843522549976,898.1882326853311,874.8116629984961,0.5970695970695971,937.1779429952982,1532.8944101453583,23.398556785398178,2,0.05103473710328981,4.2894736842105265,thick,thick,0.5970695970695971,True,874.8116629984961
77,304,298,0,111,101,13.492462415069454,,173.1015625,237.1015625,1,13.492462415069454,13,918.4853093934062,1768.4965456992177,0.4725274725274725,1.0,1,0.0,3.3076923076923075,0.3821320168640694,884.4632319913287,866.4484128039969,874.8116629984961,0.4725274725274725,918.4853093934062,1768.4965456992177,6.375559163164687,1,0.07411545566976126,3.3076923076923075,thick,thick,0.4725274725274725,True,874.8116629984961
124,628,299,0,84,109,15.322580975138354,,173.1328125,758.1328125,1,15.322580975138354,15,787.879421188086,1391.869448938287,0.21904761904761905,0.6,2,0.33333333333333337,2.3,0.4369511139617778,767.2373306178202,740.7118744031233,874.8116629984961,0.21904761904761905,787.879421188086,1391.869448938287,3.3563748802684015,2,0.13052631297854447,2.3,punctate,punctate,0.21904761904761905,True,874.8116629984961
208,628,300,0,98,109,39.25720730269484,,184.68359375,771.31640625,1,39.25720730269484,39,784.1949275059934,1373.824003989463,0.3076923076923077,0.5641025641025641,3,0.20512820512820518,2.7096774193548385,0.4888205992297097,739.393754849233,769.2072406407925,874.8116629984961,0.3076923076923077,784.1949275059934,1373.824003989463,12.07914070852149,3,0.07641908852222565,2.7096774193548385,discontinuous,discontinuous,0.3076923076923077,True,874.8116629984961
389,437,301,0,83,112,9.0,,166.5,425.5,1,9.0,9,957.8234126984127,1452.625,0.6031746031746031,1.0,1,0.0,4.222222222222222,0.44348156700928204,874.6250000000001,976.2546296296296,874.8116629984961,0.6031746031746031,957.8234126984127,1452.625,5.428571428571428,1,0.1111111111111111,4.222222222222222,thick,thick,0.6031746031746031,True,874.8116629984961
49,315,302,0,91,113,55.89725684764972,,179.27734375,471.72265625,1,55.89725684764972,56,793.9366613241071,1347.4271833777966,0.29846938775510207,0.3392857142857143,5,0.2142857142857143,2.659090909090909,0.45315268860894226,751.7167489046626,765.0858595770679,874.8116629984961,0.29846938775510207,793.9366613241071,1347.4271833777966,16.6836200285077,5,0.0894498278086831,2.659090909090909,discontinuous,discontinuous,0.29846938775510207,True,874.8116629984961
3,454,303,0,96,114,78.49694650555844,,198.24609375,941.24609375,1,78.49694650555844,78,763.8128538016082,1346.1463239495263,0.21428571428571427,0.19230769230769232,8,0.47435897435897434,2.8536585365853657,0.6266770181136192,740.9707111994038,750.780078721078,874.8116629984961,0.21428571428571427,763.8128538016082,1346.1463239495263,16.820774251191093,8,0.10191479230894049,2.8536585365853657,reticular,reticular,0.21428571428571427,True,874.8116629984961
361,437,304,0,100,112,15.20430456168569,,172.859375,418.140625,1,15.20430456168569,15,920.6780874261884,1446.659820249446,0.5428571428571428,0.5333333333333333,2,0.06666666666666665,4.071428571428571,0.30030250471269626,917.2686609556229,850.13983711535,874.8116629984961,0.5428571428571428,920.6780874261884,1446.659820249446,8.253765333486516,2,0.13154169543800967,4.071428571428571,thick,thick,0.5428571428571428,True,874.8116629984961
154,437,305,0,79,112,20.770267343055863,,171.359375,437.640625,1,20.770267343055863,21,936.6275272600263,1761.4594941248952,0.5034013605442177,0.3333333333333333,2,0.33333333333333337,5.285714285714286,0.2985232707347908,840.6443974459531,987.1677410043882,874.8116629984961,0.5034013605442177,936.6275272600263,1761.4594941248952,10.455780839361456,2,0.09629149047369683,5.285714285714286,thick,thick,0.5034013605442177,True,874.8116629984961
154,315,306,0,79,113,8.270256484885097,,170.5,448.5,1,8.270256484885097,8,923.6130796235672,1646.1510658099653,0.5,1.0,1,0.0,3.5,0.5150787536377127,895.1938648865441,879.3498849462729,874.8116629984961,0.5,923.6130796235672,1646.1510658099653,4.135128242442549,1,0.120915234228542,3.5,thick,thick,0.5,True,874.8116629984961
25,390,307,0,81,92,10.462901075397012,,171.86328125,556.13671875,1,10.462901075397012,10,726.909547755309,1372.576210383106,0.2,0.7,2,0.19999999999999996,1.75,0.6226998490772392,704.85713710429,646.359829150816,874.8116629984961,0.2,726.909547755309,1372.576210383106,2.0925802150794026,2,0.19115157312371994,1.75,punctate,punctate,0.2,True,874.8116629984961
243,562,308,0,71,110,27.939919008483013,,177.85546875,901.86328125,1,27.939919008483013,28,896.7899724776308,1724.498684853018,0.49489795918367346,0.8571428571428571,2,0.0714285714285714,3.730769230769231,0.4041710470909826,874.5017999663102,837.8130126143504,874.8116629984961,0.49489795918367346,896.7899724776308,1724.498684853018,13.827408897055369,2,0.07158216884568519,3.730769230769231,thick,thick,0.49489795918367346,True,874.8116629984961
454,639,309,0,114,94,41.15809231569713,,183.859375,971.140625,1,41.15809231569713,41,886.3839841088271,1594.4045803828888,0.45993031358885017,0.4878048780487805,3,0.09756097560975607,3.5675675675675675,0.46786053504983366,824.2561661558834,865.3847101554557,874.8116629984961,0.45993031358885017,886.3839841088271,1594.4045803828888,18.929854305477427,3,0.07288967566788418,3.5675675675675675,thick,thick,0.45993031358885017,True,874.8116629984961
80,185,310,0,88,115,66.62469138728953,,184.71875,98.71875,1,66.62469138728953,67,833.7286851671265,1639.1051664503889,0.3880597014925373,1.0,1,0.0,2.716417910447761,0.323103086329432,775.61642908824,765.5037968773977,874.8116629984961,0.3880597014925373,833.7286851671265,1639.1051664503889,25.854357851784,1,0.015009450388100067,2.716417910447761,punctate,punctate,0.3880597014925373,True,874.8116629984961
185,304,311,0,115,101,40.77150092915518,,183.71875,136.71875,1,40.77150092915518,41,970.6416988804876,1721.0049420204552,0.5853658536585366,1.0,1,0.0,4.097560975609756,0.3526503153237767,973.9819918540965,863.0094308311428,874.8116629984961,0.5853658536585366,970.6416988804876,1721.0049420204552,23.86624444633474,1,0.024526936149287373,4.097560975609756,thick,thick,0.5853658536585366,True,874.8116629984961
71,457,312,0,106,116,9.162556033710072,,168.87109375,283.86328125,1,9.162556033710072,9,893.021610704401,1314.624212702668,0.6349206349206349,1.0,1,0.0,4.444444444444445,0.3984344362627306,921.6941369324239,841.1392714951259,874.8116629984961,0.6349206349206349,893.021610704401,1314.624212702668,5.817495894419093,1,0.10913985096744705,4.444444444444445,thick,thick,0.6349206349206349,True,874.8116629984961
101,309,313,0,117,89,10.45970807888786,,169.28515625,347.28515625,1,10.45970807888786,10,900.5829319573317,1518.4439453715627,0.5142857142857142,1.0,1,0.0,3.6,0.3093202423794456,827.2630473856258,862.7307435960269,874.8116629984961,0.5142857142857142,900.5829319573317,1518.4439453715627,5.379278440570899,1,0.09560496262973393,3.6,thick,thick,0.5142857142857142,True,874.8116629984961
309,457,314,0,89,116,15.268320706254727,,175.1015625,290.8984375,1,15.268320706254727,15,985.3827190206274,1732.4375946789246,0.7047619047619048,1.0,1,0.0,4.933333333333334,0.17305741182250942,984.7125979731326,921.8217686929694,874.8116629984961,0.7047619047619048,985.3827190206274,1732.4375946789246,10.760530783455714,1,0.06549508745846203,4.933333333333334,thick,thick,0.7047619047619048,True,874.8116629984961
101,313,315,0,117,102,52.9284189392837,,194.27734375,343.01171875,1,52.9284189392837,53,821.935128692833,1695.1200819501976,0.3611859838274933,0.32075471698113206,3,0.07547169811320753,2.7346938775510203,0.48879172817351685,746.5203629792253,793.0111484408601,874.8116629984961,0.3611859838274933,821.935128692833,1695.1200819501976,19.117003067018913,3,0.05668032524155727,2.7346938775510203,discontinuous,discontinuous,0.3611859838274933,True,874.8116629984961
59,457,316,0,95,116,13.711632606147807,,177.75,277.75,1,13.711632606147807,14,926.6147824493717,1444.5255822497884,0.6326530612244898,1.0,1,0.0,4.428571428571429,0.3383254348935973,849.4585968240037,941.8961128391667,874.8116629984961,0.6326530612244898,926.6147824493717,1444.5255822497884,8.67470634266494,1,0.0729307755483206,4.428571428571429,thick,thick,0.6326530612244898,True,874.8116629984961
101,491,317,0,117,105,60.1001984424831,,199.75390625,330.75390625,1,60.1001984424831,60,783.2275097271202,1507.620516206236,0.29523809523809524,0.2833333333333333,5,0.15000000000000002,2.4313725490196076,0.5294402439409629,753.4930099063569,729.2703369669399,874.8116629984961,0.29523809523809524,783.2275097271202,1507.620516206236,17.74386811159025,5,0.08319440084353605,2.4313725490196076,discontinuous,discontinuous,0.29523809523809524,True,874.8116629984961
356,576,318,0,118,67,26.75047188617976,,174.50390625,683.50390625,1,26.75047188617976,27,717.6711557957946,1323.2071694120598,0.15873015873015872,0.3333333333333333,3,0.4444444444444444,2.0,0.5477225575051661,682.1866421897242,690.4838713763523,874.8116629984961,0.15873015873015872,717.6711557957946,1323.2071694120598,4.2461066485999615,3,0.11214755435958892,2.0,discontinuous,discontinuous,0.15873015873015872,True,874.8116629984961
315,437,319,0,113,112,33.20142014113656,,190.83203125,452.16796875,1,33.20142014113656,33,953.6408513127632,1742.4858724886437,0.5324675324675324,0.6060606060606061,3,0.06060606060606055,3.967741935483871,0.3648586288181606,852.9725200358185,954.1048066277006,874.8116629984961,0.5324675324675324,953.6408513127632,1742.4858724886437,17.678678256968816,3,0.09035758070730836,3.967741935483871,thick,thick,0.5324675324675324,True,874.8116629984961
87,304,320,0,119,101,50.82704667881005,,185.27734375,211.27734375,1,50.82704667881005,51,865.7802937121702,1820.4361530377369,0.3753501400560224,0.6078431372549019,4,0.1568627450980392,3.116279069767442,0.4805182099106044,827.1684406504161,849.4689630991182,874.8116629984961,0.3753501400560224,865.7802937121702,1820.4361530377369,19.07793908952534,4,0.0786982573525684,3.116279069767442,discontinuous,discontinuous,0.3753501400560224,True,874.8116629984961
390,482,321,0,92,120,36.9190814648186,,188.75,567.25,1,36.9190814648186,37,993.4198778857537,1747.3217241362427,0.6332046332046332,1.0,1,0.0,4.4324324324324325,0.30827377218937896,916.8509792191752,1004.0546735179205,874.8116629984961,0.6332046332046332,993.4198778857537,1747.3217241362427,23.377333437182436,1,0.027086264346877987,4.4324324324324325,thick,thick,0.6332046332046332,True,874.8116629984961
25,482,322,0,81,120,16.345297760147712,,183.9921875,551.9921875,1,16.345297760147712,16,833.45402464137,1323.826665471556,0.4642857142857143,1.0,1,0.0,3.25,0.31716197120135853,830.208711393659,769.2350443395906,874.8116629984961,0.4642857142857143,833.45402464137,1323.826665471556,7.588888245782867,1,0.06117967470975965,3.25,thick,thick,0.4642857142857143,True,874.8116629984961
356,528,323,0,118,99,65.3332905036925,,209.64453125,667.64453125,1,65.3332905036925,65,772.185744030985,1373.4177190945693,0.2967032967032967,0.7384615384615385,3,0.0461538461538461,2.1774193548387095,0.42481336174636053,716.4788113878748,735.0915707434926,874.8116629984961,0.2967032967032967,772.185744030985,1373.4177190945693,19.38460267691975,3,0.045918397449007206,2.1774193548387095,discontinuous,discontinuous,0.2967032967032967,True,874.8116629984961
356,494,324,0,118,108,74.42435103396852,,210.46484375,692.46484375,1,74.42435103396852,74,740.3057776555003,1674.0175250013222,0.23166023166023167,0.4864864864864865,4,0.22972972972972971,2.1052631578947367,0.5315072906367325,692.491621595623,694.0293260280735,874.8116629984961,0.23166023166023167,740.3057776555003,1674.0175250013222,17.24116240169155,4,0.053745849905689244,2.1052631578947367,discontinuous,discontinuous,0.23166023166023167,True,874.8116629984961
77,87,325,0,111,119,73.04559524976207,,206.06640625,249.86328125,1,73.04559524976207,73,924.8072547218331,2130.0378590669643,0.4931506849315068,0.7123287671232876,2,0.06849315068493156,3.7058823529411766,0.5006923903361112,868.433563545313,892.3345815519183,874.8116629984961,0.4931506849315068,924.8072547218331,2130.0378590669643,36.022485328649786,2,0.027380158833143528,3.7058823529411766,thick,thick,0.4931506849315068,True,874.8116629984961
494,628,326,0,108,109,75.1233786646365,,207.640625,736.359375,1,75.1233786646365,75,776.707636656731,1840.1373029690967,0.29904761904761906,0.6266666666666667,3,0.1333333333333333,2.4153846153846152,0.5525638317018172,734.6316454516905,726.0612449776158,874.8116629984961,0.29904761904761906,776.707636656731,1840.1373029690967,22.465467524472253,3,0.039934306115177655,2.4153846153846152,discontinuous,discontinuous,0.29904761904761906,True,874.8116629984961
457,491,327,0,116,105,26.887065140931117,,190.86328125,298.13671875,1,26.887065140931117,27,1027.9220244980488,2001.098898804798,0.5291005291005291,1.0,1,0.0,3.7037037037037037,0.2630589287593181,912.8525212541323,967.8584536456578,874.8116629984961,0.5291005291005291,1027.9220244980488,2001.098898804798,14.225960392027046,1,0.03719260524562293,3.7037037037037037,thick,thick,0.5291005291005291,True,874.8116629984961
80,171,328,0,88,121,99.32168908062441,,181.28125,43.71875,1,99.32168908062441,99,871.3994808004427,1554.4696409297728,0.4862914862914863,0.3434343434343434,5,0.13131313131313127,3.9186046511627906,0.43198266380508804,804.6691196310277,878.0462243390904,874.8116629984961,0.4862914862914863,871.3994808004427,1554.4696409297728,48.299291803997725,5,0.05034147169951216,3.9186046511627906,thick_to_reticular,thick_to_reticular,0.4862914862914863,True,874.8116629984961
246,413,329,0,122,87,7.414212791279918,,180.171875,1020.828125,1,7.414212791279918,7,879.4198969661767,1378.6571000172385,0.40816326530612246,1.0,1,0.0,2.857142857142857,0.47434164902525694,759.507087762375,927.3902346561538,874.8116629984961,0.40816326530612246,879.4198969661767,1378.6571000172385,3.026209302563232,1,0.13487608572229415,2.857142857142857,thick,thick,0.40816326530612246,True,874.8116629984961
246,639,330,0,122,94,64.40875965811271,,213.13671875,1012.13671875,1,64.40875965811271,64,819.1256252277009,1771.7671242701858,0.35044642857142855,0.234375,6,0.171875,2.9622641509433962,0.4817240866544978,788.4374593675416,781.0372110692164,874.8116629984961,0.35044642857142855,819.1256252277009,1771.7671242701858,22.571819790901106,6,0.09315503095927512,2.9622641509433962,reticular,reticular,0.35044642857142855,True,874.8116629984961
437,579,331,0,112,123,47.36507958570865,,201.859375,427.140625,1,47.36507958570865,47,830.8524139680884,1376.9437480773372,0.4376899696048632,0.574468085106383,2,0.021276595744680882,3.130434782608696,0.5228202840199642,824.341909466894,751.3742118003194,874.8116629984961,0.4376899696048632,830.8524139680884,1376.9437480773372,20.731220244200745,2,0.04222520087569863,3.130434782608696,thick,thick,0.4376899696048632,True,874.8116629984961
361,579,332,0,100,123,47.00576749628043,,189.5,399.5,1,47.00576749628043,47,709.8019351629262,1330.5329397482699,0.19148936170212766,0.3829787234042553,5,0.19148936170212771,1.6578947368421053,0.6676108204702568,677.2887530871984,676.5583232691072,874.8116629984961,0.19148936170212766,709.8019351629262,1330.5329397482699,9.00110441418136,5,0.1063699257840147,1.6578947368421053,discontinuous,discontinuous,0.19148936170212766,True,874.8116629984961
49,426,333,0,91,124,8.084299706426494,,183.50390625,503.50390625,1,8.084299706426494,8,670.9530077031242,958.7177126293622,0.05357142857142857,0.125,2,0.75,1.5,0.3333333333333333,646.1983951325356,647.2670259898989,874.8116629984961,0.05357142857142857,670.9530077031242,958.7177126293622,0.4330874842728479,2,0.24739310424255173,1.5,minimal,minimal,0.05357142857142857,True,874.8116629984961
25,426,334,0,81,124,40.214547325337676,,184.640625,528.359375,1,40.214547325337676,40,537.4325128446112,1108.7210431278031,0.03214285714285714,0.05,1,0.95,4.5,0.3333333333333333,530.2629683965664,542.1579897787531,874.8116629984961,0.03214285714285714,537.4325128446112,1108.7210431278031,1.2926104497429967,1,0.024866623311956007,4.5,discontinuous,discontinuous,0.03214285714285714,False,874.8116629984961
77,457,335,0,111,116,27.1690260700409,,194.72265625,277.27734375,1,27.1690260700409,27,924.9250156281641,1761.2534815584286,0.5132275132275133,1.0,1,0.0,3.5925925925925926,0.2542026392976897,851.8688613679087,854.378806309896,874.8116629984961,0.5132275132275133,924.9250156281641,1761.2534815584286,13.94389168674057,1,0.0368066193253314,3.5925925925925926,thick,thick,0.5132275132275133,True,874.8116629984961
343,562,336,0,104,110,80.92257777682133,,203.5,869.5,1,80.92257777682133,81,879.5860831676963,1670.3097553459,0.4532627865961199,0.654320987654321,3,0.03703703703703709,3.2948717948717947,0.4739580729364823,864.1421038910175,819.5009536644199,874.8116629984961,0.4532627865961199,879.5860831676963,1670.3097553459,36.67919310166328,3,0.037072472014840964,3.2948717948717947,thick,thick,0.4532627865961199,True,874.8116629984961
315,426,338,0,113,124,23.40092911712958,,195.49609375,495.49609375,1,23.40092911712958,23,858.6832005740046,1492.5012672790358,0.43478260869565216,0.5217391304347826,3,0.08695652173913049,3.3333333333333335,0.4472135954999579,816.0537042373234,828.8516201471766,874.8116629984961,0.43478260869565216,858.6832005740046,1492.5012672790358,10.174317007447643,3,0.1282000379123403,3.3333333333333335,thick,thick,0.43478260869565216,True,874.8116629984961
304,568,339,0,101,125,62.941273170628946,,196.5,159.5,1,62.941273170628946,63,829.8054667612508,1842.7580610489742,0.41496598639455784,1.0,1,0.0,2.9047619047619047,0.38165399104337094,778.0722020809635,772.8399835459082,874.8116629984961,0.41496598639455784,829.8054667612508,1842.7580610489742,26.11848750617936,1,0.015887826057936212,2.9047619047619047,thick,thick,0.41496598639455784,True,874.8116629984961
87,568,340,0,119,125,20.237030732359294,,196.49609375,192.49609375,1,20.237030732359294,20,717.2813624705349,1303.9433588289078,0.12142857142857143,0.1,4,0.75,3.4,0.47788461203740945,716.5115101064066,687.9460384343909,874.8116629984961,0.12142857142857143,717.2813624705349,1303.9433588289078,2.4573537317864855,4,0.1976574554291675,3.4,discontinuous,discontinuous,0.12142857142857143,True,874.8116629984961
426,482,341,0,124,120,2.0,,190.5,546.5,1,2.0,2,912.9732142857143,1194.625,0.5,1.0,1,0.0,3.5,0.14285714285714285,933.0,812.125,874.8116629984961,0.5,912.9732142857143,1194.625,1.0,1,0.5,3.5,thick,thick,0.5,True,874.8116629984961
482,538,342,0,120,126,101.26572763776996,,227.140625,575.859375,1,101.26572763776996,101,821.4417606121086,1877.6026455100052,0.3917963224893918,1.0,1,0.0,2.742574257425743,0.4093614494025497,753.0650591762006,755.2171365992949,874.8116629984961,0.3917963224893918,821.4417606121086,1877.6026455100052,39.67553968269063,1,0.009875009278331806,2.742574257425743,punctate,punctate,0.3917963224893918,True,874.8116629984961
426,538,343,0,124,126,72.29680689679576,,223.390625,539.609375,1,72.29680689679576,72,792.3955977663492,1523.78112771857,0.3134920634920635,0.75,3,0.19444444444444442,2.7241379310344827,0.4245698691455297,736.1706980952883,748.1623458246441,874.8116629984961,0.3134920634920635,792.3955977663492,1523.78112771857,22.664475177963748,3,0.04149560857207045,2.7241379310344827,discontinuous,discontinuous,0.3134920634920635,True,874.8116629984961
482,547,345,0,120,107,32.593562089781244,,205.75,594.25,1,32.593562089781244,33,914.5322409294943,1566.9628951640238,0.5194805194805194,1.0,1,0.0,3.6363636363636362,0.3818813079129867,873.1873680867753,847.1680116069125,874.8116629984961,0.5194805194805194,914.5322409294943,1566.9628951640238,16.931720566120124,1,0.030680905549550865,3.6363636363636362,thick,thick,0.5194805194805194,True,874.8116629984961
208,606,346,0,98,127,32.07014833246991,,195.71875,793.71875,1,32.07014833246991,32,841.6521820590023,1838.1437121607873,0.4017857142857143,1.0,1,0.0,2.8125,0.43941599851744867,768.2722680617688,828.9606776319513,874.8116629984961,0.4017857142857143,841.6521820590023,1838.1437121607873,12.885327455010234,1,0.031181645611147196,2.8125,thick,thick,0.4017857142857143,True,874.8116629984961
604,606,347,0,103,127,49.64109692596787,,219.859375,806.8671875,1,49.64109692596787,50,783.1075342910312,1576.9312553713075,0.30857142857142855,0.36,4,0.26,2.918918918918919,0.6489413136272308,754.9487211862908,741.6780558857735,874.8116629984961,0.30857142857142855,783.1075342910312,1576.9312553713075,15.317824194298657,4,0.08057839668541955,2.918918918918919,discontinuous,discontinuous,0.30857142857142855,True,874.8116629984961
343,604,348,0,104,103,59.98424082464687,,226.5,841.5,1,59.98424082464687,60,785.2040074499288,1298.7226405072809,0.2785714285714286,0.38333333333333336,4,0.16666666666666663,2.34,0.5100351708661774,756.8497925938685,750.1480254959775,874.8116629984961,0.2785714285714286,785.2040074499288,1298.7226405072809,16.709895658294485,4,0.06668418146181561,2.34,discontinuous,discontinuous,0.2785714285714286,True,874.8116629984961
313,579,349,0,102,123,18.11651962686348,,205.25,375.25,1,18.11651962686348,18,966.2951813322363,1879.7192481462566,0.5,0.5555555555555556,2,0.05555555555555558,3.7058823529411766,0.39010176912522243,946.2814599014077,909.5815118013093,874.8116629984961,0.5,966.2951813322363,1879.7192481462566,9.05825981343174,2,0.11039648018454751,3.7058823529411766,thick,thick,0.5,True,874.8116629984961
528,547,350,0,99,107,1.0,,199.5,630.5,1,1.0,1,1318.9107142857142,1913.375,0.8571428571428571,1.0,1,0.0,6.0,,1199.0416666666667,1240.625,874.8116629984961,0.8571428571428571,1318.9107142857142,1913.375,0.8571428571428571,1,1.0,6.0,thick,thick,0.8571428571428571,True,874.8116629984961
204,547,351,0,128,107,32.07261623098936,,208.13671875,617.13671875,1,32.07261623098936,32,817.0336771305709,1990.0974944569632,0.33035714285714285,0.625,3,0.15625,2.740740740740741,0.6556491605788217,786.6264961630576,770.8515458962195,874.8116629984961,0.33035714285714285,817.0336771305709,1990.0974944569632,10.59541786202327,3,0.09353773881100866,2.740740740740741,discontinuous,discontinuous,0.33035714285714285,True,874.8116629984961
185,568,352,0,115,125,20.753180239425557,,208.5,127.5,1,20.753180239425557,21,823.4126915928301,1465.7475694681507,0.3401360544217687,0.7142857142857143,2,0.1428571428571429,2.7777777777777777,0.641248781675256,800.5586801030388,784.2299984530588,874.8116629984961,0.3401360544217687,823.4126915928301,1465.7475694681507,7.058904843342026,2,0.09637077194561866,2.7777777777777777,punctate,punctate,0.3401360544217687,True,874.8116629984961
204,528,353,0,128,99,29.697372494554354,,212.53515625,636.46484375,1,29.697372494554354,30,941.5559552414601,2050.1357632820213,0.5952380952380952,1.0,1,0.0,4.166666666666667,0.28453470790045987,882.5072504666051,889.7378747974525,874.8116629984961,0.5952380952380952,941.5559552414601,2050.1357632820213,17.677007437234735,1,0.03367301266074537,4.166666666666667,thick,thick,0.5952380952380952,True,874.8116629984961
152,315,354,0,129,113,28.779892594687738,,202.86328125,470.86328125,1,28.779892594687738,29,811.2649239696802,1522.2020594018627,0.2660098522167488,0.2413793103448276,3,0.5172413793103448,3.857142857142857,0.5078262666963737,797.6071259259841,800.0345836000573,874.8116629984961,0.2660098522167488,811.2649239696802,1522.2020594018627,7.655734975926787,3,0.10423944391487226,3.857142857142857,discontinuous,discontinuous,0.2660098522167488,True,874.8116629984961
152,426,355,0,129,124,15.246594348128745,,208.53125,484.5390625,1,15.246594348128745,15,888.2875929787559,1421.0011869664586,0.5523809523809524,0.4666666666666667,2,0.06666666666666665,4.142857142857143,0.31415288203945857,812.3262576793829,895.4725796279971,874.8116629984961,0.5523809523809524,888.2875929787559,1421.0011869664586,8.421928306585404,2,0.13117683558266016,4.142857142857143,thick,thick,0.5523809523809524,True,874.8116629984961
606,628,356,0,127,109,43.69203892407566,,217.25,767.25,1,43.69203892407566,44,737.6273727281423,1105.031559205824,0.25,0.38636363636363635,3,0.11363636363636365,1.9743589743589745,0.5790518651846221,701.3902764818896,698.9614905958965,874.8116629984961,0.25,737.6273727281423,1105.031559205824,10.923009731018915,3,0.06866239419984833,1.9743589743589745,discontinuous,discontinuous,0.25,True,874.8116629984961
87,499,357,0,119,130,66.03808728878025,,208.5,221.5,1,66.03808728878025,66,850.916945857578,1989.37431670994,0.35714285714285715,0.5909090909090909,5,0.13636363636363635,2.8947368421052633,0.46968719442418333,823.3397230636576,782.8942570551135,874.8116629984961,0.35714285714285715,850.916945857578,1989.37431670994,23.585031174564374,5,0.07571388278002854,2.8947368421052633,discontinuous,discontinuous,0.35714285714285715,True,874.8116629984961
40,454,358,0,131,114,34.1852527185347,,213.75390625,964.75390625,1,34.1852527185347,34,803.5114249739886,1360.7801052588943,0.28991596638655465,0.4411764705882353,3,0.32352941176470584,3.0,0.4504426164614508,767.7479323620938,790.5687154509842,874.8116629984961,0.28991596638655465,803.5114249739886,1360.7801052588943,9.91085057806258,3,0.08775713974387113,3.0,discontinuous,discontinuous,0.28991596638655465,True,874.8116629984961
40,639,359,0,131,94,22.748542022779716,,212.71484375,981.01171875,1,22.748542022779716,23,966.2543741281153,1401.480634454418,0.6335403726708074,1.0,1,0.0,4.434782608695652,0.3443954523578489,910.5324195954082,945.58554729071,874.8116629984961,0.6335403726708074,966.2543741281153,1401.480634454418,14.412119790829385,1,0.04395886114365614,4.434782608695652,thick,thick,0.6335403726708074,True,874.8116629984961
414,491,360,0,132,105,21.571162486847037,,212.75390625,308.24609375,1,21.571162486847037,22,806.4451646948963,1588.5568296145395,0.2922077922077922,0.5,2,0.18181818181818177,2.5,0.5696002496878354,746.5505998283966,814.393310146297,874.8116629984961,0.2922077922077922,806.4451646948963,1588.5568296145395,6.303261765637121,2,0.09271637544891217,2.5,punctate,punctate,0.2922077922077922,True,874.8116629984961
414,457,361,0,132,116,17.900728053450784,,210.13671875,297.13671875,1,17.900728053450784,18,1029.057121069456,1893.37486819399,0.6111111111111112,0.8888888888888888,2,0.05555555555555558,4.529411764705882,0.2742689880771802,958.7827299358416,1002.1897300999525,874.8116629984961,0.6111111111111112,1029.057121069456,1893.37486819399,10.939333810442147,2,0.11172729924883995,4.529411764705882,thick,thick,0.6111111111111112,True,874.8116629984961
80,272,362,0,88,133,11.35541082872123,,208.5,75.5703125,1,11.35541082872123,11,907.6426406156229,1624.270513605455,0.4935064935064935,1.0,1,0.0,3.4545454545454546,0.3569647359539615,874.1206295204938,842.730537493231,874.8116629984961,0.4935064935064935,907.6426406156229,1624.270513605455,5.603968980407879,1,0.08806374468378554,3.4545454545454546,thick,thick,0.4935064935064935,True,874.8116629984961
185,272,363,0,115,133,48.523204299833004,,218.1015625,96.8984375,1,48.523204299833004,49,831.5297327053315,1405.7825322698604,0.3848396501457726,1.0,1,0.0,2.693877551020408,0.4512506852071343,759.6269998620874,804.5063964406226,874.8116629984961,0.3848396501457726,831.5297327053315,1405.7825322698604,18.67365296669958,1,0.020608696693252833,2.693877551020408,punctate,punctate,0.3848396501457726,True,874.8116629984961
171,386,364,0,121,134,82.90174480512069,,207.31640625,27.31640625,1,82.90174480512069,83,878.6647071354872,2164.6565219065265,0.4268502581755594,0.37349397590361444,4,0.14457831325301207,3.492957746478873,0.42128896408416056,839.0218075302065,830.3567670870319,874.8116629984961,0.4268502581755594,878.6647071354872,2164.6565219065265,35.3866311732701,4,0.048249889183911696,3.492957746478873,thick_to_reticular,thick_to_reticular,0.4268502581755594,True,874.8116629984961
152,437,365,0,129,112,28.50821206873729,,218.71484375,452.01171875,1,28.50821206873729,29,829.7212986330017,1716.1089474728976,0.37438423645320196,0.3448275862068966,4,0.31034482758620685,3.8,0.41274703003574004,800.9667667356772,802.9576089547556,874.8116629984961,0.37438423645320196,829.7212986330017,1716.1089474728976,10.673025208000167,4,0.14031044775292958,3.8,discontinuous,discontinuous,0.37438423645320196,True,874.8116629984961
499,568,366,0,130,125,26.951736922278332,,218.46484375,185.53515625,1,26.951736922278332,27,854.8789540473138,1502.691486457155,0.41798941798941797,1.0,1,0.0,2.925925925925926,0.4152207459963728,860.9666322908583,776.2019901838714,874.8116629984961,0.41798941798941797,854.8789540473138,1502.691486457155,11.265540829947026,1,0.037103360087096984,2.925925925925926,thick,thick,0.41798941798941797,True,874.8116629984961
87,457,367,0,119,116,8.78664784199153,,208.7578125,286.2421875,1,8.78664784199153,9,948.3008646132172,1492.006599584935,0.5873015873015873,1.0,1,0.0,4.111111111111111,0.1792770156948865,998.4641192915119,785.6873832736711,874.8116629984961,0.5873015873015873,948.3008646132172,1492.006599584935,5.160412224661692,1,0.11380904504001903,4.111111111111111,thick,thick,0.5873015873015873,True,874.8116629984961
171,305,368,0,121,135,3.642274006136114,,212.53515625,66.53515625,1,3.642274006136114,4,997.3012052738046,1402.723859724798,0.6785714285714286,1.0,1,0.0,4.75,0.17455919949238946,869.1425932151963,1020.1817881539514,874.8116629984961,0.6785714285714286,997.3012052738046,1402.723859724798,2.471543075592363,1,0.2745537535933065,4.75,thick,thick,0.6785714285714286,True,874.8116629984961
80,305,369,0,88,135,9.088725631840619,,213.98828125,72.01171875,1,9.088725631840619,9,870.09531527629,1514.1561135229758,0.3968253968253968,0.6666666666666666,2,0.11111111111111116,3.125,0.5169139193328034,841.441211286026,819.2138857358404,874.8116629984961,0.3968253968253968,870.09531527629,1514.1561135229758,3.606637155492309,2,0.2200528524035736,3.125,punctate,punctate,0.3968253968253968,True,874.8116629984961
87,414,370,0,119,132,58.98774904393053,,240.35546875,278.65234375,1,58.98774904393053,59,837.5327055577841,1747.4974513669506,0.4213075060532688,0.6271186440677966,3,0.11864406779661019,3.3461538461538463,0.4610614050604961,782.2103799637671,813.6958891503033,874.8116629984961,0.4213075060532688,837.5327055577841,1747.4974513669506,24.85198143739446,3,0.05085801795497876,3.3461538461538463,thick,thick,0.4213075060532688,True,874.8116629984961
313,587,371,0,102,136,24.54591376770143,,219.859375,362.859375,1,24.54591376770143,25,914.872335121158,2042.942790291701,0.5142857142857142,1.0,1,0.0,3.6,0.477906959280146,923.7070529500746,812.509865862266,874.8116629984961,0.5142857142857142,914.872335121158,2042.942790291701,12.623612794817877,1,0.04073997853426191,3.6,thick,thick,0.5142857142857142,True,874.8116629984961
579,587,372,0,123,136,27.84469343783749,,225.390625,378.609375,1,27.84469343783749,28,928.5774989871954,1845.408511652349,0.5408163265306123,1.0,1,0.0,3.7857142857142856,0.43149421230299145,879.503277223485,888.2921956159632,874.8116629984961,0.5408163265306123,928.5774989871954,1845.408511652349,15.058864818422316,1,0.03591348571434167,3.7857142857142856,thick,thick,0.5408163265306123,True,874.8116629984961
305,386,373,0,135,134,36.358645669391905,,232.28125,64.71875,1,36.358645669391905,36,906.3710722464316,1588.667500245498,0.5,1.0,1,0.0,3.5,0.2651316363252391,842.0083064656388,841.8831292866017,874.8116629984961,0.5,906.3710722464316,1588.667500245498,18.179322834695952,1,0.027503774730581843,3.5,thick,thick,0.5,True,874.8116629984961
272,305,374,0,133,135,78.57701804540919,,247.24609375,95.75390625,1,78.57701804540919,79,872.452276582928,1683.1111260272703,0.43037974683544306,0.8987341772151899,3,0.05063291139240511,3.1733333333333333,0.4497172490843582,826.0725674386691,799.3355756350353,874.8116629984961,0.43037974683544306,872.452276582928,1683.1111260272703,33.817957133467246,3,0.03817910216784147,3.1733333333333333,thick,thick,0.43037974683544306,True,874.8116629984961
152,217,375,0,129,137,23.54811586391632,,217.828125,472.828125,1,23.54811586391632,24,749.7723101326637,1414.735998194378,0.25595238095238093,0.4166666666666667,2,0.16666666666666663,2.15,0.515314414096752,694.857743631851,768.8933194879049,874.8116629984961,0.25595238095238093,749.7723101326637,1414.735998194378,6.027196322311915,2,0.08493248511082267,2.15,punctate,punctate,0.25595238095238093,True,874.8116629984961
272,568,376,0,133,125,19.743300544063747,,222.86328125,127.13671875,1,19.743300544063747,20,825.8462948732029,1364.3014503011345,0.42857142857142855,1.0,1,0.0,3.0,0.5577733510227171,770.1891428584694,794.3196855723046,874.8116629984961,0.42857142857142855,825.8462948732029,1364.3014503011345,8.461414518884462,1,0.05065009256016577,3.0,thick,thick,0.42857142857142855,True,874.8116629984961
217,426,377,0,137,124,73.30912741227198,,237.8984375,511.828125,1,73.30912741227198,73,981.0976361730134,2064.972937431992,0.5655577299412916,1.0,1,0.0,3.958904109589041,0.49193395716395594,884.4978036660398,947.4141694278359,874.8116629984961,0.5655577299412916,981.0976361730134,2064.972937431992,41.460543683261456,1,0.013640866223604779,3.958904109589041,thick,thick,0.5655577299412916,True,874.8116629984961
101,587,378,0,117,136,66.46962884561789,,249.27734375,342.27734375,1,66.46962884561789,66,778.9102464396144,2146.205950016129,0.27705627705627706,0.5909090909090909,2,0.28787878787878785,2.723404255319149,0.47726638591566456,765.9848542360147,706.7340013645786,874.8116629984961,0.27705627705627706,778.9102464396144,2146.205950016129,18.415827905279414,2,0.03008892985765262,2.723404255319149,punctate,punctate,0.27705627705627706,True,874.8116629984961
204,482,379,0,128,120,46.24203044892248,,240.71484375,604.28515625,1,46.24203044892248,46,907.7024087004501,1405.3470882940417,0.546583850931677,0.9130434782608695,2,0.06521739130434778,4.093023255813954,0.2728456182623402,869.2148167668056,855.9659104239245,874.8116629984961,0.546583850931677,907.7024087004501,1405.3470882940417,25.275147077671914,2,0.04325069597039296,4.093023255813954,thick,thick,0.546583850931677,True,874.8116629984961
224,579,380,0,138,123,54.44074564326381,,232.49609375,412.49609375,1,54.44074564326381,54,829.1135683598286,1779.6032202320278,0.4126984126984127,1.0,1,0.0,2.888888888888889,0.5145803138561404,787.1651526185907,798.686033765375,874.8116629984961,0.4126984126984127,829.1135683598286,1779.6032202320278,22.467609313093,1,0.018368594849026178,2.888888888888889,thick,thick,0.4126984126984127,True,874.8116629984961
224,437,381,0,138,112,18.839108904851884,,225.38671875,446.61328125,1,18.839108904851884,19,1029.9402852685955,1789.4230370390974,0.6390977443609023,1.0,1,0.0,4.473684210526316,0.38626953316192947,1036.5953825931028,908.6442508587895,874.8116629984961,0.6390977443609023,1029.9402852685955,1789.4230370390974,12.040032006860226,1,0.05308106689390478,4.473684210526316,thick,thick,0.6390977443609023,True,874.8116629984961
101,414,382,0,117,132,33.524172929857556,,237.46484375,314.46484375,1,33.524172929857556,34,803.3009725975749,1609.1151518907898,0.37815126050420167,0.6470588235294118,2,0.08823529411764708,2.903225806451613,0.44914184292017184,767.0782986260299,747.8956261231905,874.8116629984961,0.37815126050420167,803.3009725975749,1609.1151518907898,12.677208250786471,2,0.05965844419740314,2.903225806451613,punctate,punctate,0.37815126050420167,True,874.8116629984961
217,437,383,0,137,112,9.244941490875222,,227.5,464.4296875,1,9.244941490875222,9,855.0530074612095,1102.0808778091762,0.5079365079365079,1.0,1,0.0,3.5555555555555554,0.299739470207045,828.7399189727176,845.6388717412784,874.8116629984961,0.5079365079365079,855.0530074612095,1102.0808778091762,4.695843296952494,1,0.10816726108942952,3.5555555555555554,thick,thick,0.5079365079365079,True,874.8116629984961
182,639,384,0,139,94,5.0,,223.5,987.5,1,5.0,5,1046.8821428571428,1308.875,0.8857142857142857,1.0,1,0.0,6.2,0.12069862537980455,1120.1,953.8666666666668,874.8116629984961,0.8857142857142857,1046.8821428571428,1308.875,4.428571428571429,1,0.2,6.2,thick,thick,0.8857142857142857,True,874.8116629984961
40,182,385,0,131,139,37.157360894466464,,234.86328125,970.86328125,1,37.157360894466464,37,964.0522875067903,1433.864405821926,0.6756756756756757,1.0,1,0.0,4.72972972972973,0.24894881040905104,878.8106001299295,977.3902366885342,874.8116629984961,0.6756756756756757,964.0522875067903,1433.864405821926,25.106324928693557,1,0.02691256795228753,4.72972972972973,thick,thick,0.6756756756756757,True,874.8116629984961
182,246,386,0,139,122,12.256027656823715,,229.35546875,990.64453125,1,12.256027656823715,12,790.266702836635,1086.572778041716,0.2976190476190476,0.6666666666666666,2,0.25,2.7777777777777777,0.6951258878793107,773.5080713358517,772.3974147694476,874.8116629984961,0.2976190476190476,790.266702836635,1086.572778041716,3.6476272788165818,2,0.16318501034766122,2.7777777777777777,punctate,punctate,0.2976190476190476,True,874.8116629984961
434,528,387,0,140,99,40.71996092599105,,232.25,654.75,1,40.71996092599105,41,965.5180403390224,1837.046118373209,0.5087108013937283,1.0,1,0.0,3.5609756097560976,0.43437835604679254,923.8849648901229,888.1972505858075,874.8116629984961,0.5087108013937283,965.5180403390224,1837.046118373209,20.71468395538221,1,0.024557980343289383,3.5609756097560976,thick,thick,0.5087108013937283,True,874.8116629984961
204,434,388,0,128,140,38.06363411315008,,240.25,624.25,1,38.06363411315008,38,853.9247791315446,1426.0329649210141,0.44360902255639095,0.47368421052631576,2,0.1578947368421053,3.6875,0.41482163561086155,835.3853371717984,793.0270364299013,874.8116629984961,0.44360902255639095,853.9247791315446,1426.0329649210141,16.885371523878607,2,0.052543590400608846,3.6875,thick,thick,0.44360902255639095,True,874.8116629984961
3,40,389,0,96,131,7.124377994300021,,229.86328125,953.86328125,1,7.124377994300021,7,793.9301744028334,1136.67826122384,0.30612244897959184,1.0,1,0.0,2.142857142857143,0.38873012632302,796.388281983546,721.9550885590406,874.8116629984961,0.30612244897959184,793.9301744028334,1136.67826122384,2.180932039071435,1,0.14036313076033682,2.142857142857143,punctate,punctate,0.30612244897959184,True,874.8116629984961
95,568,390,0,141,125,24.12881911360857,,228.13671875,177.13671875,1,24.12881911360857,24,638.063749868829,1164.6185669960778,0.023809523809523808,0.041666666666666664,2,0.9166666666666666,2.0,0.5,636.9284659181193,609.7976434889537,874.8116629984961,0.023809523809523808,638.063749868829,1164.6185669960778,0.5744956931811565,2,0.08288843273196105,2.0,minimal,minimal,0.023809523809523808,False,874.8116629984961
130,568,391,0,142,125,36.36942391915294,,234.35546875,149.64453125,1,36.36942391915294,36,635.2274382480308,1104.4064055844703,0.047619047619047616,0.05555555555555555,6,0.7777777777777778,1.5,0.47140452079103173,611.9320838135458,607.7629221331738,874.8116629984961,0.047619047619047616,635.2274382480308,1104.4064055844703,1.7318773294834735,6,0.16497374314582605,1.5,discontinuous,discontinuous,0.047619047619047616,False,874.8116629984961
130,272,392,0,142,133,37.65746731531629,,247.86328125,135.13671875,1,37.65746731531629,38,752.1643673685392,1383.340873444626,0.13157894736842105,0.23684210526315788,5,0.4736842105263158,1.75,0.6483888981662982,740.5269281205628,734.4293325037619,874.8116629984961,0.13157894736842105,752.1643673685392,1383.340873444626,4.954929909910038,5,0.132775790738491,1.75,discontinuous,discontinuous,0.13157894736842105,True,874.8116629984961
95,499,393,0,141,130,30.157096463425333,,236.13671875,201.86328125,1,30.157096463425333,30,707.0548154310426,1435.0637963104762,0.12857142857142856,0.13333333333333333,6,0.5333333333333333,1.9285714285714286,0.6029192813370262,688.1351798581915,663.8373189920046,874.8116629984961,0.12857142857142856,707.0548154310426,1435.0637963104762,3.877340973868971,6,0.19895814596331673,1.9285714285714286,discontinuous,discontinuous,0.12857142857142856,True,874.8116629984961
437,575,394,0,112,143,10.124377994300021,,231.46484375,458.53515625,1,10.124377994300021,10,775.1814451488432,1189.7973677610335,0.2857142857142857,0.5,2,0.4,3.3333333333333335,0.33166247903554,717.661164352858,772.9975072786094,874.8116629984961,0.2857142857142857,775.1814451488432,1189.7973677610335,2.892679426942863,2,0.19754299978981335,3.3333333333333335,punctate,punctate,0.2857142857142857,True,874.8116629984961
224,575,395,0,138,143,11.342863817731168,,235.64453125,451.64453125,1,11.342863817731168,11,821.8605286549571,1222.016859110092,0.2987012987012987,0.5454545454545454,2,0.18181818181818177,2.5555555555555554,0.5253498249388945,801.2515890036858,798.2407854848971,874.8116629984961,0.2987012987012987,821.8605286549571,1222.016859110092,3.3881281533482706,2,0.1763223143765157,2.5555555555555554,punctate,punctate,0.2987012987012987,True,874.8116629984961
2,499,396,0,144,130,18.305423943972972,,235.61328125,224.61328125,1,18.305423943972972,18,846.0096386820035,1424.4058145416648,0.373015873015873,0.5,2,0.16666666666666663,3.1333333333333333,0.384158937984421,780.4002758996562,850.5781096791391,874.8116629984961,0.373015873015873,846.0096386820035,1424.4058145416648,6.828213693386743,2,0.10925723469291715,3.1333333333333333,punctate,punctate,0.373015873015873,True,874.8116629984961
2,87,397,0,144,119,36.080408258483764,,240.86328125,247.13671875,1,36.080408258483764,36,826.6887032241874,1370.2627041126502,0.3373015873015873,0.4166666666666667,3,0.16666666666666663,2.8333333333333335,0.5320197202162359,846.5472281609013,764.2428958226269,874.8116629984961,0.3373015873015873,826.6887032241874,1370.2627041126502,12.169978976075873,3,0.08314761791240528,2.8333333333333335,discontinuous,discontinuous,0.3373015873015873,True,874.8116629984961
217,575,398,0,137,143,74.89305610824871,,255.46484375,483.53515625,1,74.89305610824871,75,786.6958286368468,1358.3798356704158,0.3047619047619048,0.4,6,0.21333333333333337,2.711864406779661,0.5682346566340354,734.6276669288634,766.0748703483057,874.8116629984961,0.3047619047619048,786.6958286368468,1358.3798356704158,22.824550432990087,6,0.08011423637630352,2.711864406779661,reticular,reticular,0.3047619047619048,True,874.8116629984961
95,130,399,0,141,142,23.250588169981974,,246.13671875,167.86328125,1,23.250588169981974,23,542.4333839781474,1203.0197018674887,0.012422360248447204,0.08695652173913043,1,0.9130434782608696,1.0,0.0,534.5298941471445,534.2043707996328,874.8116629984961,0.012422360248447204,542.4333839781474,1203.0197018674887,0.2888271822358009,1,0.043009664645433154,1.0,minimal,minimal,0.012422360248447204,False,874.8116629984961
3,182,400,0,96,139,28.75530821978522,,245.3125,959.6875,1,28.75530821978522,29,724.4943883117259,1371.1297777582818,0.15763546798029557,0.27586206896551724,3,0.5517241379310345,2.4615384615384617,0.5191639914323797,701.6979931178287,692.42622696965,874.8116629984961,0.15763546798029557,724.4943883117259,1371.1297777582818,4.532856468143483,3,0.10432856351495605,2.4615384615384617,discontinuous,discontinuous,0.15763546798029557,True,874.8116629984961
166,606,401,0,145,127,38.46384409924772,,237.1328125,781.859375,1,38.46384409924772,38,813.5326323716702,1395.1137525653287,0.3609022556390977,0.5789473684210527,3,0.07894736842105265,2.742857142857143,0.5032446803825484,774.7195164557855,777.2996153406624,874.8116629984961,0.3609022556390977,813.5326323716702,1395.1137525653287,13.881688095969102,3,0.07799532444700903,2.742857142857143,discontinuous,discontinuous,0.3609022556390977,True,874.8116629984961
61,246,402,0,146,122,22.996044395908218,,241.86328125,1001.13671875,1,22.996044395908218,23,905.5877366468997,1460.4228741025088,0.5031055900621118,0.4782608695652174,2,0.04347826086956519,3.6818181818181817,0.3106110030965216,933.6131654762552,793.1329308678561,874.8116629984961,0.5031055900621118,905.5877366468997,1460.4228741025088,11.569438484897923,2,0.08697147933650139,3.6818181818181817,thick,thick,0.5031055900621118,True,874.8116629984961
61,182,403,0,146,139,38.36500369078972,,251.72265625,983.72265625,1,38.36500369078972,38,678.8709494643514,1220.773203679598,0.10150375939849623,0.10526315789473684,2,0.8157894736842105,3.857142857142857,0.3777051491550211,696.4232574090573,657.4200758770621,874.8116629984961,0.10150375939849623,678.8709494643514,1220.773203679598,3.89419210395234,2,0.052130843414466804,3.857142857142857,discontinuous,discontinuous,0.10150375939849623,True,874.8116629984961
6,579,404,0,147,123,5.1781325211239935,,238.64453125,386.35546875,1,5.1781325211239935,5,1041.074521541826,1468.3230187227762,0.6285714285714286,1.0,1,0.0,4.4,0.3401506715249037,1015.4193061906906,941.8298126595662,874.8116629984961,0.6285714285714286,1041.074521541826,1468.3230187227762,3.2548261561350817,1,0.1931198160573408,4.4,thick,thick,0.6285714285714286,True,874.8116629984961
6,587,405,0,147,136,78.82368952118625,,258.28515625,350.28515625,1,78.82368952118625,79,873.2213598270196,1567.2915095646713,0.5189873417721519,1.0,1,0.0,3.632911392405063,0.3102415231993319,799.002751049694,864.1514884667921,874.8116629984961,0.5189873417721519,873.2213598270196,1567.2915095646713,40.90849709327388,1,0.012686541394782336,3.632911392405063,thick,thick,0.5189873417721519,True,874.8116629984961
494,528,406,0,108,99,3.1836008691813857,,240.1328125,673.1328125,1,3.1836008691813857,3,799.9882427514649,1034.528627999773,0.23809523809523808,0.3333333333333333,2,0.33333333333333337,2.5,0.2,737.4913875831544,813.2268326406903,874.8116629984961,0.23809523809523808,799.9882427514649,1034.528627999773,0.7580002069479489,2,0.6282194540656315,2.5,punctate,punctate,0.23809523809523808,True,874.8116629984961
166,628,407,0,145,109,3.6124035556762317,,240.27734375,761.27734375,1,3.6124035556762317,4,999.8543515336312,1846.6360021595935,0.4642857142857143,1.0,1,0.0,3.25,0.2551249838734923,1002.6252205039671,833.1781099734606,874.8116629984961,0.4642857142857143,999.8543515336312,1846.6360021595935,1.6771873651353935,1,0.27682399947499853,3.25,thick,thick,0.4642857142857143,True,874.8116629984961
92,171,408,0,148,121,43.98509294872034,,241.3515625,20.3515625,1,43.98509294872034,44,1095.8594548639085,2153.270491912258,0.6298701298701299,1.0,1,0.0,4.409090909090909,0.23845429909732738,1027.0849547546493,988.3628060463769,874.8116629984961,0.6298701298701299,1095.8594548639085,2153.270491912258,27.704896207960218,1,0.022734975260046437,4.409090909090909,thick,thick,0.6298701298701299,True,874.8116629984961
92,386,409,0,148,134,16.54255524998044,,243.828125,47.171875,1,16.54255524998044,17,1254.3323683575009,2037.042572735943,0.9327731092436975,1.0,1,0.0,6.529411764705882,0.07644397634449163,1178.1222099569109,1273.0067960649667,874.8116629984961,0.9327731092436975,1254.3323683575009,2037.042572735943,15.430450695359905,1,0.06045015324952187,6.529411764705882,thick,thick,0.9327731092436975,True,874.8116629984961
2,95,410,0,144,141,21.96239600128147,,249.27734375,212.27734375,1,21.96239600128147,22,671.4430890968412,1119.324238911975,0.08441558441558442,0.13636363636363635,2,0.7272727272727273,2.1666666666666665,0.41424344670265417,678.3715480739495,632.8814771990133,874.8116629984961,0.08441558441558442,671.4430890968412,1119.324238911975,1.8539684936146694,2,0.09106474538949681,2.1666666666666665,discontinuous,discontinuous,0.08441558441558442,True,874.8116629984961
6,224,411,0,147,138,51.08669830581491,,264.8984375,384.8984375,1,51.08669830581491,51,952.5801789982357,1635.210906222951,0.5854341736694678,0.5098039215686274,2,0.039215686274509776,4.26530612244898,0.3928110191727041,908.2466807682011,913.2014669487053,874.8116629984961,0.5854341736694678,952.5801789982357,1635.210906222951,29.907899008166154,2,0.0391491340471371,4.26530612244898,thick,thick,0.5854341736694678,True,874.8116629984961
166,604,412,0,145,103,37.9452873587729,,249.86328125,814.13671875,1,37.9452873587729,38,779.3550337855695,1395.2301791792931,0.2819548872180451,0.5,4,0.13157894736842102,2.272727272727273,0.511207720338155,729.3662408864315,752.1759491923036,874.8116629984961,0.2819548872180451,779.3550337855695,1395.2301791792931,10.698859217699127,4,0.10541493498731418,2.272727272727273,discontinuous,discontinuous,0.2819548872180451,True,874.8116629984961
475,494,413,0,149,108,42.04203307694823,,240.64453125,695.64453125,1,42.04203307694823,42,795.7363714355681,1612.5043272904518,0.2857142857142857,0.40476190476190477,5,0.26190476190476186,2.7096774193548385,0.5150787536377128,763.6464813138327,752.5319748897813,874.8116629984961,0.2857142857142857,795.7363714355681,1612.5043272904518,12.012009450556636,5,0.11892859678904336,2.7096774193548385,discontinuous,discontinuous,0.2857142857142857,True,874.8116629984961
343,433,414,0,104,150,32.46997674530858,,250.1015625,866.1015625,1,32.46997674530858,32,862.7922373308304,1492.7379748766066,0.48660714285714285,1.0,1,0.0,3.40625,0.3509099357597299,877.3563569257059,782.4945392585281,874.8116629984961,0.48660714285714285,862.7922373308304,1492.7379748766066,15.800122612672478,1,0.03079768143488076,3.40625,thick,thick,0.48660714285714285,True,874.8116629984961
240,246,415,0,151,122,17.632678244744294,,243.86328125,1014.86328125,1,17.632678244744294,18,977.7873270544386,1455.7142797248598,0.753968253968254,1.0,1,0.0,5.277777777777778,0.2589131342368178,985.0716939880048,918.3055452819432,874.8116629984961,0.753968253968254,977.7873270544386,1455.7142797248598,13.294479628973873,1,0.05671288196380866,5.277777777777778,thick,thick,0.753968253968254,True,874.8116629984961
433,562,416,0,150,110,52.43185027889848,,260.53515625,891.46484375,1,52.43185027889848,52,866.7777163314735,2056.148385709747,0.3873626373626374,0.5192307692307693,4,0.21153846153846156,3.4390243902439024,0.44978184384987024,819.6274260482488,859.05011186873,874.8116629984961,0.3873626373626374,866.7777163314735,2056.148385709747,20.31013980583705,4,0.07628950683073309,3.4390243902439024,discontinuous,discontinuous,0.3873626373626374,True,874.8116629984961
224,464,418,0,138,152,42.443829411994585,,254.82421875,436.82421875,1,42.443829411994585,42,1013.8328480745229,2175.2072619407045,0.5986394557823129,1.0,1,0.0,4.190476190476191,0.28157981121281517,980.6180847221798,904.5422389172293,874.8116629984961,0.5986394557823129,1013.8328480745229,2175.2072619407045,25.408550940513766,1,0.023560550823376013,4.190476190476191,thick,thick,0.5986394557823129,True,874.8116629984961
464,575,419,0,152,143,64.68372049820813,,270.5,463.5,1,64.68372049820813,65,771.3415430822732,1686.1425994669971,0.27912087912087913,0.49230769230769234,6,0.19999999999999996,2.4423076923076925,0.4911644149212817,725.219981365012,722.7520955114693,874.8116629984961,0.27912087912087913,771.3415430822732,1686.1425994669971,18.054576930269082,6,0.09275904282849982,2.4423076923076925,reticular,reticular,0.27912087912087913,True,874.8116629984961
181,628,420,0,153,109,15.21013209732494,,243.28125,753.71875,1,15.21013209732494,15,870.391567007012,1851.787437485503,0.3619047619047619,0.5333333333333333,3,0.19999999999999996,3.1666666666666665,0.4794965041654894,848.9464183426805,821.0199219929418,874.8116629984961,0.3619047619047619,870.391567007012,1851.787437485503,5.50461923522236,3,0.19723694579402243,3.1666666666666665,discontinuous,discontinuous,0.3619047619047619,True,874.8116629984961
166,181,421,0,145,153,21.330584702832198,,250.86328125,762.86328125,1,21.330584702832198,21,933.5193861391758,1694.1563385763538,0.5102040816326531,0.8095238095238095,2,0.04761904761904767,3.75,0.4033195589934447,858.1994429268664,905.5661376239394,874.8116629984961,0.5102040816326531,933.5193861391758,1694.1563385763538,10.882951378996019,2,0.09376208049910827,3.75,thick,thick,0.5102040816326531,True,874.8116629984961
434,494,422,0,140,108,5.954202065257501,,243.75390625,674.24609375,1,5.954202065257501,6,783.1737915237599,1116.881888115366,0.3333333333333333,1.0,1,0.0,2.3333333333333335,0.40406101782088427,749.1901919631222,762.9123936372933,874.8116629984961,0.3333333333333333,783.1737915237599,1116.881888115366,1.9847340217525002,1,0.16794861663075808,2.3333333333333335,punctate,punctate,0.3333333333333333,True,874.8116629984961
181,494,423,0,153,108,33.956894154331984,,245.46484375,729.46484375,1,33.956894154331984,34,875.4116782280431,1397.1236570429814,0.4411764705882353,1.0,1,0.0,3.088235294117647,0.35443417268435035,862.6693941679353,797.3249825702063,874.8116629984961,0.4411764705882353,875.4116782280431,1397.1236570429814,14.980982715146464,1,0.029449100835166546,3.088235294117647,thick,thick,0.4411764705882353,True,874.8116629984961
92,305,424,0,148,135,7.851153477029276,,247.75,58.25,1,7.851153477029276,8,1197.9809195962755,1949.4625168127952,0.7142857142857143,1.0,1,0.0,5.0,0.1414213562373095,988.0523455826706,1242.6050381994164,874.8116629984961,0.7142857142857143,1197.9809195962755,1949.4625168127952,5.607966769306626,1,0.12736981934256883,5.0,thick,thick,0.7142857142857143,True,874.8116629984961
434,475,426,0,140,149,16.364798678454285,,253.49609375,672.49609375,1,16.364798678454285,16,915.1610977008712,1424.9308385171694,0.5714285714285714,1.0,1,0.0,4.0,0.23385358667337133,907.1945851996675,836.021614577236,874.8116629984961,0.5714285714285714,915.1610977008712,1424.9308385171694,9.351313530545305,1,0.06110677067580361,4.0,thick,thick,0.5714285714285714,True,874.8116629984961
181,475,427,0,153,149,44.96569498881909,,270.75,712.75,1,44.96569498881909,45,864.7890180313346,1499.2180847495033,0.4222222222222222,0.6,3,0.06666666666666665,3.1666666666666665,0.43537665238506545,855.4332901042121,800.7190096570156,874.8116629984961,0.4222222222222222,864.7890180313346,1499.2180847495033,18.985515661945836,3,0.06671752767851054,3.1666666666666665,thick,thick,0.4222222222222222,True,874.8116629984961
305,505,428,0,135,154,68.42789092925223,,269.71875,86.28125,1,68.42789092925223,68,807.6564900485785,1714.7457833958833,0.35084033613445376,0.6176470588235294,4,0.1470588235294118,2.8793103448275863,0.39796715325301213,767.1548785152479,746.7539164149683,874.8116629984961,0.35084033613445376,807.6564900485785,1714.7457833958833,24.00726425459059,4,0.058455696144947826,2.8793103448275863,discontinuous,discontinuous,0.35084033613445376,True,874.8116629984961
61,240,429,0,146,151,42.51069768993018,,264.75390625,998.76171875,1,42.51069768993018,43,919.9377879422698,1340.2970999822378,0.5880398671096345,0.627906976744186,2,0.046511627906976716,4.317073170731708,0.37399252346746586,932.9735254617672,860.1478000705118,874.8116629984961,0.5880398671096345,919.9377879422698,1340.2970999822378,24.997985020324393,2,0.04704698131721688,4.317073170731708,thick,thick,0.5880398671096345,True,874.8116629984961
92,449,430,0,148,155,72.81483480361199,,256.6484375,24.6484375,1,72.81483480361199,73,1026.654726501394,2695.228770817414,0.639921722113503,1.0,1,0.0,4.47945205479452,0.2641677941039048,873.0830806779102,1067.6526690516937,874.8116629984961,0.639921722113503,1026.654726501394,2695.228770817414,46.59579448293761,1,0.013733465202483641,4.47945205479452,thick,thick,0.639921722113503,True,874.8116629984961
92,505,431,0,148,154,3.1836008691813857,,252.1328125,60.1328125,1,3.1836008691813857,3,1342.5896623952528,1971.9117933961008,0.7619047619047619,1.0,1,0.0,5.333333333333333,0.08838834764831845,1034.9637018290425,1447.142608577679,874.8116629984961,0.7619047619047619,1342.5896623952528,1971.9117933961008,2.4256006622334367,1,0.31410972703281576,5.333333333333333,thick,thick,0.7619047619047619,True,874.8116629984961
2,84,432,0,144,156,52.35972042768741,,269.64453125,240.36328125,1,52.35972042768741,52,828.6428377458766,1646.8824753138476,0.37362637362637363,0.8269230769230769,3,0.07692307692307687,2.8333333333333335,0.4221382380708036,817.0885471791347,780.0431298906376,874.8116629984961,0.37362637362637363,828.6428377458766,1646.8824753138476,19.562972467487604,3,0.05729595145839671,2.8333333333333335,discontinuous,discontinuous,0.37362637362637363,True,874.8116629984961
84,87,433,0,156,119,15.890680643556223,,257.50390625,262.49609375,1,15.890680643556223,16,969.4628751369817,1477.8250761204556,0.6696428571428571,1.0,1,0.0,4.6875,0.2227105745132009,996.8374322670102,864.0465573591,874.8116629984961,0.6696428571428571,969.4628751369817,1477.8250761204556,10.641080788095685,1,0.06292996646468424,4.6875,thick,thick,0.6696428571428571,True,874.8116629984961
449,505,434,0,155,154,9.655409427200187,,256.28515625,62.71484375,1,9.655409427200187,10,857.9277723718177,1783.4746061863516,0.44285714285714284,1.0,1,0.0,3.1,0.443475067253791,902.3177955625824,743.9198599609019,874.8116629984961,0.44285714285714284,857.9277723718177,1783.4746061863516,4.275967032045797,1,0.1035688861813469,3.1,thick,thick,0.44285714285714284,True,874.8116629984961
414,587,435,0,132,136,32.129090087548505,,268.828125,311.828125,1,32.129090087548505,32,732.5040805934043,1413.7844576787747,0.20089285714285715,0.25,5,0.40625,2.3684210526315788,0.5163977794943223,680.5884400463538,737.4600657615383,874.8116629984961,0.20089285714285715,732.5040805934043,1413.7844576787747,6.45450470508787,5,0.1556222098532983,2.3684210526315788,discontinuous,discontinuous,0.20089285714285715,True,874.8116629984961
95,287,436,0,141,157,29.763048688291814,,255.28515625,185.71484375,1,29.763048688291814,30,699.0456841611059,1296.9674514842886,0.17142857142857143,0.36666666666666664,3,0.30000000000000004,1.7142857142857142,0.4811252243246882,653.3862761391327,656.1666879778523,874.8116629984961,0.17142857142857143,699.0456841611059,1296.9674514842886,5.102236917992882,3,0.1007961258075064,1.7142857142857142,discontinuous,discontinuous,0.17142857142857143,True,874.8116629984961
343,487,437,0,104,158,6.5508319613971935,,256.28125,851.71875,1,6.5508319613971935,7,809.5275512928828,1349.6285253820142,0.3877551020408163,1.0,1,0.0,2.7142857142857144,0.16643566632465154,743.2540247216892,735.8836457892138,874.8116629984961,0.3877551020408163,809.5275512928828,1349.6285253820142,2.5401185156438095,1,0.15265236627848336,2.7142857142857144,punctate,punctate,0.3877551020408163,True,874.8116629984961
434,482,438,0,140,120,14.661211538311374,,261.5,620.5,1,14.661211538311374,15,936.5228756732636,1610.5806115310033,0.6,1.0,1,0.0,4.2,0.21647907455533105,891.7023357362665,902.9380683242476,874.8116629984961,0.6,936.5228756732636,1610.5806115310033,8.796726922986824,1,0.06820718720188225,4.2,unknown,unknown,0.6,True,874.8116629984961
487,604,439,0,158,103,35.4862110810403,,263.71875,834.71875,1,35.4862110810403,35,713.0397201831621,1205.4167605284579,0.16326530612244897,0.14285714285714285,7,0.4,1.9047619047619047,0.5350233639758175,695.3958446540801,671.3237056467585,874.8116629984961,0.16326530612244897,713.0397201831621,1205.4167605284579,5.7936671152718855,7,0.19725971826110184,1.9047619047619047,reticular,reticular,0.16326530612244897,True,874.8116629984961
3,72,440,0,96,159,42.99157439231017,,255.50390625,944.50390625,1,42.99157439231017,43,778.6621248611283,1334.083598473616,0.23920265780730898,0.27906976744186046,5,0.41860465116279066,2.88,0.46398036356916855,750.8746862556488,757.0181639287597,874.8116629984961,0.23920265780730898,778.6621248611283,1334.083598473616,10.283698857961237,5,0.11630185846123238,2.88,discontinuous,discontinuous,0.23920265780730898,True,874.8116629984961
130,287,441,0,142,157,27.07677778379288,,259.46484375,155.46484375,1,27.07677778379288,27,695.3213452373086,1354.6895511588536,0.13227513227513227,0.18518518518518517,2,0.7407407407407407,3.5714285714285716,0.5959865770300536,668.3777590986813,663.2308979028443,874.8116629984961,0.13227513227513227,695.3213452373086,1354.6895511588536,3.581584362935566,2,0.07386403271356473,3.5714285714285716,discontinuous,discontinuous,0.13227513227513227,True,874.8116629984961
3,61,442,0,96,146,2.295888206165974,,257.0078125,966.0078125,1,2.295888206165974,2,914.5183472629012,1197.1565557919766,0.5,1.0,1,0.0,3.5,0.14285714285714285,919.5184692851029,854.6613003983848,874.8116629984961,0.5,914.5183472629012,1197.1565557919766,1.147944103082987,1,0.43556127746740475,3.5,thick,thick,0.5,True,874.8116629984961
72,562,443,0,159,110,15.124249268759062,,264.49609375,923.49609375,1,15.124249268759062,15,772.9582845394465,1153.490890261375,0.29523809523809524,0.5333333333333333,2,0.33333333333333337,3.1,0.3663811836000176,778.8898609222978,721.8104180889667,874.8116629984961,0.29523809523809524,772.9582845394465,1153.490890261375,4.46525454601458,2,0.1322379686065634,3.1,punctate,punctate,0.29523809523809524,True,874.8116629984961
61,72,444,0,146,159,38.90658035024334,,272.953125,962.2421875,1,38.90658035024334,39,723.0047220094511,1344.1260945124936,0.13553113553113552,0.10256410256410256,6,0.641025641025641,2.642857142857143,0.39444647349530876,708.9170175419164,712.3878357896499,874.8116629984961,0.13553113553113552,723.0047220094511,1344.1260945124936,5.273053014501844,6,0.15421555803637915,2.642857142857143,discontinuous,discontinuous,0.13553113553113552,True,874.8116629984961
426,465,445,0,124,160,14.825617210538274,,262.828125,542.828125,1,14.825617210538274,15,900.5971992934831,1434.4073775163959,0.5333333333333333,1.0,1,0.0,3.7333333333333334,0.2845960259019505,895.1549960607821,836.1322961123575,874.8116629984961,0.5333333333333333,900.5971992934831,1434.4073775163959,7.906995845620413,1,0.06745081744651985,3.7333333333333334,thick,thick,0.5333333333333333,True,874.8116629984961
465,538,446,0,160,126,37.27687502755207,,266.13671875,565.86328125,1,37.27687502755207,37,798.2896078380587,1649.9156881678798,0.3474903474903475,1.0,1,0.0,2.4324324324324325,0.5016023706798094,725.8166013539416,759.7362741520283,874.8116629984961,0.3474903474903475,798.2896078380587,1649.9156881678798,12.953354256678328,1,0.026826283030991206,2.4324324324324325,punctate,punctate,0.3474903474903475,True,874.8116629984961
433,487,447,0,150,158,31.256823302840168,,271.46484375,859.46484375,1,31.256823302840168,31,819.3052753083167,1520.998730210875,0.2995391705069124,0.25806451612903225,4,0.29032258064516125,2.9545454545454546,0.4503778821016753,829.6031477698892,748.6064690561697,874.8116629984961,0.2995391705069124,819.3052753083167,1520.998730210875,9.362642924813875,4,0.12797205785261415,2.9545454545454546,discontinuous,discontinuous,0.2995391705069124,True,874.8116629984961
95,445,448,0,141,161,12.595338627660286,,260.53515625,201.53515625,1,12.595338627660286,13,829.6048312709763,1268.3774647853588,0.37362637362637363,0.7692307692307693,2,0.15384615384615385,3.090909090909091,0.486851334036672,793.4850823442349,786.9654954064207,874.8116629984961,0.37362637362637363,829.6048312709763,1268.3774647853588,4.705950696048898,2,0.15878890271420362,3.090909090909091,punctate,punctate,0.37362637362637363,True,874.8116629984961
2,445,449,0,144,161,40.946050232545836,,273.35546875,221.64453125,1,40.946050232545836,41,849.5682370641576,1873.3444461311356,0.40069686411149824,0.4878048780487805,2,0.04878048780487809,2.948717948717949,0.40600408799752186,810.1454681386274,791.4635756308882,874.8116629984961,0.40069686411149824,849.5682370641576,1873.3444461311356,16.406953925933,2,0.04884476008409491,2.948717948717949,thick,thick,0.40069686411149824,True,874.8116629984961
166,192,450,0,145,162,53.55904136750918,,270.2109375,784.5,1,53.55904136750918,54,851.8274098708596,2112.4887576669494,0.41798941798941797,0.4444444444444444,4,0.07407407407407407,3.16,0.44466248279114673,747.0162282801954,895.4583150981775,874.8116629984961,0.41798941798941797,851.8274098708596,2112.4887576669494,22.387112529276322,4,0.0746839356692919,3.16,thick_to_reticular,thick_to_reticular,0.41798941798941797,True,874.8116629984961
449,558,451,0,155,163,60.26270549302141,,276.83203125,38.83203125,1,60.26270549302141,60,865.2204379055124,2072.254264665411,0.45,1.0,1,0.0,3.15,0.3792953379475721,782.3096705785144,834.5961334150093,874.8116629984961,0.45,865.2204379055124,2072.254264665411,27.118217471859634,1,0.016594011035827173,3.15,thick,thick,0.45,True,874.8116629984961
505,558,452,0,154,163,36.11557657121842,,277.171875,62.171875,1,36.11557657121842,36,774.85242884922,1468.5840168769712,0.2896825396825397,0.3888888888888889,3,0.11111111111111116,2.28125,0.4806247888451735,749.3682377389648,726.8650668727458,874.8116629984961,0.2896825396825397,774.85242884922,1468.5840168769712,10.462051943249781,3,0.08306665114660773,2.28125,discontinuous,discontinuous,0.2896825396825397,True,874.8116629984961
145,434,453,0,164,140,33.6413473012628,,263.50390625,654.49609375,1,33.6413473012628,34,868.5837140119243,1459.144981734338,0.4579831932773109,0.7058823529411765,2,0.02941176470588236,3.303030303030303,0.4248013542308339,867.0743708308377,818.3062805460182,874.8116629984961,0.4579831932773109,868.5837140119243,1459.144981734338,15.407171663183382,2,0.059450651072019516,3.303030303030303,thick,thick,0.4579831932773109,True,874.8116629984961
145,475,454,0,164,149,28.216764922379962,,271.25,681.75,1,28.216764922379962,28,803.4053813838788,1404.368773291135,0.32653061224489793,0.5714285714285714,3,0.1071428571428571,2.56,0.4290478193045619,759.559943487122,791.5058270932535,874.8116629984961,0.32653061224489793,803.4053813838788,1404.368773291135,9.21363752567509,3,0.10631977153484976,2.56,discontinuous,discontinuous,0.32653061224489793,True,874.8116629984961
181,192,455,0,153,162,13.481520130624126,,267.609375,757.609375,1,13.481520130624126,13,1075.16533788164,2077.0794215754486,0.7142857142857143,1.0,1,0.0,5.0,0.15689290811054724,1023.4221652535057,1024.3348693024082,874.8116629984961,0.7142857142857143,1075.16533788164,2077.0794215754486,9.62965723616009,1,0.07417561152680674,5.0,thick,thick,0.7142857142857143,True,874.8116629984961
87,275,456,0,119,165,30.31499551293567,,263.82421875,279.83203125,1,30.31499551293567,30,916.4665813727295,1607.6950028907002,0.5952380952380952,0.8,2,0.09999999999999998,4.62962962962963,0.2504396134799764,863.2267664512364,915.181781885448,874.8116629984961,0.5952380952380952,916.4665813727295,1607.6950028907002,18.04464018627123,2,0.06597395005869564,4.62962962962963,thick,thick,0.5952380952380952,True,874.8116629984961
275,414,457,0,165,132,28.914668336581386,,273.71875,301.9921875,1,28.914668336581386,29,886.7193050041427,1351.442165103646,0.541871921182266,1.0,1,0.0,3.793103448275862,0.362270160821296,865.7522524408176,849.334683407567,874.8116629984961,0.541871921182266,886.7193050041427,1351.442165103646,15.66804688189139,1,0.03458452258070172,3.793103448275862,thick,thick,0.541871921182266,True,874.8116629984961
287,445,458,0,157,161,45.64312394322178,,285.13671875,198.13671875,1,45.64312394322178,46,804.365356401348,1332.4746713660406,0.3385093167701863,0.5,4,0.06521739130434778,2.5348837209302326,0.46869870731907526,780.4777392253447,751.5653835652367,874.8116629984961,0.3385093167701863,804.365356401348,1332.4746713660406,15.450622701276936,4,0.08763642043817683,2.5348837209302326,discontinuous,discontinuous,0.3385093167701863,True,874.8116629984961
217,465,459,0,137,160,18.9359816837616,,272.10546875,535.09765625,1,18.9359816837616,19,862.8960599054196,1818.897184205649,0.3609022556390977,0.5263157894736842,2,0.21052631578947367,3.2,0.4145780987944249,826.1047352080205,819.14741513744,874.8116629984961,0.3609022556390977,862.8960599054196,1818.897184205649,6.834038502410201,2,0.10561902907389713,3.2,punctate,punctate,0.3609022556390977,True,874.8116629984961
130,416,460,0,142,166,5.0,,264.5,142.5,1,5.0,5,764.7,1223.75,0.14285714285714285,0.4,2,0.4,1.6666666666666667,0.565685424949238,769.6833333333333,711.8416666666667,874.8116629984961,0.14285714285714285,764.7,1223.75,0.7142857142857142,2,0.4,1.6666666666666667,minimal,minimal,0.14285714285714285,True,874.8116629984961
272,416,461,0,133,166,25.704765659366764,,273.5,132.5,1,25.704765659366764,26,739.3899132056447,1195.0791324495897,0.12637362637362637,0.19230769230769232,4,0.5384615384615384,1.9166666666666667,0.49763144096780854,729.6123029804324,701.3954651409234,874.8116629984961,0.12637362637362637,739.3899132056447,1195.0791324495897,3.248404451458437,4,0.1556131673405242,1.9166666666666667,discontinuous,discontinuous,0.12637362637362637,True,874.8116629984961
287,416,462,0,157,166,70.7099643875326,,287.86328125,168.13671875,1,70.7099643875326,71,680.17407227216,1930.82076348415,0.11267605633802817,0.18309859154929578,10,0.43661971830985913,1.4,0.7626484465736652,647.2075244176488,641.4210016839327,874.8116629984961,0.11267605633802817,680.17407227216,1930.82076348415,7.967319930989588,10,0.14142278371396233,1.4,discontinuous,discontinuous,0.11267605633802817,True,874.8116629984961
84,275,463,0,156,165,14.578944087887091,,271.86328125,261.86328125,1,14.578944087887091,15,997.1592800986386,1920.1841004809694,0.6285714285714286,1.0,1,0.0,4.4,0.25979436665882194,909.2993076624242,934.998356453285,874.8116629984961,0.6285714285714286,997.1592800986386,1920.1841004809694,9.163907712386171,1,0.06859207319622342,4.4,thick,thick,0.6285714285714286,True,874.8116629984961
166,487,464,0,145,158,17.146465181468002,,272.390625,812.390625,1,17.146465181468002,17,859.0429476007133,1822.18884843263,0.40336134453781514,1.0,1,0.0,2.823529411764706,0.40718375595191797,799.6650853646604,828.9718161731063,874.8116629984961,0.40336134453781514,859.0429476007133,1822.18884843263,6.916221249667766,1,0.05832105856318454,2.823529411764706,thick,thick,0.40336134453781514,True,874.8116629984961
455,482,465,0,167,120,22.42841657083723,,274.171875,613.171875,1,22.42841657083723,22,914.1470539684304,1679.746693381971,0.5194805194805194,1.0,1,0.0,3.6363636363636362,0.337268439080801,918.4638610706952,814.3704672463773,874.8116629984961,0.5194805194805194,914.1470539684304,1679.746693381971,11.651125491344013,1,0.044586295106550676,3.6363636363636362,thick,thick,0.5194805194805194,True,874.8116629984961
434,455,466,0,140,167,20.243336440137146,,271.64453125,632.35546875,1,20.243336440137146,20,769.9888738692366,1227.7664896920533,0.3142857142857143,1.0,1,0.0,2.2,0.44536177141512323,729.2218227919886,727.3170684730956,874.8116629984961,0.3142857142857143,769.9888738692366,1227.7664896920533,6.362191452614532,1,0.0493989715063603,2.2,punctate,punctate,0.3142857142857143,True,874.8116629984961
145,455,467,0,164,167,53.150752675219294,,293.13671875,648.86328125,1,53.150752675219294,53,847.2216779233813,1465.2726019320423,0.4743935309973046,1.0,1,0.0,3.3207547169811322,0.3595293640808267,785.4114706988179,841.2978982745384,874.8116629984961,0.4743935309973046,847.2216779233813,1465.2726019320423,25.214373236761713,1,0.01881440900960626,3.3207547169811322,thick,thick,0.4743935309973046,True,874.8116629984961
174,562,468,0,168,110,10.948345799777325,,274.3515625,918.3515625,1,10.948345799777325,11,849.0519586975439,1412.180050909147,0.44155844155844154,1.0,1,0.0,3.090909090909091,0.3221897397089213,776.1006697262641,807.8481046529294,874.8116629984961,0.44155844155844154,849.0519586975439,1412.180050909147,4.834334508992585,1,0.09133799920900733,3.090909090909091,thick,thick,0.44155844155844154,True,874.8116629984961
72,174,469,0,159,168,21.31165330779899,,274.609375,931.609375,1,21.31165330779899,21,905.8231679588835,1426.3676397694178,0.5510204081632653,1.0,1,0.0,3.857142857142857,0.32288140322523506,941.5566005910931,794.630234453091,874.8116629984961,0.5510204081632653,905.8231679588835,1426.3676397694178,11.743155904297403,1,0.04692268523503291,3.857142857142857,thick,thick,0.5510204081632653,True,874.8116629984961
224,335,470,0,138,169,36.00623556946021,,283.46875,414.46875,1,36.00623556946021,36,893.4173052069361,2071.875102837737,0.4642857142857143,1.0,1,0.0,3.25,0.3653283807378207,817.4729395057396,884.8974118868466,874.8116629984961,0.4642857142857143,893.4173052069361,2071.875102837737,16.717180800106526,1,0.027772967214828217,3.25,thick,thick,0.4642857142857143,True,874.8116629984961
335,464,471,0,169,152,25.778982904799342,,281.86328125,436.13671875,1,25.778982904799342,26,888.2284196436308,1600.4400373902415,0.45054945054945056,1.0,1,0.0,3.1538461538461537,0.45433990268773555,854.3718363790389,842.5508700772741,874.8116629984961,0.45054945054945056,888.2284196436308,1600.4400373902415,11.614706583481022,1,0.038791289931528965,3.1538461538461537,thick,thick,0.45054945054945056,True,874.8116629984961
120,181,472,0,170,153,71.52630122524607,,287.53125,733.46875,1,71.52630122524607,72,852.4036027827084,2198.9239010201313,0.3492063492063492,0.3194444444444444,8,0.18055555555555558,2.983050847457627,0.6031297504416181,857.4975163585324,768.8168516177882,874.8116629984961,0.3492063492063492,852.4036027827084,2198.9239010201313,24.977438523101803,8,0.1118469690583735,2.983050847457627,reticular,reticular,0.3492063492063492,True,874.8116629984961
120,192,473,0,170,162,57.9389002552196,,297.71484375,769.28515625,1,57.9389002552196,58,911.5852309174852,1983.6193054825449,0.4852216748768473,0.896551724137931,2,0.08620689655172409,3.7169811320754715,0.28326510514322245,813.445127563547,882.2148265813679,874.8116629984961,0.4852216748768473,911.5852309174852,1983.6193054825449,28.11321022236025,2,0.03451912257895893,3.7169811320754715,thick,thick,0.4852216748768473,True,874.8116629984961
468,538,474,0,171,126,9.124249268759064,,274.86328125,586.13671875,1,9.124249268759064,9,921.6124537353046,1851.279094753833,0.5238095238095238,1.0,1,0.0,3.6666666666666665,0.38569460791993504,966.0425877171765,783.3349877221247,874.8116629984961,0.5238095238095238,921.6124537353046,1851.279094753833,4.779368664588081,1,0.10959805793819619,3.6666666666666665,thick,thick,0.5238095238095238,True,874.8116629984961
174,433,475,0,168,150,45.06343119429445,,290.46875,898.46875,1,45.06343119429445,45,701.4684654656952,1390.107359082746,0.15873015873015872,0.2222222222222222,7,0.4222222222222223,1.9230769230769231,0.5381449618829484,662.6913166205137,675.6839456925687,874.8116629984961,0.15873015873015872,701.4684654656952,1390.107359082746,7.152925586395944,7,0.15533659587125004,1.9230769230769231,reticular,reticular,0.15873015873015872,True,874.8116629984961
465,468,476,0,160,171,26.833762187598285,,288.1015625,583.1015625,1,26.833762187598285,27,763.3512532229381,1420.118358155335,0.2328042328042328,0.37037037037037035,3,0.18518518518518523,2.0,0.621581560508061,677.6597254881267,789.6795097542121,874.8116629984961,0.2328042328042328,763.3512532229381,1420.118358155335,6.24701341933505,3,0.11179945544074714,2.0,discontinuous,discontinuous,0.2328042328042328,True,874.8116629984961
61,174,477,0,146,168,64.1595181844132,,300.16796875,936.16796875,1,64.1595181844132,64,679.7021698611321,1139.992970608499,0.078125,0.125,7,0.671875,1.6666666666666667,0.5952190473142759,660.012390943107,656.4724487396024,874.8116629984961,0.078125,679.7021698611321,1139.992970608499,5.012462358157281,7,0.10910306370880085,1.6666666666666667,discontinuous,discontinuous,0.078125,True,874.8116629984961
468,482,478,0,171,120,20.497335816438103,,278.82421875,599.17578125,1,20.497335816438103,20,877.4038658954022,1224.8323243241098,0.5142857142857142,0.85,2,0.050000000000000044,3.789473684210526,0.4068282921076892,875.4428416088956,846.0396826137994,874.8116629984961,0.5142857142857142,877.4038658954022,1224.8323243241098,10.541486991311023,2,0.09757365629908225,3.789473684210526,thick,thick,0.5142857142857142,True,874.8116629984961
305,416,479,0,135,166,14.843031815738806,,282.8671875,117.8671875,1,14.843031815738806,15,846.7518662150629,1507.907374116569,0.37142857142857144,0.6,2,0.06666666666666665,2.7857142857142856,0.49254801826406525,770.0514501261189,865.9130325053549,874.8116629984961,0.37142857142857144,846.7518662150629,1507.907374116569,5.5131261029887,2,0.13474336138519225,2.7857142857142856,punctate,punctate,0.37142857142857144,True,874.8116629984961
20,240,480,0,172,151,18.904370888082447,,278.90234375,1005.10546875,1,18.904370888082447,19,881.0867255287665,1293.992993185184,0.5112781954887218,1.0,1,0.0,3.5789473684210527,0.3429971702850177,905.9394879808602,794.4655859998417,874.8116629984961,0.5112781954887218,881.0867255287665,1293.992993185184,9.665392634508319,1,0.052897819552959184,3.5789473684210527,thick,thick,0.5112781954887218,True,874.8116629984961
192,487,481,0,162,158,33.620734189370296,,293.171875,802.171875,1,33.620734189370296,34,1024.855167491392,2498.4413622974243,0.5378151260504201,1.0,1,0.0,3.764705882352941,0.28853414550967793,968.9406378665626,893.4861197318661,874.8116629984961,0.5378151260504201,1024.855167491392,2498.4413622974243,18.081739395963854,1,0.029743550345077387,3.764705882352941,thick,thick,0.5378151260504201,True,874.8116629984961
2,275,482,0,144,165,39.35900386183589,,293.75,274.25,1,39.35900386183589,39,778.3654225908685,1616.5227583265355,0.3333333333333333,0.7692307692307693,3,0.15384615384615385,2.757575757575758,0.34611023622029935,761.7380794289152,716.7575599546967,874.8116629984961,0.3333333333333333,778.3654225908685,1616.5227583265355,13.119667953945296,3,0.07622144123695478,2.757575757575758,discontinuous,discontinuous,0.3333333333333333,True,874.8116629984961
217,259,483,0,137,173,28.480771762088967,,281.171875,517.171875,1,28.480771762088967,28,830.2812479790674,1524.0640882810994,0.3826530612244898,1.0,1,0.0,2.6785714285714284,0.4468158954697611,740.8269447258893,828.9884538385191,874.8116629984961,0.3826530612244898,830.2812479790674,1524.0640882810994,10.898254500799348,1,0.035111408088003775,2.6785714285714284,punctate,punctate,0.3826530612244898,True,874.8116629984961
259,465,484,0,173,160,62.57696758306528,,303.24609375,551.75390625,1,62.57696758306528,63,867.9958591039259,1508.4974572037372,0.49206349206349204,1.0,1,0.0,3.4444444444444446,0.32211948603320345,818.1080965929849,815.1600677685241,874.8116629984961,0.49206349206349204,867.9958591039259,1508.4974572037372,30.791841191667043,1,0.015980320533630687,3.4444444444444446,thick,thick,0.49206349206349204,True,874.8116629984961
232,475,485,0,174,149,8.342863817731168,,283.859375,693.140625,1,8.342863817731168,8,921.7597303122755,1273.2402636035638,0.5714285714285714,1.0,1,0.0,4.0,0.2795084971874737,905.5819072122644,861.6614726888627,874.8116629984961,0.5714285714285714,921.7597303122755,1273.2402636035638,4.7673507529892385,1,0.11986291779984357,4.0,thick,thick,0.5714285714285714,True,874.8116629984961
145,232,486,0,164,174,42.897826409320736,,300.1328125,677.1328125,1,42.897826409320736,43,801.6449094097302,1415.403150041224,0.2857142857142857,0.5581395348837209,5,0.16279069767441856,2.388888888888889,0.5605567810787884,785.6512465096022,765.2212411564535,874.8116629984961,0.2857142857142857,801.6449094097302,1415.403150041224,12.256521831234496,5,0.116556022029909,2.388888888888889,discontinuous,discontinuous,0.2857142857142857,True,874.8116629984961
414,506,487,0,132,175,4.17826124666495,,284.35546875,310.35546875,1,4.17826124666495,4,1033.432450658816,1348.0845203842935,0.7857142857142857,1.0,1,0.0,5.5,0.20327890704543544,992.0840593683974,999.3722325014568,874.8116629984961,0.7857142857142857,1033.432450658816,1348.0845203842935,3.282919550951032,1,0.23933400545458733,5.5,thick,thick,0.7857142857142857,True,874.8116629984961
506,587,488,0,175,136,17.026053051979726,,289.31640625,318.61328125,1,17.026053051979726,17,900.4771091330284,1317.242468880464,0.5966386554621849,1.0,1,0.0,4.176470588235294,0.4125582680528679,879.1149510009852,881.8255281154127,874.8116629984961,0.5966386554621849,900.4771091330284,1317.242468880464,10.158401400761013,1,0.05873351838779357,4.176470588235294,thick,thick,0.5966386554621849,True,874.8116629984961
259,575,489,0,173,143,22.781267716520734,,295.53125,502.53125,1,22.781267716520734,23,808.209669167305,1559.229424507924,0.3416149068322981,0.6086956521739131,2,0.08695652173913049,2.619047619047619,0.4325591728498298,747.6886256064064,766.0964916230413,874.8116629984961,0.3416149068322981,808.209669167305,1559.229424507924,7.782420648500872,2,0.08779142692527252,2.619047619047619,punctate,punctate,0.3416149068322981,True,874.8116629984961
455,468,490,0,167,171,66.25905716456742,,314.171875,610.828125,1,66.25905716456742,66,908.1090606910535,1971.3852470805723,0.5584415584415584,0.9090909090909091,2,0.015151515151515138,3.9692307692307693,0.3643410852713178,888.4885804515102,858.9330549217425,874.8116629984961,0.5584415584415584,908.1090606910535,1971.3852470805723,37.00181114384934,2,0.030184552657195315,3.9692307692307693,thick,thick,0.5584415584415584,True,874.8116629984961
20,61,491,0,172,146,35.29447037829865,,297.16796875,987.16796875,1,35.29447037829865,35,671.383068727416,1239.7826207942885,0.09795918367346938,0.22857142857142856,4,0.6,1.7142857142857142,0.6400954789890507,634.2641746380089,644.7734961207958,874.8116629984961,0.09795918367346938,671.383068727416,1239.7826207942885,3.457417506445582,4,0.11333220068544964,1.7142857142857142,discontinuous,discontinuous,0.09795918367346938,True,874.8116629984961
181,232,492,0,153,174,42.68499532059651,,297.86328125,707.86328125,1,42.68499532059651,43,816.2612833778996,1674.633257633424,0.3521594684385382,0.6046511627906976,2,0.11627906976744184,2.789473684210526,0.4206320152756218,778.7078562961605,764.0353388640638,874.8116629984961,0.3521594684385382,816.2612833778996,1674.633257633424,15.031925262402755,2,0.04685487218584638,2.789473684210526,punctate,punctate,0.3521594684385382,True,874.8116629984961
275,506,493,0,165,175,39.212004616205036,,299.61328125,296.61328125,1,39.212004616205036,39,944.2557994370954,1617.752887975434,0.5494505494505495,0.9487179487179487,1,0.05128205128205132,4.054054054054054,0.2686592223947984,893.6345304618845,888.0649585646319,874.8116629984961,0.5494505494505495,944.2557994370954,1617.752887975434,21.54505748143134,1,0.025502394223087813,4.054054054054054,thick,thick,0.5494505494505495,True,874.8116629984961
487,583,494,0,158,176,62.21876798586676,,296.71875,831.71875,1,62.21876798586676,62,795.0341787883006,1835.6896166695817,0.315668202764977,0.7580645161290323,2,0.08064516129032262,2.4035087719298245,0.4858266070742696,727.2307592788754,775.1192631730321,874.8116629984961,0.315668202764977,795.0341787883006,1835.6896166695817,19.64048666834965,2,0.03214464163697854,2.4035087719298245,punctate,punctate,0.315668202764977,True,874.8116629984961
240,552,495,0,151,177,13.325376983410724,,286.828125,1016.171875,1,13.325376983410724,13,764.9529188856827,1288.0529621403812,0.23076923076923078,0.46153846153846156,3,0.3076923076923077,2.3333333333333335,0.67005939426049,672.064529581654,849.4145485830372,874.8116629984961,0.23076923076923078,764.9529188856827,1288.0529621403812,3.0750869961717058,3,0.22513434357127876,2.3333333333333335,discontinuous,discontinuous,0.23076923076923078,True,874.8116629984961
88,433,496,0,178,150,32.90282243358877,,294.13671875,871.86328125,1,32.90282243358877,33,820.7131353428114,1464.3098470208454,0.3722943722943723,1.0,1,0.0,2.606060606060606,0.41110859371310904,793.9193451322194,739.0171047563239,874.8116629984961,0.3722943722943723,820.7131353428114,1464.3098470208454,12.249535624626121,1,0.03039252945604911,2.606060606060606,punctate,punctate,0.3722943722943723,True,874.8116629984961
6,506,497,0,147,175,15.253938024359869,,294.46484375,327.53515625,1,15.253938024359869,15,855.1272670981228,1414.772744452479,0.4857142857142857,1.0,1,0.0,3.4,0.5239368319955838,818.8757921257719,823.3546133125632,874.8116629984961,0.4857142857142857,855.1272670981228,1414.772744452479,7.409055611831936,1,0.0655568416760999,3.4,thick,thick,0.4857142857142857,True,874.8116629984961
20,552,498,0,172,177,61.98302985282662,,318.64453125,1011.35546875,1,61.98302985282662,62,731.5981047097813,1311.388704531505,0.17972350230414746,0.20967741935483872,7,0.4032258064516129,2.108108108108108,0.6410256410256411,711.9308292727054,687.9125589502278,874.8116629984961,0.17972350230414746,731.5981047097813,1311.388704531505,11.139807208572526,7,0.11293413724080444,2.108108108108108,reticular,reticular,0.17972350230414746,True,874.8116629984961
88,487,499,0,178,158,4.315016080802858,,288.7578125,857.7578125,1,4.315016080802858,4,987.5017296828607,1520.0051362087404,0.6071428571428571,1.0,1,0.0,4.25,0.305656024865096,909.7408888987005,964.1697546951956,874.8116629984961,0.6071428571428571,987.5017296828607,1520.0051362087404,2.6198311919160204,1,0.23174884664947498,4.25,thick,thick,0.6071428571428571,True,874.8116629984961
6,407,501,0,147,179,9.371842750044157,,291.86328125,378.86328125,1,9.371842750044157,9,1153.889756198211,1823.6850015758569,0.8412698412698413,1.0,1,0.0,5.888888888888889,0.1251556524662415,1130.8372421749839,1054.4292712824113,874.8116629984961,0.8412698412698413,1153.889756198211,1823.6850015758569,7.884248662735561,1,0.10670260125686469,5.888888888888889,thick,thick,0.8412698412698413,True,874.8116629984961
224,407,502,0,138,179,19.77388974570081,,293.31640625,390.61328125,1,19.77388974570081,20,1131.2895305998672,1974.685702788993,0.8285714285714286,1.0,1,0.0,5.8,0.16893032708849504,1092.9663678901245,1100.9634491070253,874.8116629984961,0.8285714285714286,1131.2895305998672,1974.685702788993,16.384080075009244,1,0.050571739443293774,5.8,thick,thick,0.8285714285714286,True,874.8116629984961
92,558,503,0,148,163,4.0,,290.5,11.5,1,4.0,4,1175.5044642857142,1822.25,0.7857142857142857,1.0,1,0.0,5.5,0.09090909090909091,1238.6979166666665,1005.9479166666667,874.8116629984961,0.7857142857142857,1175.5044642857142,1822.25,3.142857142857143,1,0.25,5.5,thick,thick,0.7857142857142857,True,874.8116629984961
67,92,504,0,180,148,12.254195475441785,,291.46484375,5.53515625,1,12.254195475441785,12,771.762385902414,1558.908884578057,0.27380952380952384,0.5,2,0.41666666666666663,3.2857142857142856,0.6024524548065661,805.9187340538532,688.1760602211003,874.8116629984961,0.27380952380952384,771.762385902414,1558.908884578057,3.3553154277995367,2,0.16320940889249985,3.2857142857142856,punctate,punctate,0.27380952380952384,True,874.8116629984961
269,305,505,0,181,135,9.546071403514759,,293.4609375,112.46875,1,9.546071403514759,10,1027.189660827029,1482.9267944370454,0.8,1.0,1,0.0,5.6,0.14285714285714288,910.2296048863687,1102.4759081157201,874.8116629984961,0.8,1027.189660827029,1482.9267944370454,7.636857122811808,1,0.10475513514719897,5.6,thick,thick,0.8,True,874.8116629984961
445,636,506,0,161,182,29.48088564767414,,298.86328125,212.86328125,1,29.48088564767414,29,887.6929981849917,1524.679226268522,0.5123152709359606,1.0,1,0.0,3.586206896551724,0.2692307692307692,839.1475622392013,810.2205048168662,874.8116629984961,0.5123152709359606,887.6929981849917,1524.679226268522,15.10350791802025,1,0.03392028353391391,3.586206896551724,thick,thick,0.5123152709359606,True,874.8116629984961
269,416,508,0,181,166,53.35148995662278,,310.89453125,133.10546875,1,53.35148995662278,53,740.352524880028,1274.8301503485252,0.20754716981132076,0.33962264150943394,6,0.2264150943396226,1.8780487804878048,0.5016417640474796,678.6581060449138,726.5475411832693,874.8116629984961,0.20754716981132076,740.352524880028,1274.8301503485252,11.072950745714161,6,0.11246171390673956,1.8780487804878048,reticular,reticular,0.20754716981132076,True,874.8116629984961
2,636,509,0,144,182,40.310631331042664,,309.609375,231.390625,1,40.310631331042664,40,734.9298118427706,1645.409902211537,0.22857142857142856,0.375,3,0.17500000000000004,1.9393939393939394,0.6210814660734935,677.5748500482305,702.3150356036722,874.8116629984961,0.22857142857142856,734.9298118427706,1645.409902211537,9.21385858995261,3,0.07442205445414944,1.9393939393939394,discontinuous,discontinuous,0.22857142857142856,True,874.8116629984961
88,583,510,0,178,176,44.9449569786598,,313.5,859.5,1,44.9449569786598,45,823.1006444245895,1492.897208511173,0.3746031746031746,0.8222222222222222,3,0.0444444444444444,2.744186046511628,0.2843722328061444,762.604741872937,770.4366346133239,874.8116629984961,0.3746031746031746,823.1006444245895,1492.897208511173,16.83652356660907,3,0.06674831174995723,2.744186046511628,discontinuous,discontinuous,0.3746031746031746,True,874.8116629984961
464,469,511,0,152,183,23.22224721099672,,294.61328125,454.38671875,1,23.22224721099672,23,734.1826676416492,1395.7584269445695,0.18633540372670807,0.2608695652173913,4,0.30434782608695654,1.875,0.7023769168568492,696.4186532375548,693.0436687787841,874.8116629984961,0.18633540372670807,734.1826676416492,1395.7584269445695,4.327126809502494,4,0.1722486184758997,1.875,discontinuous,discontinuous,0.18633540372670807,True,874.8116629984961
67,558,512,0,180,163,6.436939914656182,,295.25,13.75,1,6.436939914656182,6,1164.4167217872223,1956.7411729377502,0.7142857142857143,1.0,1,0.0,5.0,0.0,1097.685001674921,1103.1004050332324,874.8116629984961,0.7142857142857143,1164.4167217872223,1956.7411729377502,4.597814224754416,1,0.15535332211554648,5.0,thick,thick,0.7142857142857143,True,874.8116629984961
335,469,513,0,169,183,44.86590268819604,,307.140625,429.140625,1,44.86590268819604,45,897.1219417710353,1574.280220081776,0.5206349206349207,1.0,1,0.0,3.6444444444444444,0.380010645143485,852.9917278056594,858.6297203792763,874.8116629984961,0.5206349206349207,897.1219417710353,1574.280220081776,23.35875568528302,1,0.022288641041052635,3.6444444444444444,thick,thick,0.5206349206349207,True,874.8116629984961
269,505,514,0,181,154,39.74549587233852,,309.5,111.5,1,39.74549587233852,40,743.2242688840648,1542.504823342226,0.21428571428571427,0.275,5,0.30000000000000004,2.142857142857143,0.6073622386096199,706.661445558877,709.5118213285947,874.8116629984961,0.21428571428571427,743.2242688840648,1542.504823342226,8.516891972643968,5,0.12580041814196677,2.142857142857143,discontinuous,discontinuous,0.21428571428571427,True,874.8116629984961
335,407,515,0,169,179,21.083684261177197,,303.13671875,404.86328125,1,21.083684261177197,21,798.8285449165528,1384.8492500010607,0.35374149659863946,0.8095238095238095,2,0.1428571428571429,2.888888888888889,0.41424344670265417,750.3032730741697,760.028269321655,874.8116629984961,0.35374149659863946,798.8285449165528,1384.8492500010607,7.458174024362002,2,0.09486008115207523,2.888888888888889,punctate,punctate,0.35374149659863946,True,874.8116629984961
505,514,516,0,154,184,39.76635886386114,,304.25,78.75,1,39.76635886386114,40,722.645562111255,1659.5919371296604,0.20714285714285716,0.225,6,0.30000000000000004,2.0714285714285716,0.717539725747752,674.9359617309112,684.661032990302,874.8116629984961,0.20714285714285716,722.645562111255,1659.5919371296604,8.23731719322838,6,0.15088130197036162,2.0714285714285716,reticular,reticular,0.20714285714285716,True,874.8116629984961
514,558,517,0,184,163,31.51364338484523,,304.13671875,50.13671875,1,31.51364338484523,32,873.4630949626434,1581.3275628887166,0.5,1.0,1,0.0,3.5,0.2766416675862441,828.134051928899,829.3206684750538,874.8116629984961,0.5,873.4630949626434,1581.3275628887166,15.756821692422616,1,0.03173228775194224,3.5,thick,thick,0.5,True,874.8116629984961
6,109,518,0,147,185,28.259377511201613,,296.5,362.5,1,28.259377511201613,28,858.5428539625437,1509.7667418721464,0.45408163265306123,1.0,1,0.0,3.1785714285714284,0.3948603009169794,817.4534068638314,807.1769969631058,874.8116629984961,0.45408163265306123,858.5428539625437,1509.7667418721464,12.83206427804563,1,0.03538648364082381,3.1785714285714284,thick,thick,0.45408163265306123,True,874.8116629984961
109,407,519,0,185,179,51.16879122980781,,313.35546875,382.35546875,1,51.16879122980781,51,745.1361812149219,1407.4100581036655,0.226890756302521,0.3137254901960784,6,0.43137254901960786,2.793103448275862,0.6263531305662133,734.9024781886408,713.3646256261065,874.8116629984961,0.226890756302521,745.1361812149219,1407.4100581036655,11.609725741216899,6,0.11725897477337253,2.793103448275862,reticular,reticular,0.226890756302521,True,874.8116629984961
6,96,520,0,147,186,20.153695031237405,,300.13671875,340.13671875,1,20.153695031237405,20,857.9886743161757,1383.9503112764003,0.44285714285714284,0.6,2,0.09999999999999998,3.4444444444444446,0.5407436972335551,834.6322575123198,811.3014833309959,874.8116629984961,0.44285714285714284,857.9886743161757,1383.9503112764003,8.925207799547993,2,0.09923738534795142,3.4444444444444446,thick,thick,0.44285714285714284,True,874.8116629984961
212,558,521,0,187,163,31.696978303160204,,305.13671875,29.86328125,1,31.696978303160204,32,872.2445330640733,1766.6974920439175,0.4330357142857143,1.0,1,0.0,3.03125,0.4843166864555194,802.7581622849569,809.1513693757374,874.8116629984961,0.4330357142857143,872.2445330640733,1766.6974920439175,13.725923640207768,1,0.03154874860422577,3.03125,thick,thick,0.4330357142857143,True,874.8116629984961
67,212,522,0,180,187,53.38597719025852,,323.86328125,16.13671875,1,53.38597719025852,53,803.090102694437,1406.9771078154404,0.33962264150943394,0.7358490566037735,2,0.15094339622641506,2.8,0.479748611419283,806.0722894073432,753.4856664165019,874.8116629984961,0.33962264150943394,803.090102694437,1406.9771078154404,18.13108659291799,2,0.03746302128876167,2.8,punctate,punctate,0.33962264150943394,True,874.8116629984961
96,109,523,0,186,185,56.46921406630251,,326.28515625,351.71484375,1,56.46921406630251,56,736.8687560534117,1508.493137936264,0.22448979591836735,0.21428571428571427,2,0.5714285714285714,3.6666666666666665,0.3748277841470601,691.578800466256,749.0830368892468,874.8116629984961,0.22448979591836735,736.8687560534117,1508.493137936264,12.67676234141485,2,0.03541752852539667,3.6666666666666665,punctate,punctate,0.22448979591836735,True,874.8116629984961
259,468,524,0,173,171,61.653973550554795,,324.64453125,579.35546875,1,61.653973550554795,62,737.9375253534703,1288.046889149015,0.21889400921658986,0.25806451612903225,6,0.24193548387096775,2.021276595744681,0.5447304855972889,702.3071351318989,707.2568655621858,874.8116629984961,0.21889400921658986,737.9375253534703,1288.046889149015,13.495685454614529,6,0.09731732854298746,2.021276595744681,reticular,reticular,0.21889400921658986,True,874.8116629984961
469,575,525,0,183,143,30.555629636345387,,315.49609375,466.50390625,1,30.555629636345387,31,799.5774075973848,1563.8491235774316,0.2903225806451613,0.3548387096774194,3,0.32258064516129037,3.0,0.5539659798925444,765.04298608949,791.4066380897746,874.8116629984961,0.2903225806451613,799.5774075973848,1563.8491235774316,8.870989249261564,3,0.09818158014428714,3.0,discontinuous,discontinuous,0.2903225806451613,True,874.8116629984961
495,506,526,0,188,175,103.89870787928348,,342.38671875,306.38671875,1,103.89870787928348,104,810.2087845208803,1835.3380068113047,0.3434065934065934,0.49038461538461536,4,0.07692307692307687,2.6041666666666665,0.5444116089871708,786.4378287491353,742.2298884468098,874.8116629984961,0.3434065934065934,810.2087845208803,1835.3380068113047,35.679501332171526,4,0.03849903508566699,2.6041666666666665,discontinuous,discontinuous,0.3434065934065934,True,874.8116629984961
6,495,527,0,147,188,1.0,,301.5,329.5,1,1.0,1,1172.892857142857,1389.75,1.0,1.0,1,0.0,7.0,,1266.0416666666667,1042.75,874.8116629984961,1.0,1172.892857142857,1389.75,1.0,1,1.0,7.0,thick,thick,1.0,True,874.8116629984961
96,495,528,0,186,188,99.59902244895116,,342.86328125,322.13671875,1,99.59902244895116,100,712.5298443419849,1301.707998015489,0.15571428571428572,0.07,9,0.6,2.725,0.624864264361755,687.5747533560184,707.2480948869515,874.8116629984961,0.15571428571428572,712.5298443419849,1301.707998015489,15.508990638479538,9,0.09036233266860517,2.725,reticular,reticular,0.15571428571428572,True,874.8116629984961
541,575,529,0,189,143,9.063694436452511,,308.8671875,498.8671875,1,9.063694436452511,9,811.9227269022504,1115.1298990159487,0.3333333333333333,1.0,1,0.0,2.3333333333333335,0.49487165930539356,767.7877651977603,808.3121936181683,874.8116629984961,0.3333333333333333,811.9227269022504,1115.1298990159487,3.0212314788175036,1,0.11033028606725576,2.3333333333333335,punctate,punctate,0.3333333333333333,True,874.8116629984961
259,541,530,0,173,189,67.64029226408067,,313.828125,533.171875,1,67.64029226408067,68,901.749681876798,2039.7517030827062,0.47058823529411764,1.0,1,0.0,3.2941176470588234,0.2757758073478661,860.1078400216112,824.5455337579444,874.8116629984961,0.47058823529411764,901.749681876798,2039.7517030827062,31.83072577133208,1,0.014784087509495203,3.2941176470588234,thick,thick,0.47058823529411764,True,874.8116629984961
88,174,531,0,178,168,27.9056349371861,,319.5,885.5,1,27.9056349371861,28,744.9851857463049,1083.2294631526531,0.16326530612244897,0.21428571428571427,4,0.3571428571428571,1.7777777777777777,0.6903350635742038,731.296481683666,718.3857653686616,874.8116629984961,0.16326530612244897,744.9851857463049,1083.2294631526531,4.556022030560996,4,0.1433402253345519,1.7777777777777777,discontinuous,discontinuous,0.16326530612244897,True,874.8116629984961
287,636,532,0,157,182,16.64736714672281,,310.49609375,193.49609375,1,16.64736714672281,17,767.6732938793808,1617.590934021785,0.15126050420168066,0.11764705882352941,3,0.7058823529411764,3.6,0.415739709641549,713.8416106948216,777.8265272683626,874.8116629984961,0.15126050420168066,767.6732938793808,1617.590934021785,2.5180891482437864,3,0.18020867645671995,3.6,discontinuous,discontinuous,0.15126050420168066,True,874.8116629984961
192,531,533,0,162,190,27.38034802307398,,317.13671875,790.13671875,1,27.38034802307398,27,744.0749736232723,1997.11342220715,0.21164021164021163,0.25925925925925924,3,0.4814814814814815,2.857142857142857,0.6184658438426491,708.2076519266253,714.196036856716,874.8116629984961,0.21164021164021163,744.0749736232723,1997.11342220715,5.794782650386027,3,0.1095676357901601,2.857142857142857,discontinuous,discontinuous,0.21164021164021163,True,874.8116629984961
487,531,534,0,158,190,3.0,,310.5,803.5,1,3.0,3,1466.345238095238,2344.25,0.9523809523809523,1.0,1,0.0,6.666666666666667,0.07071067811865475,1459.4027777777776,1222.125,874.8116629984961,0.9523809523809523,1466.345238095238,2344.25,2.8571428571428568,1,0.3333333333333333,6.666666666666667,thick,thick,0.9523809523809523,True,874.8116629984961
2,506,535,0,144,175,7.470703182278349,,313.8984375,279.8984375,1,7.470703182278349,7,777.5087581787614,1066.552339464129,0.2857142857142857,1.0,1,0.0,2.0,0.3779644730092272,731.949806542104,756.2351575410592,874.8116629984961,0.2857142857142857,777.5087581787614,1066.552339464129,2.1344866235080997,1,0.13385620812404286,2.0,punctate,punctate,0.2857142857142857,True,874.8116629984961
531,583,536,0,190,176,50.26565316179208,,321.8671875,826.1328125,1,50.26565316179208,50,892.3558871399147,1829.493714500958,0.5028571428571429,1.0,1,0.0,3.52,0.31757246846550274,813.9067149735868,856.8639388659825,874.8116629984961,0.5028571428571429,892.3558871399147,1829.493714500958,25.276442732786876,1,0.019894300324343937,3.52,thick,thick,0.5028571428571429,True,874.8116629984961
61,592,537,0,146,191,27.31772102152836,,322.75,969.75,1,27.31772102152836,27,686.7714894380631,1137.6706373775887,0.1164021164021164,0.2222222222222222,4,0.5185185185185186,1.6923076923076923,0.7468943965979538,669.4230813815955,643.7562464806464,874.8116629984961,0.1164021164021164,686.7714894380631,1137.6706373775887,3.179840542188486,4,0.14642509881580926,1.6923076923076923,discontinuous,discontinuous,0.1164021164021164,True,874.8116629984961
20,592,538,0,172,191,43.68906206753512,,326.27734375,992.72265625,1,43.68906206753512,44,566.0993002872901,966.4149939994461,0.00974025974025974,0.022727272727272728,2,0.9545454545454546,1.5,0.3333333333333333,578.6007912500149,550.0222848760651,874.8116629984961,0.00974025974025974,566.0993002872901,966.4149939994461,0.4255428123461213,2,0.04577804844856532,1.5,minimal,minimal,0.00974025974025974,False,874.8116629984961
109,335,539,0,185,169,14.549369894938117,,319.13671875,410.86328125,1,14.549369894938117,15,785.7860996266139,1430.3230797811239,0.2857142857142857,1.0,1,0.0,2.0,0.48304589153964794,756.1101908408274,717.2989321961761,874.8116629984961,0.2857142857142857,785.7860996266139,1430.3230797811239,4.156962827125176,1,0.06873149883610498,2.0,punctate,punctate,0.2857142857142857,True,874.8116629984961
351,575,540,0,192,143,28.753354540083027,,319.86328125,485.86328125,1,28.753354540083027,29,765.2570039738223,1547.0148967062037,0.18719211822660098,0.20689655172413793,6,0.4137931034482759,2.235294117647059,0.4979181033795921,757.221273031377,705.9561799878618,874.8116629984961,0.18719211822660098,765.2570039738223,1547.0148967062037,5.382401342478596,6,0.20867130447808524,2.235294117647059,reticular,reticular,0.18719211822660098,True,874.8116629984961
351,541,541,0,192,189,60.00592394890105,,339.46484375,493.53515625,1,60.00592394890105,60,967.9611973731414,1764.062829213069,0.5904761904761905,1.0,1,0.0,4.133333333333334,0.4083544806829729,955.3601652769541,888.6334631144636,874.8116629984961,0.5904761904761905,967.9611973731414,1764.062829213069,35.4320693793511,1,0.016665021287757608,4.133333333333334,thick,thick,0.5904761904761905,True,874.8116629984961
232,455,542,0,174,167,11.874050819048836,,318.28515625,659.28515625,1,11.874050819048836,12,993.6292375227973,2023.9072128746063,0.6309523809523809,1.0,1,0.0,4.416666666666667,0.3262569144488789,944.5996467933861,980.2726339422012,874.8116629984961,0.6309523809523809,993.6292375227973,2023.9072128746063,7.491960635828432,1,0.08421725788774284,4.416666666666667,thick,thick,0.6309523809523809,True,874.8116629984961
212,514,543,0,187,184,22.383755505501632,,326.5,42.5,1,22.383755505501632,22,893.452933762135,1635.5911019819648,0.5194805194805194,1.0,1,0.0,3.6363636363636362,0.3570714214271425,828.4597483306094,878.2603834118831,874.8116629984961,0.5194805194805194,893.452933762135,1635.5911019819648,11.627924937922925,1,0.04467525566718298,3.6363636363636362,thick,thick,0.5194805194805194,True,874.8116629984961
416,636,544,0,166,182,3.1836008691813857,,317.1328125,187.8671875,1,3.1836008691813857,3,1080.0090485721714,1747.746759803061,0.6666666666666666,1.0,1,0.0,4.666666666666667,0.10101525445522107,1024.2638990149387,962.0010476378196,874.8116629984961,0.6666666666666666,1080.0090485721714,1747.746759803061,2.122400579454257,1,0.31410972703281576,4.666666666666667,thick,thick,0.6666666666666666,True,874.8116629984961
393,505,545,0,193,154,20.21134277091663,,321.83203125,101.16796875,1,20.21134277091663,20,898.5579080157455,1966.9725521328173,0.4642857142857143,0.65,2,0.09999999999999998,3.611111111111111,0.3470927437747224,851.0108134528612,834.4834560388084,874.8116629984961,0.4642857142857143,898.5579080157455,1966.9725521328173,9.383837715068436,2,0.09895433582364085,3.611111111111111,thick,thick,0.4642857142857143,True,874.8116629984961
2,419,546,0,144,194,46.49556107728159,,325.49609375,258.49609375,1,46.49556107728159,46,753.2542905893127,1492.8535200448437,0.21739130434782608,0.1956521739130435,7,0.26086956521739135,2.0588235294117645,0.5390846361175202,725.628023729271,711.9929070927399,874.8116629984961,0.21739130434782608,753.2542905893127,1492.8535200448437,10.10773066897426,7,0.15055200620904652,2.0588235294117645,reticular,reticular,0.21739130434782608,True,874.8116629984961
419,506,547,0,194,175,59.945238748158516,,346.46875,282.46875,1,59.945238748158516,60,738.2477672334824,1311.7386215967072,0.23333333333333334,0.3333333333333333,5,0.1166666666666667,1.849056603773585,0.41222469136171747,698.6681306475155,683.9216558035193,874.8116629984961,0.23333333333333334,738.2477672334824,1311.7386215967072,13.98722237457032,5,0.08340946010751517,1.849056603773585,discontinuous,discontinuous,0.23333333333333334,True,874.8116629984961
393,514,548,0,193,184,49.540847127233434,,336.49609375,76.49609375,1,49.540847127233434,50,884.8622050968285,1676.8663003042748,0.5228571428571429,1.0,1,0.0,3.66,0.32147685420945854,858.9804164287463,819.5533502670946,874.8116629984961,0.5228571428571429,884.8622050968285,1676.8663003042748,25.90278578366777,1,0.02018536335141276,3.66,thick,thick,0.5228571428571429,True,874.8116629984961
416,508,549,0,166,195,37.94489819895348,,318.68359375,165.61328125,1,37.94489819895348,38,631.8943182381669,1148.5861072670803,0.03759398496240601,0.07894736842105263,3,0.8421052631578947,1.6666666666666667,0.282842712474619,622.278039769884,624.7769142112558,874.8116629984961,0.03759398496240601,631.8943182381669,1148.5861072670803,1.4264999322914842,3,0.07906201208579708,1.6666666666666667,discontinuous,discontinuous,0.03759398496240601,False,874.8116629984961
293,416,550,0,196,166,21.14295764889236,,327.75,183.75,1,21.14295764889236,21,830.694545696489,1302.2258767197436,0.3197278911564626,0.42857142857142855,3,0.23809523809523814,2.9375,0.5445312294497756,815.147882933726,805.3571676660324,874.8116629984961,0.3197278911564626,830.694545696489,1302.2258767197436,6.759993261890755,3,0.1418912173887443,2.9375,discontinuous,discontinuous,0.3197278911564626,True,874.8116629984961
293,636,551,0,196,182,26.01147601377229,,327.71875,197.28125,1,26.01147601377229,26,852.4663163833146,1589.0561567351494,0.3956043956043956,0.6538461538461539,2,0.038461538461538436,2.88,0.4941790798515889,772.7269653562545,855.3943525931262,874.8116629984961,0.3956043956043956,852.4663163833146,1589.0561567351494,10.290254247206619,2,0.07688913919921579,2.88,punctate,punctate,0.3956043956043956,True,874.8116629984961
232,531,552,0,174,190,47.0890420348792,,338.86328125,700.86328125,1,47.0890420348792,47,809.2694428714751,1683.3412583857305,0.3373860182370821,0.3829787234042553,5,0.19148936170212771,2.9210526315789473,0.45377154088155053,767.0185151752672,762.2927421972596,874.8116629984961,0.3373860182370821,809.2694428714751,1683.3412583857305,15.887184394746479,5,0.10618181606447766,2.9210526315789473,discontinuous,discontinuous,0.3373860182370821,True,874.8116629984961
181,531,553,0,153,190,27.340949632284605,,323.5,723.5,1,27.340949632284605,27,862.2821200169305,1599.896149489068,0.42857142857142855,0.7777777777777778,2,0.03703703703703709,3.1153846153846154,0.3597235131934189,848.2097952618302,765.8931963437389,874.8116629984961,0.42857142857142855,862.2821200169305,1599.896149489068,11.717549842407687,2,0.07315034872228322,3.1153846153846154,thick,thick,0.42857142857142855,True,874.8116629984961
120,531,554,0,170,190,46.348428123005434,,327.1015625,756.1015625,1,46.348428123005434,46,772.2601252612947,1536.2338209589352,0.2919254658385093,0.5869565217391305,3,0.34782608695652173,3.1333333333333333,0.35666073647319596,730.8937164951742,763.8491803341426,874.8116629984961,0.2919254658385093,772.2601252612947,1536.2338209589352,13.530286470691028,3,0.06472711419766412,3.1333333333333333,discontinuous,discontinuous,0.2919254658385093,True,874.8116629984961
174,620,555,0,168,197,30.64598369882869,,327.35546875,902.35546875,1,30.64598369882869,31,836.4861425530696,1435.4412767201065,0.3824884792626728,0.3870967741935484,3,0.09677419354838712,2.9642857142857144,0.3547573943213363,829.9168562874819,769.7448534751179,874.8116629984961,0.3824884792626728,836.4861425530696,1435.4412767201065,11.721735700473646,3,0.09789210976166714,2.9642857142857144,discontinuous,discontinuous,0.3824884792626728,True,874.8116629984961
360,455,556,0,198,167,37.193357560984495,,336.75,644.75,1,37.193357560984495,37,1022.8850395555547,1973.509697616043,0.667953667953668,1.0,1,0.0,4.675675675675675,0.20534473605007644,964.0736347571813,984.2572803230267,874.8116629984961,0.667953667953668,1022.8850395555547,1973.509697616043,24.843439606371884,1,0.026886521292419998,4.675675675675675,thick,thick,0.667953667953668,True,874.8116629984961
232,360,557,0,174,198,37.68131136118284,,335.25,672.75,1,37.68131136118284,38,794.119224823694,2031.3797051790789,0.3383458646616541,0.7368421052631579,2,0.052631578947368474,2.5,0.6429100507328637,718.7132201928113,759.3341380927511,874.8116629984961,0.3383458646616541,794.119224823694,2031.3797051790789,12.74931587408442,2,0.053076709056901004,2.5,punctate,punctate,0.3383458646616541,True,874.8116629984961
61,620,558,0,146,197,17.74246637755526,,331.28125,921.71875,1,17.74246637755526,18,711.8176783793974,1150.7294166316083,0.1746031746031746,0.2777777777777778,3,0.5,2.4444444444444446,0.5142594772265799,724.9969667764994,677.1683451648964,874.8116629984961,0.1746031746031746,711.8176783793974,1150.7294166316083,3.097890954811236,3,0.1690858495183673,2.4444444444444446,discontinuous,discontinuous,0.1746031746031746,True,874.8116629984961
335,379,559,0,169,199,22.962258279236153,,325.64453125,422.35546875,1,22.962258279236153,23,778.8718677560983,1312.7742997365306,0.2546583850931677,0.391304347826087,3,0.26086956521739135,2.411764705882353,0.4938647983247948,788.2813204170825,717.330214438257,874.8116629984961,0.2546583850931677,778.8718677560983,1312.7742997365306,5.8475316114824984,3,0.13064917063112994,2.411764705882353,discontinuous,discontinuous,0.2546583850931677,True,874.8116629984961
109,379,560,0,185,199,32.789822588927066,,337.35546875,400.35546875,1,32.789822588927066,33,685.1644551664779,1132.353499730724,0.09523809523809523,0.18181818181818182,5,0.5454545454545454,1.4666666666666666,0.4895604370122277,630.818393053908,695.6494845738713,874.8116629984961,0.09523809523809523,685.1644551664779,1132.353499730724,3.1228402465644822,5,0.15248633890713612,1.4666666666666666,discontinuous,discontinuous,0.09523809523809523,True,874.8116629984961
351,469,561,0,192,183,25.38573515872396,,331.71875,465.28125,1,25.38573515872396,25,891.0423594947267,1528.763558247797,0.5142857142857142,0.76,2,0.07999999999999996,3.9130434782608696,0.4452769979891973,878.8857323616535,835.1136264895115,874.8116629984961,0.5142857142857142,891.0423594947267,1528.763558247797,13.055520938772322,2,0.07878440342558636,3.9130434782608696,thick,thick,0.5142857142857142,True,874.8116629984961
269,393,562,0,181,193,32.214377839310814,,342.28125,111.71875,1,32.214377839310814,32,831.8278916936468,1429.5330442004724,0.38392857142857145,1.0,1,0.0,2.6875,0.4503469007217927,788.6968458178453,784.2312332161284,874.8116629984961,0.38392857142857145,831.8278916936468,1429.5330442004724,12.368020063306831,1,0.03104203983041734,2.6875,punctate,punctate,0.38392857142857145,True,874.8116629984961
379,469,563,0,199,183,30.781179982812276,,336.13671875,445.86328125,1,30.781179982812276,31,773.4663456901834,1248.3080820740142,0.3087557603686636,0.5483870967741935,3,0.19354838709677424,2.68,0.4686662229285845,747.1283686446585,722.2103753293479,874.8116629984961,0.3087557603686636,773.4663456901834,1248.3080820740142,9.50386663063789,3,0.09746215062824598,2.68,discontinuous,discontinuous,0.3087557603686636,True,874.8116629984961
419,636,564,0,194,182,21.991225082961414,,338.86328125,233.14453125,1,21.991225082961414,22,786.0440509650564,1895.6304412996458,0.2077922077922078,0.3181818181818182,2,0.36363636363636365,2.2857142857142856,0.3479852726768764,745.8497946380508,758.2766662324983,874.8116629984961,0.2077922077922078,786.0440509650564,1895.6304412996458,4.56960521204393,2,0.09094536536527838,2.2857142857142856,punctate,punctate,0.2077922077922078,True,874.8116629984961
269,508,565,0,181,195,25.511585677060133,,338.86328125,159.13671875,1,25.511585677060133,26,728.6339649856551,1648.1295624932459,0.22527472527472528,0.46153846153846156,2,0.23076923076923073,2.05,0.8085650953293062,687.1540428820982,695.87040820104,874.8116629984961,0.22527472527472528,728.6339649856551,1648.1295624932459,5.747115454722338,2,0.07839575420035094,2.05,punctate,punctate,0.22527472527472528,True,874.8116629984961
24,88,566,0,200,178,21.89656838232788,,335.828125,875.171875,1,21.89656838232788,22,825.4207958216313,1570.6666186505474,0.33116883116883117,0.36363636363636365,3,0.2272727272727273,3.0,0.5113099925649136,808.0847693904245,788.0449810699636,874.8116629984961,0.33116883116883117,825.4207958216313,1570.6666186505474,7.251460957783909,3,0.137007769784658,3.0,discontinuous,discontinuous,0.33116883116883117,True,874.8116629984961
24,583,567,0,200,176,16.422881820258034,,335.86328125,857.86328125,1,16.422881820258034,16,779.0190809953555,1490.301574582111,0.2767857142857143,0.375,3,0.25,2.5833333333333335,0.511063855411447,721.8265528533352,757.0205762954156,874.8116629984961,0.2767857142857143,779.0190809953555,1490.301574582111,4.545619075249992,3,0.1826719593329488,2.5833333333333335,discontinuous,discontinuous,0.2767857142857143,True,874.8116629984961
88,620,568,0,178,197,3.6124035556762317,,334.27734375,887.27734375,1,3.6124035556762317,4,997.8919964472744,1619.8271063600814,0.6071428571428571,1.0,1,0.0,4.25,0.19509557590325882,968.444805621826,918.1100346466511,874.8116629984961,0.6071428571428571,997.8919964472744,1619.8271063600814,2.1932450159462835,1,0.27682399947499853,4.25,thick,thick,0.6071428571428571,True,874.8116629984961
293,508,569,0,196,195,13.511691733128744,,339.390625,172.390625,1,13.511691733128744,14,796.1468794481344,1888.4585277966642,0.2653061224489796,0.42857142857142855,2,0.2857142857142857,2.6,0.7337993857053429,777.6269621520714,741.1288532834432,874.8116629984961,0.2653061224489796,796.1468794481344,1888.4585277966642,3.58473454144232,2,0.14801995482891936,2.6,punctate,punctate,0.2653061224489796,True,874.8116629984961
61,472,570,0,146,201,31.2368924864018,,337.89453125,945.89453125,1,31.2368924864018,31,740.2816782370719,1142.6379230461857,0.11981566820276497,0.1935483870967742,4,0.6129032258064516,2.1666666666666665,0.49254801826406536,758.283647217249,691.7835542993441,874.8116629984961,0.11981566820276497,740.2816782370719,1142.6379230461857,3.7426691458361603,4,0.12805371090422327,2.1666666666666665,discontinuous,discontinuous,0.11981566820276497,True,874.8116629984961
472,592,571,0,201,191,18.182466481828147,,339.17578125,968.82421875,1,18.182466481828147,18,866.9640551053012,1464.8534276267928,0.5079365079365079,1.0,1,0.0,3.5555555555555554,0.3408972535823661,800.5111904593862,842.832627455655,874.8116629984961,0.5079365079365079,866.9640551053012,1464.8534276267928,9.235538530452391,1,0.054998038962393594,3.5555555555555554,thick,thick,0.5079365079365079,True,874.8116629984961
24,620,572,0,200,197,45.989033288819286,,358.86328125,884.86328125,1,45.989033288819286,46,989.785838743563,2125.79970433725,0.6211180124223602,1.0,1,0.0,4.3478260869565215,0.32603680773802207,939.4772740135571,928.0736211162771,874.8116629984961,0.6211180124223602,989.785838743563,2125.79970433725,28.564616949577193,1,0.021744314426437768,4.3478260869565215,thick,thick,0.6211180124223602,True,874.8116629984961
212,638,573,0,187,202,50.90129573416527,,342.72265625,21.72265625,1,50.90129573416527,51,897.1556905944846,1627.8308123877264,0.5238095238095238,0.6862745098039216,4,0.11764705882352944,4.155555555555556,0.3726470885600929,880.1969813781592,849.7221385891603,874.8116629984961,0.5238095238095238,897.1556905944846,1627.8308123877264,26.662583479800855,4,0.0785834612323076,4.155555555555556,thick_to_reticular,thick_to_reticular,0.5238095238095238,True,874.8116629984961
254,293,574,0,203,196,37.940178409033095,,351.86328125,198.86328125,1,37.940178409033095,38,767.7777806019758,1351.3468178256003,0.24060150375939848,0.3684210526315789,4,0.3157894736842105,2.4615384615384617,0.6495190528383289,707.0081770032583,775.539873117796,874.8116629984961,0.24060150375939848,767.7777806019758,1351.3468178256003,9.128463978113226,4,0.10542912995495163,2.4615384615384617,discontinuous,discontinuous,0.24060150375939848,True,874.8116629984961
254,636,575,0,203,182,29.100021751052246,,340.53125,221.46875,1,29.100021751052246,29,750.8284995580007,1595.3922637402943,0.2660098522167488,0.6206896551724138,3,0.06896551724137934,2.0,0.5443310539518174,723.3356401847847,668.2167881828565,874.8116629984961,0.2660098522167488,750.8284995580007,1595.3922637402943,7.740892485501583,3,0.10309270644759985,2.0,discontinuous,discontinuous,0.2660098522167488,True,874.8116629984961
514,638,576,0,184,202,29.789861377618596,,344.46484375,55.53515625,1,29.789861377618596,30,917.5950473566514,1753.6374551308318,0.5666666666666667,0.8,2,0.06666666666666665,4.25,0.3120578929012965,921.552236190988,826.6600019759215,874.8116629984961,0.5666666666666667,917.5950473566514,1753.6374551308318,16.880921447317203,2,0.06713693543745788,4.25,thick,thick,0.5666666666666667,True,874.8116629984961
61,561,578,0,146,204,8.170696228840615,,341.28515625,929.71484375,1,8.170696228840615,8,763.9290760691922,1136.7068288264882,0.3392857142857143,0.5,2,0.375,3.8,0.4210526315789474,681.2278799020758,811.8535031574145,874.8116629984961,0.3392857142857143,763.9290760691922,1136.7068288264882,2.7722005062137804,2,0.24477718226024306,3.8,punctate,punctate,0.3392857142857143,True,874.8116629984961
561,620,579,0,204,197,34.480335678996894,,356.13671875,922.13671875,1,34.480335678996894,34,763.4164886873031,1421.7348889219115,0.27310924369747897,0.5588235294117647,2,0.08823529411764708,2.096774193548387,0.5597970891895463,742.8825429760224,709.5080124157992,874.8116629984961,0.27310924369747897,763.4164886873031,1421.7348889219115,9.416898399726042,2,0.05800407567430574,2.096774193548387,punctate,punctate,0.27310924369747897,True,874.8116629984961
98,583,580,0,205,176,15.416255014992977,,342.4609375,845.46875,1,15.416255014992977,15,948.419583081428,1888.2091324521516,0.5523809523809524,1.0,1,0.0,3.8666666666666667,0.3878352372138618,941.270128582957,836.2444432809168,874.8116629984961,0.5523809523809524,948.419583081428,1888.2091324521516,8.515645627329455,1,0.06486659691523373,3.8666666666666667,thick,thick,0.5523809523809524,True,874.8116629984961
24,98,581,0,200,205,39.731988760987726,,357.8671875,852.8671875,1,39.731988760987726,40,847.619186670138,1483.0535765617558,0.45,1.0,1,0.0,3.15,0.3657688451366004,794.9304145650248,808.516040910177,874.8116629984961,0.45,847.619186670138,1483.0535765617558,17.879394942444478,1,0.02516863693925852,3.15,thick,thick,0.45,True,874.8116629984961
45,541,582,0,206,189,41.48485529597806,,347.16796875,521.16796875,1,41.48485529597806,41,989.9053225815322,1954.155167334155,0.5923344947735192,1.0,1,0.0,4.146341463414634,0.25300956667772434,919.4392441677163,943.2000037854264,874.8116629984961,0.5923344947735192,989.9053225815322,1954.155167334155,24.572910802495713,1,0.024105182309674095,4.146341463414634,thick,thick,0.5923344947735192,True,874.8116629984961
45,259,583,0,206,173,35.08292217275871,,347.359375,559.640625,1,35.08292217275871,35,844.6823132288101,1466.8263368691082,0.44081632653061226,1.0,1,0.0,3.085714285714286,0.2612358514752941,820.2114124953351,762.8823201636762,874.8116629984961,0.44081632653061226,844.6823132288101,1466.8263368691082,15.465124876154858,1,0.028503896997966807,3.085714285714286,thick,thick,0.44081632653061226,True,874.8116629984961
351,379,584,0,192,199,24.664882679701233,,354.64453125,462.35546875,1,24.664882679701233,25,809.5320988730678,1305.7897062711759,0.36,1.0,1,0.0,2.52,0.45063712909772674,750.4808283024093,771.7705008093774,874.8116629984961,0.36,809.5320988730678,1305.7897062711759,8.879357764692443,1,0.04054347279839213,2.52,punctate,punctate,0.36,True,874.8116629984961
98,531,585,0,205,190,45.52670812119295,,351.75,817.75,1,45.52670812119295,46,885.3774337554626,1879.6736274536156,0.468944099378882,0.5434782608695652,5,0.08695652173913049,3.5952380952380953,0.4895737636629462,842.3856980252,847.4125719898001,874.8116629984961,0.468944099378882,885.3774337554626,1879.6736274536156,21.34948113757806,5,0.10982564315192539,3.5952380952380953,thick_to_reticular,thick_to_reticular,0.468944099378882,True,874.8116629984961
57,468,586,0,207,171,23.908272689777164,,347.0234375,604.0234375,1,23.908272689777164,24,703.0239825583989,1177.851195640426,0.16666666666666666,0.25,5,0.45833333333333337,2.1538461538461537,0.6776309271789385,672.0229137941161,687.5711485607086,874.8116629984961,0.16666666666666666,703.0239825583989,1177.851195640426,3.9847121149628606,5,0.2091326322431452,2.1538461538461537,discontinuous,discontinuous,0.16666666666666666,True,874.8116629984961
57,455,587,0,207,167,25.05373005074088,,350.09765625,624.10546875,1,25.05373005074088,25,998.9357783805758,1669.9041961419496,0.64,1.0,1,0.0,4.48,0.30357142857142855,1034.64939364655,853.3128658409661,874.8116629984961,0.64,998.9357783805758,1669.9041961419496,16.034387232474163,1,0.03991421628534823,4.48,thick,thick,0.64,True,874.8116629984961
472,561,588,0,201,204,38.53020373612408,,357.53515625,944.46484375,1,38.53020373612408,39,784.3543447491122,1316.2058794970228,0.29304029304029305,0.46153846153846156,2,0.1282051282051282,2.3529411764705883,0.4821825380496477,745.8766131101708,747.7710246008306,874.8116629984961,0.29304029304029305,784.3543447491122,1316.2058794970228,11.290902193735995,2,0.05190732999225996,2.3529411764705883,punctate,punctate,0.29304029304029305,True,874.8116629984961
102,109,589,0,208,185,27.868852507990894,,349.16796875,376.83203125,1,27.868852507990894,28,771.2395608049254,1127.0675879761259,0.22959183673469388,0.42857142857142855,3,0.2857142857142857,2.25,0.4416579314300398,779.6083155782682,717.9152959447073,874.8116629984961,0.22959183673469388,771.2395608049254,1127.0675879761259,6.39846103499791,3,0.10764705863435904,2.25,discontinuous,discontinuous,0.22959183673469388,True,874.8116629984961
439,531,590,0,209,190,79.06923835328811,,345.71875,753.71875,1,79.06923835328811,79,703.6539455000743,1983.5283287528753,0.14828209764918626,0.189873417721519,4,0.6075949367088608,2.6451612903225805,0.5644115348978602,680.8669667974962,670.767928479378,874.8116629984961,0.14828209764918626,703.6539455000743,1983.5283287528753,11.724552522549052,4,0.05058857380322368,2.6451612903225805,discontinuous,discontinuous,0.14828209764918626,True,874.8116629984961
552,592,591,0,177,191,12.547781290576644,,350.95703125,1000.95703125,1,12.547781290576644,13,840.5383851292366,1327.926033215455,0.4065934065934066,0.6923076923076923,2,0.07692307692307687,3.0833333333333335,0.4857351555570656,835.7836746797735,794.5129249964642,874.8116629984961,0.4065934065934066,840.5383851292366,1327.926033215455,5.10184514012457,2,0.15939072842319904,3.0833333333333335,thick,thick,0.4065934065934066,True,874.8116629984961
269,293,592,0,181,196,27.485414382032104,,356.5,167.5,1,27.485414382032104,27,750.099590148157,1578.4094752421063,0.1746031746031746,0.2962962962962963,2,0.5925925925925926,3.0,0.40201512610368484,696.5804265185718,741.2706607901754,874.8116629984961,0.1746031746031746,750.099590148157,1578.4094752421063,4.799040606386558,2,0.07276586673211845,3.0,punctate,punctate,0.1746031746031746,True,874.8116629984961
142,592,593,0,210,191,24.077449647113827,,351.16796875,984.83203125,1,24.077449647113827,24,764.6631479026828,1348.8340067202025,0.27976190476190477,0.875,2,0.04166666666666663,2.0434782608695654,0.46711698723617334,736.5814779211993,707.8841320680327,874.8116629984961,0.27976190476190477,764.6631479026828,1348.8340067202025,6.735953175085416,2,0.08306527598697484,2.0434782608695654,punctate,punctate,0.27976190476190477,True,874.8116629984961
96,102,594,0,186,208,13.293307787261053,,350.49609375,360.49609375,1,13.293307787261053,13,991.6303723351657,1522.6009733857568,0.7472527472527473,1.0,1,0.0,5.230769230769231,0.17023289562926802,884.6110910647093,1049.9794887911135,874.8116629984961,0.7472527472527473,991.6303723351657,1522.6009733857568,9.93346076410716,1,0.07522582159410299,5.230769230769231,thick,thick,0.7472527472527473,True,874.8116629984961
142,472,595,0,210,201,25.216136919237105,,357.390625,970.390625,1,25.216136919237105,25,540.0313459412278,1063.6320010737309,0.045714285714285714,0.08,1,0.92,4.0,0.25,551.0744321986349,525.2594813120576,874.8116629984961,0.045714285714285714,540.0313459412278,1063.6320010737309,1.1527376877365534,1,0.0396571450735228,4.0,discontinuous,discontinuous,0.045714285714285714,False,874.8116629984961
259,539,596,0,173,211,20.975837837689195,,348.90234375,580.17578125,1,20.975837837689195,21,776.6746062763656,1409.0008415057941,0.23129251700680273,0.14285714285714285,5,0.38095238095238093,2.6153846153846154,0.5911691541835817,752.1306525897367,751.7092127194092,874.8116629984961,0.23129251700680273,776.6746062763656,1409.0008415057941,4.851554329805664,5,0.2383695010749962,2.6153846153846154,discontinuous,discontinuous,0.23129251700680273,True,874.8116629984961
254,419,597,0,203,194,21.59234531240391,,359.828125,232.171875,1,21.59234531240391,22,760.3950221058979,1347.5497786669973,0.22077922077922077,0.22727272727272727,3,0.40909090909090906,2.6153846153846154,0.6280634265900772,791.6758622072496,668.0725925402343,874.8116629984961,0.22077922077922077,760.3950221058979,1347.5497786669973,4.767141172868396,3,0.13893812629407254,2.6153846153846154,discontinuous,discontinuous,0.22077922077922077,True,874.8116629984961
57,259,598,0,207,173,6.795703272812884,,352.13671875,591.13671875,1,6.795703272812884,7,764.1302123493181,1094.7708576749192,0.1836734693877551,0.5714285714285714,2,0.2857142857142857,1.8,0.6478835438717001,745.8591955629466,750.1606515859114,874.8116629984961,0.1836734693877551,764.1302123493181,1094.7708576749192,1.2481903970472645,2,0.2943036091645241,1.8,punctate,punctate,0.1836734693877551,True,874.8116629984961
360,531,599,0,198,190,12.192960459493662,,354.390625,682.390625,1,12.192960459493662,12,730.1124156241539,1345.4963989972168,0.17857142857142858,0.6666666666666666,1,0.33333333333333337,1.875,0.3197221015541813,694.9998115206253,694.9590307981119,874.8116629984961,0.17857142857142858,730.1124156241539,1345.4963989972168,2.1773143677667255,1,0.0820145364468382,1.875,punctate,punctate,0.17857142857142858,True,874.8116629984961
102,379,600,0,208,199,55.391493095355315,,358.28515625,415.71484375,1,55.391493095355315,55,703.8577106743529,1558.4538210732314,0.15584415584415584,0.34545454545454546,6,0.2909090909090909,1.5384615384615385,0.547722557505166,664.8763291673811,663.8410669770471,874.8116629984961,0.15584415584415584,703.8577106743529,1558.4538210732314,8.632440482393037,6,0.10831988207415033,1.5384615384615385,reticular,reticular,0.15584415584415584,True,874.8116629984961
57,360,601,0,207,198,14.839980773893245,,356.5,639.5,1,14.839980773893245,15,829.6929287307216,1468.6038325151128,0.34285714285714286,1.0,1,0.0,2.4,0.5651941652604391,784.9936909512568,785.6936869142114,874.8116629984961,0.34285714285714286,829.6929287307216,1468.6038325151128,5.08799340819197,1,0.06738553204591866,2.4,punctate,punctate,0.34285714285714286,True,874.8116629984961
158,269,602,0,212,181,53.55167864661645,,358.25,154.75,1,53.55167864661645,54,747.3538566539586,1215.2264364037492,0.2751322751322751,0.6851851851851852,3,0.18518518518518523,2.3636363636363638,0.526656305293429,726.9170745452346,707.7595682472515,874.8116629984961,0.2751322751322751,747.3538566539586,1215.2264364037492,14.73379518319606,3,0.05602065286873222,2.3636363636363638,discontinuous,discontinuous,0.2751322751322751,True,874.8116629984961
393,638,603,0,193,202,41.121640738848924,,366.86328125,79.13671875,1,41.121640738848924,41,904.9488043094367,1496.7148486675705,0.5365853658536586,1.0,1,0.0,3.7560975609756095,0.19306582788725335,857.6498748422737,852.14536936793,874.8116629984961,0.5365853658536586,904.9488043094367,1496.7148486675705,22.065270640357962,1,0.024318095825764757,3.7560975609756095,thick,thick,0.5365853658536586,True,874.8116629984961
57,539,604,0,207,211,19.997267518371448,,365.140625,591.859375,1,19.997267518371448,20,701.0644047553569,1154.724077832855,0.12142857142857143,0.15,3,0.65,2.4285714285714284,0.6910200073218077,697.4836710367019,683.913026918743,874.8116629984961,0.12142857142857143,701.0644047553569,1154.724077832855,2.4282396272308184,3,0.15002049641251766,2.4285714285714284,discontinuous,discontinuous,0.12142857142857143,True,874.8116629984961
142,552,605,0,210,177,22.53210128340612,,365.53515625,994.53515625,1,22.53210128340612,23,884.8370569364142,1684.9730735146136,0.45962732919254656,1.0,1,0.0,3.217391304347826,0.22368845077360605,865.0932597154737,806.4652411581502,874.8116629984961,0.45962732919254656,884.8370569364142,1684.9730735146136,10.356369533987905,1,0.04438112484149248,3.217391304347826,thick,thick,0.45962732919254656,True,874.8116629984961
45,539,606,0,206,211,66.63344830104346,,374.71875,553.71875,1,66.63344830104346,67,740.8575259642877,1314.7530207272735,0.18336886993603413,0.208955223880597,8,0.417910447761194,2.2051282051282053,0.5915394112547396,705.1490928869715,717.6474431092097,874.8116629984961,0.18336886993603413,740.8575259642877,1314.7530207272735,12.218500114903492,8,0.1200598228663895,2.2051282051282053,reticular,reticular,0.18336886993603413,True,874.8116629984961
102,495,607,0,208,188,34.963347897350836,,370.46484375,364.53515625,1,34.963347897350836,35,787.3213487761316,1233.0248179586956,0.3224489795918367,0.8285714285714286,2,0.02857142857142858,2.323529411764706,0.4864779455841933,729.8879324831753,758.1492895652506,874.8116629984961,0.3224489795918367,787.3213487761316,1233.0248179586956,11.273895852615167,2,0.05720276004093817,2.323529411764706,punctate,punctate,0.3224489795918367,True,874.8116629984961
393,502,608,0,193,213,38.74325170996512,,369.49609375,102.49609375,1,38.74325170996512,39,753.4510374970198,1470.551685568209,0.2783882783882784,0.4358974358974359,3,0.15384615384615385,2.303030303030303,0.5604089326064962,707.2795657144974,718.4210805191285,874.8116629984961,0.2783882783882784,753.4510374970198,1470.551685568209,10.785667142700914,3,0.0774328397228561,2.303030303030303,discontinuous,discontinuous,0.2783882783882784,True,874.8116629984961
269,502,609,0,181,213,15.8814088826658,,358.2109375,123.859375,1,15.8814088826658,16,833.9991400521382,1249.6270736887454,0.35714285714285715,0.4375,3,0.1875,3.076923076923077,0.51720402163943,801.2503754839081,806.3389895666903,874.8116629984961,0.35714285714285715,833.9991400521382,1249.6270736887454,5.671931743809215,3,0.18890011724806308,3.076923076923077,discontinuous,discontinuous,0.35714285714285715,True,874.8116629984961
76,531,610,0,214,190,58.47407587132648,,374.86328125,700.13671875,1,58.47407587132648,58,811.0441056525732,1563.1493534667347,0.3078817733990148,0.4482758620689655,5,0.15517241379310343,2.5510204081632653,0.5490355179767517,778.4737942100569,780.0707161159395,874.8116629984961,0.3078817733990148,811.0441056525732,1563.1493534667347,18.003102177132536,5,0.08550797811670616,2.5510204081632653,discontinuous,discontinuous,0.3078817733990148,True,874.8116629984961
76,360,611,0,214,198,7.139830794862177,,361.75390625,676.75390625,1,7.139830794862177,7,662.7243441046902,927.1854773900226,0.02040816326530612,0.14285714285714285,1,0.8571428571428572,1.0,,626.4693918652594,675.7475272722561,874.8116629984961,0.02040816326530612,662.7243441046902,927.1854773900226,0.14571083254820769,1,0.1400593415630522,1.0,minimal,minimal,0.02040816326530612,False,874.8116629984961
360,488,612,0,198,215,29.956631043007032,,363.171875,660.828125,1,29.956631043007032,30,745.2140251984406,1251.7750090273728,0.26666666666666666,0.7666666666666667,2,0.06666666666666665,2.0,0.5175491695067657,707.7351936078724,684.3895025399629,874.8116629984961,0.26666666666666666,745.2140251984406,1251.7750090273728,7.988434944801875,2,0.06676318165179235,2.0,punctate,punctate,0.26666666666666666,True,874.8116629984961
158,502,613,0,212,213,45.5948763267881,,383.13671875,135.13671875,1,45.5948763267881,46,678.0983047802675,1312.7455592198578,0.08385093167701864,0.10869565217391304,5,0.7391304347826086,2.25,0.7286042804780001,658.8369732718126,647.2211281984183,874.8116629984961,0.08385093167701864,678.0983047802675,1312.7455592198578,3.823172859699624,5,0.10966144450450846,2.25,discontinuous,discontinuous,0.08385093167701864,True,874.8116629984961
45,351,614,0,206,192,17.194489031709153,,367.83203125,512.16796875,1,17.194489031709153,17,961.5443623862627,1510.0480653261295,0.6302521008403361,1.0,1,0.0,4.411764705882353,0.3813426572286691,952.7459209010053,901.4441845512821,874.8116629984961,0.6302521008403361,961.5443623862627,1510.0480653261295,10.83686283511081,1,0.058158169059624495,4.411764705882353,thick,thick,0.6302521008403361,True,874.8116629984961
57,488,615,0,207,215,31.04438609425632,,376.46484375,645.46484375,1,31.04438609425632,31,779.989216403425,1373.1188063465052,0.30414746543778803,0.3548387096774194,3,0.19354838709677424,2.64,0.4132782332419956,772.0110519390179,730.0487566918097,874.8116629984961,0.30414746543778803,779.989216403425,1373.1188063465052,9.442071346640171,3,0.0966358294504991,2.64,discontinuous,discontinuous,0.30414746543778803,True,874.8116629984961
212,629,616,0,187,216,9.282144078493769,,362.5,4.5,1,9.282144078493769,9,743.3036545827541,1141.750635864975,0.23809523809523808,0.3333333333333333,3,0.2222222222222222,2.142857142857143,0.6324555320336759,714.4159502856821,707.759637887958,874.8116629984961,0.23809523809523808,743.3036545827541,1141.750635864975,2.210034304403278,3,0.32320118871574505,2.142857142857143,discontinuous,discontinuous,0.23809523809523808,True,874.8116629984961
629,638,618,0,216,202,51.73870859076537,,381.71484375,16.28515625,1,51.73870859076537,52,697.1706945622825,1351.249511442381,0.23351648351648352,0.5,1,0.5,3.269230769230769,0.411764705882353,694.370758680147,666.8473755674537,874.8116629984961,0.23351648351648352,697.1706945622825,1351.249511442381,12.081841291799606,1,0.019327888678274546,3.269230769230769,punctate,punctate,0.23351648351648352,True,874.8116629984961
129,379,619,0,217,199,27.351622085545092,,371.640625,447.640625,1,27.351622085545092,27,813.0395765757772,1583.0480336032876,0.3439153439153439,0.6666666666666666,2,0.07407407407407407,2.6,0.3922322702763681,823.0024214121562,709.1127260362877,874.8116629984961,0.3439153439153439,813.0395765757772,1583.0480336032876,9.406642516192756,2,0.07312180585651515,2.6,punctate,punctate,0.3439153439153439,True,874.8116629984961
76,488,620,0,214,215,57.91704350592251,,387.71875,682.7109375,1,57.91704350592251,58,709.326541374671,1538.0524241318526,0.16009852216748768,0.3793103448275862,4,0.3448275862068966,1.7105263157894737,0.4221668533542229,687.1494321867226,666.749968143014,874.8116629984961,0.16009852216748768,709.326541374671,1538.0524241318526,9.272433073608283,4,0.06906429882925509,1.7105263157894737,discontinuous,discontinuous,0.16009852216748768,True,874.8116629984961
129,351,621,0,217,192,68.41916901887981,,382.0234375,483.9765625,1,68.41916901887981,68,779.1043758538142,1566.9426458074693,0.296218487394958,0.4264705882352941,5,0.05882352941176472,2.203125,0.44080168037617967,714.2966763858498,758.1791341967257,874.8116629984961,0.296218487394958,779.1043758538142,1566.9426458074693,20.26702275559255,5,0.07307893491983633,2.203125,discontinuous,discontinuous,0.296218487394958,True,874.8116629984961
254,375,622,0,203,218,27.823615692446243,,367.64453125,221.64453125,1,27.823615692446243,28,763.5491919798238,1172.6617995257682,0.27040816326530615,0.5714285714285714,2,0.1785714285714286,2.3043478260869565,0.6194888739389435,698.4505478226429,761.6950823349902,874.8116629984961,0.27040816326530615,763.5491919798238,1172.6617995257682,7.523732814794138,2,0.0718813838613712,2.3043478260869565,punctate,punctate,0.27040816326530615,True,874.8116629984961
293,375,623,0,196,218,39.0798219961317,,384.53125,206.4609375,1,39.0798219961317,39,810.2258332117198,1373.1851800646177,0.3443223443223443,0.6923076923076923,4,0.15384615384615385,2.8484848484848486,0.6057293976802876,781.8721230115285,764.7401713824742,874.8116629984961,0.3443223443223443,810.2258332117198,1373.1851800646177,13.456055925407984,4,0.10235461155365391,2.8484848484848486,discontinuous,discontinuous,0.3443223443223443,True,874.8116629984961
511,531,624,0,219,190,18.60270063364157,,373.64453125,804.35546875,1,18.60270063364157,19,750.3897570090141,1256.9438108179818,0.2781954887218045,0.47368421052631576,2,0.052631578947368474,2.0555555555555554,0.4432762018069386,733.9752946186468,680.6920318956674,874.8116629984961,0.2781954887218045,750.3897570090141,1256.9438108179818,5.175187394321339,2,0.10751127158296317,2.0555555555555554,punctate,punctate,0.2781954887218045,True,874.8116629984961
98,511,625,0,205,219,45.622486151279354,,373.5,828.5,1,45.622486151279354,46,820.0501133048714,1517.2157898057442,0.4192546583850932,1.0,1,0.0,2.9347826086956523,0.3362832433427012,752.5860320362324,757.6106689356347,874.8116629984961,0.4192546583850932,820.0501133048714,1517.2157898057442,19.12743984603327,1,0.02191901591430387,2.9347826086956523,thick,thick,0.4192546583850932,True,874.8116629984961
375,419,626,0,218,194,36.30076091719873,,378.13671875,249.86328125,1,36.30076091719873,36,852.6005395720225,1818.6029661524992,0.43253968253968256,1.0,1,0.0,3.0277777777777777,0.4829384289266736,816.7947080615482,791.5181776300064,874.8116629984961,0.43253968253968256,852.6005395720225,1818.6029661524992,15.701519603074054,1,0.027547631915512155,3.0277777777777777,thick,thick,0.43253968253968256,True,874.8116629984961
472,486,627,0,201,220,12.595338627660286,,370.53515625,960.53515625,1,12.595338627660286,13,876.6229713439918,1270.0712805667326,0.5714285714285714,1.0,1,0.0,4.0,0.3535533905932738,972.5059956933934,728.9693488218579,874.8116629984961,0.5714285714285714,876.6229713439918,1270.0712805667326,7.19733635866302,1,0.07939445135710181,4.0,thick,thick,0.5714285714285714,True,874.8116629984961
158,293,628,0,212,196,28.64795868676081,,379.71875,179.28125,1,28.64795868676081,29,669.2458555449435,1138.2624118904312,0.07389162561576355,0.13793103448275862,4,0.6551724137931034,1.5,0.53748384988657,640.9048697220062,637.110399635102,874.8116629984961,0.07389162561576355,669.2458555449435,1138.2624118904312,2.116844237937991,4,0.13962600420282426,1.5,discontinuous,discontinuous,0.07389162561576355,True,874.8116629984961
142,486,629,0,210,220,25.72536016851959,,375.609375,978.390625,1,25.72536016851959,26,812.3333257586487,1534.3212238831577,0.32967032967032966,0.3076923076923077,3,0.34615384615384615,3.5294117647058822,0.3778594682918211,737.429438758005,822.1279070238155,874.8116629984961,0.32967032967032966,812.3333257586487,1534.3212238831577,8.48088796764382,3,0.11661644308759313,3.5294117647058822,discontinuous,discontinuous,0.32967032967032966,True,874.8116629984961
73,620,630,0,221,197,30.643033431441527,,374.04296875,901.04296875,1,30.643033431441527,31,983.6403825630564,1988.7324280393586,0.5944700460829493,0.5161290322580645,3,0.06451612903225812,4.448275862068965,0.33179743502376274,962.3445642899728,911.1807068142801,874.8116629984961,0.5944700460829493,983.6403825630564,1988.7324280393586,18.2163654961104,3,0.09790153467384291,4.448275862068965,thick,thick,0.5944700460829493,True,874.8116629984961
76,439,631,0,214,209,5.419681139337311,,374.171875,729.828125,1,5.419681139337311,5,1214.712575043363,2137.119549315787,0.8285714285714286,1.0,1,0.0,5.8,0.06896551724137931,1058.54496384294,1175.159311541614,874.8116629984961,0.8285714285714286,1214.712575043363,2137.119549315787,4.490592944022344,1,0.18451269997080944,5.8,thick,thick,0.8285714285714286,True,874.8116629984961
73,561,632,0,221,204,32.90296971886786,,388.10546875,917.10546875,1,32.90296971886786,33,836.2894345474157,1848.921046141979,0.36363636363636365,0.48484848484848486,3,0.06060606060606055,2.7096774193548385,0.4888205992297097,805.2748299586817,777.1944582778792,874.8116629984961,0.36363636363636365,836.2894345474157,1848.921046141979,11.964716261406494,3,0.09117718022515402,2.7096774193548385,discontinuous,discontinuous,0.36363636363636365,True,874.8116629984961
518,539,633,0,222,211,58.630160819436036,,397.13671875,574.13671875,1,58.630160819436036,59,802.0050590774397,1428.1014012752255,0.33171912832929784,0.6610169491525424,3,0.05084745762711862,2.4464285714285716,0.46297170463940085,781.907350115821,730.0129399435286,874.8116629984961,0.33171912832929784,802.0050590774397,1428.1014012752255,19.448745840829872,3,0.05116820349920468,2.4464285714285716,discontinuous,discontinuous,0.33171912832929784,True,874.8116629984961
531,616,634,0,190,223,28.084334237808502,,374.28515625,792.71484375,1,28.084334237808502,28,815.3655840126539,1765.6334987438881,0.37755102040816324,0.7142857142857143,2,0.1071428571428571,2.96,0.5610956619466674,742.5568067718502,808.9627197139573,874.8116629984961,0.37755102040816324,815.3655840126539,1765.6334987438881,10.603269048968516,2,0.0712140791041969,2.96,punctate,punctate,0.37755102040816324,True,874.8116629984961
57,518,635,0,207,222,22.448056169073897,,378.28125,597.71875,1,22.448056169073897,22,920.9544431104575,1552.9559154912824,0.5194805194805194,1.0,1,0.0,3.6363636363636362,0.31622776601683794,848.5857487690678,894.6539183926699,874.8116629984961,0.5194805194805194,920.9544431104575,1552.9559154912824,11.661327880038387,1,0.04454728696632869,3.6363636363636362,thick,thick,0.5194805194805194,True,874.8116629984961
439,616,636,0,209,223,62.84056497769926,,404.75,779.25,1,62.84056497769926,63,859.3877702270338,2217.0357273090594,0.41950113378684806,0.746031746031746,3,0.04761904761904767,3.0833333333333335,0.4363002698750719,822.4544437978224,777.1906525468436,874.8116629984961,0.41950113378684806,859.3877702270338,2217.0357273090594,26.361688255950934,3,0.0477398635907337,3.0833333333333335,thick,thick,0.41950113378684806,True,874.8116629984961
486,561,637,0,220,204,40.19477502607875,,388.25,943.25,1,40.19477502607875,40,749.5935778312954,1466.3519320988694,0.21071428571428572,0.4,4,0.42500000000000004,2.5652173913043477,0.6063913159321463,778.2769038547733,666.2809284290504,874.8116629984961,0.21071428571428572,749.5935778312954,1466.3519320988694,8.469613309066593,4,0.09951542202698639,2.5652173913043477,discontinuous,discontinuous,0.21071428571428572,True,874.8116629984961
341,419,638,0,224,194,12.992001742551707,,377.86328125,268.86328125,1,12.992001742551707,13,839.3228492751474,1477.2232691645336,0.34065934065934067,1.0,1,0.0,2.3846153846153846,0.38709677419354843,764.8855439137221,795.6402456496081,874.8116629984961,0.34065934065934067,839.3228492751474,1477.2232691645336,4.4258467474626695,1,0.0769704330260961,2.3846153846153846,punctate,punctate,0.34065934065934067,True,874.8116629984961
341,506,639,0,224,175,20.18091591848535,,382.24609375,275.31640625,1,20.18091591848535,20,859.0667960897075,1411.8058117415708,0.4714285714285714,0.7,3,0.19999999999999996,4.125,0.2826478500936005,843.5757519609358,825.7028389275974,874.8116629984961,0.4714285714285714,859.0667960897075,1411.8058117415708,9.513860361571664,3,0.14865529454250662,4.125,thick,thick,0.4714285714285714,True,874.8116629984961
102,129,640,0,208,217,16.399031818597823,,383.24609375,434.75390625,1,16.399031818597823,16,856.943371375534,1375.1836209859755,0.45535714285714285,1.0,1,0.0,3.1875,0.27660266626795854,817.0115210373896,806.7541745267044,874.8116629984961,0.45535714285714285,856.943371375534,1375.1836209859755,7.4674162745400805,1,0.06097920969126479,3.1875,thick,thick,0.45535714285714285,True,874.8116629984961
486,552,641,0,220,177,9.483669625290556,,379.89453125,991.83203125,1,9.483669625290556,9,951.101578161891,1719.9389827673913,0.5714285714285714,1.0,1,0.0,4.0,0.408248290463863,908.4666172333212,876.6177173251261,874.8116629984961,0.5714285714285714,951.101578161891,1719.9389827673913,5.419239785880317,1,0.10544441545425118,4.0,thick,thick,0.5714285714285714,True,874.8116629984961
45,129,642,0,206,217,11.611013160986195,,380.25,517.75,1,11.611013160986195,12,740.7790103407767,1285.041184877682,0.23809523809523808,0.25,3,0.41666666666666663,2.857142857142857,0.39370039370059057,739.4531156417398,687.1194204432169,874.8116629984961,0.23809523809523808,740.7790103407767,1285.041184877682,2.764526943091951,3,0.25837538536948756,2.857142857142857,discontinuous,discontinuous,0.23809523809523808,True,874.8116629984961
37,439,643,0,225,209,84.44815570232811,,397.28515625,759.71484375,1,84.44815570232811,84,808.8160920971345,1751.915518226867,0.3333333333333333,0.34523809523809523,6,0.1428571428571429,2.7222222222222223,0.47904875895124494,775.3330136152728,763.2039021843851,874.8116629984961,0.3333333333333333,808.8160920971345,1751.915518226867,28.149385234109367,6,0.07104950901650761,2.7222222222222223,reticular,reticular,0.3333333333333333,True,874.8116629984961
37,76,644,0,225,214,35.185304679585705,,390.75,722.75,1,35.185304679585705,35,842.6232311388454,2054.625546726408,0.3877551020408163,0.4,3,0.4571428571428572,5.0,0.3244428422615251,808.5041030976537,831.491214869092,874.8116629984961,0.3877551020408163,842.6232311388454,2054.625546726408,13.643281406369967,3,0.08526286832867988,5.0,discontinuous,discontinuous,0.3877551020408163,True,874.8116629984961
24,327,645,0,200,226,24.417910851959423,,378.140625,862.140625,1,24.417910851959423,24,868.6714310899399,1632.687057707712,0.44047619047619047,0.4583333333333333,2,0.16666666666666663,3.7,0.38317423996642774,806.4576218920465,875.5410616984142,874.8116629984961,0.44047619047619047,868.6714310899399,1632.687057707712,10.755508351458317,2,0.08190708910871093,3.7,thick,thick,0.44047619047619047,True,874.8116629984961
327,620,646,0,226,197,5.022769506046773,,379.75390625,877.24609375,1,5.022769506046773,5,1247.2176769965804,1573.9292093868503,0.9714285714285714,1.0,1,0.0,6.8,0.058823529411764705,1238.3919457867464,1183.2454958325702,874.8116629984961,0.9714285714285714,1247.2176769965804,1573.9292093868503,4.879261805874008,1,0.1990933485592217,6.8,thick,thick,0.9714285714285714,True,874.8116629984961
98,327,647,0,205,226,1.0,,378.5,851.5,1,1.0,1,1287.5714285714287,1477.0,1.0,1.0,1,0.0,7.0,,1143.375,1370.9583333333333,874.8116629984961,1.0,1287.5714285714287,1477.0,1.0,1,1.0,7.0,thick,thick,1.0,True,874.8116629984961
327,511,648,0,226,219,33.5740235632081,,393.609375,844.609375,1,33.5740235632081,34,981.2870164061505,2117.029032105359,0.5756302521008403,1.0,1,0.0,4.029411764705882,0.3268410682808483,919.6580235858157,899.939456065791,874.8116629984961,0.5756302521008403,981.2870164061505,2117.029032105359,19.32622364772903,1,0.02978493173799533,4.029411764705882,thick,thick,0.5756302521008403,True,874.8116629984961
221,620,649,0,227,197,11.244812765334267,,380.6484375,884.640625,1,11.244812765334267,11,1035.6212726313136,1656.9459201225916,0.6623376623376623,1.0,1,0.0,4.636363636363637,0.30878462251026706,1008.4213822516685,989.3927442642608,874.8116629984961,0.6623376623376623,1035.6212726313136,1656.9459201225916,7.447863000416203,1,0.08892989335338868,4.636363636363637,thick,thick,0.6623376623376623,True,874.8116629984961
105,638,650,0,228,202,64.53924966035828,,405.640625,63.359375,1,64.53924966035828,65,727.569054636022,1526.1990333614388,0.25274725274725274,0.5230769230769231,1,0.4769230769230769,3.3823529411764706,0.4535930906346079,697.0976701491448,715.9919976478445,874.8116629984961,0.25274725274725274,727.569054636022,1526.1990333614388,16.31211804602462,1,0.015494447259033236,3.3823529411764706,punctate,punctate,0.25274725274725274,True,874.8116629984961
105,629,651,0,228,216,47.61924438018787,,407.50390625,43.50390625,1,47.61924438018787,48,676.2303946016796,1349.4634977621688,0.2113095238095238,0.3125,1,0.6875,4.733333333333333,0.23735633163877068,643.9451225118137,686.1304287578549,874.8116629984961,0.2113095238095238,676.2303946016796,1349.4634977621688,10.062399854146841,1,0.020999913228695686,4.733333333333333,punctate,punctate,0.2113095238095238,True,874.8116629984961
221,327,652,0,227,226,50.031248689551234,,402.86328125,865.86328125,1,50.031248689551234,50,1084.113632766911,1962.8955626871752,0.74,1.0,1,0.0,5.18,0.14798276368136526,1043.2105739965396,1031.3416105147232,874.8116629984961,0.74,1084.113632766911,1962.8955626871752,37.023124030267915,1,0.019987508331145147,5.18,thick,thick,0.74,True,874.8116629984961
73,221,653,0,221,227,24.697469672118206,,392.71484375,894.28515625,1,24.697469672118206,25,839.4543599449652,1830.6031977800355,0.34285714285714286,0.48,3,0.24,3.1578947368421053,0.565194165260439,859.8665816532515,787.0441918772871,874.8116629984961,0.34285714285714286,839.4543599449652,1830.6031977800355,8.467703887583385,3,0.12146993355302303,3.1578947368421053,discontinuous,discontinuous,0.34285714285714286,True,874.8116629984961
511,616,654,0,219,223,39.28603625951298,,399.75390625,808.24609375,1,39.28603625951298,39,865.5970253329242,1591.0295627124087,0.42124542124542125,1.0,1,0.0,2.948717948717949,0.40600408799752186,783.0624648236496,847.6381895560695,874.8116629984961,0.42124542124542125,865.5970253329242,1591.0295627124087,16.54906289320144,1,0.025454336838521177,2.948717948717949,thick,thick,0.42124542124542125,True,874.8116629984961
57,626,655,0,207,229,21.74665947637772,,390.16796875,627.16796875,1,21.74665947637772,22,877.8675766401292,1477.069143754811,0.44155844155844154,0.6363636363636364,2,0.045454545454545414,3.238095238095238,0.2999423243289874,828.9479434094009,838.4698943866825,874.8116629984961,0.44155844155844154,877.8675766401292,1477.069143754811,9.60242106749146,2,0.09196814812741688,3.238095238095238,thick,thick,0.44155844155844154,True,874.8116629984961
488,626,656,0,215,229,28.76310409836297,,393.5,643.5,1,28.76310409836297,29,777.6778967172634,1378.6055948286287,0.22167487684729065,0.27586206896551724,5,0.3793103448275862,2.5,0.48534065928536785,736.8024526568227,762.4756516271154,874.8116629984961,0.22167487684729065,777.6778967172634,1378.6055948286287,6.3760575587504125,5,0.1738338109440897,2.5,discontinuous,discontinuous,0.22167487684729065,True,874.8116629984961
502,638,657,0,213,202,22.30201193899439,,394.53515625,90.53515625,1,22.30201193899439,22,778.4839729424381,1318.7116035655768,0.3181818181818182,1.0,1,0.0,2.227272727272727,0.6193465675711641,775.2070461570154,704.823927072771,874.8116629984961,0.3181818181818182,778.4839729424381,1318.7116035655768,7.096094707861852,1,0.04483900388608125,2.227272727272727,punctate,punctate,0.3181818181818182,True,874.8116629984961
341,375,658,0,224,218,20.689862621366114,,392.86328125,260.86328125,2,20.689862621366114,21,1034.0098781590646,2165.807439539472,0.5850340136054422,1.0,1,0.0,4.095238095238095,0.22487301867225254,953.7052306616024,952.9398167782654,874.8116629984961,0.5850340136054422,1034.0098781590646,2165.807439539472,12.104273370323032,1,0.048332848714389955,4.095238095238095,thick,thick,0.5850340136054422,True,874.8116629984961
129,539,659,0,217,211,81.11672642828819,,411.24609375,514.75390625,1,81.11672642828819,81,808.6952151000098,1509.8793186975784,0.30335097001763667,0.345679012345679,5,0.24691358024691357,2.819672131147541,0.5237078151110952,780.3448085909836,786.4601179459415,874.8116629984961,0.30335097001763667,808.6952151000098,1509.8793186975784,24.606837646676485,5,0.061639568312958054,2.819672131147541,discontinuous,discontinuous,0.30335097001763667,True,874.8116629984961
486,631,660,0,220,230,24.207637899467272,,394.16796875,987.16796875,1,24.207637899467272,24,983.1762775122081,1958.6022394923598,0.6130952380952381,0.6666666666666666,2,0.04166666666666663,4.478260869565218,0.27835478032682426,900.1687316952152,984.1849480250412,874.8116629984961,0.6130952380952381,983.1762775122081,1958.6022394923598,14.841587521697198,2,0.08261855238854235,4.478260869565218,thick,thick,0.6130952380952381,True,874.8116629984961
552,631,661,0,177,230,32.83442896209022,,387.828125,1009.171875,1,32.83442896209022,33,851.6330125833306,1564.9312893741933,0.43722943722943725,0.6060606060606061,2,0.030303030303030276,3.15625,0.41994673387026726,872.573001460891,753.7610412356125,874.8116629984961,0.43722943722943725,851.6330125833306,1564.9312893741933,14.356178896844643,2,0.060911672997546205,3.15625,thick,thick,0.43722943722943725,True,874.8116629984961
65,495,662,0,231,188,11.877706845995341,,389.10546875,367.10546875,1,11.877706845995341,12,752.3991756431662,1242.4271807988794,0.16666666666666666,0.25,3,0.5,2.3333333333333335,0.40406101782088427,684.2005527406999,777.2543656111501,874.8116629984961,0.16666666666666666,752.3991756431662,1242.4271807988794,1.9796178076658901,3,0.25257400598428414,2.3333333333333335,discontinuous,discontinuous,0.16666666666666666,True,874.8116629984961
65,102,663,0,231,208,47.707732360398666,,395.53515625,392.46484375,1,47.707732360398666,48,730.1545616559704,1435.5430216524392,0.1875,0.4375,3,0.5,2.625,0.47698346670846725,727.0336164870099,689.9288316977618,874.8116629984961,0.1875,730.1545616559704,1435.5430216524392,8.94519981757475,3,0.06288288819382759,2.625,discontinuous,discontinuous,0.1875,True,874.8116629984961
518,588,664,0,222,232,54.66259062079986,,406.16796875,591.16796875,1,54.66259062079986,55,740.8139152123388,1349.8745907712705,0.18441558441558442,0.2727272727272727,6,0.3090909090909091,1.868421052631579,0.5781514296274308,695.4533727229058,722.1919714601632,874.8116629984961,0.18441558441558442,740.8139152123388,1349.8745907712705,10.08063359500465,6,0.10976428178500779,1.868421052631579,reticular,reticular,0.18441558441558442,True,874.8116629984961
57,588,665,0,207,232,16.58527471436649,,390.25,612.75,1,16.58527471436649,17,737.3142484451776,1290.5108379485357,0.16806722689075632,0.4117647058823529,3,0.17647058823529416,1.4285714285714286,0.43588989435406733,716.623647411751,683.9109794122099,874.8116629984961,0.16806722689075632,737.3142484451776,1290.5108379485357,2.7874411284649567,3,0.1808833469246874,1.4285714285714286,discontinuous,discontinuous,0.16806722689075632,True,874.8116629984961
341,495,666,0,224,188,19.07400927629306,,396.49609375,285.50390625,1,19.07400927629306,19,903.7501382639267,1517.7518896915872,0.48872180451127817,1.0,1,0.0,3.4210526315789473,0.2894598111111812,868.1024521555082,845.8085313245016,874.8116629984961,0.48872180451127817,903.7501382639267,1517.7518896915872,9.321884232774805,1,0.05242736257043202,3.4210526315789473,thick,thick,0.48872180451127817,True,874.8116629984961
158,375,667,0,212,218,31.556021497198653,,405.25,186.25,1,31.556021497198653,32,748.4870188215692,1292.1393465769295,0.20982142857142858,0.4375,4,0.21875,1.88,0.4592985775515512,712.0531165746199,726.0957023835563,874.8116629984961,0.20982142857142858,748.4870188215692,1292.1393465769295,6.621129510572932,4,0.12675869169233184,1.88,discontinuous,discontinuous,0.20982142857142858,True,874.8116629984961
102,405,668,0,208,233,44.28600452070641,,400.28515625,423.00390625,1,44.28600452070641,44,631.2737163686172,1251.510128001095,0.1038961038961039,0.11363636363636363,4,0.6818181818181819,2.2857142857142856,0.5340002340823458,618.8472421550073,621.0106447794989,874.8116629984961,0.1038961038961039,631.2737163686172,1251.510128001095,4.601143326826641,4,0.09032198870254271,2.2857142857142856,discontinuous,discontinuous,0.1038961038961039,True,874.8116629984961
129,405,669,0,217,233,46.38471850943911,,408.5,448.5,1,46.38471850943911,46,696.5943317931601,1500.4956978197956,0.11801242236024845,0.2608695652173913,4,0.6086956521739131,2.111111111111111,0.5210260492953508,673.9080310035595,669.7507723271184,874.8116629984961,0.11801242236024845,696.5943317931601,1500.4956978197956,5.4739729917971625,4,0.0862352974975156,2.111111111111111,discontinuous,discontinuous,0.11801242236024845,True,874.8116629984961
58,495,670,0,234,188,52.6212026338314,,393.171875,335.828125,1,52.6212026338314,53,765.5894693976687,1479.2018405393028,0.25067385444743934,0.33962264150943394,5,0.1132075471698113,1.9787234042553192,0.4943898465622644,718.7937467733302,739.352208929798,874.8116629984961,0.25067385444743934,765.5894693976687,1479.2018405393028,13.190759689882265,5,0.09501873293913247,1.9787234042553192,discontinuous,discontinuous,0.25067385444743934,True,874.8116629984961
50,629,671,0,235,216,50.10652800630308,,412.5,10.5,1,50.10652800630308,50,859.3770139538244,1814.6553563385346,0.4828571428571429,0.52,2,0.06000000000000005,3.595744680851064,0.36128609520647925,828.1538866146739,789.9020025304281,874.8116629984961,0.4828571428571429,859.3770139538244,1814.6553563385346,24.194294951614918,2,0.03991495878038911,3.595744680851064,thick,thick,0.4828571428571429,True,874.8116629984961
58,65,674,0,234,231,12.905342812164275,,398.640625,366.3515625,1,12.905342812164275,13,663.6056316455116,1032.4148995516043,0.054945054945054944,0.07692307692307693,2,0.8461538461538461,2.5,0.2,643.570510910489,643.9996159292202,874.8116629984961,0.054945054945054944,663.6056316455116,1032.4148995516043,0.7090847698991359,2,0.15497457364052714,2.5,minimal,minimal,0.054945054945054944,True,874.8116629984961
588,626,675,0,232,229,51.62848124237493,,419.13671875,611.13671875,1,51.62848124237493,52,702.7429663959064,1575.7862858350193,0.14285714285714285,0.2692307692307692,6,0.40384615384615385,1.6774193548387097,0.5743532508872338,682.7986672027449,648.828054558245,874.8116629984961,0.14285714285714285,702.7429663959064,1575.7862858350193,7.375497320339275,6,0.11621492353866494,1.6774193548387097,discontinuous,discontinuous,0.14285714285714285,True,874.8116629984961
76,626,676,0,214,229,14.857843416144433,,402.49609375,660.50390625,1,14.857843416144433,15,858.2325347063293,1452.5835443765889,0.4666666666666667,1.0,1,0.0,3.2666666666666666,0.39467509399619827,822.3921773822464,798.3299477370587,874.8116629984961,0.4666666666666667,858.2325347063293,1452.5835443765889,6.933660260867402,1,0.06730451869706788,3.2666666666666666,thick,thick,0.4666666666666667,True,874.8116629984961
221,561,677,0,227,204,13.244812765334268,,404.86328125,904.86328125,1,13.244812765334268,13,891.4989205402263,1481.5402590749684,0.4835164835164835,0.5384615384615384,2,0.15384615384615385,4.0,0.511237358145545,860.5220762616116,871.8818166759373,874.8116629984961,0.4835164835164835,891.4989205402263,1481.5402590749684,6.404085293128658,2,0.1510025121105987,4.0,thick,thick,0.4835164835164835,True,874.8116629984961
375,460,678,0,218,236,62.641533051299966,,406.609375,225.390625,1,62.641533051299966,63,829.6417487821766,2088.876227824693,0.3242630385487528,0.49206349206349204,7,0.25396825396825395,3.0425531914893615,0.48871063523513714,772.5986395638747,819.1508927889774,874.8116629984961,0.3242630385487528,829.6417487821766,2088.876227824693,20.312333846566656,7,0.11174694582055304,3.0425531914893615,reticular,reticular,0.3242630385487528,True,874.8116629984961
341,460,679,0,224,236,76.57808272335436,,437.6875,255.6875,1,76.57808272335436,77,763.4180576695919,1749.8414374535187,0.3246753246753247,0.44155844155844154,4,0.24675324675324672,3.0172413793103448,0.43296792547461976,722.5031592420778,736.2923666422276,874.8116629984961,0.3246753246753247,763.4180576695919,1749.8414374535187,24.863013871218946,4,0.05223426674771138,3.0172413793103448,discontinuous,discontinuous,0.3246753246753247,True,874.8116629984961
134,495,680,0,237,188,24.989390847592013,,399.6484375,302.3515625,1,24.989390847592013,25,801.7231633895682,1354.332330655196,0.3657142857142857,1.0,1,0.0,2.56,0.4826076628587656,795.4492031049981,746.2294156025409,874.8116629984961,0.3657142857142857,801.7231633895682,1354.332330655196,9.138977224262222,1,0.040016981850374334,2.56,punctate,punctate,0.3657142857142857,True,874.8116629984961
300,561,681,0,238,204,26.919644883673907,,404.75,916.75,1,26.919644883673907,27,992.8367783114297,1706.2020548142234,0.6137566137566137,1.0,1,0.0,4.296296296296297,0.32186473625162876,919.4290806453789,963.8982479189712,874.8116629984961,0.6137566137566137,992.8367783114297,1706.2020548142234,16.522110087334248,1,0.03714759256005175,4.296296296296297,thick,thick,0.6137566137566137,True,874.8116629984961
58,461,682,0,234,239,43.06661591666469,,407.75390625,335.24609375,1,43.06661591666469,43,593.141127133847,1142.613397237029,0.0664451827242525,0.2558139534883721,1,0.7441860465116279,1.8181818181818181,0.6557438524302001,584.6475722896055,577.4058884380466,874.8116629984961,0.0664451827242525,593.141127133847,1142.613397237029,2.861569163897986,1,0.02321984160387788,1.8181818181818181,discontinuous,discontinuous,0.0664451827242525,True,874.8116629984961
300,486,683,0,238,220,19.20858976928948,,406.89453125,935.10546875,1,19.20858976928948,19,908.8088911779643,1546.4098261135625,0.5488721804511278,1.0,1,0.0,3.8421052631578947,0.41595140960791716,907.7290226574987,839.8111202591286,874.8116629984961,0.5488721804511278,908.8088911779643,1546.4098261135625,10.543060550061142,1,0.052060042512792434,3.8421052631578947,thick,thick,0.5488721804511278,True,874.8116629984961
58,134,684,0,234,237,3.8131291852998452,,403.68359375,316.31640625,1,3.8131291852998452,4,983.7568831554927,1489.867845082132,0.5,0.75,1,0.25,4.666666666666667,0.20203050891044214,1018.4327466772273,884.2071894545406,874.8116629984961,0.5,983.7568831554927,1489.867845082132,1.9065645926499226,1,0.26225180197281067,4.666666666666667,thick,thick,0.5,True,874.8116629984961
76,79,685,0,214,240,66.20699608703913,,407.28515625,697.71484375,1,66.20699608703913,66,934.8870733489026,2251.362698608471,0.5238095238095238,1.0,1,0.0,3.6666666666666665,0.2861700775732361,898.9819434873199,846.1886060657081,874.8116629984961,0.5238095238095238,934.8870733489026,2251.362698608471,34.679855093210975,1,0.015104143959127046,3.6666666666666665,thick,thick,0.5238095238095238,True,874.8116629984961
134,341,686,0,237,224,25.794485350795746,,415.49609375,287.49609375,1,25.794485350795746,26,841.8489756486989,1520.1945150164286,0.44505494505494503,1.0,1,0.0,3.1153846153846154,0.4299771547473579,765.3853841961894,815.097725900155,874.8116629984961,0.44505494505494503,841.8489756486989,1520.1945150164286,11.479963260518986,1,0.03876797642598248,3.1153846153846154,thick,thick,0.44505494505494503,True,874.8116629984961
218,502,687,0,241,213,41.10631560406372,,416.64453125,124.64453125,1,41.10631560406372,41,679.5567247753257,1260.4894801691548,0.10801393728222997,0.12195121951219512,7,0.5121951219512195,1.55,0.3803169716952128,658.9485930945335,635.3837135861396,874.8116629984961,0.10801393728222997,679.5567247753257,1260.4894801691548,4.44005499556089,7,0.17029013418337083,1.55,discontinuous,discontinuous,0.10801393728222997,True,874.8116629984961
158,218,688,0,212,241,41.17928472733682,,416.09765625,152.89453125,1,41.17928472733682,41,730.8431948211345,1212.047018846442,0.20209059233449478,0.4878048780487805,6,0.1707317073170732,1.7058823529411764,0.39012787927533654,685.3976140287349,707.0477765001812,874.8116629984961,0.20209059233449478,730.8431948211345,1212.047018846442,8.321946042458313,6,0.14570432778830922,1.7058823529411764,reticular,reticular,0.20209059233449478,True,874.8116629984961
37,321,689,0,225,242,63.77882177553293,,419.35546875,743.64453125,1,63.77882177553293,64,996.6806332876935,1954.1695592656915,0.5915178571428571,0.796875,3,0.09375,4.568965517241379,0.33295338497779803,941.2287252932332,941.3138406028575,874.8116629984961,0.5915178571428571,996.6806332876935,1954.1695592656915,37.72631198775943,3,0.047037557554110716,4.568965517241379,thick,thick,0.5915178571428571,True,874.8116629984961
76,321,690,0,214,242,24.94247142001256,,416.49609375,713.50390625,1,24.94247142001256,25,847.1990874897785,2141.4145984408287,0.3314285714285714,0.2,4,0.36,3.625,0.46647411236098907,805.240949413389,844.1766275260088,874.8116629984961,0.3314285714285714,847.1990874897785,2141.4145984408287,8.266647670632734,4,0.16036903210764453,3.625,discontinuous,discontinuous,0.3314285714285714,True,874.8116629984961
134,461,691,0,237,239,42.777641966471826,,426.50390625,316.50390625,1,42.777641966471826,43,744.5385111748749,1284.7805402256095,0.19933554817275748,0.46511627906976744,3,0.39534883720930236,2.3076923076923075,0.3126943839882287,703.1163930881429,726.4933739734362,874.8116629984961,0.19933554817275748,744.5385111748749,1284.7805402256095,8.527104710924617,3,0.07013009277957243,2.3076923076923075,discontinuous,discontinuous,0.19933554817275748,True,874.8116629984961
105,502,692,0,228,213,40.95271323979492,,421.609375,100.390625,1,40.95271323979492,41,713.51906736358,1216.6591204472777,0.17073170731707318,0.4634146341463415,2,0.31707317073170727,1.75,0.584044409030783,689.5769498321619,664.9881295154809,874.8116629984961,0.17073170731707318,713.51906736358,1216.6591204472777,6.991926650696694,2,0.048836813040669134,1.75,punctate,punctate,0.17073170731707318,True,874.8116629984961
65,380,693,0,231,243,24.556257304255478,,409.171875,377.828125,1,24.556257304255478,25,647.9236188015064,1205.5107427910627,0.07428571428571429,0.12,2,0.76,2.1666666666666665,0.6201736729460424,601.379082604966,655.3716160487211,874.8116629984961,0.07428571428571429,647.9236188015064,1205.5107427910627,1.8241791140304071,2,0.08144563624740199,2.1666666666666665,discontinuous,discontinuous,0.07428571428571429,True,874.8116629984961
194,486,694,0,244,220,13.179009176609963,,408.86328125,978.86328125,1,13.179009176609963,13,850.046315358676,1736.2602971710646,0.45054945054945056,0.6923076923076923,2,0.07692307692307687,3.4166666666666665,0.3475074841164636,799.3402896699774,865.0764188070366,874.8116629984961,0.45054945054945056,850.046315358676,1736.2602971710646,5.937795343307785,2,0.15175647677289653,3.4166666666666665,thick,thick,0.45054945054945056,True,874.8116629984961
58,380,695,0,234,243,24.821942124320348,,415.75390625,360.75390625,1,24.821942124320348,25,853.0429055059979,1585.221949784373,0.3942857142857143,1.0,1,0.0,2.76,0.4944557133110719,828.2629300650809,784.5842265040479,874.8116629984961,0.3942857142857143,853.0429055059979,1585.221949784373,9.786937180446309,1,0.04028693625146308,2.76,punctate,punctate,0.3942857142857143,True,874.8116629984961
194,631,696,0,244,230,69.33567944199955,,434.5,996.5,1,69.33567944199955,69,766.6967899038813,1415.815638020909,0.2505175983436853,0.2318840579710145,8,0.21739130434782605,2.240740740740741,0.4619975160123533,742.9271971220551,724.4651304595436,874.8116629984961,0.2505175983436853,766.6967899038813,1415.815638020909,17.36980789333736,8,0.11538071111990954,2.240740740740741,reticular,reticular,0.2505175983436853,True,874.8116629984961
323,626,697,0,245,229,31.056396096836067,,419.25,655.25,1,31.056396096836067,31,691.5367596045255,1476.5818462592163,0.21658986175115208,0.3548387096774194,2,0.5806451612903225,3.6153846153846154,0.41366429989837405,675.3230725131839,675.2571746775493,874.8116629984961,0.21658986175115208,691.5367596045255,1476.5818462592163,6.726500537102743,2,0.06439897255830511,3.6153846153846154,punctate,punctate,0.21658986175115208,True,874.8116629984961
76,323,698,0,214,245,1.0,,408.5,665.5,1,1.0,1,1177.0892857142858,1651.875,0.7142857142857143,1.0,1,0.0,5.0,,961.5833333333334,1295.6666666666667,874.8116629984961,0.7142857142857143,1177.0892857142858,1651.875,0.7142857142857143,1,1.0,5.0,thick,thick,0.7142857142857143,True,874.8116629984961
486,569,699,0,220,246,22.971784780750518,,408.6484375,952.640625,1,22.971784780750518,23,912.0674310682788,1572.4758733656627,0.5900621118012422,1.0,1,0.0,4.130434782608695,0.36615846591423346,883.3657651286397,874.4049472150825,874.8116629984961,0.5900621118012422,912.0674310682788,1572.4758733656627,13.554779839573287,1,0.04353166327929217,4.130434782608695,thick,thick,0.5900621118012422,True,874.8116629984961
79,323,700,0,240,245,51.782251932367664,,427.64453125,681.35546875,1,51.782251932367664,52,826.9865165574529,1664.1319528618135,0.3626373626373626,0.2692307692307692,7,0.1923076923076923,3.142857142857143,0.6193616192718089,820.057507767163,778.2188182179796,874.8116629984961,0.3626373626373626,826.9865165574529,1664.1319528618135,18.778179272177283,7,0.13518145192184067,3.142857142857143,reticular,reticular,0.3626373626373626,True,874.8116629984961
74,511,701,0,247,219,29.516936104489083,,412.53515625,824.53515625,1,29.516936104489083,30,895.0573143783516,1582.4063261824604,0.5047619047619047,1.0,1,0.0,3.533333333333333,0.46638517337012364,902.3992593276774,829.8531735427053,874.8116629984961,0.5047619047619047,895.0573143783516,1582.4063261824604,14.899024890837346,1,0.03387885505663696,3.533333333333333,thick,thick,0.5047619047619047,True,874.8116629984961
74,327,702,0,247,226,16.163761471344717,,415.53515625,844.46484375,1,16.163761471344717,16,1011.6654645819225,1512.0273842915385,0.7410714285714286,1.0,1,0.0,5.1875,0.16996067445380583,950.8425283682191,1005.1427920526855,874.8116629984961,0.7410714285714286,1011.6654645819225,1512.0273842915385,11.978501804657245,1,0.061866787738287916,5.1875,thick,thick,0.7410714285714286,True,874.8116629984961
221,300,703,0,227,238,26.229041907238162,,417.171875,894.171875,1,26.229041907238162,26,961.099961852933,1738.337044694702,0.554945054945055,1.0,1,0.0,3.8846153846153846,0.39961259545763494,914.1953145243539,898.7243285090478,874.8116629984961,0.554945054945055,961.099961852933,1738.337044694702,14.555677102368431,1,0.03812567777109846,3.8846153846153846,thick,thick,0.554945054945055,True,874.8116629984961
255,486,704,0,248,220,11.259362192633056,,411.50390625,968.49609375,1,11.259362192633056,11,883.4139568386186,1359.8317265488693,0.4935064935064935,1.0,1,0.0,3.4545454545454546,0.4340111184860695,864.049897398226,820.2624501044331,874.8116629984961,0.4935064935064935,883.4139568386186,1359.8317265488693,5.556568354805924,1,0.08881497751749162,3.4545454545454546,thick,thick,0.4935064935064935,True,874.8116629984961
300,569,705,0,238,246,39.42900327772084,,432.35546875,938.35546875,1,39.42900327772084,39,895.7989178433871,1685.6026816858353,0.4542124542124542,0.5641025641025641,3,0.05128205128205132,3.3513513513513513,0.4344372129405043,829.359223808031,855.2947169847573,874.8116629984961,0.4542124542124542,895.7989178433871,1685.6026816858353,17.90914434592448,3,0.076086123173576,3.3513513513513513,thick,thick,0.4542124542124542,True,874.8116629984961
255,569,706,0,248,246,49.05937365003928,,437.49609375,957.50390625,1,49.05937365003928,49,894.5594214439157,1746.6903936808624,0.41690962099125367,1.0,1,0.0,2.9183673469387754,0.32349744073343717,820.5926613272163,822.4362301991656,874.8116629984961,0.41690962099125367,894.5594214439157,1746.6903936808624,20.453324874506173,1,0.020383464475788295,2.9183673469387754,thick,thick,0.41690962099125367,True,874.8116629984961
194,255,707,0,244,248,51.25114519663013,,438.5,977.5,1,51.25114519663013,51,789.0842234463935,1502.8001889901648,0.2857142857142857,0.6078431372549019,4,0.17647058823529416,2.4285714285714284,0.3496579313750394,761.1089167123276,761.2495284405153,874.8116629984961,0.2857142857142857,789.0842234463935,1502.8001889901648,14.64318434189432,4,0.07804703650335229,2.4285714285714284,discontinuous,discontinuous,0.2857142857142857,True,874.8116629984961
102,380,708,0,208,243,9.279227891313095,,419.49609375,389.50390625,1,9.279227891313095,9,900.1086528967446,1410.5394166166477,0.4603174603174603,0.6666666666666666,2,0.11111111111111116,3.625,0.5330905115082865,861.4237954409474,887.1738262277834,874.8116629984961,0.4603174603174603,900.1086528967446,1410.5394166166477,4.271390616636186,2,0.215535174200467,3.625,thick,thick,0.4603174603174603,True,874.8116629984961
158,527,709,0,212,249,8.50879059277393,,418.12890625,174.86328125,1,8.50879059277393,9,686.1184687554916,959.6385305132947,0.1111111111111111,0.3333333333333333,2,0.4444444444444444,1.4,0.3499271061118826,643.9663241306228,667.010518435521,874.8116629984961,0.1111111111111111,686.1184687554916,959.6385305132947,0.9454211769748812,2,0.23505103083609732,1.4,minimal,minimal,0.1111111111111111,True,874.8116629984961
218,527,710,0,241,249,57.56363578103277,,443.50390625,160.50390625,1,57.56363578103277,58,659.9602030242195,1163.2294443249202,0.06403940886699508,0.1896551724137931,2,0.7758620689655172,2.0,0.3922322702763681,638.9346619021222,635.7516102572989,874.8116629984961,0.06403940886699508,659.9602030242195,1163.2294443249202,3.686341207652345,2,0.0347441570162078,2.0,discontinuous,discontinuous,0.06403940886699508,True,874.8116629984961
375,527,711,0,218,249,41.18851777717114,,433.13671875,191.86328125,1,41.18851777717114,41,653.4228700195201,1169.2853218870757,0.11149825783972125,0.14634146341463414,6,0.5121951219512195,1.6,0.4145780987944249,616.1924040681747,617.7859362889847,874.8116629984961,0.11149825783972125,653.4228700195201,1169.2853218870757,4.592447975154971,6,0.14567166588659128,1.6,discontinuous,discontinuous,0.11149825783972125,True,874.8116629984961
74,616,712,0,247,223,1.0,,419.5,812.5,1,1.0,1,1242.9285714285713,1583.75,0.8571428571428571,1.0,1,0.0,6.0,,1380.375,1003.3333333333334,874.8116629984961,0.8571428571428571,1242.9285714285713,1583.75,0.8571428571428571,1,1.0,6.0,thick,thick,0.8571428571428571,True,874.8116629984961
74,431,713,0,247,250,48.32138604484675,,430.3125,831.6875,1,48.32138604484675,48,940.0509525877309,1979.682414125571,0.47619047619047616,1.0,1,0.0,3.3333333333333335,0.37914377220257756,895.0077002408419,821.5098217966676,874.8116629984961,0.47619047619047616,940.0509525877309,1979.682414125571,23.010183830879402,1,0.020694770615062797,3.3333333333333335,thick,thick,0.47619047619047616,True,874.8116629984961
431,616,714,0,250,223,5.729833133469634,,421.75,810.75,1,5.729833133469634,6,1021.4201161811945,1615.620569183634,0.6666666666666666,1.0,1,0.0,4.666666666666667,0.36421567954234174,1005.755890793646,940.3106762216075,874.8116629984961,0.6666666666666666,1021.4201161811945,1615.620569183634,3.8198887556464225,1,0.17452515225246387,4.666666666666667,thick,thick,0.6666666666666666,True,874.8116629984961
479,539,715,0,251,211,57.66658572736826,,431.50390625,534.50390625,1,57.66658572736826,58,806.5561515337542,1498.69337254497,0.3793103448275862,0.3793103448275862,4,0.1724137931034483,3.2083333333333335,0.5088191694586943,755.6302323742643,791.5311877289811,874.8116629984961,0.3793103448275862,806.5561515337542,1498.69337254497,21.873532517277614,4,0.06936425920741864,3.2083333333333335,discontinuous,discontinuous,0.3793103448275862,True,874.8116629984961
479,518,716,0,251,222,19.250194271961725,,425.859375,566.140625,1,19.250194271961725,19,876.2225442446484,1601.4495969754291,0.45864661654135336,1.0,1,0.0,3.210526315789474,0.2959913128732424,797.6088288535115,846.0317761750928,874.8116629984961,0.45864661654135336,876.2225442446484,1601.4495969754291,8.829036470598986,1,0.0519475276910072,3.210526315789474,thick,thick,0.45864661654135336,True,874.8116629984961
74,221,717,0,247,227,9.788005374143111,,424.28125,850.71875,1,9.788005374143111,10,919.3539570286157,1519.3652792299756,0.5714285714285714,0.5,2,0.19999999999999996,5.0,0.2645751311064591,891.4593697885009,919.2541598060272,874.8116629984961,0.5714285714285714,919.3539570286157,1519.3652792299756,5.5931459280817775,2,0.2043317227106743,5.0,thick,thick,0.5714285714285714,True,874.8116629984961
102,278,718,0,208,252,27.518506669980294,,424.13671875,406.86328125,1,27.518506669980294,28,760.8208605511338,1373.682381902646,0.23979591836734693,0.42857142857142855,4,0.25,2.238095238095238,0.5834599659915783,702.1781216951671,747.9681931080128,874.8116629984961,0.23979591836734693,760.8208605511338,1373.682381902646,6.5988255790258865,4,0.14535672476601233,2.238095238095238,discontinuous,discontinuous,0.23979591836734693,True,874.8116629984961
42,616,719,0,253,223,11.993047531862416,,421.68359375,802.67578125,1,11.993047531862416,12,1015.9118984030772,1503.0788578535862,0.6428571428571429,1.0,1,0.0,4.5,0.2644973492052907,936.4233507979555,1011.4985398022287,874.8116629984961,0.6428571428571429,1015.9118984030772,1503.0788578535862,7.709816270482983,1,0.08338164235097538,4.5,thick,thick,0.6428571428571429,True,874.8116629984961
278,380,720,0,252,243,19.681812214843063,,431.16796875,396.83203125,1,19.681812214843063,20,906.8062317717159,1748.8967330980474,0.5071428571428571,1.0,1,0.0,3.55,0.30175049698068385,823.2861442865333,862.7332903802295,874.8116629984961,0.5071428571428571,906.8062317717159,1748.8967330980474,9.981490480384696,1,0.05080832949141994,3.55,thick,thick,0.5071428571428571,True,874.8116629984961
66,221,721,0,254,227,32.36158171114535,,426.31640625,865.61328125,1,32.36158171114535,32,884.3944398663215,1679.4543921223994,0.45089285714285715,1.0,1,0.0,3.15625,0.38892117507727436,810.7332533654908,859.3436804098108,874.8116629984961,0.45089285714285715,884.3944398663215,1679.4543921223994,14.591606039400357,1,0.030900838189117295,3.15625,thick,thick,0.45089285714285715,True,874.8116629984961
278,405,722,0,252,233,24.06269012564756,,429.13671875,430.86328125,1,24.06269012564756,24,729.1631555062688,1219.514750732722,0.27380952380952384,0.75,1,0.25,2.5555555555555554,0.26801800012908594,692.393207766091,675.8804038781742,874.8116629984961,0.27380952380952384,729.1631555062688,1219.514750732722,6.58859372487969,1,0.041558113194257354,2.5555555555555554,punctate,punctate,0.27380952380952384,True,874.8116629984961
42,431,723,0,253,250,48.57867420970302,,444.171875,814.828125,1,48.57867420970302,49,916.6954095940276,1946.580802397529,0.4752186588921283,0.9183673469387755,2,0.04081632653061229,3.4680851063829787,0.34091887090674367,838.0117842158942,847.7060884749618,874.8116629984961,0.4752186588921283,916.6954095940276,1946.580802397529,23.085492408692687,2,0.04117032900828989,3.4680851063829787,thick,thick,0.4752186588921283,True,874.8116629984961
66,300,724,0,254,238,50.218949151606246,,439.7578125,901.2421875,1,50.218949151606246,50,919.3675064905124,1843.6104356054575,0.5057142857142857,0.62,2,0.020000000000000018,3.6122448979591835,0.39077099357718836,873.6580099081527,848.4413620153871,874.8116629984961,0.5057142857142857,919.3675064905124,1843.6104356054575,25.396439999526585,2,0.03982560435428845,3.6122448979591835,thick,thick,0.5057142857142857,True,874.8116629984961
341,529,725,0,224,255,67.3696720571699,,446.859375,260.8671875,1,67.3696720571699,67,793.0040418364539,1515.312181594909,0.31130063965884863,0.34328358208955223,4,0.11940298507462688,2.4745762711864407,0.48990560937664834,755.206907813887,754.0622751938129,874.8116629984961,0.31130063965884863,793.0040418364539,1515.312181594909,20.97222200500385,4,0.0593738974505561,2.4745762711864407,discontinuous,discontinuous,0.31130063965884863,True,874.8116629984961
134,529,726,0,237,255,54.32907050602387,,446.46484375,295.53515625,1,54.32907050602387,54,728.1491774381456,1728.846395373876,0.21428571428571427,0.25925925925925924,6,0.16666666666666663,1.8,0.4625924443258073,680.3666365481499,685.4687125107681,874.8116629984961,0.21428571428571427,728.1491774381456,1728.846395373876,11.641943679862257,6,0.11043811248960601,1.8,reticular,reticular,0.21428571428571427,True,874.8116629984961
42,439,727,0,253,209,19.82403259954272,,435.13671875,795.13671875,1,19.82403259954272,20,1120.3792909969497,1775.7862395321406,0.7214285714285714,1.0,1,0.0,5.05,0.22117136538305623,1135.7337511031003,983.6387514653512,874.8116629984961,0.7214285714285714,1120.3792909969497,1775.7862395321406,14.301623518241533,1,0.05044382342385106,5.05,thick,thick,0.7214285714285714,True,874.8116629984961
602,629,728,0,256,216,38.877590330724686,,430.86328125,24.86328125,1,38.877590330724686,39,770.3403669532846,1442.1830613472603,0.2893772893772894,0.4358974358974359,4,0.15384615384615385,2.393939393939394,0.6334175191492052,743.6084106449356,734.2814250875547,874.8116629984961,0.2893772893772894,770.3403669532846,1442.1830613472603,11.250291707425825,4,0.10288703507528933,2.393939393939394,discontinuous,discontinuous,0.2893772893772894,True,874.8116629984961
58,298,729,0,234,257,10.0,,426.5,349.5,1,10.0,10,694.1107142857143,932.0,0.1,0.1,3,0.7,2.3333333333333335,0.5345224838248487,676.3916666666667,683.6666666666666,874.8116629984961,0.1,694.1107142857143,932.0,1.0,3,0.3,2.3333333333333335,discontinuous,discontinuous,0.1,True,874.8116629984961
105,602,730,0,228,256,31.81267891425309,,439.71875,53.28125,1,31.81267891425309,32,830.4836066052151,1473.9570093017805,0.4330357142857143,1.0,1,0.0,3.03125,0.39107374718331256,780.8689043669264,792.1117377346297,874.8116629984961,0.4330357142857143,830.4836066052151,1473.9570093017805,13.77602613697567,1,0.031434007890230466,3.03125,thick,thick,0.4330357142857143,True,874.8116629984961
298,461,731,0,257,239,34.72853273409214,,439.28125,334.28125,1,34.72853273409214,35,759.0146581328847,1229.47733284663,0.2163265306122449,0.42857142857142855,4,0.2857142857142857,2.12,0.36096465037186776,743.9659912707061,725.13420290237,874.8116629984961,0.2163265306122449,759.0146581328847,1229.47733284663,7.512702999619933,4,0.1151790670405519,2.12,discontinuous,discontinuous,0.2163265306122449,True,874.8116629984961
298,380,732,0,257,243,13.491406827337627,,432.64453125,356.35546875,1,13.491406827337627,13,825.6788878608498,1479.0789392022684,0.3076923076923077,0.3076923076923077,3,0.3076923076923077,3.111111111111111,0.5125964319431188,840.7374880259657,723.8456237094772,874.8116629984961,0.3076923076923077,825.6788878608498,1479.0789392022684,4.15120210071927,3,0.22236376371966654,3.111111111111111,discontinuous,discontinuous,0.3076923076923077,True,874.8116629984961
62,405,733,0,258,233,18.150729951694583,,431.35546875,452.35546875,1,18.150729951694583,18,755.3218121578395,1386.6679027073865,0.21428571428571427,0.16666666666666666,6,0.38888888888888884,2.4545454545454546,0.6809176411426012,721.7329197282338,732.5910843743285,874.8116629984961,0.21428571428571427,755.3218121578395,1386.6679027073865,3.889442132505982,6,0.33056521781592757,2.4545454545454546,reticular,reticular,0.21428571428571427,True,874.8116629984961
79,321,734,0,240,242,68.24681871217923,,437.64453125,741.35546875,1,68.24681871217923,68,744.6659295016889,2035.5725693667182,0.22058823529411764,0.39705882352941174,4,0.36764705882352944,2.441860465116279,0.3880295007135879,729.422820166738,679.3405500193126,874.8116629984961,0.22058823529411764,744.6659295016889,2035.5725693667182,15.054445304157184,4,0.058610790590392245,2.441860465116279,discontinuous,discontinuous,0.22058823529411764,True,874.8116629984961
62,129,735,0,258,217,20.615735380471808,,435.8671875,464.1328125,1,20.615735380471808,21,763.2563491374069,1231.4793616880415,0.14285714285714285,0.3333333333333333,3,0.38095238095238093,1.6153846153846154,0.5172752614857244,758.6504706615706,711.3499639074046,874.8116629984961,0.14285714285714285,763.2563491374069,1231.4793616880415,2.945105054353115,3,0.14551991207850587,1.6153846153846154,discontinuous,discontinuous,0.14285714285714285,True,874.8116629984961
66,74,736,0,254,247,31.996629023035965,,440.171875,853.828125,1,31.996629023035965,32,930.3942507010426,1538.8232649446713,0.625,1.0,1,0.0,4.375,0.24743582965269678,903.156630886914,881.6356074619418,874.8116629984961,0.625,930.3942507010426,1538.8232649446713,19.997893139397476,1,0.03125329231651404,4.375,thick,thick,0.625,True,874.8116629984961
111,518,737,0,259,222,17.693667798876277,,435.83203125,575.83203125,1,17.693667798876277,18,946.2620483425432,1593.114670822699,0.6746031746031746,1.0,1,0.0,4.722222222222222,0.20946463311488064,970.5447653313345,855.2694447562511,874.8116629984961,0.6746031746031746,946.2620483425432,1593.114670822699,11.936204467495902,1,0.056517394322476766,4.722222222222222,thick,thick,0.6746031746031746,True,874.8116629984961
62,278,738,0,258,252,24.288470448781553,,445.5,442.5,1,24.288470448781553,24,567.845975289035,1035.9229136914203,0.023809523809523808,0.041666666666666664,1,0.9583333333333334,4.0,,565.3493471760468,561.3171607560981,874.8116629984961,0.023809523809523808,567.845975289035,1035.9229136914203,0.5782969154471798,1,0.04117179803926952,4.0,minimal,minimal,0.023809523809523808,False,874.8116629984961
111,588,739,0,259,232,19.629715851722516,,442.13671875,588.86328125,1,19.629715851722516,20,826.909207423032,1560.9986655087664,0.37857142857142856,0.45,2,0.30000000000000004,3.7857142857142856,0.4806694038813961,741.6845022487602,836.7319217527432,874.8116629984961,0.37857142857142856,826.909207423032,1560.9986655087664,7.431249572437809,2,0.10188634492253738,3.7857142857142856,punctate,punctate,0.37857142857142856,True,874.8116629984961
321,439,740,0,242,209,25.513002016294752,,443.75,772.25,1,25.513002016294752,26,1009.747966720083,1709.2984280061216,0.6373626373626373,1.0,1,0.0,4.461538461538462,0.2726101431179637,1044.3113202459504,876.7932661238036,874.8116629984961,0.6373626373626373,1009.747966720083,1709.2984280061216,16.261034252143908,1,0.039195701053185185,4.461538461538462,thick,thick,0.6373626373626373,True,874.8116629984961
341,375,741,1,224,218,19.199587769423577,,441.7578125,221.7578125,2,19.199587769423577,19,760.8346380566838,1237.3330671363012,0.20300751879699247,0.3157894736842105,3,0.5263157894736843,3.0,0.6666666666666666,738.1100441428222,767.6370022993998,874.8116629984961,0.20300751879699247,760.8346380566838,1237.3330671363012,3.8976606749957634,3,0.15625335481304806,3.0,discontinuous,discontinuous,0.20300751879699247,True,874.8116629984961
294,323,742,0,260,245,32.78838723621979,,445.53125,661.46875,1,32.78838723621979,33,848.8135693040565,1259.6069632423173,0.43722943722943725,0.7272727272727273,2,0.030303030303030276,3.15625,0.41994673387026726,826.3989562661284,801.9893764808484,874.8116629984961,0.43722943722943725,848.8135693040565,1259.6069632423173,14.336048098953242,2,0.06099720567502308,3.15625,thick,thick,0.43722943722943725,True,874.8116629984961
294,626,743,0,260,229,21.735149137049046,,442.13671875,643.13671875,1,21.735149137049046,22,858.3876953462725,1345.7510542414104,0.4675324675324675,1.0,1,0.0,3.272727272727273,0.3469443332443555,867.7376419042284,759.8523108211488,874.8116629984961,0.4675324675324675,858.3876953462725,1345.7510542414104,10.161887908230723,1,0.04600842596913364,3.272727272727273,thick,thick,0.4675324675324675,True,874.8116629984961
484,502,744,0,261,213,11.827660562352385,,437.390625,113.390625,1,11.827660562352385,12,740.1409353839912,1263.4862600814336,0.20238095238095238,0.5,2,0.33333333333333337,2.125,0.548669356064048,726.1388282356838,692.2026273697625,874.8116629984961,0.20238095238095238,740.1409353839912,1263.4862600814336,2.3936932090475067,2,0.1690951468768075,2.125,punctate,punctate,0.20238095238095238,True,874.8116629984961
218,484,745,0,241,261,41.333620485655366,,446.7578125,135.2421875,1,41.333620485655366,41,766.8230611845413,1373.336591829566,0.313588850174216,0.6097560975609756,2,0.12195121951219512,2.5,0.447213595499958,730.6929225584404,715.4278828752065,874.8116629984961,0.313588850174216,766.8230611845413,1373.336591829566,12.961762521634085,2,0.048386760620064494,2.5,punctate,punctate,0.313588850174216,True,874.8116629984961
111,479,746,0,259,251,39.823883266056015,,453.16796875,559.17578125,1,39.823883266056015,40,870.6963204875302,1608.9507072940426,0.44642857142857145,1.0,1,0.0,3.125,0.36616935972306586,843.2039524347263,782.9713407710609,874.8116629984961,0.44642857142857145,870.6963204875302,1608.9507072940426,17.778519315203578,1,0.025110559744241527,3.125,thick,thick,0.44642857142857145,True,874.8116629984961
50,602,747,0,235,256,9.84896549566951,,438.3203125,4.609375,1,9.84896549566951,10,1004.4204184187287,1815.0122398949864,0.7,1.0,1,0.0,4.9,0.14285714285714285,1042.8531730285158,891.6861079803605,874.8116629984961,0.7,1004.4204184187287,1815.0122398949864,6.894275846968657,1,0.10153350627938434,4.9,thick,thick,0.7,True,874.8116629984961
369,380,749,0,262,243,55.881458171342906,,458.13671875,371.86328125,1,55.881458171342906,56,872.1730428008655,1794.9026336705622,0.42091836734693877,0.4107142857142857,4,0.0892857142857143,3.235294117647059,0.4803579932226511,839.5573105634365,801.9319205848608,874.8116629984961,0.42091836734693877,872.1730428008655,1794.9026336705622,23.521532138447906,4,0.07158009348530704,3.235294117647059,thick_to_reticular,thick_to_reticular,0.42091836734693877,True,874.8116629984961
267,278,750,0,263,252,53.05281623046117,,455.28125,421.71875,1,53.05281623046117,53,733.3911535956757,1449.9056173845372,0.18867924528301888,0.24528301886792453,5,0.24528301886792447,1.75,0.5229430062206608,706.5683078734598,692.3960644135024,874.8116629984961,0.18867924528301888,733.3911535956757,1449.9056173845372,10.009965326502108,5,0.09424570372060977,1.75,discontinuous,discontinuous,0.18867924528301888,True,874.8116629984961
105,484,751,0,228,261,7.144046695842728,,442.25,106.25,1,7.144046695842728,7,644.136460765014,903.1510863643335,0.02040816326530612,0.14285714285714285,1,0.8571428571428572,1.0,,627.5452175616671,628.7524731207969,874.8116629984961,0.02040816326530612,644.136460765014,903.1510863643335,0.14579687134372912,1,0.1399766886436956,1.0,minimal,minimal,0.02040816326530612,False,874.8116629984961
298,369,752,0,257,262,54.73402629074679,,463.16796875,344.16796875,1,54.73402629074679,55,900.29397500184,2100.546902051873,0.44155844155844154,0.8545454545454545,2,0.018181818181818188,3.1481481481481484,0.39809233683973244,860.963820523192,828.8206733472213,874.8116629984961,0.44155844155844154,900.29397500184,2100.546902051873,24.168271349160918,2,0.03654034127465816,3.1481481481481484,thick,thick,0.44155844155844154,True,874.8116629984961
267,380,753,0,263,243,113.53925393668699,,491.13671875,408.13671875,1,113.53925393668699,114,678.8259558450997,1366.9293971294285,0.11528822055137844,0.22807017543859648,5,0.631578947368421,2.1904761904761907,0.4369511139617778,659.6827908732834,650.9749445923554,874.8116629984961,0.11528822055137844,678.8259558450997,1366.9293971294285,13.089738549091733,5,0.04403763303560331,2.1904761904761907,discontinuous,discontinuous,0.11528822055137844,True,874.8116629984961
105,280,754,0,228,264,47.789159202379,,443.75390625,82.75390625,1,47.789159202379,48,771.1300014648526,1234.8491820847555,0.31547619047619047,0.9583333333333334,1,0.04166666666666663,2.3043478260869565,0.46023814783586664,734.7422686459043,726.0094504597309,874.8116629984961,0.31547619047619047,771.1300014648526,1234.8491820847555,15.076341891226706,1,0.02092524783215309,2.3043478260869565,punctate,punctate,0.31547619047619047,True,874.8116629984961
355,626,755,0,265,229,28.930113912020563,,446.5,623.5,1,28.930113912020563,29,878.4639297498782,1435.5914394013782,0.43842364532019706,0.8620689655172413,2,0.03448275862068961,3.1785714285714284,0.30378664796844435,839.0260560877269,826.5074148336552,874.8116629984961,0.43842364532019706,878.4639297498782,1435.5914394013782,12.683646000836601,2,0.06913211631596768,3.1785714285714284,thick,thick,0.43842364532019706,True,874.8116629984961
42,55,756,0,253,266,42.14365585695088,,458.13671875,804.86328125,1,42.14365585695088,42,1020.3713547564741,1651.3394022812965,0.7040816326530612,1.0,1,0.0,4.928571428571429,0.27789327571535566,990.4643476700883,973.6427293860904,874.8116629984961,0.7040816326530612,1020.3713547564741,1651.3394022812965,29.67257402173072,1,0.023728363846608886,4.928571428571429,thick,thick,0.7040816326530612,True,874.8116629984961
55,439,757,0,266,209,15.183952574021092,,449.75390625,786.75390625,1,15.183952574021092,15,1023.7256257072894,1575.6692772155475,0.6952380952380952,1.0,1,0.0,4.866666666666666,0.18173286522495344,965.1028700748786,1010.0525518824915,874.8116629984961,0.6952380952380952,1023.7256257072894,1575.6692772155475,10.556462265747996,1,0.06585900444071098,4.866666666666666,thick,thick,0.6952380952380952,True,874.8116629984961
129,438,758,0,217,267,57.4667264952307,,459.09765625,486.90234375,1,57.4667264952307,57,799.7269505164886,1470.8354421393542,0.3458646616541353,0.47368421052631576,4,0.17543859649122806,2.9361702127659575,0.4296802052282201,801.1509223144849,737.8236976320325,874.8116629984961,0.3458646616541353,799.7269505164886,1470.8354421393542,19.8757099156437,4,0.06960549597917273,2.9361702127659575,discontinuous,discontinuous,0.3458646616541353,True,874.8116629984961
280,484,759,0,264,261,18.187190959391536,,454.13671875,102.13671875,1,18.187190959391536,18,717.0336208744675,1224.9269165292649,0.1746031746031746,0.2777777777777778,5,0.33333333333333337,1.8333333333333333,0.5821022034029862,672.214382084391,697.6046770353327,874.8116629984961,0.1746031746031746,717.0336208744675,1224.9269165292649,3.175541278623919,5,0.27491876074562743,1.8333333333333333,discontinuous,discontinuous,0.1746031746031746,True,874.8116629984961
355,588,760,0,265,232,6.240678135236177,,447.71484375,608.71484375,1,6.240678135236177,6,829.3934386757979,1113.1447243525363,0.40476190476190477,1.0,1,0.0,2.8333333333333335,0.47425045578226754,855.3999391469439,730.4013867859481,874.8116629984961,0.40476190476190477,829.3934386757979,1113.1447243525363,2.525988769024167,1,0.16023899620039533,2.8333333333333335,thick,thick,0.40476190476190477,True,874.8116629984961
134,298,761,0,237,257,22.93624159777884,,454.04296875,311.04296875,1,22.93624159777884,23,764.704990765447,1387.0272094165045,0.2546583850931677,0.5217391304347826,2,0.21739130434782605,2.2777777777777777,0.3526056657268527,722.916918702095,735.7940200804107,874.8116629984961,0.2546583850931677,764.704990765447,1387.0272094165045,5.840906245397095,2,0.08719824437991974,2.2777777777777777,punctate,punctate,0.2546583850931677,True,874.8116629984961
62,438,762,0,258,267,15.245138596056137,,453.50390625,463.50390625,1,15.245138596056137,15,850.1231348403635,1430.9041037179604,0.4,0.6,2,0.2666666666666667,3.8181818181818183,0.4579853348016987,806.3980202123654,837.6290896066057,874.8116629984961,0.4,850.1231348403635,1430.9041037179604,6.098055438422455,2,0.1311893616052394,3.8181818181818183,thick,thick,0.4,True,874.8116629984961
375,448,763,0,218,268,22.326337583286232,,447.6484375,213.359375,1,22.326337583286232,22,813.375622643151,1231.980870289343,0.4155844155844156,1.0,1,0.0,2.909090909090909,0.547544233372976,780.8136251608859,775.668486088228,874.8116629984961,0.4155844155844156,813.375622643151,1231.980870289343,9.278477956690383,1,0.04479014958318162,2.909090909090909,thick,thick,0.4155844155844156,True,874.8116629984961
129,479,764,0,217,251,10.355539554262185,,452.5,514.5703125,1,10.355539554262185,10,1046.4098570038175,1571.3796296739465,0.7142857142857143,1.0,1,0.0,5.0,0.2,966.0361406706794,1062.4480797650244,874.8116629984961,0.7142857142857143,1046.4098570038175,1571.3796296739465,7.396813967330132,1,0.09656667281893729,5.0,thick,thick,0.7142857142857143,True,874.8116629984961
19,111,765,0,269,259,96.66267283295828,,489.24609375,573.75390625,1,96.66267283295828,97,789.4007902568833,1499.1032805085729,0.33726067746686306,0.6391752577319587,3,0.09278350515463918,2.602272727272727,0.3688599528333975,742.4110311120119,750.3439725792498,874.8116629984961,0.33726067746686306,789.4007902568833,1499.1032805085729,32.60051852540125,3,0.031035765017425783,2.602272727272727,discontinuous,discontinuous,0.33726067746686306,True,874.8116629984961
19,588,766,0,269,232,11.221699230192787,,448.89453125,600.83203125,1,11.221699230192787,11,681.9717695851001,1016.5142715778375,0.12987012987012986,0.18181818181818182,4,0.4545454545454546,1.6666666666666667,0.6633249580710799,635.3412469172213,663.2015476455701,874.8116629984961,0.12987012987012986,681.9717695851001,1016.5142715778375,1.4573635363886734,4,0.3564522553979805,1.6666666666666667,discontinuous,discontinuous,0.12987012987012986,True,874.8116629984961
300,334,767,0,238,270,19.163197846104477,,451.61328125,925.61328125,1,19.163197846104477,19,1043.117192891123,2063.406274705376,0.6541353383458647,1.0,1,0.0,4.578947368421052,0.39012787927533654,1005.9278206049825,989.0528646501301,874.8116629984961,0.6541353383458647,1043.117192891123,2063.406274705376,12.535324906850297,1,0.05218335728884005,4.578947368421052,thick,thick,0.6541353383458647,True,874.8116629984961
334,569,768,0,270,246,17.534022175442207,,456.25,938.75,1,17.534022175442207,18,932.8401583628296,1494.237337945407,0.5873015873015873,0.7222222222222222,2,0.11111111111111116,4.625,0.2277337776534151,794.073951387702,1023.5828876227952,874.8116629984961,0.5873015873015873,932.8401583628296,1494.237337945407,10.297759055418439,2,0.1140639597685213,4.625,thick,thick,0.5873015873015873,True,874.8116629984961
448,527,769,0,268,249,31.39782984740768,,463.390625,197.609375,1,31.39782984740768,31,741.3118208344102,1112.9146979883967,0.17972350230414746,0.2903225806451613,5,0.4838709677419355,2.4375,0.2889596838355037,742.4878693435664,714.4454188010017,874.8116629984961,0.17972350230414746,741.3118208344102,1112.9146979883967,5.6429279449258045,5,0.15924667482752214,2.4375,discontinuous,discontinuous,0.17972350230414746,True,874.8116629984961
19,355,770,0,269,265,83.20135565940075,,490.859375,612.140625,1,83.20135565940075,83,789.7520044059049,1607.4601057099158,0.29604130808950085,0.3493975903614458,6,0.15662650602409633,2.4571428571428573,0.48975441136401604,759.4439970176858,748.0521013398004,874.8116629984961,0.29604130808950085,789.7520044059049,1607.4601057099158,24.63103816422879,6,0.0721142095876664,2.4571428571428573,reticular,reticular,0.29604130808950085,True,874.8116629984961
341,448,771,0,224,268,28.50124054033091,,457.1328125,235.8671875,1,28.50124054033091,29,848.0492483122157,1376.4460290333066,0.4482758620689655,0.5172413793103449,4,0.24137931034482762,4.136363636363637,0.4012117860116194,805.7646749115172,850.6838335262921,874.8116629984961,0.4482758620689655,848.0492483122157,1376.4460290333066,12.776418173251788,4,0.14034476830367323,4.136363636363637,thick_to_reticular,thick_to_reticular,0.4482758620689655,True,874.8116629984961
294,355,772,0,260,265,44.19387451449808,,469.9765625,634.046875,1,44.19387451449808,44,950.5335510301574,1603.6501774815038,0.5844155844155844,1.0,1,0.0,4.090909090909091,0.3823255674241168,929.5016124670805,874.7624877655832,874.8116629984961,0.5844155844155844,950.5335510301574,1603.6501774815038,25.827589001979394,1,0.02262757024555391,4.090909090909091,thick,thick,0.5844155844155844,True,874.8116629984961
79,493,773,0,240,271,13.60515689550602,,455.25,684.75,1,13.60515689550602,14,798.5809694719026,1374.2920946699314,0.29591836734693877,0.35714285714285715,3,0.2857142857142857,2.9,0.6623921624930533,739.588369327715,805.9001048551107,874.8116629984961,0.29591836734693877,798.5809694719026,1374.2920946699314,4.026015816017088,3,0.22050462358070588,2.9,discontinuous,discontinuous,0.29591836734693877,True,874.8116629984961
280,602,774,0,264,256,33.13260856820521,,464.5,51.5,1,33.13260856820521,33,768.0950063211737,1317.9367514743687,0.2554112554112554,0.5454545454545454,2,0.09090909090909094,1.9666666666666666,0.5330232268988607,745.3436830379876,719.7071865590218,874.8116629984961,0.2554112554112554,768.0950063211737,1317.9367514743687,8.46244114945501,2,0.06036349344129954,1.9666666666666666,punctate,punctate,0.2554112554112554,True,874.8116629984961
323,493,775,0,245,271,15.662650603632644,,458.35546875,676.35546875,1,15.662650603632644,16,823.404223761018,1198.928584938373,0.36607142857142855,1.0,1,0.0,2.5625,0.3370798770996403,771.236051261958,807.9729173951434,874.8116629984961,0.36607142857142855,823.404223761018,1198.928584938373,5.73364888168695,1,0.06384615384116847,2.5625,punctate,punctate,0.36607142857142855,True,874.8116629984961
55,321,776,0,266,242,8.129688755600807,,456.53515625,780.53515625,1,8.129688755600807,8,751.507744343358,1136.2986860575174,0.21428571428571427,0.25,2,0.625,4.0,0.408248290463863,801.5613476592799,677.8526467802315,874.8116629984961,0.21428571428571427,751.507744343358,1136.2986860575174,1.7420761619144585,2,0.24601187820654696,4.0,punctate,punctate,0.21428571428571427,True,874.8116629984961
42,74,777,0,253,247,20.154018161824535,,464.49609375,832.49609375,1,20.154018161824535,20,1049.1356790566588,2098.5893837059425,0.6642857142857143,1.0,1,0.0,4.65,0.20711140090600239,1126.5766317429468,853.5392360537855,874.8116629984961,0.6642857142857143,1049.1356790566588,2098.5893837059425,13.388026350354869,1,0.04961789713448737,4.65,thick,thick,0.6642857142857143,True,874.8116629984961
66,210,778,0,254,272,98.55868815488157,,480.46484375,895.53515625,1,98.55868815488157,99,868.1839926216194,1731.2975629426405,0.4184704184704185,0.6060606060606061,4,0.101010101010101,3.258426966292135,0.34282175232100875,822.5790987923408,824.1727528360996,874.8116629984961,0.4184704184704185,868.1839926216194,1731.2975629426405,41.243895476068765,4,0.04058495577492,3.258426966292135,thick_to_reticular,thick_to_reticular,0.4184704184704185,True,874.8116629984961
62,365,779,0,258,273,22.77428300214548,,460.83203125,451.16796875,1,22.77428300214548,23,873.7064412289584,1570.4837783908354,0.45962732919254656,1.0,1,0.0,3.217391304347826,0.46695006873435124,820.2529055549339,824.6276340217579,874.8116629984961,0.45962732919254656,873.7064412289584,1570.4837783908354,10.467682870551338,1,0.04390917597299523,3.217391304347826,thick,thick,0.45962732919254656,True,874.8116629984961
189,479,780,0,274,251,39.46158127602311,,463.1328125,532.8671875,1,39.46158127602311,39,793.9619586743811,1407.218349345551,0.3663003663003663,0.5128205128205128,2,0.02564102564102566,2.6315789473684212,0.3423448553724738,774.446662975198,714.0848491709526,874.8116629984961,0.3663003663003663,793.9619586743811,1407.218349345551,14.45479167619894,2,0.050682206220033096,2.6315789473684212,punctate,punctate,0.3663003663003663,True,874.8116629984961
278,365,781,0,252,273,15.812617452844702,,463.1015625,437.8984375,1,15.812617452844702,16,874.0499850977054,1712.95628987519,0.4732142857142857,1.0,1,0.0,3.3125,0.2766580811059468,845.4281645431097,800.3817606058333,874.8116629984961,0.4732142857142857,874.0499850977054,1712.95628987519,7.482756473221153,1,0.06324063697753589,3.3125,thick,thick,0.4732142857142857,True,874.8116629984961
66,334,782,0,254,270,38.32755226484609,,474.16796875,910.89453125,1,38.32755226484609,38,885.3877310121345,1485.5501834959612,0.44360902255639095,0.47368421052631576,2,0.21052631578947367,3.933333333333333,0.4448950762171759,913.7571079594311,792.6794162029372,874.8116629984961,0.44360902255639095,885.3877310121345,1485.5501834959612,17.002447997187364,2,0.05218178260327868,3.933333333333333,thick,thick,0.44360902255639095,True,874.8116629984961
194,569,783,0,244,246,10.393004891419546,,461.859375,968.140625,1,10.393004891419546,10,774.409475983698,1302.04186387663,0.22857142857142856,0.4,2,0.4,2.6666666666666665,0.3535533905932738,680.252022077919,803.9558870758982,874.8116629984961,0.22857142857142856,774.409475983698,1302.04186387663,2.3755439751816105,2,0.19243712678815325,2.6666666666666665,punctate,punctate,0.22857142857142856,True,874.8116629984961
129,189,784,0,217,274,9.762745991116699,,462.13671875,515.85546875,1,9.762745991116699,10,832.6363829369405,1359.154209018749,0.4142857142857143,1.0,1,0.0,2.9,0.2864353056178646,755.8037958789791,823.7850130749766,874.8116629984961,0.4142857142857143,832.6363829369405,1359.154209018749,4.044566196319775,1,0.10243019749872816,2.9,thick,thick,0.4142857142857143,True,874.8116629984961
74,210,785,0,247,272,45.26092791960974,,481.6484375,855.71875,1,45.26092791960974,45,973.6930565996029,1905.5820469878317,0.6222222222222222,1.0,1,0.0,4.355555555555555,0.3815971826799011,923.5762304500378,952.7934985429698,874.8116629984961,0.6222222222222222,973.6930565996029,1905.5820469878317,28.162355149979394,1,0.022094111764039644,4.355555555555555,thick,thick,0.6222222222222222,True,874.8116629984961
79,168,786,0,240,275,73.59083196280793,,466.1015625,724.1015625,1,73.59083196280793,74,763.3750113528878,1690.16839300677,0.23745173745173745,0.22972972972972974,7,0.31081081081081086,2.411764705882353,0.4657621329236587,721.1668177848688,725.3568841611345,874.8116629984961,0.23745173745173745,763.3750113528878,1690.16839300677,17.474270910087597,7,0.0951205444115339,2.411764705882353,reticular,reticular,0.23745173745173745,True,874.8116629984961
168,321,787,0,275,242,17.9827661536372,,463.25,767.75,1,17.9827661536372,18,852.7442537492506,1499.9476049965933,0.373015873015873,0.6111111111111112,1,0.38888888888888884,4.2727272727272725,0.45831189847953224,847.6822443526772,801.8846411602957,874.8116629984961,0.373015873015873,852.7442537492506,1499.9476049965933,6.707857216039273,1,0.05560879741505951,4.2727272727272725,punctate,punctate,0.373015873015873,True,874.8116629984961
294,493,788,0,260,271,29.074236963081518,,473.171875,666.171875,1,29.074236963081518,29,819.0260924673355,1488.6139297488528,0.31527093596059114,0.4827586206896552,3,0.06896551724137934,2.3703703703703702,0.5642334401646184,809.210254201405,750.5279679504297,874.8116629984961,0.31527093596059114,819.0260924673355,1488.6139297488528,9.166261899690724,3,0.10318413528132833,2.3703703703703702,discontinuous,discontinuous,0.31527093596059114,True,874.8116629984961
168,493,789,0,275,271,45.3144925600226,,480.46875,696.5390625,1,45.3144925600226,45,858.1039263991007,2011.9411000182777,0.45396825396825397,1.0,1,0.0,3.1777777777777776,0.35285247025294725,807.2582634718699,810.8736847502962,874.8116629984961,0.45396825396825397,858.1039263991007,2011.9411000182777,20.571341066930895,1,0.022067995104996962,3.1777777777777776,thick,thick,0.45396825396825397,True,874.8116629984961
153,602,790,0,276,256,41.341776924835216,,462.6484375,18.3515625,1,41.341776924835216,41,821.3713597682689,1547.672996347507,0.34494773519163763,0.34146341463414637,4,0.19512195121951215,3.0,0.41030496993110915,849.8280892471802,728.5660619310642,874.8116629984961,0.34494773519163763,821.3713597682689,1547.672996347507,14.260752319019813,4,0.0967544285112013,3.0,discontinuous,discontinuous,0.34494773519163763,True,874.8116629984961
47,55,791,0,277,266,44.88885732645859,,471.25,798.75,1,44.88885732645859,45,1173.8777234031372,2112.9721429035208,0.8031746031746032,1.0,1,0.0,5.622222222222222,0.1202776605114857,1174.3055071872373,1052.1083629630898,874.8116629984961,0.8031746031746032,1173.8777234031372,2112.9721429035208,36.053590170139756,1,0.022277243386424443,5.622222222222222,thick,thick,0.8031746031746032,True,874.8116629984961
365,438,792,0,273,267,53.63784957566858,,477.390625,479.609375,1,53.63784957566858,54,861.344737595408,1644.8449514587082,0.5,1.0,1,0.0,3.5,0.42857142857142855,809.464582640781,823.0222838441967,874.8116629984961,0.5,861.344737595408,1644.8449514587082,26.81892478783429,1,0.018643551296538628,3.5,thick,thick,0.5,True,874.8116629984961
47,321,793,0,277,242,11.884392539372751,,464.28515625,776.28515625,1,11.884392539372751,12,1046.0501661426404,1513.0693744723003,0.6428571428571429,1.0,1,0.0,4.5,0.2939723678960656,994.5628266735256,1006.5431038714504,874.8116629984961,0.6428571428571429,1046.0501661426404,1513.0693744723003,7.639966632453912,1,0.0841439725831186,4.5,thick,thick,0.6428571428571429,True,874.8116629984961
280,617,794,0,264,278,38.553637810383115,,473.75,84.75,1,38.553637810383115,39,729.0578583351905,1192.9031626693843,0.21978021978021978,0.2564102564102564,5,0.17948717948717952,1.875,0.5120763831912405,688.1346297214103,693.5385035039741,874.8116629984961,0.21978021978021978,729.0578583351905,1192.9031626693843,8.473326991292993,5,0.12968944784384054,1.875,discontinuous,discontinuous,0.21978021978021978,True,874.8116629984961
484,617,795,0,261,278,34.487835360912975,,473.75,110.25,1,34.487835360912975,34,754.283402923713,1353.7527015947026,0.3025210084033613,0.9117647058823529,2,0.05882352941176472,2.25,0.40061680838488767,728.3961870231617,688.1674256028202,874.8116629984961,0.3025210084033613,754.283402923713,1353.7527015947026,10.433294731032495,2,0.05799146217992892,2.25,punctate,punctate,0.3025210084033613,True,874.8116629984961
113,334,796,0,279,270,24.579181308394066,,474.35546875,942.35546875,1,24.579181308394066,25,1018.2718482850461,1723.5234280439645,0.76,1.0,1,0.0,5.32,0.25341803829101833,995.7329058410801,970.8018989932439,874.8116629984961,0.76,1018.2718482850461,1723.5234280439645,18.68017779437949,1,0.04068483760516827,5.32,thick,thick,0.76,True,874.8116629984961
113,569,797,0,279,246,31.011737531106593,,469.71484375,954.71484375,1,31.011737531106593,31,847.7119725899678,1299.2999422287241,0.45161290322580644,0.8709677419354839,2,0.032258064516129004,3.2666666666666666,0.4803511141199926,765.9209641958513,860.4161002425959,874.8116629984961,0.45161290322580644,847.7119725899678,1299.2999422287241,14.005300820499752,2,0.06449171053359659,3.2666666666666666,thick,thick,0.45161290322580644,True,874.8116629984961
484,527,798,0,261,249,17.407875004351794,,474.35546875,144.35546875,1,17.407875004351794,17,602.2591819279677,924.3329614883984,0.008403361344537815,0.058823529411764705,1,0.9411764705882353,1.0,,613.7967310475534,586.3370363816272,874.8116629984961,0.008403361344537815,602.2591819279677,924.3329614883984,0.14628466390211592,1,0.05744526541866885,1.0,minimal,minimal,0.008403361344537815,False,874.8116629984961
298,529,799,0,257,255,8.584383574728836,,470.13671875,311.86328125,1,8.584383574728836,9,725.7948123876382,1197.2580390747323,0.20634920634920634,1.0,1,0.0,1.4444444444444444,0.4741856925360752,681.9024769176019,680.020643139871,874.8116629984961,0.20634920634920634,725.7948123876382,1197.2580390747323,1.7713807376424582,1,0.1164906007862758,1.4444444444444444,punctate,punctate,0.20634920634920634,True,874.8116629984961
448,529,800,0,268,255,24.40259991506374,,476.28125,238.28125,1,24.40259991506374,24,797.2140643324622,1271.7136088064785,0.25,0.4583333333333333,3,0.25,2.3333333333333335,0.49487165930539356,731.946530062317,805.7266376178706,874.8116629984961,0.25,797.2140643324622,1271.7136088064785,6.100649978765935,3,0.12293772017907396,2.3333333333333335,discontinuous,discontinuous,0.25,True,874.8116629984961
189,438,801,0,274,267,33.966624911133884,,483.13671875,516.13671875,1,33.966624911133884,34,835.1796889915622,1667.4391737652825,0.4117647058823529,1.0,1,0.0,2.8823529411764706,0.45129274260195884,803.6833103931115,752.1803692036991,874.8116629984961,0.4117647058823529,835.1796889915622,1667.4391737652825,13.986257316349246,1,0.02944066425840888,2.8823529411764706,thick,thick,0.4117647058823529,True,874.8116629984961
113,194,802,0,279,244,34.2266254586692,,472.82421875,985.16796875,1,34.2266254586692,34,706.1741719542073,1298.8420445104298,0.16806722689075632,0.2647058823529412,3,0.38235294117647056,1.9047619047619047,0.4834769901453429,680.100384414815,663.7036259901139,874.8116629984961,0.16806722689075632,706.1741719542073,1298.8420445104298,5.752374026667092,3,0.08765105995105152,1.9047619047619047,discontinuous,discontinuous,0.16806722689075632,True,874.8116629984961
113,631,804,0,279,230,18.32805696205811,,473.28125,1009.71875,1,18.32805696205811,18,740.8274190036043,1333.4964305974834,0.23809523809523808,0.4444444444444444,3,0.33333333333333337,2.5,0.5033222956847166,705.2816412004727,705.1458296414565,874.8116629984961,0.23809523809523808,740.8274190036043,1333.4964305974834,4.363823086204311,3,0.1636834720783802,2.5,discontinuous,discontinuous,0.23809523809523808,True,874.8116629984961
111,189,805,0,259,274,42.51514127973246,,489.171875,556.828125,1,42.51514127973246,43,833.1716008164838,1565.788545381054,0.3654485049833887,0.9069767441860465,2,0.023255813953488413,2.619047619047619,0.5396662574420301,791.9688159463184,800.680946488497,874.8116629984961,0.3654485049833887,833.1716008164838,1565.788545381054,15.537094819835783,2,0.04704206406938195,2.619047619047619,punctate,punctate,0.3654485049833887,True,874.8116629984961
47,168,806,0,277,275,22.01483382321684,,480.16796875,772.83203125,1,22.01483382321684,22,967.7936529875876,2210.231918567706,0.5324675324675324,1.0,1,0.0,3.727272727272727,0.3634064494085693,908.9361740727471,877.1453476087431,874.8116629984961,0.5324675324675324,967.7936529875876,2210.231918567706,11.722184243531043,1,0.04542391771067562,3.727272727272727,thick,thick,0.5324675324675324,True,874.8116629984961
267,365,807,0,263,273,53.87295869552513,,492.75,453.25,1,53.87295869552513,54,746.7829762872034,1671.8601885283456,0.20899470899470898,0.3333333333333333,4,0.2407407407407407,1.9268292682926829,0.4640582982233762,714.540018856497,710.1451169649276,874.8116629984961,0.20899470899470898,746.7829762872034,1671.8601885283456,11.259163325255251,4,0.07424875293385833,1.9268292682926829,discontinuous,discontinuous,0.20899470899470898,True,874.8116629984961
42,295,808,0,253,280,6.129688755600806,,470.86328125,821.86328125,1,6.129688755600806,6,1130.277609669063,1515.232269935082,0.8333333333333334,1.0,1,0.0,5.833333333333333,0.1178030178747903,1263.4768176577704,949.8172271653904,874.8116629984961,0.8333333333333334,1130.277609669063,1515.232269935082,5.108073963000671,1,0.16314042031681988,5.833333333333333,thick,thick,0.8333333333333334,True,874.8116629984961
74,295,809,0,247,280,26.70131703841781,,481.75,831.25,1,26.70131703841781,27,1271.433675176948,2224.3341487280213,0.8677248677248677,1.0,1,0.0,6.074074074074074,0.1261473223510805,1237.8979243230394,1204.9989212948935,874.8116629984961,0.8677248677248677,1271.433675176948,2224.3341487280213,23.16939679524085,1,0.03745133614799606,6.074074074074074,thick,thick,0.8677248677248677,True,874.8116629984961
153,280,810,0,276,264,38.31027301167259,,486.16796875,42.83203125,1,38.31027301167259,38,760.8566657816925,1257.1830724190681,0.2669172932330827,0.34210526315789475,4,0.21052631578947367,2.3666666666666667,0.4151944499432021,720.984355970972,729.5324819517834,874.8116629984961,0.2669172932330827,760.8566657816925,1257.1830724190681,10.225674375296068,4,0.10441063677048862,2.3666666666666667,discontinuous,discontinuous,0.2669172932330827,True,874.8116629984961
55,295,811,0,266,280,10.129688755600807,,477.46484375,819.46484375,1,10.129688755600807,10,1270.4517961359163,1931.7055742475359,0.9571428571428572,1.0,1,0.0,6.7,0.06839665216352,1300.0023242437865,1195.943489959891,874.8116629984961,0.9571428571428572,1270.4517961359163,1931.7055742475359,9.69555923750363,1,0.09871971628418395,6.7,thick,thick,0.9571428571428572,True,874.8116629984961
148,298,812,0,281,257,28.997559148961077,,482.35546875,324.64453125,1,28.997559148961077,29,925.5099259760327,1926.359963188026,0.5073891625615764,1.0,1,0.0,3.5517241379310347,0.47681666632266695,885.3100312888333,853.464762563233,874.8116629984961,0.5073891625615764,925.5099259760327,1926.359963188026,14.71304725292114,1,0.03448566118489418,3.5517241379310347,thick,thick,0.5073891625615764,True,874.8116629984961
148,529,813,0,281,255,35.29450120226521,,487.75390625,305.75390625,1,35.29450120226521,35,778.2667120762462,1312.3188564802874,0.27346938775510204,0.34285714285714286,5,0.22857142857142854,2.4814814814814814,0.6044315442184056,771.7608355285399,729.0964807543888,874.8116629984961,0.27346938775510204,778.2667120762462,1312.3188564802874,9.65196563490518,5,0.14166512713541618,2.4814814814814814,discontinuous,discontinuous,0.27346938775510204,True,874.8116629984961
400,527,814,0,282,249,60.05137568292142,,492.35546875,182.64453125,1,60.05137568292142,60,656.7106541525611,1105.8979729693567,0.07857142857142857,0.08333333333333333,8,0.7,1.8333333333333333,0.710022697809696,626.7440250479686,639.7258619305063,874.8116629984961,0.07857142857142857,656.7106541525611,1105.8979729693567,4.718322375086682,8,0.13321926282323615,1.8333333333333333,discontinuous,discontinuous,0.07857142857142857,True,874.8116629984961
18,631,815,0,283,230,7.318729111623934,,477.5,1019.5,1,7.318729111623934,7,878.9154320881411,1504.0846975811842,0.46938775510204084,1.0,1,0.0,3.2857142857142856,0.1374903330507991,807.2556113128496,834.2710337348466,874.8116629984961,0.46938775510204084,878.9154320881411,1504.0846975811842,3.435321827905112,1,0.1366357443687532,3.2857142857142856,thick,thick,0.46938775510204084,True,874.8116629984961
400,448,816,0,282,268,36.570574893750695,,481.86328125,217.13671875,1,36.570574893750695,37,741.8960883055793,1139.3083433038944,0.20463320463320464,0.32432432432432434,5,0.2702702702702703,1.962962962962963,0.44888216050454033,735.4360725677323,698.6610341034433,874.8116629984961,0.20463320463320464,741.8960883055793,1139.3083433038944,7.483553935786822,5,0.13672194146596303,1.962962962962963,discontinuous,discontinuous,0.20463320463320464,True,874.8116629984961
113,306,818,0,279,284,79.5233678458333,,482.3125,972.3125,1,79.5233678458333,80,802.25407189275,1688.5306529818154,0.3053571428571429,0.2,7,0.15000000000000002,2.514705882352941,0.5080319953776028,744.3742788570783,781.3232749404466,874.8116629984961,0.3053571428571429,802.25407189275,1688.5306529818154,24.283028395781244,7,0.08802444098658443,2.514705882352941,reticular,reticular,0.3053571428571429,True,874.8116629984961
18,113,819,0,283,279,43.10249095543018,,498.75,1008.75,1,43.10249095543018,43,825.1290007998493,2882.6583643567556,0.33222591362126247,0.4418604651162791,4,0.39534883720930236,3.8461538461538463,0.5571355310873648,808.1924554278579,746.4308832985835,874.8116629984961,0.33222591362126247,825.1290007998493,2882.6583643567556,14.319764437019993,4,0.09280206111837415,3.8461538461538463,discontinuous,discontinuous,0.33222591362126247,True,874.8116629984961
119,484,820,0,285,261,13.10882432544098,,487.46875,140.46875,1,13.10882432544098,13,696.9336529512829,911.387543889464,0.01098901098901099,0.07692307692307693,1,0.9230769230769231,1.0,,707.2532035824316,661.7904133054076,874.8116629984961,0.01098901098901099,696.9336529512829,911.387543889464,0.1440530145652855,1,0.07628449166560634,1.0,minimal,minimal,0.01098901098901099,False,874.8116629984961
119,527,821,0,285,249,46.557045974435646,,502.31640625,150.68359375,1,46.557045974435646,47,678.8684963134765,1457.6417343886183,0.1519756838905775,0.3617021276595745,2,0.5531914893617021,2.380952380952381,0.49315312023751817,666.9128621977345,658.1383922509948,874.8116629984961,0.1519756838905775,678.8684963134765,1457.6417343886183,7.0755389018899155,2,0.042958051958412374,2.380952380952381,punctate,punctate,0.1519756838905775,True,874.8116629984961
299,334,822,0,286,270,20.2194490574122,,482.64453125,929.64453125,1,20.2194490574122,20,915.1828496546898,1655.182132979354,0.4785714285714286,0.75,2,0.15000000000000002,3.9411764705882355,0.39375838681411696,871.3636419204864,913.5433754264863,874.8116629984961,0.4785714285714286,915.1828496546898,1655.182132979354,9.67645062033298,2,0.09891466351635456,3.9411764705882355,thick,thick,0.4785714285714286,True,874.8116629984961
47,295,823,0,277,280,37.699770634912134,,499.640625,816.6484375,1,37.699770634912134,38,946.3774987374202,1827.4651473080917,0.6165413533834586,1.0,1,0.0,4.315789473684211,0.2609870068174719,917.6481574221197,885.524940310087,874.8116629984961,0.6165413533834586,946.3774987374202,1827.4651473080917,23.243467609494697,1,0.026525360318079578,4.315789473684211,thick,thick,0.6165413533834586,True,874.8116629984961
52,380,824,0,287,243,51.41136130396315,,505.8671875,381.1328125,1,51.41136130396315,51,628.7892617231743,1027.6013635570519,0.028011204481792718,0.0392156862745098,4,0.9019607843137255,2.0,0.7745966692414834,617.352782852836,600.5815381205825,874.8116629984961,0.028011204481792718,628.7892617231743,1027.6013635570519,1.4400941541726373,4,0.07780381414820953,2.0,discontinuous,discontinuous,0.028011204481792718,False,874.8116629984961
52,369,825,0,287,262,32.10830233067311,,496.2421875,357.2421875,1,32.10830233067311,32,801.393974182859,1726.066601435776,0.3169642857142857,0.71875,2,0.03125,2.2903225806451615,0.4730381865844131,733.0502643693505,778.2609035226087,874.8116629984961,0.3169642857142857,801.393974182859,1726.066601435776,10.177185113740137,2,0.06228918550107823,2.2903225806451615,punctate,punctate,0.3169642857142857,True,874.8116629984961
113,299,826,0,279,286,17.422701073346435,,490.5,944.5,1,17.422701073346435,17,816.1197169424468,1285.4614130606883,0.3277310924369748,0.5294117647058824,3,0.17647058823529416,2.7857142857142856,0.49254801826406525,765.2027314110181,797.1380212126935,874.8116629984961,0.3277310924369748,816.1197169424468,1285.4614130606883,5.709960855970681,3,0.1721891449190651,2.7857142857142856,discontinuous,discontinuous,0.3277310924369748,True,874.8116629984961
529,622,827,0,255,288,114.73743591175058,,491.5,266.5,1,114.73743591175058,115,709.609847065359,1362.4056010696527,0.1391304347826087,0.1391304347826087,12,0.4695652173913043,1.8360655737704918,0.6093709118125556,677.481719665859,689.6573886202622,874.8116629984961,0.1391304347826087,709.609847065359,1362.4056010696527,15.96346934424356,12,0.10458661468807537,1.8360655737704918,discontinuous,discontinuous,0.1391304347826087,True,874.8116629984961
199,294,828,0,289,260,22.733122073269627,,494.13671875,654.13671875,1,22.733122073269627,23,926.1303428561255,1515.1591508651798,0.5093167701863354,1.0,1,0.0,3.5652173913043477,0.28443667779733167,899.1558068799636,867.8987929644935,874.8116629984961,0.5093167701863354,926.1303428561255,1515.1591508651798,11.578360310609375,1,0.04398867857995774,3.5652173913043477,thick,thick,0.5093167701863354,True,874.8116629984961
199,493,829,0,289,271,57.58767972417476,,504.28125,680.71875,1,57.58767972417476,58,877.5494485563539,1448.1909254991087,0.47783251231527096,1.0,1,0.0,3.3448275862068964,0.3402061855670103,828.7708391123535,843.5236899932987,874.8116629984961,0.47783251231527096,877.5494485563539,1448.1909254991087,27.51726568100962,1,0.01736482533746206,3.3448275862068964,thick,thick,0.47783251231527096,True,874.8116629984961
211,484,830,0,290,261,17.77049327235663,,489.64453125,128.35546875,1,17.77049327235663,18,685.9112453801844,933.9546461311966,0.05555555555555555,0.2777777777777778,2,0.6666666666666667,1.1666666666666667,0.31943828249996986,654.6294624143496,669.274094802889,874.8116629984961,0.05555555555555555,685.9112453801844,933.9546461311966,0.987249626242035,2,0.11254611615712175,1.1666666666666667,minimal,minimal,0.05555555555555555,True,874.8116629984961
211,617,831,0,290,278,77.34972363985877,,518.86328125,98.86328125,1,77.34972363985877,77,764.4338022716985,1342.3151738340068,0.2912801484230056,0.4025974025974026,6,0.09090909090909094,2.242857142857143,0.5509093902208589,737.4895768363432,709.6340159396495,874.8116629984961,0.2912801484230056,764.4338022716985,1342.3151738340068,22.530438982296527,6,0.07756976647952966,2.242857142857143,reticular,reticular,0.2912801484230056,True,874.8116629984961
400,529,832,0,282,255,32.11402717911048,,502.171875,239.828125,1,32.11402717911048,32,645.3867212747217,1125.1570794085217,0.044642857142857144,0.125,1,0.875,2.5,0.34641016151377546,633.2302590105894,627.0582729815463,874.8116629984961,0.044642857142857144,645.3867212747217,1125.1570794085217,1.4336619276388607,1,0.031139040719579375,2.5,discontinuous,discontinuous,0.044642857142857144,False,874.8116629984961
66,299,833,0,254,286,44.68116955942063,,506.828125,913.828125,1,44.68116955942063,45,705.4225057971877,1253.9335323475073,0.09841269841269841,0.15555555555555556,5,0.6444444444444444,1.9375,0.4267340824297727,687.2906290107996,690.0086151446595,874.8116629984961,0.09841269841269841,705.4225057971877,1253.9335323475073,4.397194464577903,5,0.11190396422704638,1.9375,discontinuous,discontinuous,0.09841269841269841,True,874.8116629984961
148,369,834,0,281,262,14.145462062647663,,494.31640625,340.95703125,1,14.145462062647663,14,957.4745076165751,1821.855874547699,0.5714285714285714,1.0,1,0.0,4.0,0.23145502494313785,920.5245660874423,899.2247916471307,874.8116629984961,0.5714285714285714,957.4745076165751,1821.855874547699,8.083121178655807,1,0.07069404983528872,4.0,thick,thick,0.5714285714285714,True,874.8116629984961
280,347,835,0,264,291,33.59306916956494,,499.38671875,64.38671875,1,33.59306916956494,34,756.9735238064492,1504.5794382059366,0.23529411764705882,0.38235294117647056,3,0.32352941176470584,2.4347826086956523,0.39849845722181065,759.1312005638106,695.0419293331171,874.8116629984961,0.23529411764705882,756.9735238064492,1504.5794382059366,7.904251569309398,3,0.08930413547083625,2.4347826086956523,discontinuous,discontinuous,0.23529411764705882,True,874.8116629984961
347,617,836,0,291,278,71.64691810184699,,522.71875,89.7109375,1,71.64691810184699,72,886.6045029767853,1676.5653868306233,0.49206349206349204,0.5138888888888888,2,0.01388888888888884,3.492957746478873,0.35916533776844123,797.8255961333452,865.0020453652265,874.8116629984961,0.49206349206349204,886.6045029767853,1676.5653868306233,35.25483271678185,2,0.027914668948592805,3.492957746478873,thick,thick,0.49206349206349204,True,874.8116629984961
143,168,837,0,292,275,50.0389464470083,,508.953125,760.953125,1,50.0389464470083,50,852.3368225589846,1876.6225737073032,0.4257142857142857,0.38,3,0.07999999999999996,3.239130434782609,0.4421897022826612,813.3955024369333,812.5709386700182,874.8116629984961,0.4257142857142857,852.3368225589846,1876.6225737073032,21.302294344583533,3,0.05995330063907375,3.239130434782609,thick,thick,0.4257142857142857,True,874.8116629984961
47,143,838,0,277,292,33.5583185460755,,500.50390625,788.49609375,1,33.5583185460755,34,826.1845285262893,2329.3618505300874,0.3949579831932773,1.0,1,0.0,2.764705882352941,0.3515470562097512,766.1872747766926,751.5732536948719,874.8116629984961,0.3949579831932773,826.1845285262893,2329.3618505300874,13.254125812315532,1,0.029798870841129962,2.764705882352941,punctate,punctate,0.3949579831932773,True,874.8116629984961
210,295,839,0,272,280,38.13053231835673,,505.5,852.5,1,38.13053231835673,38,1125.7812523792127,1973.1838150979588,0.7631578947368421,1.0,1,0.0,5.342105263157895,0.24772987114640707,1077.950099171584,1052.4095885981696,874.8116629984961,0.7631578947368421,1125.7812523792127,1973.1838150979588,29.09961676927224,1,0.02622570258528969,5.342105263157895,thick,thick,0.7631578947368421,True,874.8116629984961
19,294,840,0,269,260,14.77855344246144,,494.75,639.25,1,14.77855344246144,15,899.0336175506109,1363.805873587076,0.5047619047619047,1.0,1,0.0,3.533333333333333,0.39846626569703536,869.0823753771982,835.9763865851705,874.8116629984961,0.5047619047619047,899.0336175506109,1363.805873587076,7.459650785242441,1,0.06766562125944074,3.533333333333333,thick,thick,0.5047619047619047,True,874.8116629984961
119,211,841,0,285,290,32.247520397766316,,506.640625,142.3515625,1,32.247520397766316,32,719.1761078711907,1123.494304558738,0.10714285714285714,0.15625,3,0.65625,2.1818181818181817,0.4289845892077917,680.4044524237222,724.0397712329548,874.8116629984961,0.10714285714285714,719.1761078711907,1123.494304558738,3.455091471189248,3,0.09303040863283865,2.1818181818181817,discontinuous,discontinuous,0.10714285714285714,True,874.8116629984961
168,609,842,0,275,293,31.845595920135946,,495.6484375,726.3515625,1,31.845595920135946,32,829.5839999813087,1659.1237953246555,0.26785714285714285,0.28125,3,0.34375,2.857142857142857,0.5744562646538028,848.1210738351713,762.8821080734429,874.8116629984961,0.26785714285714285,829.5839999813087,1659.1237953246555,8.530070335750699,3,0.09420454895940893,2.857142857142857,discontinuous,discontinuous,0.26785714285714285,True,874.8116629984961
299,306,843,0,286,284,48.56011415915016,,512.859375,946.140625,1,48.56011415915016,49,822.5551631904486,1551.756211570163,0.33527696793002915,0.3469387755102041,6,0.18367346938775508,2.875,0.4613615093872107,762.415738477144,819.7613734510026,874.8116629984961,0.33527696793002915,822.5551631904486,1551.756211570163,16.281087837615942,6,0.12355819387770987,2.875,reticular,reticular,0.33527696793002915,True,874.8116629984961
493,609,844,0,271,293,45.115022576984416,,514.609375,699.390625,1,45.115022576984416,45,823.0345357040691,1582.4764117971306,0.31746031746031744,0.4666666666666667,5,0.24444444444444446,2.9411764705882355,0.494368283772331,805.9532657219532,772.5822070906572,874.8116629984961,0.31746031746031744,823.0345357040691,1582.4764117971306,14.322229389518862,5,0.1108278288339097,2.9411764705882355,discontinuous,discontinuous,0.31746031746031744,True,874.8116629984961
329,438,845,0,294,267,23.477349950789225,,503.3515625,501.3515625,1,23.477349950789225,23,917.6547367253839,1621.4571876732493,0.5279503105590062,1.0,1,0.0,3.6956521739130435,0.28137084101415055,861.6374886008001,866.971305930485,874.8116629984961,0.5279503105590062,917.6547367253839,1621.4571876732493,12.394874197621641,1,0.0425942451808273,3.6956521739130435,thick,thick,0.5279503105590062,True,874.8116629984961
189,329,846,0,274,294,17.955003979019253,,506.71484375,514.28515625,1,17.955003979019253,18,995.783443220907,1684.9882489147487,0.6507936507936508,1.0,1,0.0,4.555555555555555,0.23394300113720584,971.8307602632556,931.2916999955012,874.8116629984961,0.6507936507936508,995.783443220907,1684.9882489147487,11.685002589520467,1,0.05569478019434126,4.555555555555555,thick,thick,0.6507936507936508,True,874.8116629984961
19,199,847,0,269,289,46.022798322785036,,522.49609375,642.49609375,1,46.022798322785036,46,819.1954474278349,1508.0698377307663,0.32298136645962733,0.5652173913043478,3,0.17391304347826086,2.736842105263158,0.31008683647302115,796.7552848683821,766.1974503219983,874.8116629984961,0.32298136645962733,819.1954474278349,1508.0698377307663,14.864506290588956,3,0.0651850845522089,2.736842105263158,discontinuous,discontinuous,0.32298136645962733,True,874.8116629984961
52,148,848,0,287,281,37.1136311533933,,518.86328125,347.13671875,1,37.1136311533933,37,746.4408638781515,1364.8405823476512,0.2084942084942085,0.2972972972972973,5,0.18918918918918914,1.8,0.5250906251391787,691.2846882197624,733.9639645007337,874.8116629984961,0.2084942084942085,746.4408638781515,1364.8405823476512,7.737977151672735,5,0.1347213906215385,1.8,discontinuous,discontinuous,0.2084942084942085,True,874.8116629984961
329,365,849,0,294,273,24.431473908209306,,507.13671875,477.13671875,1,24.431473908209306,24,917.9841603944185,1466.8223897831758,0.6190476190476191,1.0,1,0.0,4.333333333333333,0.27196414661021057,904.4809911337502,872.762310772694,874.8116629984961,0.6190476190476191,917.9841603944185,1466.8223897831758,15.124245752700999,1,0.040930809322313806,4.333333333333333,thick,thick,0.6190476190476191,True,874.8116629984961
143,609,850,0,292,293,40.96096718104927,,522.140625,735.140625,1,40.96096718104927,41,822.5820707206806,1762.4306574013167,0.3902439024390244,0.6097560975609756,2,0.04878048780487809,2.871794871794872,0.5473440044283608,777.537000894379,773.5826009322988,874.8116629984961,0.3902439024390244,822.5820707206806,1762.4306574013167,15.984767680409472,2,0.04882697205756672,2.871794871794872,punctate,punctate,0.3902439024390244,True,874.8116629984961
153,347,851,0,276,291,28.24193006918612,,515.13671875,45.13671875,1,28.24193006918612,28,802.8545040101816,1404.9988591424017,0.3673469387755102,1.0,1,0.0,2.5714285714285716,0.3017439025333393,767.355935280919,746.203989471787,874.8116629984961,0.3673469387755102,802.8545040101816,1404.9988591424017,10.374586556027555,1,0.03540834488118319,2.5714285714285716,punctate,punctate,0.3673469387755102,True,874.8116629984961
189,257,852,0,274,295,12.960158213437438,,507.75,542.75,1,12.960158213437438,13,809.8840731991878,1405.5088447574467,0.3626373626373626,0.5384615384615384,2,0.07692307692307687,2.75,0.6143374222034331,717.2132757852658,838.3563014980081,874.8116629984961,0.3626373626373626,809.8840731991878,1405.5088447574467,4.699837593883906,2,0.1543191037534053,2.75,punctate,punctate,0.3626373626373626,True,874.8116629984961
111,257,853,0,259,295,42.63187705553028,,521.86328125,555.13671875,1,42.63187705553028,43,797.2127513686635,1587.534790269565,0.3289036544850498,0.5581395348837209,4,0.09302325581395354,2.5384615384615383,0.5034317492677621,783.6464701884812,745.992241118357,874.8116629984961,0.3289036544850498,797.2127513686635,1587.534790269565,14.021780161121255,4,0.09382650439692786,2.5384615384615383,discontinuous,discontinuous,0.3289036544850498,True,874.8116629984961
148,622,854,0,281,288,1.0,,506.5,303.5,1,1.0,1,979.8928571428571,1149.5,0.8571428571428571,1.0,1,0.0,6.0,,1040.0,894.1666666666666,874.8116629984961,0.8571428571428571,979.8928571428571,1149.5,0.8571428571428571,1,1.0,6.0,thick,thick,0.8571428571428571,True,874.8116629984961
18,306,855,0,283,284,58.01867461649903,,532.13671875,981.87109375,1,58.01867461649903,58,1048.3435751209988,2341.313608396673,0.6527093596059114,0.7241379310344828,3,0.051724137931034475,4.818181818181818,0.3585898571533464,1002.9181072962958,1002.1205736665885,874.8116629984961,0.6527093596059114,1048.3435751209988,2341.313608396673,37.86933195411883,3,0.05170748935286565,4.818181818181818,straight,straight,0.6527093596059114,True,874.8116629984961
148,302,856,0,281,296,54.34681488243265,,522.75,324.25,1,54.34681488243265,54,834.0776395651305,1552.443690391069,0.4312169312169312,1.0,1,0.0,3.0185185185185186,0.39555092809361647,795.5235944779138,799.2711986682199,874.8116629984961,0.4312169312169312,834.0776395651305,1552.443690391069,23.435266735017255,1,0.018400342359773603,3.0185185185185186,thick,thick,0.4312169312169312,True,874.8116629984961
302,622,857,0,296,288,56.46059501980889,,526.86328125,304.13671875,1,56.46059501980889,56,750.1723372703973,1427.6686448164405,0.2423469387755102,0.30357142857142855,3,0.2321428571428571,2.2093023255813953,0.5307184280402328,739.1526625851149,693.893114413848,874.8116629984961,0.2423469387755102,750.1723372703973,1427.6686448164405,13.683052364494502,3,0.05313440283347114,2.2093023255813953,discontinuous,discontinuous,0.2423469387755102,True,874.8116629984961
189,308,858,0,274,297,19.310165955460757,,509.64453125,526.64453125,1,19.310165955460757,19,796.2354440988747,1752.425237045593,0.24060150375939848,0.2631578947368421,3,0.368421052631579,2.6666666666666665,0.59947894041409,738.4113838530528,781.9722865184895,874.8116629984961,0.24060150375939848,796.2354440988747,1752.425237045593,4.6460549667274,3,0.15535858194691612,2.6666666666666665,discontinuous,discontinuous,0.24060150375939848,True,874.8116629984961
47,582,859,0,277,298,23.505031109666017,,512.13671875,809.86328125,1,23.505031109666017,24,955.5733232079571,1657.0695324496457,0.5714285714285714,1.0,1,0.0,4.0,0.28867513459481287,961.3088843234241,854.4325332114655,874.8116629984961,0.5714285714285714,955.5733232079571,1657.0695324496457,13.43144634838058,1,0.04254408323623823,4.0,thick,thick,0.5714285714285714,True,874.8116629984961
257,308,860,0,295,297,80.19445926417862,,550.75,544.25,1,80.19445926417862,80,746.4726345472809,1296.0652827179488,0.2125,0.1625,9,0.4125,2.5319148936170213,0.4740270512998471,745.9829792692493,692.2625451456236,874.8116629984961,0.2125,746.4726345472809,1296.0652827179488,17.041322593637958,9,0.11222720475428323,2.5319148936170213,reticular,reticular,0.2125,True,874.8116629984961
527,572,861,0,249,299,10.408106828489116,,515.27734375,174.72265625,1,10.408106828489116,10,684.5217969241038,1035.040316927771,0.12857142857142856,0.7,1,0.30000000000000004,1.2857142857142858,0.35136418446315326,640.8164495178901,662.2135448184708,874.8116629984961,0.12857142857142856,684.5217969241038,1035.040316927771,1.338185163662886,1,0.0960789523472987,1.2857142857142858,discontinuous,discontinuous,0.12857142857142856,True,874.8116629984961
119,572,862,0,285,299,29.98215585826564,,527.13671875,165.13671875,1,29.98215585826564,30,641.0365772942882,982.918135231369,0.0380952380952381,0.1,2,0.8666666666666667,2.0,0.5,633.2858144532646,604.955935627253,874.8116629984961,0.0380952380952381,641.0365772942882,982.918135231369,1.1421773660291672,2,0.06670634391518011,2.0,discontinuous,discontinuous,0.0380952380952381,False,874.8116629984961
143,582,863,0,292,298,35.2007778581335,,525.64453125,790.64453125,1,35.2007778581335,35,869.1555516204978,1547.6500346014402,0.49795918367346936,0.7714285714285715,4,0.08571428571428574,3.8125,0.4169867980976034,827.5341992311148,858.0058804863778,874.8116629984961,0.49795918367346936,869.1555516204978,1547.6500346014402,17.52855060690729,4,0.11363385252794234,3.8125,thick_to_reticular,thick_to_reticular,0.49795918367346936,True,874.8116629984961
267,329,864,0,263,294,2.0,,514.5,467.5,1,2.0,2,962.9464285714286,1238.25,0.7142857142857143,1.0,1,0.0,5.0,0.0,1065.8958333333335,769.4166666666666,874.8116629984961,0.7142857142857143,962.9464285714286,1238.25,1.4285714285714286,1,0.5,5.0,thick,thick,0.7142857142857143,True,874.8116629984961
308,329,865,0,297,294,48.064383437336616,,535.859375,517.859375,1,48.064383437336616,48,804.2644967685105,1525.664322753766,0.3392857142857143,0.3958333333333333,5,0.16666666666666663,2.85,0.5794787566636401,768.7068851175982,785.0757837744458,874.8116629984961,0.3392857142857143,804.2644967685105,1525.664322753766,16.30755866623921,5,0.1040271328252591,2.85,discontinuous,discontinuous,0.3392857142857143,True,874.8116629984961
329,580,866,0,294,300,51.07783424010785,,530.5,486.5,1,51.07783424010785,51,841.6098617109977,1517.1969629693062,0.4117647058823529,0.39215686274509803,3,0.05882352941176472,3.0625,0.46849960339791824,790.2721659639406,823.9263365576014,874.8116629984961,0.4117647058823529,841.6098617109977,1517.1969629693062,21.032049392985584,3,0.05873389200288978,3.0625,thick,thick,0.4117647058823529,True,874.8116629984961
267,580,867,0,263,300,37.527036427950996,,525.49609375,453.49609375,1,37.527036427950996,38,691.2679727807838,1152.8687744633132,0.10902255639097744,0.34210526315789475,5,0.4736842105263158,1.45,0.5102982271361636,658.8581436819611,657.8471286483427,874.8116629984961,0.10902255639097744,691.2679727807838,1152.8687744633132,4.0912934451525516,5,0.1332372730684346,1.45,discontinuous,discontinuous,0.10902255639097744,True,874.8116629984961
400,402,868,0,282,301,68.32768380082581,,531.50390625,218.49609375,1,68.32768380082581,68,804.4330513158203,1668.568320420531,0.35294117647058826,0.75,5,0.1470588235294118,2.896551724137931,0.43805641649938326,762.1205193933138,748.874479239577,874.8116629984961,0.35294117647058826,804.4330513158203,1668.568320420531,24.115653106173816,5,0.07317678167717387,2.896551724137931,discontinuous,discontinuous,0.35294117647058826,True,874.8116629984961
402,529,869,0,301,255,34.97503949503154,,529.64453125,252.35546875,1,34.97503949503154,35,795.6739398399798,1424.1876686407682,0.2979591836734694,0.6571428571428571,3,0.08571428571428574,2.28125,0.3144723365273698,749.1274522064956,753.5661067004629,874.8116629984961,0.2979591836734694,795.6739398399798,1424.1876686407682,10.42113421688695,3,0.08577545710637931,2.28125,discontinuous,discontinuous,0.2979591836734694,True,874.8116629984961
295,582,870,0,280,298,6.5508319613971935,,519.28125,822.71875,1,6.5508319613971935,7,884.6227015336486,1387.447239014199,0.5306122448979592,1.0,1,0.0,3.7142857142857144,0.1884222879063983,863.078109825293,860.4856005741873,874.8116629984961,0.5306122448979592,884.6227015336486,1387.447239014199,3.475951652986266,1,0.15265236627848336,3.7142857142857144,thick,thick,0.5306122448979592,True,874.8116629984961
400,572,871,0,282,299,72.25577766396852,,543.171875,200.171875,1,72.25577766396852,72,641.9302245761503,1146.893136820905,0.07936507936507936,0.2777777777777778,4,0.6805555555555556,1.7391304347826086,0.422788363132194,627.4593059964845,607.808385815183,874.8116629984961,0.07936507936507936,641.9302245761503,1146.893136820905,5.73458552888639,4,0.055358894877615625,1.7391304347826086,discontinuous,discontinuous,0.07936507936507936,True,874.8116629984961
210,299,872,0,272,286,8.178132521123993,,521.50390625,896.50390625,1,8.178132521123993,8,856.4853188127971,1338.2256087111682,0.3392857142857143,0.5,3,0.25,3.1666666666666665,0.33700653881225523,833.6643473848656,827.6587371202572,874.8116629984961,0.3392857142857143,856.4853188127971,1338.2256087111682,2.7747235339527836,3,0.3668319133067415,3.1666666666666665,discontinuous,discontinuous,0.3392857142857143,True,874.8116629984961
167,295,873,0,302,280,41.13672880791407,,521.86328125,846.13671875,1,41.13672880791407,41,837.0504306795585,1877.819315519056,0.42160278745644597,0.5121951219512195,2,0.07317073170731703,3.1842105263157894,0.4605167509340506,780.9986654117605,805.8921520300931,874.8116629984961,0.42160278745644597,837.0504306795585,1877.819315519056,17.343359532256454,2,0.04861835294048055,3.1842105263157894,thick,thick,0.42160278745644597,True,874.8116629984961
167,210,874,0,302,272,15.803971133757098,,522.75390625,872.24609375,1,15.803971133757098,16,1236.9751903888427,1890.3463919866015,0.9017857142857143,1.0,1,0.0,6.3125,0.07342770779302636,1206.0860423076488,1163.9711324810614,874.8116629984961,0.9017857142857143,1236.9751903888427,1890.3463919866015,14.251795397405955,1,0.0632752357958951,6.3125,thick,thick,0.9017857142857143,True,874.8116629984961
111,344,875,0,259,303,37.64177196650534,,528.86328125,584.86328125,1,37.64177196650534,38,941.3690391702979,2074.721122462567,0.5526315789473685,1.0,1,0.0,3.8684210526315788,0.27287307646437525,942.2187110660595,826.7645990797766,874.8116629984961,0.5526315789473685,941.3690391702979,2074.721122462567,20.802031876226636,1,0.026566230752628407,3.8684210526315788,thick,thick,0.5526315789473685,True,874.8116629984961
19,344,876,0,269,303,29.88265757927098,,534.359375,607.640625,1,29.88265757927098,30,803.1141969307768,1800.3998782538695,0.3142857142857143,0.4,3,0.16666666666666663,2.64,0.5554637206007078,730.8522655452778,834.0288629175258,874.8116629984961,0.3142857142857143,803.1141969307768,1800.3998782538695,9.391692382056593,3,0.10039267732603013,2.64,discontinuous,discontinuous,0.3142857142857143,True,874.8116629984961
211,549,877,0,290,304,51.80847359623883,,536.1328125,119.1328125,1,51.80847359623883,52,708.6733953864393,1032.8216786965766,0.08241758241758242,0.11538461538461539,7,0.5384615384615384,1.25,0.41633319989322654,667.6150817747838,703.7816070293974,874.8116629984961,0.08241758241758242,708.6733953864393,1032.8216786965766,4.269929142547156,7,0.13511303294811186,1.25,discontinuous,discontinuous,0.08241758241758242,True,874.8116629984961
119,549,878,0,285,304,23.957405870729943,,528.71875,149.28125,1,23.957405870729943,24,748.9795156372952,1132.664692819276,0.2261904761904762,0.5,3,0.25,2.111111111111111,0.6092545738310645,697.0015432372307,741.9279788868822,874.8116629984961,0.2261904761904762,748.9795156372952,1132.664692819276,5.418937042188916,3,0.12522223884286496,2.111111111111111,discontinuous,discontinuous,0.2261904761904762,True,874.8116629984961
167,582,879,0,302,298,37.235123316111,,537.390625,833.609375,1,37.235123316111,37,825.3154820669408,1738.5493409948706,0.4015444015444015,1.0,1,0.0,2.810810810810811,0.29636605783504694,796.6461804603774,737.671938724102,874.8116629984961,0.4015444015444015,825.3154820669408,1738.5493409948706,14.951555308399783,1,0.026856363318859135,2.810810810810811,thick,thick,0.4015444015444015,True,874.8116629984961
133,210,880,0,305,272,20.242390021416824,,529.46484375,887.46484375,1,20.242390021416824,20,993.2250314003385,1815.8874883859098,0.5857142857142857,1.0,1,0.0,4.1,0.2977208686764318,956.3264495321021,876.6664951892308,874.8116629984961,0.5857142857142857,993.2250314003385,1815.8874883859098,11.856257012544141,1,0.049401281120558464,4.1,thick,thick,0.5857142857142857,True,874.8116629984961
52,267,881,0,287,263,34.081164784128305,,538.35546875,385.35546875,1,34.081164784128305,34,654.6823961069261,1018.8092288975567,0.06302521008403361,0.20588235294117646,3,0.7352941176470589,1.6666666666666667,0.282842712474619,687.9260020209749,601.0245354778297,874.8116629984961,0.06302521008403361,654.6823961069261,1018.8092288975567,2.1479725704282546,3,0.08802516049560338,1.6666666666666667,discontinuous,discontinuous,0.06302521008403361,True,874.8116629984961
133,299,882,0,305,286,58.91824227501462,,546.86328125,915.13671875,1,58.91824227501462,59,978.9476049784683,2410.747193816753,0.5351089588377724,1.0,1,0.0,3.7457627118644066,0.37624645259705713,865.4963619462038,899.9609708460533,874.8116629984961,0.5351089588377724,978.9476049784683,2410.747193816753,31.527679280334702,1,0.016972671983869904,3.7457627118644066,thick,thick,0.5351089588377724,True,874.8116629984961
133,167,883,0,305,302,36.723732836133415,,543.390625,885.609375,1,36.723732836133415,37,954.693382072227,1801.3031991973903,0.6061776061776062,1.0,1,0.0,4.243243243243243,0.3021284388695904,941.0030791641573,848.2536750010461,874.8116629984961,0.6061776061776062,954.693382072227,1801.3031991973903,22.261104460513305,1,0.027230347319596948,4.243243243243243,thick,thick,0.6061776061776062,True,874.8116629984961
153,394,884,0,276,306,41.75235164914228,,542.46484375,12.53515625,1,41.75235164914228,42,720.1371334759967,1343.4039798970398,0.1598639455782313,0.23809523809523808,3,0.5238095238095238,2.35,0.4313432964407083,692.7239520987587,684.8577237651338,874.8116629984961,0.1598639455782313,720.1371334759967,1343.4039798970398,6.674695671801657,3,0.07185224020936386,2.35,discontinuous,discontinuous,0.1598639455782313,True,874.8116629984961
121,153,886,0,307,276,15.836017280731635,,532.390625,37.390625,1,15.836017280731635,16,723.7357361066196,1059.4890159523156,0.10714285714285714,0.25,2,0.6875,2.4,0.33333333333333337,690.0023369762619,726.9683712495423,874.8116629984961,0.10714285714285714,723.7357361066196,1059.4890159523156,1.6967161372212465,2,0.1262943810015594,2.4,discontinuous,discontinuous,0.10714285714285714,True,874.8116629984961
121,347,887,0,307,291,33.50097252736795,,540.75,58.25,1,33.50097252736795,34,786.0183198321461,1397.1744805980918,0.33613445378151263,1.0,1,0.0,2.3529411764705883,0.45961940777125593,774.5328752815132,699.0377112119498,874.8116629984961,0.33613445378151263,786.0183198321461,1397.1744805980918,11.260831101636287,1,0.029849879706718065,2.3529411764705883,punctate,punctate,0.33613445378151263,True,874.8116629984961
110,299,888,0,308,286,47.85720741872832,,552.140625,941.8671875,1,47.85720741872832,48,719.3219969299181,1404.413637432089,0.11607142857142858,0.125,7,0.6458333333333333,2.2941176470588234,0.6975113081402793,696.1829930738216,716.2825724189915,874.8116629984961,0.11607142857142858,719.3219969299181,1404.413637432089,5.554854432530966,7,0.14626845939323732,2.2941176470588234,discontinuous,discontinuous,0.11607142857142858,True,874.8116629984961
110,306,889,0,308,284,56.528097359817764,,550.359375,970.640625,1,56.528097359817764,57,766.4040027437745,1334.446568219647,0.22807017543859648,0.21052631578947367,6,0.33333333333333337,2.3947368421052633,0.46479749412212307,768.3669798576876,711.5101578411058,874.8116629984961,0.22807017543859648,766.4040027437745,1334.446568219647,12.892373082063699,6,0.10614190606501854,2.3947368421052633,reticular,reticular,0.22807017543859648,True,874.8116629984961
267,383,890,0,263,309,72.17479598797382,,558.5,414.5,1,72.17479598797382,72,674.0205005966486,1094.7926919698134,0.08531746031746032,0.2916666666666667,8,0.5416666666666667,1.303030303030303,0.6675674462515035,631.0360926703805,662.6392581551859,874.8116629984961,0.08531746031746032,674.0205005966486,1094.7926919698134,6.157770292624751,8,0.11084201750058296,1.303030303030303,discontinuous,discontinuous,0.08531746031746032,True,874.8116629984961
383,580,891,0,309,300,58.52260936556626,,549.86328125,459.13671875,1,58.52260936556626,59,640.0180379987017,1062.105538342527,0.01937046004842615,0.05084745762711865,3,0.9152542372881356,1.6,0.30618621784789724,644.5888337659865,604.0816552368095,874.8116629984961,0.01937046004842615,640.0180379987017,1062.105538342527,1.1336098666453513,3,0.05126223920160933,1.6,discontinuous,discontinuous,0.01937046004842615,False,874.8116629984961
199,609,892,0,289,293,9.124249268759064,,536.86328125,688.86328125,1,9.124249268759064,9,939.7994127270221,1910.9810963798436,0.5079365079365079,1.0,1,0.0,3.5555555555555554,0.4614007206322938,945.1843172441908,914.6760897774443,874.8116629984961,0.5079365079365079,939.7994127270221,1910.9810963798436,4.634539311115715,1,0.10959805793819619,3.5555555555555554,thick,thick,0.5079365079365079,True,874.8116629984961
52,302,893,0,287,296,19.473969798791302,,544.71875,351.28125,1,19.473969798791302,19,760.245890802843,1113.9884183217393,0.2781954887218045,0.8421052631578947,2,0.052631578947368474,2.0555555555555554,0.4432762018069386,702.4239057066343,743.7858367548922,874.8116629984961,0.2781954887218045,760.245890802843,1113.9884183217393,5.417570545528407,2,0.1027011965543941,2.0555555555555554,punctate,punctate,0.2781954887218045,True,874.8116629984961
257,344,894,0,295,303,24.41815920438236,,548.50390625,566.50390625,1,24.41815920438236,24,865.9806184703898,1460.8134805072762,0.47619047619047616,1.0,1,0.0,3.3333333333333335,0.4949747468305833,848.2382668468617,822.2392119342317,874.8116629984961,0.47619047619047616,865.9806184703898,1460.8134805072762,11.627694859229694,1,0.040953128023693476,3.3333333333333335,thick,thick,0.47619047619047616,True,874.8116629984961
549,572,895,0,304,299,27.950926261203964,,550.390625,152.390625,1,27.950926261203964,28,671.8694192375305,1137.4605387848223,0.10204081632653061,0.32142857142857145,4,0.4642857142857143,1.3333333333333333,0.44721359549995787,626.4293537934689,637.4237748325716,874.8116629984961,0.10204081632653061,671.8694192375305,1137.4605387848223,2.852135332775915,4,0.14310795866368198,1.3333333333333333,discontinuous,discontinuous,0.10204081632653061,True,874.8116629984961
121,394,896,0,307,306,43.01798399955932,,558.28125,38.28125,1,43.01798399955932,43,805.0103685300287,1301.2988184622477,0.3920265780730897,0.7906976744186046,3,0.046511627906976716,2.8780487804878048,0.40019386281754554,767.5156363828853,753.5360428708674,874.8116629984961,0.3920265780730897,805.0103685300287,1301.2988184622477,16.864193062950164,3,0.06973827504400792,2.8780487804878048,discontinuous,discontinuous,0.3920265780730897,True,874.8116629984961
143,260,897,0,292,310,54.41881442559034,,543.53125,755.53125,1,54.41881442559034,54,704.4694474327224,1183.730466904256,0.1455026455026455,0.12962962962962962,6,0.5185185185185186,2.1153846153846154,0.4786344211304794,664.0908597576149,687.7187564687723,874.8116629984961,0.1455026455026455,704.4694474327224,1183.730466904256,7.918081464040922,6,0.11025598523841622,2.1153846153846154,discontinuous,discontinuous,0.1455026455026455,True,874.8116629984961
260,582,898,0,310,298,15.71927696472002,,546.49609375,787.50390625,1,15.71927696472002,16,897.2216631608088,1445.5204845052585,0.48214285714285715,1.0,1,0.0,3.375,0.5629142279100245,868.7263437796246,860.5557196941486,874.8116629984961,0.48214285714285715,897.2216631608088,1445.5204845052585,7.57893710799001,1,0.06361615755256281,3.375,thick,thick,0.48214285714285715,True,874.8116629984961
169,199,899,0,311,289,18.025429438848796,,548.3515625,683.3515625,1,18.025429438848796,18,1095.746607250849,1799.1647430111213,0.753968253968254,1.0,1,0.0,5.277777777777778,0.18741572436594586,1195.46120559467,917.2421265021401,874.8116629984961,0.753968253968254,1095.746607250849,1799.1647430111213,13.59060156103679,1,0.05547718035747755,5.277777777777778,thick,thick,0.753968253968254,True,874.8116629984961
260,609,900,0,310,293,23.574553353457606,,546.28125,721.28125,1,23.574553353457606,24,745.8317352577443,1289.6791867006089,0.19047619047619047,0.375,4,0.33333333333333337,2.0,0.4330127018922193,711.1481591237562,713.4772411838007,874.8116629984961,0.19047619047619047,745.8317352577443,1289.6791867006089,4.490391114944305,4,0.16967447654372347,2.0,discontinuous,discontinuous,0.19047619047619047,True,874.8116629984961
169,609,901,0,311,293,34.6820517508973,,550.5,702.5,1,34.6820517508973,35,865.1162870558679,1826.4256883635949,0.3877551020408163,0.5142857142857142,3,0.08571428571428574,2.96875,0.574142742875564,808.260317826391,870.7406611554376,874.8116629984961,0.3877551020408163,865.1162870558679,1826.4256883635949,13.448142515654055,3,0.0865000727623441,2.96875,discontinuous,discontinuous,0.3877551020408163,True,874.8116629984961
18,284,902,0,283,312,19.749824350296592,,543.6796875,1014.609375,1,19.749824350296592,20,804.012107940509,1631.608961126406,0.24285714285714285,0.3,2,0.6,4.25,0.573340843812292,805.4181982709001,748.4313042877136,874.8116629984961,0.24285714285714285,804.012107940509,1631.608961126406,4.796385913643458,2,0.10126672341619915,4.25,punctate,punctate,0.24285714285714285,True,874.8116629984961
112,344,903,0,313,303,30.77556604029641,,555.13671875,606.13671875,1,30.77556604029641,31,850.4960144761626,1377.4324000648721,0.423963133640553,1.0,1,0.0,2.967741935483871,0.2900361753070942,777.3578327697156,815.209438285202,874.8116629984961,0.423963133640553,850.4960144761626,1377.4324000648721,13.047705418005851,1,0.03249330974743523,2.967741935483871,thick,thick,0.423963133640553,True,874.8116629984961
19,112,904,0,269,313,23.25096980074012,,546.171875,628.828125,1,23.25096980074012,23,849.500378771274,1188.160743164366,0.4472049689440994,1.0,1,0.0,3.130434782608696,0.44487826050130463,815.73997723581,841.2494829448061,874.8116629984961,0.4472049689440994,849.500378771274,1188.160743164366,10.397949227660177,1,0.04300895870451684,3.130434782608696,thick,thick,0.4472049689440994,True,874.8116629984961
112,199,905,0,313,289,45.90151327651939,,553.859375,654.859375,1,45.90151327651939,46,807.2526235668126,1474.518973621965,0.3385093167701863,0.4782608695652174,4,0.19565217391304346,2.945945945945946,0.36119302174366097,763.9263724076312,765.3216774953466,874.8116629984961,0.3385093167701863,807.2526235668126,1474.518973621965,15.538089897952213,4,0.08714309647926517,2.945945945945946,discontinuous,discontinuous,0.3385093167701863,True,874.8116629984961
284,306,906,0,312,284,39.075775987610285,,558.25,992.25,1,39.075775987610285,39,752.6295228941963,1410.034491246783,0.21245421245421245,0.20512820512820512,4,0.6153846153846154,3.8666666666666667,0.410185422530011,718.8386866164537,753.8850905197183,874.8116629984961,0.21245421245421245,752.6295228941963,1410.034491246783,8.30181321348497,4,0.10236520961908155,3.8666666666666667,discontinuous,discontinuous,0.21245421245421245,True,874.8116629984961
402,622,907,0,301,288,18.783562654062994,,555.3515625,257.6484375,1,18.783562654062994,19,959.8769946966876,1639.2568624452622,0.6015037593984962,1.0,1,0.0,4.2105263157894735,0.1976423537605237,907.3660629616718,909.7915423216546,874.8116629984961,0.6015037593984962,959.8769946966876,1639.2568624452622,11.298383551316086,1,0.053238036810002824,4.2105263157894735,thick,thick,0.6015037593984962,True,874.8116629984961
121,617,909,0,307,278,46.041077679238356,,571.5,78.5,1,46.041077679238356,46,785.5333818008623,1531.1863655579564,0.2795031055900621,0.2391304347826087,5,0.13043478260869568,2.25,0.5328701692569688,756.316949031701,764.2619119254095,874.8116629984961,0.2795031055900621,785.5333818008623,1531.1863655579564,12.86862419606041,5,0.1085986743150169,2.25,discontinuous,discontinuous,0.2795031055900621,True,874.8116629984961
112,169,910,0,313,311,32.57691279763872,,561.171875,682.171875,1,32.57691279763872,33,819.0379174388606,1319.8249355817688,0.329004329004329,0.5151515151515151,4,0.2727272727272727,3.1666666666666665,0.6023959548557682,833.775455510692,766.0184658419845,874.8116629984961,0.329004329004329,819.0379174388606,1319.8249355817688,10.717945336019666,4,0.12278634334834616,3.1666666666666665,discontinuous,discontinuous,0.329004329004329,True,874.8116629984961
302,378,911,0,296,314,20.26508578908587,,553.16796875,322.83203125,1,20.26508578908587,20,884.3560813717165,1488.7354559641594,0.4642857142857143,1.0,1,0.0,3.25,0.335299918733898,781.7353224475164,867.9931134337719,874.8116629984961,0.4642857142857143,884.3560813717165,1488.7354559641594,9.408789830647011,1,0.04934595443650025,3.25,thick,thick,0.4642857142857143,True,874.8116629984961
580,612,912,0,300,315,37.36116707450552,,560.79296875,482.50390625,1,37.36116707450552,37,957.9952559103002,1896.337135761815,0.5328185328185329,1.0,1,0.0,3.72972972972973,0.3217913523358626,923.2384434623195,873.1440955076998,874.8116629984961,0.5328185328185329,957.9952559103002,1896.337135761815,19.90672222502611,1,0.026765759163941617,3.72972972972973,thick,thick,0.5328185328185329,True,874.8116629984961
329,612,913,0,294,315,13.05364742389067,,556.1328125,500.8671875,1,13.05364742389067,13,951.5449387182335,1788.130395057465,0.5714285714285714,1.0,1,0.0,4.0,0.2594372608313854,943.9397009179726,854.932395299341,874.8116629984961,0.5714285714285714,951.5449387182335,1788.130395057465,7.459227099366097,1,0.07660694115039517,4.0,thick,thick,0.5714285714285714,True,874.8116629984961
228,582,914,0,316,298,41.874487485688775,,555.53515625,812.46484375,1,41.874487485688775,42,827.2520157457486,1431.3993137381485,0.3877551020408163,1.0,1,0.0,2.7142857142857144,0.5102820902543505,807.6196714863635,775.0282004427781,874.8116629984961,0.3877551020408163,827.2520157457486,1431.3993137381485,16.237046167920138,1,0.023880889296657416,2.7142857142857144,punctate,punctate,0.3877551020408163,True,874.8116629984961
167,354,915,0,302,317,50.440249509062625,,559.10546875,865.89453125,1,50.440249509062625,50,856.6126926003027,2070.7649499249455,0.4342857142857143,1.0,1,0.0,3.04,0.3352036632330788,806.0839365826428,796.7000399686053,874.8116629984961,0.4342857142857143,856.6126926003027,2070.7649499249455,21.90547978679291,1,0.019825437219939394,3.04,thick,thick,0.4342857142857143,True,874.8116629984961
378,622,916,0,314,288,32.79238051718726,,566.75,304.75,1,32.79238051718726,33,896.363995104682,1758.0617148439642,0.5021645021645021,1.0,1,0.0,3.515151515151515,0.23355546869213908,857.5393717143961,807.5513881309014,874.8116629984961,0.5021645021645021,896.363995104682,1758.0617148439642,16.467169437202262,1,0.030494888880539684,3.515151515151515,thick,thick,0.5021645021645021,True,874.8116629984961
354,582,917,0,317,298,7.299349422465039,,556.390625,841.390625,1,7.299349422465039,7,864.9088175379059,1255.0730607449314,0.4489795918367347,1.0,1,0.0,3.142857142857143,0.43121968093205176,878.5197377174296,798.2903865374235,874.8116629984961,0.4489795918367347,864.9088175379059,1255.0730607449314,3.2772589243720582,1,0.1369985107059436,3.142857142857143,thick,thick,0.4489795918367347,True,874.8116629984961
197,302,918,0,318,296,25.948695242452068,,555.5,342.5,1,25.948695242452068,26,742.0102127018896,1491.3886756786515,0.18681318681318682,0.5,3,0.3846153846153846,2.125,0.573340843812292,697.3472933532096,719.4731927130432,874.8116629984961,0.18681318681318682,742.0102127018896,1491.3886756786515,4.84755845188665,3,0.11561274938756842,2.125,discontinuous,discontinuous,0.18681318681318682,True,874.8116629984961
52,197,919,0,287,318,23.807984818623808,,553.5,365.5,1,23.807984818623808,24,694.6144179377037,1162.1769645767881,0.1130952380952381,0.16666666666666666,3,0.75,3.1666666666666665,0.5594813585649816,679.0684798256838,683.4742421967848,874.8116629984961,0.1130952380952381,694.6144179377037,1162.1769645767881,2.6925697116300737,3,0.12600814486630757,3.1666666666666665,discontinuous,discontinuous,0.1130952380952381,True,874.8116629984961
228,260,920,0,316,310,25.396364063363883,,560.50390625,780.50390625,1,25.396364063363883,25,883.5894984466204,1668.3399162631765,0.4742857142857143,0.68,2,0.040000000000000036,3.4583333333333335,0.5075993839262867,855.4166178279473,834.3922255694736,874.8116629984961,0.4742857142857143,883.5894984466204,1668.3399162631765,12.045132670052585,2,0.07875143052013286,3.4583333333333335,thick,thick,0.4742857142857143,True,874.8116629984961
549,617,921,0,304,278,44.54689383660174,,577.13671875,101.86328125,1,44.54689383660174,45,795.6385511132445,1315.6633049096556,0.33650793650793653,0.3333333333333333,4,0.0888888888888889,2.5853658536585367,0.5123953061886894,759.2730810005236,768.3960072211735,874.8116629984961,0.33650793650793653,795.6385511132445,1315.6633049096556,14.990383322792967,4,0.08979301709950918,2.5853658536585367,discontinuous,discontinuous,0.33650793650793653,True,874.8116629984961
197,267,922,0,318,263,31.855290759346087,,567.25,382.75,1,31.855290759346087,32,826.1793854567579,1432.829977663883,0.39285714285714285,0.8125,2,0.0625,2.933333333333333,0.35135510985773427,778.8929576712646,782.1188659604851,874.8116629984961,0.39285714285714285,826.1793854567579,1432.829977663883,12.514578512600249,2,0.06278391916461211,2.933333333333333,punctate,punctate,0.39285714285714285,True,874.8116629984961
296,400,923,0,319,282,45.7457465055489,,560.5,211.5,1,45.7457465055489,46,978.0178755794665,1722.2392786560197,0.6180124223602484,1.0,1,0.0,4.326086956521739,0.29340021260291455,890.1304609699266,954.7285350794409,874.8116629984961,0.6180124223602484,978.0178755794665,1722.2392786560197,28.27143961057215,1,0.02185995587324608,4.326086956521739,thick,thick,0.6180124223602484,True,874.8116629984961
296,402,924,0,319,301,61.38386432725228,,573.5,237.5,1,61.38386432725228,61,928.9229749918992,1749.622148605929,0.5433255269320844,0.6229508196721312,2,0.032786885245901676,3.9322033898305087,0.3136201683376077,877.3262808970268,882.7005755303601,874.8116629984961,0.5433255269320844,928.9229749918992,1749.622148605929,33.35142043073192,2,0.03258185228185561,3.9322033898305087,thick,thick,0.5433255269320844,True,874.8116629984961
308,612,925,0,297,315,36.2161158941529,,573.5,516.5,1,36.2161158941529,36,808.464417646871,1399.423563165779,0.3134920634920635,0.3333333333333333,4,0.13888888888888884,2.5483870967741935,0.46578150615124303,758.0525353594733,788.8517793459985,874.8116629984961,0.3134920634920635,808.464417646871,1399.423563165779,11.35346490332571,4,0.11044806714476527,2.5483870967741935,discontinuous,discontinuous,0.3134920634920635,True,874.8116629984961
169,260,926,0,311,310,16.2278713136141,,563.27734375,722.72265625,1,16.2278713136141,16,866.1278253983055,1408.3564056752734,0.45535714285714285,0.8125,2,0.0625,3.4,0.4268929619034754,791.3236485330192,889.742301621921,874.8116629984961,0.45535714285714285,866.1278253983055,1408.3564056752734,7.389477116020705,2,0.12324475350763558,3.4,thick,thick,0.45535714285714285,True,874.8116629984961
197,378,927,0,318,314,27.638961617200007,,570.640625,336.3515625,1,27.638961617200007,28,834.5602801952313,1397.1480005357766,0.3163265306122449,0.42857142857142855,3,0.1071428571428571,2.48,0.4718948012363805,775.3615602175415,852.4918836887798,874.8116629984961,0.3163265306122449,834.5602801952313,1397.1480005357766,8.74293683809388,3,0.10854242795189055,2.48,discontinuous,discontinuous,0.3163265306122449,True,874.8116629984961
257,288,928,0,295,320,68.25941837886033,,582.86328125,563.13671875,1,68.25941837886033,68,799.4028645342809,1495.4670020153412,0.27521008403361347,0.36764705882352944,4,0.27941176470588236,2.673469387755102,0.41657293586693905,776.0001831677712,748.339097226646,874.8116629984961,0.27521008403361347,799.4028645342809,1495.4670020153412,18.78568026813173,4,0.05859997191594565,2.673469387755102,discontinuous,discontinuous,0.27521008403361347,True,874.8116629984961
467,582,929,0,321,298,10.948345799777325,,559.8984375,833.8984375,1,10.948345799777325,11,911.4789176903777,1634.3393145796804,0.5064935064935064,1.0,1,0.0,3.5454545454545454,0.2512297172085311,818.9539490374565,859.69105522945,874.8116629984961,0.5064935064935064,911.4789176903777,1634.3393145796804,5.545266054432671,1,0.09133799920900733,3.5454545454545454,thick,thick,0.5064935064935064,True,874.8116629984961
354,467,930,0,317,321,37.25504294294751,,572.49609375,852.50390625,1,37.25504294294751,37,875.8832896827056,1468.2811169645204,0.5212355212355212,1.0,1,0.0,3.6486486486486487,0.35601821750216045,854.7582919631694,800.3303104849103,874.8116629984961,0.5212355212355212,875.8832896827056,1468.2811169645204,19.418651727018972,1,0.02684200368608897,3.6486486486486487,thick,thick,0.5212355212355212,True,874.8116629984961
288,344,931,0,320,303,37.15312190958652,,566.90234375,583.09765625,1,37.15312190958652,37,855.0483959152797,1357.6499109705856,0.4555984555984556,1.0,1,0.0,3.189189189189189,0.3483865218829571,796.0572982287753,833.7746576972314,874.8116629984961,0.4555984555984556,855.0483959152797,1357.6499109705856,16.92690496266876,1,0.026915638541319262,3.189189189189189,thick,thick,0.4555984555984556,True,874.8116629984961
133,354,932,0,305,317,36.3744831727423,,573.390625,902.609375,1,36.3744831727423,36,889.8354652210156,1514.058732982704,0.5357142857142857,1.0,1,0.0,3.75,0.38425814368423516,840.3226390716566,865.0716773942678,874.8116629984961,0.5357142857142857,889.8354652210156,1514.058732982704,19.486330271111946,1,0.0274917995467043,3.75,thick,thick,0.5357142857142857,True,874.8116629984961
228,467,933,0,316,321,38.08869097903502,,579.64453125,823.64453125,1,38.08869097903502,38,863.8361993325805,1440.070039753592,0.44360902255639095,1.0,1,0.0,3.1052631578947367,0.5265160870172565,828.1990255963916,793.6371211511514,874.8116629984961,0.44360902255639095,863.8361993325805,1440.070039753592,16.896486975662153,1,0.02625451214772451,3.1052631578947367,thick,thick,0.44360902255639095,True,874.8116629984961
402,403,934,0,301,322,78.36382262738158,,595.83203125,243.83203125,1,78.36382262738158,78,846.2676292581027,1767.7154415533646,0.3626373626373626,0.38461538461538464,5,0.07692307692307687,2.75,0.746586969379086,806.832350334166,820.5335795716856,874.8116629984961,0.3626373626373626,846.2676292581027,1767.7154415533646,28.417649963775737,5,0.06380495274936882,2.75,discontinuous,discontinuous,0.3626373626373626,True,874.8116629984961
403,622,935,0,322,288,33.75034797221105,,568.86328125,276.13671875,1,33.75034797221105,34,841.6199228808209,1273.2218305945398,0.4117647058823529,0.7941176470588235,3,0.08823529411764708,3.161290322580645,0.5023891275547417,823.5447142657836,821.3601903922981,874.8116629984961,0.4117647058823529,841.6199228808209,1273.2218305945398,13.897202106204551,3,0.08888797242831697,3.161290322580645,thick,thick,0.4117647058823529,True,874.8116629984961
428,549,936,0,323,304,58.08863400117324,,578.86328125,125.86328125,1,58.08863400117324,58,776.5023766734819,1384.5571605245934,0.30049261083743845,0.3793103448275862,6,0.15517241379310343,2.489795918367347,0.38165399104337094,738.5162841225604,742.1559743296399,874.8116629984961,0.30049261083743845,776.5023766734819,1384.5571605245934,17.455205290992946,6,0.1032904302738263,2.489795918367347,reticular,reticular,0.30049261083743845,True,874.8116629984961
428,572,937,0,323,299,9.487566741492493,,567.0078125,154.9921875,1,9.487566741492493,9,791.2519098927464,1225.6137954899439,0.2698412698412698,0.5555555555555556,2,0.2222222222222222,2.4285714285714284,0.2999423243289874,702.2829786335822,841.9099459665458,874.8116629984961,0.2698412698412698,791.2519098927464,1225.6137954899439,2.560137057228133,2,0.21080220613925074,2.4285714285714284,punctate,punctate,0.2698412698412698,True,874.8116629984961
222,260,938,0,324,310,46.76256538906389,,568.86328125,754.13671875,1,46.76256538906389,47,773.9662500698985,1563.8856178229935,0.2735562310030395,0.7021276595744681,4,0.19148936170212771,2.3684210526315788,0.6670369342134949,737.6734869328983,719.8481659503501,874.8116629984961,0.2735562310030395,773.9662500698985,1563.8856178229935,12.7921911398655,4,0.08553850642538655,2.3684210526315788,discontinuous,discontinuous,0.2735562310030395,True,874.8116629984961
112,288,939,0,313,320,14.476116486944706,,574.27734375,601.72265625,1,14.476116486944706,14,637.1980841504928,1211.8287515190518,0.08163265306122448,0.14285714285714285,2,0.7857142857142857,2.6666666666666665,0.6373774391990982,622.7627755380743,647.3664957874281,874.8116629984961,0.08163265306122448,637.1980841504928,1211.8287515190518,1.181723794852629,2,0.13815860087915852,2.6666666666666665,discontinuous,discontinuous,0.08163265306122448,True,874.8116629984961
169,222,940,0,311,324,14.472552573331972,,575.46484375,728.53515625,1,14.472552573331972,14,913.2510850625176,1396.5956907295265,0.5306122448979592,1.0,1,0.0,3.7142857142857144,0.3587453481957236,843.5868694603716,907.7619270160119,874.8116629984961,0.5306122448979592,913.2510850625176,1396.5956907295265,7.679313610339414,1,0.06909631144423427,3.7142857142857144,thick,thick,0.5306122448979592,True,874.8116629984961
363,572,941,0,325,299,26.10996527321172,,574.359375,169.640625,1,26.10996527321172,26,657.9330056093092,1147.3342889195162,0.07142857142857142,0.11538461538461539,4,0.6923076923076923,1.625,0.6105579948610594,636.8950845876728,630.3988364560487,874.8116629984961,0.07142857142857142,657.9330056093092,1147.3342889195162,1.8649975195151227,4,0.1531982121823776,1.625,discontinuous,discontinuous,0.07142857142857142,True,874.8116629984961
363,428,942,0,325,323,61.77012677774673,,601.13671875,152.13671875,1,61.77012677774673,62,715.7554158448326,1320.9292777257006,0.20506912442396313,0.5,6,0.14516129032258063,1.679245283018868,0.6205258998419809,671.9045084004076,667.4361788659422,874.8116629984961,0.20506912442396313,715.7554158448326,1320.9292777257006,12.667145813869721,6,0.0971343319658129,1.679245283018868,reticular,reticular,0.20506912442396313,True,874.8116629984961
222,228,943,0,324,316,56.29903670402969,,585.8984375,797.1015625,1,56.29903670402969,56,890.7355198702613,1685.5207025025882,0.47959183673469385,0.9107142857142857,2,0.0357142857142857,3.4814814814814814,0.29634868674859827,828.5108844540246,854.1933271053343,874.8116629984961,0.47959183673469385,890.7355198702613,1685.5207025025882,27.000558419279542,2,0.03552458651316226,3.4814814814814814,thick,thick,0.47959183673469385,True,874.8116629984961
117,299,944,0,326,286,2.0,,571.5,930.5,1,2.0,2,1171.517857142857,1390.125,0.8571428571428571,1.0,1,0.0,6.0,0.0,1053.5416666666665,1257.6875,874.8116629984961,0.8571428571428571,1171.517857142857,1390.125,1.7142857142857142,1,0.5,6.0,thick,thick,0.8571428571428571,True,874.8116629984961
110,117,945,0,308,326,58.91538416253569,,573.5,959.5,1,58.91538416253569,59,883.6509360567553,2264.419450959139,0.39709443099273606,0.423728813559322,6,0.288135593220339,3.9047619047619047,0.4833639312830833,860.4219884517373,834.1888195062173,874.8116629984961,0.39709443099273606,883.6509360567553,2264.419450959139,23.39497095074056,6,0.1018409721889822,3.9047619047619047,reticular,reticular,0.39709443099273606,True,874.8116629984961
117,133,946,0,326,305,21.348638572707692,,580.16796875,924.16796875,1,21.348638572707692,21,1004.7212367172907,1402.7681483409024,0.7551020408163265,1.0,1,0.0,5.285714285714286,0.23458047867191964,1002.4865609775528,944.5715536522584,874.8116629984961,0.7551020408163265,1004.7212367172907,1402.7681483409024,16.120400554901725,1,0.04684139443338601,5.285714285714286,thick,thick,0.7551020408163265,True,874.8116629984961
206,400,947,0,327,282,8.337741280196344,,572.90234375,190.89453125,1,8.337741280196344,8,1126.6970562252366,1674.433204348229,0.7321428571428571,1.0,1,0.0,5.125,0.18088288992916252,1173.2750950782472,979.6949630942986,874.8116629984961,0.7321428571428571,1126.6970562252366,1674.433204348229,6.1044177230008945,1,0.11993655912245471,5.125,thick,thick,0.7321428571428571,True,874.8116629984961
206,296,948,0,327,319,26.275927720228687,,582.13671875,204.86328125,1,26.275927720228687,26,978.9597299248007,1778.1377351429926,0.5659340659340659,1.0,1,0.0,3.9615384615384617,0.29271482391614245,954.3299648794971,888.8633672686673,874.8116629984961,0.5659340659340659,978.9597299248007,1778.1377351429926,14.870442610898651,1,0.03805764769363952,3.9615384615384617,thick,thick,0.5659340659340659,True,874.8116629984961
363,400,949,0,325,282,6.129688755600806,,574.86328125,186.13671875,1,6.129688755600806,6,767.3637182794454,1411.6477322797798,0.2619047619047619,0.5,1,0.5,3.6666666666666665,0.463547228508435,746.1127562761149,733.0284636470087,874.8116629984961,0.2619047619047619,767.3637182794454,1411.6477322797798,1.6053946740859253,1,0.16314042031681988,3.6666666666666665,punctate,punctate,0.2619047619047619,True,874.8116629984961
378,403,950,0,314,322,45.71275552707265,,589.83203125,308.16796875,1,45.71275552707265,46,804.163553523651,1311.1880640250151,0.3447204968944099,0.8913043478260869,2,0.04347826086956519,2.522727272727273,0.45108064025657824,782.215871781492,741.2307848230437,874.8116629984961,0.3447204968944099,804.163553523651,1311.1880640250151,15.758123799705167,2,0.04375146448600176,2.522727272727273,punctate,punctate,0.3447204968944099,True,874.8116629984961
383,612,951,0,309,315,6.780276240429236,,577.72265625,471.72265625,1,6.780276240429236,7,664.2425932728166,1173.543526205523,0.10204081632653061,0.2857142857142857,1,0.7142857142857143,2.5,0.6,681.7492513223459,584.4906794877057,874.8116629984961,0.10204081632653061,664.2425932728166,1173.543526205523,0.6918649224927792,1,0.14748661625867523,2.5,minimal,minimal,0.10204081632653061,True,874.8116629984961
110,284,952,0,308,312,24.02692736463433,,588.390625,982.390625,1,24.02692736463433,24,684.2285327678741,1402.0143462570388,0.10714285714285714,0.2916666666666667,2,0.625,2.0,0.3333333333333333,657.6424167413337,666.4720502879327,874.8116629984961,0.10714285714285714,684.2285327678741,1402.0143462570388,2.574313646210821,2,0.08323994032394821,2.0,discontinuous,discontinuous,0.10714285714285714,True,874.8116629984961
206,363,953,0,327,325,39.703944360409935,,593.53515625,181.53515625,1,39.703944360409935,40,732.9031982115703,1492.8430200820624,0.16785714285714284,0.25,4,0.475,2.238095238095238,0.6304481868097469,721.685417063035,695.4987066794106,874.8116629984961,0.16785714285714284,732.9031982115703,1492.8430200820624,6.664590660497382,4,0.1007456580054179,2.238095238095238,discontinuous,discontinuous,0.16785714285714284,True,874.8116629984961
112,396,954,0,313,328,46.151335446435596,,578.86328125,658.13671875,1,46.151335446435596,46,756.8856650519168,1183.1303423453048,0.2391304347826087,0.2391304347826087,6,0.3913043478260869,2.75,0.6194410398811335,701.9494690767378,778.1047546881649,874.8116629984961,0.2391304347826087,756.8856650519168,1183.1303423453048,11.036188911104164,6,0.13000707221059185,2.75,reticular,reticular,0.2391304347826087,True,874.8116629984961
169,396,955,0,311,328,13.494896004829178,,584.75,682.25,1,13.494896004829178,13,903.0541079191418,1392.6449096760882,0.5274725274725275,1.0,1,0.0,3.6923076923076925,0.28867513459481287,860.9181736269596,838.2760168399437,874.8116629984961,0.5274725274725275,903.0541079191418,1392.6449096760882,7.11818690364616,1,0.07410209012667811,3.6923076923076925,thick,thick,0.5274725274725275,True,874.8116629984961
121,350,956,0,307,329,45.38489279479563,,579.93359375,60.13671875,1,45.38489279479563,45,660.4661635322303,1136.0373152457864,0.1523809523809524,0.15555555555555556,4,0.6444444444444444,3.0,0.47140452079103173,666.1699967420118,624.4249757169035,874.8116629984961,0.1523809523809524,660.4661635322303,1136.0373152457864,6.915793187778383,4,0.08813505450119048,3.0,discontinuous,discontinuous,0.1523809523809524,True,874.8116629984961
350,394,957,0,329,306,37.93497880976775,,590.6484375,23.6484375,1,37.93497880976775,38,871.4693947465548,1786.834396154764,0.4548872180451128,0.8157894736842105,2,0.052631578947368474,3.361111111111111,0.46597207798381657,869.5291974180791,811.0324372774132,874.8116629984961,0.4548872180451128,871.4693947465548,1786.834396154764,17.256136977375554,2,0.05272179035684677,3.361111111111111,thick,thick,0.4548872180451128,True,874.8116629984961
107,383,958,0,330,309,103.42263290096034,,598.28125,421.28125,1,103.42263290096034,103,606.2073074625773,1213.7882464246081,0.0319001386962552,0.05825242718446602,6,0.8252427184466019,1.2777777777777777,0.3505329455781978,586.4162686668615,583.8161164508259,874.8116629984961,0.0319001386962552,606.2073074625773,1213.7882464246081,3.299196333872521,6,0.058014380718248826,1.2777777777777777,discontinuous,discontinuous,0.0319001386962552,False,874.8116629984961
107,612,959,0,330,315,36.75164267024154,,593.50390625,482.49609375,1,36.75164267024154,37,709.3854511644241,1265.4506405193472,0.2084942084942085,0.4864864864864865,2,0.18918918918918914,1.8,0.33333333333333337,675.1608894934187,651.4861291889996,874.8116629984961,0.2084942084942085,709.3854511644241,1265.4506405193472,7.662504649393989,2,0.054419336244239114,1.8,punctate,punctate,0.2084942084942085,True,874.8116629984961
288,601,960,0,320,331,28.576545282106192,,587.8671875,592.9375,1,28.576545282106192,29,903.938627845382,1557.2123175568172,0.5123152709359606,1.0,1,0.0,3.586206896551724,0.3151148001571911,831.5545997218479,899.0655335970065,874.8116629984961,0.5123152709359606,903.938627845382,1557.2123175568172,14.640200538615982,1,0.03499373315171765,3.586206896551724,thick,thick,0.5123152709359606,True,874.8116629984961
112,601,961,0,313,331,37.69499945485016,,581.53515625,624.46484375,1,37.69499945485016,38,858.246953654491,1208.191069646187,0.5150375939849624,0.5,3,0.052631578947368474,3.8055555555555554,0.39083484759788484,806.6897772942767,889.2836429832513,874.8116629984961,0.5150375939849624,858.246953654491,1208.191069646187,19.414341824490496,3,0.07958615316053531,3.8055555555555554,thick,thick,0.5150375939849624,True,874.8116629984961
107,267,962,0,330,263,4.0,,581.5,388.5,1,4.0,4,814.4241071428571,1031.875,0.35714285714285715,0.5,2,0.25,3.3333333333333335,0.3741657386773941,828.8125,776.3541666666666,874.8116629984961,0.35714285714285715,814.4241071428571,1031.875,1.4285714285714286,2,0.5,3.3333333333333335,punctate,punctate,0.35714285714285715,True,874.8116629984961
308,364,963,0,297,332,16.254331950739928,,582.13671875,531.86328125,1,16.254331950739928,16,752.2312278066282,1200.0642825900982,0.22321428571428573,0.25,4,0.3125,2.272727272727273,0.5656854249492379,707.1556650658185,755.2997973948657,874.8116629984961,0.22321428571428573,752.2312278066282,1200.0642825900982,3.6281990961473056,4,0.24608824356007522,2.272727272727273,discontinuous,discontinuous,0.22321428571428573,True,874.8116629984961
169,585,964,0,311,333,81.40889124842576,,611.75,717.25,1,81.40889124842576,81,866.4596407464898,1858.5908826157179,0.4497354497354497,0.5308641975308642,3,0.04938271604938271,3.311688311688312,0.4332579119885217,819.4302062990408,805.1583357286672,874.8116629984961,0.4497354497354497,866.4596407464898,1858.5908826157179,36.61246431807508,3,0.03685101165234224,3.311688311688312,thick,thick,0.4497354497354497,True,874.8116629984961
222,585,965,0,324,333,51.41187076809754,,588.75390625,754.24609375,1,51.41187076809754,51,811.652527638378,1452.8941429653921,0.3137254901960784,0.29411764705882354,4,0.11764705882352944,2.488888888888889,0.5658206970626736,746.5643364450904,828.692686599335,874.8116629984961,0.3137254901960784,811.652527638378,1452.8941429653921,16.129214358618835,4,0.0778030431540357,2.488888888888889,discontinuous,discontinuous,0.3137254901960784,True,874.8116629984961
107,197,966,0,330,318,40.49911111285083,,601.64453125,389.35546875,1,40.49911111285083,40,729.2026863029632,1212.2857157027956,0.19285714285714287,0.325,5,0.30000000000000004,1.9285714285714286,0.5171940756951459,718.1411746265211,677.696220841722,874.8116629984961,0.19285714285714287,729.2026863029632,1212.2857157027956,7.810542857478374,5,0.12345949979167428,1.9285714285714286,discontinuous,discontinuous,0.19285714285714287,True,874.8116629984961
257,364,967,0,295,332,68.50463054806299,,603.28125,561.71875,1,68.50463054806299,69,712.2282764464684,1296.747417907675,0.13457556935817805,0.13043478260869565,9,0.42028985507246375,1.625,0.6837072628704299,702.6757786726494,668.5661836262228,874.8116629984961,0.13457556935817805,712.2282764464684,1296.747417907675,9.219049659677214,9,0.13137798026201428,1.625,discontinuous,discontinuous,0.13457556935817805,True,874.8116629984961
378,619,968,0,314,334,24.94028067116361,,594.86328125,330.86328125,1,24.94028067116361,25,910.4031420698757,1630.356560733771,0.5028571428571429,0.48,2,0.040000000000000036,3.6666666666666665,0.24478021850611387,832.4904929861616,882.449149822854,874.8116629984961,0.5028571428571429,910.4031420698757,1630.356560733771,12.541398280356558,2,0.08019155944433437,3.6666666666666665,thick,thick,0.5028571428571429,True,874.8116629984961
197,619,969,0,318,334,58.42151549894516,,603.16796875,356.83203125,1,58.42151549894516,58,668.9003067722143,1160.249773760204,0.1206896551724138,0.1724137931034483,7,0.4655172413793104,1.5806451612903225,0.5963934365796922,629.2540947629872,641.201909392285,874.8116629984961,0.1206896551724138,668.9003067722143,1160.249773760204,7.0508725602175195,7,0.11981887050031062,1.5806451612903225,discontinuous,discontinuous,0.1206896551724138,True,874.8116629984961
364,612,970,0,332,315,20.37031242049966,,594.16796875,521.16796875,1,20.37031242049966,20,818.0982018806774,1727.636205893199,0.42142857142857143,1.0,1,0.0,2.95,0.49675765727975746,778.7611811287541,787.1422218853927,874.8116629984961,0.42142857142857143,818.0982018806774,1727.636205893199,8.584631662924856,1,0.04909104874570555,2.95,thick,thick,0.42142857142857143,True,874.8116629984961
117,354,971,0,326,317,6.795703272812884,,589.13671875,914.13671875,1,6.795703272812884,7,902.876420540468,1431.9537964643964,0.5102040816326531,1.0,1,0.0,3.5714285714285716,0.2939387691339814,895.5554359512823,800.0118016526865,874.8116629984961,0.5102040816326531,902.876420540468,1431.9537964643964,3.467195547353512,1,0.14715180458226204,3.5714285714285716,thick,thick,0.5102040816326531,True,874.8116629984961
354,525,972,0,317,335,53.797640176536284,,589.53515625,887.46484375,1,53.797640176536284,54,761.1385377664307,1506.251031837564,0.2830687830687831,0.5,5,0.16666666666666663,2.3777777777777778,0.399361880733112,711.9531321681773,719.2483382636175,874.8116629984961,0.2830687830687831,761.1385377664307,1506.251031837564,15.228432536744398,5,0.0929408796295258,2.3777777777777778,discontinuous,discontinuous,0.2830687830687831,True,874.8116629984961
396,585,973,0,328,333,56.2511596570171,,613.86328125,688.13671875,1,56.2511596570171,56,789.4508331217206,1469.793684029962,0.33163265306122447,0.5178571428571429,5,0.0714285714285714,2.5,0.5291502622129182,720.8091621762294,751.7266408284884,874.8116629984961,0.33163265306122447,789.4508331217206,1469.793684029962,18.654721314827096,5,0.08888705638224599,2.5,discontinuous,discontinuous,0.33163265306122447,True,874.8116629984961
396,601,974,0,328,331,5.129817481141763,,591.86328125,640.13671875,1,5.129817481141763,5,938.2121897878691,1682.7000005284456,0.5428571428571428,1.0,1,0.0,3.8,0.3068922049918579,906.4609802526775,870.8545836136393,874.8116629984961,0.5428571428571428,938.2121897878691,1682.7000005284456,2.7847580611912424,1,0.19493870954984274,3.8,thick,thick,0.5428571428571428,True,874.8116629984961
467,525,975,0,321,335,13.652801667652486,,595.2421875,856.2421875,1,13.652801667652486,14,819.0872423869737,1171.4030790221966,0.37755102040816324,1.0,1,0.0,2.642857142857143,0.3676073110469039,804.9374001563675,785.5049005179353,874.8116629984961,0.37755102040816324,819.0872423869737,1171.4030790221966,5.154629201052469,1,0.07324503968802938,2.642857142857143,punctate,punctate,0.37755102040816324,True,874.8116629984961
206,402,976,0,327,301,39.806395757567515,,608.83203125,215.83203125,1,39.806395757567515,40,885.5815643983506,1715.1152031708746,0.4607142857142857,1.0,1,0.0,3.225,0.2815351906563547,825.5347959420618,812.4790476181721,874.8116629984961,0.4607142857142857,885.5815643983506,1715.1152031708746,18.33937518830789,1,0.025121591165658146,3.225,thick,thick,0.4607142857142857,True,874.8116629984961
117,525,977,0,326,335,10.293948767597465,,595.75390625,915.24609375,1,10.293948767597465,10,972.0115195150595,1395.8538764845655,0.6285714285714286,1.0,1,0.0,4.4,0.2727272727272727,936.5522000874225,930.8537075536406,874.8116629984961,0.6285714285714286,972.0115195150595,1395.8538764845655,6.470482082489835,1,0.09714445083967452,4.4,thick,thick,0.6285714285714286,True,874.8116629984961
350,617,978,0,329,278,29.291566871347403,,606.25,75.75,1,29.291566871347403,29,753.3358408727636,1344.4098417436956,0.18719211822660098,0.2413793103448276,3,0.3793103448275862,2.111111111111111,0.49652532273982125,748.6082242736658,704.6695785017049,874.8116629984961,0.18719211822660098,753.3358408727636,1344.4098417436956,5.483150448823651,3,0.10241855661653107,2.111111111111111,discontinuous,discontinuous,0.18719211822660098,True,874.8116629984961
403,443,979,0,322,336,89.0648979816202,,598.86328125,282.86328125,1,89.0648979816202,89,769.358148423897,1489.5053954004518,0.29373996789727125,0.3146067415730337,7,0.1235955056179775,2.3461538461538463,0.523479014478081,731.6166103911198,718.1053661263022,874.8116629984961,0.29373996789727125,769.358148423897,1489.5053954004518,26.161920273894857,7,0.07859437509763441,2.3461538461538463,reticular,reticular,0.29373996789727125,True,874.8116629984961
177,396,980,0,337,328,72.4455356469944,,620.8203125,662.171875,1,72.4455356469944,72,887.1415288151976,1949.819397774763,0.4603174603174603,0.5694444444444444,2,0.01388888888888884,3.267605633802817,0.42342419621526944,809.3854926297865,847.6668703857106,874.8116629984961,0.4603174603174603,887.1415288151976,1949.819397774763,33.3479449803625,2,0.027606946130475266,3.267605633802817,thick,thick,0.4603174603174603,True,874.8116629984961
110,553,981,0,308,338,10.483431547015458,,595.86328125,975.13671875,1,10.483431547015458,10,793.0097627700969,1308.7665921372995,0.24285714285714285,0.3,3,0.5,3.4,0.5455069703232767,788.7993354525753,764.7036803005639,874.8116629984961,0.24285714285714285,793.0097627700969,1308.7665921372995,2.5459762328466113,3,0.28616584050229943,3.4,discontinuous,discontinuous,0.24285714285714285,True,874.8116629984961
177,601,982,0,337,331,9.356280481076713,,599.49609375,639.49609375,1,9.356280481076713,9,1174.4818793415395,2237.226672751705,0.746031746031746,1.0,1,0.0,5.222222222222222,0.07960973163348811,1238.4867931869212,969.792818205145,874.8116629984961,0.746031746031746,1174.4818793415395,2237.226672751705,6.980082263660405,1,0.10688007932452671,5.222222222222222,thick,thick,0.746031746031746,True,874.8116629984961
117,553,983,0,326,338,24.137853742133434,,601.50390625,960.50390625,1,24.137853742133434,24,871.4128201961383,1387.182310272516,0.49404761904761907,0.5833333333333334,2,0.125,3.9523809523809526,0.4017670361574232,828.4065532042936,863.8359815948925,874.8116629984961,0.49404761904761907,871.4128201961383,1387.182310272516,11.925249170220685,2,0.08285740817581196,3.9523809523809526,thick,thick,0.49404761904761907,True,874.8116629984961
428,617,984,0,323,278,16.80203000751402,,604.71875,108.28125,1,16.80203000751402,17,781.4167847512474,1270.4934261863075,0.31092436974789917,0.7647058823529411,2,0.11764705882352944,2.466666666666667,0.358554031389773,742.9943755973674,739.6661085405383,874.8116629984961,0.31092436974789917,781.4167847512474,1270.4934261863075,5.224160590571586,2,0.11903323581171929,2.466666666666667,punctate,punctate,0.31092436974789917,True,874.8116629984961
284,417,985,0,312,339,21.513645685419508,,597.5703125,991.5,1,21.513645685419508,22,701.9769405564537,1199.2392977503885,0.16233766233766234,0.22727272727272727,4,0.5,2.272727272727273,0.7288346863315439,682.2014053527162,671.8673197430431,874.8116629984961,0.16233766233766234,701.9769405564537,1199.2392977503885,3.492474948931738,4,0.18592850595800828,2.272727272727273,discontinuous,discontinuous,0.16233766233766234,True,874.8116629984961
284,553,986,0,312,338,5.807241748715275,,601.09765625,979.90234375,1,5.807241748715275,6,896.0663737808311,1167.1334812673467,0.5476190476190477,0.6666666666666666,1,0.33333333333333337,5.75,0.18951734537133366,893.6040311148901,863.7152467664187,874.8116629984961,0.5476190476190477,896.0663737808311,1167.1334812673467,3.180156195725032,1,0.17219878959253385,5.75,thick,thick,0.5476190476190477,True,874.8116629984961
467,614,987,0,321,340,31.428136796009497,,603.13671875,837.13671875,1,31.428136796009497,31,827.254710806425,1429.3257784113528,0.4055299539170507,1.0,1,0.0,2.838709677419355,0.43002018019146593,762.1519671140086,788.4016174364377,874.8116629984961,0.4055299539170507,827.254710806425,1429.3257784113528,12.745050866584497,1,0.03181862184483594,2.838709677419355,thick,thick,0.4055299539170507,True,874.8116629984961
222,467,988,0,324,321,10.549498620479074,,604.359375,820.640625,1,10.549498620479074,11,939.1509418708758,1457.7379600258573,0.6233766233766234,1.0,1,0.0,4.363636363636363,0.39418516517551044,831.8768107099185,971.6938767764058,874.8116629984961,0.6233766233766234,939.1509418708758,1457.7379600258573,6.576310828350591,1,0.0947912347283276,4.363636363636363,thick,thick,0.6233766233766234,True,874.8116629984961
525,614,989,0,335,340,27.525390621169343,,612.859375,854.859375,1,27.525390621169343,28,770.7211346991642,1391.5634508834871,0.3469387755102041,0.4642857142857143,3,0.0714285714285714,2.6153846153846154,0.5310432378019938,713.8758499436484,752.0000290762546,874.8116629984961,0.3469387755102041,770.7211346991642,1391.5634508834871,9.549625317548548,3,0.10899027887701428,2.6153846153846154,discontinuous,discontinuous,0.3469387755102041,True,874.8116629984961
340,525,990,0,341,335,47.58924957784323,,613.5,897.5,1,47.58924957784323,48,850.8655004483155,1757.8578379681521,0.4166666666666667,1.0,1,0.0,2.9166666666666665,0.4738035414793429,803.4504650155958,813.0219661279681,874.8116629984961,0.4166666666666667,850.8655004483155,1757.8578379681521,19.828853990768014,1,0.021013149164377316,2.9166666666666665,thick,thick,0.4166666666666667,True,874.8116629984961
117,340,991,0,326,341,22.087498694050918,,606.390625,925.609375,1,22.087498694050918,22,895.4910227885174,1403.7092844437204,0.45454545454545453,0.45454545454545453,2,0.2727272727272727,4.375,0.3948649988881501,901.8992448882359,838.1495496926035,874.8116629984961,0.45454545454545453,895.4910227885174,1403.7092844437204,10.039772133659508,2,0.09054895838154291,4.375,thick,thick,0.45454545454545453,True,874.8116629984961
257,601,992,0,295,331,27.232210131191497,,616.609375,590.6796875,1,27.232210131191497,27,882.8533339748176,1859.5054095535743,0.4497354497354497,1.0,1,0.0,3.1481481481481484,0.33150594832012636,796.4730828642199,858.4039364537273,874.8116629984961,0.4497354497354497,882.8533339748176,1859.5054095535743,12.247290270641678,1,0.03672122075962576,3.1481481481481484,thick,thick,0.4497354497354497,True,874.8116629984961
264,612,993,0,342,315,8.720505839840506,,605.24609375,513.24609375,1,8.720505839840506,9,990.0985869013418,1611.677302577119,0.6984126984126984,1.0,1,0.0,4.888888888888889,0.20327890704543541,927.5807026198277,988.5446638282772,874.8116629984961,0.6984126984126984,990.0985869013418,1611.677302577119,6.090512015126702,1,0.11467224704229882,4.888888888888889,thick,thick,0.6984126984126984,True,874.8116629984961
264,364,994,0,342,332,73.37855556286391,,629.25,539.75,1,73.37855556286391,73,768.3685061434,1609.6194538132975,0.299412915851272,0.7123287671232876,2,0.12328767123287676,2.390625,0.6387530571217643,704.906966751465,746.110890970387,874.8116629984961,0.299412915851272,768.3685061434,1609.6194538132975,21.97048728203166,2,0.027255919453014938,2.390625,punctate,punctate,0.299412915851272,True,874.8116629984961
417,553,995,0,339,338,76.78661378303633,,640.50390625,974.50390625,1,76.78661378303633,77,753.4311382344775,1780.2824036644504,0.2300556586270872,0.4025974025974026,7,0.2987012987012987,2.2962962962962963,0.5208953310308111,712.7613503499678,716.6295120244561,874.8116629984961,0.2300556586270872,753.4311382344775,1780.2824036644504,17.665195007600197,7,0.09116172279427222,2.2962962962962963,reticular,reticular,0.2300556586270872,True,874.8116629984961
601,625,996,0,331,343,54.77332874359416,,618.24609375,617.24609375,1,54.77332874359416,55,854.6369722994797,2020.8113421685732,0.44155844155844154,1.0,1,0.0,3.090909090909091,0.3450089011438866,815.6767821179195,793.3220692994187,874.8116629984961,0.44155844155844154,854.6369722994797,2020.8113421685732,24.18562567898963,1,0.01825706092615289,3.090909090909091,thick,thick,0.44155844155844154,True,874.8116629984961
284,632,997,0,312,344,25.748929788778756,,607.13671875,1011.86328125,1,25.748929788778756,26,613.9386304031376,999.4368859257816,0.01098901098901099,0.07692307692307693,1,0.9230769230769231,1.0,0.0,593.7159719406693,587.494780540381,874.8116629984961,0.01098901098901099,613.9386304031376,999.4368859257816,0.2829552724041622,1,0.038836565566146154,1.0,minimal,minimal,0.01098901098901099,False,874.8116629984961
177,625,998,0,337,343,55.25575761288083,,629.27734375,639.27734375,1,55.25575761288083,55,854.1877650427738,1747.4486954941112,0.4753246753246753,0.6181818181818182,2,0.07272727272727275,3.588235294117647,0.3668128185101292,774.9456646364293,839.2097992235882,874.8116629984961,0.4753246753246753,854.1877650427738,1747.4486954941112,26.264425047161534,2,0.03619532310120338,3.588235294117647,thick,thick,0.4753246753246753,True,874.8116629984961
417,632,999,0,339,344,57.93657722131352,,632.171875,1000.828125,1,57.93657722131352,58,653.5386976758407,1093.8520395250525,0.07389162561576355,0.13793103448275862,6,0.6551724137931034,1.5,0.3944053188733077,618.2570453964956,635.3631199229555,874.8116629984961,0.07389162561576355,653.5386976758407,1093.8520395250525,4.281027873496074,6,0.10356151998901204,1.5,discontinuous,discontinuous,0.07389162561576355,True,874.8116629984961
403,619,1000,0,322,334,6.178132521123993,,607.53515625,325.46484375,1,6.178132521123993,6,1024.36164428909,2128.27216628348,0.5714285714285714,1.0,1,0.0,4.0,0.2041241452319315,934.6967179715717,909.6183431355307,874.8116629984961,0.5714285714285714,1024.36164428909,2128.27216628348,3.5303614406422814,1,0.16186120912441504,4.0,thick,thick,0.5714285714285714,True,874.8116629984961
409,612,1001,0,345,315,16.56988090253172,,606.8984375,502.171875,1,16.56988090253172,17,742.5001214165133,1203.9778482963698,0.21008403361344538,0.35294117647058826,4,0.3529411764705882,2.272727272727273,0.4233202097703345,722.382418669515,700.2397419126311,874.8116629984961,0.21008403361344538,742.5001214165133,1203.9778482963698,3.481067416498261,4,0.24140185578454204,2.272727272727273,discontinuous,discontinuous,0.21008403361344538,True,874.8116629984961
107,409,1002,0,330,345,24.886659578410132,,613.5,485.5,1,24.886659578410132,25,641.0298565540899,1390.1688580468885,0.045714285714285714,0.12,2,0.84,2.0,0.6123724356957945,611.5580030778464,619.0188938619892,874.8116629984961,0.045714285714285714,641.0298565540899,1390.1688580468885,1.137675866441606,2,0.08036434113218857,2.0,discontinuous,discontinuous,0.045714285714285714,False,874.8116629984961
394,596,1003,0,306,346,23.317130147847624,,612.5,8.5,1,23.317130147847624,23,954.6965997396952,1731.084052307071,0.6149068322981367,1.0,1,0.0,4.304347826086956,0.28605661128295545,913.1495237979171,901.9578103509335,874.8116629984961,0.6149068322981367,954.6965997396952,1731.084052307071,14.337862637496366,1,0.042886924491104615,4.304347826086956,thick,thick,0.6149068322981367,True,874.8116629984961
222,291,1004,0,324,347,30.22728547416608,,614.390625,778.609375,1,30.22728547416608,30,549.728010528251,832.6347921067468,0.0,0.0,0,1.0,,,547.712945186144,547.60021140731,874.8116629984961,0.0,549.728010528251,832.6347921067468,0.0,0,0.0,,minimal,minimal,0.0,False,874.8116629984961
264,409,1005,0,342,345,92.52766422681381,,646.1015625,531.171875,1,92.52766422681381,93,793.3798921161176,1500.8331116893407,0.35944700460829493,0.3870967741935484,4,0.07526881720430112,2.7209302325581395,0.42922665058084514,756.0668883972596,731.1563520755394,874.8116629984961,0.35944700460829493,793.3798921161176,1500.8331116893407,33.25879174973031,4,0.043230314235478455,2.7209302325581395,discontinuous,discontinuous,0.35944700460829493,True,874.8116629984961
222,614,1006,0,324,340,9.681605073879533,,613.27734375,820.27734375,1,9.681605073879533,10,1103.0768545238966,1511.9940099461821,0.8,1.0,1,0.0,5.6,0.22868300847974463,1007.537174315531,1119.5880747876095,874.8116629984961,0.8,1103.0768545238966,1511.9940099461821,7.745284059103627,1,0.10328865847853555,5.6,thick,thick,0.8,True,874.8116629984961
350,596,1007,0,329,346,72.19815826491902,,631.10546875,38.89453125,1,72.19815826491902,72,762.7636234915072,1846.231799324017,0.23809523809523808,0.4444444444444444,7,0.26388888888888884,2.2641509433962264,0.5828569483348571,724.851938644068,723.019677215544,874.8116629984961,0.23809523809523808,762.7636234915072,1846.231799324017,17.190037682123574,7,0.09695538180232625,2.2641509433962264,reticular,reticular,0.23809523809523808,True,874.8116629984961
291,585,1008,0,347,333,34.821454105530606,,622.5,755.5703125,1,34.821454105530606,35,837.8012644987447,1433.3124787025038,0.4163265306122449,1.0,1,0.0,2.914285714285714,0.3965440865913076,780.0026560921827,809.0884142991416,874.8116629984961,0.4163265306122449,837.8012644987447,1433.3124787025038,14.497095178629069,1,0.028717927659464758,2.914285714285714,thick,thick,0.4163265306122449,True,874.8116629984961
372,403,1009,0,348,322,27.612411272462637,,620.71875,316.71875,1,27.612411272462637,28,558.2123422743526,2179.473951794134,0.03571428571428571,0.07142857142857142,1,0.9285714285714286,3.5,0.42857142857142855,538.1242613764607,567.5002847142193,874.8116629984961,0.03571428571428571,558.2123422743526,2179.473951794134,0.9861575454450942,1,0.03621559849057015,3.5,minimal,minimal,0.03571428571428571,False,874.8116629984961
372,619,1010,0,348,334,39.323584130074195,,625.16796875,335.83203125,1,39.323584130074195,39,700.7920807729834,1397.3752766167004,0.13553113553113552,0.20512820512820512,7,0.3589743589743589,1.48,0.66532614189682,670.8481391226998,669.0334567405014,874.8116629984961,0.13553113553113552,700.7920807729834,1397.3752766167004,5.329570010303096,7,0.1780102235046903,1.48,discontinuous,discontinuous,0.13553113553113552,True,874.8116629984961
117,591,1011,0,326,349,22.05205461463187,,610.6484375,942.6484375,1,22.05205461463187,22,809.1731488690004,1158.2372134593368,0.36363636363636365,0.8636363636363636,2,0.09090909090909094,2.8,0.560156683619933,727.7959480674779,831.728048696094,874.8116629984961,0.36363636363636365,809.1731488690004,1158.2372134593368,8.018928950775226,2,0.09069449695054582,2.8,punctate,punctate,0.36363636363636365,True,874.8116629984961
225,617,1012,0,350,278,28.119918573287197,,615.13671875,96.13671875,1,28.119918573287197,28,554.6885809649835,1058.8791992673853,0.02040816326530612,0.03571428571428571,1,0.9642857142857143,4.0,,557.2235112771555,547.5955455938009,874.8116629984961,0.02040816326530612,554.6885809649835,1058.8791992673853,0.573875889250759,1,0.03556198064349874,4.0,minimal,minimal,0.02040816326530612,False,874.8116629984961
225,428,1013,0,350,323,54.793001482406865,,634.95703125,118.75390625,1,54.793001482406865,55,806.2887238204429,1354.3722794044597,0.37142857142857144,0.45454545454545453,3,0.12727272727272732,2.9791666666666665,0.3657148773424582,787.1160252264443,768.8354139605016,874.8116629984961,0.37142857142857144,806.2887238204429,1354.3722794044597,20.351686264893978,3,0.054751517873377516,2.9791666666666665,discontinuous,discontinuous,0.37142857142857144,True,874.8116629984961
553,591,1014,0,338,349,53.57042798928305,,638.35546875,958.64453125,1,53.57042798928305,54,809.5928700450114,1411.9541995787984,0.328042328042328,0.6851851851851852,5,0.18518518518518523,2.8181818181818183,0.4556273190911462,759.1706675285922,782.1881571179578,874.8116629984961,0.328042328042328,809.5928700450114,1411.9541995787984,17.5733679118283,5,0.09333507660234239,2.8181818181818183,discontinuous,discontinuous,0.328042328042328,True,874.8116629984961
206,333,1016,0,327,351,39.04047097528433,,622.25,198.75,1,39.04047097528433,39,896.4745678522368,1510.7063389771056,0.5128205128205128,1.0,1,0.0,3.58974358974359,0.28713930346059685,865.1115846323464,829.0719934519218,874.8116629984961,0.5128205128205128,896.4745678522368,1510.7063389771056,20.020754346299654,1,0.025614445087844308,3.58974358974359,thick,thick,0.5128205128205128,True,874.8116629984961
333,363,1017,0,351,325,36.49389755566554,,624.25,170.25,1,36.49389755566554,36,724.4650278369834,1398.859561915503,0.20238095238095238,0.25,4,0.2777777777777778,1.9615384615384615,0.49951918442576454,716.6048389868529,661.1708637470157,874.8116629984961,0.20238095238095238,724.4650278369834,1398.859561915503,7.385669743408503,4,0.10960736637950623,1.9615384615384615,discontinuous,discontinuous,0.20238095238095238,True,874.8116629984961
340,591,1018,0,341,349,35.60795740576718,,631.86328125,929.86328125,1,35.60795740576718,36,790.2701015005853,1711.9357845298994,0.3373015873015873,1.0,1,0.0,2.361111111111111,0.4906037520468951,722.2770263780907,756.0062427568089,874.8116629984961,0.3373015873015873,790.2701015005853,1711.9357845298994,12.010620553532581,1,0.028083610317901492,2.361111111111111,punctate,punctate,0.3373015873015873,True,874.8116629984961
107,203,1019,0,330,352,120.42281795686819,,617.49609375,407.49609375,1,120.42281795686819,120,772.4846356159179,1833.4081324424465,0.2702380952380952,0.2916666666666667,10,0.21666666666666667,2.4148936170212765,0.4995874406546909,757.4057903138405,723.0305695576465,874.8116629984961,0.2702380952380952,772.4846356159179,1833.4081324424465,32.54283294786795,10,0.08304074069734606,2.4148936170212765,reticular,reticular,0.2702380952380952,True,874.8116629984961
222,548,1020,0,324,353,26.014906601430603,,616.53515625,802.53515625,1,26.014906601430603,26,805.1504042837843,1250.7408983731661,0.22527472527472528,0.34615384615384615,5,0.42307692307692313,2.7333333333333334,0.6043664240665302,760.948121996328,824.3446842278845,874.8116629984961,0.22527472527472528,805.1504042837843,1250.7408983731661,5.860500937684916,5,0.19219749955685184,2.7333333333333334,discontinuous,discontinuous,0.22527472527472528,True,874.8116629984961
548,614,1021,0,353,340,33.74576024208922,,630.61328125,818.61328125,1,33.74576024208922,34,842.2693667602138,1568.4644428039942,0.2773109243697479,0.29411764705882354,5,0.47058823529411764,3.6666666666666665,0.41659779045053097,844.3962508184105,789.404718257633,874.8116629984961,0.2773109243697479,842.2693667602138,1568.4644428039942,9.35806796629365,5,0.14816676122068148,3.6666666666666665,discontinuous,discontinuous,0.2773109243697479,True,874.8116629984961
225,350,1023,0,350,329,30.601930516204735,,631.640625,77.3515625,1,30.601930516204735,31,727.5836732986207,1195.5064309474346,0.17050691244239632,0.2903225806451613,4,0.3548387096774194,1.85,0.4610465434927562,705.9491650217184,691.2819421764102,874.8116629984961,0.17050691244239632,727.5836732986207,1195.5064309474346,5.217840687094817,4,0.13071070787125236,1.85,discontinuous,discontinuous,0.17050691244239632,True,874.8116629984961
107,619,1024,0,330,334,44.83908710519125,,640.390625,382.609375,1,44.83908710519125,45,831.5206176377544,1250.9980706696847,0.3968253968253968,0.4444444444444444,4,0.06666666666666665,2.9761904761904763,0.4835204235603704,812.5422790215844,806.3272192359508,874.8116629984961,0.3968253968253968,831.5206176377544,1250.9980706696847,17.79328853380605,4,0.08920788219028883,2.9761904761904763,discontinuous,discontinuous,0.3968253968253968,True,874.8116629984961
291,548,1025,0,347,353,32.51903003446486,,632.27734375,782.27734375,1,32.51903003446486,33,690.6727456833025,1195.3332065806978,0.23809523809523808,0.3939393939393939,1,0.6060606060606061,4.230769230769231,0.26473126870110975,667.92858754201,700.1924422994834,874.8116629984961,0.23809523809523808,690.6727456833025,1195.3332065806978,7.742626198682109,1,0.03075122471181223,4.230769230769231,punctate,punctate,0.23809523809523808,True,874.8116629984961
175,525,1026,0,354,335,49.36789983732389,,623.50390625,876.49609375,1,49.36789983732389,49,766.8148636005435,1349.4005238279847,0.2886297376093295,0.673469387755102,2,0.20408163265306123,2.5384615384615383,0.4446739535970735,715.1544748393893,733.3295771934232,874.8116629984961,0.2886297376093295,766.8148636005435,1349.4005238279847,14.249043976370453,2,0.040512154792696466,2.5384615384615383,punctate,punctate,0.2886297376093295,True,874.8116629984961
107,273,1027,0,330,355,33.533012782546635,,633.72265625,465.72265625,1,33.533012782546635,34,696.8496948313555,1104.81373523013,0.07142857142857142,0.11764705882352941,4,0.6764705882352942,1.5454545454545454,0.6389870877176598,702.9390595067041,639.2761028446945,874.8116629984961,0.07142857142857142,696.8496948313555,1104.81373523013,2.395215198753331,4,0.11928543450417113,1.5454545454545454,discontinuous,discontinuous,0.07142857142857142,True,874.8116629984961
273,409,1028,0,355,345,53.62198604999735,,644.5,492.5078125,1,53.62198604999735,54,794.5858559255904,1296.0272034003447,0.291005291005291,0.4444444444444444,5,0.16666666666666663,2.4444444444444446,0.4608651583867845,738.7364203918854,789.5271952147792,874.8116629984961,0.291005291005291,794.5858559255904,1296.0272034003447,15.604281654761134,5,0.09324533401910888,2.4444444444444446,discontinuous,discontinuous,0.291005291005291,True,874.8116629984961
175,614,1029,0,354,340,17.39546376125543,,632.828125,846.828125,1,17.39546376125543,17,913.8605550732966,1583.4348212514751,0.5378151260504201,1.0,1,0.0,3.764705882352941,0.3814548629916782,914.1859402897472,848.4820369509255,874.8116629984961,0.5378151260504201,913.8605550732966,1583.4348212514751,9.355543535465106,1,0.05748625122759187,3.764705882352941,thick,thick,0.5378151260504201,True,874.8116629984961
230,403,1030,0,356,322,5.0,,627.5,303.5,1,5.0,5,826.2107142857143,1087.75,0.34285714285714286,0.4,2,0.19999999999999996,3.0,0.6236095644623235,742.1833333333334,870.4666666666666,874.8116629984961,0.34285714285714286,826.2107142857143,1087.75,1.7142857142857144,2,0.4,3.0,punctate,punctate,0.34285714285714286,True,874.8116629984961
230,443,1031,0,356,336,23.747563209702303,,638.828125,303.171875,1,23.747563209702303,24,901.9407277145253,1451.2864394291928,0.5119047619047619,1.0,1,0.0,3.5833333333333335,0.3005313484493043,929.0325162714616,771.14518406127,874.8116629984961,0.5119047619047619,901.9407277145253,1451.2864394291928,12.15649069068094,1,0.04210958367262878,3.5833333333333335,thick,thick,0.5119047619047619,True,874.8116629984961
230,372,1032,0,356,348,41.546410086000286,,645.25,314.75,1,41.546410086000286,42,783.2260843747097,1698.6150186074597,0.22108843537414966,0.3333333333333333,4,0.23809523809523814,2.03125,0.5146378056516224,722.3932928458732,795.7307134785099,874.8116629984961,0.22108843537414966,783.2260843747097,1698.6150186074597,9.185430801326593,4,0.09627787314764562,2.03125,discontinuous,discontinuous,0.22108843537414966,True,874.8116629984961
257,625,1033,0,295,343,5.419681139337311,,630.5,592.5,1,5.419681139337311,5,1044.8224409496775,1641.4084692172544,0.8,1.0,1,0.0,5.6,0.18210783977117087,1006.8676934399449,1007.8344226228619,874.8116629984961,0.8,1044.8224409496775,1641.4084692172544,4.335744911469849,1,0.18451269997080944,5.6,thick,thick,0.8,True,874.8116629984961
333,402,1034,0,351,301,6.432767167439315,,631.24609375,217.75390625,1,6.432767167439315,6,748.8511583799636,1104.0398598283964,0.16666666666666666,0.16666666666666666,3,0.5,2.3333333333333335,0.5345224838248487,733.5542325751608,709.5228345209413,874.8116629984961,0.16666666666666666,748.8511583799636,1104.0398598283964,1.0721278612398857,3,0.4663622857648378,2.3333333333333335,discontinuous,discontinuous,0.16666666666666666,True,874.8116629984961
225,363,1035,0,350,325,14.880507537584947,,632.390625,150.609375,1,14.880507537584947,15,754.1212916257977,1442.6928747447596,0.2,0.2,4,0.4,2.3333333333333335,0.67005939426049,770.2755971339952,702.8167552238258,874.8116629984961,0.2,754.1212916257977,1442.6928747447596,2.9761015075169897,4,0.2688080356061018,2.3333333333333335,discontinuous,discontinuous,0.2,True,874.8116629984961
440,585,1036,0,357,333,36.790628988904025,,631.4609375,741.46875,1,36.790628988904025,37,996.3603757804068,1829.711012425374,0.5791505791505791,1.0,1,0.0,4.054054054054054,0.4172928627874353,926.4151387837558,946.1416618098551,874.8116629984961,0.5791505791505791,996.3603757804068,1829.711012425374,21.307314086237852,1,0.027180834562562053,4.054054054054054,thick,thick,0.5791505791505791,True,874.8116629984961
353,402,1037,0,358,301,9.293909935623297,,632.859375,223.859375,1,9.293909935623297,9,885.4491670550393,1424.677756985298,0.5396825396825397,1.0,1,0.0,3.7777777777777777,0.34800469312350685,860.723745399334,849.5826816141421,874.8116629984961,0.5396825396825397,885.4491670550393,1424.677756985298,5.015760917637969,1,0.1075973413694303,3.7777777777777777,thick,thick,0.5396825396825397,True,874.8116629984961
353,403,1038,0,358,322,38.82962173457655,,642.75,243.25,1,38.82962173457655,39,804.1130033052222,1648.6707311729301,0.34065934065934067,0.5128205128205128,2,0.10256410256410253,2.657142857142857,0.44020407506362846,775.5086025748147,748.3685066207692,874.8116629984961,0.34065934065934067,804.1130033052222,1648.6707311729301,13.227673338152451,2,0.05150706884736565,2.657142857142857,punctate,punctate,0.34065934065934067,True,874.8116629984961
257,384,1039,0,295,359,20.757076609011087,,634.16796875,581.16796875,1,20.757076609011087,21,759.7732874002797,1147.2619529462645,0.19047619047619047,0.14285714285714285,6,0.5238095238095238,2.8,0.614451804788759,770.4985608848596,711.961064044164,874.8116629984961,0.19047619047619047,759.7732874002797,1147.2619529462645,3.9537288779068733,6,0.2890580457459637,2.8,reticular,reticular,0.19047619047619047,True,874.8116629984961
384,625,1040,0,359,343,37.286072765256584,,651.16796875,596.83203125,1,37.286072765256584,37,805.5633361704205,1468.2896828549974,0.3474903474903475,1.0,1,0.0,2.4324324324324325,0.4331908597692872,755.8580416615822,753.7438399429952,874.8116629984961,0.3474903474903475,805.5633361704205,1468.2896828549974,12.956550381749393,1,0.02681966551682018,2.4324324324324325,punctate,punctate,0.3474903474903475,True,874.8116629984961
175,340,1041,0,354,341,3.652204428719972,,635.359375,893.640625,1,3.652204428719972,4,863.0714279126905,1093.1890093790369,0.6428571428571429,1.0,1,0.0,4.5,0.4581228472908512,830.5172683028843,878.0500118562851,874.8116629984961,0.6428571428571429,863.0714279126905,1093.1890093790369,2.347845704177125,1,0.27380723601785917,4.5,thick,thick,0.6428571428571429,True,874.8116629984961
333,353,1042,0,351,358,28.863518543681064,,644.16796875,211.16796875,1,28.863518543681064,29,846.0501105526805,1837.0830275656713,0.43349753694581283,0.896551724137931,2,0.06896551724137934,3.259259259259259,0.4056038249448807,835.3861996089222,797.5865066201758,874.8116629984961,0.43349753694581283,846.0501105526805,1837.0830275656713,12.512264196275536,2,0.0692916214276949,3.259259259259259,thick,thick,0.43349753694581283,True,874.8116629984961
215,585,1043,0,360,333,24.725236432082845,,636.86328125,715.86328125,1,24.725236432082845,25,924.6908614625726,1976.0898723277448,0.5142857142857142,1.0,1,0.0,3.6,0.43744488188954506,833.0645589366998,895.0171929559525,874.8116629984961,0.5142857142857142,924.6908614625726,1976.0898723277448,12.71583587935689,1,0.040444507082748264,3.6,thick,thick,0.5142857142857142,True,874.8116629984961
340,515,1044,0,341,361,18.079641071688282,,638.53515625,901.46484375,1,18.079641071688282,18,823.84026782442,1401.2944257890206,0.38095238095238093,0.6111111111111112,2,0.2222222222222222,3.4285714285714284,0.5137011669140814,724.8885878822401,890.657629681441,874.8116629984961,0.38095238095238093,823.84026782442,1401.2944257890206,6.887482313024107,2,0.1106216651132466,3.4285714285714284,punctate,punctate,0.38095238095238093,True,874.8116629984961
291,440,1045,0,347,357,17.638237263984635,,641.24609375,765.75390625,1,17.638237263984635,18,944.7440926831986,1784.4832810854377,0.5396825396825397,1.0,1,0.0,3.7777777777777777,0.4546948480511855,857.523854796381,912.1629168826637,874.8116629984961,0.5396825396825397,944.7440926831986,1784.4832810854377,9.519048682150437,1,0.05669500784196227,3.7777777777777777,thick,thick,0.5396825396825397,True,874.8116629984961
364,384,1046,0,332,359,11.815842564870936,,642.828125,571.828125,1,11.815842564870936,12,847.6631141315405,1232.0267938363736,0.4642857142857143,1.0,1,0.0,3.25,0.6420504628486623,831.3590448572307,805.9605988823183,874.8116629984961,0.4642857142857143,847.6631141315405,1232.0267938363736,5.4859269051186486,1,0.08463213643122225,3.25,thick,thick,0.4642857142857143,True,874.8116629984961
175,515,1047,0,354,361,43.96377846563371,,654.75,884.75,1,43.96377846563371,44,898.2101581227699,1921.9462851109677,0.4577922077922078,0.8409090909090909,2,0.022727272727272707,3.2790697674418605,0.422804498178408,882.5074973452541,806.6822902610169,874.8116629984961,0.4577922077922078,898.2101581227699,1921.9462851109677,20.126275206669977,2,0.04549199522428199,3.2790697674418605,thick,thick,0.4577922077922078,True,874.8116629984961
137,363,1048,0,362,325,4.17826124666495,,638.35546875,157.64453125,1,4.17826124666495,4,763.5178105908947,1172.4394398482646,0.25,0.25,2,0.5,3.5,0.42857142857142855,665.3098660594064,799.0191291781582,874.8116629984961,0.25,763.5178105908947,1172.4394398482646,1.0445653116662375,2,0.47866801090917466,3.5,punctate,punctate,0.25,True,874.8116629984961
137,225,1049,0,362,350,48.50714443570859,,657.10546875,150.10546875,1,48.50714443570859,49,858.4350405485407,1453.6177192935497,0.47230320699708456,0.5714285714285714,3,0.10204081632653061,3.6818181818181817,0.387465551270993,863.1604039582539,798.0657307815461,874.8116629984961,0.47230320699708456,858.4350405485407,1453.6177192935497,22.910079879255953,3,0.06184655961301129,3.6818181818181817,thick,thick,0.47230320699708456,True,874.8116629984961
137,333,1050,0,362,351,40.09197326117987,,651.61328125,173.38671875,1,40.09197326117987,40,847.9424582519683,1431.1062406749265,0.425,0.825,3,0.050000000000000044,3.1315789473684212,0.5189033102945522,798.4198115687286,804.9571212982764,874.8116629984961,0.425,847.9424582519683,1431.1062406749265,17.03908863600144,3,0.07482794574506092,3.1315789473684212,thick,thick,0.425,True,874.8116629984961
215,440,1051,0,360,357,19.999924490129185,,647.25,723.25,1,19.999924490129185,20,909.5288456223094,1670.5398402062608,0.4928571428571429,1.0,1,0.0,3.45,0.2821438019410404,858.4787599698964,831.8675613227426,874.8116629984961,0.4928571428571429,909.5288456223094,1670.5398402062608,9.85710564156367,1,0.05000018877538976,3.45,thick,thick,0.4928571428571429,True,874.8116629984961
489,614,1052,0,363,340,25.56597412107719,,645.46875,832.46875,1,25.56597412107719,26,833.858277387224,1706.6950102450905,0.3901098901098901,1.0,1,0.0,2.730769230769231,0.44916109067892884,751.4756958165146,807.7572230763882,874.8116629984961,0.3901098901098901,833.858277387224,1706.6950102450905,9.973539354925716,1,0.03911448847065743,2.730769230769231,punctate,punctate,0.3901098901098901,True,874.8116629984961
175,489,1053,0,354,363,36.24315499715009,,653.86328125,854.13671875,1,36.24315499715009,36,911.4639861115012,1956.765169175527,0.5912698412698413,0.5277777777777778,2,0.02777777777777779,4.257142857142857,0.29894036847409516,893.0720504345977,882.4591854964464,874.8116629984961,0.5912698412698413,911.4639861115012,1956.765169175527,21.42948450228319,2,0.05518283383875565,4.257142857142857,thick,thick,0.5912698412698413,True,874.8116629984961
396,458,1054,0,328,364,5.0,,641.5,690.5,1,5.0,5,1048.4785714285715,1370.375,0.8285714285714286,1.0,1,0.0,5.8,0.12902266850944624,1030.0083333333334,989.9916666666666,874.8116629984961,0.8285714285714286,1048.4785714285715,1370.375,4.142857142857143,1,0.2,5.8,thick,thick,0.8285714285714286,True,874.8116629984961
203,273,1055,0,352,355,41.19170614452274,,658.640625,458.640625,1,41.19170614452274,41,850.2203228787391,1472.5316812747628,0.4634146341463415,1.0,1,0.0,3.2439024390243905,0.3177525805882021,812.5426620920787,781.4794741826245,874.8116629984961,0.4634146341463415,850.2203228787391,1472.5316812747628,19.088839432827612,1,0.02427673174040085,3.2439024390243905,thick,thick,0.4634146341463415,True,874.8116629984961
177,458,1056,0,337,364,32.98892662871066,,654.75,677.75,1,32.98892662871066,33,714.3894071617707,1561.0863033958772,0.1774891774891775,0.2727272727272727,4,0.5454545454545454,2.7333333333333334,0.6189550019731472,675.8593408421265,688.38347240394,874.8116629984961,0.1774891774891775,714.3894071617707,1561.0863033958772,5.85517745358068,4,0.12125280840507105,2.7333333333333334,discontinuous,discontinuous,0.1774891774891775,True,874.8116629984961
458,585,1057,0,364,333,20.564122515159514,,644.5078125,700.5,1,20.564122515159514,21,1107.1964837712578,1576.603515349044,0.782312925170068,1.0,1,0.0,5.476190476190476,0.20796975205393736,1135.1768149541228,983.414172327262,874.8116629984961,0.782312925170068,1107.1964837712578,1576.603515349044,16.087578838390098,1,0.04862838174898138,5.476190476190476,thick,thick,0.782312925170068,True,874.8116629984961
403,459,1058,0,322,365,23.321659143681146,,650.28125,263.28125,1,23.321659143681146,23,761.0834809779622,1419.751501977571,0.18012422360248448,0.34782608695652173,3,0.4782608695652174,2.4166666666666665,0.5962626367513995,677.0874646426989,798.1388007665063,874.8116629984961,0.18012422360248448,761.0834809779622,1419.751501977571,4.2007957463773495,3,0.1286357879393341,2.4166666666666665,discontinuous,discontinuous,0.18012422360248448,True,874.8116629984961
443,459,1059,0,336,365,35.03103152474814,,653.140625,281.859375,1,35.03103152474814,35,776.0495242013627,1303.6802564910524,0.24081632653061225,0.2857142857142857,5,0.2571428571428571,2.269230769230769,0.6531474192541592,772.7516003609479,733.3471690932045,874.8116629984961,0.24081632653061225,776.0495242013627,1303.6802564910524,8.436044326367918,5,0.14273059577100045,2.269230769230769,discontinuous,discontinuous,0.24081632653061225,True,874.8116629984961
372,398,1060,0,348,366,13.718959745047135,,648.27734375,338.98828125,1,13.718959745047135,14,864.5777156191452,1427.4208597590573,0.4489795918367347,1.0,1,0.0,3.142857142857143,0.5222329678670935,891.8687510605207,800.3008582862878,874.8116629984961,0.4489795918367347,864.5777156191452,1427.4208597590573,6.159532946755856,1,0.07289182405838193,3.142857142857143,thick,thick,0.4489795918367347,True,874.8116629984961
398,619,1061,0,366,334,47.0955868900929,,652.609375,361.390625,1,47.0955868900929,47,833.6533670679034,1454.414298468462,0.39209726443769,0.723404255319149,3,0.06382978723404253,2.9318181818181817,0.4202522842923969,772.4271538238528,808.6210200013277,874.8116629984961,0.39209726443769,833.6533670679034,1454.414298468462,18.466050786692964,3,0.06370023601152074,2.9318181818181817,discontinuous,discontinuous,0.39209726443769,True,874.8116629984961
489,548,1062,0,363,353,45.94236356529557,,663.53515625,821.46484375,1,45.94236356529557,46,938.463754127061,2252.420099930967,0.5279503105590062,1.0,1,0.0,3.6956521739130435,0.28697202159177576,868.8377267919285,887.0093751299298,874.8116629984961,0.5279503105590062,938.463754127061,2252.420099930967,24.25528511211257,1,0.02176640299706719,3.6956521739130435,thick,thick,0.5279503105590062,True,874.8116629984961
340,607,1063,0,341,367,19.878720843089845,,647.64453125,912.64453125,1,19.878720843089845,20,944.1702639124896,1661.353801965623,0.5714285714285714,1.0,1,0.0,4.0,0.31622776601683794,900.1777748471756,898.4546617665717,874.8116629984961,0.5714285714285714,944.1702639124896,1661.353801965623,11.359269053194197,1,0.050305047688599926,4.0,thick,thick,0.5714285714285714,True,874.8116629984961
440,548,1064,0,357,353,25.904606781760616,,653.16796875,783.83203125,1,25.904606781760616,26,1040.7645112736154,2016.005400421927,0.7197802197802198,1.0,1,0.0,5.038461538461538,0.2778667896671954,951.9882001912591,1010.4816495044886,874.8116629984961,0.7197802197802198,1040.7645112736154,2016.005400421927,18.645623562695828,1,0.03860317234014523,5.038461538461538,thick,thick,0.7197802197802198,True,874.8116629984961
225,490,1065,0,350,368,64.92089072093168,,660.828125,104.171875,1,64.92089072093168,65,777.3944211514356,1348.7612498289652,0.3098901098901099,0.3384615384615385,5,0.07692307692307687,2.35,0.47781631950926157,767.4636082610017,713.5336541476198,874.8116629984961,0.3098901098901099,777.3944211514356,1348.7612498289652,20.118341959673334,5,0.07701681145277184,2.35,discontinuous,discontinuous,0.3098901098901099,True,874.8116629984961
350,490,1066,0,329,368,23.946927630717532,,656.828125,73.828125,1,23.946927630717532,24,727.8645713780663,1191.58481418098,0.13095238095238096,0.25,5,0.33333333333333337,1.375,0.43598468393751993,699.5414548516504,699.03624642336,874.8116629984961,0.13095238095238096,727.8645713780663,1191.58481418098,3.13590718973682,5,0.20879505200434695,1.375,discontinuous,discontinuous,0.13095238095238096,True,874.8116629984961
591,607,1067,0,349,367,34.118589813621675,,661.0234375,929.9765625,1,34.118589813621675,34,853.605503295398,1758.832441983517,0.42016806722689076,1.0,1,0.0,2.9411764705882355,0.2966479394838265,794.1834200985844,810.1503503921994,874.8116629984961,0.42016806722689076,853.605503295398,1758.832441983517,14.335541938496503,1,0.02930953493279359,2.9411764705882355,thick,thick,0.42016806722689076,True,874.8116629984961
264,384,1068,0,342,359,1.0,,648.5,569.5,1,1.0,1,1125.1964285714287,1434.125,0.8571428571428571,1.0,1,0.0,6.0,,1091.0,1087.5833333333333,874.8116629984961,0.8571428571428571,1125.1964285714287,1434.125,0.8571428571428571,1,1.0,6.0,thick,thick,0.8571428571428571,True,874.8116629984961
215,458,1069,0,360,364,5.725013742195401,,649.71875,712.28125,1,5.725013742195401,6,1128.8462095072339,1801.4194495405673,0.6904761904761905,1.0,1,0.0,4.833333333333333,0.2207973874976844,1170.871318878107,975.6373796230979,874.8116629984961,0.6904761904761905,1128.8462095072339,1801.4194495405673,3.9529856791349194,1,0.17467206980301933,4.833333333333333,thick,thick,0.6904761904761905,True,874.8116629984961
515,607,1070,0,361,367,50.90795063370676,,670.86328125,896.86328125,1,50.90795063370676,51,837.4655529870531,1571.5305950535717,0.42857142857142855,1.0,1,0.0,3.0,0.28005601680560194,780.1128809138962,792.692417080706,874.8116629984961,0.42857142857142855,837.4655529870531,1571.5305950535717,21.817693128731467,1,0.01964329711866044,3.0,thick,thick,0.42857142857142855,True,874.8116629984961
330,384,1071,0,369,359,75.2531583347029,,680.28125,584.71875,1,75.2531583347029,75,813.5570187423326,1428.0688747881786,0.3923809523809524,0.4,4,0.10666666666666669,3.074626865671642,0.5571749838903413,763.3734479997489,808.266671923166,874.8116629984961,0.3923809523809524,813.5570187423326,1428.0688747881786,29.52790593704533,4,0.053153915244450345,3.074626865671642,discontinuous,discontinuous,0.3923809523809524,True,874.8116629984961
264,330,1072,0,342,369,34.09965266848142,,664.86328125,568.86328125,1,34.09965266848142,34,928.150865785002,1564.7412384817749,0.6554621848739496,1.0,1,0.0,4.588235294117647,0.14102564102564102,962.1724225259436,814.5657616415072,874.8116629984961,0.6554621848739496,928.150865785002,1564.7412384817749,22.351032841525637,1,0.02932581189967099,4.588235294117647,thick,thick,0.6554621848739496,True,874.8116629984961
230,600,1073,0,356,370,87.00232935292314,,687.71875,326.28125,1,87.00232935292314,87,796.6993752849148,1536.7149243616027,0.35467980295566504,0.8390804597701149,2,0.02298850574712641,2.541176470588235,0.42918439573432554,746.2307333958507,717.8381479918107,874.8116629984961,0.35467980295566504,796.6993752849148,1536.7149243616027,30.85796903157865,2,0.02298789026540935,2.541176470588235,punctate,punctate,0.35467980295566504,True,874.8116629984961
443,600,1074,0,336,370,11.034453194165929,,654.75390625,299.75390625,1,11.034453194165929,11,844.1709665823571,1480.3123849185065,0.37662337662337664,0.5454545454545454,2,0.2727272727272727,3.625,0.5149373973471751,823.2837246424525,805.054408590502,874.8116629984961,0.37662337662337664,844.1709665823571,1480.3123849185065,4.155833021179376,2,0.18125048562056778,3.625,punctate,punctate,0.37662337662337664,True,874.8116629984961
440,458,1075,0,357,364,46.49638814884111,,671.64453125,721.64453125,1,46.49638814884111,46,762.3276092226974,1586.9893615039928,0.2639751552795031,0.5434782608695652,5,0.15217391304347827,2.1794871794871793,0.6223073484912092,746.9627917903036,697.5784369290992,874.8116629984961,0.2639751552795031,762.3276092226974,1586.9893615039928,12.273891281526382,5,0.10753523443572297,2.1794871794871793,discontinuous,discontinuous,0.2639751552795031,True,874.8116629984961
230,398,1076,0,356,366,67.21950211618906,,681.49609375,345.50390625,1,67.21950211618906,67,819.7710637562964,1523.196478881184,0.42217484008528783,0.8507462686567164,2,0.014925373134328401,3.0,0.4419119768530779,776.7757928473128,758.3408519756387,874.8116629984961,0.42217484008528783,819.7710637562964,1523.196478881184,28.378382556514783,2,0.029753270063544883,3.0,thick,thick,0.42217484008528783,True,874.8116629984961
542,625,1077,0,371,343,37.1774757183151,,659.640625,623.640625,1,37.1774757183151,37,883.076097339363,1449.4996283415492,0.5096525096525096,1.0,1,0.0,3.5675675675675675,0.3420016163725973,821.4440666423137,862.3548863378973,874.8116629984961,0.5096525096525096,883.076097339363,1449.4996283415492,18.947593802384528,1,0.02689800694314919,3.5675675675675675,thick,thick,0.5096525096525096,True,874.8116629984961
177,542,1078,0,337,371,17.26811895709102,,660.8671875,647.1328125,1,17.26811895709102,17,871.47209374194,1510.2605184176932,0.42857142857142855,0.8235294117647058,2,0.05882352941176472,3.1875,0.44669748038802026,814.4915569955375,862.9050813250603,874.8116629984961,0.42857142857142855,871.47209374194,1510.2605184176932,7.400622410181865,2,0.11582037423819781,3.1875,thick,thick,0.42857142857142855,True,874.8116629984961
417,466,1079,0,339,372,42.50057401777424,,665.5,991.5,1,42.50057401777424,43,750.6002274286781,1318.6208174033554,0.2159468438538206,0.37209302325581395,4,0.2558139534883721,2.03125,0.668301742429953,707.6491317656521,732.5422434204895,874.8116629984961,0.2159468438538206,750.6002274286781,1318.6208174033554,9.177864821114039,4,0.0941163758947621,2.03125,discontinuous,discontinuous,0.2159468438538206,True,874.8116629984961
466,632,1080,0,372,344,15.115528690282378,,661.13671875,1015.86328125,1,15.115528690282378,15,634.5580174819031,981.9480313080651,0.02857142857142857,0.13333333333333333,2,0.8,1.0,0.0,607.1560320065894,607.3701434990675,874.8116629984961,0.02857142857142857,634.5580174819031,981.9480313080651,0.43187224829378223,2,0.1323142604522844,1.0,minimal,minimal,0.02857142857142857,False,874.8116629984961
353,459,1081,0,358,365,17.501069201004682,,666.49609375,251.49609375,1,17.501069201004682,18,708.7595020467883,1048.5568913774312,0.07936507936507936,0.1111111111111111,2,0.8333333333333334,3.3333333333333335,0.282842712474619,671.6681475316084,730.1313044079045,874.8116629984961,0.07936507936507936,708.7595020467883,1048.5568913774312,1.3889737461114826,2,0.11427873217512825,3.3333333333333335,discontinuous,discontinuous,0.07936507936507936,True,874.8116629984961
89,333,1082,0,373,351,9.853081690912408,,661.28125,202.28125,1,9.853081690912408,10,887.6451585858917,1518.4431627643776,0.4714285714285714,1.0,1,0.0,3.3,0.3598285480920581,889.0688570867542,823.4473828651455,874.8116629984961,0.4714285714285714,887.6451585858917,1518.4431627643776,4.645024225715849,1,0.10149108993202702,3.3,thick,thick,0.4714285714285714,True,874.8116629984961
89,353,1083,0,373,358,43.79564075523663,,665.1015625,227.171875,1,43.79564075523663,44,901.1780302184408,1542.3541058012765,0.5162337662337663,0.8863636363636364,2,0.022727272727272707,3.697674418604651,0.33268002906762756,861.7419796071046,846.7799214318017,874.8116629984961,0.5162337662337663,901.1780302184408,1542.3541058012765,22.608788571696834,2,0.0456666454813967,3.697674418604651,thick,thick,0.5162337662337663,True,874.8116629984961
459,600,1084,0,365,370,77.87608370122645,,698.1015625,305.1015625,1,77.87608370122645,78,743.7117252204189,1336.2590340324205,0.2216117216117216,0.20512820512820512,10,0.2564102564102564,2.086206896551724,0.585611693820062,708.4554142682435,707.0264670848651,874.8116629984961,0.2216117216117216,743.7117252204189,1336.2590340324205,17.258252981407328,10,0.1284091279983371,2.086206896551724,reticular,reticular,0.2216117216117216,True,874.8116629984961
126,596,1085,0,374,346,20.375929905253304,,663.25,47.25,1,20.375929905253304,20,988.7435113715503,1620.6306061817909,0.6857142857142857,1.0,1,0.0,4.8,0.34610932762158647,939.74579266972,964.3383716267421,874.8116629984961,0.6857142857142857,988.7435113715503,1620.6306061817909,13.972066220745123,1,0.049077514726931844,4.8,thick,thick,0.6857142857142857,True,874.8116629984961
126,350,1086,0,374,329,11.219263814345817,,664.68359375,60.31640625,1,11.219263814345817,11,791.367659534219,1340.3440880212318,0.2857142857142857,0.7272727272727273,2,0.09090909090909094,2.2,0.3962635403218794,718.0344890737714,771.8950916957269,874.8116629984961,0.2857142857142857,791.367659534219,1340.3440880212318,3.2055039469559476,2,0.17826481604280003,2.2,punctate,punctate,0.2857142857142857,True,874.8116629984961
85,333,1087,0,375,351,10.791531579010488,,664.1015625,194.8984375,1,10.791531579010488,11,788.3622071108788,1253.084066667742,0.2857142857142857,0.18181818181818182,3,0.4545454545454546,3.6666666666666665,0.5378254348272379,742.3009429768858,791.481302349554,874.8116629984961,0.2857142857142857,788.3622071108788,1253.084066667742,3.0832947368601396,3,0.27799575788065106,3.6666666666666665,discontinuous,discontinuous,0.2857142857142857,True,874.8116629984961
85,137,1088,0,375,362,46.87240463651594,,678.140625,177.140625,1,46.87240463651594,47,847.9425750262848,1536.6024842419022,0.4376899696048632,0.5106382978723404,2,0.04255319148936165,3.2,0.4686342449667497,800.9368675871648,819.1141009155201,874.8116629984961,0.4376899696048632,847.9425750262848,1536.6024842419022,20.51558136066351,2,0.042669029154990275,3.2,thick,thick,0.4376899696048632,True,874.8116629984961
384,542,1089,0,359,371,35.473535403740286,,677.50390625,612.49609375,1,35.473535403740286,35,791.605875007101,1399.051545155177,0.34285714285714286,0.6571428571428571,2,0.02857142857142858,2.4705882352941178,0.4523809523809524,750.1492837163695,763.6121308441117,874.8116629984961,0.34285714285714286,791.605875007101,1399.051545155177,12.162354995568098,2,0.05638005846434811,2.4705882352941178,punctate,punctate,0.34285714285714286,True,874.8116629984961
440,536,1091,0,357,376,52.82738813257647,,673.25,767.25,1,52.82738813257647,53,1024.8644170892278,2297.316917780165,0.6226415094339622,1.0,1,0.0,4.3584905660377355,0.26776912717215784,907.7542043535152,1014.7360857337289,874.8116629984961,0.6226415094339622,1024.8644170892278,2297.316917780165,32.8925246863212,1,0.0189295748919175,4.3584905660377355,thick,thick,0.6226415094339622,True,874.8116629984961
536,548,1092,0,376,353,72.51655117193292,,692.49609375,798.50390625,1,72.51655117193292,73,828.1175864498289,1778.643752826158,0.33268101761252444,0.4520547945205479,6,0.3561643835616438,3.617021276595745,0.41344196213660184,775.5295102085237,816.2869399967793,874.8116629984961,0.33268101761252444,828.1175864498289,1778.643752826158,24.124880037629346,6,0.08273973186858151,3.617021276595745,reticular,reticular,0.33268101761252444,True,874.8116629984961
420,591,1093,0,377,349,24.501128250664447,,671.38671875,948.38671875,1,24.501128250664447,25,1074.6321869126439,1976.9956097704858,0.68,1.0,1,0.0,4.76,0.25405405811480625,1002.5861468820208,1019.0960953587709,874.8116629984961,0.68,1074.6321869126439,1976.9956097704858,16.660767210451827,1,0.0408144469825744,4.76,thick,thick,0.68,True,874.8116629984961
420,553,1094,0,377,338,24.675347332383282,,671.71875,964.28125,1,24.675347332383282,25,697.0048691613534,1133.5105682767885,0.13142857142857142,0.28,3,0.56,2.090909090909091,0.47628048478710094,696.7009860651518,651.5947392093935,874.8116629984961,0.13142857142857142,697.0048691613534,1133.5105682767885,3.2430456493989457,3,0.12157883573386942,2.090909090909091,discontinuous,discontinuous,0.13142857142857142,True,874.8116629984961
107,398,1095,0,330,366,5.954202065257501,,665.24609375,382.75390625,1,5.954202065257501,6,1045.9233476699458,1760.9842179766736,0.6190476190476191,1.0,1,0.0,4.333333333333333,0.2878197989826109,1003.2163528627062,920.2212770533157,874.8116629984961,0.6190476190476191,1045.9233476699458,1760.9842179766736,3.685934611826072,1,0.16794861663075808,4.333333333333333,thick,thick,0.6190476190476191,True,874.8116629984961
489,515,1096,0,363,361,48.62635329651748,,686.3515625,865.3515625,1,48.62635329651748,49,970.8656945018506,1890.0299716312925,0.5597667638483965,1.0,1,0.0,3.9183673469387754,0.2463932535940598,913.220160451663,910.8273028153345,874.8116629984961,0.5597667638483965,970.8656945018506,1890.0299716312925,27.219416422540398,1,0.02056498034927941,3.9183673469387754,thick,thick,0.5597667638483965,True,874.8116629984961
126,490,1097,0,374,368,43.27539225962054,,685.5,67.5,1,43.27539225962054,43,818.6712334282556,1493.9779861910688,0.4053156146179402,1.0,1,0.0,2.8372093023255816,0.37184577777750016,763.1210142002283,783.6360255583546,874.8116629984961,0.4053156146179402,818.6712334282556,1493.9779861910688,17.54019221154055,1,0.023107820583132675,2.8372093023255816,thick,thick,0.4053156146179402,True,874.8116629984961
39,273,1098,0,378,355,33.661659196657624,,668.171875,487.171875,1,33.661659196657624,34,801.133435923447,1486.3848865533205,0.36134453781512604,1.0,1,0.0,2.5294117647058822,0.600612631169533,744.9333371746897,768.9767669817287,874.8116629984961,0.36134453781512604,801.133435923447,1486.3848865533205,12.163456684506537,1,0.029707388876995502,2.5294117647058822,punctate,punctate,0.36134453781512604,True,874.8116629984961
85,89,1099,0,375,373,42.86467304528725,,682.53515625,208.46484375,1,42.86467304528725,43,840.4821818531926,1695.2355106982511,0.38205980066445183,0.7674418604651163,2,0.09302325581395354,2.948717948717949,0.3597941020100383,795.7749460732522,801.6235955865012,874.8116629984961,0.38205980066445183,840.4821818531926,1695.2355106982511,16.376868439229348,2,0.046658468568906764,2.948717948717949,punctate,punctate,0.38205980066445183,True,874.8116629984961
138,596,1100,0,379,346,47.643729498226136,,672.49609375,18.49609375,1,47.643729498226136,48,857.4285653953799,1898.9609846222131,0.4583333333333333,1.0,1,0.0,3.2083333333333335,0.49674263633520194,787.0949176488674,831.9222541933196,874.8116629984961,0.4583333333333333,857.4285653953799,1898.9609846222131,21.836709353353644,1,0.020989120930115932,3.2083333333333335,thick,thick,0.4583333333333333,True,874.8116629984961
203,398,1101,0,352,366,28.920448392505232,,679.859375,380.1328125,1,28.920448392505232,29,822.1239640762774,1427.0075695525484,0.37438423645320196,0.8620689655172413,2,0.10344827586206895,2.923076923076923,0.4340111184860696,768.2661214660146,795.676433510447,874.8116629984961,0.37438423645320196,822.1239640762774,1427.0075695525484,10.827359989312303,2,0.06915522099990339,2.923076923076923,punctate,punctate,0.37438423645320196,True,874.8116629984961
39,409,1102,0,378,345,51.307058613309486,,678.86328125,525.13671875,1,51.307058613309486,51,831.0855051768979,1675.8853706227276,0.42016806722689076,1.0,1,0.0,2.9411764705882355,0.4384822307308092,774.3084673506112,778.4627414190118,874.8116629984961,0.42016806722689076,831.0855051768979,1675.8853706227276,21.557587652651044,1,0.019490495597044254,2.9411764705882355,thick,thick,0.42016806722689076,True,874.8116629984961
177,564,1103,0,337,380,19.819191202927446,,667.6484375,661.3515625,1,19.819191202927446,20,1010.0564385308384,1553.3511595201471,0.7071428571428572,1.0,1,0.0,4.95,0.25131020817423694,950.0909808520095,982.7040294381204,874.8116629984961,0.7071428571428572,1010.0564385308384,1553.3511595201471,14.014999493498694,1,0.05045614575090695,4.95,thick,thick,0.7071428571428572,True,874.8116629984961
137,490,1104,0,362,368,24.598260127427494,,679.86328125,136.13671875,1,24.598260127427494,25,813.0676521883025,1212.4702218821083,0.3142857142857143,0.44,2,0.19999999999999996,2.75,0.4283352359778089,804.6416673513285,763.657316527332,874.8116629984961,0.3142857142857143,813.0676521883025,1212.4702218821083,7.730881754334355,2,0.08130656353901895,2.75,punctate,punctate,0.3142857142857143,True,874.8116629984961
542,564,1105,0,371,380,48.931671357198084,,693.28125,647.28125,1,48.931671357198084,49,851.0714025092115,1497.149201333716,0.4606413994169096,1.0,1,0.0,3.2244897959183674,0.4741347038057732,822.043755152179,788.5214426565888,874.8116629984961,0.4606413994169096,851.0714025092115,1497.149201333716,22.53995356978804,1,0.020436661415059048,3.2244897959183674,thick,thick,0.4606413994169096,True,874.8116629984961
458,564,1106,0,364,380,29.80383300956167,,680.171875,677.828125,1,29.80383300956167,30,741.5409684718582,1649.2452254932093,0.20952380952380953,0.5333333333333333,3,0.19999999999999996,1.8333333333333333,0.6803013430498075,692.0080843105941,711.6205357409677,874.8116629984961,0.20952380952380953,741.5409684718582,1649.2452254932093,6.244612630574826,3,0.10065819383156319,1.8333333333333333,discontinuous,discontinuous,0.20952380952380953,True,874.8116629984961
164,203,1107,0,381,352,61.90884334826478,,670.8984375,420.1015625,1,61.90884334826478,62,803.404835868624,1475.6459052969512,0.3294930875576037,0.5806451612903226,3,0.09677419354838712,2.5535714285714284,0.5069327188654388,751.9072290107536,780.8427362798362,874.8116629984961,0.3294930875576037,803.404835868624,1475.6459052969512,20.39853594193978,3,0.04845834355398413,2.5535714285714284,discontinuous,discontinuous,0.3294930875576037,True,874.8116629984961
126,138,1108,0,374,379,36.991051841432295,,683.5,42.5078125,1,36.991051841432295,37,776.0524799882389,1410.5217355608393,0.30115830115830117,0.43243243243243246,5,0.29729729729729726,3.0,0.6201736729460423,746.2391233782266,742.7073150264685,874.8116629984961,0.30115830115830117,776.0524799882389,1410.5217355608393,11.140162330624397,5,0.13516782440881248,3.0,discontinuous,discontinuous,0.30115830115830117,True,874.8116629984961
89,459,1109,0,373,365,25.27472111676981,,683.8984375,252.1015625,1,25.27472111676981,25,791.0337854619817,1255.228653791762,0.2742857142857143,0.72,2,0.19999999999999996,2.4,0.46398036356916855,767.2284325931208,766.5613016974968,874.8116629984961,0.2742857142857143,791.0337854619817,1255.228653791762,6.932494934885434,2,0.07913044780039125,2.4,punctate,punctate,0.2742857142857143,True,874.8116629984961
442,607,1110,0,382,367,30.473962496233383,,687.50390625,924.50390625,1,30.473962496233383,30,751.7773434072935,1353.9241500211456,0.21428571428571427,0.3333333333333333,5,0.33333333333333337,2.25,0.48432210483785265,735.8614072350699,702.6638638479245,874.8116629984961,0.21428571428571427,751.7773434072935,1353.9241500211456,6.530134820621439,5,0.16407449476312788,2.25,discontinuous,discontinuous,0.21428571428571427,True,874.8116629984961
442,591,1111,0,382,349,4.17826124666495,,677.35546875,936.64453125,1,4.17826124666495,4,894.1959107630848,1190.2850874283527,0.5,1.0,1,0.0,3.5,0.42857142857142855,840.1917390866689,859.838482116012,874.8116629984961,0.5,894.1959107630848,1190.2850874283527,2.089130623332475,1,0.23933400545458733,3.5,thick,thick,0.5,True,874.8116629984961
466,553,1112,0,372,338,5.246405675175395,,679.2421875,974.2421875,1,5.246405675175395,5,853.7365466399335,1289.1928077219807,0.4,1.0,1,0.0,2.8,0.2672612419124244,851.194139527049,769.2736481796389,874.8116629984961,0.4,853.7365466399335,1289.1928077219807,2.098562270070158,1,0.19060668616072443,2.8,thick,thick,0.4,True,874.8116629984961
420,442,1113,0,377,382,63.883836984764486,,707.25,939.75,1,63.883836984764486,64,725.3042861118639,1141.7779856034804,0.12723214285714285,0.125,9,0.53125,1.9,0.6424502955649317,702.3132995994077,706.5180656764162,874.8116629984961,0.12723214285714285,725.3042861118639,1141.7779856034804,8.12807747350798,9,0.14088070511710796,1.9,discontinuous,discontinuous,0.12723214285714285,True,874.8116629984961
123,273,1114,0,383,355,27.354921168594373,,679.8984375,473.171875,1,27.354921168594373,27,929.2393586145743,1616.5153278624155,0.5661375661375662,1.0,1,0.0,3.962962962962963,0.37916752850655694,896.0497735817231,882.0485728404387,874.8116629984961,0.5661375661375662,929.2393586145743,1616.5153278624155,15.486648492273005,1,0.036556493577034305,3.962962962962963,thick,thick,0.5661375661375662,True,874.8116629984961
123,203,1115,0,383,352,14.239161198241733,,683.46484375,453.46484375,1,14.239161198241733,14,959.4931627036825,1832.255557523717,0.5306122448979592,1.0,1,0.0,3.7142857142857144,0.31246301556292155,918.0219507435565,843.5950266229898,874.8116629984961,0.5306122448979592,959.4931627036825,1832.255557523717,7.555473288862961,1,0.07022885590504313,3.7142857142857144,thick,thick,0.5306122448979592,True,874.8116629984961
420,466,1116,0,377,372,12.429166903606804,,686.640625,974.359375,1,12.429166903606804,12,775.8667666482054,1184.7168106335591,0.25,0.25,2,0.5,3.5,0.5408484138857403,791.6490789702237,730.0553118447937,874.8116629984961,0.25,775.8667666482054,1184.7168106335591,3.107291725901701,2,0.1609118306569383,3.5,punctate,punctate,0.25,True,874.8116629984961
264,331,1117,0,342,384,21.497534372887237,,686.25,556.25,1,21.497534372887237,21,993.7509582130785,1651.4664377111562,0.6326530612244898,1.0,1,0.0,4.428571428571429,0.2921091980044328,928.3927098598728,965.6246959405769,874.8116629984961,0.6326530612244898,993.7509582130785,1651.4664377111562,13.600480929785805,1,0.04651696248762385,4.428571428571429,thick,thick,0.6326530612244898,True,874.8116629984961
330,331,1119,0,369,384,59.460748892992655,,710.16796875,575.83203125,1,59.460748892992655,59,792.5175083707268,1771.6941878419584,0.31476997578692495,0.3559322033898305,6,0.13559322033898302,2.549019607843137,0.6421119001448987,743.9156314893825,753.7708242349147,874.8116629984961,0.31476997578692495,792.5175083707268,1771.6941878419584,18.716458489319724,6,0.10090690264930534,2.549019607843137,reticular,reticular,0.31476997578692495,True,874.8116629984961
489,536,1120,0,363,376,15.698134206841688,,688.71875,837.28125,1,15.698134206841688,16,765.0344209724192,1307.5282566911276,0.25892857142857145,0.625,2,0.125,2.0714285714285716,0.644191092836876,766.347789673322,701.7255031103416,874.8116629984961,0.25892857142857145,765.0344209724192,1307.5282566911276,4.064695464271509,2,0.12740367572652958,2.0714285714285716,punctate,punctate,0.25892857142857145,True,874.8116629984961
377,466,1121,0,385,372,18.872480711515685,,688.609375,1015.609375,1,18.872480711515685,19,679.3824509741223,1083.5088465214758,0.08270676691729323,0.2631578947368421,2,0.631578947368421,1.5714285714285714,0.3149183286488868,654.0496257253205,646.4430489313531,874.8116629984961,0.08270676691729323,679.3824509741223,1083.5088465214758,1.56088186335844,2,0.10597440954223003,1.5714285714285714,discontinuous,discontinuous,0.08270676691729323,True,874.8116629984961
39,123,1122,0,378,383,33.23129609776241,,698.828125,492.171875,1,33.23129609776241,33,1036.2489380389268,1896.9120195780074,0.6666666666666666,1.0,1,0.0,4.666666666666667,0.2279211529192759,940.6083652806227,1017.4737394129878,874.8116629984961,0.6666666666666666,1036.2489380389268,1896.9120195780074,22.154197398508273,1,0.030092115488307234,4.666666666666667,thick,thick,0.6666666666666666,True,874.8116629984961
123,164,1124,0,383,381,122.21425544402041,,716.140625,468.8671875,1,122.21425544402041,122,917.26141991294,2353.7688718613435,0.43676814988290397,0.7622950819672131,5,0.10655737704918034,3.4220183486238533,0.408105951379904,872.8266247287825,843.5781191359604,874.8116629984961,0.43676814988290397,917.26141991294,2353.7688718613435,53.37929423960142,5,0.040911757649173944,3.4220183486238533,thick_to_reticular,thick_to_reticular,0.43676814988290397,True,874.8116629984961
203,532,1125,0,352,386,18.301067183425513,,689.86328125,386.86328125,1,18.301067183425513,18,754.638903579521,1213.1603167059893,0.1984126984126984,0.5,3,0.2777777777777778,1.9230769230769231,0.4308131845707604,765.3149649386248,689.0496010006088,874.8116629984961,0.1984126984126984,754.638903579521,1213.1603167059893,3.631164123695538,3,0.16392486678137386,1.9230769230769231,discontinuous,discontinuous,0.1984126984126984,True,874.8116629984961
164,532,1126,0,381,386,46.0818517121056,,709.38671875,400.61328125,1,46.0818517121056,46,777.0137148205038,1549.9781456969315,0.22981366459627328,0.34782608695652173,3,0.32608695652173914,2.3870967741935485,0.5285839788002147,723.1540564977995,790.9093846368928,874.8116629984961,0.22981366459627328,777.0137148205038,1549.9781456969315,10.59023921334104,3,0.06510155057879123,2.3870967741935485,discontinuous,discontinuous,0.22981366459627328,True,874.8116629984961
466,611,1127,0,372,387,32.70889885063565,,688.35546875,991.35546875,1,32.70889885063565,33,813.0487056988948,1220.0596321595233,0.38095238095238093,0.45454545454545453,2,0.09090909090909094,2.933333333333333,0.4306203482158277,767.4084790364602,781.276970297173,874.8116629984961,0.38095238095238093,813.0487056988948,1220.0596321595233,12.460532895480247,2,0.06114543962892022,2.933333333333333,punctate,punctate,0.38095238095238093,True,874.8116629984961
331,409,1128,0,384,345,6.708240810467776,,691.83203125,544.83203125,1,6.708240810467776,7,971.0561298670063,1681.75,0.5510204081632653,1.0,1,0.0,3.857142857142857,0.3513641844631532,884.7381115599347,923.398202199921,874.8116629984961,0.5510204081632653,971.0561298670063,1681.75,3.6963775894414272,1,0.14907037899408213,3.857142857142857,thick,thick,0.5510204081632653,True,874.8116629984961
458,533,1129,0,364,388,39.29662026106165,,690.171875,707.828125,1,39.29662026106165,39,772.8363914763142,1456.3392242557188,0.27472527472527475,0.7692307692307693,2,0.17948717948717952,2.34375,0.6962758074211685,739.899204727879,718.0125437692423,874.8116629984961,0.27472527472527475,772.8363914763142,1456.3392242557188,10.795774796994959,2,0.0508949621293963,2.34375,punctate,punctate,0.27472527472527475,True,874.8116629984961
490,590,1130,0,368,389,63.475556536220935,,694.35546875,100.35546875,1,63.475556536220935,63,759.9694317988492,1269.0362748314085,0.29024943310657597,0.6507936507936508,4,0.2063492063492064,2.56,0.5365088972934186,734.861291051096,711.5349686058121,874.8116629984961,0.29024943310657597,759.9694317988492,1269.0362748314085,18.42374430076254,4,0.06301638328633617,2.56,discontinuous,discontinuous,0.29024943310657597,True,874.8116629984961
137,590,1131,0,362,389,10.139735112744747,,693.359375,136.640625,1,10.139735112744747,10,770.4802581839887,1095.2732123889527,0.18571428571428572,0.2,4,0.5,2.6,0.3922322702763681,785.853789190954,746.5123386877997,874.8116629984961,0.18571428571428572,770.4802581839887,1095.2732123889527,1.883093663795453,4,0.39448762275578136,2.6,discontinuous,discontinuous,0.18571428571428572,True,874.8116629984961
533,564,1132,0,388,380,14.209651674531214,,697.72265625,683.72265625,1,14.209651674531214,14,886.9318675934808,1789.774198697923,0.46938775510204084,0.7857142857142857,2,0.0714285714285714,3.5384615384615383,0.34372583262699774,886.178234538245,798.510212512772,874.8116629984961,0.46938775510204084,886.9318675934808,1789.774198697923,6.669836500290162,2,0.14074940370176114,3.5384615384615383,thick,thick,0.46938775510204084,True,874.8116629984961
377,611,1133,0,385,387,32.59921169311762,,707.8671875,1007.859375,1,32.59921169311762,33,712.3749119946795,1195.8327720418922,0.09523809523809523,0.15151515151515152,6,0.6060606060606061,1.6923076923076923,0.5856408512147785,664.9470860658392,724.9875010159536,874.8116629984961,0.09523809523809523,712.3749119946795,1195.8327720418922,3.1046868279159634,6,0.1840535303884887,1.6923076923076923,discontinuous,discontinuous,0.09523809523809523,True,874.8116629984961
420,611,1134,0,377,387,20.83287471500431,,701.5,970.5,1,20.83287471500431,21,830.1679686021388,1347.7565047556172,0.3741496598639456,0.6666666666666666,2,0.04761904761904767,2.75,0.37921188390207655,779.9753549407463,775.7800780765135,874.8116629984961,0.3741496598639456,830.1679686021388,1347.7565047556172,7.794612988607055,2,0.09600211335978297,2.75,punctate,punctate,0.3741496598639456,True,874.8116629984961
440,512,1135,0,357,390,19.87456105928533,,698.72265625,738.27734375,1,19.87456105928533,20,944.2994726917938,1720.9589438018127,0.5785714285714286,1.0,1,0.0,4.05,0.3701645518658013,935.9021839620234,886.6377289895763,874.8116629984961,0.5785714285714286,944.2994726917938,1720.9589438018127,11.498853184300799,1,0.05031557663170645,4.05,thick,thick,0.5785714285714286,True,874.8116629984961
458,512,1136,0,364,390,9.256935237441267,,696.75,725.75,1,9.256935237441267,9,880.4841510791551,1434.6780959080218,0.4126984126984127,0.4444444444444444,2,0.33333333333333337,4.333333333333333,0.4741856925360752,853.7113393736134,857.9773446271636,874.8116629984961,0.4126984126984127,880.4841510791551,1434.6780959080218,3.8203224789440147,2,0.21605422839199045,4.333333333333333,thick,thick,0.4126984126984127,True,874.8116629984961
515,536,1137,0,361,376,22.650813819996923,,705.46484375,842.46484375,1,22.650813819996923,23,752.4909078276729,1552.8667120977614,0.2484472049689441,0.4782608695652174,3,0.30434782608695654,2.5,0.4898979485566356,731.1241285845972,693.0215549584057,874.8116629984961,0.2484472049689441,752.4909078276729,1552.8667120977614,5.627531383850167,3,0.132445572324271,2.5,discontinuous,discontinuous,0.2484472049689441,True,874.8116629984961
39,331,1138,0,378,384,10.038433397973257,,699.13671875,545.06640625,1,10.038433397973257,10,939.4197465363834,1416.787643726105,0.6,1.0,1,0.0,4.2,0.20756661635907966,845.5965867827239,959.9670400790795,874.8116629984961,0.6,939.4197465363834,1416.787643726105,6.023060038783954,1,0.09961713749098523,4.2,unknown,unknown,0.6,True,874.8116629984961
398,532,1139,0,366,386,13.64198334482264,,700.89453125,381.09765625,1,13.64198334482264,14,792.3916798323102,1269.8052796059294,0.20408163265306123,0.2857142857142857,3,0.3571428571428571,2.2222222222222223,0.46368092477478523,808.941981653455,729.3585663435011,874.8116629984961,0.20408163265306123,792.3916798323102,1269.8052796059294,2.7840782336372736,3,0.21990937271878067,2.2222222222222223,discontinuous,discontinuous,0.20408163265306123,True,874.8116629984961
137,645,1140,0,362,391,12.325286288071137,,696.5,145.5,1,12.325286288071137,12,762.1390184175318,1527.3628884503248,0.2261904761904762,0.25,2,0.5833333333333333,3.8,0.48237638894272006,825.150524503183,662.6376490294721,874.8116629984961,0.2261904761904762,762.1390184175318,1527.3628884503248,2.7878623746827573,2,0.16226803607277449,3.8,punctate,punctate,0.2261904761904762,True,874.8116629984961
137,555,1141,0,362,392,13.997949123492738,,695.50390625,158.49609375,1,13.997949123492738,14,1033.4806101864137,1891.3567653229827,0.7346938775510204,1.0,1,0.0,5.142857142857143,0.19245008972987526,973.2655223904229,1004.047388314931,874.8116629984961,0.7346938775510204,1033.4806101864137,1891.3567653229827,10.284207519300788,1,0.07143903661727856,5.142857142857143,thick,thick,0.7346938775510204,True,874.8116629984961
89,524,1142,0,373,393,38.97414309885823,,700.640625,238.359375,1,38.97414309885823,39,864.8113862480703,2536.44606788794,0.3333333333333333,0.5384615384615384,3,0.17948717948717952,2.84375,0.41336797524844016,801.8497630132891,817.5668426784227,874.8116629984961,0.3333333333333333,864.8113862480703,2536.44606788794,12.991381032952741,3,0.07697411056326436,2.84375,discontinuous,discontinuous,0.3333333333333333,True,874.8116629984961
459,524,1143,0,365,393,8.61091554326205,,698.71875,257.28125,1,8.61091554326205,9,903.6954370004371,1526.7800813956417,0.5079365079365079,1.0,1,0.0,3.5555555555555554,0.37759518667483044,886.847493819697,814.0880553336699,874.8116629984961,0.5079365079365079,903.6954370004371,1526.7800813956417,4.373798371180724,1,0.11613166973661579,3.5555555555555554,thick,thick,0.5079365079365079,True,874.8116629984961
205,440,1144,0,394,357,14.98726085362571,,700.75390625,749.75390625,1,14.98726085362571,15,871.4212224293638,1831.777919433152,0.3523809523809524,0.6,3,0.19999999999999996,3.0833333333333335,0.5988789136800091,806.8001993606929,888.94016766066,874.8116629984961,0.3523809523809524,871.4212224293638,1831.777919433152,5.281225253182393,3,0.20016999966169546,3.0833333333333335,discontinuous,discontinuous,0.3523809523809524,True,874.8116629984961
261,607,1145,0,395,367,21.850827644705845,,696.50390625,906.49609375,1,21.850827644705845,22,844.8610682465812,1547.3965228902819,0.38961038961038963,0.5909090909090909,3,0.09090909090909094,3.0,0.5962847939999439,767.7682602366865,883.8165887100985,874.8116629984961,0.38961038961038963,844.8610682465812,1547.3965228902819,8.513309471963316,3,0.1372945706579155,3.0,discontinuous,discontinuous,0.38961038961038963,True,874.8116629984961
330,542,1146,0,369,371,15.254195475441783,,703.64453125,616.35546875,1,15.254195475441783,15,904.2636327522937,1500.5003906002376,0.49523809523809526,1.0,1,0.0,3.466666666666667,0.2954286826103311,848.2787568370203,825.7142565339407,874.8116629984961,0.49523809523809526,904.2636327522937,1500.5003906002376,7.554458711647359,1,0.06555573524739026,3.466666666666667,thick,thick,0.49523809523809526,True,874.8116629984961
205,536,1147,0,394,376,61.359400416802764,,712.49609375,778.50390625,1,61.359400416802764,61,793.0374903045582,2480.71738396415,0.3161592505854801,0.6557377049180327,4,0.19672131147540983,2.7551020408163267,0.377705149155021,764.4497101473727,708.4758766849753,874.8116629984961,0.3161592505854801,793.0374903045582,2480.71738396415,19.399342052150757,4,0.06518968524510929,2.7551020408163267,discontinuous,discontinuous,0.3161592505854801,True,874.8116629984961
590,645,1148,0,389,391,43.43703091670568,,710.53125,123.53125,1,43.43703091670568,43,710.1005623109603,1294.3451994172508,0.17275747508305647,0.2558139534883721,7,0.2558139534883721,1.625,0.42828956637154014,647.6456987322048,680.083871201592,874.8116629984961,0.17275747508305647,710.1005623109603,1294.3451994172508,7.504071786274735,7,0.16115281943241275,1.625,reticular,reticular,0.17275747508305647,True,874.8116629984961
425,459,1149,0,396,365,76.54855610839716,,709.24609375,292.75390625,1,76.54855610839716,77,837.0113509660425,1606.4640574921978,0.43042671614100186,0.5844155844155844,3,0.051948051948051965,3.1780821917808217,0.4977655183880017,803.1265933471171,794.2935871701727,874.8116629984961,0.43042671614100186,837.0113509660425,1606.4640574921978,32.94854363107262,3,0.03919081106836068,3.1780821917808217,thick,thick,0.43042671614100186,True,874.8116629984961
261,515,1150,0,395,361,92.51906067177266,,721.8671875,875.1328125,1,92.51906067177266,93,902.4143836389488,2281.0139529490075,0.4731182795698925,0.5053763440860215,5,0.10752688172043012,3.710843373493976,0.3683312415816046,847.451955525062,858.3905506254449,874.8116629984961,0.4731182795698925,902.4143836389488,2281.0139529490075,43.77245881245158,5,0.054042917899246326,3.710843373493976,thick_to_reticular,thick_to_reticular,0.4731182795698925,True,874.8116629984961
555,645,1151,0,392,391,35.8417038324273,,712.46875,156.5390625,1,35.8417038324273,36,774.2382846770274,1489.1203280644986,0.2619047619047619,0.4444444444444444,4,0.3055555555555556,2.64,0.44017694079799846,756.926807579413,715.3114634417133,874.8116629984961,0.2619047619047619,774.2382846770274,1489.1203280644986,9.387112908492865,4,0.11160183730944882,2.64,discontinuous,discontinuous,0.2619047619047619,True,874.8116629984961
85,555,1152,0,375,392,41.87381080060773,,707.50390625,182.49609375,1,41.87381080060773,42,909.8675368193733,2052.97000652818,0.5374149659863946,1.0,1,0.0,3.761904761904762,0.40939143364041086,853.1406773079458,882.2504818269557,874.8116629984961,0.5374149659863946,909.8675368193733,2052.97000652818,22.503612607129327,1,0.023881275214279917,3.761904761904762,thick,thick,0.5374149659863946,True,874.8116629984961
85,524,1153,0,375,393,31.093817893838796,,708.16796875,210.16796875,1,31.093817893838796,31,795.0764109021367,1489.1860558622118,0.2672811059907834,0.45161290322580644,3,0.25806451612903225,2.5217391304347827,0.6283057640789171,738.6386193645005,766.5662787497378,874.8116629984961,0.2672811059907834,795.0764109021367,1489.1860558622118,8.310790036141245,3,0.09648220138944232,2.5217391304347827,discontinuous,discontinuous,0.2672811059907834,True,874.8116629984961
512,533,1154,0,390,388,50.346355896968554,,724.13671875,718.13671875,1,50.346355896968554,50,884.104920873864,2065.674289651127,0.5142857142857142,1.0,1,0.0,3.6,0.4267303193260338,827.7094834441169,841.1840340977899,874.8116629984961,0.5142857142857142,884.104920873864,2065.674289651127,25.892411604155253,1,0.01986241073825587,3.6,thick,thick,0.5142857142857142,True,874.8116629984961
261,442,1155,0,395,382,22.67046513248472,,708.640625,912.3515625,1,22.67046513248472,23,816.5946741660836,1564.9888172987007,0.37267080745341613,1.0,1,0.0,2.608695652173913,0.4034572812303401,722.8127391967004,816.5703386572967,874.8116629984961,0.37267080745341613,816.5946741660836,1564.9888172987007,8.448620546267597,1,0.04411025508987421,2.608695652173913,punctate,punctate,0.37267080745341613,True,874.8116629984961
126,590,1156,0,374,389,24.809127353804893,,709.8984375,78.828125,1,24.809127353804893,25,864.1496443306918,1564.13998144388,0.44571428571428573,1.0,1,0.0,3.12,0.36622709889963334,803.1724168404094,839.8093196138485,874.8116629984961,0.44571428571428573,864.1496443306918,1564.13998144388,11.057782477695895,1,0.040307745844459675,3.12,thick,thick,0.44571428571428573,True,874.8116629984961
39,241,1157,0,378,397,37.35571025642939,,704.86328125,522.86328125,1,37.35571025642939,37,779.5835997434984,1400.8877040440518,0.3204633204633205,0.5675675675675675,2,0.10810810810810811,2.515151515151515,0.6352494615163407,739.1340674133836,741.3805093556063,874.8116629984961,0.3204633204633205,779.5835997434984,1400.8877040440518,11.97113494704108,2,0.05353933806293443,2.515151515151515,punctate,punctate,0.3204633204633205,True,874.8116629984961
425,524,1158,0,396,393,24.981772667098006,,713.49609375,258.49609375,1,24.981772667098006,25,909.8666387135189,1508.1320449702152,0.5371428571428571,1.0,1,0.0,3.76,0.28426360033802955,886.4081646368687,845.1096569618653,874.8116629984961,0.5371428571428571,909.8666387135189,1508.1320449702152,13.418780746898358,1,0.040029185011239816,3.76,thick,thick,0.5371428571428571,True,874.8116629984961
138,173,1159,0,379,398,49.821152927389385,,722.828125,26.828125,1,49.821152927389385,50,1018.9363665448122,1898.7019874304488,0.7571428571428571,1.0,1,0.0,5.3,0.16556536579985137,1015.1832516270247,938.6441698033335,874.8116629984961,0.7571428571428571,1018.9363665448122,1898.7019874304488,37.72173007359482,1,0.020071795637837314,5.3,thick,thick,0.7571428571428571,True,874.8116629984961
126,173,1160,0,374,398,41.60000449130687,,711.68359375,51.38671875,1,41.60000449130687,42,733.1282440613244,1234.810714151235,0.14625850340136054,0.16666666666666666,6,0.5476190476190477,2.263157894736842,0.6851590633793598,734.6581161972015,715.5633373924153,874.8116629984961,0.14625850340136054,733.1282440613244,1234.810714151235,6.084354398388419,6,0.14423075365902466,2.263157894736842,discontinuous,discontinuous,0.14625850340136054,True,874.8116629984961
398,599,1161,0,366,399,20.75483449996953,,703.8671875,367.8671875,1,20.75483449996953,21,857.5191503106421,1399.1964777275957,0.4489795918367347,1.0,1,0.0,3.142857142857143,0.4839005885657973,834.0867136883585,816.7572001389077,874.8116629984961,0.4489795918367347,857.5191503106421,1399.1964777275957,9.318497122435298,1,0.04818154536483864,3.142857142857143,thick,thick,0.4489795918367347,True,874.8116629984961
241,331,1162,0,397,384,51.283605153642064,,723.75390625,551.24609375,1,51.283605153642064,51,869.2537528681494,1735.3895558531444,0.4677871148459384,0.7647058823529411,2,0.05882352941176472,3.4791666666666665,0.34704718876268503,767.9456690121606,874.810713197196,874.8116629984961,0.4677871148459384,869.2537528681494,1735.3895558531444,23.989809693720517,2,0.03899881831646081,3.4791666666666665,thick,thick,0.4677871148459384,True,874.8116629984961
533,605,1163,0,388,400,54.68973714180372,,723.86328125,700.13671875,1,54.68973714180372,55,800.6884410931118,1741.2526114967714,0.37142857142857144,1.0,1,0.0,2.6,0.44371166655147715,748.6389485999237,751.9177946671626,874.8116629984961,0.37142857142857144,800.6884410931118,1741.2526114967714,20.31333093838424,1,0.018284966289143497,2.6,punctate,punctate,0.37142857142857144,True,874.8116629984961
564,605,1164,0,380,400,38.60471948025966,,723.859375,675.859375,1,38.60471948025966,39,782.4108112274128,1510.9276284836617,0.3443223443223443,0.6666666666666666,2,0.05128205128205132,2.5405405405405403,0.4153025807647475,737.1137575427495,709.9038097446462,874.8116629984961,0.3443223443223443,782.4108112274128,1510.9276284836617,13.29246751334948,2,0.05180713723415839,2.5405405405405403,punctate,punctate,0.3443223443223443,True,874.8116629984961
532,599,1165,0,386,399,41.113955301039276,,722.5,377.7890625,1,41.113955301039276,41,884.4274814192788,1499.6109679030899,0.47735191637630664,1.0,1,0.0,3.341463414634146,0.3656927021861416,858.3444881894476,816.6685609378944,874.8116629984961,0.47735191637630664,884.4274814192788,1499.6109679030899,19.62582535276091,1,0.024322641611052246,3.341463414634146,thick,thick,0.47735191637630664,True,874.8116629984961
205,512,1166,0,394,390,34.89090817487718,,721.171875,749.828125,1,34.89090817487718,35,806.3451594101766,1403.32022196347,0.39183673469387753,0.7428571428571429,2,0.05714285714285716,2.909090909090909,0.3526314766627241,792.1478610891933,746.6216453272357,874.8116629984961,0.39183673469387753,806.3451594101766,1403.32022196347,13.671539529747793,2,0.05732152313077589,2.909090909090909,punctate,punctate,0.39183673469387753,True,874.8116629984961
123,241,1167,0,383,397,66.39089049880543,,732.13671875,513.86328125,1,66.39089049880543,66,863.7513401197382,1821.3734871554063,0.42857142857142855,0.6212121212121212,4,0.10606060606060608,3.3559322033898304,0.5255438197708511,820.0779366887132,826.3287369981582,874.8116629984961,0.42857142857142855,863.7513401197382,1821.3734871554063,28.453238785202327,4,0.060249229524522975,3.3559322033898304,thick_to_reticular,thick_to_reticular,0.42857142857142855,True,874.8116629984961
230,599,1168,0,356,399,11.437839105719469,,714.46875,357.46875,1,11.437839105719469,11,958.7890615041686,1334.2553438208931,0.6623376623376623,1.0,1,0.0,4.636363636363637,0.3931360324659494,901.5707586485053,980.2304737645616,874.8116629984961,0.6623376623376623,958.7890615041686,1334.2553438208931,7.575711615476531,1,0.08742910183969557,4.636363636363637,thick,thick,0.6623376623376623,True,874.8116629984961
330,546,1169,0,369,401,33.36774198916183,,724.16796875,609.16796875,1,33.36774198916183,33,806.1115696179646,1588.6959457707499,0.33766233766233766,0.36363636363636365,3,0.09090909090909094,2.6,0.5121790860368763,751.6335329454414,769.3882800144672,874.8116629984961,0.33766233766233766,806.1115696179646,1588.6959457707499,11.267029762574124,3,0.0899071924307743,2.6,discontinuous,discontinuous,0.33766233766233766,True,874.8116629984961
542,546,1170,0,371,401,20.638620206329257,,713.49609375,626.50390625,1,20.638620206329257,21,784.5862777964621,1297.055680182013,0.24489795918367346,0.5714285714285714,3,0.23809523809523814,2.25,0.7114582486036498,790.0856202460712,733.598804416209,874.8116629984961,0.24489795918367346,784.5862777964621,1297.055680182013,5.054355968896961,3,0.1453585544967773,2.25,discontinuous,discontinuous,0.24489795918367346,True,874.8116629984961
442,611,1171,0,382,387,22.018228843047908,,722.46484375,967.53515625,1,22.018228843047908,22,717.5245123059259,1133.4413638439962,0.15584415584415584,0.36363636363636365,3,0.2727272727272727,1.5,0.3333333333333333,688.2014891205139,684.1529152470566,874.8116629984961,0.15584415584415584,717.5245123059259,1133.4413638439962,3.431412287228245,3,0.13625074121015088,1.5,discontinuous,discontinuous,0.15584415584415584,True,874.8116629984961
546,564,1172,0,401,380,15.41544930215224,,720.28125,641.71875,1,15.41544930215224,15,730.8617767127256,1407.9807633370467,0.20952380952380953,0.6,2,0.2666666666666667,2.0,0.6396021490668313,690.7527489927736,687.0086666850918,874.8116629984961,0.20952380952380953,730.8617767127256,1407.9807633370467,3.2299036633080886,2,0.1297399745410449,2.0,punctate,punctate,0.20952380952380953,True,874.8116629984961
274,536,1173,0,402,376,38.758231132527015,,727.609375,827.609375,1,38.758231132527015,39,774.7858763829794,1269.281212996114,0.22344322344322345,0.20512820512820512,6,0.3076923076923077,2.259259259259259,0.6212227974261121,761.2396306538155,752.7546799419113,874.8116629984961,0.22344322344322345,774.7858763829794,1269.281212996114,8.660264099209334,6,0.15480582639295498,2.259259259259259,reticular,reticular,0.22344322344322345,True,874.8116629984961
274,515,1174,0,402,361,47.552574082879964,,734.83203125,846.17578125,1,47.552574082879964,48,855.2756972784331,1722.0312202910802,0.4583333333333333,0.5833333333333334,2,0.0625,3.422222222222222,0.4200249773713306,819.4009623905973,779.7921273178421,874.8116629984961,0.4583333333333333,855.2756972784331,1722.0312202910802,21.79492978798665,2,0.04205871161704465,3.422222222222222,thick,thick,0.4583333333333333,True,874.8116629984961
599,600,1175,0,399,370,35.685404823276265,,725.5,341.5,1,35.685404823276265,36,828.5859647328721,1343.7709962498716,0.4126984126984127,0.6388888888888888,2,0.08333333333333337,3.1515151515151514,0.3756158650889348,753.0047789674975,825.0208405919834,874.8116629984961,0.4126984126984127,828.5859647328721,1343.7709962498716,14.727309927066393,2,0.05604532188732449,3.1515151515151514,thick,thick,0.4126984126984127,True,874.8116629984961
75,261,1176,0,403,395,87.60472149105242,,747.75,885.25,1,87.60472149105242,88,744.6653211530472,1427.9876223466215,0.2418831168831169,0.2840909090909091,5,0.5,3.3863636363636362,0.6609630950086246,739.0160293164089,712.9101856776302,874.8116629984961,0.2418831168831169,744.6653211530472,1427.9876223466215,21.190103087933135,5,0.057074549349611016,3.3863636363636362,discontinuous,discontinuous,0.2418831168831169,True,874.8116629984961
75,442,1177,0,403,382,17.53769248549356,,728.5,910.2109375,1,17.53769248549356,18,833.7353330215107,1420.288559516817,0.373015873015873,1.0,1,0.0,2.611111111111111,0.36419665465156786,775.681875731371,791.8213714828107,874.8116629984961,0.373015873015873,833.7353330215107,1420.288559516817,6.5418376731602965,1,0.0570200441607217,2.611111111111111,punctate,punctate,0.373015873015873,True,874.8116629984961
22,590,1178,0,404,389,32.54322665962177,,726.5390625,90.46875,1,32.54322665962177,33,799.1902788053328,1345.1219906921058,0.329004329004329,0.5757575757575758,2,0.09090909090909094,2.533333333333333,0.3777026340633506,770.4024258956306,733.2094327686251,874.8116629984961,0.329004329004329,799.1902788053328,1345.1219906921058,10.706862450784653,2,0.06145672096127805,2.533333333333333,punctate,punctate,0.329004329004329,True,874.8116629984961
524,637,1179,0,393,405,51.27241512954372,,723.8984375,227.171875,1,51.27241512954372,51,847.865183276487,1808.4083930232928,0.4117647058823529,1.0,1,0.0,2.8823529411764706,0.23447194475665423,760.9173125451035,763.4007552949284,874.8116629984961,0.4117647058823529,847.865183276487,1808.4083930232928,21.112170935694472,1,0.019503664835631845,2.8823529411764706,thick,thick,0.4117647058823529,True,874.8116629984961
22,126,1180,0,404,374,28.303773512193985,,734.2421875,72.2421875,1,28.303773512193985,28,866.3452811246888,1400.504190846288,0.4336734693877551,1.0,1,0.0,3.0357142857142856,0.39843986404414355,813.287898548793,823.5535046977584,874.8116629984961,0.4336734693877551,866.3452811246888,1400.504190846288,12.27459565579841,1,0.035330978025568734,3.0357142857142856,thick,thick,0.4336734693877551,True,874.8116629984961
85,637,1181,0,375,405,11.808237969775828,,722.5390625,198.46875,1,11.808237969775828,12,970.1257595988831,1648.393376691736,0.5714285714285714,1.0,1,0.0,4.0,0.28867513459481287,827.8531642844351,982.0057794756964,874.8116629984961,0.5714285714285714,970.1257595988831,1648.393376691736,6.7475645541576155,1,0.08468664017100465,4.0,thick,thick,0.5714285714285714,True,874.8116629984961
377,399,1182,0,385,406,14.356393767788944,,723.64453125,1017.35546875,1,14.356393767788944,14,743.4255465455761,1264.6767961977164,0.21428571428571427,0.6428571428571429,2,0.1428571428571429,1.75,0.4123930494211613,669.7424068299049,747.049983499502,874.8116629984961,0.21428571428571427,743.4255465455761,1264.6767961977164,3.0763700930976308,2,0.13931075117815075,1.75,punctate,punctate,0.21428571428571427,True,874.8116629984961
22,645,1183,0,404,391,15.667269177830399,,730.859375,105.8671875,1,15.667269177830399,16,759.7028588529769,1217.2410628446214,0.2767857142857143,0.6875,2,0.1875,2.3846153846153846,0.5587260669577023,743.8515397053105,710.8285623209312,874.8116629984961,0.2767857142857143,759.7028588529769,1217.2410628446214,4.336476290292342,2,0.127654665104628,2.3846153846153846,punctate,punctate,0.2767857142857143,True,874.8116629984961
399,611,1184,0,406,387,31.839077911597347,,734.25,998.25,1,31.839077911597347,32,819.2555048230635,1519.3212502701629,0.30357142857142855,0.4375,4,0.15625,2.5185185185185186,0.4995672868077361,818.495782400879,760.462736615021,874.8116629984961,0.30357142857142855,819.2555048230635,1519.3212502701629,9.665434366020623,4,0.12563177900773956,2.5185185185185186,discontinuous,discontinuous,0.30357142857142855,True,874.8116629984961
555,637,1185,0,392,405,48.47638624043936,,740.53515625,180.46484375,1,48.47638624043936,48,813.5914819216999,2058.0082404291534,0.31547619047619047,0.5625,4,0.10416666666666663,2.4651162790697674,0.4975912073298337,756.8152463291071,761.9612619348947,874.8116629984961,0.31547619047619047,813.5914819216999,2058.0082404291534,15.293145659186226,4,0.08251440155130975,2.4651162790697674,discontinuous,discontinuous,0.31547619047619047,True,874.8116629984961
425,637,1186,0,396,405,14.653546359238737,,731.640625,256.359375,1,14.653546359238737,15,803.7696945409306,1445.427761044424,0.2761904761904762,0.7333333333333333,2,0.19999999999999996,2.4166666666666665,0.4613478675951604,794.0719071151505,745.3650598040743,874.8116629984961,0.2761904761904762,803.7696945409306,1445.427761044424,4.047169946837366,2,0.13648573191560856,2.4166666666666665,punctate,punctate,0.2761904761904762,True,874.8116629984961
14,164,1188,0,407,381,48.21937127446264,,740.6484375,431.3515625,1,48.21937127446264,48,842.8068780902586,1652.292564912537,0.33035714285714285,0.4791666666666667,6,0.20833333333333337,2.9210526315789473,0.5348802741908972,816.7907798130868,793.3424868923363,874.8116629984961,0.33035714285714285,842.8068780902586,1652.292564912537,15.929613724599264,6,0.1244313196422295,2.9210526315789473,reticular,reticular,0.33035714285714285,True,874.8116629984961
546,581,1189,0,401,408,42.545740673442104,,740.5,632.5,1,42.545740673442104,43,739.0847185787437,1436.3384761493808,0.17940199335548174,0.37209302325581395,3,0.41860465116279066,2.16,0.4475202212442434,710.0024448785742,699.4466578526989,874.8116629984961,0.17940199335548174,739.0847185787437,1436.3384761493808,7.632790685600909,3,0.07051234630104018,2.16,discontinuous,discontinuous,0.17940199335548174,True,874.8116629984961
564,581,1190,0,380,408,32.00897057177929,,734.86328125,658.13671875,1,32.00897057177929,32,846.3805795691302,1618.4723591311736,0.45089285714285715,1.0,1,0.0,3.15625,0.5139939545511846,827.5529469446133,771.4304468292958,874.8116629984961,0.45089285714285715,846.3805795691302,1618.4723591311736,14.432616195311196,1,0.031241242131093406,3.15625,thick,thick,0.45089285714285715,True,874.8116629984961
381,442,1191,0,409,382,72.71639531429861,,739.1328125,937.1328125,1,72.71639531429861,73,765.3505541422755,1431.768902185733,0.25048923679060664,0.3013698630136986,7,0.4931506849315068,3.4594594594594597,0.5686512620336825,741.804447536866,744.5347871618175,874.8116629984961,0.25048923679060664,765.3505541422755,1431.768902185733,18.214674364442704,7,0.09626439772962113,3.4594594594594597,reticular,reticular,0.25048923679060664,True,874.8116629984961
14,532,1192,0,407,386,29.692023695930228,,739.46875,406.46875,1,29.692023695930228,30,959.1927901952691,1645.1057468787808,0.6190476190476191,1.0,1,0.0,4.333333333333333,0.2619905594757908,926.2165278962564,923.4307223583619,874.8116629984961,0.6190476190476191,959.1927901952691,1645.1057468787808,18.380776573671096,1,0.03367907860510923,4.333333333333333,thick,thick,0.6190476190476191,True,874.8116629984961
459,599,1193,0,365,399,12.64140072502563,,734.171875,322.171875,1,12.64140072502563,13,803.1551150980442,1454.167888585222,0.23076923076923078,0.23076923076923078,2,0.6153846153846154,4.2,0.23328473740792172,731.5187359553661,822.0867129115111,874.8116629984961,0.23076923076923078,803.1551150980442,1454.167888585222,2.917246321159761,2,0.15821031573191785,4.2,punctate,punctate,0.23076923076923078,True,874.8116629984961
637,645,1194,0,405,391,59.43254373107704,,745.1328125,138.1328125,1,59.43254373107704,59,525.4350836550326,1052.795047008654,0.021791767554479417,0.03389830508474576,2,0.9491525423728814,3.0,0.0,528.2384407228342,519.5153998827093,874.8116629984961,0.021791767554479417,525.4350836550326,1052.795047008654,1.2951401781590637,2,0.03365159682630592,3.0,discontinuous,discontinuous,0.021791767554479417,False,874.8116629984961
331,546,1195,0,384,401,36.07503585644584,,745.86328125,598.13671875,1,36.07503585644584,36,784.194296239376,1577.1940604417014,0.30952380952380953,1.0,1,0.0,2.1666666666666665,0.5044183480232308,736.585625508298,704.656030864073,874.8116629984961,0.30952380952380953,784.194296239376,1577.1940604417014,11.16608252699514,1,0.02772000016796439,2.1666666666666665,punctate,punctate,0.30952380952380953,True,874.8116629984961
205,424,1196,0,394,410,46.68465104297631,,732.89453125,770.89453125,1,46.68465104297631,47,704.539814572825,1226.300608735712,0.08814589665653495,0.10638297872340426,7,0.7021276595744681,2.0714285714285716,0.6695340634119862,668.105970139912,708.5906913473179,874.8116629984961,0.08814589665653495,704.539814572825,1226.300608735712,4.1150604262805865,7,0.14994221534516852,2.0714285714285716,discontinuous,discontinuous,0.08814589665653495,True,874.8116629984961
22,173,1197,0,404,398,25.1291488007621,,733.90234375,48.10546875,1,25.1291488007621,25,717.9347712177109,1118.043979515347,0.24,0.36,3,0.07999999999999996,1.826086956521739,0.3086066999241839,700.2665399590286,659.8717773582041,874.8116629984961,0.24,717.9347712177109,1118.043979515347,6.030995712182904,3,0.1193832717449235,1.826086956521739,discontinuous,discontinuous,0.24,True,874.8116629984961
191,205,1198,0,411,394,2.8339460121886586,,732.5,795.5,1,2.8339460121886586,3,894.1814454550318,1233.4125569259033,0.6190476190476191,1.0,1,0.0,4.333333333333333,0.10878565864408424,861.6555629262207,909.4133899526496,874.8116629984961,0.6190476190476191,894.1814454550318,1233.4125569259033,1.754347531354884,1,0.3528648731129847,4.333333333333333,thick,thick,0.6190476190476191,True,874.8116629984961
191,536,1199,0,411,376,23.532650782779573,,738.10546875,804.89453125,1,23.532650782779573,24,708.5283262357997,1401.0376875137636,0.1488095238095238,0.16666666666666666,3,0.5833333333333333,2.5,0.5727128425310541,671.7399796919431,684.4029271804155,874.8116629984961,0.1488095238095238,708.5283262357997,1401.0376875137636,3.501882556961246,3,0.12748245098657998,2.5,discontinuous,discontinuous,0.1488095238095238,True,874.8116629984961
381,611,1200,0,409,387,27.788893621650768,,740.71875,974.71875,1,27.788893621650768,28,701.2160608403041,1089.6258411832193,0.05102040816326531,0.10714285714285714,2,0.8214285714285714,2.0,0.31622776601683794,712.0507824535283,658.6406922576781,874.8116629984961,0.05102040816326531,701.2160608403041,1089.6258411832193,1.417800694982182,2,0.07197119925788512,2.0,discontinuous,discontinuous,0.05102040816326531,True,874.8116629984961
191,424,1201,0,411,410,61.25813650039693,,761.50390625,792.49609375,1,61.25813650039693,61,695.3051852051123,1610.5727444379013,0.14285714285714285,0.13114754098360656,6,0.5573770491803278,2.259259259259259,0.6441600886684754,667.4997648922746,667.7905340818673,874.8116629984961,0.14285714285714285,695.3051852051123,1610.5727444379013,8.751162357199561,6,0.09794617242333388,2.259259259259259,discontinuous,discontinuous,0.14285714285714285,True,874.8116629984961
54,425,1202,0,412,396,26.215429834708036,,740.85546875,269.86328125,1,26.215429834708036,26,889.0648481851841,1441.558274651201,0.5494505494505495,1.0,1,0.0,3.8461538461538463,0.28565713714171403,860.0384554203672,839.5105731650401,874.8116629984961,0.5494505494505495,889.0648481851841,1441.558274651201,14.404082326762659,1,0.03814547410838351,3.8461538461538463,thick,thick,0.5494505494505495,True,874.8116629984961
75,381,1203,0,403,409,54.64408690005782,,758.28515625,907.28515625,1,54.64408690005782,55,869.8476641450557,1621.2812001686373,0.4597402597402597,0.4727272727272727,3,0.09090909090909094,3.54,0.384056144618245,848.8993367164674,838.7651930054091,874.8116629984961,0.4597402597402597,869.8476641450557,1621.2812001686373,25.122086704701907,3,0.05490072522369892,3.54,thick,thick,0.4597402597402597,True,874.8116629984961
424,512,1204,0,410,390,23.80953819751689,,747.49609375,745.49609375,1,23.80953819751689,24,662.8049755311737,1060.291297898952,0.07142857142857142,0.16666666666666666,4,0.7083333333333333,1.7142857142857142,0.4082482904638631,638.810644151324,628.4791751037336,874.8116629984961,0.07142857142857142,662.8049755311737,1060.291297898952,1.7006812998226348,4,0.16799989847838218,1.7142857142857142,discontinuous,discontinuous,0.07142857142857142,True,874.8116629984961
54,637,1205,0,412,405,16.407661490774633,,746.5,257.5,1,16.407661490774633,16,860.6783354111676,1405.448941975897,0.4375,0.75,2,0.0625,3.2666666666666666,0.42515646236733995,812.3364050724157,821.8592686650217,874.8116629984961,0.4375,860.6783354111676,1405.448941975897,7.178351902213902,2,0.12189427488643154,3.2666666666666666,thick,thick,0.4375,True,874.8116629984961
54,459,1206,0,412,365,39.30493150843224,,749.24609375,297.75390625,1,39.30493150843224,39,779.4313351306599,1480.3863688895415,0.3076923076923077,0.46153846153846156,3,0.07692307692307687,2.3333333333333335,0.46291004988627577,738.4095081975457,717.6429147183533,874.8116629984961,0.3076923076923077,779.4313351306599,1480.3863688895415,12.093825079517613,3,0.07632630015794324,2.3333333333333335,discontinuous,discontinuous,0.3076923076923077,True,874.8116629984961
173,492,1207,0,398,413,31.689487386487645,,744.75390625,24.75390625,1,31.689487386487645,32,807.468002818778,1188.796925682825,0.41517857142857145,1.0,1,0.0,2.90625,0.5464862692289489,761.0049767454396,811.7927181527259,874.8116629984961,0.41517857142857145,807.468002818778,1188.796925682825,13.156796102425675,1,0.031556206252373736,2.90625,thick,thick,0.41517857142857145,True,874.8116629984961
483,599,1208,0,414,399,49.987879175098634,,745.72265625,345.27734375,1,49.987879175098634,50,890.5584288824933,1807.651463895768,0.48,1.0,1,0.0,3.36,0.4444798738712969,827.6347638937726,840.4589916565528,874.8116629984961,0.48,890.5584288824933,1807.651463895768,23.994182004047342,1,0.020004849505560703,3.36,thick,thick,0.48,True,874.8116629984961
22,637,1209,0,404,405,36.68433661209916,,752.8671875,98.8671875,1,36.68433661209916,37,665.2450984647614,1315.5570883697746,0.12355212355212356,0.13513513513513514,6,0.43243243243243246,1.5238095238095237,0.43526213366200367,643.1838669913504,615.8881816071176,874.8116629984961,0.12355212355212356,665.2450984647614,1315.5570883697746,4.532427689525765,6,0.1635575440124244,1.5238095238095237,discontinuous,discontinuous,0.12355212355212356,True,874.8116629984961
459,483,1210,0,365,414,19.57015691659827,,748.171875,318.171875,1,19.57015691659827,20,908.224697905404,1327.5763448004604,0.6928571428571428,1.0,1,0.0,4.85,0.24634645660512416,933.1645060923258,834.5751440558897,874.8116629984961,0.6928571428571428,908.224697905404,1327.5763448004604,13.559323006500229,1,0.051098210620470715,4.85,thick,thick,0.6928571428571428,True,874.8116629984961
36,138,1211,0,415,379,14.124249268759064,,741.49609375,6.50390625,1,14.124249268759064,14,849.3547379333583,1289.0129681758963,0.5,1.0,1,0.0,3.5,0.31943828249996997,758.7802225311237,857.1552353161658,874.8116629984961,0.5,849.3547379333583,1289.0129681758963,7.062124634379532,1,0.07080022314615088,3.5,thick,thick,0.5,True,874.8116629984961
22,492,1213,0,404,413,42.83718626939043,,760.72265625,46.27734375,1,42.83718626939043,43,548.6749753784941,1063.9233260919812,0.029900332225913623,0.06976744186046512,2,0.9069767441860466,2.25,0.48432210483785265,537.572459072666,544.3350156072594,874.8116629984961,0.029900332225913623,548.6749753784941,1063.9233260919812,1.2808461010781191,2,0.04668840729693566,2.25,discontinuous,discontinuous,0.029900332225913623,False,874.8116629984961
581,605,1214,0,408,400,24.789956973648543,,750.75,680.25,1,24.789956973648543,25,731.917853833311,1341.8555347553104,0.25142857142857145,1.0,1,0.0,1.76,0.462431589758541,676.4626467934826,680.332092773884,874.8116629984961,0.25142857142857145,731.917853833311,1341.8555347553104,6.232903467660206,1,0.04033891632256519,1.76,punctate,punctate,0.25142857142857145,True,874.8116629984961
36,173,1215,0,415,398,13.302366471314501,,748.35546875,14.35546875,1,13.302366471314501,13,883.7704110493992,1324.5052066078104,0.5054945054945055,1.0,1,0.0,3.5384615384615383,0.4380313408610845,879.1362395754289,828.930573175197,874.8116629984961,0.5054945054945055,883.7704110493992,1324.5052066078104,6.724273161323814,1,0.0751745940962024,3.5384615384615383,thick,thick,0.5054945054945055,True,874.8116629984961
191,274,1216,0,411,402,30.864436390750132,,752.46875,825.53125,1,30.864436390750132,31,826.7498457492611,1480.323117878358,0.391705069124424,0.7096774193548387,2,0.06451612903225812,2.9310344827586206,0.3094810926580213,792.8071387413448,779.1427323967521,874.8116629984961,0.391705069124424,826.7498457492611,1480.323117878358,12.089756189925168,2,0.06479949851277332,2.9310344827586206,punctate,punctate,0.391705069124424,True,874.8116629984961
161,637,1217,0,416,405,108.8217984903304,,749.859375,203.859375,1,108.8217984903304,109,809.5036652954332,1718.8059981502256,0.34600262123197906,0.5229357798165137,4,0.14678899082568808,2.838709677419355,0.40112187715279074,773.2789812542424,749.3355257617186,874.8116629984961,0.34600262123197906,809.5036652954332,1718.8059981502256,37.65262752483254,4,0.03675734141037403,2.838709677419355,discontinuous,discontinuous,0.34600262123197906,True,874.8116629984961
566,599,1218,0,417,399,21.436917224324983,,748.46875,373.46875,1,21.436917224324983,21,929.3715579949259,1503.1470077511858,0.6190476190476191,1.0,1,0.0,4.333333333333333,0.37233130430983336,887.1342532576533,910.0652555346929,874.8116629984961,0.6190476190476191,929.3715579949259,1503.1470077511858,13.270472567439276,1,0.046648498454118954,4.333333333333333,thick,thick,0.6190476190476191,True,874.8116629984961
532,566,1219,0,386,417,25.07265338180775,,749.86328125,392.13671875,1,25.07265338180775,25,845.5183308554477,1542.1296096443675,0.48,1.0,1,0.0,3.36,0.4113607748374047,815.4656550261884,816.1180884543164,874.8116629984961,0.48,845.5183308554477,1542.1296096443675,12.03487362326772,1,0.039884091435076485,3.36,thick,thick,0.48,True,874.8116629984961
381,399,1220,0,409,406,14.054187708353727,,750.71484375,988.28515625,1,14.054187708353727,14,853.4180456352657,1815.4226400689465,0.2857142857142857,0.35714285714285715,4,0.3571428571428571,3.111111111111111,0.7016743822995893,900.9792072250591,770.9042675664678,874.8116629984961,0.2857142857142857,853.4180456352657,1815.4226400689465,4.015482202386779,4,0.28461267794384326,3.111111111111111,discontinuous,discontinuous,0.2857142857142857,True,874.8116629984961
331,595,1221,0,384,418,46.35179622428343,,756.28125,577.71875,1,46.35179622428343,46,883.1420106960773,1625.7150466093863,0.468944099378882,0.9347826086956522,2,0.021739130434782594,3.3555555555555556,0.3151093312151078,790.4457845816137,874.6471950305174,874.8116629984961,0.468944099378882,883.1420106960773,1625.7150466093863,21.736401334990056,2,0.04314827391634527,3.3555555555555556,thick,thick,0.468944099378882,True,874.8116629984961
115,533,1222,0,419,388,2.0,,747.5,714.5,1,2.0,2,1336.2857142857142,2081.0,0.7857142857142857,1.0,1,0.0,5.5,0.09090909090909091,1352.2916666666667,1083.2708333333333,874.8116629984961,0.7857142857142857,1336.2857142857142,2081.0,1.5714285714285714,1,0.5,5.5,thick,thick,0.7857142857142857,True,874.8116629984961
115,512,1223,0,419,390,24.94786055690158,,752.86328125,727.13671875,1,24.94786055690158,25,749.6739238860648,1609.1843552777846,0.21142857142857144,0.4,3,0.4,2.466666666666667,0.46499055497527714,725.8241042576878,731.1156373930564,874.8116629984961,0.21142857142857144,749.6739238860648,1609.1843552777846,5.274690517744906,3,0.12025079237386067,2.466666666666667,discontinuous,discontinuous,0.21142857142857144,True,874.8116629984961
241,595,1224,0,397,418,27.09036975199303,,752.5,547.5,1,27.09036975199303,27,956.2632507234008,1457.86699058884,0.5767195767195767,1.0,1,0.0,4.037037037037037,0.42894200835086094,894.617450120278,923.6414333567295,874.8116629984961,0.5767195767195767,956.2632507234008,1457.86699058884,15.623546576546246,1,0.03691348656938986,4.037037037037037,thick,thick,0.5767195767195767,True,874.8116629984961
115,605,1225,0,419,400,30.671129055017374,,757.27734375,704.27734375,1,30.671129055017374,31,748.7017749300201,1928.7539676849829,0.1935483870967742,0.3548387096774194,4,0.22580645161290325,1.75,0.6851187890446742,720.8753055416327,726.5254722380334,874.8116629984961,0.1935483870967742,748.7017749300201,1928.7539676849829,5.936347559035621,4,0.1304158054574667,1.75,discontinuous,discontinuous,0.1935483870967742,True,874.8116629984961
54,161,1226,0,412,416,34.987707200310695,,764.75,247.75,1,34.987707200310695,35,954.8258366647271,1729.4042123490876,0.6285714285714286,1.0,1,0.0,4.4,0.34872004109344296,924.4800848318457,914.4862522504053,874.8116629984961,0.6285714285714286,954.8258366647271,1729.4042123490876,21.99227309733815,1,0.028581467035688462,4.4,thick,thick,0.6285714285714286,True,874.8116629984961
14,566,1227,0,407,417,26.41421279127992,,767.5,403.5,1,26.41421279127992,26,715.4983421313918,1422.0919049023503,0.18681318681318682,0.3076923076923077,3,0.42307692307692313,2.2666666666666666,0.7107674102114454,684.996192185096,687.6332509688365,874.8116629984961,0.18681318681318682,715.4983421313918,1422.0919049023503,4.934523268700644,3,0.11357521890602718,2.2666666666666666,discontinuous,discontinuous,0.18681318681318682,True,874.8116629984961
36,492,1228,0,415,413,48.08751741172615,,774.3515625,8.6484375,1,48.08751741172615,48,718.511043669593,1381.7943130566894,0.14583333333333334,0.3333333333333333,6,0.4375,1.8148148148148149,0.4982267598258654,675.5049583566597,699.4962635390375,874.8116629984961,0.14583333333333334,718.511043669593,1381.7943130566894,7.01276295587673,6,0.12477250486083316,1.8148148148148149,discontinuous,discontinuous,0.14583333333333334,True,874.8116629984961
483,566,1229,0,414,417,60.115352857904895,,785.46484375,365.53515625,1,60.115352857904895,60,767.6279971768678,1512.017460000442,0.3142857142857143,0.7666666666666667,3,0.050000000000000044,2.3157894736842106,0.4136946345901832,708.6806840958982,724.9024090028827,874.8116629984961,0.3142857142857143,767.6279971768678,1512.017460000442,18.893396612484395,3,0.04990405707325918,2.3157894736842106,discontinuous,discontinuous,0.3142857142857143,True,874.8116629984961
123,595,1230,0,383,418,15.374605462712125,,763.10546875,533.09765625,1,15.374605462712125,15,996.7164297246036,1598.9549875469243,0.7238095238095238,1.0,1,0.0,5.066666666666666,0.2544615737607068,954.0295498671616,973.1255563257284,874.8116629984961,0.7238095238095238,996.7164297246036,1598.9549875469243,11.128285858724967,1,0.06504231945497983,5.066666666666666,thick,thick,0.7238095238095238,True,874.8116629984961
115,424,1231,0,419,410,24.65047126092736,,766.1328125,742.8671875,1,24.65047126092736,25,641.028536310858,1019.4997181290094,0.06285714285714286,0.16,3,0.72,1.5714285714285714,0.46354722850843494,622.1404044870059,621.968859504987,874.8116629984961,0.06285714285714286,641.028536310858,1019.4997181290094,1.5494581935440057,3,0.12170152725458032,1.5714285714285714,discontinuous,discontinuous,0.06285714285714286,True,874.8116629984961
157,381,1232,0,420,409,40.350097129180284,,759.6484375,968.6484375,1,40.350097129180284,40,743.0485550351292,1596.030425750654,0.17857142857142858,0.325,6,0.375,2.0,0.7348469228349535,716.7384727488386,711.076484897226,874.8116629984961,0.17857142857142858,743.0485550351292,1596.030425750654,7.205374487353622,6,0.1486985268162077,2.0,reticular,reticular,0.17857142857142858,True,874.8116629984961
54,483,1233,0,412,414,11.932076463521124,,761.83203125,318.09765625,1,11.932076463521124,12,982.362627278629,1542.0341931202886,0.7142857142857143,1.0,1,0.0,5.0,0.31622776601683794,892.8682833853924,1012.8043533468964,874.8116629984961,0.7142857142857143,982.362627278629,1542.0341931202886,8.522911759657946,1,0.08380770966874132,5.0,thick,thick,0.7142857142857143,True,874.8116629984961
157,399,1234,0,420,406,37.13484058681986,,761.24609375,1006.75390625,1,37.13484058681986,37,888.7549835863157,1691.999490682662,0.49034749034749037,0.972972972972973,1,0.027027027027026973,3.5277777777777777,0.4090700852869461,906.4377277577926,797.9375255698684,874.8116629984961,0.49034749034749037,888.7549835863157,1691.999490682662,18.208975886201245,1,0.02692888899474437,3.5277777777777777,thick,thick,0.49034749034749037,True,874.8116629984961
94,164,1235,0,421,381,46.80381253155545,,761.50390625,460.49609375,1,46.80381253155545,47,793.8417545238897,1420.0045611260518,0.3708206686930091,1.0,1,0.0,2.595744680851064,0.38655167614923275,745.8045141160949,735.9155312282752,874.8116629984961,0.3708206686930091,793.8417545238897,1420.0045611260518,17.355821060333632,1,0.02136578081808599,2.595744680851064,punctate,punctate,0.3708206686930091,True,874.8116629984961
94,123,1236,0,421,383,9.790866035010296,,760.86328125,486.13671875,1,9.790866035010296,10,1120.891636073683,2295.8096582038797,0.7285714285714285,1.0,1,0.0,5.1,0.2047118923315794,1098.3613895600665,1002.9625006561837,874.8116629984961,0.7285714285714285,1120.891636073683,2295.8096582038797,7.13334525407893,1,0.10213601089262053,5.1,thick,thick,0.7285714285714285,True,874.8116629984961
261,274,1237,0,395,402,23.715009762101268,,770.46484375,854.53515625,1,23.715009762101268,24,821.744477309577,2216.0187349332336,0.27380952380952384,0.4166666666666667,4,0.29166666666666663,2.7058823529411766,0.8575253444920008,808.5598140871031,740.7016261867462,874.8116629984961,0.27380952380952384,821.744477309577,2216.0187349332336,6.493395530099157,4,0.168669548953438,2.7058823529411766,discontinuous,discontinuous,0.27380952380952384,True,874.8116629984961
115,581,1238,0,419,408,18.23489787044816,,768.13671875,685.86328125,1,18.23489787044816,18,781.0724503140583,1343.1793844504634,0.3333333333333333,1.0,1,0.0,2.3333333333333335,0.4517539514526256,727.2490388169648,734.0309052691197,874.8116629984961,0.3333333333333333,781.0724503140583,1343.1793844504634,6.078299290149387,1,0.05483990133120624,2.3333333333333335,punctate,punctate,0.3333333333333333,True,874.8116629984961
357,546,1239,0,422,401,31.21401287873038,,765.859375,613.140625,1,31.21401287873038,31,717.623186217408,1339.085221304014,0.19815668202764977,0.3548387096774194,4,0.3870967741935484,2.263157894736842,0.533364880985103,677.7626508795574,684.0132490891958,874.8116629984961,0.19815668202764977,717.623186217408,1339.085221304014,6.185265224817541,4,0.12814757319222003,2.263157894736842,discontinuous,discontinuous,0.19815668202764977,True,874.8116629984961
348,546,1240,0,423,401,7.2585853866411085,,764.71875,631.71875,1,7.2585853866411085,7,763.1488173193156,1165.7736157022448,0.22448979591836735,0.42857142857142855,2,0.4285714285714286,2.75,0.39626354032187944,776.586283588047,699.431396141836,874.8116629984961,0.22448979591836735,763.1488173193156,1165.7736157022448,1.629478352103106,2,0.2755357819005412,2.75,punctate,punctate,0.22448979591836735,True,874.8116629984961
348,581,1241,0,423,408,52.186348531449156,,772.86328125,656.13671875,1,52.186348531449156,52,777.3659081488396,1447.4003722845182,0.33516483516483514,1.0,1,0.0,2.3461538461538463,0.3000492658643135,741.6952509951386,723.2399206333859,874.8116629984961,0.33516483516483514,777.3659081488396,1447.4003722845182,17.491028903397794,1,0.019162099440572435,2.3461538461538463,punctate,punctate,0.33516483516483514,True,874.8116629984961
331,357,1242,0,384,422,6.432767167439315,,766.24609375,596.24609375,1,6.432767167439315,6,812.8461651980112,1417.4831583276173,0.38095238095238093,1.0,1,0.0,2.6666666666666665,0.41457809879442503,776.5885556898926,745.7924891021627,874.8116629984961,0.38095238095238093,812.8461651980112,1417.4831583276173,2.4505779685483104,1,0.15545409525494594,2.6666666666666665,punctate,punctate,0.38095238095238093,True,874.8116629984961
14,94,1243,0,407,421,24.839032467109742,,776.5,434.5,1,24.839032467109742,25,707.7880493151215,1273.0384312767198,0.12571428571428572,0.16,2,0.76,3.6666666666666665,0.3015113445777637,649.3893724482689,736.6223804575269,874.8116629984961,0.12571428571428572,707.7880493151215,1273.0384312767198,3.1226212244366534,2,0.08051843414787883,3.6666666666666665,discontinuous,discontinuous,0.12571428571428572,True,874.8116629984961
54,116,1245,0,412,424,132.0006455789805,,783.49609375,262.49609375,1,132.0006455789805,132,842.7365683428374,1551.3374408544923,0.3906926406926407,0.3484848484848485,7,0.18939393939393945,3.3738317757009346,0.45219432526120473,800.5638916421393,817.6319247373082,874.8116629984961,0.3906926406926407,842.7365683428374,1551.3374408544923,51.571680794385244,7,0.053030043673624766,3.3738317757009346,reticular,reticular,0.3906926406926407,True,874.8116629984961
123,195,1246,0,383,425,43.27394802287925,,771.5,505.5,1,43.27394802287925,43,853.1061121111094,2114.301980161198,0.34219269102990035,0.3488372093023256,3,0.2325581395348837,3.121212121212121,0.49103567442337065,818.3888851701045,808.3229588839299,874.8116629984961,0.34219269102990035,853.1061121111094,2114.301980161198,14.808028725437088,3,0.06932577536983402,3.121212121212121,discontinuous,discontinuous,0.34219269102990035,True,874.8116629984961
94,195,1247,0,421,425,39.99725939778492,,775.28515625,474.28515625,1,39.99725939778492,40,922.7075923940412,1923.92612902085,0.46785714285714286,0.6,3,0.125,3.742857142857143,0.46646156083823476,901.4753995212311,872.2934669627945,874.8116629984961,0.46785714285714286,922.7075923940412,1923.92612902085,18.71300350396366,3,0.07500513898125086,3.742857142857143,thick,thick,0.46785714285714286,True,874.8116629984961
348,357,1248,0,423,422,48.80324204513029,,790.86328125,636.13671875,1,48.80324204513029,49,746.2916640006616,1180.1606929145526,0.23615160349854228,0.30612244897959184,5,0.26530612244897955,2.25,0.5580192286414579,716.8490067798,716.5301227075248,874.8116629984961,0.23615160349854228,746.2916640006616,1180.1606929145526,11.524963864884995,5,0.10245220994491108,2.25,discontinuous,discontinuous,0.23615160349854228,True,874.8116629984961
10,191,1249,0,426,411,33.073856845004094,,777.75390625,818.75390625,1,33.073856845004094,33,619.7212579698,1138.98143032111,0.03896103896103896,0.06060606060606061,2,0.8787878787878788,2.25,0.5773502691896257,641.2259014234166,596.4272805393306,874.8116629984961,0.03896103896103896,619.7212579698,1138.98143032111,1.2885918251300297,2,0.06047072191709344,2.25,discontinuous,discontinuous,0.03896103896103896,False,874.8116629984961
10,274,1250,0,426,402,18.977394685481613,,774.13671875,836.86328125,1,18.977394685481613,19,785.3145583414125,1975.5556218048425,0.2932330827067669,0.47368421052631576,2,0.26315789473684215,2.7857142857142856,0.3880191269338861,764.3660317419904,720.7429751012246,874.8116629984961,0.2932330827067669,785.3145583414125,1975.5556218048425,5.564799945366788,2,0.1053885442731542,2.7857142857142856,punctate,punctate,0.2932330827067669,True,874.8116629984961
116,483,1251,0,424,414,9.076881889455551,,769.90234375,320.09765625,1,9.076881889455551,9,897.9575027442158,1447.9628162572847,0.4444444444444444,0.5555555555555556,2,0.11111111111111116,3.5,0.5714285714285714,893.8950058227888,851.0414628490281,874.8116629984961,0.4444444444444444,897.9575027442158,1447.9628162572847,4.034169728646911,2,0.2203399828660725,3.5,thick,thick,0.4444444444444444,True,874.8116629984961
195,595,1252,0,425,418,11.243019536528703,,772.28515625,532.71484375,1,11.243019536528703,11,894.4762984047566,1586.0223608288193,0.45454545454545453,1.0,1,0.0,3.1818181818181817,0.3499271061118826,846.2902971248573,821.057366833823,874.8116629984961,0.45454545454545453,894.4762984047566,1586.0223608288193,5.1104634256948644,1,0.08894407741185437,3.1818181818181817,thick,thick,0.45454545454545453,True,874.8116629984961
357,595,1253,0,422,418,41.52559722276402,,790.609375,596.390625,1,41.52559722276402,42,855.74477099776,1606.697143847585,0.45918367346938777,1.0,1,0.0,3.2142857142857144,0.42687494916218993,808.2192056037325,822.6614620183542,874.8116629984961,0.45918367346938777,855.74477099776,1606.697143847585,19.06787627575899,1,0.024081532039996946,3.2142857142857144,thick,thick,0.45918367346938777,True,874.8116629984961
22,427,1254,0,404,427,22.56926731724178,,774.83203125,82.83203125,1,22.56926731724178,23,685.2230817439582,1139.645090385667,0.11801242236024845,0.21739130434782608,4,0.5652173913043479,1.9,0.3684210526315789,658.306145383354,667.7902638712277,874.8116629984961,0.11801242236024845,685.2230817439582,1139.645090385667,2.6634539070036887,4,0.17723216016605917,1.9,discontinuous,discontinuous,0.11801242236024845,True,874.8116629984961
427,637,1255,0,427,405,35.37645895313162,,779.49609375,107.50390625,1,35.37645895313162,35,645.770583009281,973.2286367447981,0.04081632653061224,0.11428571428571428,5,0.7142857142857143,1.0,0.0,618.6028883707253,627.0804070163706,874.8116629984961,0.04081632653061224,645.770583009281,973.2286367447981,1.443937100127821,5,0.1413369270967519,1.0,discontinuous,discontinuous,0.04081632653061224,False,874.8116629984961
90,116,1256,0,428,424,28.68850921188781,,783.72265625,310.72265625,1,28.68850921188781,29,732.0358733273212,1314.7165752277472,0.23645320197044334,0.3103448275862069,3,0.4137931034482759,2.823529411764706,0.633963502279289,691.970584529617,702.7483833657042,874.8116629984961,0.23645320197044334,732.0358733273212,1314.7165752277472,6.783489862909432,3,0.10457148462621663,2.823529411764706,discontinuous,discontinuous,0.23645320197044334,True,874.8116629984961
381,640,1257,0,409,429,44.23539150723356,,777.24609375,938.24609375,1,44.23539150723356,44,634.8684223120697,1014.8443833525458,0.02922077922077922,0.06818181818181818,5,0.7954545454545454,1.0,0.0,605.6416034787584,614.3751336071396,874.8116629984961,0.02922077922077922,634.8684223120697,1014.8443833525458,1.2925926089776039,5,0.1130316660401294,1.0,discontinuous,discontinuous,0.02922077922077922,False,874.8116629984961
90,483,1258,0,428,414,78.4083073456101,,800.828125,343.171875,1,78.4083073456101,78,734.9020804781458,1674.9765702642392,0.18864468864468864,0.1794871794871795,9,0.42307692307692313,2.2888888888888888,0.6807203162313827,704.5481369065491,710.3067460496453,874.8116629984961,0.18864468864468864,734.9020804781458,1674.9765702642392,14.79131072636967,9,0.1147837557611029,2.2888888888888888,reticular,reticular,0.18864468864468864,True,874.8116629984961
115,348,1259,0,419,423,7.358354674711832,,778.46875,683.53125,1,7.358354674711832,7,791.8247135399062,1177.816804506594,0.3673469387755102,1.0,1,0.0,2.5714285714285716,0.6186404847588912,739.8234276802742,772.2087672821186,874.8116629984961,0.3673469387755102,791.8247135399062,1177.816804506594,2.7030690641798567,1,0.13589994560015714,2.5714285714285716,punctate,punctate,0.3673469387755102,True,874.8116629984961
161,332,1260,0,416,430,48.00406751233684,,775.8984375,192.1015625,1,48.00406751233684,48,849.3426440849331,1901.9807090365262,0.4107142857142857,0.8333333333333334,2,0.02083333333333337,2.9361702127659575,0.49879080838704415,834.3311763163596,778.1969015686956,874.8116629984961,0.4107142857142857,849.3426440849331,1901.9807090365262,19.715956299709774,2,0.04166313613916172,2.9361702127659575,thick,thick,0.4107142857142857,True,874.8116629984961
70,161,1261,0,431,416,35.702954158118445,,785.0234375,221.0234375,1,35.702954158118445,36,830.9646023812109,1800.651030346823,0.3968253968253968,0.7777777777777778,2,0.08333333333333337,3.0303030303030303,0.3298484500494128,754.9527578845912,779.8262571886413,874.8116629984961,0.3968253968253968,830.9646023812109,1800.651030346823,14.167838951634304,2,0.056017773519315986,3.0303030303030303,punctate,punctate,0.3968253968253968,True,874.8116629984961
54,70,1262,0,412,431,49.357832828608714,,802.1015625,239.8984375,1,49.357832828608714,49,865.8069694960145,1720.0316956072,0.39067055393586003,0.4489795918367347,3,0.24489795918367352,3.6216216216216215,0.5346117817484274,862.2022640513264,808.7879505936776,874.8116629984961,0.39067055393586003,865.8069694960145,1720.0316956072,19.282651892226145,3,0.06078062645937616,3.6216216216216215,discontinuous,discontinuous,0.39067055393586003,True,874.8116629984961
332,637,1263,0,430,405,11.948345799777325,,779.3515625,164.3515625,1,11.948345799777325,12,705.1857083597117,1322.005304775753,0.17857142857142858,0.4166666666666667,2,0.5,2.5,0.30550504633038933,678.85847538854,663.9178786189835,874.8116629984961,0.17857142857142858,705.1857083597117,1322.005304775753,2.133633178531665,2,0.1673871876086205,2.5,punctate,punctate,0.17857142857142858,True,874.8116629984961
157,640,1264,0,420,429,20.06495812381119,,787.35546875,961.64453125,1,20.06495812381119,20,733.7463024121894,1448.0588429010604,0.20714285714285716,0.55,3,0.25,1.9333333333333333,0.44159477499536887,701.0230405985901,674.2784741695513,874.8116629984961,0.20714285714285716,733.7463024121894,1448.0588429010604,4.156312754218033,3,0.14951439128297428,1.9333333333333333,discontinuous,discontinuous,0.20714285714285716,True,874.8116629984961
318,595,1265,0,432,418,43.54057907348015,,786.8671875,554.1328125,1,43.54057907348015,44,929.1039968139547,1612.7909370637267,0.6006493506493507,1.0,1,0.0,4.204545454545454,0.34233760072581654,881.037175150903,896.7964851881407,874.8116629984961,0.6006493506493507,929.1039968139547,1612.7909370637267,26.15262054738256,1,0.02296708085375657,4.204545454545454,thick,thick,0.6006493506493507,True,874.8116629984961
195,318,1266,0,425,432,22.15718799125513,,788.2421875,530.2421875,1,22.15718799125513,22,862.8063550186952,1759.3040651692415,0.42207792207792205,0.7272727272727273,2,0.045454545454545414,3.0952380952380953,0.4874762928539957,819.8141476455389,792.4217851835062,874.8116629984961,0.42207792207792205,862.8063550186952,1759.3040651692415,9.352059866438854,2,0.0902641617153471,3.0952380952380953,thick,thick,0.42207792207792205,True,874.8116629984961
251,492,1267,0,433,413,46.25633859337208,,779.50390625,27.50390625,1,46.25633859337208,46,628.1107019703367,1025.0559837928092,0.024844720496894408,0.06521739130434782,3,0.8478260869565217,1.1428571428571428,0.30618621784789735,602.86331103705,606.4472448770675,874.8116629984961,0.024844720496894408,628.1107019703367,1025.0559837928092,1.149225803562039,3,0.06485597631001992,1.1428571428571428,discontinuous,discontinuous,0.024844720496894408,False,874.8116629984961
317,637,1268,0,434,405,31.884355215115264,,778.64453125,141.35546875,1,31.884355215115264,32,680.6126815782516,1133.10617466595,0.09821428571428571,0.1875,4,0.5625,1.5714285714285714,0.46354722850843505,647.7489473908944,648.5736516057761,874.8116629984961,0.09821428571428571,680.6126815782516,1133.10617466595,3.1314991729131063,4,0.125453375895892,1.5714285714285714,discontinuous,discontinuous,0.09821428571428571,True,874.8116629984961
115,289,1269,0,419,435,67.29843070315772,,790.7578125,712.7578125,1,67.29843070315772,67,829.1637934018199,1708.200272835752,0.3603411513859275,0.6716417910447762,4,0.17910447761194026,3.0727272727272728,0.35026387188044356,809.8012882181805,777.3878756389822,874.8116629984961,0.3603411513859275,829.1637934018199,1708.200272835752,24.250394006041905,4,0.059436749983715675,3.0727272727272728,discontinuous,discontinuous,0.3603411513859275,True,874.8116629984961
22,251,1270,0,404,433,8.859476440637758,,781.5,53.5,1,8.859476440637758,9,631.8505917238359,941.9267270567947,0.047619047619047616,0.1111111111111111,2,0.7777777777777778,1.5,0.3333333333333333,587.0240977623878,642.0796161690629,874.8116629984961,0.047619047619047616,631.8505917238359,941.9267270567947,0.4218798305065599,2,0.22574697425980492,1.5,minimal,minimal,0.047619047619047616,False,874.8116629984961
289,424,1271,0,435,410,26.331885071895414,,788.71875,752.28125,1,26.331885071895414,26,826.1177059465228,1324.9879350784072,0.35714285714285715,0.6153846153846154,2,0.07692307692307687,2.7083333333333335,0.4704272261975586,767.4742298346875,820.9690149886216,874.8116629984961,0.35714285714285715,826.1177059465228,1324.9879350784072,9.404244668534076,2,0.07595354432617675,2.7083333333333335,punctate,punctate,0.35714285714285715,True,874.8116629984961
14,125,1272,0,407,436,24.3349509257226,,781.5,418.5,1,24.3349509257226,24,810.4769727049386,1580.527436628142,0.24404761904761904,0.25,3,0.5833333333333333,4.1,0.41463414634146345,775.4779016889703,810.3743053149295,874.8116629984961,0.24404761904761904,810.4769727049386,1580.527436628142,5.938886833063254,3,0.12327947605716892,4.1,discontinuous,discontinuous,0.24404761904761904,True,874.8116629984961
317,332,1273,0,434,430,44.897667668625346,,802.35546875,157.64453125,1,44.897667668625346,45,776.2951127200182,1310.0908829507691,0.2761904761904762,0.4888888888888889,4,0.3111111111111111,2.806451612903226,0.5754018855532793,761.1035884938713,743.0076834927531,874.8116629984961,0.2761904761904762,776.2951127200182,1310.0908829507691,12.400308213239382,4,0.08909148754725214,2.806451612903226,discontinuous,discontinuous,0.2761904761904762,True,874.8116629984961
125,566,1274,0,436,417,50.88216411453955,,797.171875,391.171875,1,50.88216411453955,51,870.5818465237945,1676.8330190877905,0.47058823529411764,0.7058823529411765,2,0.019607843137254943,3.36,0.419885525917819,827.8388368547633,823.3620072100674,874.8116629984961,0.47058823529411764,870.5818465237945,1676.8330190877905,23.944547818606846,2,0.03930650424965909,3.36,thick,thick,0.47058823529411764,True,874.8116629984961
22,513,1275,0,404,437,18.994639778014065,,780.86328125,65.13671875,1,18.994639778014065,19,683.6292321452306,1118.65764415752,0.06766917293233082,0.15789473684210525,2,0.736842105263158,1.8,0.41573970964154905,623.8656846828976,709.046378520052,874.8116629984961,0.06766917293233082,683.6292321452306,1118.65764415752,1.2853515639257638,2,0.1052928627956905,1.8,discontinuous,discontinuous,0.06766917293233082,True,874.8116629984961
427,513,1276,0,427,437,20.801946109848817,,788.71875,83.28125,1,20.801946109848817,21,624.5418534614957,850.4377154969878,0.0,0.0,0,1.0,,,630.1632910931846,586.4757537092819,874.8116629984961,0.0,624.5418534614957,850.4377154969878,0.0,0,0.0,,minimal,minimal,0.0,False,874.8116629984961
289,348,1277,0,435,423,47.093971253772345,,795.75,669.75,1,47.093971253772345,47,771.523853525996,1513.1550834899954,0.20972644376899696,0.3191489361702128,6,0.3191489361702128,2.15625,0.5451664601102616,742.7720214955843,733.6904415233271,874.8116629984961,0.20972644376899696,771.523853525996,1513.1550834899954,9.876851114013045,6,0.1274048427062601,2.15625,reticular,reticular,0.20972644376899696,True,874.8116629984961
178,274,1278,0,438,402,13.721562591221375,,783.4609375,849.46875,1,13.721562591221375,14,1075.4223440052333,1804.8447978031286,0.7551020408163265,1.0,1,0.0,5.285714285714286,0.18130280898646942,1151.1525794984698,924.7950581923112,874.8116629984961,0.7551020408163265,1075.4223440052333,1804.8447978031286,10.361179915820221,1,0.07287799719251863,5.285714285714286,thick,thick,0.7551020408163265,True,874.8116629984961
178,261,1279,0,438,395,12.248807941870899,,786.09765625,858.90234375,1,12.248807941870899,12,988.6071334815996,1746.7824021331064,0.6071428571428571,1.0,1,0.0,4.25,0.21746150012567483,939.9536792288053,926.1487989573462,874.8116629984961,0.6071428571428571,988.6071334815996,1746.7824021331064,7.436776250421617,1,0.08164059757861292,4.25,thick,thick,0.6071428571428571,True,874.8116629984961
190,261,1280,0,439,395,10.944355288936903,,783.17578125,867.17578125,1,10.944355288936903,11,949.821592348561,1328.8731803761061,0.6363636363636364,1.0,1,0.0,4.454545454545454,0.17555765851107402,927.7146698505329,919.392740785021,874.8116629984961,0.6363636363636364,949.821592348561,1328.8731803761061,6.9645897293234835,1,0.0913713027034904,4.454545454545454,thick,thick,0.6363636363636364,True,874.8116629984961
75,190,1281,0,403,439,28.813319507949718,,783.53515625,887.46484375,1,28.813319507949718,29,743.0289593806391,1193.4107800921547,0.2315270935960591,0.3103448275862069,3,0.3448275862068966,2.473684210526316,0.5466056416453247,744.553236997886,687.9512490119173,874.8116629984961,0.2315270935960591,743.0289593806391,1193.4107800921547,6.67106412253023,3,0.10411851363298447,2.473684210526316,discontinuous,discontinuous,0.2315270935960591,True,874.8116629984961
317,427,1282,0,434,427,23.264974802199102,,792.83203125,122.83203125,1,23.264974802199102,23,544.4828261253757,924.5124022602881,0.012422360248447204,0.043478260869565216,1,0.9565217391304348,2.0,,551.1539415196539,537.3346670515123,874.8116629984961,0.012422360248447204,544.4828261253757,924.5124022602881,0.289005898163964,1,0.04298306826042536,2.0,minimal,minimal,0.012422360248447204,False,874.8116629984961
10,178,1283,0,426,438,23.927181737371445,,792.6484375,841.3515625,1,23.927181737371445,24,812.7872995383253,1958.4395336006373,0.2976190476190476,0.7083333333333334,2,0.125,2.380952380952381,0.45782092569038396,771.3913487724855,750.0795888902409,874.8116629984961,0.2976190476190476,812.7872995383253,1958.4395336006373,7.121185040884359,2,0.08358694400169307,2.380952380952381,punctate,punctate,0.2976190476190476,True,874.8116629984961
251,513,1284,0,433,437,32.90462164465904,,797.1015625,50.8984375,1,32.90462164465904,33,657.8936653812519,1125.2794444543952,0.06926406926406926,0.09090909090909091,5,0.7272727272727273,1.7777777777777777,0.6903350635742038,644.2200695630994,613.278202054408,874.8116629984961,0.06926406926406926,657.8936653812519,1125.2794444543952,2.2791079927036564,5,0.15195433802569136,1.7777777777777777,discontinuous,discontinuous,0.06926406926406926,True,874.8116629984961
94,392,1285,0,421,440,37.1241647170707,,786.86328125,445.86328125,1,37.1241647170707,37,663.4127728487027,1131.641244443929,0.11196911196911197,0.16216216216216217,4,0.5675675675675675,1.8125,0.34996177810662826,628.9094402753228,630.3650755506999,874.8116629984961,0.11196911196911197,663.4127728487027,1131.641244443929,4.156759755965445,4,0.10774653195525478,1.8125,discontinuous,discontinuous,0.11196911196911197,True,874.8116629984961
190,381,1286,0,439,409,7.498315797939509,,785.86328125,904.13671875,1,7.498315797939509,7,779.891112691166,1246.6434182012997,0.32653061224489793,1.0,1,0.0,2.2857142857142856,0.7288689868556626,725.7923670079872,759.4195495174243,874.8116629984961,0.32653061224489793,779.891112691166,1246.6434182012997,2.4484296483067785,1,0.13336328142845008,2.2857142857142856,punctate,punctate,0.32653061224489793,True,874.8116629984961
186,191,1287,0,441,411,15.851721292633139,,786.8671875,803.1328125,1,15.851721292633139,16,892.439493475136,1599.1042022956026,0.5446428571428571,1.0,1,0.0,3.8125,0.36177174574940835,792.558856243779,926.6133677157964,874.8116629984961,0.5446428571428571,892.439493475136,1599.1042022956026,8.633526775451976,1,0.06308463172795852,3.8125,thick,thick,0.5446428571428571,True,874.8116629984961
381,633,1288,0,409,442,16.128727498595193,,785.8984375,913.8984375,1,16.128727498595193,16,645.7446247344354,1044.0667944731192,0.03571428571428571,0.0625,3,0.8125,1.3333333333333333,0.3535533905932738,601.2319239777314,648.2534969867913,874.8116629984961,0.03571428571428571,645.7446247344354,1044.0667944731192,0.5760259820926854,3,0.18600351455260802,1.3333333333333333,minimal,minimal,0.03571428571428571,False,874.8116629984961
94,125,1289,0,421,436,7.470703182278349,,789.71875,429.28125,1,7.470703182278349,7,788.7374995791604,1128.4505454891912,0.40816326530612246,0.8571428571428571,1,0.1428571428571429,3.3333333333333335,0.282842712474619,601.3321811971364,965.0444225926482,874.8116629984961,0.40816326530612246,788.7374995791604,1128.4505454891912,3.0492666050115713,1,0.13385620812404286,3.3333333333333335,thick,thick,0.40816326530612246,True,874.8116629984961
186,424,1290,0,441,410,20.88393172003617,,790.8671875,786.8671875,1,20.88393172003617,21,947.9049655828177,1709.4258483654976,0.5578231292517006,0.6666666666666666,2,0.04761904761904767,4.1,0.4287413617377304,893.5869949956765,895.3466578270643,874.8116629984961,0.5578231292517006,947.9049655828177,1709.4258483654976,11.649540143149427,2,0.09576740753663679,4.1,thick,thick,0.5578231292517006,True,874.8116629984961
178,190,1291,0,438,439,66.72808388841099,,819.390625,865.390625,1,66.72808388841099,67,751.7594444763188,1627.9901777454947,0.23880597014925373,0.4925373134328358,4,0.17910447761194026,2.036363636363636,0.4951937365665018,725.6327757566326,701.0071027726813,874.8116629984961,0.23880597014925373,751.7594444763188,1627.9901777454947,15.935064809172774,4,0.05994477537657425,2.036363636363636,discontinuous,discontinuous,0.23880597014925373,True,874.8116629984961
633,640,1292,0,442,429,23.16949336638617,,796.16796875,927.83203125,1,23.16949336638617,23,529.3703782065364,822.989054277838,0.0,0.0,0,1.0,,,525.0962698151706,528.7565401665836,874.8116629984961,0.0,529.3703782065364,822.989054277838,0.0,0,0.0,,minimal,minimal,0.0,False,874.8116629984961
195,392,1293,0,425,440,14.894628620830641,,794.13671875,467.86328125,1,14.894628620830641,15,906.0775209676581,1327.1057448606466,0.5047619047619047,1.0,1,0.0,3.533333333333333,0.28985455652334374,911.2225523674032,818.0345427506064,874.8116629984961,0.5047619047619047,906.0775209676581,1327.1057448606466,7.518241113371657,1,0.06713829699664121,3.533333333333333,thick,thick,0.5047619047619047,True,874.8116629984961
190,633,1294,0,439,442,33.04725957200686,,803.53515625,900.53515625,1,33.04725957200686,33,710.9278489145116,1102.2643061657222,0.10822510822510822,0.12121212121212122,5,0.5151515151515151,1.5625,0.5043808085167396,667.3249923838822,700.0525532584776,874.8116629984961,0.10822510822510822,710.9278489145116,1102.2643061657222,3.5765432437236857,5,0.15129847572097385,1.5625,discontinuous,discontinuous,0.10822510822510822,True,874.8116629984961
10,186,1295,0,426,441,21.354868472880444,,796.50390625,817.49609375,1,21.354868472880444,21,770.9372529049192,1469.5816382001408,0.272108843537415,0.47619047619047616,2,0.38095238095238093,3.076923076923077,0.7035623639735145,763.379291099169,757.8993697962222,874.8116629984961,0.272108843537415,770.9372529049192,1469.5816382001408,5.810848564049101,2,0.09365545859202526,3.076923076923077,punctate,punctate,0.272108843537415,True,874.8116629984961
157,238,1296,0,420,443,67.93277919849459,,793.12890625,1000.13671875,1,67.93277919849459,68,803.034453060124,1899.012956530405,0.3445378151260504,0.7352941176470589,3,0.16176470588235292,2.8771929824561404,0.38001064514348487,751.8877253773557,765.4323870837477,874.8116629984961,0.3445378151260504,803.034453060124,1899.012956530405,23.40541132048973,3,0.04416130232555657,2.8771929824561404,discontinuous,discontinuous,0.3445378151260504,True,874.8116629984961
125,392,1297,0,436,440,30.738733992311772,,808.1328125,426.1328125,1,30.738733992311772,31,678.184629666127,1415.0006685250587,0.16589861751152074,0.3548387096774194,2,0.6129032258064516,3.0,0.5270462766947299,639.8124081514555,701.4965128392439,874.8116629984961,0.16589861751152074,678.184629666127,1415.0006685250587,5.099513473378912,2,0.06506448835857165,3.0,punctate,punctate,0.16589861751152074,True,874.8116629984961
195,234,1298,0,425,444,32.382247678527364,,800.35546875,507.35546875,1,32.382247678527364,32,969.8247925888658,2097.9008854122103,0.5892857142857143,1.0,1,0.0,4.125,0.3075421686391582,928.8542123544887,884.301235484683,874.8116629984961,0.5892857142857143,969.8247925888658,2097.9008854122103,19.08239595341791,1,0.030881117639746145,4.125,thick,thick,0.5892857142857143,True,874.8116629984961
70,332,1299,0,431,430,15.875105422461619,,800.13671875,201.87109375,2,15.875105422461619,16,975.556526121021,1736.745432586079,0.5982142857142857,1.0,1,0.0,4.1875,0.2563517020495174,931.234222149481,921.0680297741733,874.8116629984961,0.5982142857142857,975.556526121021,1736.745432586079,9.496714850936861,1,0.06299170766986556,4.1875,thick,thick,0.5982142857142857,True,874.8116629984961
234,318,1300,0,444,432,45.32834617818118,,812.140625,530.859375,1,45.32834617818118,45,957.3989478718959,1846.8536235740473,0.5682539682539682,1.0,1,0.0,3.977777777777778,0.25133456713300545,876.937978839193,922.300678600567,874.8116629984961,0.5682539682539682,957.3989478718959,1846.8536235740473,25.75801259014105,1,0.022061250504686415,3.977777777777778,thick,thick,0.5682539682539682,True,874.8116629984961
165,424,1301,0,445,410,15.253953463188596,,795.46484375,769.46484375,1,15.253953463188596,15,619.2644228536388,1007.4091747250932,0.08571428571428572,0.06666666666666667,2,0.8666666666666667,4.5,0.5555555555555556,603.9877134506783,631.9744648431656,874.8116629984961,0.08571428571428572,619.2644228536388,1007.4091747250932,1.3074817254161655,2,0.13111355064944138,4.5,discontinuous,discontinuous,0.08571428571428572,True,874.8116629984961
36,251,1302,0,415,433,16.675052767939672,,800.5,6.5,1,16.675052767939672,17,627.1657444533658,1877.077618014524,0.03361344537815126,0.11764705882352941,1,0.8823529411764706,2.0,0.0,675.1495310707992,573.0469280803513,874.8116629984961,0.03361344537815126,627.1657444533658,1877.077618014524,0.5605059753929301,1,0.059969825218343674,2.0,minimal,minimal,0.03361344537815126,False,874.8116629984961
165,186,1303,0,445,441,18.47800193206903,,804.13671875,778.13671875,1,18.47800193206903,18,743.5148985687783,1147.7343078733202,0.14285714285714285,0.5,2,0.4444444444444444,1.8,0.33333333333333337,772.2428848092264,669.5588048330394,874.8116629984961,0.14285714285714285,743.5148985687783,1147.7343078733202,2.6397145617241473,2,0.10823681084960546,1.8,discontinuous,discontinuous,0.14285714285714285,True,874.8116629984961
238,640,1304,0,443,429,44.794459091819185,,815.75,964.75,1,44.794459091819185,45,680.0495653517529,1178.832889354166,0.10476190476190476,0.15555555555555556,4,0.6666666666666667,2.2,0.475284458829034,663.1315666651213,654.0287507965598,874.8116629984961,0.10476190476190476,680.0495653517529,1178.832889354166,4.6927528572382,4,0.08929675859688013,2.2,discontinuous,discontinuous,0.10476190476190476,True,874.8116629984961
283,427,1305,0,446,427,34.63683020089838,,806.1328125,102.8671875,1,34.63683020089838,35,688.8329057995173,1164.8478495541426,0.12244897959183673,0.37142857142857144,4,0.4571428571428572,1.5789473684210527,0.5557777333511023,644.5684515639083,672.480668227623,874.8116629984961,0.12244897959183673,688.8329057995173,1164.8478495541426,4.24124451439572,4,0.1154840086924655,1.5789473684210527,discontinuous,discontinuous,0.12244897959183673,True,874.8116629984961
283,513,1306,0,446,437,28.88578798761901,,808.27734375,81.27734375,1,28.88578798761901,29,540.1559892127274,904.3049850487456,0.014778325123152709,0.034482758620689655,1,0.9655172413793104,3.0,,538.111627168642,537.9084621791868,874.8116629984961,0.014778325123152709,540.1559892127274,904.3049850487456,0.42688356631949276,1,0.03461910059121873,3.0,minimal,minimal,0.014778325123152709,False,874.8116629984961
165,289,1307,0,445,435,41.892291657607736,,809.53515625,750.53515625,1,41.892291657607736,42,746.070076616937,1304.1881886010249,0.22789115646258504,0.4523809523809524,4,0.11904761904761907,1.8108108108108107,0.47761194029850745,695.1150395674655,731.827096002195,874.8116629984961,0.22789115646258504,746.070076616937,1304.1881886010249,9.54688279272013,4,0.09548295979347768,1.8108108108108107,discontinuous,discontinuous,0.22789115646258504,True,874.8116629984961
54,90,1308,0,412,428,43.13960490930285,,806.640625,325.359375,1,43.13960490930285,43,836.7984630984822,2114.0045054952566,0.3089700996677741,0.4418604651162791,4,0.37209302325581395,3.4444444444444446,0.4762846148462387,833.6889539853613,751.4319179836046,874.8116629984961,0.3089700996677741,836.7984630984822,2114.0045054952566,13.328848028455697,4,0.09272222145774496,3.4444444444444446,discontinuous,discontinuous,0.3089700996677741,True,874.8116629984961
195,388,1310,0,425,447,26.53781746248722,,806.3515625,481.6484375,1,26.53781746248722,27,913.3321123509461,1850.3380708316733,0.4656084656084656,1.0,1,0.0,3.259259259259259,0.3600677163126105,824.9002052684258,910.9308854710357,874.8116629984961,0.4656084656084656,913.3321123509461,1850.3380708316733,12.356232469306217,1,0.03768207394649388,3.259259259259259,thick,thick,0.4656084656084656,True,874.8116629984961
388,392,1311,0,447,440,22.725175986328647,,810.50390625,468.50390625,1,22.725175986328647,23,776.7373459468356,1289.6290316023765,0.2670807453416149,0.4782608695652174,2,0.3913043478260869,3.0714285714285716,0.6330538413402882,746.543329424359,783.9536470520758,874.8116629984961,0.2670807453416149,776.7373459468356,1289.6290316023765,6.069456940448024,2,0.08800811932999728,3.0714285714285716,punctate,punctate,0.2670807453416149,True,874.8116629984961
10,99,1312,0,426,448,12.129688755600808,,802.50390625,829.50390625,1,12.129688755600808,12,888.4452776880727,1639.9583187407343,0.4523809523809524,1.0,1,0.0,3.1666666666666665,0.2834297266912897,799.8811666016289,832.1045358504113,874.8116629984961,0.4523809523809524,888.4452776880727,1639.9583187407343,5.487240151343223,1,0.08244234622576414,3.1666666666666665,thick,thick,0.4523809523809524,True,874.8116629984961
99,178,1313,0,448,438,69.15435533141653,,834.8984375,842.1015625,1,69.15435533141653,69,777.3394303656612,1473.905681619395,0.2463768115942029,0.21739130434782608,4,0.33333333333333337,2.5869565217391304,0.4383462640586547,746.4302578005047,739.6530957274063,874.8116629984961,0.2463768115942029,777.3394303656612,1473.905681619395,17.03802957440697,4,0.057841620832561176,2.5869565217391304,discontinuous,discontinuous,0.2463768115942029,True,874.8116629984961
283,317,1314,0,446,434,34.14334262917754,,806.6796875,134.609375,1,34.14334262917754,34,715.5202007879058,1106.0366159000614,0.08823529411764706,0.14705882352941177,3,0.6470588235294117,1.75,0.6649638116080449,695.9267166986452,690.6846424570041,874.8116629984961,0.08823529411764706,715.5202007879058,1106.0366159000614,3.012647879045077,3,0.0878648594129246,1.75,discontinuous,discontinuous,0.08823529411764706,True,874.8116629984961
99,186,1315,0,448,441,34.12594519416537,,812.53125,810.53125,1,34.12594519416537,34,745.0009091401236,1278.2528368315611,0.2184873949579832,0.35294117647058826,5,0.2647058823529411,2.08,0.4887794241207244,703.0304383503824,719.0270354898529,874.8116629984961,0.2184873949579832,745.0009091401236,1278.2528368315611,7.456088865952097,5,0.14651608831789567,2.08,discontinuous,discontinuous,0.2184873949579832,True,874.8116629984961
520,595,1316,0,449,418,24.90141953005937,,808.53515625,577.46484375,1,24.90141953005937,25,825.7369195259192,1596.5213347460713,0.30857142857142855,0.32,4,0.28,3.0,0.36851386559504445,761.2599028496194,807.5437906623661,874.8116629984961,0.30857142857142855,825.7369195259192,1596.5213347460713,7.683866597846891,4,0.16063341269245557,3.0,discontinuous,discontinuous,0.30857142857142855,True,874.8116629984961
139,357,1317,0,450,422,50.03946267435967,,807.50390625,626.50390625,1,50.03946267435967,50,761.6760883939007,1546.5097853825068,0.2342857142857143,0.42,6,0.16000000000000003,1.9523809523809523,0.49925584123070044,725.7860766047411,735.1883727880515,874.8116629984961,0.2342857142857143,761.6760883939007,1546.5097853825068,11.723531255135693,6,0.11990536427311425,1.9523809523809523,reticular,reticular,0.2342857142857143,True,874.8116629984961
289,597,1318,0,435,451,50.78999163563005,,807.64453125,716.35546875,1,50.78999163563005,51,803.343529171479,1505.9841232526358,0.33053221288515405,0.8235294117647058,2,0.019607843137254943,2.36,0.5276061836024876,779.4558603041106,754.0239660041218,874.8116629984961,0.33053221288515405,803.343529171479,1505.9841232526358,16.787728327743267,2,0.03937783676650511,2.36,punctate,punctate,0.33053221288515405,True,874.8116629984961
318,520,1319,0,432,449,48.533245683343274,,827.859375,558.1328125,1,48.533245683343274,49,758.9292825475679,1564.1906034496722,0.26822157434402333,0.32653061224489793,4,0.16326530612244894,2.2439024390243905,0.4899751160688976,710.8819965782274,704.0934104151879,874.8116629984961,0.26822157434402333,758.9292825475679,1564.1906034496722,13.017663565211608,4,0.0824177312619504,2.2439024390243905,discontinuous,discontinuous,0.26822157434402333,True,874.8116629984961
190,412,1321,0,439,452,72.77764394172101,,822.390625,875.390625,1,72.77764394172101,73,744.1841473548079,1235.984625263321,0.2622309197651663,0.4246575342465753,6,0.1095890410958904,2.0615384615384613,0.6906110627617478,740.3558667149543,684.4264664281068,874.8116629984961,0.2622309197651663,744.1841473548079,1235.984625263321,19.084548509179285,6,0.0824428997015167,2.0615384615384613,reticular,reticular,0.2622309197651663,True,874.8116629984961
70,108,1322,0,431,453,76.10805756066537,,830.16796875,202.16796875,1,76.10805756066537,76,832.2214114747067,1577.358804183049,0.36278195488721804,0.8421052631578947,2,0.10526315789473684,2.838235294117647,0.4340905307053158,795.4400219878386,782.4451404476001,874.8116629984961,0.36278195488721804,832.2214114747067,1577.358804183049,27.610629904527098,2,0.02627842654380989,2.838235294117647,punctate,punctate,0.36278195488721804,True,874.8116629984961
54,477,1323,0,412,454,86.49893727575348,,809.859375,292.140625,1,86.49893727575348,86,874.1246114014366,2036.7241045462429,0.4186046511627907,0.686046511627907,3,0.16279069767441856,3.5,0.4689932286569574,844.2510912594095,803.8142665202652,874.8116629984961,0.4186046511627907,874.1246114014366,2036.7241045462429,36.2088574642689,3,0.03468250702822138,3.5,thick,thick,0.4186046511627907,True,874.8116629984961
498,633,1324,0,455,442,36.73332092023544,,813.5,915.5,1,36.73332092023544,37,565.8180046093341,855.2031221228473,0.0,0.0,0,1.0,,,547.276733933123,569.6439478410033,874.8116629984961,0.0,565.8180046093341,855.2031221228473,0.0,0,0.0,,minimal,minimal,0.0,False,874.8116629984961
498,640,1325,0,455,429,41.51034353140125,,820.75,947.25,1,41.51034353140125,42,572.6016299216246,1117.379503089325,0.05442176870748299,0.14285714285714285,2,0.8333333333333334,2.2857142857142856,0.6059599821770412,567.1716302077542,568.6812514219674,874.8116629984961,0.05442176870748299,572.6016299216246,1117.379503089325,2.2590663146340813,2,0.04818076242821416,2.2857142857142856,discontinuous,discontinuous,0.05442176870748299,True,874.8116629984961
108,332,1326,0,453,430,52.72747792810708,,825.28125,185.28125,1,52.72747792810708,53,795.0754115517896,1791.9289593550022,0.353099730458221,0.5471698113207547,3,0.07547169811320753,2.673469387755102,0.5624042887448508,742.482544847235,725.7427794272766,874.8116629984961,0.353099730458221,795.0754115517896,1791.9289593550022,18.61805824415641,3,0.05689633029841563,2.673469387755102,discontinuous,discontinuous,0.353099730458221,True,874.8116629984961
220,595,1327,0,456,418,11.436846633306061,,810.50390625,591.50390625,1,11.436846633306061,11,1015.1983264711002,1754.4748083004547,0.6363636363636364,1.0,1,0.0,4.454545454545454,0.22168939777959623,890.1010923085488,1016.5352794153602,874.8116629984961,0.6363636363636364,1015.1983264711002,1754.4748083004547,7.277993312103857,1,0.08743668880614594,4.454545454545454,thick,thick,0.6363636363636364,True,874.8116629984961
220,357,1328,0,456,422,3.6124035556762317,,809.72265625,599.27734375,1,3.6124035556762317,4,872.2770852844352,1197.4880529380578,0.5,1.0,1,0.0,3.5,0.14285714285714285,858.3501398042216,840.6868165787279,874.8116629984961,0.5,872.2770852844352,1197.4880529380578,1.8062017778381159,1,0.27682399947499853,3.5,thick,thick,0.5,True,874.8116629984961
234,388,1329,0,444,447,25.63233184049165,,819.71875,497.28125,1,25.63233184049165,26,1029.506301120508,2275.878655659167,0.6483516483516484,1.0,1,0.0,4.538461538461538,0.288135593220339,983.516697407164,944.0768690879988,874.8116629984961,0.6483516483516484,1029.506301120508,2275.878655659167,16.618764599879203,1,0.039013227755591476,4.538461538461538,thick,thick,0.6483516483516484,True,874.8116629984961
139,348,1330,0,450,423,19.76309926518163,,816.6875,653.3125,1,19.76309926518163,20,770.0769796197338,1171.9459890162561,0.34285714285714286,1.0,1,0.0,2.4,0.4249182927993988,725.8952080521077,729.5987482711884,874.8116629984961,0.34285714285714286,770.0769796197338,1171.9459890162561,6.7759197480622735,1,0.050599351173719345,2.4,punctate,punctate,0.34285714285714286,True,874.8116629984961
86,186,1331,0,457,441,16.405565981364838,,810.71875,788.28125,1,16.405565981364838,16,809.2207364129501,1306.5611088237936,0.25,0.3125,3,0.375,2.8,0.3846546290810361,832.7847378342913,748.9515250877348,874.8116629984961,0.25,809.2207364129501,1306.5611088237936,4.101391495341209,3,0.18286476695822104,2.8,discontinuous,discontinuous,0.25,True,874.8116629984961
139,220,1332,0,450,456,36.06780413784102,,825.28515625,609.71484375,1,36.06780413784102,36,732.8096804146902,1226.2510763682144,0.20634920634920634,0.5,4,0.19444444444444442,1.793103448275862,0.3978492474149462,703.6376945023455,696.4372785729312,874.8116629984961,0.20634920634920634,732.8096804146902,1226.2510763682144,7.442562758602115,4,0.11090223249281056,1.793103448275862,discontinuous,discontinuous,0.20634920634920634,True,874.8116629984961
90,566,1333,0,428,417,14.886373331591768,,817.5,377.5,1,14.886373331591768,15,901.4471711575968,1518.7855395058482,0.5238095238095238,1.0,1,0.0,3.6666666666666665,0.38138503569823695,846.7704402755974,856.3649477905586,874.8116629984961,0.5238095238095238,901.4471711575968,1518.7855395058482,7.797624126071879,1,0.06717552876883762,3.6666666666666665,thick,thick,0.5238095238095238,True,874.8116629984961
86,165,1334,0,457,445,23.304004765606553,,821.53515625,784.46484375,1,23.304004765606553,23,689.2441781004406,1235.575823346117,0.08074534161490683,0.2608695652173913,1,0.7391304347826086,2.1666666666666665,0.41424344670265417,697.6386783912642,632.7291704267664,874.8116629984961,0.08074534161490683,689.2441781004406,1235.575823346117,1.881689825794318,1,0.04291107944999479,2.1666666666666665,discontinuous,discontinuous,0.08074534161490683,True,874.8116629984961
196,251,1335,0,458,433,18.184907938284876,,819.75,47.75,1,18.184907938284876,18,801.6948687079864,1204.5985408574322,0.3968253968253968,1.0,1,0.0,2.7777777777777777,0.5169139193328035,768.3209271324009,771.4791559955524,874.8116629984961,0.3968253968253968,801.6948687079864,1204.5985408574322,7.216233308843204,1,0.05499065507473313,2.7777777777777777,punctate,punctate,0.3968253968253968,True,874.8116629984961
196,513,1336,0,458,437,19.719038701716634,,817.53515625,62.46484375,1,19.719038701716634,20,791.8371141078277,1125.5606991989123,0.25,0.45,3,0.25,2.3333333333333335,0.6577636818983621,781.4924589258419,764.1539172924497,874.8116629984961,0.25,791.8371141078277,1125.5606991989123,4.929759675429159,3,0.15213723373537658,2.3333333333333335,discontinuous,discontinuous,0.25,True,874.8116629984961
220,520,1337,0,456,449,51.012582789202526,,836.35546875,580.35546875,1,51.012582789202526,51,726.1733893056783,1741.811150803662,0.19327731092436976,0.35294117647058826,5,0.27450980392156865,1.864864864864865,0.5012062743707415,688.0844775478164,674.2907235383865,874.8116629984961,0.19327731092436976,726.1733893056783,1741.811150803662,9.85957482480385,5,0.09801503328426482,1.864864864864865,discontinuous,discontinuous,0.19327731092436976,True,874.8116629984961
86,99,1338,0,457,448,25.251127275066192,,825.50390625,794.50390625,1,25.251127275066192,25,809.7210787534531,1517.0188797873184,0.32,1.0,1,0.0,2.24,0.384654629081036,787.1838087816504,768.4719020145534,874.8116629984961,0.32,809.7210787534531,1517.0188797873184,8.080360728021182,1,0.03960219237370181,2.24,punctate,punctate,0.32,True,874.8116629984961
163,392,1339,0,459,440,35.182304326308355,,815.46484375,444.46484375,1,35.182304326308355,35,556.7057983594786,949.8720805424912,0.02040816326530612,0.02857142857142857,2,0.9428571428571428,2.5,0.6,550.8322029366147,557.2780858976911,874.8116629984961,0.02040816326530612,556.7057983594786,949.8720805424912,0.7180062107409868,2,0.056846759707676546,2.5,minimal,minimal,0.02040816326530612,False,874.8116629984961
139,289,1340,0,450,435,7.9656490140639695,,819.28125,664.71875,1,7.9656490140639695,8,845.4254711341689,1243.5655252517342,0.4107142857142857,1.0,1,0.0,2.875,0.20851441405707474,824.496899068884,781.1970341498179,874.8116629984961,0.4107142857142857,845.4254711341689,1243.5655252517342,3.271605845061987,1,0.1255390487623071,2.875,thick,thick,0.4107142857142857,True,874.8116629984961
283,332,1341,0,446,430,19.254033658827176,,825.71484375,148.71484375,1,19.254033658827176,19,852.0776270257971,1411.3074894475242,0.45864661654135336,1.0,1,0.0,3.210526315789474,0.3858558129816334,823.7747707907964,782.8551996272099,874.8116629984961,0.45864661654135336,852.0776270257971,1411.3074894475242,8.830797392394418,1,0.051937168996354255,3.210526315789474,thick,thick,0.45864661654135336,True,874.8116629984961
289,627,1342,0,435,460,30.113382800970367,,819.171875,681.171875,1,30.113382800970367,30,818.0338507274695,1267.8652953736328,0.3476190476190476,0.8,2,0.033333333333333326,2.5172413793103448,0.35563712289718274,785.5126435894123,782.116114305436,874.8116629984961,0.3476190476190476,818.0338507274695,1267.8652953736328,10.467985449861127,2,0.06641565357232308,2.5172413793103448,punctate,punctate,0.3476190476190476,True,874.8116629984961
597,627,1343,0,451,460,52.83113259482027,,842.64453125,702.35546875,1,52.83113259482027,53,538.2406169815703,919.3340009598055,0.005390835579514825,0.018867924528301886,1,0.9811320754716981,2.0,,533.134379967318,541.6117518018334,874.8116629984961,0.005390835579514825,538.2406169815703,919.3340009598055,0.2848039492982225,1,0.01892823323833196,2.0,minimal,minimal,0.005390835579514825,False,874.8116629984961
125,545,1344,0,436,461,40.99477250479547,,818.6796875,405.609375,1,40.99477250479547,41,837.0959812656614,1435.3447851854855,0.4250871080139373,1.0,1,0.0,2.975609756097561,0.5528990804603295,803.4085044312214,800.1553545739112,874.8116629984961,0.4250871080139373,837.0959812656614,1435.3447851854855,17.426349287752778,1,0.024393354052227572,2.975609756097561,thick,thick,0.4250871080139373,True,874.8116629984961
412,633,1345,0,452,442,4.5444603598349005,,819.28125,897.71875,1,4.5444603598349005,5,730.5478851097305,1031.9967115345178,0.11428571428571428,0.2,1,0.8,4.0,,721.8895798078031,713.1502594422292,874.8116629984961,0.11428571428571428,730.5478851097305,1031.9967115345178,0.5193668982668458,1,0.2200481291108302,4.0,minimal,minimal,0.11428571428571428,True,874.8116629984961
163,388,1346,0,459,447,64.71861933652555,,848.25,462.75,1,64.71861933652555,65,827.6296208032516,1834.3457298298244,0.389010989010989,0.7384615384615385,2,0.01538461538461533,2.765625,0.387448713346891,790.2986082455697,777.3981795931167,874.8116629984961,0.389010989010989,827.6296208032516,1834.3457298298244,25.17625411552752,2,0.030903007828401722,2.765625,punctate,punctate,0.389010989010989,True,874.8116629984961
70,603,1347,0,431,462,62.99840542343923,,844.49609375,217.49609375,1,62.99840542343923,63,821.2213224429611,1963.752549513524,0.3469387755102041,0.5873015873015873,4,0.17460317460317465,2.9423076923076925,0.5788281937097673,783.965525876219,780.9193054618268,874.8116629984961,0.3469387755102041,821.2213224429611,1963.752549513524,21.856589636703408,4,0.06349367056379109,2.9423076923076925,discontinuous,discontinuous,0.3469387755102041,True,874.8116629984961
196,283,1348,0,458,446,47.441052629347816,,836.75,88.25,1,47.441052629347816,47,722.0568631531403,1283.327994177409,0.21580547112462006,0.40425531914893614,3,0.1063829787234043,1.6904761904761905,0.5698571358913778,676.4450180046965,686.5070724410728,874.8116629984961,0.21580547112462006,722.0568631531403,1283.327994177409,10.2380387133243,3,0.06323637090093044,1.6904761904761905,discontinuous,discontinuous,0.21580547112462006,True,874.8116629984961
54,603,1349,0,412,462,5.129817481141764,,822.13671875,230.86328125,1,5.129817481141764,5,1085.8840812592455,1686.821818667463,0.8571428571428571,1.0,1,0.0,6.0,0.10540925533894598,989.9100836245709,1138.3646600273455,874.8116629984961,0.8571428571428571,1085.8840812592455,1686.821818667463,4.396986412407226,1,0.19493870954984271,6.0,thick,thick,0.8571428571428571,True,874.8116629984961
392,545,1350,0,440,461,2.0,,820.5,427.5,1,2.0,2,905.1428571428571,1123.5,0.5714285714285714,1.0,1,0.0,4.0,0.0,873.8125,868.0,874.8116629984961,0.5714285714285714,905.1428571428571,1123.5,1.1428571428571428,1,0.5,4.0,thick,thick,0.5714285714285714,True,874.8116629984961
7,238,1351,0,463,443,29.573352531052723,,828.10546875,1012.10546875,1,29.573352531052723,30,833.5955387727128,1378.2243020768556,0.4,0.8,2,0.1333333333333333,3.230769230769231,0.4318656463623108,827.9585142533797,775.7703035476176,874.8116629984961,0.4,833.5955387727128,1378.2243020768556,11.82934101242109,2,0.06762845023742074,3.230769230769231,thick,thick,0.4,True,874.8116629984961
163,545,1352,0,459,461,85.60351970697377,,857.50390625,441.50390625,1,85.60351970697377,86,805.1038054776132,2326.026049238676,0.28903654485049834,0.4418604651162791,4,0.19767441860465118,2.5217391304347827,0.42489885952355216,770.6201741773791,748.7339910491007,874.8116629984961,0.28903654485049834,805.1038054776132,2326.026049238676,24.742545563145242,4,0.046727050636378636,2.5217391304347827,discontinuous,discontinuous,0.28903654485049834,True,874.8116629984961
412,498,1353,0,452,455,23.165817056818234,,831.859375,898.140625,1,23.165817056818234,23,742.7987868303561,1095.6630355657553,0.16770186335403728,0.34782608695652173,2,0.5652173913043479,2.7,0.37221761559706995,707.6301105820062,734.6364748688236,874.8116629984961,0.16770186335403728,742.7987868303561,1095.6630355657553,3.8849506865471577,2,0.08633410145192154,2.7,punctate,punctate,0.16770186335403728,True,874.8116629984961
147,251,1354,0,464,433,2.2360802701559255,,822.16796875,0.83203125,1,2.2360802701559255,2,882.7810385767763,1001.5467515709507,0.6428571428571429,1.0,1,0.0,4.5,0.1111111111111111,826.5815715037011,932.9548150207565,874.8116629984961,0.6428571428571429,882.7810385767763,1001.5467515709507,1.4374801736716665,1,0.44721113698224635,4.5,thick,thick,0.6428571428571429,True,874.8116629984961
54,325,1355,0,412,465,29.352177211036924,,822.171875,245.828125,1,29.352177211036924,29,823.2024571488713,1974.7441177684452,0.33004926108374383,0.3103448275862069,5,0.24137931034482762,3.0454545454545454,0.6060877762461777,810.409008731481,765.7289694079592,874.8116629984961,0.33004926108374383,823.2024571488713,1974.7441177684452,9.687664399701841,5,0.17034511491433466,3.0454545454545454,discontinuous,discontinuous,0.33004926108374383,True,874.8116629984961
165,597,1357,0,445,451,3.0,,823.5,736.5,1,3.0,3,804.1547619047619,1108.625,0.38095238095238093,1.0,1,0.0,2.6666666666666665,0.3535533905932738,797.0138888888888,752.236111111111,874.8116629984961,0.38095238095238093,804.1547619047619,1108.625,1.1428571428571428,1,0.3333333333333333,2.6666666666666665,punctate,punctate,0.38095238095238093,True,874.8116629984961
251,253,1359,0,433,466,44.243370470076314,,827.86328125,23.13671875,1,44.243370470076314,44,714.6250047582008,1226.9795812603525,0.11038961038961038,0.18181818181818182,7,0.5227272727272727,1.619047619047619,0.6169463812765598,656.2734689207344,733.1651242373204,874.8116629984961,0.11038961038961038,714.6250047582008,1226.9795812603525,4.8840084285149175,7,0.15821579426762705,1.619047619047619,discontinuous,discontinuous,0.11038961038961038,True,874.8116629984961
545,566,1360,0,461,417,5.729833133469634,,824.25,385.25,1,5.729833133469634,6,1083.9719834072905,1627.4674993614215,0.7380952380952381,1.0,1,0.0,5.166666666666667,0.26007283059027575,1054.6737062645727,1009.8730891429309,874.8116629984961,0.7380952380952381,1083.9719834072905,1627.4674993614215,4.229162550894253,1,0.17452515225246387,5.166666666666667,thick,thick,0.7380952380952381,True,874.8116629984961
147,253,1361,0,464,466,51.59098022069675,,844.5,12.5,1,51.59098022069675,52,908.8760108143815,2276.6767240343993,0.49175824175824173,0.9423076923076923,2,0.019230769230769273,3.5098039215686274,0.3210225228728188,868.4200592332048,851.7102601198186,874.8116629984961,0.49175824175824173,908.8760108143815,2276.6767240343993,25.37028972391406,2,0.03876646637540839,3.5098039215686274,thick,thick,0.49175824175824173,True,874.8116629984961
139,627,1362,0,450,460,25.828719768853315,,833.359375,669.3515625,1,25.828719768853315,26,756.5709675154621,1277.9376379399819,0.24725274725274726,0.5384615384615384,4,0.2692307692307693,2.3684210526315788,0.45866149867889544,710.6448137233654,737.2043928428285,874.8116629984961,0.24725274725274726,756.5709675154621,1277.9376379399819,6.386221920870326,4,0.15486636719887192,2.3684210526315788,discontinuous,discontinuous,0.24725274725274726,True,874.8116629984961
78,597,1363,0,467,451,52.02965897278692,,847.5,727.5,1,52.02965897278692,52,789.0640618582723,1654.007560287351,0.28296703296703296,0.4807692307692308,5,0.28846153846153844,2.7837837837837838,0.43505546606617634,764.4479034194562,740.2691735675996,874.8116629984961,0.28296703296703296,789.0640618582723,1654.007560287351,14.722678225816079,5,0.09609903464128318,2.7837837837837838,discontinuous,discontinuous,0.28296703296703296,True,874.8116629984961
78,165,1364,0,467,445,39.22879251820474,,842.13671875,744.86328125,1,39.22879251820474,39,677.9243156006595,1060.9206788188815,0.09157509157509157,0.20512820512820512,3,0.6153846153846154,1.6666666666666667,0.6449806198638838,643.576882773338,667.0993501659948,874.8116629984961,0.09157509157509157,677.9243156006595,1060.9206788188815,3.592380267234866,3,0.07647444153698595,1.6666666666666667,discontinuous,discontinuous,0.09157509157509157,True,874.8116629984961
325,603,1365,0,465,462,53.76188882347985,,843.25,245.75,1,53.76188882347985,54,730.3938027739968,1327.3166038315812,0.12169312169312169,0.14814814814814814,4,0.6296296296296297,2.3,0.5342698142367178,698.6999016181386,714.2117720980318,874.8116629984961,0.12169312169312169,730.3938027739968,1327.3166038315812,6.542452079047812,4,0.07440214783251903,2.3,discontinuous,discontinuous,0.12169312169312169,True,874.8116629984961
51,54,1366,0,468,412,7.2248071113524635,,827.5,329.5,1,7.2248071113524635,7,865.0929763342167,1376.0548686927025,0.46938775510204084,1.0,1,0.0,3.2857142857142856,0.1374903330507991,779.5271593794586,856.3930137559917,874.8116629984961,0.46938775510204084,865.0929763342167,1376.0548686927025,3.391235991042993,1,0.13841199973749926,3.2857142857142856,thick,thick,0.46938775510204084,True,874.8116629984961
51,90,1367,0,468,428,33.7104028082929,,825.6484375,347.6484375,1,33.7104028082929,34,1010.8963565373978,1728.863880940619,0.7478991596638656,1.0,1,0.0,5.235294117647059,0.2623060119085113,1038.7305624620537,899.3971240368405,874.8116629984961,0.7478991596638656,1010.8963565373978,1728.863880940619,25.211981932252673,1,0.029664433429849018,5.235294117647059,thick,thick,0.7478991596638656,True,874.8116629984961
90,250,1368,0,428,469,25.021109870911907,,833.75390625,369.75390625,1,25.021109870911907,25,953.6163702678191,1438.3029186714798,0.6571428571428571,1.0,1,0.0,4.6,0.28840215568307825,927.2171830320008,926.0566832298895,874.8116629984961,0.6571428571428571,953.6163702678191,1438.3029186714798,16.442443629456395,1,0.03996625270258463,4.6,thick,thick,0.6571428571428571,True,874.8116629984961
250,566,1369,0,469,417,5.129817481141763,,826.13671875,380.86328125,1,5.129817481141763,5,1015.582312903046,1430.7580032932206,0.7714285714285715,1.0,1,0.0,5.4,0.09072184232530289,954.1351401645209,1037.5178666827965,874.8116629984961,0.7714285714285715,1015.582312903046,1430.7580032932206,3.957287771166503,1,0.19493870954984274,5.4,thick,thick,0.7714285714285715,True,874.8116629984961
325,477,1370,0,465,454,41.78148883997386,,842.13671875,270.86328125,1,41.78148883997386,42,920.7874856363702,2198.302946630323,0.47959183673469385,0.8095238095238095,2,0.023809523809523836,3.4390243902439024,0.3461399813308491,884.0852862075438,834.0215919905426,874.8116629984961,0.47959183673469385,920.7874856363702,2198.302946630323,20.038060974273176,2,0.04786808836947255,3.4390243902439024,thick,thick,0.47959183673469385,True,874.8116629984961
250,545,1371,0,469,461,35.325408601674,,842.28125,382.2890625,1,35.325408601674,35,986.2655333941391,1859.2260474392444,0.6122448979591837,0.7714285714285715,2,0.05714285714285716,4.545454545454546,0.436959189551305,929.6854447646971,976.0875973337905,874.8116629984961,0.6122448979591837,986.2655333941391,1859.2260474392444,21.627801184698367,2,0.056616471802260315,4.545454545454546,thick,thick,0.6122448979591837,True,874.8116629984961
196,253,1372,0,458,466,43.85056000765827,,845.86328125,52.13671875,1,43.85056000765827,44,966.8441448909582,1670.4850882595952,0.6201298701298701,1.0,1,0.0,4.340909090909091,0.22476531867712754,911.9535675358227,921.1727333443813,874.8116629984961,0.6201298701298701,966.8441448909582,1670.4850882595952,27.193042082671194,1,0.02280472586496855,4.340909090909091,thick,thick,0.6201298701298701,True,874.8116629984961
51,477,1373,0,468,454,70.61579186853258,,865.171875,322.171875,1,70.61579186853258,71,838.8588120136803,1868.9299147390777,0.40040241448692154,0.6056338028169014,2,0.028169014084507005,2.8840579710144927,0.273950013476161,796.6102609165782,762.6796215429617,874.8116629984961,0.40040241448692154,838.8588120136803,1868.9299147390777,28.274733565066366,2,0.02832227674687068,2.8840579710144927,thick,thick,0.40040241448692154,True,874.8116629984961
227,388,1374,0,470,447,33.649650313416956,,845.390625,493.390625,1,33.649650313416956,34,720.0699322933098,1304.5897087102499,0.15546218487394958,0.11764705882352941,6,0.5588235294117647,2.466666666666667,0.5309968298483377,701.5368695185965,705.9499771125495,874.8116629984961,0.15546218487394958,720.0699322933098,1304.5897087102499,5.231248157968182,6,0.1783079450786343,2.466666666666667,reticular,reticular,0.15546218487394958,True,874.8116629984961
227,234,1375,0,470,444,31.83270378109269,,837.5,510.5,1,31.83270378109269,32,837.875814465309,1509.3377611927756,0.34375,0.375,3,0.125,2.75,0.3716646239286801,809.4029674326616,797.72038101259,874.8116629984961,0.34375,837.875814465309,1509.3377611927756,10.942491924750612,3,0.0942427014880802,2.75,discontinuous,discontinuous,0.34375,True,874.8116629984961
99,165,1376,0,448,445,32.889723642081385,,844.24609375,775.24609375,1,32.889723642081385,33,703.75237930338,1244.7997582042922,0.10822510822510822,0.24242424242424243,3,0.696969696969697,2.5,0.447213595499958,709.5264433619803,663.3981968019391,874.8116629984961,0.10822510822510822,703.75237930338,1244.7997582042922,3.5594939006581585,3,0.09121390111534998,2.5,discontinuous,discontinuous,0.10822510822510822,True,874.8116629984961
70,283,1377,0,431,446,37.51100697773168,,848.71875,135.71875,1,37.51100697773168,38,814.490841971308,2213.3251293869707,0.3383458646616541,0.6578947368421053,2,0.10526315789473684,2.6470588235294117,0.3764683188021648,788.4927483702072,721.1882737076078,874.8116629984961,0.3383458646616541,814.490841971308,2213.3251293869707,12.691694090209968,2,0.05331768355851644,2.6470588235294117,punctate,punctate,0.3383458646616541,True,874.8116629984961
70,332,1378,1,431,430,35.13341091704253,,848.1015625,155.90625,2,35.13341091704253,35,900.6843610636283,1584.4239002533554,0.5142857142857142,0.5428571428571428,2,0.02857142857142858,3.7058823529411766,0.40093114096238375,893.7279171028949,848.7898493640922,874.8116629984961,0.5142857142857142,900.6843610636283,1584.4239002533554,18.068611328764728,2,0.05692587049752801,3.7058823529411766,thick,thick,0.5142857142857142,True,874.8116629984961
227,318,1379,0,470,432,17.28435554689841,,835.5078125,534.5,1,17.28435554689841,17,704.8256239320079,1378.953841585021,0.15966386554621848,0.23529411764705882,4,0.5294117647058824,2.375,0.5545080922554073,702.8867244974152,653.924449181837,874.8116629984961,0.15966386554621848,704.8256239320079,1378.953841585021,2.7596870200930232,4,0.23142314963069477,2.375,discontinuous,discontinuous,0.15966386554621848,True,874.8116629984961
610,640,1380,0,471,429,3.0,,836.5,961.5,1,3.0,3,980.9880952380952,1234.125,0.7619047619047619,1.0,1,0.0,5.333333333333333,0.08838834764831845,924.8194444444443,1013.5972222222223,874.8116629984961,0.7619047619047619,980.9880952380952,1234.125,2.2857142857142856,1,0.3333333333333333,5.333333333333333,thick,thick,0.7619047619047619,True,874.8116629984961
238,556,1381,0,443,472,39.46866163242338,,836.5390625,987.5390625,1,39.46866163242338,39,717.9386426091799,1201.938708313562,0.16117216117216118,0.20512820512820512,5,0.5128205128205128,2.3157894736842106,0.5251918185586975,716.6735364895819,677.568225487319,874.8116629984961,0.16117216117216118,717.9386426091799,1201.938708313562,6.361249493870435,5,0.12668278561268762,2.3157894736842106,discontinuous,discontinuous,0.16117216117216118,True,874.8116629984961
51,250,1382,0,468,469,46.38536502625834,,858.83203125,354.83203125,1,46.38536502625834,46,879.1039969248525,1483.8807414794028,0.4782608695652174,0.5652173913043478,2,0.021739130434782594,3.422222222222222,0.48305753021811143,826.7788777326879,833.6363448791737,874.8116629984961,0.4782608695652174,879.1039969248525,1483.8807414794028,22.184305012558337,2,0.043117047777199075,3.422222222222222,thick,thick,0.4782608695652174,True,874.8116629984961
498,610,1383,0,455,471,9.121742346732745,,839.89453125,956.89453125,1,9.121742346732745,9,935.7306288855414,1345.7916797777962,0.5238095238095238,1.0,1,0.0,3.6666666666666665,0.463547228508435,940.5166319253889,851.501590791551,874.8116629984961,0.5238095238095238,935.7306288855414,1345.7916797777962,4.7780555149552475,1,0.10962817869528876,3.6666666666666665,thick,thick,0.5238095238095238,True,874.8116629984961
238,610,1384,0,443,471,18.06286104154775,,844.16796875,966.83203125,1,18.06286104154775,18,746.3988587281898,1308.6942967536067,0.2222222222222222,0.3888888888888889,2,0.5,3.111111111111111,0.46565731465733207,668.1052881079836,757.128150606571,874.8116629984961,0.2222222222222222,746.3988587281898,1308.6942967536067,4.013969120343945,2,0.11072443038783551,3.111111111111111,punctate,punctate,0.2222222222222222,True,874.8116629984961
60,498,1385,0,473,455,33.97362817180891,,844.1328125,914.8671875,1,33.97362817180891,34,675.9228546442721,1290.7757367308398,0.09243697478991597,0.23529411764705882,2,0.6764705882352942,2.0,0.7385489458759964,673.2249115514362,649.3979460364988,874.8116629984961,0.09243697478991597,675.9228546442721,1290.7757367308398,3.1404194108394794,2,0.05886919082900856,2.0,discontinuous,discontinuous,0.09243697478991597,True,874.8116629984961
227,520,1386,0,470,449,18.955488214802937,,848.83203125,540.82421875,1,18.955488214802937,19,758.4780728766066,1290.3072067026105,0.2706766917293233,0.42105263157894735,4,0.26315789473684215,2.5714285714285716,0.48112522432468807,696.1728441392844,742.7712827177194,874.8116629984961,0.2706766917293233,758.4780728766066,1290.3072067026105,5.1308088400970355,4,0.21102067932369445,2.5714285714285716,discontinuous,discontinuous,0.2706766917293233,True,874.8116629984961
139,408,1387,0,450,474,33.88207299506652,,849.75,631.25,1,33.88207299506652,34,740.7524182371881,1311.0491611694736,0.31092436974789917,1.0,1,0.0,2.176470588235294,0.43830472270883397,693.9557588113287,681.6049703198314,874.8116629984961,0.31092436974789917,740.7524182371881,1311.0491611694736,10.534762191743372,1,0.029514132743460156,2.176470588235294,punctate,punctate,0.31092436974789917,True,874.8116629984961
220,408,1388,0,456,474,75.6814844500124,,868.6484375,621.3515625,1,75.6814844500124,76,747.6614742514361,1395.5202757522945,0.22180451127819548,0.35526315789473684,8,0.42105263157894735,2.6818181818181817,0.4754833945459505,722.5476784281541,718.0330275056708,874.8116629984961,0.22180451127819548,747.6614742514361,1395.5202757522945,16.786494671243354,8,0.10570617183498822,2.6818181818181817,reticular,reticular,0.22180451127819548,True,874.8116629984961
7,556,1389,0,463,472,32.4386687540293,,855.1328125,1009.8671875,1,32.4386687540293,32,902.1840940656957,1292.5584368234006,0.5401785714285714,1.0,1,0.0,3.78125,0.29370835775069193,873.0042953199018,874.2323459441648,874.8116629984961,0.5401785714285714,902.1840940656957,1292.5584368234006,17.522673746596183,1,0.03082740563685392,3.78125,thick,thick,0.5401785714285714,True,874.8116629984961
60,412,1390,0,473,452,34.816755162968,,855.71875,890.71875,1,34.816755162968,35,831.8071999003263,1608.925245062615,0.3183673469387755,0.8571428571428571,2,0.08571428571428574,2.4375,0.5223474048067528,849.1505998115114,743.0407478766188,874.8116629984961,0.3183673469387755,831.8071999003263,1608.925245062615,11.084517970251037,2,0.05744360698286013,2.4375,punctate,punctate,0.3183673469387755,True,874.8116629984961
498,635,1391,0,455,475,35.76510783755969,,851.609375,939.609375,1,35.76510783755969,36,833.7162500190327,1461.9253342455256,0.4166666666666667,1.0,1,0.0,2.9166666666666665,0.3464101615137754,779.2991166585472,810.4929445400533,874.8116629984961,0.4166666666666667,833.7162500190327,1461.9253342455256,14.902128265649871,1,0.02796021207434535,2.9166666666666665,thick,thick,0.4166666666666667,True,874.8116629984961
610,635,1392,0,471,475,62.26509191337733,,874.828125,952.171875,1,62.26509191337733,62,739.214968699939,1559.3513270800395,0.19815668202764977,0.3548387096774194,6,0.27419354838709675,1.9111111111111112,0.622283170244635,701.6138280989192,696.2184121866397,874.8116629984961,0.19815668202764977,739.214968699939,1559.3513270800395,12.338244019701499,6,0.09636218008554695,1.9111111111111112,reticular,reticular,0.19815668202764977,True,874.8116629984961
452,627,1393,0,476,460,43.516591052474695,,860.16796875,680.83203125,1,43.516591052474695,44,745.5979996652898,1252.6812723763362,0.2077922077922078,0.4318181818181818,5,0.2954545454545454,2.064516129032258,0.5629338604578694,698.5670670140299,723.666366472038,874.8116629984961,0.2077922077922078,745.5979996652898,1252.6812723763362,9.042408530384353,5,0.11489870596643761,2.064516129032258,discontinuous,discontinuous,0.2077922077922078,True,874.8116629984961
139,452,1394,0,450,476,26.667834657926257,,853.390625,656.390625,1,26.667834657926257,27,761.4304542155008,1332.798268786693,0.26455026455026454,0.8888888888888888,2,0.07407407407407407,2.0,0.4,720.9495819424361,718.9957555879779,874.8116629984961,0.26455026455026454,761.4304542155008,1332.798268786693,7.054982713737105,2,0.07499671516845695,2.0,punctate,punctate,0.26455026455026454,True,874.8116629984961
556,610,1395,0,472,471,55.760133397953936,,874.13671875,984.86328125,1,55.760133397953936,56,811.0247747278466,1527.878594842177,0.3520408163265306,0.5,3,0.1607142857142857,2.9361702127659575,0.6060154935378282,805.7280877706413,747.6846191500757,874.8116629984961,0.3520408163265306,811.0247747278466,1527.878594842177,19.629842879891946,3,0.05380187989489426,2.9361702127659575,discontinuous,discontinuous,0.3520408163265306,True,874.8116629984961
136,178,1396,0,477,438,40.17976231805042,,863.390625,843.390625,1,40.17976231805042,40,770.0397480988694,1440.1741049296106,0.29285714285714287,0.65,2,0.275,2.8275862068965516,0.48321006722338905,753.8022134604664,705.144048262121,874.8116629984961,0.29285714285714287,770.0397480988694,1440.1741049296106,11.766930393143339,2,0.049776302412359384,2.8275862068965516,punctate,punctate,0.29285714285714287,True,874.8116629984961
136,190,1397,0,477,439,5.729833133469634,,852.75,858.25,1,5.729833133469634,6,852.8916792945862,1220.5447070461323,0.42857142857142855,1.0,1,0.0,3.0,0.38490017945975047,855.9037320526272,801.7028109315596,874.8116629984961,0.42857142857142855,852.8916792945862,1220.5447070461323,2.455642771486986,1,0.17452515225246387,3.0,thick,thick,0.42857142857142855,True,874.8116629984961
283,410,1398,0,446,478,17.12316957976002,,854.13671875,113.86328125,1,17.12316957976002,17,914.23540394654,1744.5114582650324,0.47058823529411764,1.0,1,0.0,3.2941176470588234,0.29014422873699863,850.5503532461063,873.4192987849927,874.8116629984961,0.47058823529411764,914.23540394654,1744.5114582650324,8.057962155181185,1,0.058400402760831326,3.2941176470588234,thick,thick,0.47058823529411764,True,874.8116629984961
196,410,1399,0,458,478,29.38791342241529,,863.71875,97.71875,1,29.38791342241529,29,1158.2615891114408,2172.525609440234,0.7684729064039408,1.0,1,0.0,5.379310344827586,0.19778523872489112,1211.859238109472,1028.939235423776,874.8116629984961,0.7684729064039408,1158.2615891114408,2172.525609440234,22.583815240870862,1,0.03402759446124071,5.379310344827586,thick,thick,0.7684729064039408,True,874.8116629984961
78,99,1400,0,467,448,46.47709401035703,,872.859375,765.140625,1,46.47709401035703,46,921.1517519180801,1523.239195960999,0.5714285714285714,1.0,1,0.0,4.0,0.333785924625741,854.4779121991427,902.244646763576,874.8116629984961,0.5714285714285714,921.1517519180801,1523.239195960999,26.558339434489728,1,0.02151597515492596,4.0,thick,thick,0.5714285714285714,True,874.8116629984961
136,412,1401,0,477,452,25.378171974550376,,867.49609375,859.50390625,1,25.378171974550376,25,880.1908056841622,1523.964092329787,0.4342857142857143,0.48,2,0.040000000000000036,3.1666666666666665,0.5289408221642574,844.9261719870191,856.2590175535033,874.8116629984961,0.4342857142857143,880.1908056841622,1523.964092329787,11.021377543233307,2,0.0788078826956343,3.1666666666666665,thick,thick,0.4342857142857143,True,874.8116629984961
325,421,1402,0,465,479,19.677692095717248,,856.8671875,273.140625,1,19.677692095717248,20,790.2717884163097,1427.2068333967684,0.2785714285714286,0.85,2,0.09999999999999998,2.1666666666666665,0.5600084530215783,808.7671993383656,722.5512494925802,874.8116629984961,0.2785714285714286,790.2717884163097,1427.2068333967684,5.481642798092662,2,0.10163793549932058,2.1666666666666665,punctate,punctate,0.2785714285714286,True,874.8116629984961
421,477,1403,0,479,454,55.75820017708838,,865.53515625,305.46484375,1,55.75820017708838,56,843.3638952582886,1368.4101565793283,0.40816326530612246,0.6785714285714286,3,0.1071428571428571,3.2,0.3644344934278313,814.4745325522157,803.5528508725203,874.8116629984961,0.40816326530612246,843.3638952582886,1368.4101565793283,22.75844905187281,3,0.05380374528718613,3.2,thick,thick,0.40816326530612246,True,874.8116629984961
144,520,1404,0,480,449,38.655961146034784,,862.640625,561.359375,1,38.655961146034784,39,635.1194369194021,1058.2863887249391,0.040293040293040296,0.05128205128205128,4,0.8205128205128205,1.5714285714285714,0.8907235428302468,620.1819139479456,620.6594658719254,874.8116629984961,0.040293040293040296,635.1194369194021,1058.2863887249391,1.5575662000233796,4,0.1034769251989045,1.5714285714285714,discontinuous,discontinuous,0.040293040293040296,False,874.8116629984961
144,227,1405,0,480,470,19.998316127366323,,868.1328125,539.8671875,1,19.998316127366323,20,741.1842368020375,1167.6417820354495,0.19285714285714287,0.35,4,0.4,2.25,0.6051901717914145,718.6019845337271,724.0912165283646,874.8116629984961,0.19285714285714287,741.1842368020375,1167.6417820354495,3.856818110277791,4,0.20001684014416968,2.25,discontinuous,discontinuous,0.19285714285714287,True,874.8116629984961
250,290,1406,0,469,481,46.47753321399539,,881.390625,375.6796875,1,46.47753321399539,46,914.9877147276545,1908.6544787658593,0.5186335403726708,1.0,1,0.0,3.630434782608696,0.41160859535531497,875.367186304238,841.2724030896961,874.8116629984961,0.5186335403726708,914.9877147276545,1908.6544787658593,24.10480759856283,1,0.021515771833150524,3.630434782608696,thick,thick,0.5186335403726708,True,874.8116629984961
290,545,1407,0,481,461,44.110476203930304,,873.24609375,397.75390625,1,44.110476203930304,44,839.4790961060492,1961.8159420384359,0.36688311688311687,0.7954545454545454,3,0.045454545454545414,2.6904761904761907,0.3487444335440359,792.0465954100368,737.3705256397584,874.8116629984961,0.36688311688311687,839.4790961060492,1961.8159420384359,16.183388996896507,3,0.06801105447446282,2.6904761904761907,discontinuous,discontinuous,0.36688311688311687,True,874.8116629984961
60,635,1408,0,473,475,37.88644676355669,,868.49609375,908.49609375,1,37.88644676355669,38,729.5648211480917,1497.8202867636803,0.16917293233082706,0.21052631578947367,6,0.3157894736842105,1.7307692307692308,0.44053839114664467,676.1212128409454,708.2891375520285,874.8116629984961,0.16917293233082706,729.5648211480917,1497.8202867636803,6.409361294586658,6,0.15836797885653012,1.7307692307692308,reticular,reticular,0.16917293233082706,True,874.8116629984961
70,410,1409,0,431,478,22.156011539081717,,868.828125,124.171875,1,22.156011539081717,22,1059.2307345791749,2184.5035759400594,0.6948051948051948,1.0,1,0.0,4.863636363636363,0.1785511511639514,1041.6944298059882,988.0396975836836,874.8116629984961,0.6948051948051948,1059.2307345791749,2184.5035759400594,15.394111913517815,1,0.0451344773059026,4.863636363636363,thick,thick,0.6948051948051948,True,874.8116629984961
408,452,1411,0,474,476,66.93331401605185,,886.38671875,662.60546875,1,66.93331401605185,67,663.6624316324186,1505.9603093393087,0.12153518123667377,0.14925373134328357,4,0.5522388059701493,1.9,0.6130317617423211,647.8330612914915,632.3617182376387,874.8116629984961,0.12153518123667377,663.6624316324186,1505.9603093393087,8.134752449712058,4,0.05976097342260277,1.9,discontinuous,discontinuous,0.12153518123667377,True,874.8116629984961
421,603,1412,0,479,462,28.18712533442384,,872.72265625,265.27734375,1,28.18712533442384,28,878.1433608484967,1473.4668139062107,0.4642857142857143,1.0,1,0.0,3.25,0.35489572004297015,825.335907906528,829.3967489311898,874.8116629984961,0.4642857142857143,878.1433608484967,1473.4668139062107,13.086879619553926,1,0.035477189962991325,3.25,thick,thick,0.4642857142857143,True,874.8116629984961
163,227,1413,0,459,470,20.20460231477662,,867.28125,496.71875,1,20.20460231477662,20,706.7714922570769,1009.6217628494871,0.06428571428571428,0.1,3,0.8,2.25,0.9622504486493764,714.2828382523022,679.4872514623063,874.8116629984961,0.06428571428571428,706.7714922570769,1009.6217628494871,1.298867291664211,3,0.14848102196032598,2.25,discontinuous,discontinuous,0.06428571428571428,True,874.8116629984961
144,220,1414,0,480,456,21.645609353088105,,871.13671875,583.86328125,1,21.645609353088105,22,552.170672273131,1063.9872503492916,0.01948051948051948,0.045454545454545456,1,0.9545454545454546,3.0,,547.8983543399789,547.8930016195299,874.8116629984961,0.01948051948051948,552.170672273131,1063.9872503492916,0.4216677146705475,1,0.04619874560645406,3.0,minimal,minimal,0.01948051948051948,False,874.8116629984961
8,99,1415,0,482,448,102.28096920976535,,888.171875,797.171875,1,102.28096920976535,102,858.3895022286496,1935.2131286399908,0.38795518207282914,0.46078431372549017,4,0.2450980392156863,3.5974025974025974,0.46181173698042977,833.9650809715616,811.8087387811477,874.8116629984961,0.38795518207282914,858.3895022286496,1935.2131286399908,39.680432032359946,4,0.039107959485566716,3.5974025974025974,discontinuous,discontinuous,0.38795518207282914,True,874.8116629984961
8,178,1416,0,482,438,14.122340426567543,,869.5,828.5,1,14.122340426567543,14,846.4511147207247,1471.302273405486,0.24489795918367346,0.2857142857142857,3,0.5,3.4285714285714284,0.4639803635691685,809.8527147577612,842.4187840824014,874.8116629984961,0.24489795918367346,846.4511147207247,1471.302273405486,3.45853234936348,3,0.21242937851549543,3.4285714285714284,discontinuous,discontinuous,0.24489795918367346,True,874.8116629984961
253,395,1417,0,466,483,24.505846672201745,,869.390625,48.390625,1,24.505846672201745,25,884.260209985202,2294.1315963248258,0.42857142857142855,0.84,2,0.040000000000000036,3.125,0.3241398874971525,835.3745563975732,845.5111350728909,874.8116629984961,0.42857142857142855,884.260209985202,2294.1315963248258,10.50250571665789,2,0.08161317691866178,3.125,thick,thick,0.42857142857142855,True,874.8116629984961
196,395,1418,0,458,483,29.50281023850531,,871.46484375,71.53515625,1,29.50281023850531,30,858.2061501762425,1516.041283674411,0.45714285714285713,1.0,1,0.0,3.2,0.2841287853538719,817.7992852438267,777.6017308382354,874.8116629984961,0.45714285714285713,858.2061501762425,1516.041283674411,13.486998966173857,1,0.03389507616107904,3.2,thick,thick,0.45714285714285713,True,874.8116629984961
70,535,1419,0,431,484,72.16201881891804,,867.50390625,181.50390625,1,72.16201881891804,72,784.8206793885502,1911.9589443230132,0.3333333333333333,0.8194444444444444,2,0.01388888888888884,2.3661971830985915,0.4555030111835474,723.3480857729771,744.3080924707424,874.8116629984961,0.3333333333333333,784.8206793885502,1911.9589443230132,24.05400627297268,2,0.027715410859260478,2.3661971830985915,punctate,punctate,0.3333333333333333,True,874.8116629984961
452,597,1420,0,476,451,21.07930240843842,,874.25,709.75,1,21.07930240843842,21,728.7405730367038,1091.9049726926871,0.16326530612244897,0.38095238095238093,3,0.38095238095238093,1.8461538461538463,0.46770717334674267,690.6089802270226,703.8152921420552,874.8116629984961,0.16326530612244897,728.7405730367038,1091.9049726926871,3.441518760561374,3,0.14231970023823212,1.8461538461538463,discontinuous,discontinuous,0.16326530612244897,True,874.8116629984961
253,615,1421,0,466,485,19.941557029283594,,870.46484375,27.53515625,1,19.941557029283594,20,906.1766938912797,1955.248209799746,0.4857142857142857,1.0,1,0.0,3.4,0.3989605872426629,877.4276300007871,860.2390533447112,874.8116629984961,0.4857142857142857,906.1766938912797,1955.248209799746,9.685899128509174,1,0.05014653562565497,3.4,thick,thick,0.4857142857142857,True,874.8116629984961
147,615,1422,0,464,485,20.75314776054877,,871.53515625,10.46484375,1,20.75314776054877,21,806.7594968578791,1396.875,0.35374149659863946,1.0,1,0.0,2.4761904761904763,0.20169400926349065,757.5366472911993,760.6887481438876,874.8116629984961,0.35374149659863946,806.7594968578791,1396.875,7.341249547949225,1,0.048185461383404,2.4761904761904763,punctate,punctate,0.35374149659863946,True,874.8116629984961
430,597,1424,0,486,451,17.349137966705683,,875.75,724.75,1,17.349137966705683,17,803.3267091395967,1418.7254953657796,0.24369747899159663,0.35294117647058826,2,0.4117647058823529,2.9,0.42091571088736907,779.5818638411102,781.7648646402952,874.8116629984961,0.24369747899159663,803.3267091395967,1418.7254953657796,4.22794118516357,2,0.11527950286856628,2.9,punctate,punctate,0.24369747899159663,True,874.8116629984961
78,430,1425,0,467,486,43.94133144427377,,882.24609375,749.75390625,1,43.94133144427377,44,927.6333236512017,2021.9274999950785,0.538961038961039,1.0,1,0.0,3.772727272727273,0.3909633913153723,887.4899040372791,847.0871765949855,874.8116629984961,0.538961038961039,927.6333236512017,2021.9274999950785,23.682665648537164,1,0.022757617193921314,3.772727272727273,thick,thick,0.538961038961039,True,874.8116629984961
412,463,1426,0,452,487,19.23723736969761,,877.75,875.75,1,19.23723736969761,19,886.7942790271421,1531.5998711545517,0.43609022556390975,0.8947368421052632,1,0.10526315789473684,3.411764705882353,0.3025849788755904,841.4535790107393,850.321047779859,874.8116629984961,0.43609022556390975,886.7942790271421,1531.5998711545517,8.389171183777904,1,0.051982516032951516,3.411764705882353,thick,thick,0.43609022556390975,True,874.8116629984961
60,463,1427,0,473,487,10.976971571304274,,873.86328125,887.13671875,1,10.976971571304274,11,756.6555332243439,1148.557975557494,0.09090909090909091,0.09090909090909091,2,0.8181818181818181,3.5,0.7142857142857143,761.9209440117106,736.0277599729416,874.8116629984961,0.09090909090909091,756.6555332243439,1148.557975557494,0.9979065064822068,2,0.182199615532243,3.5,minimal,minimal,0.09090909090909091,True,874.8116629984961
127,556,1429,0,488,472,53.60906271035424,,888.86328125,1004.86328125,1,53.60906271035424,54,886.9935698628046,1710.3060725081364,0.46296296296296297,0.4074074074074074,3,0.12962962962962965,3.723404255319149,0.49149501211993546,877.8233099527112,835.88032992212,874.8116629984961,0.46296296296296297,886.9935698628046,1710.3060725081364,24.819010514052888,3,0.05596068739736742,3.723404255319149,thick,thick,0.46296296296296297,True,874.8116629984961
140,227,1431,0,489,470,41.1203294457749,,872.5,521.5,1,41.1203294457749,41,806.1602531215894,1345.3964548836766,0.3588850174216028,0.7804878048780488,2,0.024390243902439046,2.575,0.41543869699678965,739.2842708692723,804.7839336848208,874.8116629984961,0.3588850174216028,806.1602531215894,1345.3964548836766,14.75747014952897,2,0.048637742619192445,2.575,punctate,punctate,0.3588850174216028,True,874.8116629984961
395,615,1432,0,483,485,19.486211248930708,,881.5,35.5,1,19.486211248930708,19,884.0427562773037,2130.0209437009917,0.39849624060150374,0.3684210526315789,3,0.21052631578947367,3.533333333333333,0.47207532087535115,840.6668780156874,874.9648541319025,874.8116629984961,0.39849624060150374,884.0427562773037,2130.0209437009917,7.76518192626562,3,0.15395501781623264,3.533333333333333,discontinuous,discontinuous,0.39849624060150374,True,874.8116629984961
395,410,1433,0,483,478,32.94434699638673,,882.5,96.5,1,32.94434699638673,33,990.8252099034224,2003.0811301580598,0.6493506493506493,1.0,1,0.0,4.545454545454546,0.30199337741082993,959.004483276377,925.2904466404266,874.8116629984961,0.6493506493506493,990.8252099034224,2003.0811301580598,21.392433114536836,1,0.030354221320874203,4.545454545454546,thick,thick,0.6493506493506493,True,874.8116629984961
140,163,1434,0,489,459,34.37749740036188,,886.38671875,491.68359375,1,34.37749740036188,34,836.3453397475095,1646.1741609273295,0.36554621848739494,0.5588235294117647,5,0.17647058823529416,3.107142857142857,0.598032622497865,823.5326050710069,796.3209101232156,874.8116629984961,0.36554621848739494,836.3453397475095,1646.1741609273295,12.566564175762537,5,0.14544397870996179,3.107142857142857,discontinuous,discontinuous,0.36554621848739494,True,874.8116629984961
8,136,1435,0,482,477,22.902394637208516,,885.53515625,832.46484375,1,22.902394637208516,23,934.4913362986038,1687.9708037413375,0.577639751552795,1.0,1,0.0,4.043478260869565,0.36811274771233743,866.5593220417667,920.6294556956184,874.8116629984961,0.577639751552795,934.4913362986038,1687.9708037413375,13.229333548201192,1,0.043663556402759034,4.043478260869565,thick,thick,0.577639751552795,True,874.8116629984961
535,603,1436,0,484,462,5.729833133469634,,878.25,217.75,1,5.729833133469634,6,780.4478984310941,1262.6947118584178,0.30952380952380953,1.0,1,0.0,2.1666666666666665,0.6201736729460424,734.3610974654854,715.2630038747617,874.8116629984961,0.30952380952380953,780.4478984310941,1262.6947118584178,1.7735197794072677,1,0.17452515225246387,2.1666666666666665,punctate,punctate,0.30952380952380953,True,874.8116629984961
140,144,1437,0,489,480,14.651337020808056,,883.1328125,545.8671875,1,14.651337020808056,15,784.8221917240452,1250.161240815844,0.2761904761904762,0.4,3,0.19999999999999996,2.4166666666666665,0.31415288203945857,769.1990659308054,738.9555650654045,874.8116629984961,0.2761904761904762,784.8221917240452,1250.161240815844,4.04655974860413,3,0.2047594697834985,2.4166666666666665,discontinuous,discontinuous,0.2761904761904762,True,874.8116629984961
463,635,1438,0,487,475,22.248627263059085,,887.64453125,892.35546875,1,22.248627263059085,22,812.3562402974289,1251.6118669672578,0.2922077922077922,0.6818181818181818,3,0.13636363636363635,2.3684210526315788,0.3925227051701265,758.4086747722863,813.1335588523074,874.8116629984961,0.2922077922077922,812.3562402974289,1251.6118669672578,6.50122225219259,3,0.1348397797549112,2.3684210526315788,discontinuous,discontinuous,0.2922077922077922,True,874.8116629984961
30,70,1439,0,490,431,41.54359578341227,,887.9765625,144.0234375,1,41.54359578341227,42,926.2370156484631,1576.4547824957099,0.5884353741496599,0.7380952380952381,2,0.19047619047619047,5.088235294117647,0.31025981272415365,849.3680585423991,943.9127426964203,874.8116629984961,0.5884353741496599,926.2370156484631,1576.4547824957099,24.445721328334432,2,0.04814219766692824,5.088235294117647,thick,thick,0.5884353741496599,True,874.8116629984961
180,412,1440,0,491,452,11.664905547039353,,882.98828125,864.01171875,1,11.664905547039353,12,1014.4916477577793,1439.2409960455846,0.6666666666666666,0.6666666666666666,2,0.16666666666666663,5.6,0.2901442287369986,948.8511943970801,1029.5630406411926,874.8116629984961,0.6666666666666666,1014.4916477577793,1439.2409960455846,7.776603698026236,2,0.17145445301163334,5.6,thick,thick,0.6666666666666666,True,874.8116629984961
30,410,1441,0,490,478,11.883578905458148,,885.53125,124.53125,1,11.883578905458148,12,995.8497433472565,1703.3226304345822,0.6309523809523809,1.0,1,0.0,4.416666666666667,0.26882654431650954,971.8676163244639,921.1326027614158,874.8116629984961,0.6309523809523809,995.8497433472565,1703.3226304345822,7.497972404634307,1,0.08414973367498728,4.416666666666667,thick,thick,0.6309523809523809,True,874.8116629984961
250,477,1442,0,469,454,6.0,,882.5,346.5,1,6.0,6,857.7589285714286,1142.0,0.40476190476190477,1.0,1,0.0,2.8333333333333335,0.6885117594540955,838.6874999999999,812.3611111111112,874.8116629984961,0.40476190476190477,857.7589285714286,1142.0,2.428571428571429,1,0.16666666666666666,2.8333333333333335,thick,thick,0.40476190476190477,True,874.8116629984961
136,180,1443,0,477,491,42.0870541506422,,896.390625,851.390625,1,42.0870541506422,42,829.7508354152245,1403.5613593071698,0.36394557823129253,0.2857142857142857,4,0.3571428571428571,3.962962962962963,0.426028834394074,847.8305304027747,782.9838389795096,874.8116629984961,0.36394557823129253,829.7508354152245,1403.5613593071698,15.317397258907198,4,0.09504110184767979,3.962962962962963,discontinuous,discontinuous,0.36394557823129253,True,874.8116629984961
160,603,1444,0,492,462,71.02637258846303,,898.35546875,242.64453125,1,71.02637258846303,71,785.3125907984429,1637.3468102686327,0.26961770623742454,0.3380281690140845,5,0.3802816901408451,3.0454545454545454,0.3566508401596573,708.9148338064302,803.577652605664,874.8116629984961,0.26961770623742454,785.3125907984429,1637.3468102686327,19.14996765966609,5,0.07039638683184224,3.0454545454545454,discontinuous,discontinuous,0.26961770623742454,True,874.8116629984961
144,387,1445,0,480,493,38.44391783319193,,884.171875,568.171875,1,38.44391783319193,38,720.2462835017444,1183.4454754635158,0.19924812030075187,0.2631578947368421,3,0.5263157894736843,2.9444444444444446,0.383441536469841,693.9237609993025,705.7243330263767,874.8116629984961,0.19924812030075187,720.2462835017444,1183.4454754635158,7.659878365260046,3,0.07803575101312496,2.9444444444444446,discontinuous,discontinuous,0.19924812030075187,True,874.8116629984961
160,535,1446,0,492,484,27.61427708916051,,893.46484375,215.53515625,1,27.61427708916051,28,719.1519777680467,1704.835496833096,0.1989795918367347,0.35714285714285715,2,0.5714285714285714,3.25,0.4374031310059482,709.4085162368783,669.6108926437612,874.8116629984961,0.1989795918367347,719.1519777680467,1704.835496833096,5.494677584067652,2,0.07242630301501046,3.25,punctate,punctate,0.1989795918367347,True,874.8116629984961
220,387,1447,0,456,493,27.168629179560746,,893.49609375,589.49609375,1,27.168629179560746,27,1009.1220172544122,1841.889491522968,0.6296296296296297,1.0,1,0.0,4.407407407407407,0.22485862454217903,955.8034829882531,941.7447859334804,874.8116629984961,0.6296296296296297,1009.1220172544122,1841.889491522968,17.10617392787158,1,0.036807157011525295,4.407407407407407,thick,thick,0.6296296296296297,True,874.8116629984961
430,452,1448,0,486,476,22.485953797848794,,891.64453125,719.35546875,1,22.485953797848794,22,792.9728950100666,1187.7764711572095,0.2857142857142857,0.5,3,0.2272727272727273,2.588235294117647,0.35208939510976517,778.8857802404217,741.5538527637736,874.8116629984961,0.2857142857142857,792.9728950100666,1187.7764711572095,6.424558227956798,3,0.13341662208195976,2.588235294117647,discontinuous,discontinuous,0.2857142857142857,True,874.8116629984961
180,463,1449,0,491,487,61.22162552003299,,911.75390625,865.24609375,1,61.22162552003299,61,750.5485350740469,1658.0102778543476,0.20374707259953162,0.16393442622950818,8,0.47540983606557374,2.71875,0.6386296268086943,737.3281885197672,710.0891537833817,874.8116629984961,0.20374707259953162,750.5485350740469,1658.0102778543476,12.473726979491499,8,0.1306727799539108,2.71875,reticular,reticular,0.20374707259953162,True,874.8116629984961
63,477,1450,0,494,454,19.921482882986048,,891.83203125,338.83203125,1,19.921482882986048,20,739.7252388446698,1369.9459786031744,0.15,0.25,4,0.5,2.1,0.6190476190476191,727.9400210602918,708.0933974099644,874.8116629984961,0.15,739.7252388446698,1369.9459786031744,2.988222432447907,4,0.20078826578799522,2.1,discontinuous,discontinuous,0.15,True,874.8116629984961
63,250,1451,0,494,469,24.10047250931874,,891.61328125,356.38671875,1,24.10047250931874,24,878.7851686384407,1349.4433806302284,0.49404761904761907,0.7916666666666666,2,0.08333333333333337,3.772727272727273,0.43723487497889285,890.3060606537252,827.4309638072385,874.8116629984961,0.49404761904761907,878.7851686384407,1349.4433806302284,11.906781061151522,2,0.0829859248289292,3.772727272727273,thick,thick,0.49404761904761907,True,874.8116629984961
160,421,1452,0,492,479,30.18749519469652,,892.1015625,282.8984375,1,30.18749519469652,30,927.552401111186,1545.8020470464476,0.5761904761904761,1.0,1,0.0,4.033333333333333,0.2825672892112192,815.2036000429326,940.9119694457586,874.8116629984961,0.5761904761904761,927.552401111186,1545.8020470464476,17.3937472312299,1,0.03312629926896633,4.033333333333333,thick,thick,0.5761904761904761,True,874.8116629984961
140,387,1453,0,489,493,10.38417886531276,,889.8671875,546.8671875,1,10.38417886531276,10,833.1988811647358,1681.415189116407,0.34285714285714286,0.5,2,0.09999999999999998,2.6666666666666665,0.6373774391990982,796.5536048434315,767.8439076954982,874.8116629984961,0.34285714285714286,833.1988811647358,1681.415189116407,3.5602898966786607,2,0.19260068859953733,2.6666666666666665,punctate,punctate,0.34285714285714286,True,874.8116629984961
163,290,1454,0,459,481,32.04020375756047,,901.75390625,408.75390625,1,32.04020375756047,32,840.7523450123551,1544.693418100274,0.44642857142857145,1.0,1,0.0,3.125,0.47159304490206383,826.3329900624956,755.5507725723719,874.8116629984961,0.44642857142857145,840.7523450123551,1544.693418100274,14.303662391768068,1,0.031210787782959458,3.125,thick,thick,0.44642857142857145,True,874.8116629984961
82,410,1455,0,495,478,16.590464589256385,,895.390625,118.609375,1,16.590464589256385,17,990.0074342519392,1689.3787358436036,0.6638655462184874,1.0,1,0.0,4.647058823529412,0.22070374397674294,984.740902872366,863.179709573883,874.8116629984961,0.6638655462184874,990.0074342519392,1689.3787358436036,11.013837836565163,1,0.060275587499073274,4.647058823529412,thick,thick,0.6638655462184874,True,874.8116629984961
30,82,1456,0,490,495,31.48219384679728,,902.49609375,131.50390625,1,31.48219384679728,31,935.1530729354083,1541.3126977000368,0.5161290322580645,0.8064516129032258,3,0.12903225806451613,4.148148148148148,0.4081831946665164,950.928526387069,869.3944308286068,874.8116629984961,0.5161290322580645,935.1530729354083,1541.3126977000368,16.248874243508272,3,0.09529196137343501,4.148148148148148,thick,thick,0.5161290322580645,True,874.8116629984961
216,615,1457,0,496,485,37.262164272609596,,900.16796875,18.16796875,1,37.262164272609596,37,835.7009013729859,1926.7042822241644,0.3590733590733591,0.8378378378378378,2,0.10810810810810811,2.8181818181818183,0.562438573360087,805.8265428378252,804.0092314784,874.8116629984961,0.3590733590733591,835.7009013729859,1926.7042822241644,13.379850491709238,2,0.05367374759469207,2.8181818181818183,punctate,punctate,0.3590733590733591,True,874.8116629984961
216,395,1458,0,496,483,32.38640044936232,,899.8671875,48.1328125,1,32.38640044936232,32,782.5092394845213,1306.6581670147903,0.35267857142857145,0.5625,2,0.0625,2.6333333333333333,0.33226341135206805,736.2575026087409,741.1664876452712,874.8116629984961,0.35267857142857145,782.5092394845213,1306.6581670147903,11.421989444194747,2,0.061754315769889136,2.6333333333333333,punctate,punctate,0.35267857142857145,True,874.8116629984961
23,140,1459,0,497,489,47.62559408934796,,896.27734375,523.27734375,1,47.62559408934796,48,917.3724357863724,1692.4072217176204,0.5089285714285714,1.0,1,0.0,3.5625,0.3385252780913755,842.8260561562441,877.9935448565544,874.8116629984961,0.5089285714285714,917.3724357863724,1692.4072217176204,24.238025563328872,1,0.02099711340343494,3.5625,thick,thick,0.5089285714285714,True,874.8116629984961
160,477,1460,0,492,454,16.445375343784754,,898.640625,299.640625,1,16.445375343784754,16,810.0244505914397,1513.6538065998107,0.3482142857142857,0.6875,2,0.1875,3.0,0.34591634777518054,813.473410739201,745.1034304543492,874.8116629984961,0.3482142857142857,810.0244505914397,1513.6538065998107,5.726514628639333,2,0.12161473716413931,3.0,punctate,punctate,0.3482142857142857,True,874.8116629984961
99,430,1461,0,448,486,23.238068593975072,,904.83203125,768.82421875,1,23.238068593975072,23,929.463248945984,1701.1426508908335,0.5341614906832298,1.0,1,0.0,3.739130434782609,0.38810044809950317,952.1218604131535,791.1291479804293,874.8116629984961,0.5341614906832298,929.463248945984,1701.1426508908335,12.41288136075687,1,0.043032836225436986,3.739130434782609,thick,thick,0.5341614906832298,True,874.8116629984961
23,387,1462,0,497,493,30.464218818949035,,908.171875,549.828125,1,30.464218818949035,30,890.297170860191,1621.463855129023,0.47619047619047616,1.0,1,0.0,3.3333333333333335,0.33166247903553997,830.9628139095249,822.3745807019848,874.8116629984961,0.47619047619047616,890.297170860191,1621.463855129023,14.506770866166207,1,0.032825394471562505,3.3333333333333335,thick,thick,0.47619047619047616,True,874.8116629984961
132,635,1463,0,498,475,68.96010206575427,,905.24609375,920.75390625,1,68.96010206575427,69,744.6809668730621,1377.080231381201,0.18840579710144928,0.2463768115942029,4,0.4492753623188406,2.3947368421052633,0.45481762827637084,708.9320756956624,711.9920633875616,874.8116629984961,0.18840579710144928,744.6809668730621,1377.080231381201,12.992482997895733,4,0.058004554520321806,2.3947368421052633,discontinuous,discontinuous,0.18840579710144928,True,874.8116629984961
8,180,1464,0,482,491,45.315896449228354,,916.2421875,820.2421875,1,45.315896449228354,45,899.162384403725,1531.6710499771818,0.49523809523809526,1.0,1,0.0,3.466666666666667,0.34722057856284205,865.6296633478634,845.1540302146483,874.8116629984961,0.49523809523809526,899.162384403725,1531.6710499771818,22.442158241522616,1,0.02206731143717732,3.466666666666667,thick,thick,0.49523809523809526,True,874.8116629984961
229,535,1465,0,499,484,39.67303015827332,,900.5,189.5,1,39.67303015827332,40,961.260139124816,1889.8851253178982,0.5321428571428571,1.0,1,0.0,3.725,0.3889723525058282,917.3965488567468,852.7515109069187,874.8116629984961,0.5321428571428571,961.260139124816,1889.8851253178982,21.111719619938302,1,0.025206040375805837,3.725,thick,thick,0.5321428571428571,True,874.8116629984961
163,179,1466,0,459,500,65.91273756875549,,905.75,441.75,1,65.91273756875549,66,972.073657346519,1716.8023873425132,0.6125541125541125,1.0,1,0.0,4.287878787878788,0.2976808979718353,952.5823076973381,887.4986972307943,874.8116629984961,0.6125541125541125,972.073657346519,1716.8023873425132,40.37511846744113,1,0.015171574370687774,4.287878787878788,thick,thick,0.6125541125541125,True,874.8116629984961
132,463,1467,0,498,487,19.557690735429617,,905.86328125,885.93359375,1,19.557690735429617,20,890.15145881799,1543.8873182817279,0.40714285714285714,0.55,2,0.09999999999999998,3.1666666666666665,0.42432935517360787,855.4499397730788,861.0610178165132,874.8116629984961,0.40714285714285714,890.15145881799,1543.8873182817279,7.962774085139201,2,0.10226156180989773,3.1666666666666665,thick,thick,0.40714285714285714,True,874.8116629984961
395,550,1468,0,483,501,34.29211142906601,,907.24609375,81.24609375,1,34.29211142906601,34,756.9730268299832,1187.1829041180565,0.27310924369747897,0.6764705882352942,3,0.05882352941176472,2.03125,0.5146378056516224,728.25713743565,717.2075954378798,874.8116629984961,0.27310924369747897,756.9730268299832,1187.1829041180565,9.365492617181893,3,0.08748367700267061,2.03125,discontinuous,discontinuous,0.27310924369747897,True,874.8116629984961
410,550,1469,0,478,501,12.877770595078601,,903.75,100.25,1,12.877770595078601,13,793.5780109708002,1238.8689618716107,0.3956043956043956,1.0,1,0.0,2.769230769230769,0.2886751345948129,737.854503244956,745.1966255206746,874.8116629984961,0.3956043956043956,793.5780109708002,1238.8689618716107,5.094502652998128,1,0.0776531925783926,2.769230769230769,punctate,punctate,0.3956043956043956,True,874.8116629984961
70,229,1470,0,431,499,20.102123597309145,,905.828125,165.171875,1,20.102123597309145,20,1081.928969868124,1868.0727087473776,0.7928571428571428,1.0,1,0.0,5.55,0.22414153702026537,1031.1170025758408,1036.344462984111,874.8116629984961,0.7928571428571428,1081.928969868124,1868.0727087473776,15.93811228072368,1,0.049745988037495664,5.55,thick,thick,0.7928571428571428,True,874.8116629984961
391,477,1471,0,502,454,32.84834705207581,,907.31640625,320.31640625,1,32.84834705207581,33,1016.8853424499896,1801.3040036733496,0.7142857142857143,1.0,1,0.0,5.0,0.2088931871468374,1048.2620557624791,873.3830400890162,874.8116629984961,0.7142857142857143,1016.8853424499896,1801.3040036733496,23.463105037197007,1,0.03044293213337827,5.0,thick,thick,0.7142857142857143,True,874.8116629984961
127,610,1472,0,488,471,27.768797843807157,,905.359375,973.359375,1,27.768797843807157,28,915.7529327462636,1302.683066950056,0.5816326530612245,1.0,1,0.0,4.071428571428571,0.26198569338715927,957.0453782425192,816.0194402406887,874.8116629984961,0.5816326530612245,915.7529327462636,1302.683066950056,16.151239562214368,1,0.03601164175794576,4.071428571428571,thick,thick,0.5816326530612245,True,874.8116629984961
63,391,1473,0,494,502,16.095768824549502,,906.09375,337.8984375,1,16.095768824549502,16,1079.7248988900674,1917.4140474111923,0.7321428571428571,1.0,1,0.0,5.125,0.1672110878146596,1020.6020231734319,1065.6016532789633,874.8116629984961,0.7321428571428571,1079.7248988900674,1917.4140474111923,11.784402175116599,1,0.062128128882839403,5.125,thick,thick,0.7321428571428571,True,874.8116629984961
198,250,1474,0,503,469,9.6959961933652,,902.5,364.5,1,9.6959961933652,10,887.0283948542417,1363.742121072139,0.44285714285714284,0.7,1,0.30000000000000004,4.428571428571429,0.37894645562808804,795.8049974965356,933.1657967076383,874.8116629984961,0.44285714285714284,887.0283948542417,1363.742121072139,4.293941171347446,1,0.1031353540221357,4.428571428571429,thick,thick,0.44285714285714284,True,874.8116629984961
23,163,1475,0,497,459,7.24054940969522,,902.8984375,496.8984375,1,7.24054940969522,7,936.4558458067095,1445.515056674626,0.5510204081632653,1.0,1,0.0,3.857142857142857,0.46848557928420437,826.8851379483474,983.0023366342505,874.8116629984961,0.5510204081632653,936.4558458067095,1445.515056674626,3.989690491056549,1,0.13811106635927142,3.857142857142857,thick,thick,0.5510204081632653,True,874.8116629984961
198,290,1476,0,503,481,69.36715250987876,,933.16796875,378.16796875,1,69.36715250987876,69,932.2018830775733,2426.1913528163986,0.567287784679089,1.0,1,0.0,3.971014492753623,0.3292367302582164,893.7624755935785,872.7161677567053,874.8116629984961,0.567287784679089,932.2018830775733,2426.1913528163986,39.35113827682564,1,0.014416045113825125,3.971014492753623,thick,thick,0.567287784679089,True,874.8116629984961
220,452,1477,0,456,476,12.732004451855488,,907.75,633.75,1,12.732004451855488,13,829.3622443482825,1528.0819024689754,0.4065934065934066,1.0,1,0.0,2.8461538461538463,0.33321156772805277,802.0948080703206,755.5157315757162,874.8116629984961,0.4065934065934066,829.3622443482825,1528.0819024689754,5.176749062842341,1,0.07854222827060556,2.8461538461538463,thick,thick,0.4065934065934066,True,874.8116629984961
63,198,1478,0,494,503,19.951338456904708,,908.4609375,354.4609375,1,19.951338456904708,20,867.918058724886,1674.5031677681586,0.3357142857142857,0.3,4,0.44999999999999996,4.2727272727272725,0.4125684985035174,824.3603882499283,849.8936773860581,874.8116629984961,0.3357142857142857,867.918058724886,1674.5031677681586,6.697949339103722,4,0.20048780229156457,4.2727272727272725,discontinuous,discontinuous,0.3357142857142857,True,874.8116629984961
444,452,1479,0,504,476,21.705586522661214,,904.6796875,708.6796875,1,21.705586522661214,22,767.172419059947,1305.8584484118064,0.2987012987012987,0.6363636363636364,2,0.045454545454545414,2.1904761904761907,0.5199243801348433,729.4717177428093,729.4924370710875,874.8116629984961,0.2987012987012987,767.172419059947,1305.8584484118064,6.4834868833923105,2,0.09214217721838322,2.1904761904761907,punctate,punctate,0.2987012987012987,True,874.8116629984961
430,444,1480,0,486,504,43.67267297537833,,916.13671875,736.86328125,1,43.67267297537833,44,791.5852486079276,1317.2397788295825,0.33766233766233766,0.6590909090909091,2,0.11363636363636365,2.6666666666666665,0.31008683647302115,758.9267961946898,756.9559602736653,874.8116629984961,0.33766233766233766,791.5852486079276,1317.2397788295825,14.746616848829047,2,0.045795227627298075,2.6666666666666665,punctate,punctate,0.33766233766233766,True,874.8116629984961
410,565,1481,0,478,505,13.92539202841369,,904.640625,110.640625,1,13.92539202841369,14,720.1436633709482,1613.629783223854,0.14285714285714285,0.14285714285714285,2,0.7142857142857143,3.5,0.31943828249996997,662.3500251844553,750.0855225351754,874.8116629984961,0.14285714285714285,720.1436633709482,1613.629783223854,1.9893417183448128,2,0.14362252753237784,3.5,discontinuous,discontinuous,0.14285714285714285,True,874.8116629984961
82,565,1482,0,495,505,22.674123983643938,,913.53125,120.53125,1,22.674123983643938,23,886.2024892271494,1697.9763555057693,0.453416149068323,1.0,1,0.0,3.1739130434782608,0.31714621651480074,823.8053461999361,820.2887767812191,874.8116629984961,0.453416149068323,886.2024892271494,1697.9763555057693,10.280813980161538,1,0.0441031371585228,3.1739130434782608,thick,thick,0.453416149068323,True,874.8116629984961
163,244,1483,0,459,506,30.23226209669075,,907.27734375,483.27734375,1,30.23226209669075,30,883.41585488742,1568.9875709867829,0.42857142857142855,0.8666666666666667,2,0.09999999999999998,3.3333333333333335,0.270801280154532,804.2026604321679,883.6225512718362,874.8116629984961,0.42857142857142855,883.41585488742,1568.9875709867829,12.956683755724606,2,0.06615449395098098,3.3333333333333335,thick,thick,0.42857142857142855,True,874.8116629984961
132,610,1484,0,498,471,3.6124035556762317,,906.27734375,957.72265625,1,3.6124035556762317,4,874.3116465382815,1103.2078941548143,0.35714285714285715,1.0,1,0.0,2.5,0.34641016151377546,832.7348840148912,861.1089240185803,874.8116629984961,0.35714285714285715,874.3116465382815,1103.2078941548143,1.2901441270272256,1,0.27682399947499853,2.5,punctate,punctate,0.35714285714285715,True,874.8116629984961
160,219,1485,0,492,507,24.734118212298664,,912.8984375,287.8984375,1,24.734118212298664,25,928.9657695287846,1745.2531566547889,0.5828571428571429,1.0,1,0.0,4.08,0.24918166719880067,841.6921145038581,938.3065744862106,874.8116629984961,0.5828571428571429,928.9657695287846,1745.2531566547889,14.41645747231122,1,0.04042998385536806,4.08,thick,thick,0.5828571428571429,True,874.8116629984961
281,387,1486,0,508,493,35.77790205486633,,917.46484375,578.46484375,1,35.77790205486633,36,910.5846287484707,1896.9712875637929,0.49206349206349204,1.0,1,0.0,3.4444444444444446,0.35189393918179723,873.994338293207,822.0899399026891,874.8116629984961,0.49206349206349204,910.5846287484707,1896.9712875637929,17.604999423823113,1,0.027950213471613687,3.4444444444444446,thick,thick,0.49206349206349204,True,874.8116629984961
220,281,1487,0,456,508,30.099722076143646,,917.75,599.25,1,30.099722076143646,30,906.9202762369563,1486.6355676206988,0.5285714285714286,1.0,1,0.0,3.7,0.3132493450579047,845.1809876682833,868.978537333397,874.8116629984961,0.5285714285714286,906.9202762369563,1486.6355676206988,15.909853097390213,1,0.03322289812079618,3.7,thick,thick,0.5285714285714286,True,874.8116629984961
219,477,1488,0,507,454,38.425964834212316,,919.75390625,307.24609375,1,38.425964834212316,38,842.9669786413403,1583.7172983237356,0.38721804511278196,0.6052631578947368,3,0.10526315789473684,3.0294117647058822,0.47014757331274765,824.8276753508792,793.8311400937025,874.8116629984961,0.38721804511278196,842.9669786413403,1583.7172983237356,14.879226984676198,3,0.07807221010437632,3.0294117647058822,discontinuous,discontinuous,0.38721804511278196,True,874.8116629984961
15,535,1489,0,509,484,21.485643857336715,,910.50390625,209.50390625,1,21.485643857336715,21,1022.0521576247155,1905.930653793009,0.564625850340136,1.0,1,0.0,3.9523809523809526,0.2866355964667547,972.8059356765983,926.3594721567097,874.8116629984961,0.564625850340136,1022.0521576247155,1905.930653793009,12.131349933054063,1,0.04654270575459294,3.9523809523809526,thick,thick,0.564625850340136,True,874.8116629984961
15,160,1490,0,509,492,57.59464984364139,,918.83203125,245.16796875,1,57.59464984364139,58,832.9490931738978,1700.4654311521754,0.37438423645320196,0.8275862068965517,2,0.03448275862068961,2.7142857142857144,0.47587214000066114,778.2622840716738,781.3350930977629,874.8116629984961,0.37438423645320196,832.9490931738978,1700.4654311521754,21.56252900550121,2,0.03472544768358906,2.7142857142857144,punctate,punctate,0.37438423645320196,True,874.8116629984961
23,244,1491,0,497,506,28.302309614289516,,920.25,501.75,1,28.302309614289516,28,832.8940784249804,1533.6191466407795,0.3469387755102041,0.42857142857142855,3,0.1785714285714286,2.9565217391304346,0.4287464628562721,796.7431553916684,811.1130795305005,874.8116629984961,0.3469387755102041,832.8940784249804,1533.6191466407795,9.819168641692281,3,0.10599841641493929,2.9565217391304346,discontinuous,discontinuous,0.3469387755102041,True,874.8116629984961
268,615,1492,0,510,485,2.0,,907.5,0.5,1,2.0,2,1367.9285714285713,1692.0,1.0,1.0,1,0.0,7.0,0.0,1210.6666666666667,1502.0,874.8116629984961,1.0,1367.9285714285713,1692.0,2.0,1,0.5,7.0,thick,thick,1.0,True,874.8116629984961
216,268,1494,0,496,510,48.89735981421754,,931.5,6.5,1,48.89735981421754,49,965.2670558582411,1940.1635100759668,0.5364431486880467,0.7959183673469388,3,0.08163265306122447,4.088888888888889,0.42460923879618717,916.466721307904,950.6919005801935,874.8116629984961,0.5364431486880467,965.2670558582411,1940.1635100759668,26.230653661271216,3,0.06135300579414334,4.088888888888889,thick,thick,0.5364431486880467,True,874.8116629984961
550,565,1495,0,501,505,18.85272882478309,,916.28125,109.71875,1,18.85272882478309,19,814.6427358415262,1559.9273226741777,0.3684210526315789,1.0,1,0.0,2.5789473684210527,0.6329821395620745,773.7196272573804,743.4556751368882,874.8116629984961,0.3684210526315789,814.6427358415262,1559.9273226741777,6.945742198604296,1,0.05304271913599253,2.5789473684210527,punctate,punctate,0.3684210526315789,True,874.8116629984961
70,82,1496,0,431,495,14.950942861683828,,911.01171875,150.71484375,1,14.950942861683828,15,933.7392008299876,1555.6825646160669,0.5619047619047619,1.0,1,0.0,3.933333333333333,0.365095919127763,885.188025346616,916.7545536574295,874.8116629984961,0.5619047619047619,933.7392008299876,1555.6825646160669,8.401005988946151,1,0.06688541379974056,3.933333333333333,thick,thick,0.5619047619047619,True,874.8116629984961
127,132,1497,0,488,498,78.4314957796688,,919.609375,931.390625,1,78.4314957796688,78,885.0687803455114,1510.1066082389339,0.47619047619047616,0.3974358974358974,5,0.15384615384615385,3.9393939393939394,0.315196942285352,868.389382942738,851.5061196939505,874.8116629984961,0.47619047619047616,885.0687803455114,1510.1066082389339,37.348331323651806,5,0.06374989983674534,3.9393939393939394,thick_to_reticular,thick_to_reticular,0.47619047619047616,True,874.8116629984961
337,452,1498,0,511,476,67.24487410146698,,914.5,675.2109375,1,67.24487410146698,67,792.7344630672588,1544.905837264713,0.31343283582089554,0.31343283582089554,4,0.16417910447761197,2.625,0.43532100015717434,754.0708564432423,735.8639983299099,874.8116629984961,0.31343283582089554,792.7344630672588,1544.905837264713,21.07675158404189,4,0.05948408787210055,2.625,discontinuous,discontinuous,0.31343283582089554,True,874.8116629984961
198,391,1499,0,503,502,15.424607242370763,,916.86328125,343.13671875,1,15.424607242370763,15,1119.2067246213153,1834.4156127822878,0.7142857142857143,1.0,1,0.0,5.0,0.27325202042558927,1051.772710219772,1067.7712029268246,874.8116629984961,0.7142857142857143,1119.2067246213153,1834.4156127822878,11.017576601693403,1,0.06483147248333436,5.0,thick,thick,0.7142857142857143,True,874.8116629984961
179,244,1500,0,500,506,15.739333695021717,,916.24609375,465.24609375,1,15.739333695021717,16,895.684566995399,1427.6004048746545,0.4732142857142857,1.0,1,0.0,3.3125,0.3327394733688377,804.4712250010926,900.0831324660589,874.8116629984961,0.4732142857142857,895.684566995399,1427.6004048746545,7.448077552108491,1,0.06353509108942113,3.3125,thick,thick,0.4732142857142857,True,874.8116629984961
395,634,1501,0,483,512,18.85595863043462,,912.71875,57.28125,1,18.85595863043462,19,772.145079057597,1368.7531983038969,0.21804511278195488,0.47368421052631576,3,0.3157894736842105,2.230769230769231,0.43617622898874203,735.63040113035,746.2376446114727,874.8116629984961,0.21804511278195488,772.145079057597,1368.7531983038969,4.111449626184992,3,0.15910090061174745,2.230769230769231,discontinuous,discontinuous,0.21804511278195488,True,874.8116629984961
220,646,1502,0,456,513,28.956567905250914,,919.25,617.25,1,28.956567905250914,29,713.1212294573561,1138.517472890896,0.09359605911330049,0.1724137931034483,2,0.7586206896551724,2.7142857142857144,0.7292845505553167,744.2223374375085,656.1268167820524,874.8116629984961,0.09359605911330049,713.1212294573561,1138.517472890896,2.7102206413781644,2,0.0690689589506678,2.7142857142857144,discontinuous,discontinuous,0.09359605911330049,True,874.8116629984961
452,646,1503,0,476,513,51.38690660001893,,930.71875,646.28125,1,51.38690660001893,51,556.5855103753696,966.5401980689468,0.03361344537815126,0.13725490196078433,1,0.8627450980392157,1.7142857142857142,0.4082482904638631,551.0443366900729,550.1137510214704,874.8116629984961,0.03361344537815126,556.5855103753696,966.5401980689468,1.7272909781518968,1,0.019460210122857084,1.7142857142857142,discontinuous,discontinuous,0.03361344537815126,False,874.8116629984961
337,444,1504,0,511,504,49.90783280033618,,934.71875,714.28125,1,49.90783280033618,50,912.9450919928668,1695.9012950724452,0.5314285714285715,1.0,1,0.0,3.72,0.3315944934432102,838.7314626033309,883.2226076919648,874.8116629984961,0.5314285714285715,912.9450919928668,1695.9012950724452,26.52244828817866,1,0.02003693496370902,3.72,thick,thick,0.5314285714285715,True,874.8116629984961
15,229,1505,0,509,499,37.679311301683725,,923.20703125,185.49609375,1,37.679311301683725,38,1031.5464223726497,2066.327383518189,0.6278195488721805,1.0,1,0.0,4.394736842105263,0.2689282823100074,955.1958238164667,986.5062582499821,874.8116629984961,0.6278195488721805,1031.5464223726497,2066.327383518189,23.65580822323753,1,0.02653976321364755,4.394736842105263,thick,thick,0.6278195488721805,True,874.8116629984961
216,634,1506,0,496,512,34.84723030555581,,926.71875,38.71875,1,34.84723030555581,35,755.7977415327493,1449.1537740117587,0.22040816326530613,0.2,5,0.34285714285714286,2.347826086956522,0.5418051421602886,732.8973177072162,708.1728944334554,874.8116629984961,0.22040816326530613,755.7977415327493,1449.1537740117587,7.680614026530669,5,0.14348342626251226,2.347826086956522,discontinuous,discontinuous,0.22040816326530613,True,874.8116629984961
15,70,1507,0,509,431,14.429918003671549,,914.86328125,162.13671875,1,14.429918003671549,14,1060.3107506971635,1907.6411633920245,0.7551020408163265,1.0,1,0.0,5.285714285714286,0.21956860553070168,1022.7247266172283,1027.1359762878753,874.8116629984961,0.7551020408163265,1060.3107506971635,1907.6411633920245,10.896060533384638,1,0.06930046308964195,5.285714285714286,thick,thick,0.7551020408163265,True,874.8116629984961
550,634,1508,0,501,512,39.398199584331124,,933.61328125,70.38671875,1,39.398199584331124,39,721.477000328206,1259.2896969440626,0.11355311355311355,0.10256410256410256,8,0.641025641025641,2.2142857142857144,0.619657184267695,724.6910694449062,680.1943716307678,874.8116629984961,0.11355311355311355,721.477000328206,1259.2896969440626,4.4737882311877835,8,0.20305496404413473,2.2142857142857144,discontinuous,discontinuous,0.11355311355311355,True,874.8116629984961
68,290,1509,0,514,481,73.78549736114174,,939.5,395.5,1,73.78549736114174,74,1051.6297535528367,1874.8242009234875,0.6911196911196911,1.0,1,0.0,4.837837837837838,0.28436796855026625,1001.0647278737052,997.5036254155402,874.8116629984961,0.6911196911196911,1051.6297535528367,1874.8242009234875,50.99461014534506,1,0.013552798798733019,4.837837837837838,thick,thick,0.6911196911196911,True,874.8116629984961
68,163,1510,0,514,459,17.052196770025425,,920.640625,407.359375,1,17.052196770025425,17,1092.286329485576,1690.270360023035,0.7815126050420168,1.0,1,0.0,5.470588235294118,0.26687470206431946,1060.0979795712376,1060.8613398833813,874.8116629984961,0.7815126050420168,1092.286329485576,1690.270360023035,13.326506719431634,1,0.058643470603025945,5.470588235294118,thick,thick,0.7815126050420168,True,874.8116629984961
256,463,1511,0,515,487,29.253917244243357,,925.16796875,877.16796875,1,29.253917244243357,29,715.2037746274245,1628.194033156286,0.1477832512315271,0.1724137931034483,4,0.5862068965517242,2.5,0.972967967955095,690.316138135376,683.6590944367629,874.8116629984961,0.1477832512315271,715.2037746274245,1628.194033156286,4.323239001612319,4,0.1367338249644884,2.5,discontinuous,discontinuous,0.1477832512315271,True,874.8116629984961
132,256,1512,0,498,515,17.19278667588146,,921.75,893.25,1,17.19278667588146,17,801.1658536417074,1396.3664119080136,0.25210084033613445,0.29411764705882354,3,0.47058823529411764,3.3333333333333335,0.44721359549995787,849.4084931830292,710.7123032501069,874.8116629984961,0.25210084033613445,801.1658536417074,1396.3664119080136,4.334315968709612,3,0.1744917828945372,3.3333333333333335,discontinuous,discontinuous,0.25210084033613445,True,874.8116629984961
15,82,1513,0,509,495,4.17826124666495,,917.64453125,154.64453125,1,4.17826124666495,4,1046.9441612996877,1299.879183107766,0.8928571428571429,1.0,1,0.0,6.25,0.06928203230275509,1044.494021583958,1022.7819871019767,874.8116629984961,0.8928571428571429,1046.9441612996877,1299.879183107766,3.730590398807991,1,0.23933400545458733,6.25,thick,thick,0.8928571428571429,True,874.8116629984961
8,430,1514,0,482,486,18.747939624450527,,922.75390625,759.75390625,1,18.747939624450527,19,873.8531356134108,1605.1330101403921,0.5112781954887218,1.0,1,0.0,3.5789473684210527,0.49083291965525405,903.8527198389991,757.4162222373402,874.8116629984961,0.5112781954887218,873.8531356134108,1605.1330101403921,9.58541274032057,1,0.05333919460119386,3.5789473684210527,thick,thick,0.5112781954887218,True,874.8116629984961
82,263,1515,0,495,516,53.06861156423408,,944.75,146.75,1,53.06861156423408,53,885.7643546511667,1994.377027017408,0.4609164420485175,0.8490566037735849,2,0.018867924528301883,3.2884615384615383,0.43554493991498083,828.9205023662962,846.309116200192,874.8116629984961,0.4609164420485175,885.7643546511667,1994.377027017408,24.460195626641585,2,0.03768706097726349,3.2884615384615383,thick,thick,0.4609164420485175,True,874.8116629984961
15,263,1516,0,509,516,37.2706561307739,,927.828125,171.171875,1,37.2706561307739,37,788.7292097284342,3084.329823369325,0.29343629343629346,0.35135135135135137,2,0.4054054054054054,3.4545454545454546,0.5501196042201809,780.0146538292735,713.6501233056052,874.8116629984961,0.29343629343629346,788.7292097284342,3084.329823369325,10.93656318895296,2,0.05366151840693316,3.4545454545454546,punctate,punctate,0.29343629343629346,True,874.8116629984961
23,451,1517,0,497,517,21.247888261823434,,927.390625,538.390625,1,21.247888261823434,21,1015.9293491009397,1824.0552760327516,0.6802721088435374,1.0,1,0.0,4.761904761904762,0.24166091947189147,975.3485543984413,965.3829213416946,874.8116629984961,0.6802721088435374,1015.9293491009397,1824.0552760327516,14.454345756342471,1,0.047063500507799776,4.761904761904762,thick,thick,0.6802721088435374,True,874.8116629984961
387,451,1518,0,493,517,25.066153838852426,,926.64453125,555.35546875,1,25.066153838852426,25,857.9381363516306,1798.6556437424958,0.41714285714285715,1.0,1,0.0,2.92,0.3344261812529781,779.0649613187908,800.5368654003082,874.8116629984961,0.41714285714285715,857.9381363516306,1798.6556437424958,10.456167029921298,1,0.039894433203789104,2.92,thick,thick,0.41714285714285715,True,874.8116629984961
97,391,1519,0,518,502,20.458639085010823,,924.2109375,332.5,1,20.458639085010823,20,728.520271378142,1702.7558120404428,0.17857142857142858,0.2,2,0.75,5.0,0.25298221281347033,763.2462170129559,692.8934873729329,874.8116629984961,0.17857142857142858,728.520271378142,1702.7558120404428,3.653328408037647,2,0.09775821312891311,5.0,punctate,punctate,0.17857142857142858,True,874.8116629984961
82,550,1520,0,495,501,38.99787565829749,,942.83203125,112.83203125,1,38.99787565829749,39,777.9449595466265,1603.7006634956967,0.2600732600732601,0.41025641025641024,3,0.33333333333333337,2.730769230769231,0.5331688234013436,781.7433589664245,710.7595333845354,874.8116629984961,0.2600732600732601,777.9449595466265,1603.7006634956967,10.142304658385061,3,0.07692726717440304,2.730769230769231,discontinuous,discontinuous,0.2600732600732601,True,874.8116629984961
97,477,1521,0,518,454,20.817758474485977,,930.609375,317.6796875,1,20.817758474485977,21,753.7947001561654,1315.1391507940393,0.29931972789115646,0.6190476190476191,2,0.33333333333333337,3.142857142857143,0.5749595745760689,752.3134387476122,703.4751575397507,874.8116629984961,0.29931972789115646,753.7947001561654,1315.1391507940393,6.231165801886959,2,0.09607182264369042,3.142857142857143,punctate,punctate,0.29931972789115646,True,874.8116629984961
244,621,1522,0,506,519,34.73081448823014,,934.25,474.75,1,34.73081448823014,35,836.6477408787167,1538.9074924900208,0.42448979591836733,1.0,1,0.0,2.9714285714285715,0.4990745873984992,817.619802710892,776.3667999381911,874.8116629984961,0.42448979591836733,836.6477408787167,1538.9074924900208,14.742876354187487,1,0.02879287499401686,2.9714285714285715,thick,thick,0.42448979591836733,True,874.8116629984961
68,179,1523,0,514,500,16.898057359440884,,930.171875,419.828125,1,16.898057359440884,17,846.5633527209565,1439.3154373804068,0.40336134453781514,0.5882352941176471,2,0.2941176470588235,4.0,0.5590169943749475,896.9454712933706,748.7720738338198,874.8116629984961,0.40336134453781514,846.5633527209565,1439.3154373804068,6.816023136581197,2,0.11835680027932957,4.0,thick,thick,0.40336134453781514,True,874.8116629984961
179,621,1524,0,500,519,14.892070021490888,,929.640625,460.3515625,1,14.892070021490888,15,983.6395231969693,1853.8242477691467,0.6,1.0,1,0.0,4.2,0.3036686741223649,868.9723522326025,990.5835812974234,874.8116629984961,0.6,983.6395231969693,1853.8242477691467,8.935242012894532,1,0.06714983199494029,4.2,unknown,unknown,0.6,True,874.8116629984961
97,198,1525,0,518,503,35.45933988813982,,939.1328125,351.1328125,1,35.45933988813982,35,1000.2579169165325,1866.8933055116559,0.6530612244897959,1.0,1,0.0,4.571428571428571,0.31499007920885386,982.3149487556788,944.8615010135641,874.8116629984961,0.6530612244897959,1000.2579169165325,1866.8933055116559,23.157119926948454,1,0.028201314608636372,4.571428571428571,thick,thick,0.6530612244897959,True,874.8116629984961
127,342,1526,0,488,520,55.50220921168233,,926.13671875,983.13671875,1,55.50220921168233,56,750.3678569723021,1208.5122354759258,0.25510204081632654,0.48214285714285715,4,0.1428571428571429,2.0833333333333335,0.42520583250938593,698.7847774512518,716.4310898821069,874.8116629984961,0.25510204081632654,750.3678569723021,1208.5122354759258,14.15872683971488,4,0.07206920331304693,2.0833333333333335,discontinuous,discontinuous,0.25510204081632654,True,874.8116629984961
160,563,1527,0,492,521,15.650293061435843,,929.35546875,280.35546875,1,15.650293061435843,16,890.8027110608617,1470.9133342802172,0.45535714285714285,0.75,2,0.0625,3.4,0.6243797383564964,825.8272555714819,892.5062390793877,874.8116629984961,0.45535714285714285,890.8027110608617,1470.9133342802172,7.126472733332393,2,0.12779313410611043,3.4,thick,thick,0.45535714285714285,True,874.8116629984961
219,563,1528,0,507,521,23.050523814795778,,933.86328125,294.13671875,1,23.050523814795778,23,913.8736395368849,1644.6875908315878,0.484472049689441,1.0,1,0.0,3.391304347826087,0.4146400417640059,860.7377972216875,855.946137544074,874.8116629984961,0.484472049689441,913.8736395368849,1644.6875908315878,11.167334518969383,1,0.04338296205477619,3.391304347826087,thick,thick,0.484472049689441,True,874.8116629984961
23,474,1529,0,497,522,19.25237663372957,,929.89453125,522.10546875,1,19.25237663372957,19,897.8768773075004,1918.3640476565552,0.42105263157894735,0.5789473684210527,2,0.052631578947368474,3.111111111111111,0.4531634835874829,850.0406160236253,851.1450055662151,874.8116629984961,0.42105263157894735,897.8768773075004,1918.3640476565552,8.10626384578087,2,0.10388327831152347,3.111111111111111,thick,thick,0.42105263157894735,True,874.8116629984961
244,474,1530,0,506,522,41.45270426823332,,945.24609375,503.24609375,1,41.45270426823332,41,801.7988968400949,1764.2702921769485,0.32752613240418116,0.36585365853658536,4,0.12195121951219512,2.611111111111111,0.600663583552898,766.9380346885997,751.2831510831579,874.8116629984961,0.32752613240418116,801.7988968400949,1764.2702921769485,13.576843906668751,4,0.09649551387809799,2.611111111111111,discontinuous,discontinuous,0.32752613240418116,True,874.8116629984961
127,256,1531,0,488,515,9.180747609963351,,931.53515625,895.82421875,1,9.180747609963351,9,927.453896930248,1147.0418531824216,0.6984126984126984,1.0,1,0.0,4.888888888888889,0.17895472440935933,993.4479524274838,825.0237946259774,874.8116629984961,0.6984126984126984,927.453896930248,1147.0418531824216,6.4119507117204355,1,0.10892359124596301,4.888888888888889,thick,thick,0.6984126984126984,True,874.8116629984961
15,563,1532,0,509,521,17.928094218763526,,932.5390625,264.53125,1,17.928094218763526,18,820.9135151684966,1334.9261131441272,0.3412698412698413,1.0,1,0.0,2.388888888888889,0.48615220838062495,758.8828560029134,821.5130259370585,874.8116629984961,0.3412698412698413,820.9135151684966,1334.9261131441272,6.118317868308187,1,0.05577837709896688,2.388888888888889,punctate,punctate,0.3412698412698413,True,874.8116629984961
281,646,1533,0,508,513,32.77968059557134,,944.25,602.25,1,32.77968059557134,33,732.2788737703175,1237.9645872167296,0.18614718614718614,0.18181818181818182,5,0.303030303030303,1.8695652173913044,0.42628611115868276,688.5821895861194,708.5572449790322,874.8116629984961,0.18614718614718614,732.2788737703175,1237.9645872167296,6.101845305669125,5,0.15253351799515455,1.8695652173913044,discontinuous,discontinuous,0.18614718614718614,True,874.8116629984961
8,444,1534,0,482,504,29.55784469675399,,942.13671875,759.12890625,1,29.55784469675399,30,933.2395542100455,1405.3389816731774,0.6333333333333333,1.0,1,0.0,4.433333333333334,0.30643133642578685,909.4676227635531,878.8130271692527,874.8116629984961,0.6333333333333333,933.2395542100455,1405.3389816731774,18.719968307944193,1,0.033831966107793335,4.433333333333334,thick,thick,0.6333333333333333,True,874.8116629984961
35,127,1535,0,523,488,61.886201090070834,,939.16796875,929.16796875,1,61.886201090070834,62,906.8650334821497,1950.8995366509607,0.49539170506912444,0.5967741935483871,3,0.08064516129032262,3.7719298245614037,0.42435329220305273,837.4419962401661,904.2726764585806,874.8116629984961,0.49539170506912444,906.8650334821497,1950.8995366509607,30.657910678260897,3,0.04847607297196543,3.7719298245614037,thick,thick,0.49539170506912444,True,874.8116629984961
281,451,1536,0,508,517,23.202895603679256,,942.53125,570.46875,1,23.202895603679256,23,774.6977749735554,1530.327404647896,0.2857142857142857,0.9130434782608695,2,0.04347826086956519,2.090909090909091,0.4539263699526327,729.8018637899585,703.1116945902243,874.8116629984961,0.2857142857142857,774.6977749735554,1530.327404647896,6.629398743908358,2,0.08619613836830185,2.090909090909091,punctate,punctate,0.2857142857142857,True,874.8116629984961
15,226,1537,0,509,524,71.42749052736386,,938.609375,221.609375,1,71.42749052736386,71,787.3375360387503,1739.2498606145273,0.32193158953722334,0.4507042253521127,3,0.07042253521126762,2.4242424242424243,0.5230618988226918,747.4564961645806,727.0227057548178,874.8116629984961,0.32193158953722334,787.3375360387503,1739.2498606145273,22.99476556212921,3,0.04200063557952803,2.4242424242424243,discontinuous,discontinuous,0.32193158953722334,True,874.8116629984961
127,647,1538,0,488,525,13.356265042247989,,933.171875,1017.828125,1,13.356265042247989,13,648.4720978967225,959.2396706022037,0.06593406593406594,0.23076923076923078,3,0.5384615384615384,1.0,0.0,597.2431995575881,628.3100669021366,874.8116629984961,0.06593406593406594,648.4720978967225,959.2396706022037,0.8806328599284389,3,0.2246136918150788,1.0,minimal,minimal,0.06593406593406594,True,874.8116629984961
342,647,1539,0,520,525,13.307821276724802,,939.5,1009.5,1,13.307821276724802,13,761.7760216085754,990.969515591267,0.17582417582417584,0.5384615384615384,3,0.3076923076923077,1.7777777777777777,0.5153882032022076,747.3843725594718,749.6050731464301,874.8116629984961,0.17582417582417584,761.7760216085754,990.969515591267,2.3398367079955698,3,0.225431341285516,1.7777777777777777,discontinuous,discontinuous,0.17582417582417584,True,874.8116629984961
179,209,1540,0,500,526,34.35826425721979,,935.50390625,439.50390625,1,34.35826425721979,34,1097.66442226653,2113.2470496072124,0.6890756302521008,1.0,1,0.0,4.823529411764706,0.2682926829268293,1021.0552368866743,1043.1576358460243,874.8116629984961,0.6890756302521008,1097.66442226653,2113.2470496072124,23.675442597411955,1,0.029105079130703395,4.823529411764706,thick,thick,0.6890756302521008,True,874.8116629984961
226,263,1541,0,524,516,21.27153176124716,,943.5,187.5,1,21.27153176124716,21,1001.6695393963918,1721.026768182782,0.6190476190476191,1.0,1,0.0,4.333333333333333,0.321134927389065,929.0689523984067,960.9302031786586,874.8116629984961,0.6190476190476191,1001.6695393963918,1721.026768182782,13.168091090295862,1,0.04701118900246841,4.333333333333333,thick,thick,0.6190476190476191,True,874.8116629984961
451,474,1542,0,517,522,48.973964186950106,,952.16796875,540.83203125,1,48.973964186950106,49,808.3925292735004,1494.3017594796152,0.33819241982507287,0.673469387755102,3,0.061224489795918324,2.5217391304347827,0.4802892509373834,737.3674708930004,789.6160532217264,874.8116629984961,0.33819241982507287,808.3925292735004,1494.3017594796152,16.562623456811114,3,0.0612570383019841,2.5217391304347827,discontinuous,discontinuous,0.33819241982507287,True,874.8116629984961
180,188,1544,0,491,527,62.37194694949646,,940.859375,840.140625,1,62.37194694949646,62,933.1473247239622,1757.695249032069,0.5967741935483871,1.0,1,0.0,4.17741935483871,0.41131924875439463,886.470101275242,922.8933176770768,874.8116629984961,0.5967741935483871,933.1473247239622,1757.695249032069,37.22196834082853,1,0.01603284888332435,4.17741935483871,thick,thick,0.5967741935483871,True,874.8116629984961
226,563,1545,0,524,521,34.51137603936285,,944.16796875,265.83203125,1,34.51137603936285,35,769.8123477273718,1427.4863125044933,0.24489795918367346,0.34285714285714286,5,0.4,2.857142857142857,0.44907311951024936,700.1901607760609,784.1046487148659,874.8116629984961,0.24489795918367346,769.8123477273718,1427.4863125044933,8.45176556066029,5,0.14487976353933613,2.857142857142857,discontinuous,discontinuous,0.24489795918367346,True,874.8116629984961
209,621,1546,0,526,519,26.372244673624344,,947.5,451.5,1,26.372244673624344,26,1080.8186968864559,1768.728333157266,0.7637362637362637,1.0,1,0.0,5.346153846153846,0.14620432685540702,1002.703091492263,1074.401880139653,874.8116629984961,0.7637362637362637,1080.8186968864559,1768.728333157266,20.141439613372437,1,0.03791865320437169,5.346153846153846,thick,thick,0.7637362637362637,True,874.8116629984961
8,188,1547,0,482,527,33.81362945323923,,946.75390625,802.75390625,1,33.81362945323923,34,922.5908090861873,1583.1806507818005,0.5210084033613446,1.0,1,0.0,3.6470588235294117,0.38134162637215774,874.2091715209539,878.482280431459,874.8116629984961,0.5210084033613446,922.5908090861873,1583.1806507818005,17.617185093284306,1,0.029573873499231934,3.6470588235294117,thick,thick,0.5210084033613446,True,874.8116629984961
127,446,1548,0,488,528,7.0,,936.5,956.5,1,7.0,7,798.3877551020408,1195.5,0.2653061224489796,0.42857142857142855,1,0.5714285714285714,4.333333333333333,0.4741856925360752,801.3333333333334,774.4761904761903,874.8116629984961,0.2653061224489796,798.3877551020408,1195.5,1.8571428571428572,1,0.14285714285714285,4.333333333333333,punctate,punctate,0.2653061224489796,True,874.8116629984961
35,256,1549,0,523,515,32.934401243650704,,947.3515625,885.3515625,1,32.934401243650704,33,1048.5880992442917,1710.095027162227,0.7359307359307359,1.0,1,0.0,5.151515151515151,0.22476439028873885,1003.8572891702502,1002.587703843391,874.8116629984961,0.7359307359307359,1048.5880992442917,1710.095027162227,24.237438144678006,1,0.030363387893465533,5.151515151515151,thick,thick,0.7359307359307359,True,874.8116629984961
35,446,1550,0,523,528,5.129817481141764,,939.13671875,952.13671875,1,5.129817481141764,5,1014.565990036937,1685.1792404066332,0.6857142857142857,1.0,1,0.0,4.8,0.15590239111558088,929.0266155881287,1039.60294570819,874.8116629984961,0.6857142857142857,1014.565990036937,1685.1792404066332,3.517589129925781,1,0.19493870954984271,4.8,thick,thick,0.6857142857142857,True,874.8116629984961
342,446,1551,0,520,528,61.23118126552771,,952.71875,981.28125,1,61.23118126552771,61,719.9029457831195,1400.9667111226563,0.20843091334894615,0.3770491803278688,5,0.16393442622950816,1.7450980392156863,0.45167980319644446,685.2723994809594,676.4223290928584,874.8116629984961,0.20843091334894615,719.9029457831195,1400.9667111226563,12.76247103660882,5,0.0816577419651208,1.7450980392156863,discontinuous,discontinuous,0.20843091334894615,True,874.8116629984961
268,634,1552,0,510,512,33.08341484075603,,947.50390625,38.49609375,1,33.08341484075603,33,885.4179813254741,1616.480770332239,0.5238095238095238,1.0,1,0.0,3.6666666666666665,0.4009755196928331,804.5346662175943,861.3432148425933,874.8116629984961,0.5238095238095238,885.4179813254741,1616.480770332239,17.329407773729347,1,0.030226625782538107,3.6666666666666665,thick,thick,0.5238095238095238,True,874.8116629984961
477,563,1553,0,454,521,13.188329881834445,,940.46484375,310.53515625,1,13.188329881834445,13,844.4644972345453,1371.9015551616476,0.32967032967032966,0.3076923076923077,2,0.46153846153846156,4.285714285714286,0.3681787005729087,805.2184971282718,841.9519120903539,874.8116629984961,0.32967032967032966,844.4644972345453,1371.9015551616476,4.3478010599454215,2,0.1516492245735218,4.285714285714286,punctate,punctate,0.32967032967032966,True,874.8116629984961
68,209,1554,0,514,526,14.334148132356303,,944.71484375,422.28515625,1,14.334148132356303,14,795.6718008404594,1560.8055406924373,0.3673469387755102,0.35714285714285715,3,0.2857142857142857,3.6,0.6478835438717001,739.451057107687,800.7725491870129,874.8116629984961,0.3673469387755102,795.6718008404594,1560.8055406924373,5.265605436375785,3,0.20929042816490334,3.6,discontinuous,discontinuous,0.3673469387755102,True,874.8116629984961
180,256,1555,0,491,515,1.0,,939.5,871.5,1,1.0,1,1344.6607142857142,1668.875,1.0,1.0,1,0.0,7.0,,1308.9583333333333,1317.25,874.8116629984961,1.0,1344.6607142857142,1668.875,1.0,1,1.0,7.0,thick,thick,1.0,True,874.8116629984961
35,180,1556,0,523,491,12.874924347324548,,946.10546875,869.10546875,1,12.874924347324548,13,1066.3773694558997,1705.4190880477363,0.7912087912087912,1.0,1,0.0,5.538461538461538,0.2307395517477243,1097.4786367956387,966.9981916541972,874.8116629984961,0.7912087912087912,1066.3773694558997,1705.4190880477363,10.18675332975129,1,0.0776703592986784,5.538461538461538,thick,thick,0.7912087912087912,True,874.8116629984961
97,563,1557,0,518,521,13.162127050194327,,943.83203125,324.16796875,1,13.162127050194327,13,937.4966782359044,1500.8882856419582,0.5714285714285714,0.8461538461538461,2,0.07692307692307687,4.333333333333333,0.31716197120135853,986.8475328336809,809.3873233539515,874.8116629984961,0.5714285714285714,937.4966782359044,1500.8882856419582,7.5212154572539,2,0.15195112403739272,4.333333333333333,thick,thick,0.5714285714285714,True,874.8116629984961
35,338,1558,0,523,529,44.72987750306626,,950.28125,930.28125,1,44.72987750306626,45,831.856800140531,1802.781957182018,0.3873015873015873,0.5555555555555556,2,0.022222222222222254,2.772727272727273,0.5034148371404619,798.3197996114601,800.1225911587752,874.8116629984961,0.3873015873015873,831.856800140531,1802.781957182018,17.323952556743123,2,0.044712843219007224,2.772727272727273,punctate,punctate,0.3873015873015873,True,874.8116629984961
338,446,1559,0,529,528,29.312207295978787,,957.49609375,951.50390625,1,29.312207295978787,29,766.6091999962099,1292.761174816143,0.3103448275862069,0.7241379310344828,2,0.03448275862068961,2.25,0.6465210112513111,723.0344192391465,732.213267665108,874.8116629984961,0.3103448275862069,766.6091999962099,1292.761174816143,9.096891919441694,2,0.06823095851517028,2.25,punctate,punctate,0.3103448275862069,True,874.8116629984961
312,337,1560,0,530,511,62.91365452187599,,960.13671875,689.86328125,1,62.91365452187599,63,882.318737794755,1674.5417650773625,0.41496598639455784,0.6666666666666666,3,0.09523809523809523,3.210526315789474,0.5010067799979058,834.8818051950651,853.7667595066157,874.8116629984961,0.41496598639455784,882.318737794755,1674.5417650773625,26.107026706356706,3,0.047684402103153244,3.210526315789474,thick,thick,0.41496598639455784,True,874.8116629984961
312,452,1561,0,530,476,10.561502325942456,,947.5,665.5,1,10.561502325942456,11,816.2669526903917,1201.96100640968,0.35064935064935066,0.6363636363636364,2,0.09090909090909094,2.7,0.37221761559706995,833.7866331144057,741.085707379595,874.8116629984961,0.35064935064935066,816.2669526903917,1201.96100640968,3.703383932473329,2,0.18936699896257703,2.7,punctate,punctate,0.35064935064935066,True,874.8116629984961
446,647,1562,0,528,525,28.294497422367787,,958.24609375,1013.75390625,1,28.294497422367787,28,625.1694270494414,978.1293342525282,0.030612244897959183,0.07142857142857142,2,0.8928571428571429,2.0,0.7071067811865476,603.8916972226888,611.4513147766027,874.8116629984961,0.030612244897959183,625.1694270494414,978.1293342525282,0.8661580843581975,2,0.07068512192123018,2.0,minimal,minimal,0.030612244897959183,False,874.8116629984961
97,248,1563,0,518,531,13.223330184078502,,948.2890625,334.71875,1,13.223330184078502,13,1056.1026928942676,1644.3473449589667,0.7802197802197802,1.0,1,0.0,5.461538461538462,0.19818658140099,1064.690583278366,970.7687854540277,874.8116629984961,0.7802197802197802,1056.1026928942676,1644.3473449589667,10.317103769995315,1,0.0756239151620101,5.461538461538462,thick,thick,0.7802197802197802,True,874.8116629984961
474,621,1564,0,522,519,23.953378922930877,,957.75390625,490.24609375,1,23.953378922930877,24,735.6748794698549,1384.6957157187112,0.26785714285714285,0.3333333333333333,3,0.29166666666666663,2.6470588235294117,0.6725664866854025,696.3152258328786,731.7301034809212,874.8116629984961,0.26785714285714285,735.6748794698549,1384.6957157187112,6.41608364007077,3,0.1252432907128631,2.6470588235294117,discontinuous,discontinuous,0.26785714285714285,True,874.8116629984961
248,563,1565,0,531,521,60.68168219895637,,960.75390625,300.75390625,1,60.68168219895637,61,722.1077963205033,1349.5121124309683,0.19437939110070257,0.5081967213114754,5,0.29508196721311475,1.930232558139535,0.5740303252805588,692.1729425220366,690.3327941753282,874.8116629984961,0.19437939110070257,722.1077963205033,1349.5121124309683,11.795268436799482,5,0.08239718839050234,1.930232558139535,discontinuous,discontinuous,0.19437939110070257,True,874.8116629984961
209,530,1566,0,526,532,15.423737869616296,,950.86328125,435.13671875,1,15.423737869616296,15,905.9971086588697,1707.0526034734148,0.5238095238095238,1.0,1,0.0,3.6666666666666665,0.27574092523823823,874.4730908964115,820.1308604031764,874.8116629984961,0.5238095238095238,905.9971086588697,1707.0526034734148,8.079100788846631,1,0.06483512676715877,3.6666666666666665,thick,thick,0.5238095238095238,True,874.8116629984961
68,530,1567,0,514,532,26.48123226010404,,961.46484375,422.46484375,1,26.48123226010404,26,913.7053172891533,1489.8605127979451,0.5274725274725275,0.5384615384615384,2,0.038461538461538436,3.84,0.4580965297353338,811.3770305255579,953.8645944036724,874.8116629984961,0.5274725274725275,913.7053172891533,1489.8605127979451,13.96812251082411,2,0.07552518630385452,3.84,thick,thick,0.5274725274725275,True,874.8116629984961
312,646,1568,0,530,513,29.224145143931853,,965.38671875,662.38671875,1,29.224145143931853,29,774.9870886106996,1201.920953869816,0.3103448275862069,0.6551724137931034,2,0.10344827586206895,2.423076923076923,0.2603368169342338,748.3591482706386,734.9960320435598,874.8116629984961,0.3103448275862069,774.9870886106996,1201.920953869816,9.069562286047816,2,0.06843656128005794,2.423076923076923,punctate,punctate,0.3103448275862069,True,874.8116629984961
35,188,1569,0,523,527,24.29689458785861,,958.86328125,873.13671875,1,24.29689458785861,24,841.6683401009008,1360.0655677985403,0.39880952380952384,0.6666666666666666,2,0.29166666666666663,3.9411764705882355,0.4561405011921231,856.5992858821892,794.3096271201119,874.8116629984961,0.39880952380952384,841.6683401009008,1360.0655677985403,9.689832960634089,2,0.08231504617875814,3.9411764705882355,punctate,punctate,0.39880952380952384,True,874.8116629984961
522,550,1570,0,533,501,26.84669895733867,,953.390625,86.609375,1,26.84669895733867,27,811.1169491020227,1395.0180850476459,0.30158730158730157,0.4444444444444444,2,0.18518518518518523,2.590909090909091,0.4605054297686557,782.9402925097338,787.7049776299705,874.8116629984961,0.30158730158730157,811.1169491020227,1395.0180850476459,8.096623495070393,2,0.07449705467246247,2.590909090909091,punctate,punctate,0.30158730158730157,True,874.8116629984961
281,319,1571,0,508,534,23.17024931171219,,952.50390625,579.50390625,1,23.17024931171219,23,770.377069768274,1361.805513834208,0.2484472049689441,0.7391304347826086,2,0.08695652173913049,1.9047619047619047,0.5099019513592785,784.1369889584586,682.2233581242086,874.8116629984961,0.2484472049689441,770.377069768274,1361.805513834208,5.756583679928495,2,0.08631758653494644,1.9047619047619047,punctate,punctate,0.2484472049689441,True,874.8116629984961
522,634,1572,0,533,512,24.35072487272218,,957.859375,65.859375,1,24.35072487272218,24,698.6275619328227,1222.3744832699276,0.14285714285714285,0.3333333333333333,3,0.5,2.0,0.408248290463863,718.3619138963036,635.257943068502,874.8116629984961,0.14285714285714285,698.6275619328227,1222.3744832699276,3.478674981817454,3,0.12319961790380282,2.0,discontinuous,discontinuous,0.14285714285714285,True,874.8116629984961
198,248,1573,0,503,531,79.74952343210907,,989.71484375,337.98828125,1,79.74952343210907,80,881.9135540731261,1876.0463222247492,0.4392857142857143,0.4625,3,0.08750000000000002,3.3698630136986303,0.5780653605846022,865.5179703746877,816.0873792426336,874.8116629984961,0.4392857142857143,881.9135540731261,1876.0463222247492,35.03282636481934,3,0.0376177796542434,3.3698630136986303,thick,thick,0.4392857142857143,True,874.8116629984961
319,451,1574,0,534,517,3.6124035556762317,,953.72265625,566.72265625,1,3.6124035556762317,4,866.8478343726641,1300.2562941584574,0.5714285714285714,1.0,1,0.0,4.0,0.1767766952966369,802.0630335151817,875.5520526717019,874.8116629984961,0.5714285714285714,866.8478343726641,1300.2562941584574,2.0642306032435607,1,0.27682399947499853,4.0,thick,thick,0.5714285714285714,True,874.8116629984961
226,382,1575,0,524,535,31.861443955656537,,965.13671875,199.86328125,1,31.861443955656537,32,770.8802339228876,2208.2241817379477,0.3125,0.625,2,0.09375,2.413793103448276,0.4806458240360207,717.2671315198922,714.9696971068224,874.8116629984961,0.3125,770.8802339228876,2208.2241817379477,9.956701236142667,2,0.06277179410900267,2.413793103448276,punctate,punctate,0.3125,True,874.8116629984961
444,593,1576,0,504,536,27.464846916798173,,956.5,740.5,1,27.464846916798173,27,800.1373505128239,1247.7790607979932,0.3862433862433862,0.5555555555555556,3,0.11111111111111116,3.0416666666666665,0.5963232564295593,790.7004229600382,745.8388213441566,874.8116629984961,0.3862433862433862,800.1373505128239,1247.7790607979932,10.608115475800352,3,0.10923053782488504,3.0416666666666665,discontinuous,discontinuous,0.3862433862433862,True,874.8116629984961
263,382,1577,0,516,535,33.46867957720087,,956.5,172.5,1,33.46867957720087,33,895.4953610571424,2096.640435954494,0.4675324675324675,1.0,1,0.0,3.272727272727273,0.4592443247273053,813.2960223452345,855.1221696838892,874.8116629984961,0.4675324675324675,895.4953610571424,2096.640435954494,15.647694347782222,1,0.029878680982718182,3.272727272727273,thick,thick,0.4675324675324675,True,874.8116629984961
530,621,1578,0,532,519,41.172974479260425,,973.609375,447.6796875,1,41.172974479260425,41,739.5902086282867,1359.8912230407286,0.20209059233449478,0.2682926829268293,4,0.29268292682926833,2.0,0.4734320764739993,721.005931789619,692.937383406729,874.8116629984961,0.20209059233449478,739.5902086282867,1359.8912230407286,8.320670800686775,4,0.09715110580642826,2.0,discontinuous,discontinuous,0.20209059233449478,True,874.8116629984961
319,474,1579,0,534,522,45.6634080101057,,967.390625,548.390625,1,45.6634080101057,46,831.0772246537126,1479.3798976974147,0.4254658385093168,0.6521739130434783,2,0.021739130434782594,3.0444444444444443,0.5086496756258203,760.7321222134261,794.9243568405743,874.8116629984961,0.4254658385093168,831.0772246537126,1479.3798976974147,19.428220178212673,2,0.04379874580446083,3.0444444444444443,thick,thick,0.4254658385093168,True,874.8116629984961
319,646,1580,0,534,513,4.135128242442549,,956.86328125,591.13671875,1,4.135128242442549,4,717.7636486138753,1057.5980605267912,0.17857142857142858,1.0,1,0.0,1.25,0.34641016151377546,678.1569634509584,672.6079819159576,874.8116629984961,0.17857142857142858,717.7636486138753,1057.5980605267912,0.7384157575790266,1,0.241830468457084,1.25,punctate,punctate,0.17857142857142858,True,874.8116629984961
337,593,1581,0,511,536,20.369062034093332,,964.5,727.5,1,20.369062034093332,20,731.9688570632724,1169.1453381895813,0.2357142857142857,0.4,3,0.25,2.2,0.475284458829034,708.3479396095707,696.0833631536439,874.8116629984961,0.2357142857142857,731.9688570632724,1169.1453381895813,4.801278908036285,3,0.1472821868271921,2.2,discontinuous,discontinuous,0.2357142857142857,True,874.8116629984961
82,522,1582,0,495,533,42.64109023309323,,975.46484375,105.46484375,1,42.64109023309323,43,831.2280797523704,1633.2489745308371,0.38205980066445183,0.5581395348837209,2,0.11627906976744184,3.026315789473684,0.4763598582539944,791.7521332122641,784.645022267,874.8116629984961,0.38205980066445183,831.2280797523704,1633.2489745308371,16.291446434570503,2,0.046903115963198905,3.026315789473684,punctate,punctate,0.38205980066445183,True,874.8116629984961
198,265,1583,0,503,537,82.55156165677259,,991.75,364.25,1,82.55156165677259,83,844.7296535055073,1864.8503465311655,0.3958691910499139,0.4457831325301205,4,0.06024096385542166,2.948717948717949,0.4636503473658532,828.5752287479405,793.2738354392411,874.8116629984961,0.3958691910499139,844.7296535055073,1864.8503465311655,32.67961993297366,4,0.048454564877051444,2.948717948717949,discontinuous,discontinuous,0.3958691910499139,True,874.8116629984961
265,290,1584,0,537,481,80.90193498037966,,985.5,387.5,1,80.90193498037966,81,832.3316651707423,2076.3080347227246,0.36860670194003525,0.6049382716049383,7,0.13580246913580252,2.9857142857142858,0.5265114903668635,807.3774673078982,769.4086326681203,874.8116629984961,0.36860670194003525,832.3316651707423,2076.3080347227246,29.820995433684917,7,0.08652450651146527,2.9857142857142858,reticular,reticular,0.36860670194003525,True,874.8116629984961
8,593,1585,0,482,536,20.013107133880858,,963.71875,761.28125,1,20.013107133880858,20,755.8251420001263,1406.192050211468,0.15714285714285714,0.3,3,0.6,2.75,0.5061603966209111,741.5094057219628,722.7857252788244,874.8116629984961,0.15714285714285714,755.8251420001263,1406.192050211468,3.1449168353241346,3,0.14990176087756008,2.75,discontinuous,discontinuous,0.15714285714285714,True,874.8116629984961
268,314,1586,0,510,538,39.741536232793,,976.13671875,4.13671875,1,39.741536232793,40,805.1979561811245,1607.4187676145707,0.32857142857142857,0.5,3,0.09999999999999998,2.5555555555555554,0.474291831071118,771.3716564584047,748.0274609431581,874.8116629984961,0.32857142857142857,805.1979561811245,1607.4187676145707,13.057933333631986,3,0.0754877713439907,2.5555555555555554,discontinuous,discontinuous,0.32857142857142857,True,874.8116629984961
642,646,1588,0,539,513,49.41123479685318,,967.5,614.5,1,49.41123479685318,49,698.1181404364527,1331.7135047461284,0.1282798833819242,0.1836734693877551,8,0.3877551020408163,1.4666666666666666,0.6030226891555273,655.9361379056197,675.9632248919753,874.8116629984961,0.1282798833819242,698.1181404364527,1331.7135047461284,6.338467437497201,8,0.16190649824661923,1.4666666666666666,discontinuous,discontinuous,0.1282798833819242,True,874.8116629984961
319,642,1589,0,534,539,28.63489176293664,,971.171875,588.171875,1,28.63489176293664,29,796.5669283326532,1290.636769964671,0.31527093596059114,0.5517241379310345,3,0.27586206896551724,3.0476190476190474,0.511107101056129,797.7596029177571,739.373546934752,874.8116629984961,0.31527093596059114,796.5669283326532,1290.636769964671,9.027749127231257,3,0.10476728967011595,3.0476190476190474,discontinuous,discontinuous,0.31527093596059114,True,874.8116629984961
226,336,1590,0,524,540,68.96097800558785,,974.71484375,240.71484375,1,68.96097800558785,69,837.9455751035351,1848.5390356192836,0.4078674948240166,1.0,1,0.0,2.8550724637681157,0.4228155212783513,768.7163669644552,801.6982465429867,874.8116629984961,0.4078674948240166,837.9455751035351,1848.5390356192836,28.126941339753223,1,0.014500954437145176,2.8550724637681157,thick,thick,0.4078674948240166,True,874.8116629984961
81,634,1591,0,541,512,10.12437799430002,,961.64453125,49.64453125,1,10.12437799430002,10,629.0556351644497,1363.954118486153,0.12857142857142856,0.2,1,0.8,4.5,0.3333333333333333,647.6555538956834,604.0616929188199,874.8116629984961,0.12857142857142856,629.0556351644497,1363.954118486153,1.3017057421242881,1,0.09877149989490669,4.5,discontinuous,discontinuous,0.12857142857142856,True,874.8116629984961
8,285,1592,0,482,542,30.010575335149984,,969.13671875,784.13671875,1,30.010575335149984,30,819.3768055113715,1323.6441565578998,0.37142857142857144,1.0,1,0.0,2.6,0.5024594344170622,785.7836729770311,774.7542446566788,874.8116629984961,0.37142857142857144,819.3768055113715,1323.6441565578998,11.14678512448428,1,0.03332158710162236,2.6,punctate,punctate,0.37142857142857144,True,874.8116629984961
81,522,1593,0,541,533,42.24371132707245,,978.46875,64.4609375,1,42.24371132707245,42,732.85481432742,1207.165069345391,0.18027210884353742,0.16666666666666666,6,0.38095238095238093,2.0384615384615383,0.5177518012834809,709.2724447871544,708.029250974581,874.8116629984961,0.18027210884353742,732.85481432742,1207.165069345391,7.615362926308979,6,0.1420329751224964,2.0384615384615383,reticular,reticular,0.18027210884353742,True,874.8116629984961
82,382,1594,0,495,535,11.458116553005585,,966.640625,155.6484375,1,11.458116553005585,11,752.3269160853679,1299.1216159062121,0.22077922077922077,0.2727272727272727,3,0.4545454545454546,2.8333333333333335,0.5549400665915649,699.9131628501046,772.4348503409933,874.8116629984961,0.22077922077922077,752.3269160853679,1299.1216159062121,2.5297140441700643,3,0.2618231352528063,2.8333333333333335,discontinuous,discontinuous,0.22077922077922077,True,874.8116629984961
336,563,1595,0,540,521,7.807241748715275,,966.3515625,270.6484375,1,7.807241748715275,8,826.1931590159049,1269.1902534084352,0.39285714285714285,1.0,1,0.0,2.75,0.5061603966209111,758.9141941798872,800.2632971100084,874.8116629984961,0.39285714285714285,826.1931590159049,1269.1902534084352,3.0671306869952866,1,0.12808620921269095,2.75,punctate,punctate,0.39285714285714285,True,874.8116629984961
188,285,1596,0,527,542,14.125425627516526,,967.13671875,799.12890625,1,14.125425627516526,14,876.2007055635795,1591.9204327923658,0.46938775510204084,1.0,1,0.0,3.2857142857142856,0.3714784237094579,923.9975213434087,777.2975813536184,874.8116629984961,0.46938775510204084,876.2007055635795,1591.9204327923658,6.630301825160818,1,0.07079432693709321,3.2857142857142856,thick,thick,0.46938775510204084,True,874.8116629984961
268,504,1597,0,510,543,54.0310241091243,,978.27734375,26.27734375,1,54.0310241091243,54,779.9259314942814,1417.0757039420982,0.2671957671957672,0.25925925925925924,5,0.2592592592592593,2.525,0.5312506307048045,739.0970437262237,768.1363766865414,874.8116629984961,0.2671957671957672,779.9259314942814,1417.0757039420982,14.436860939210463,5,0.09253942679120239,2.525,discontinuous,discontinuous,0.2671957671957672,True,874.8116629984961
504,634,1598,0,543,512,1.0,,962.5,45.5,1,1.0,1,1257.5357142857142,1525.75,0.8571428571428571,1.0,1,0.0,6.0,,1429.9583333333333,995.7083333333334,874.8116629984961,0.8571428571428571,1257.5357142857142,1525.75,0.8571428571428571,1,1.0,6.0,thick,thick,0.8571428571428571,True,874.8116629984961
81,504,1599,0,541,543,45.3693236501106,,982.390625,39.390625,1,45.3693236501106,45,692.1472109444676,1508.3208869418952,0.17777777777777778,0.24444444444444444,3,0.5777777777777777,2.9473684210526314,0.40406101782088427,650.8165843122398,696.3863324663968,874.8116629984961,0.17777777777777778,692.1472109444676,1508.3208869418952,8.06565753779744,3,0.06612397449730742,2.9473684210526314,discontinuous,discontinuous,0.17777777777777778,True,874.8116629984961
362,621,1600,0,544,519,13.818742046462946,,971.46484375,493.46484375,1,13.818742046462946,14,874.1256496120197,1477.2958086061017,0.4489795918367347,0.5714285714285714,2,0.0714285714285714,3.3846153846153846,0.41035159284699524,900.2085668653015,791.8220096488876,874.8116629984961,0.4489795918367347,874.1256496120197,1477.2958086061017,6.204333163718057,2,0.14473097430108853,3.3846153846153846,thick,thick,0.4489795918367347,True,874.8116629984961
35,429,1601,0,523,545,39.44604533322659,,966.87109375,897.13671875,1,39.44604533322659,39,811.9811274896259,1605.8526905146973,0.37362637362637363,1.0,1,0.0,2.6153846153846154,0.4025581405421139,788.6637700809166,758.2580039898615,874.8116629984961,0.37362637362637363,811.9811274896259,1605.8526905146973,14.73808287175499,1,0.025351083779181025,2.6153846153846154,punctate,punctate,0.37362637362637363,True,874.8116629984961
362,474,1602,0,544,522,38.3914032876943,,975.1015625,512.828125,1,38.3914032876943,38,809.4327865079747,1907.0438335242209,0.37969924812030076,0.8421052631578947,2,0.10526315789473684,2.9705882352941178,0.2514539623604019,746.8990151004567,770.1005244664351,874.8116629984961,0.37969924812030076,809.4327865079747,1907.0438335242209,14.57718696262077,2,0.052094995981589065,2.9705882352941178,punctate,punctate,0.37969924812030076,True,874.8116629984961
35,239,1603,0,523,546,13.442275736471242,,972.359375,914.6484375,1,13.442275736471242,13,833.9041510447481,1441.7453494768706,0.4065934065934066,1.0,1,0.0,2.8461538461538463,0.38602315829961353,789.1277099801732,786.6744030429,874.8116629984961,0.4065934065934066,833.9041510447481,1441.7453494768706,5.465540684059736,1,0.07439216540446536,2.8461538461538463,thick,thick,0.4065934065934066,True,874.8116629984961
239,338,1604,0,546,529,33.40471623911364,,970.86328125,933.86328125,1,33.40471623911364,33,756.8647959805008,1334.7481552342917,0.20346320346320346,0.48484848484848486,4,0.3939393939393939,2.35,0.6629972957822503,743.4449905807224,712.2389695365334,874.8116629984961,0.20346320346320346,756.8647959805008,1334.7481552342917,6.796630576789355,4,0.11974357067929207,2.35,discontinuous,discontinuous,0.20346320346320346,True,874.8116629984961
248,336,1606,0,531,540,61.625819170121645,,1002.35546875,272.64453125,1,61.625819170121645,62,794.8273266888859,2066.387743515603,0.3317972350230415,0.5645161290322581,2,0.4193548387096774,4.0,0.3004626062886658,761.0979402444271,763.574432273392,874.8116629984961,0.3317972350230415,794.8273266888859,2066.387743515603,20.447276406676306,2,0.03245392965047465,4.0,punctate,punctate,0.3317972350230415,True,874.8116629984961
33,621,1607,0,547,519,26.081570787095714,,969.6796875,475.609375,1,26.081570787095714,26,674.1074620977516,1071.7626637510293,0.07142857142857142,0.11538461538461539,3,0.7692307692307692,2.1666666666666665,0.6749972605686249,637.2916134555112,680.2260868342189,874.8116629984961,0.07142857142857142,674.1074620977516,1071.7626637510293,1.862969341935408,3,0.11502374701619962,2.1666666666666665,discontinuous,discontinuous,0.07142857142857142,True,874.8116629984961
249,446,1608,0,548,528,56.008410419820464,,976.49609375,983.50390625,1,56.008410419820464,56,722.470451952355,1272.653593914799,0.1836734693877551,0.23214285714285715,7,0.3392857142857143,1.945945945945946,0.4918314224896047,682.1136584829386,692.9715991441644,874.8116629984961,0.1836734693877551,722.470451952355,1272.653593914799,10.287259056701718,7,0.12498122956053068,1.945945945945946,reticular,reticular,0.1836734693877551,True,874.8116629984961
249,338,1609,0,548,529,7.49831579793951,,972.13671875,954.13671875,1,7.49831579793951,7,920.8771890630529,1549.5154919367394,0.46938775510204084,1.0,1,0.0,3.2857142857142856,0.21299910806810246,872.8228432932049,829.931968981122,874.8116629984961,0.46938775510204084,920.8771890630529,1549.5154919367394,3.5196176194409947,1,0.13336328142845008,3.2857142857142856,thick,thick,0.46938775510204084,True,874.8116629984961
290,530,1610,0,481,532,84.14179535288955,,992.71875,445.28125,1,84.14179535288955,84,721.145013823951,1482.487269452992,0.20918367346938777,0.34523809523809523,5,0.5119047619047619,3.0,0.49932203358647437,708.366738946773,676.027578734482,874.8116629984961,0.20918367346938777,721.145013823951,1482.487269452992,17.601089844226895,5,0.05942350028342119,3.0,discontinuous,discontinuous,0.20918367346938777,True,874.8116629984961
285,593,1611,0,542,536,38.20238016750439,,985.5,760.5,1,38.20238016750439,38,809.8157378227239,1344.5252249159628,0.36466165413533835,1.0,1,0.0,2.5526315789473686,0.4729925668847201,760.8573470881811,765.235203161883,874.8116629984961,0.36466165413533835,809.8157378227239,1344.5252249159628,13.930943143789195,1,0.02617637947204707,2.5526315789473686,punctate,punctate,0.36466165413533835,True,874.8116629984961
188,429,1612,0,527,545,54.9856206601922,,987.16796875,860.16796875,1,54.9856206601922,55,848.0553026291028,1530.7190255820828,0.3948051948051948,0.8727272727272727,3,0.054545454545454564,2.923076923076923,0.37861827815626736,790.7035884798197,808.5663280287183,874.8116629984961,0.3948051948051948,848.0553026291028,1530.7190255820828,21.708608676231727,3,0.05455971877702023,2.923076923076923,discontinuous,discontinuous,0.3948051948051948,True,874.8116629984961
82,567,1613,0,495,549,45.14813939352926,,988.13671875,144.13671875,1,45.14813939352926,45,699.6954781464415,1076.9010187044119,0.13968253968253969,0.26666666666666666,4,0.4444444444444444,1.76,0.43360872791679356,670.2019414158354,674.6145311412397,874.8116629984961,0.13968253968253969,699.6954781464415,1076.9010187044119,6.306406772429485,4,0.08859722800832164,1.76,discontinuous,discontinuous,0.13968253968253969,True,874.8116629984961
382,567,1614,0,535,549,59.84566078066351,,997.49609375,170.50390625,1,59.84566078066351,60,678.4294337541758,1358.6834338654128,0.15,0.18333333333333332,7,0.3666666666666667,1.6578947368421053,0.522846637841289,647.9237589268803,623.9231301925591,874.8116629984961,0.15,678.4294337541758,1358.6834338654128,8.976849117099526,7,0.1169675446588392,1.6578947368421053,reticular,reticular,0.15,True,874.8116629984961
285,470,1615,0,542,550,38.43315937205997,,978.89453125,777.90234375,1,38.43315937205997,38,785.3050428256565,1428.4516840519148,0.2857142857142857,0.39473684210526316,4,0.26315789473684215,2.7142857142857144,0.37953171320673573,785.0519900862521,733.7019239664291,874.8116629984961,0.2857142857142857,785.3050428256565,1428.4516840519148,10.98090267773142,4,0.10407679372068249,2.7142857142857144,discontinuous,discontinuous,0.2857142857142857,True,874.8116629984961
188,470,1616,0,527,550,77.6526773866852,,993.46875,823.5390625,1,77.6526773866852,78,807.1240246553265,1548.3217198113332,0.31868131868131866,0.23076923076923078,6,0.16666666666666663,2.6769230769230767,0.6150767927333753,806.0069664302767,747.6554192512692,874.8116629984961,0.31868131868131866,807.1240246553265,1548.3217198113332,24.746457628723853,6,0.07726713620088001,2.6769230769230767,reticular,reticular,0.31868131868131866,True,874.8116629984961
239,249,1617,0,546,548,13.047318640463299,,979.75390625,952.24609375,1,13.047318640463299,13,834.5143211424313,1570.6112071790021,0.3956043956043956,0.46153846153846156,2,0.07692307692307687,3.0,0.36004114991154784,820.1148846733827,767.8935863166254,874.8116629984961,0.3956043956043956,834.5143211424313,1570.6112071790021,5.161576605018448,2,0.1532882008259884,3.0,punctate,punctate,0.3956043956043956,True,874.8116629984961
184,337,1618,0,551,511,17.954766296577127,,979.49609375,719.49609375,1,17.954766296577127,18,883.3594631099528,1551.9993316370865,0.47619047619047616,1.0,1,0.0,3.3333333333333335,0.3741657386773941,812.8122375747304,848.4321683635762,874.8116629984961,0.47619047619047616,883.3594631099528,1551.9993316370865,8.549888712655774,1,0.055695517473298366,3.3333333333333335,thick,thick,0.47619047619047616,True,874.8116629984961
184,593,1619,0,551,536,25.864674591276707,,983.72265625,735.27734375,1,25.864674591276707,26,620.2743401088353,861.5021766120384,0.0,0.0,0,1.0,,,622.548212490327,607.0771269551168,874.8116629984961,0.0,620.2743401088353,861.5021766120384,0.0,0,0.0,,minimal,minimal,0.0,False,874.8116629984961
33,362,1620,0,547,544,23.678680608160303,,985.5,490.2109375,1,23.678680608160303,24,749.4572064307928,1460.8853252979884,0.24404761904761904,0.5416666666666666,3,0.125,1.9523809523809523,0.5583182020614438,717.091576195818,687.6808369629576,874.8116629984961,0.24404761904761904,749.4572064307928,1460.8853252979884,5.77872562461055,3,0.12669624839511204,1.9523809523809523,discontinuous,discontinuous,0.24404761904761904,True,874.8116629984961
33,530,1621,0,547,532,33.806537304212426,,988.5,474.5,1,33.806537304212426,34,644.6312104088955,1118.1125898841196,0.1092436974789916,0.35294117647058826,6,0.3529411764705882,1.1818181818181819,0.3263569759322527,621.5004575866197,583.6182541140506,874.8116629984961,0.1092436974789916,644.6312104088955,1118.1125898841196,3.6931511340736263,6,0.17748046615979143,1.1818181818181819,discontinuous,discontinuous,0.1092436974789916,True,874.8116629984961
336,382,1622,0,540,535,31.08953556016879,,990.25,207.25,1,31.08953556016879,31,824.6666241467817,1460.6306658143003,0.35944700460829493,0.7096774193548387,2,0.16129032258064513,3.0,0.41344911529736156,806.1097721481824,785.0473769205781,874.8116629984961,0.35944700460829493,824.6666241467817,1460.6306658143003,11.17504043176574,2,0.06433032735819813,3.0,punctate,punctate,0.35944700460829493,True,874.8116629984961
239,429,1623,0,546,545,27.462536109915185,,990.75390625,912.75390625,1,27.462536109915185,27,680.0453357992133,1140.6356462525955,0.047619047619047616,0.07407407407407407,5,0.7407407407407407,1.2857142857142858,0.35136418446315326,667.0120256012959,639.8986736895723,874.8116629984961,0.047619047619047616,680.0453357992133,1140.6356462525955,1.3077398147578658,5,0.18206621486042507,1.2857142857142858,discontinuous,discontinuous,0.047619047619047616,False,874.8116629984961
630,646,1624,0,552,513,17.294304387656087,,980.99609375,643.00390625,1,17.294304387656087,17,767.9249813280829,1184.6957914588625,0.2605042016806723,0.6470588235294118,2,0.23529411764705888,2.3846153846153846,0.5824345188796061,800.2899090757852,693.4394719889556,874.8116629984961,0.2605042016806723,767.9249813280829,1184.6957914588625,4.5052389581288965,2,0.11564500977717912,2.3846153846153846,punctate,punctate,0.2605042016806723,True,874.8116629984961
441,646,1625,0,553,513,13.896256290113639,,982.828125,655.828125,1,13.896256290113639,14,733.2334116570267,1044.217921579489,0.15306122448979592,0.42857142857142855,3,0.4285714285714286,1.875,0.4944132324730442,655.2347253149959,787.5096883673177,874.8116629984961,0.15306122448979592,733.2334116570267,1044.217921579489,2.1269780035888224,3,0.2158854829220674,1.875,discontinuous,discontinuous,0.15306122448979592,True,874.8116629984961
312,441,1626,0,530,553,53.994304345586094,,985.53125,687.46875,1,53.994304345586094,54,836.8754741250779,1681.0072484195762,0.4021164021164021,1.0,1,0.0,2.814814814814815,0.600236564629318,802.359868148043,785.9547273970779,874.8116629984961,0.4021164021164021,836.8754741250779,1681.0072484195762,21.711995398225095,1,0.018520471966813064,2.814814814814815,thick,thick,0.4021164021164021,True,874.8116629984961
630,642,1627,0,552,539,60.35027767382398,,996.640625,614.359375,1,60.35027767382398,60,597.3176204942135,1354.6652345701436,0.0761904761904762,0.13333333333333333,4,0.8166666666666667,2.909090909090909,0.6296700524878088,585.9553862745418,593.3493887317051,874.8116629984961,0.0761904761904762,597.3176204942135,1354.6652345701436,4.598116394196113,4,0.06627972818317188,2.909090909090909,discontinuous,discontinuous,0.0761904761904762,True,874.8116629984961
319,362,1628,0,534,544,7.342992543272124,,983.140625,531.859375,1,7.342992543272124,7,918.3895122387553,1379.2135326428563,0.5714285714285714,1.0,1,0.0,4.0,0.32732683535398854,924.3679292776826,846.6703063222441,874.8116629984961,0.5714285714285714,918.3895122387553,1379.2135326428563,4.195995739012642,1,0.136184259224971,4.0,thick,thick,0.5714285714285714,True,874.8116629984961
184,312,1629,0,551,530,1.0,,981.5,710.5,1,1.0,1,1250.142857142857,1619.0,1.0,1.0,1,0.0,7.0,,1106.75,1287.5416666666667,874.8116629984961,1.0,1250.142857142857,1619.0,1.0,1,1.0,7.0,thick,thick,1.0,True,874.8116629984961
432,446,1630,0,554,528,19.086704196968846,,986.49609375,1016.49609375,1,19.086704196968846,19,707.0138831974981,1332.8655395199478,0.15037593984962405,0.3157894736842105,3,0.4736842105263158,2.0,0.4472135954999579,695.815134711587,657.004027626524,874.8116629984961,0.15037593984962405,707.0138831974981,1332.8655395199478,2.870181082250954,3,0.1571774764800111,2.0,discontinuous,discontinuous,0.15037593984962405,True,874.8116629984961
184,441,1631,0,551,553,69.05647021526399,,1006.53515625,703.53515625,1,69.05647021526399,69,733.214204283939,1488.949490795824,0.2194616977225673,0.2463768115942029,6,0.26086956521739135,2.0784313725490198,0.6521045154258662,704.6437515744743,702.1612595951418,874.8116629984961,0.2194616977225673,733.214204283939,1488.949490795824,15.155250192169737,6,0.08688541394161474,2.0784313725490198,reticular,reticular,0.2194616977225673,True,874.8116629984961
319,630,1633,0,534,552,17.978913171160734,,986.72265625,577.72265625,1,17.978913171160734,18,748.0282564412408,1292.5105930384927,0.2777777777777778,0.7777777777777778,2,0.11111111111111116,2.1875,0.43424811867344754,738.8183546817272,686.6772392067556,874.8116629984961,0.2777777777777778,748.0282564412408,1292.5105930384927,4.994142547544649,2,0.11124142938785206,2.1875,punctate,punctate,0.2777777777777778,True,874.8116629984961
249,371,1634,0,548,555,51.51415858534175,,999.28125,975.71875,1,51.51415858534175,52,829.020137493331,1761.8793934170524,0.40384615384615385,1.0,1,0.0,2.826923076923077,0.3378836989983032,796.4308011995724,773.812909567141,874.8116629984961,0.40384615384615385,829.020137493331,1761.8793934170524,20.80379481331109,1,0.019412138865537987,2.826923076923077,thick,thick,0.40384615384615385,True,874.8116629984961
441,630,1635,0,553,552,44.55488798415827,,1005.82421875,655.82421875,1,44.55488798415827,45,799.3203123667615,1393.2901227019586,0.34285714285714286,0.6888888888888889,4,0.1777777777777778,2.918918918918919,0.4532310463155711,745.9543889828118,790.5356291960159,874.8116629984961,0.34285714285714286,799.3203123667615,1393.2901227019586,15.27596159456855,4,0.08977690621559237,2.918918918918919,discontinuous,discontinuous,0.34285714285714286,True,874.8116629984961
239,371,1636,0,546,555,63.92342225698298,,1012.49609375,941.50390625,1,63.92342225698298,64,691.3826778696754,1286.869692888356,0.140625,0.3125,3,0.546875,2.1724137931034484,0.6289400874971095,670.7028228785679,662.5354636322625,874.8116629984961,0.140625,691.3826778696754,1286.869692888356,8.989231254888232,3,0.046931154404398,2.1724137931034484,discontinuous,discontinuous,0.140625,True,874.8116629984961
362,577,1637,0,544,556,43.31974982082093,,1003.28125,520.28125,1,43.31974982082093,43,847.2020259135588,1784.6460345641349,0.3554817275747508,0.6976744186046512,2,0.06976744186046513,2.675,0.368062965747948,782.0436204387405,801.5742728467816,874.8116629984961,0.3554817275747508,847.2020259135588,1784.6460345641349,15.399379504411428,2,0.04616831833684166,2.675,punctate,punctate,0.3554817275747508,True,874.8116629984961
319,577,1638,0,534,556,44.66493705228584,,996.8671875,549.8671875,1,44.66493705228584,45,730.9668280567055,1387.8136381018367,0.2126984126984127,0.2222222222222222,4,0.3111111111111111,2.161290322580645,0.4859349431671554,704.3385911602047,688.0290511493215,874.8116629984961,0.2126984126984127,730.9668280567055,1387.8136381018367,9.50016121429572,4,0.08955570664562909,2.161290322580645,discontinuous,discontinuous,0.2126984126984127,True,874.8116629984961
249,432,1639,0,548,554,28.371521005045814,,1000.75390625,999.75390625,1,28.371521005045814,28,764.1587874864554,1233.6878947665311,0.27040816326530615,0.39285714285714285,4,0.1785714285714286,2.3043478260869565,0.45125512238118476,734.6797633131182,717.560623763742,874.8116629984961,0.27040816326530615,764.1587874864554,1233.6878947665311,7.6718908840174915,4,0.1409864490271286,2.3043478260869565,discontinuous,discontinuous,0.27040816326530615,True,874.8116629984961
577,630,1640,0,556,552,36.262491483781645,,1009.75,576.25,1,36.262491483781645,36,774.5407037947494,1467.3058097591231,0.31746031746031744,1.0,1,0.0,2.2222222222222223,0.5315072906367324,720.0764321926458,720.1266135002611,874.8116629984961,0.31746031746031744,774.5407037947494,1467.3058097591231,11.511902058343379,1,0.027576704166817904,2.2222222222222223,punctate,punctate,0.31746031746031744,True,874.8116629984961
184,285,1641,0,551,542,47.6144433708208,,1002.93359375,723.86328125,1,47.6144433708208,48,737.792384062316,1279.4181873375353,0.25595238095238093,0.4375,2,0.4375,3.185185185185185,0.48364265914152144,720.720714344215,705.7325976587741,874.8116629984961,0.25595238095238093,737.792384062316,1279.4181873375353,12.187030148483895,2,0.04200406133962378,3.185185185185185,punctate,punctate,0.25595238095238093,True,874.8116629984961
522,557,1642,0,533,557,28.494979421327827,,1004.86328125,89.86328125,1,28.494979421327827,28,834.6307822065356,1317.934173524378,0.3877551020408163,0.5714285714285714,2,0.0714285714285714,2.923076923076923,0.5276299383095637,772.0660857211109,828.1392048935421,874.8116629984961,0.3877551020408163,834.6307822065356,1317.934173524378,11.049073653167932,2,0.07018780292583916,2.923076923076923,punctate,punctate,0.3877551020408163,True,874.8116629984961
82,557,1644,0,495,557,43.88341273096113,,1004.13671875,116.86328125,1,43.88341273096113,44,551.8334990950484,1319.9906254524026,0.03571428571428571,0.09090909090909091,1,0.9090909090909091,2.75,0.39626354032187944,553.3469833517503,541.1144366930713,874.8116629984961,0.03571428571428571,551.8334990950484,1319.9906254524026,1.567264740391469,1,0.022787653415443428,2.75,discontinuous,discontinuous,0.03571428571428571,False,874.8116629984961
285,435,1645,0,542,558,36.66582087253962,,1008.13671875,770.13671875,1,36.66582087253962,37,747.0255602022199,1248.6911534715023,0.21621621621621623,0.2972972972972973,5,0.16216216216216217,1.8064516129032258,0.4751476677017883,708.641393823118,710.2505442098233,874.8116629984961,0.21621621621621623,747.0255602022199,1248.6911534715023,7.92774505352208,5,0.13636678195154453,1.8064516129032258,discontinuous,discontinuous,0.21621621621621623,True,874.8116629984961
435,470,1646,0,558,550,35.36481792608933,,1009.13671875,792.86328125,1,35.36481792608933,35,677.7875266794588,1098.5759963719206,0.11836734693877551,0.14285714285714285,3,0.7142857142857143,2.9,0.4740595546506042,676.5356087253849,652.1937666230574,874.8116629984961,0.11836734693877551,677.7875266794588,1098.5759963719206,4.186039672884044,3,0.08483007055966886,2.9,discontinuous,discontinuous,0.11836734693877551,True,874.8116629984961
362,530,1647,0,544,532,34.74444760187796,,1010.28125,500.71875,1,34.74444760187796,35,687.7193868852664,1182.1590159774662,0.1306122448979592,0.14285714285714285,6,0.4571428571428572,1.6842105263157894,0.610775633927877,661.4519332133577,656.3965687613629,874.8116629984961,0.1306122448979592,687.7193868852664,1182.1590159774662,4.538050299020795,6,0.17268946304029587,1.6842105263157894,discontinuous,discontinuous,0.1306122448979592,True,874.8116629984961
81,370,1648,0,541,559,21.783672619726335,,1004.86328125,51.86328125,1,21.783672619726335,22,760.4006786561176,1197.4036782810645,0.23376623376623376,0.2727272727272727,4,0.2727272727272727,2.25,0.5773502691896257,733.8578439578181,734.6845775415808,874.8116629984961,0.23376623376623376,760.4006786561176,1197.4036782810645,5.092287105910052,4,0.18362376582807144,2.25,discontinuous,discontinuous,0.23376623376623376,True,874.8116629984961
370,522,1649,0,559,533,31.869953649795498,,1007.75390625,73.24609375,1,31.869953649795498,32,967.9202077627264,1541.5177482166164,0.6964285714285714,1.0,1,0.0,4.875,0.24991780371305033,912.150654796939,958.9409618908296,874.8116629984961,0.6964285714285714,967.9202077627264,1541.5177482166164,22.195146291821864,1,0.03137751660979955,4.875,thick,thick,0.6964285714285714,True,874.8116629984961
81,268,1650,0,541,510,20.12503536008401,,1006.5,35.5,1,20.12503536008401,20,857.9297275953,1288.8644311270984,0.5142857142857142,1.0,1,0.0,3.6,0.4843221048378526,792.8743292635603,843.1472435565311,874.8116629984961,0.5142857142857142,857.9297275953,1288.8644311270984,10.35001818518606,1,0.04968935368846108,3.6,thick,thick,0.5142857142857142,True,874.8116629984961
53,382,1651,0,560,535,27.114158406403877,,1012.46484375,191.46484375,1,27.114158406403877,27,742.9485380206264,1324.0949168751706,0.26455026455026454,0.6666666666666666,3,0.14814814814814814,2.1739130434782608,0.4824935232725927,704.467320836077,693.1827247080817,874.8116629984961,0.26455026455026454,742.9485380206264,1324.0949168751706,7.173057779471925,3,0.11064330137170895,2.1739130434782608,discontinuous,discontinuous,0.26455026455026454,True,874.8116629984961
53,336,1652,0,560,540,46.718059796731666,,1005.8671875,217.8671875,1,46.718059796731666,47,737.1406379938084,1241.2084007812016,0.23404255319148937,0.3829787234042553,4,0.34042553191489366,2.4838709677419355,0.4442241915970668,726.9456010295874,695.5905241721879,874.8116629984961,0.23404255319148937,737.1406379938084,1241.2084007812016,10.934013994979752,4,0.0856199940109635,2.4838709677419355,discontinuous,discontinuous,0.23404255319148937,True,874.8116629984961
371,429,1653,0,555,545,56.852693030487856,,1013.46484375,889.53515625,1,56.852693030487856,57,650.1739301904961,1055.6869764739545,0.07017543859649122,0.15789473684210525,4,0.6842105263157895,1.5555555555555556,0.31943828249996997,613.4360768368288,629.833740387857,874.8116629984961,0.07017543859649122,650.1739301904961,1055.6869764739545,3.989662668806165,4,0.07035726518451743,1.5555555555555556,discontinuous,discontinuous,0.07017543859649122,True,874.8116629984961
557,567,1654,0,557,549,13.129688755600807,,1016.5,137.5,1,13.129688755600807,13,667.2421462011852,1051.6258229502498,0.0989010989010989,0.38461538461538464,2,0.5384615384615384,1.5,0.3333333333333333,623.9204169448806,646.8105082872789,874.8116629984961,0.0989010989010989,667.2421462011852,1051.6258229502498,1.2985406461583215,2,0.1523265354745632,1.5,discontinuous,discontinuous,0.0989010989010989,True,874.8116629984961
268,370,1655,0,510,559,12.836893956058343,,1018.1015625,42.8984375,1,12.836893956058343,13,913.2138372682073,1828.6797605720235,0.45054945054945056,1.0,1,0.0,3.1538461538461537,0.46277234051244576,832.0979413102203,888.8638809679815,874.8116629984961,0.45054945054945056,913.2138372682073,1828.6797605720235,5.783655518663649,1,0.07790046435088391,3.1538461538461537,thick,thick,0.45054945054945056,True,874.8116629984961
188,371,1656,0,527,555,11.948345799777325,,1016.6484375,857.6484375,1,11.948345799777325,12,701.2655288661762,1134.3913075620403,0.09523809523809523,0.25,2,0.6666666666666667,2.0,0.3535533905932738,684.9418235291856,666.6011367907059,874.8116629984961,0.09523809523809523,701.2655288661762,1134.3913075620403,1.137937695216888,2,0.1673871876086205,2.0,discontinuous,discontinuous,0.09523809523809523,True,874.8116629984961
371,432,1657,0,555,554,10.124249268759066,,1019.13671875,996.86328125,1,10.124249268759066,10,721.4492252766856,1031.3056539040601,0.07142857142857142,0.1,3,0.7,1.6666666666666667,0.565685424949238,692.3095584729048,710.4088362455083,874.8116629984961,0.07142857142857142,721.4492252766856,1031.3056539040601,0.7231606620542189,3,0.29631826719806864,1.6666666666666667,minimal,minimal,0.07142857142857142,True,874.8116629984961
370,557,1658,0,559,557,10.201729284219894,,1019.86328125,90.13671875,1,10.201729284219894,10,753.2374784185926,1267.4991995482496,0.2,0.2,2,0.6,3.5,0.31943828249996997,796.6765438522093,662.7375966641885,874.8116629984961,0.2,753.2374784185926,1267.4991995482496,2.0403458568439787,2,0.19604519432735917,3.5,punctate,punctate,0.2,True,874.8116629984961
