n_pred_cells,n_ref_cells,n_matched_cells,n_unmatched_pred_cells,n_unmatched_ref_cells,n_splits,n_merges,mean_matched_iou,n_pred_edges,n_ref_edges,n_matched_edges,n_unmatched_pred_edges,n_unmatched_ref_edges,n_pred_pairs,n_ref_pairs,n_pair_tp,adjacency_pair_precision,adjacency_pair_recall,adjacency_pair_f1,adjacency_component_precision,adjacency_component_recall,adjacency_component_f1,arclength_rel_error_mean_abs,arclength_rel_error_median_abs,arclength_rel_error_mean_signed,arclength_rel_error_max_abs,n_pred_vertices,n_ref_vertices,n_matched_vertices,vertex_precision,vertex_recall,vertex_f1,vertex_loc_error_mean_px,vertex_loc_error_median_px,vertex_loc_error_p95_px,vertex_incident_set_accuracy,vertex_cyclic_order_accuracy,n_vertex_incident_set_mismatches,pq,sq,rq,ap50,ap75,vi,vi_merge,vi_split,boundary_precision,boundary_recall,boundary_f1,hausdorff_px,hausdorff95_px,euler_residual_pred,euler_residual_ref,valid_pred,valid_ref,validity_fraction,complex_edit_distance_approx,tol_px,iou_thresh,runtime_s,legacy_f1,legacy_precision,legacy_recall,method_runtime_s,method,image_id,dataset,shape
1036,109,1,1035,108,17,15,0.8118589743589744,2392,155,0,2392,155,2236,102,0,0.0,0.0,0.0,0.0,0.0,0.0,0.0,0.0,0.0,0.0,1439,2,0,0.0,0.0,0.0,0.0,0.0,0.0,1.0,1.0,0,0.0014180942783562872,0.8118589743589744,0.0017467248908296944,0.0008741258741258741,0.0008741258741258741,3.997829479331998,3.3149830973039527,0.6828463820280452,0.08886112646053064,0.09897534897534897,0.09364593305282651,239.20702330826325,104.1393297462587,0,0,True,True,1.0,3690,3.0,0.5,3.446408485993743,0.0,0.0,0.0,14.598766803741455,neural,BF-HUVEC_Glx_Polymers-02_S131-0008,mcellseg,"[2208, 2752]"
799,79,0,799,79,11,10,0.0,1661,116,0,1661,116,1544,68,0,0.0,0.0,0.0,0.0,0.0,0.0,0.0,0.0,0.0,0.0,913,0,0,0.0,1.0,0.0,0.0,0.0,0.0,1.0,1.0,0,0.0,0.0,0.0,0.0,0.0,4.674051778026723,4.092742428961131,0.5813093490655912,0.08564431463470938,0.07474522100946752,0.07982444989151186,311.93108213193506,147.4216736456943,0,0,True,True,1.0,2655,3.0,0.5,3.4157189461402595,0.0,0.0,0.0,13.120793342590332,neural,BF-HUVEC_Glx_Polymers-02_S132-0002,mcellseg,"[2208, 2752]"
1003,73,1,1002,72,10,4,0.5450619295958279,2289,52,0,2289,52,2150,40,0,0.0,0.0,0.0,0.0,0.0,0.0,0.0,0.0,0.0,0.0,1345,0,0,0.0,1.0,0.0,0.0,0.0,0.0,1.0,1.0,0,0.0010131262631892712,0.5450619295958279,0.0018587360594795538,0.0009302325581395349,0.0,3.371879211872522,2.773633401265036,0.5982458106074859,0.05961149042166192,0.07135405800125183,0.06495634609726318,265.0075470623431,100.72239075796404,0,0,True,True,1.0,3415,3.0,0.5,3.2364512155763805,0.0,0.0,0.0,10.85373592376709,neural,BF-HUVEC_Glx_Polymers-02_S132-0008,mcellseg,"[2208, 2752]"
1121,78,1,1120,77,18,9,0.5318784099766173,2571,46,0,2571,46,2400,33,0,0.0,0.0,0.0,0.0,0.0,0.0,0.0,0.0,0.0,0.0,1533,0,0,0.0,1.0,0.0,0.0,0.0,0.0,1.0,1.0,0,0.0008872033527549913,0.5318784099766173,0.0016680567139282735,0.0008347245409015025,0.0,3.1339756840864768,2.33747835423412,0.7964973298523564,0.10835585148470507,0.14404522476490733,0.12367730925419324,275.2180953353177,108.68992474356895,0,0,True,True,1.0,3814,3.0,0.5,3.333220976870507,0.0,0.0,0.0,12.785374879837036,neural,BF-HUVEC_Glx_Polymers-02_S135-0008,mcellseg,"[2208, 2752]"
127,151,1,126,150,48,14,0.5563531945441493,253,202,0,253,202,237,199,0,0.0,0.0,0.0,0.0,0.0,0.0,0.0,0.0,0.0,0.0,138,68,0,0.0,0.0,0.0,0.0,0.0,0.0,1.0,1.0,0,0.00400254096794352,0.5563531945441493,0.007194244604316547,0.0036101083032490976,0.0,4.2304248840031775,3.6046246942731424,0.6258001897300356,0.24974463738508682,0.12184138103577684,0.16378028244762266,139.31259813814398,87.65842800324451,0,0,True,True,1.0,731,3.0,0.5,0.4767875079996884,0.0,0.0,0.0,1.2960100173950195,neural,CellsOnly_Polymer-47,mcellseg,"[872, 1160]"
158,149,4,154,145,57,25,0.5599279467161006,319,238,0,319,238,278,234,1,0.0035971223021582736,0.004273504273504274,0.00390625,0.0,0.0,0.0,0.0,0.0,0.0,0.0,179,73,0,0.0,0.0,0.0,0.0,0.0,0.0,1.0,1.0,0,0.014590956266217606,0.5599279467161006,0.026058631921824105,0.013201320132013201,0.0,4.296066911458023,3.4804215682562196,0.8156453432018036,0.21323779121103037,0.1374989604413273,0.16719077473456656,128.3199127181748,62.96824596572466,0,0,True,True,1.0,856,3.0,0.5,0.508190933149308,0.004192872117400419,0.0038314176245210726,0.004629629629629629,1.2938592433929443,neural,CellsOnly_Polymer-48,mcellseg,"[896, 1182]"
214,189,9,205,180,91,28,0.5719474094163033,432,199,0,432,199,387,195,0,0.0,0.0,0.0,0.0,0.0,0.0,0.0,0.0,0.0,0.0,239,27,2,0.008368200836820083,0.07407407407407407,0.015037593984962405,2.414213562373095,2.414213562373095,2.7870057685088807,0.0,0.0,2,0.02554603813770089,0.5719474094163033,0.04466501240694789,0.02284263959390863,0.0,3.8375515397755624,3.0978750347945896,0.7396765049809726,0.24464358245329001,0.1681363344662848,0.19929978915331217,233.42022191746798,70.22250273594533,0,0,True,True,1.0,1018,3.0,0.5,0.7259131050668657,0.0,0.0,0.0,1.9859418869018555,neural,CellsOnly_Polymer-55,mcellseg,"[1104, 1376]"
329,247,7,322,240,120,35,0.6668255983336134,717,360,1,716,359,657,353,1,0.0015220700152207,0.0028328611898017,0.0019801980198019802,0.001394700139470014,0.002777777777777778,0.0018570102135561746,0.174727931302403,0.174727931302403,-0.174727931302403,0.174727931302403,419,110,3,0.007159904534606206,0.02727272727272727,0.011342155009451797,2.1380711874576983,2.0,2.9,0.0,0.0,3,0.016207566626164217,0.6668255983336134,0.024305555555555556,0.012302284710017574,0.003484320557491289,3.7718213019291325,2.8787477024500596,0.8930735994790726,0.2439675174013921,0.19508767763131854,0.21680671098206655,115.43396380615195,41.71330205962495,0,0,True,True,1.0,1640,3.0,0.5,0.779412567615509,0.002162162162162162,0.0016556291390728477,0.003115264797507788,2.149127244949341,neural,CellsOnly_Polymer_46,mcellseg,"[1104, 1376]"
2848,155,2,2846,153,28,126,0.5894404247868632,8163,128,0,8163,128,7873,113,0,0.0,0.0,0.0,0.0,0.0,0.0,0.0,0.0,0.0,0.0,5365,3,0,0.0,0.0,0.0,0.0,0.0,0.0,1.0,1.0,0,0.0007851354309515328,0.5894404247868632,0.001332001332001332,0.0006664445184938354,0.0,2.5827855090117877,0.9008135888087924,1.6819719202029955,0.14420784881568935,0.3766570797939937,0.2085642715983067,200.63897926375125,48.84669896727925,0,0,True,True,1.0,11290,3.0,0.5,4.37369663733989,0.0,0.0,0.0,24.461403131484985,neural,HEK-GFP-FumGW_CO_20x_1_BF,mcellseg,"[2796, 2796]"
1878,155,9,1869,146,47,108,0.5554666422051052,5218,156,0,5218,156,4907,134,0,0.0,0.0,0.0,0.0,0.0,0.0,0.0,0.0,0.0,0.0,3401,3,0,0.0,0.0,0.0,0.0,0.0,0.0,1.0,1.0,0,0.004918051923114557,0.5554666422051052,0.008853910477127398,0.004446640316205534,0.0,2.820664871646424,1.085310640282561,1.7353542313638632,0.16503134319051305,0.34652385333158103,0.2235821172442854,230.5558500667463,45.48626166217664,0,0,True,True,1.0,7389,3.0,0.5,4.100214841775596,0.0,0.0,0.0,24.019495010375977,neural,HEK-GFP-FumGW_CO_Hoechst_20x_1_BF,mcellseg,"[2796, 2796]"
878,101,4,874,97,24,40,0.6594120289376786,2348,78,0,2348,78,2220,63,0,0.0,0.0,0.0,0.0,0.0,0.0,0.0,0.0,0.0,0.0,1509,1,0,0.0,0.0,0.0,0.0,0.0,0.0,1.0,1.0,0,0.005388453760471327,0.6594120289376786,0.008171603677221655,0.0041025641025641026,0.0020470829068577278,1.5419025880871442,0.830879910516851,0.7110226775702932,0.16547824133023745,0.2942277173784315,0.21182359854181654,568.1065040993634,87.98465760486684,0,0,True,True,1.0,3397,3.0,0.5,3.9357327725738287,0.0,0.0,0.0,17.1742844581604,neural,HEK-GFP-FumGW_P3_20x_1_BF,mcellseg,"[2796, 2796]"
878,109,6,872,103,32,42,0.6318019222370694,2348,100,0,2348,100,2220,79,0,0.0,0.0,0.0,0.0,0.0,0.0,0.0,0.0,0.0,0.0,1509,2,0,0.0,0.0,0.0,0.0,0.0,0.0,1.0,1.0,0,0.007681482337228807,0.6318019222370694,0.0121580547112462,0.0061162079510703364,0.0020304568527918783,1.5381442697098882,0.8806058783042376,0.6575383914056505,0.16612987791176692,0.2878041200497247,0.21065997938502223,552.4219401870276,86.68333173107735,0,0,True,True,1.0,3423,3.0,0.5,3.7349556400440633,0.0,0.0,0.0,16.949132204055786,neural,HEK-GFP-FumGW_P3_40x_3_BF,mcellseg,"[2796, 2796]"
767,71,3,764,68,21,71,0.5883078025306658,2202,152,0,2202,152,2076,94,0,0.0,0.0,0.0,0.0,0.0,0.0,0.0,0.0,0.0,0.0,1442,11,0,0.0,0.0,0.0,0.0,0.0,0.0,1.0,1.0,0,0.004212227703083526,0.5883078025306658,0.007159904534606206,0.003592814371257485,0.0,4.264207379693669,1.5755200227682553,2.6886873569254144,0.09867300131061599,0.1681359830168652,0.12436224450539267,519.8846025802264,206.31638170289318,0,0,True,True,1.0,3186,3.0,0.5,4.157025884836912,0.0,0.0,0.0,16.158878326416016,neural,HEK-GFP_10000cells_40x_3czi-C_2,mcellseg,"[2796, 2796]"
814,155,9,805,146,25,64,0.5871371682292109,2319,316,0,2319,316,2204,224,1,0.00045372050816696913,0.004464285714285714,0.0008237232289950577,0.0,0.0,0.0,0.0,0.0,0.0,0.0,1511,93,0,0.0,0.0,0.0,0.0,0.0,0.0,1.0,1.0,0,0.010906572784443546,0.5871371682292109,0.018575851393188854,0.009375,0.0010330578512396695,4.3387037119792655,1.664986665483784,2.673717046495481,0.10698589406028812,0.17700679589738447,0.1333642095974449,823.7305384650978,301.91190687157894,0,0,True,True,1.0,3586,3.0,0.5,4.323977238032967,0.0009398496240601502,0.0004957858205255329,0.009009009009009009,19.222962856292725,neural,HEK-GFP_10000cells_40x_5czi-C_2,mcellseg,"[2796, 2796]"
6789,107,0,6789,107,6,272,0.0,20010,211,0,20010,211,19689,150,0,0.0,0.0,0.0,0.0,0.0,0.0,0.0,0.0,0.0,0.0,13229,13,0,0.0,0.0,0.0,0.0,0.0,0.0,1.0,1.0,0,0.0,0.0,0.0,0.0,0.0,5.509940505731034,0.6266695494329955,4.8832709562980385,0.09574430002893614,0.4264264264264264,0.1563775893343917,365.4928179868929,82.29823813423954,0,0,True,True,1.0,27117,3.0,0.5,5.223008440807462,0.0,0.0,0.0,72.41802978515625,neural,HEK-GFP_12000cells_40x_4czi-C_2,mcellseg,"[2796, 2796]"
4200,61,0,4200,61,0,210,0.0,12321,134,0,12321,134,12034,92,0,0.0,0.0,0.0,0.0,0.0,0.0,0.0,0.0,0.0,0.0,8138,0,0,0.0,1.0,0.0,0.0,0.0,0.0,1.0,1.0,0,0.0,0.0,0.0,0.0,0.0,4.240514071000342,0.9388013425942205,3.3017127284061214,0.08317575860974072,0.3501433411519416,0.1344202830592021,512.8245313945112,84.6912031676704,0,0,True,True,1.0,16716,3.0,0.5,4.58807184593752,0.0,0.0,0.0,35.02573561668396,neural,HEK-GFP_15000cells_40x_10czi-C_2,mcellseg,"[2796, 2796]"
4912,83,0,4912,83,5,234,0.0,14367,155,0,14367,155,14158,117,0,0.0,0.0,0.0,0.0,0.0,0.0,0.0,0.0,0.0,0.0,9462,6,1,0.0001056859015007398,0.16666666666666666,0.00021123785382340515,2.0,2.0,2.0,0.0,0.0,1,0.0,0.0,0.0,0.0,0.0,3.5370823029961938,0.5788267525344718,2.958255550461722,0.10651347253003617,0.45157883979970703,0.17237015914934428,614.4761997018273,78.74642849044012,0,0,True,True,1.0,19518,3.0,0.5,4.837176430039108,0.0,0.0,0.0,32.191205739974976,neural,HEK-GFP_15000cells_40x_4czi-C_2,mcellseg,"[2796, 2796]"
5902,90,0,5902,90,2,311,0.0,17340,208,0,17340,208,17040,133,0,0.0,0.0,0.0,0.0,0.0,0.0,0.0,0.0,0.0,0.0,11450,0,0,0.0,1.0,0.0,0.0,0.0,0.0,1.0,1.0,0,0.0,0.0,0.0,0.0,0.0,4.249984644872386,0.6630957915345324,3.5868888533378542,0.10818239983788683,0.4588134112379184,0.1750825488863769,1237.0004042036526,83.40863264674707,0,0,True,True,1.0,23540,3.0,0.5,5.166307407896966,0.0,0.0,0.0,38.545342445373535,neural,HEK-GFP_15000cells_40x_5czi-C_2,mcellseg,"[2796, 2796]"
4605,73,1,4604,72,4,182,0.657964588863285,13454,146,0,13454,146,13144,106,0,0.0,0.0,0.0,0.0,0.0,0.0,0.0,0.0,0.0,0.0,8856,2,0,0.0,0.0,0.0,0.0,0.0,0.0,1.0,1.0,0,0.00028130166261790723,0.657964588863285,0.00042753313381787086,0.00021381227282446012,0.0,4.678357143642681,0.911829767043461,3.76652737659922,0.0867857702687245,0.36167924062041196,0.13998243218670753,215.5388596054085,88.32326986700618,0,0,True,True,1.0,18276,3.0,0.5,4.629198195878416,0.0,0.0,0.0,35.732118129730225,neural,HEK-GFP_15000cells_40x_6czi-C_2,mcellseg,"[2796, 2796]"
2491,59,0,2491,59,5,134,0.0,7132,141,0,7132,141,6833,94,0,0.0,0.0,0.0,0.0,0.0,0.0,0.0,0.0,0.0,0.0,4656,5,0,0.0,0.0,0.0,0.0,0.0,0.0,1.0,1.0,0,0.0,0.0,0.0,0.0,0.0,3.6608424100186268,1.0354075423789932,2.6254348676396333,0.08539733044637789,0.2802846784837195,0.13090916546625306,680.8972022265916,90.70832376358854,0,0,True,True,1.0,9823,3.0,0.5,4.0888170269317925,0.0,0.0,0.0,32.77078604698181,neural,HEK-GFP_15000cells_40x_7czi-C_2,mcellseg,"[2796, 2796]"
3501,76,1,3500,75,7,176,0.5934203529956604,10149,179,0,10149,179,9871,115,0,0.0,0.0,0.0,0.0,0.0,0.0,0.0,0.0,0.0,0.0,6662,0,0,0.0,1.0,0.0,0.0,0.0,0.0,1.0,1.0,0,0.0003317977931203022,0.5934203529956604,0.0005591277606933184,0.0002796420581655481,0.0,4.4454083820506805,1.3298809231740716,3.115527458876609,0.09539418957700786,0.32566984316909536,0.1475643053916227,254.95097567963924,108.2266141020775,0,0,True,True,1.0,13903,3.0,0.5,4.590923437383026,0.0,0.0,0.0,32.02846026420593,neural,HEK-GFP_15000cells_40x_8czi-C_2,mcellseg,"[2796, 2796]"
1920,81,7,1913,74,9,114,0.6036866278949614,5455,207,0,5455,207,5244,140,1,0.00019069412662090009,0.007142857142857143,0.0003714710252600297,0.0,0.0,0.0,0.0,0.0,0.0,0.0,3550,22,0,0.0,0.0,0.0,0.0,0.0,0.0,1.0,1.0,0,0.0042236945479907344,0.6036866278949614,0.0069965017491254375,0.003510531594784353,0.0,3.47972252573126,1.1566103271937773,2.3231121985374825,0.10466102215613748,0.2751366519066388,0.15163907094600343,509.3181716766053,174.1680216075741,0,0,True,True,1.0,7649,3.0,0.5,4.2510571191087365,0.0,0.0,0.0,20.34184217453003,neural,HEK-GFP_15000cells_40x_9czi-C_2,mcellseg,"[2796, 2796]"
2779,66,2,2777,64,6,154,0.5625776127931841,8139,152,0,8139,152,7880,99,0,0.0,0.0,0.0,0.0,0.0,0.0,0.0,0.0,0.0,0.0,5372,2,1,0.00018615040953090097,0.5,0.0003721622627465575,2.23606797749979,2.23606797749979,2.23606797749979,0.0,0.0,1,0.0007909702816072887,0.5625776127931841,0.00140597539543058,0.0007034822370735139,0.0,3.384317136684432,0.9406758484491453,2.4436412882352867,0.09604346209193655,0.33484146839126344,0.14927110047771122,256.3298656028985,81.0,0,0,True,True,1.0,11133,3.0,0.5,4.366076277103275,0.0,0.0,0.0,25.048535346984863,neural,HEK-GFP_6000cells_40x_2czi-C_2,mcellseg,"[2796, 2796]"
2564,63,0,2564,63,6,154,0.0,7521,159,0,7521,159,7404,109,0,0.0,0.0,0.0,0.0,0.0,0.0,0.0,0.0,0.0,0.0,4968,24,1,0.00020128824476650564,0.041666666666666664,0.00040064102564102563,2.23606797749979,2.23606797749979,2.23606797749979,0.0,0.0,1,0.0,0.0,0.0,0.0,0.0,2.292421878086245,0.9754304958391776,1.3169913822470674,0.09979877914743232,0.36039794608472403,0.15631260743262834,1133.6251585069908,112.48555462813881,0,0,True,True,1.0,10308,3.0,0.5,4.140786002855748,0.0,0.0,0.0,20.963725090026855,neural,HEK-GFP_6000cells_40x_3czi-C_2,mcellseg,"[2796, 2796]"
2016,68,2,2014,66,14,117,0.5425254336912751,5789,143,0,5789,143,5619,102,0,0.0,0.0,0.0,0.0,0.0,0.0,0.0,0.0,0.0,0.0,3792,20,0,0.0,0.0,0.0,0.0,0.0,0.0,1.0,1.0,0,0.001041315611691507,0.5425254336912751,0.0019193857965451055,0.0009606147934678194,0.0,2.8262488059318134,1.068305063638218,1.757943742293595,0.11044653662338728,0.32141590828507266,0.16440083783284837,765.2777273643864,106.09429642270175,0,0,True,True,1.0,8012,3.0,0.5,4.048864128999412,0.0,0.0,0.0,26.410568237304688,neural,HEK-GFP_6000cells_40x_4czi-C_2,mcellseg,"[2796, 2796]"
2616,80,1,2615,79,11,184,0.5099260412611911,7561,204,0,7561,204,7311,139,0,0.0,0.0,0.0,0.0,0.0,0.0,0.0,0.0,0.0,0.0,4964,35,3,0.0006043513295729251,0.08571428571428572,0.001200240048009602,2.6666666666666665,3.0,3.0,0.0,0.0,3,0.00037828341339850974,0.5099260412611911,0.000741839762611276,0.00037105751391465676,0.0,3.633161861149363,1.2015138287068428,2.43164803244252,0.07944614358717884,0.28172227917589865,0.12394078348204826,209.2295390235327,95.46203433826454,0,0,True,True,1.0,10462,3.0,0.5,4.432244305033237,0.0,0.0,0.0,24.40239644050598,neural,HEK-GFP_6000cells_40x_5czi-C_2,mcellseg,"[2796, 2796]"
3865,128,7,3858,121,24,262,0.5928028170975264,11285,332,0,11285,332,10986,223,2,0.0001820498816675769,0.008968609865470852,0.00035685609777857074,0.0,0.0,0.0,0.0,0.0,0.0,0.0,7432,44,3,0.00040365984930032295,0.06818181818181818,0.0008025682182985554,1.5500938466242948,1.4142135623730951,2.1538825359871203,0.0,0.0,3,0.002078447142340438,0.5928028170975264,0.003506135737540696,0.0017561465127947818,0.0,4.566407224456002,1.0594982320784303,3.5069089923775714,0.10825356183814937,0.3366713787782322,0.16382932308183792,233.63646975590092,77.00649323271382,0,0,True,True,1.0,15599,3.0,0.5,4.698000823147595,0.0004344048653344918,0.00022177866489243733,0.010526315789473684,38.299261808395386,neural,HEK-GFP_6000cells_40x_6czi-C_2,mcellseg,"[2796, 2796]"
677,149,41,636,108,58,89,0.6537688331987194,1905,242,2,1903,240,1823,224,12,0.006582556226001097,0.05357142857142857,0.01172447484123107,0.0010498687664041995,0.008264462809917356,0.0018630647414997672,0.2722555410028868,0.2722555410028868,0.2477370743826419,0.5199926153855287,1229,11,1,0.0008136696501220504,0.09090909090909091,0.0016129032258064516,2.0,2.0,2.0,0.0,0.0,1,0.06490199070495761,0.6537688331987194,0.09927360774818401,0.05222929936305733,0.008547008547008548,4.107279468064849,1.0976939359023297,3.00958553216252,0.38712478293227487,0.5330639134165582,0.4485215969055644,57.706152185014034,26.1725046566048,0,0,True,True,1.0,2888,3.0,0.5,0.8648788300342858,0.014117647058823528,0.008037508372404554,0.057971014492753624,3.2462751865386963,neural,HEK_48h_5A_z1_C004Z005,mcellseg,"[1024, 1024]"
327,83,23,304,60,43,34,0.6122301885225528,909,103,1,908,102,862,95,6,0.0069605568445475635,0.06315789473684211,0.012539184952978056,0.0011001100110011,0.009708737864077669,0.001976284584980237,0.023847119623197917,0.023847119623197917,0.023847119623197917,0.023847119623197917,583,7,0,0.0,0.0,0.0,0.0,0.0,0.0,1.0,1.0,0,0.06868924066350593,0.6122301885225528,0.11219512195121951,0.059431524547803614,0.004901960784313725,3.4539372531863237,1.0586409003590513,2.3952963528272724,0.34361676454026224,0.4877772234568461,0.40319856472490373,96.25487000666512,28.312540068675453,0,0,True,True,1.0,1374,3.0,0.5,0.609709135722369,0.014405762304921969,0.008075370121130552,0.06666666666666667,2.1660380363464355,neural,HEK_48h_5A_z2_C004Z004,mcellseg,"[1024, 1024]"
786,134,35,751,99,38,93,0.6692441817050462,2235,203,3,2232,200,2162,183,15,0.006938020351526364,0.08196721311475409,0.012793176972281448,0.0013422818791946308,0.014778325123152709,0.002461033634126333,0.29907919108732706,0.29627479317876804,0.02400525949959977,0.48462667588039027,1450,6,2,0.001379310344827586,0.3333333333333333,0.002747252747252747,2.5,2.5,2.95,0.0,0.0,2,0.050920752955818736,0.6692441817050462,0.07608695652173914,0.03954802259887006,0.01098901098901099,4.293517176892667,1.418685312600783,2.8748318642918838,0.36913906624102155,0.5424874061114295,0.4393318987824773,132.00378782444085,72.44998274671983,0,0,True,True,1.0,3284,3.0,0.5,0.7067631231620908,0.013948497854077254,0.0076605774896876845,0.07784431137724551,3.0046393871307373,neural,HEK_48h_7A_z1_C004Z005,mcellseg,"[1024, 1024]"
118,72,6,112,66,9,10,0.6577648290645192,279,111,0,279,111,245,99,0,0.0,0.0,0.0,0.0,0.0,0.0,0.0,0.0,0.0,0.0,165,6,0,0.0,0.0,0.0,0.0,0.0,0.0,1.0,1.0,0,0.04154304183565384,0.6577648290645192,0.06315789473684211,0.03260869565217391,0.005291005291005291,3.440027438300035,2.856200162837822,0.5838272754622127,0.32954752505314305,0.1593525858814647,0.21482609274792783,217.0829334609241,150.0,0,0,True,True,1.0,568,3.0,0.5,0.5488932440057397,0.0,0.0,0.0,1.9069912433624268,neural,HEK_48h_7A_z2_C004Z006,mcellseg,"[1024, 1024]"
1444,209,28,1416,181,68,188,0.6138721837107124,4133,446,0,4133,446,4059,371,7,0.0017245627001724563,0.018867924528301886,0.0031602708803611735,0.0,0.0,0.0,0.0,0.0,0.0,0.0,2692,45,7,0.002600297176820208,0.15555555555555556,0.005115089514066496,2.2694785024818107,2.23606797749979,3.0,0.0,0.0,7,0.020796637802661763,0.6138721837107124,0.0338777979431337,0.01723076923076923,0.0012113870381586917,4.337430465671794,1.0283994377797934,3.3090310278920008,0.37626464111320335,0.6349058169446519,0.47250709798663076,56.61271941887264,25.238858928247925,0,0,True,True,1.0,6183,3.0,0.5,1.1468823552131653,0.0023536334215945864,0.0012857602057216328,0.013888888888888888,4.329796314239502,neural,HEK_48h_FumGW_z2_C004Z006,mcellseg,"[1024, 1024]"
444,123,41,403,82,56,63,0.6667283971152528,1263,220,2,1261,218,1218,200,14,0.011494252873563218,0.07,0.019746121297602257,0.001583531274742676,0.00909090909090909,0.0026972353337828725,0.1690627990697608,0.1690627990697608,0.1690627990697608,0.19830713785298199,820,19,1,0.0012195121951219512,0.05263157894736842,0.0023837902264600714,1.0,1.0,1.0,0.0,0.0,1,0.09642280169920762,0.6667283971152528,0.14462081128747795,0.0779467680608365,0.016129032258064516,3.198463367277261,0.9880066324509467,2.210456734826314,0.43489118182606434,0.5718862077370382,0.49406804588791015,127.88275880665071,28.87556544139106,0,0,True,True,1.0,1965,3.0,0.5,0.8365407260134816,0.023045267489711935,0.013579049466537343,0.07608695652173914,2.7421483993530273,neural,HEK_48h_LAMP1_z2_C004Z006,mcellseg,"[1024, 1024]"
178,91,35,143,56,40,14,0.6672220792136564,496,123,3,493,120,457,108,14,0.030634573304157548,0.12962962962962962,0.049557522123893805,0.006048387096774193,0.024390243902439025,0.009693053311793215,0.15384412206530493,0.060478073416103444,0.08206080030800726,0.35385738355996826,320,4,0,0.0,0.0,0.0,0.0,0.0,0.0,1.0,1.0,0,0.1736265633641485,0.6672220792136564,0.26022304832713755,0.14957264957264957,0.04669260700389105,2.807262759457317,1.0819193229492858,1.7253434365080313,0.43866744718216166,0.4725314838474174,0.45497019953333695,156.70673246545599,41.23105625617661,0,0,True,True,1.0,812,3.0,0.5,0.5985871939919889,0.046783625730994156,0.02926829268292683,0.11650485436893204,2.054603338241577,neural,HEK_48h_LV_z2_C004Z008,mcellseg,"[1024, 1024]"
137,118,9,128,109,27,19,0.6706347728592861,328,217,0,328,217,296,191,1,0.0033783783783783786,0.005235602094240838,0.004106776180698152,0.0,0.0,0.0,0.0,0.0,0.0,0.0,196,44,0,0.0,0.0,0.0,0.0,0.0,0.0,1.0,1.0,0,0.04733892514300843,0.6706347728592861,0.07058823529411765,0.036585365853658534,0.003937007874015748,4.633257430012225,3.765994757302455,0.8672626727097701,0.28577878103837473,0.1418086748354175,0.18955612321374832,203.0615670184784,130.07151802521255,0,0,True,True,1.0,782,3.0,0.5,0.6155140614137053,0.0,0.0,0.0,2.310715913772583,neural,HEK_48h_TREX_z2_C004Z006,mcellseg,"[1024, 1024]"
286,117,24,262,93,35,40,0.6720474350343477,760,196,1,759,195,709,174,4,0.005641748942172073,0.022988505747126436,0.009060022650056626,0.0013157894736842105,0.00510204081632653,0.0020920502092050207,0.023884020557753297,0.023884020557753297,0.023884020557753297,0.023884020557753297,480,21,1,0.0020833333333333333,0.047619047619047616,0.003992015968063872,2.0,2.0,2.0,0.0,0.0,1,0.0800453520636444,0.6720474350343477,0.11910669975186104,0.0633245382585752,0.010025062656641603,4.231878519998313,2.2747678390694297,1.957110680928883,0.3826755136010215,0.34942078747232297,0.3652928695659356,134.52880732393342,73.15872969639882,0,0,True,True,1.0,1310,3.0,0.5,0.6391732878983021,0.010624169986719788,0.006644518272425249,0.026490066225165563,2.432041645050049,neural,HEK_48h_TREX_z2_C004Z007,mcellseg,"[1024, 1024]"
1729,288,31,1698,257,102,362,0.6324269930614719,5009,680,2,5007,678,4934,621,9,0.0018240778273206323,0.014492753623188406,0.0032403240324032404,0.0003992812936713915,0.0029411764705882353,0.0007031112673580594,0.1785548822213424,0.1785548822213424,0.03427368312302584,0.21282856534436823,3281,216,52,0.01584882657726303,0.24074074074074073,0.02973977695167286,2.0488474529245693,2.23606797749979,3.0,0.0,0.0,52,0.019439996812003597,0.6324269930614719,0.030738720872583045,0.015609264853977844,0.002485089463220676,3.8035458884482045,0.7059506742265569,3.0975952142216476,0.3770066751255034,0.7266667861174321,0.4964479777374405,64.07027391856539,24.698178070456937,0,0,True,True,1.0,7692,3.0,0.5,1.2060633380897343,0.003302665723047889,0.0018731602890018732,0.013944223107569721,4.5438127517700195,neural,HEK_48h_control_C004Z006,mcellseg,"[1024, 1024]"
872,140,13,859,127,46,73,0.6535384674323913,2478,240,0,2478,240,2416,238,1,0.0004139072847682119,0.004201680672268907,0.0007535795026375282,0.0,0.0,0.0,0.0,0.0,0.0,0.0,1607,91,10,0.006222775357809583,0.10989010989010989,0.01177856301531213,2.0779271744364847,2.23606797749979,3.0,0.0,0.0,10,0.016790513985417168,0.6535384674323913,0.025691699604743084,0.013013013013013013,0.0009891196834817012,3.6439680349464814,0.6927924535629508,2.9511755813835308,0.3730670334270167,0.6504258721404562,0.47416537870202835,70.76722405181653,28.160255680657446,0,0,True,True,1.0,3714,3.0,0.5,0.7798357680439949,0.0009328358208955223,0.0005159958720330237,0.0048543689320388345,3.8492271900177,neural,HEK_6h_20240306_CD44_1_C004T001,mcellseg,"[1024, 1024]"
244,71,5,239,66,9,9,0.6439753948507383,663,114,1,662,113,636,104,1,0.0015723270440251573,0.009615384615384616,0.002702702702702703,0.0015082956259426848,0.008771929824561403,0.0025740025740025744,0.09761968052134282,0.09761968052134282,0.09761968052134282,0.09761968052134282,422,30,1,0.002369668246445498,0.03333333333333333,0.004424778761061947,2.8284271247461903,2.8284271247461903,2.8284271247461903,0.0,0.0,1,0.020443663328594864,0.6439753948507383,0.031746031746031744,0.016129032258064516,0.0,3.431142495292594,2.0362155120644996,1.3949269832280944,0.44602955091345803,0.3661957819339435,0.40218922891706,322.7956009613514,195.41084800768385,0,0,True,True,1.0,1081,3.0,0.5,0.38842165004462004,0.0032679738562091504,0.0018975332068311196,0.011764705882352941,1.593470573425293,neural,HEK_6h_20240306_Ctl_C004T001,mcellseg,"[872, 914]"
240,287,19,221,268,57,50,0.6055853777523549,623,632,3,620,629,585,620,8,0.013675213675213675,0.012903225806451613,0.013278008298755188,0.004815409309791332,0.004746835443037975,0.004780876494023905,0.088073758246684,0.04640690671098163,-0.057135820439362904,0.1877851785514307,387,300,16,0.041343669250646,0.05333333333333334,0.046579330422125184,1.7246595906170028,2.0,3.0,0.0,0.0,16,0.04366649782654552,0.6055853777523549,0.07210626185958255,0.03740157480314961,0.0038095238095238095,4.914451256545563,3.8152793896781256,1.0991718668674373,0.454532505270355,0.23882121510176288,0.3131215771184023,357.33737559902687,237.046092391357,0,0,True,True,1.0,1754,3.0,0.5,0.6976514081470668,0.015065913370998116,0.015904572564612324,0.014311270125223614,2.3581411838531494,neural,HEK_6h_20240306_FumGW_C004T001,mcellseg,"[1024, 1024]"
548,173,22,526,151,54,66,0.6021815454953642,1532,290,1,1531,289,1486,282,5,0.0033647375504710633,0.01773049645390071,0.005656108597285068,0.0006527415143603133,0.0034482758620689655,0.0010976948408342481,0.1415618301510758,0.1415618301510758,-0.1415618301510758,0.1415618301510758,986,91,9,0.009127789046653144,0.0989010989010989,0.016713091922005572,1.74535599249993,2.0,2.23606797749979,0.0,0.0,9,0.03674894313702638,0.6021815454953642,0.06102635228848821,0.031473533619456366,0.001388888888888889,4.096372377060015,1.5846407357414751,2.5117316413185398,0.42948166555162637,0.47772304027717627,0.45231971503760326,104.04806581575652,55.08175741568164,0,0,True,True,1.0,2506,3.0,0.5,0.8279743320308626,0.004065040650406504,0.0024330900243309003,0.012345679012345678,3.3529226779937744,neural,HEK_6h_20240306_LAMP_1_C004T001,mcellseg,"[1024, 1024]"
1470,261,34,1436,227,88,258,0.6280151029993393,4251,545,2,4249,543,4175,516,7,0.0016766467065868263,0.013565891472868217,0.002984438286079727,0.0004704775346977182,0.003669724770642202,0.0008340283569641369,0.3830640587782621,0.3830640587782621,-0.3830640587782621,0.5230560732614588,2783,198,39,0.014013654329859864,0.19696969696969696,0.02616571620261657,2.0703963098935416,2.23606797749979,3.0,0.0,0.0,39,0.024670726172128867,0.6280151029993393,0.039283651068746386,0.020035356511490868,0.001736111111111111,3.9468526153066454,0.7320921184568465,3.214760496849799,0.3876351366686589,0.6986156888595912,0.4986104160579329,45.69463863518345,24.020824298928627,0,0,True,True,1.0,6494,3.0,0.5,1.1378533658571541,0.0032715376226826612,0.0018627755355479665,0.013422818791946308,4.909519910812378,neural,HEK_6h_20240306_LAMP_C004T001,mcellseg,"[1024, 1024]"
585,148,16,569,132,33,49,0.6156286896418501,1635,273,0,1635,273,1580,257,2,0.0012658227848101266,0.007782101167315175,0.0021774632553075665,0.0,0.0,0.0,0.0,0.0,0.0,0.0,1054,89,13,0.012333965844402278,0.14606741573033707,0.022747156605424326,1.8341359112777558,2.0,2.473011636398349,0.0,0.0,13,0.026876013736069855,0.6156286896418501,0.04365620736698499,0.022315202231520222,0.001366120218579235,4.1660070477278,1.519137552037313,2.646869495690487,0.4132531213156383,0.4950942969434784,0.45048680591746804,130.38404810405297,70.26165376195561,0,0,True,True,1.0,2622,3.0,0.5,0.6928184581920505,0.001297016861219196,0.0007575757575757576,0.0045045045045045045,2.9324753284454346,neural,HEK_6h_20240306_LV_1_C004T001,mcellseg,"[1024, 1024]"
253,73,6,247,67,28,22,0.6667960650461987,677,95,0,677,95,621,92,0,0.0,0.0,0.0,0.0,0.0,0.0,0.0,0.0,0.0,0.0,434,28,0,0.0,0.0,0.0,0.0,0.0,0.0,1.0,1.0,0,0.024544640431148422,0.6667960650461987,0.03680981595092025,0.01875,0.006172839506172839,2.57462391783109,1.572455826078643,1.002168091752447,0.41962819610602864,0.3772468818782098,0.3973105268384573,173.1040149736568,79.01866816148402,0,0,True,True,1.0,1086,3.0,0.5,0.595461328048259,0.0,0.0,0.0,2.0691497325897217,neural,HEK_6h_20240306_Rab5A_1_C004T001,mcellseg,"[1024, 1024]"
308,115,18,290,97,45,25,0.6051498236785617,834,166,0,834,166,770,155,1,0.0012987012987012987,0.0064516129032258064,0.002162162162162162,0.0,0.0,0.0,0.0,0.0,0.0,0.0,530,39,1,0.0018867924528301887,0.02564102564102564,0.00351493848857645,1.0,1.0,1.0,0.0,0.0,1,0.051502112653494615,0.6051498236785617,0.0851063829787234,0.044444444444444446,0.004750593824228029,3.1039536785411537,1.1321073722945896,1.971846306246564,0.5076333466697551,0.5104565336249317,0.5090410257657461,118.0,39.69319611469018,0,0,True,True,1.0,1388,3.0,0.5,0.7365709049627185,0.0,0.0,0.0,3.123067855834961,neural,HEK_6h_20240306_Rab7A_C004T001,mcellseg,"[1024, 1024]"
888,165,12,876,153,29,128,0.62385232897205,2531,351,0,2531,351,2484,320,0,0.0,0.0,0.0,0.0,0.0,0.0,0.0,0.0,0.0,0.0,1644,116,16,0.009732360097323601,0.13793103448275862,0.018181818181818184,1.7286905345073764,2.23606797749979,3.0,0.0,0.0,16,0.014218856500787466,0.62385232897205,0.022792022792022793,0.011527377521613832,0.0019029495718363464,4.513571643727477,2.1239068766275193,2.3896647670999576,0.3626891590176135,0.45055533564626166,0.4018755413622109,238.60008382228202,104.7477921339341,0,0,True,True,1.0,3927,3.0,0.5,0.9792303517460823,0.0,0.0,0.0,3.4383578300476074,neural,HEK_6h_20240306_TREX_1_C004T001,mcellseg,"[1024, 1024]"
1193,178,51,1142,127,77,157,0.6512644414134193,3430,333,6,3424,327,3348,310,26,0.007765830346475508,0.08387096774193549,0.014215418261344998,0.001749271137026239,0.018018018018018018,0.003188944990698911,0.17871724188842905,0.11928450532717343,0.17250673749498244,0.5749456477438989,2238,29,4,0.0017873100983020554,0.13793103448275862,0.0035288928098809,2.23606797749979,2.23606797749979,2.23606797749979,0.0,0.0,4,0.04845293437211435,0.6512644414134193,0.07439824945295405,0.038636363636363635,0.005131964809384164,3.980001500225777,0.7271055689905086,3.252895931235268,0.3921708368394841,0.6914610374173917,0.5004851926708739,59.682493245507096,25.80697580112788,0,0,True,True,1.0,5024,3.0,0.5,0.8202118668705225,0.015017064846416382,0.008298755186721992,0.07885304659498207,4.43393349647522,neural,HEK_6h_44_z1_C004Z008,mcellseg,"[1024, 1024]"
494,110,29,465,81,44,50,0.6487081973014288,1369,169,1,1368,168,1294,160,8,0.0061823802163833074,0.05,0.011004126547455296,0.0007304601899196494,0.005917159763313609,0.0013003901170351108,0.14029008611270125,0.14029008611270125,0.14029008611270125,0.14029008611270125,878,10,0,0.0,0.0,0.0,0.0,0.0,0.0,1.0,1.0,0,0.06229317126404449,0.6487081973014288,0.09602649006622517,0.050434782608695654,0.006666666666666667,3.9625192227108252,1.0230633428788742,2.939455879831951,0.36948234992632456,0.5192419191187129,0.43174408787640356,104.38869670610895,29.068883707497267,0,0,True,True,1.0,2082,3.0,0.5,0.6913483389653265,0.011155378486055776,0.00631768953068592,0.047619047619047616,2.7518551349639893,neural,HEK_6h_44_z2_C004Z006,mcellseg,"[1024, 1024]"
2188,293,28,2160,265,75,329,0.5995442449067976,6349,678,2,6347,676,6295,641,9,0.0014297061159650516,0.014040561622464899,0.0025951557093425604,0.00031501023783272954,0.0029498525073746312,0.0005692329585883023,0.34064464374050313,0.34064464374050313,-0.34064464374050313,0.45740003521697964,4162,289,79,0.018981259010091303,0.27335640138408307,0.03549764097955516,1.889385024098937,2.0,3.0,0.012658227848101266,0.012658227848101266,78,0.01353263914340212,0.5995442449067976,0.02257154373236598,0.01141459437423563,0.0004032258064516129,4.077077752290946,0.6113628718859166,3.465714880405029,0.3371564478839061,0.7593874403758563,0.4669806192091479,65.60487786742691,25.495097567963924,0,0,True,True,1.0,9526,3.0,0.5,1.1956237368285656,0.003414264036418817,0.0019128586609989374,0.015873015873015872,4.453388929367065,neural,HEK_6h_5A_z1_C004Z005,mcellseg,"[1024, 1024]"
232,70,13,219,57,40,20,0.604587655734578,638,103,0,638,103,582,91,5,0.00859106529209622,0.054945054945054944,0.014858841010401191,0.0,0.0,0.0,0.0,0.0,0.0,0.0,411,30,2,0.004866180048661801,0.06666666666666667,0.009070294784580499,1.9142135623730951,1.9142135623730951,2.737005768508881,0.0,0.0,2,0.052050592877811344,0.604587655734578,0.08609271523178808,0.04498269896193772,0.0033222591362126247,2.193272411591027,1.1472142416660402,1.0460581699249867,0.30052359000626033,0.3688622106857019,0.3312045031678957,148.0,41.98690104799691,0,0,True,True,1.0,1019,3.0,0.5,0.7678836593404412,0.016891891891891893,0.009689922480620155,0.06578947368421052,2.3296985626220703,neural,HEK_6h_5A_z2_C004Z007,mcellseg,"[1024, 1024]"
2872,250,6,2866,244,33,495,0.6554821347750023,8347,558,0,8347,558,8322,541,0,0.0,0.0,0.0,0.0,0.0,0.0,0.0,0.0,0.0,0.0,5476,229,57,0.010409057706355003,0.24890829694323144,0.019982471516213848,2.045770895812587,2.23606797749979,3.0,0.0,0.0,57,0.0025194700888212774,0.6554821347750023,0.003843689942344651,0.0019255455712451862,0.0003204101249599487,4.6713915026602715,0.4836950349813437,4.1876964676789274,0.2832940034389991,0.7648952683927099,0.41345632629086665,87.66413177577246,26.832815729997478,0,0,True,True,1.0,12072,3.0,0.5,1.2294632918201387,0.0,0.0,0.0,4.028395891189575,neural,HEK_6h_7A_z1_C004Z005,mcellseg,"[1024, 1024]"
213,97,12,201,85,38,13,0.6337191414297436,533,147,0,533,147,489,139,2,0.00408997955010225,0.014388489208633094,0.006369426751592358,0.0,0.0,0.0,0.0,0.0,0.0,0.0,326,28,0,0.0,0.0,0.0,0.0,0.0,0.0,1.0,1.0,0,0.049062127078431765,0.6337191414297436,0.07741935483870968,0.040268456375838924,0.006493506493506494,3.511787593851169,2.0609820386092172,1.4508055552419519,0.3296289915001149,0.28691531641699786,0.30679257007814587,210.71782079359116,86.25629875452647,0,0,True,True,1.0,966,3.0,0.5,0.6162202381528914,0.007233273056057865,0.004608294930875576,0.01680672268907563,2.570749044418335,neural,HEK_6h_7A_z2_C004Z008,mcellseg,"[1024, 1024]"
318,110,3,315,107,25,40,0.577739664896924,847,246,0,847,246,808,208,0,0.0,0.0,0.0,0.0,0.0,0.0,0.0,0.0,0.0,0.0,532,45,1,0.0018796992481203006,0.022222222222222223,0.003466204506065858,2.0,2.0,2.0,0.0,0.0,1,0.008099154180797999,0.577739664896924,0.014018691588785047,0.007058823529411765,0.0,4.174839487678673,2.8479739797897636,1.3268655078889098,0.2687941315901095,0.2329945269741986,0.24961728598037594,177.0,106.80730162752737,0,0,True,True,1.0,1516,3.0,0.5,0.8410816360265017,0.0,0.0,0.0,2.990939140319824,neural,HEK_6h_FumGW_z1_C004Z006,mcellseg,"[1024, 1024]"
1755,237,19,1736,218,74,211,0.5810490004099148,5066,484,0,5066,484,5002,407,2,0.00039984006397441024,0.004914004914004914,0.0007395082270290257,0.0,0.0,0.0,0.0,0.0,0.0,0.0,3312,89,10,0.0030193236714975845,0.11235955056179775,0.005880623346074684,2.101533972186463,2.23606797749979,2.8284271247461903,0.0,0.0,10,0.011084268080108817,0.5810490004099148,0.019076305220883535,0.00963000506842372,0.0005022601707684581,4.651961974719997,0.7329074043783499,3.919054570341647,0.35855986719236355,0.678861463375605,0.46926445211360124,51.22499389946279,25.238858928247925,0,0,True,True,1.0,7514,3.0,0.5,1.17002746835351,0.0,0.0,0.0,4.554620981216431,neural,HEK_6h_FumGW_z2_C004Z006,mcellseg,"[1024, 1024]"
1480,296,47,1433,249,126,320,0.6248834873520018,4251,645,3,4248,642,4179,592,13,0.0031107920555156735,0.02195945945945946,0.005449591280653951,0.0007057163020465773,0.004651162790697674,0.0012254901960784314,0.1721894459522598,0.11854316859461199,-0.1721894459522598,0.3667757133788618,2772,219,43,0.015512265512265512,0.1963470319634703,0.028752925442995653,2.0052131337317953,2.23606797749979,3.0,0.0,0.0,43,0.033073788181919014,0.6248834873520018,0.05292792792792793,0.027183342972816656,0.002257336343115124,3.847762809593258,0.7968783594177872,3.050884450175471,0.3813070291120038,0.6765007650076501,0.4877152509766559,56.04462507680822,24.698178070456937,0,0,True,True,1.0,6615,3.0,0.5,0.8897011298686266,0.0059475533928088666,0.003399258343634116,0.023758099352051837,4.2469189167022705,neural,HEK_6h_LAMP1_z1_C004Z006,mcellseg,"[1024, 1024]"
407,118,30,377,88,48,48,0.6543390462689079,1120,186,3,1117,183,1062,173,17,0.0160075329566855,0.09826589595375723,0.027530364372469637,0.0026785714285714286,0.016129032258064516,0.004594180704441041,1.0030031343845947,1.4307754462602136,1.0030031343845947,1.5085471859250048,716,12,0,0.0,0.0,0.0,0.0,0.0,0.0,1.0,1.0,0,0.07478160528787518,0.6543390462689079,0.11428571428571428,0.06060606060606061,0.005747126436781609,3.6544184406873055,1.158118981115559,2.4962994595717465,0.34720118364039876,0.4592501447596989,0.3954415802474426,68.11754546370561,26.019223662515376,0,0,True,True,1.0,1765,3.0,0.5,0.7286868379451334,0.02597402597402598,0.015233949945593036,0.0880503144654088,2.811006784439087,neural,HEK_6h_LAMP1_z2_C004Z006,mcellseg,"[1024, 1024]"
199,77,27,172,50,30,23,0.6519773139346083,527,122,1,526,121,486,114,11,0.02263374485596708,0.09649122807017543,0.03666666666666667,0.0018975332068311196,0.00819672131147541,0.0030816640986132513,0.08109159979489229,0.08109159979489229,0.08109159979489229,0.08109159979489229,332,17,2,0.006024096385542169,0.11764705882352941,0.011461318051575931,2.23606797749979,2.23606797749979,2.23606797749979,0.0,0.0,2,0.12756077881329295,0.6519773139346083,0.1956521739130435,0.10843373493975904,0.0072992700729927005,2.8872564634755467,1.0845461447251947,1.8027103187503521,0.39168313274654215,0.41645231739868965,0.40368813987546737,106.89246933250256,48.83646178829912,0,0,True,True,1.0,871,3.0,0.5,0.8110718037933111,0.040293040293040296,0.02522935779816514,0.1,2.652222156524658,neural,HEK_6h_LV_z2_C004Z007,mcellseg,"[1024, 1024]"
1078,234,39,1039,195,83,177,0.629240648965727,3076,501,1,3075,500,2980,459,11,0.003691275167785235,0.023965141612200435,0.00639720849084036,0.00032509752925877764,0.001996007984031936,0.0005591277606933184,0.21992007007910044,0.21992007007910044,-0.21992007007910044,0.21992007007910044,2000,144,29,0.0145,0.2013888888888889,0.02705223880597015,2.0678751256589285,2.23606797749979,2.931370849898476,0.0,0.0,29,0.037409123947657545,0.629240648965727,0.05945121951219512,0.030636292223095052,0.0038255547054322878,3.776092798783816,0.9445700791700684,2.831522719613748,0.40692512303400463,0.6456570155902005,0.499218162394854,54.91812087098393,24.413111231467404,0,0,True,True,1.0,4838,3.0,0.5,1.0801033941097558,0.0071530758226037204,0.0041390728476821195,0.02631578947368421,4.831011533737183,neural,HEK_6h_TREX_z1_C004Z008,mcellseg,"[1024, 1024]"
193,93,22,171,71,35,17,0.6252635800494829,482,177,1,481,176,451,121,9,0.019955654101995565,0.0743801652892562,0.031468531468531465,0.002074688796680498,0.005649717514124294,0.0030349013657056147,2.009757634385469,2.009757634385469,2.009757634385469,2.009757634385469,292,8,0,0.0,0.0,0.0,0.0,0.0,0.0,1.0,1.0,0,0.09619439693068968,0.6252635800494829,0.15384615384615385,0.08333333333333333,0.007042253521126761,2.995751127886281,1.633450041883036,1.362301086003245,0.4468423019431988,0.3622918364970304,0.400149519108495,110.86027241532469,55.65968020030299,0,0,True,True,1.0,899,3.0,0.5,0.6221419810317457,0.02941176470588235,0.017241379310344827,0.1,2.4982776641845703,neural,HEK_6h_TREX_z2_C004Z007,mcellseg,"[1024, 1024]"
975,100,2,973,98,23,35,0.5580664442336757,2586,78,0,2586,78,2442,75,0,0.0,0.0,0.0,0.0,0.0,0.0,0.0,0.0,0.0,0.0,1664,0,0,0.0,1.0,0.0,0.0,0.0,0.0,1.0,1.0,0,0.0020765263041253048,0.5580664442336757,0.0037209302325581397,0.001863932898415657,0.0,1.919700861811798,0.7502788248708824,1.1694220369409156,0.09621642885241212,0.2116491703352523,0.13229232101908583,953.6985897022182,484.4669751071213,0,0,True,True,1.0,3735,3.0,0.5,6.6431442918255925,0.0,0.0,0.0,30.366828680038452,neural,HEK_FUMGW_GFP_2_BF,mcellseg,"[3440, 3440]"
915,84,8,907,76,22,24,0.6290014798080575,2430,57,0,2430,57,2268,47,0,0.0,0.0,0.0,0.0,0.0,0.0,0.0,0.0,0.0,0.0,1566,0,0,0.0,1.0,0.0,0.0,0.0,0.0,1.0,1.0,0,0.010074097774703625,0.6290014798080575,0.016016016016016016,0.008072653884964682,0.001002004008016032,1.6418353252803277,0.6458999273233232,0.9959353979570045,0.11170103604647313,0.24304042060799425,0.15305719855306724,1220.3097967319611,657.0002283103701,0,0,True,True,1.0,3470,3.0,0.5,6.855179882142693,0.0,0.0,0.0,40.39543437957764,neural,HEK_FUMGW_GFP_3_BF,mcellseg,"[3440, 3440]"
2296,92,4,2292,88,24,30,0.6015882579422209,6487,65,0,6487,65,6315,58,0,0.0,0.0,0.0,0.0,0.0,0.0,0.0,0.0,0.0,0.0,4239,0,0,0.0,1.0,0.0,0.0,0.0,0.0,1.0,1.0,0,0.0020153710483826496,0.6015882579422209,0.0033500837520938024,0.0016778523489932886,0.00041893590280687055,2.745729570867116,0.6865791342488006,2.0591504366183155,0.05096168939386349,0.20040575789778764,0.0812596547147899,746.902938807982,543.5310478712324,0,0,True,True,1.0,8932,3.0,0.5,6.334699227008969,0.0,0.0,0.0,53.71135091781616,neural,HEK_FUMGW_GFP_4_BF,mcellseg,"[3440, 3440]"
386,54,6,380,48,17,19,0.5911045454916394,1031,71,0,1031,71,975,55,1,0.0010256410256410256,0.01818181818181818,0.0019417475728155341,0.0,0.0,0.0,0.0,0.0,0.0,0.0,653,8,1,0.0015313935681470138,0.125,0.0030257186081694403,2.0,2.0,2.0,0.0,0.0,1,0.01612103305886289,0.5911045454916394,0.02727272727272727,0.013824884792626729,0.0,2.5829922015769586,0.9769393607757648,1.6060528408011936,0.278570403787601,0.47802651597478807,0.3520078818668658,111.28791488746656,49.193495504995376,0,0,True,True,1.0,1531,3.0,0.5,0.7374370098114014,0.0,0.0,0.0,2.425269842147827,neural,HUVEC_CellsOnly_CD7_03_75,mcellseg,"[1104, 1376]"
648,77,6,642,71,23,44,0.5739002879841532,1808,156,0,1808,156,1732,120,2,0.0011547344110854503,0.016666666666666666,0.0021598272138228943,0.0,0.0,0.0,0.0,0.0,0.0,0.0,1166,22,1,0.0008576329331046312,0.045454545454545456,0.0016835016835016834,2.23606797749979,2.23606797749979,2.23606797749979,0.0,0.0,1,0.00949903924939288,0.5739002879841532,0.016551724137931035,0.008344923504867872,0.0,3.6827295534922966,1.0728415908363438,2.609887962655953,0.2746879409530012,0.5101285435556066,0.3570928032643944,76.05918747922567,42.5440947723653,0,0,True,True,1.0,2678,3.0,0.5,1.2101249750703573,0.002484472049689441,0.0013297872340425532,0.018867924528301886,3.744389295578003,neural,HUVEC_CellsOnly_CD7_06_78,mcellseg,"[1104, 1376]"
545,95,8,537,87,36,50,0.6390866744573629,1481,206,0,1481,206,1382,142,1,0.000723589001447178,0.007042253521126761,0.0013123359580052493,0.0,0.0,0.0,0.0,0.0,0.0,0.0,944,36,8,0.00847457627118644,0.2222222222222222,0.0163265306122449,2.089347080264858,2.23606797749979,3.0,0.0,0.0,8,0.015977166861434074,0.6390866744573629,0.025,0.012658227848101266,0.003134796238244514,3.6123108688374774,1.1704807865943592,2.4418300822431185,0.3401316766496708,0.5127567783777607,0.40897451880152846,85.70297544426332,36.98376002370807,0,0,True,True,1.0,2319,3.0,0.5,1.048122403677553,0.001493651979088872,0.0008103727714748784,0.009523809523809525,3.3132951259613037,neural,HUVEC_CellsOnly_CD7_07_79,mcellseg,"[1104, 1376]"
273,144,1,272,143,18,24,0.6001945525291829,490,346,0,490,346,452,315,0,0.0,0.0,0.0,0.0,0.0,0.0,0.0,0.0,0.0,0.0,253,153,1,0.003952569169960474,0.006535947712418301,0.0049261083743842365,1.4142135623730951,1.4142135623730951,1.4142135623730951,0.0,0.0,1,0.002878630947382172,0.6001945525291829,0.004796163069544364,0.002403846153846154,0.0,6.100002812954422,5.630900182293799,0.4691026306606225,0.242129714530228,0.12883628171510877,0.16818302716987882,126.64912159190051,77.23341245859851,0,0,True,True,1.0,1252,3.0,0.5,0.7674737269990146,0.0,0.0,0.0,2.7085089683532715,neural,HUVEC_CellsOnly_CD7_08_80_0010,mcellseg,"[1104, 1376]"
187,116,0,187,116,3,5,0.0,342,270,0,342,270,318,223,0,0.0,0.0,0.0,0.0,0.0,0.0,0.0,0.0,0.0,0.0,188,84,0,0.0,0.0,0.0,0.0,0.0,0.0,1.0,1.0,0,0.0,0.0,0.0,0.0,0.0,5.990577033775516,5.6839455868548585,0.3066314469206571,0.1905367937821008,0.059213926850952094,0.09034954326322055,159.88120589988054,103.01504722841624,0,0,True,True,1.0,915,3.0,0.5,0.7131709400564432,0.0,0.0,0.0,2.06931734085083,neural,HUVEC_CellsOnly_CD7_09_81-0008,mcellseg,"[1104, 1376]"
265,100,3,262,97,10,7,0.5953288582764172,514,220,0,514,220,463,182,0,0.0,0.0,0.0,0.0,0.0,0.0,0.0,0.0,0.0,0.0,281,50,0,0.0,0.0,0.0,0.0,0.0,0.0,1.0,1.0,0,0.00978622780728357,0.5953288582764172,0.01643835616438356,0.008287292817679558,0.0,5.376109261431811,4.712135172227546,0.6639740892042651,0.20278207109737248,0.12006996064713599,0.15083092502186424,127.09838708654017,77.47257579298626,0,0,True,True,1.0,1093,3.0,0.5,1.0239828317426145,0.0,0.0,0.0,2.7683629989624023,neural,HUVEC_CellsOnly_CD7_10_82-0006,mcellseg,"[1104, 1376]"
553,69,6,547,63,23,39,0.5931663181604736,1523,115,0,1523,115,1439,77,0,0.0,0.0,0.0,0.0,0.0,0.0,0.0,0.0,0.0,0.0,976,11,0,0.0,0.0,0.0,0.0,0.0,0.0,1.0,1.0,0,0.01144372317994483,0.5931663181604736,0.01929260450160772,0.00974025974025974,0.0,3.575790228420053,0.9126244390096758,2.6631657894103773,0.32270675993921044,0.5594157125937623,0.4093019681311195,90.0,47.853944456021594,0,0,True,True,1.0,2248,3.0,0.5,1.0536351860500872,0.0,0.0,0.0,3.9508159160614014,neural,HUVEC_CellsOnly_CD7_11_83-0002,mcellseg,"[1104, 1376]"
405,103,8,397,95,35,36,0.5180256107218153,1054,239,1,1053,238,954,185,2,0.0020964360587002098,0.010810810810810811,0.003511852502194908,0.0009487666034155598,0.0041841004184100415,0.0015467904098994585,0.2523173512742209,0.2523173512742209,0.2523173512742209,0.2523173512742209,657,60,3,0.0045662100456621,0.05,0.008368200836820083,1.2167605132909616,1.4142135623730951,2.1538825359871203,0.0,0.0,3,0.016315767266828828,0.5180256107218153,0.031496062992125984,0.016,0.0,3.873174203913231,1.9168043423476715,1.9563698615655594,0.31930589902470197,0.3885678910441601,0.35054842126565594,94.04786015641186,47.95256811243647,0,0,True,True,1.0,1786,3.0,0.5,0.7981330621987581,0.003875968992248062,0.0023014959723820483,0.012269938650306749,3.5868592262268066,neural,HUVEC_CellsOnly_CD7_12_84-0005,mcellseg,"[1104, 1376]"
502,54,4,498,50,17,16,0.6440002755390426,1408,81,0,1408,81,1361,67,0,0.0,0.0,0.0,0.0,0.0,0.0,0.0,0.0,0.0,0.0,911,14,2,0.0021953896816684962,0.14285714285714285,0.004324324324324324,1.618033988749895,1.618033988749895,2.1742645786248,0.0,0.0,2,0.009266191014950253,0.6440002755390426,0.014388489208633094,0.007246376811594203,0.0018018018018018018,3.389761822341622,0.7868424528080004,2.6029193695336215,0.27119877537704834,0.5644587778053419,0.3663714369807721,199.8499437077729,48.422615175125976,0,0,True,True,1.0,2039,3.0,0.5,0.7559855729341507,0.0,0.0,0.0,2.806267261505127,neural,HUVEC_Cellsonly_CD7_02_74,mcellseg,"[1104, 1376]"
545,109,8,537,101,43,57,0.6162881064870791,1491,241,0,1491,241,1400,215,0,0.0,0.0,0.0,0.0,0.0,0.0,0.0,0.0,0.0,0.0,954,89,1,0.0010482180293501049,0.011235955056179775,0.0019175455417066154,3.0,3.0,3.0,0.0,0.0,1,0.015077384868185422,0.6162881064870791,0.024464831804281346,0.01238390092879257,0.0015313935681470138,4.227163061720605,1.8611032539695587,2.366059807751046,0.29107713508440547,0.3921700827040633,0.3341447756166469,174.79416466232504,43.93176527297759,0,0,True,True,1.0,2371,3.0,0.5,1.0923101576045156,0.0,0.0,0.0,3.143850564956665,neural,HUVEC_Cellsonly_CD7_04_76,mcellseg,"[1104, 1376]"
456,73,1,455,72,23,32,0.5673401670913077,1249,114,0,1249,114,1163,99,0,0.0,0.0,0.0,0.0,0.0,0.0,0.0,0.0,0.0,0.0,802,21,1,0.0012468827930174563,0.047619047619047616,0.0024301336573511545,2.23606797749979,2.23606797749979,2.23606797749979,0.0,0.0,1,0.002144953372745965,0.5673401670913077,0.003780718336483932,0.001893939393939394,0.0,3.2011566078476323,1.2437509257357973,1.957405682111835,0.30817679710967455,0.50142954390742,0.38173848940812777,90.13878188659973,52.20153254455275,0,0,True,True,1.0,1891,3.0,0.5,0.8763829353265464,0.0,0.0,0.0,2.7787106037139893,neural,HUVEC_Cellsonly_CD7_05_77,mcellseg,"[1104, 1376]"
323,94,10,313,84,19,12,0.6429242552634002,727,205,0,727,205,650,164,0,0.0,0.0,0.0,0.0,0.0,0.0,0.0,0.0,0.0,0.0,428,45,1,0.002336448598130841,0.022222222222222223,0.004228329809725159,2.23606797749979,2.23606797749979,2.23606797749979,0.0,0.0,1,0.030835695696086345,0.6429242552634002,0.047961630695443645,0.02457002457002457,0.004819277108433735,4.531132817588342,3.187587446790637,1.343545370797705,0.33699839330997505,0.27709094208651863,0.3041225336493193,130.18832512940628,66.03029607687671,0,0,True,True,1.0,1330,3.0,0.5,1.0307475561276078,0.0,0.0,0.0,3.2727036476135254,neural,HUVEC_Cellsonly_CD7_09_81-0007,mcellseg,"[1104, 1376]"
379,82,3,376,79,24,26,0.5696811834425223,896,133,0,896,133,825,100,0,0.0,0.0,0.0,0.0,0.0,0.0,0.0,0.0,0.0,0.0,554,22,4,0.007220216606498195,0.18181818181818182,0.01388888888888889,1.0590169943749475,1.0,2.2006577808748213,0.0,0.0,4,0.007414505641334346,0.5696811834425223,0.013015184381778741,0.006550218340611353,0.0,3.6811608874323634,2.8237522068920047,0.8574086805403589,0.28105005082820067,0.2842555703113472,0.2826437222511967,136.12494260788506,58.249463516842795,0,0,True,True,1.0,1488,3.0,0.5,0.7280753091908991,0.0,0.0,0.0,2.2261109352111816,neural,HUVEC_FumGW_01_061-0006,mcellseg,"[1104, 1376]"
389,64,1,388,63,19,20,0.5722647456100856,967,93,0,967,93,897,71,0,0.0,0.0,0.0,0.0,0.0,0.0,0.0,0.0,0.0,0.0,598,16,1,0.0016722408026755853,0.0625,0.003257328990228013,2.23606797749979,2.23606797749979,2.23606797749979,0.0,0.0,1,0.0025265551682564485,0.5722647456100856,0.004415011037527594,0.0022123893805309734,0.0,2.754491211966427,1.6857397736612416,1.0687514383051853,0.29918032786885246,0.33096138166184863,0.31426941965566263,130.96946208945045,51.24451190127583,0,0,True,True,1.0,1512,3.0,0.5,0.6969715431332588,0.0,0.0,0.0,1.9916110038757324,neural,HUVEC_FumGW_02_062-0005,mcellseg,"[1104, 1376]"
306,62,0,306,62,17,7,0.0,700,84,0,700,84,658,69,0,0.0,0.0,0.0,0.0,0.0,0.0,0.0,0.0,0.0,0.0,424,13,0,0.0,0.0,0.0,0.0,0.0,0.0,1.0,1.0,0,0.0,0.0,0.0,0.0,0.0,3.4840283432913934,2.6199416856940787,0.8640866575973147,0.25507387147896327,0.21431291763320984,0.23292357977118577,156.0,76.89148075980825,0,0,True,True,1.0,1152,3.0,0.5,0.683087273966521,0.0,0.0,0.0,1.9548892974853516,neural,HUVEC_FumGW_03_063-0008,mcellseg,"[1104, 1376]"
287,61,3,284,58,9,13,0.6359616829945477,648,94,0,648,94,580,63,0,0.0,0.0,0.0,0.0,0.0,0.0,0.0,0.0,0.0,0.0,398,9,0,0.0,0.0,0.0,0.0,0.0,0.0,1.0,1.0,0,0.01096485660335427,0.6359616829945477,0.017241379310344827,0.008695652173913044,0.0,3.1352513764179544,2.439721901353867,0.6955294750640872,0.251141214498976,0.22599904765393208,0.23790771731282423,195.16147160748713,72.12489168102785,0,0,True,True,1.0,1084,3.0,0.5,0.8580874628387392,0.0,0.0,0.0,2.3014049530029297,neural,HUVEC_FumGW_05_065-0004,mcellseg,"[1104, 1376]"
306,52,0,306,52,8,10,0.0,715,56,0,715,56,670,44,0,0.0,0.0,0.0,0.0,0.0,0.0,0.0,0.0,0.0,0.0,439,4,0,0.0,0.0,0.0,0.0,0.0,0.0,1.0,1.0,0,0.0,0.0,0.0,0.0,0.0,2.6331741322759967,1.8943578375960222,0.7388162946799743,0.20724042571021536,0.2046167128640887,0.2059202121792447,276.669477897364,162.45152959372086,0,0,True,True,1.0,1129,3.0,0.5,0.919066553004086,0.0,0.0,0.0,2.237668752670288,neural,HUVEC_FumGW_06_066-0006,mcellseg,"[1104, 1376]"
395,62,7,388,55,23,24,0.6174553417347325,1039,90,0,1039,90,978,74,1,0.0010224948875255625,0.013513513513513514,0.0019011406844106466,0.0,0.0,0.0,0.0,0.0,0.0,0.0,655,14,2,0.0030534351145038168,0.14285714285714285,0.005979073243647235,1.0,1.0,1.0,0.0,0.0,2,0.01891548092841631,0.6174553417347325,0.030634573304157548,0.015555555555555555,0.0021929824561403508,2.8409730999649607,1.157813125132686,1.6831599748322748,0.277313164295472,0.4583350163590096,0.3455519555036626,182.22239159883728,52.0,0,0,True,True,1.0,1574,3.0,0.5,0.8455453650094569,0.002134471718249733,0.0011507479861910242,0.014705882352941176,2.7744224071502686,neural,HUVEC_FumGW_07_067-0001,mcellseg,"[1104, 1376]"
460,68,2,458,66,19,35,0.5734240338826484,1179,77,0,1179,77,1116,71,0,0.0,0.0,0.0,0.0,0.0,0.0,0.0,0.0,0.0,0.0,740,18,3,0.004054054054054054,0.16666666666666666,0.007915567282321902,1.3333333333333333,1.0,1.9,0.0,0.0,3,0.004344121468807942,0.5734240338826484,0.007575757575757576,0.0038022813688212928,0.0,3.3697505162770858,1.7687245828332716,1.6010259334438142,0.2637900123583576,0.34937292039928336,0.3006088009114213,130.59862173851607,51.0,0,0,True,True,1.0,1783,3.0,0.5,0.8574447040446103,0.0,0.0,0.0,2.2925994396209717,neural,HUVEC_FumGW_08_068-0007,mcellseg,"[1104, 1376]"
278,37,2,276,35,8,12,0.6624264508033961,648,45,0,648,45,601,35,1,0.0016638935108153079,0.02857142857142857,0.003144654088050315,0.0,0.0,0.0,0.0,0.0,0.0,0.0,386,8,0,0.0,0.0,0.0,0.0,0.0,0.0,1.0,1.0,0,0.0084117644546463,0.6624264508033961,0.012698412698412698,0.006389776357827476,0.0,1.897280020138064,1.1205948591562322,0.7766851609818317,0.22606672752436763,0.31544830241961364,0.2633809275376761,182.4828759089466,108.04767458236195,0,0,True,True,1.0,1004,3.0,0.5,0.6714872140437365,0.00351493848857645,0.001869158878504673,0.029411764705882353,2.034925699234009,neural,HUVEC_FumGW_09_069-0004,mcellseg,"[1104, 1376]"
325,43,3,322,40,15,8,0.6340689367002249,752,26,0,752,26,702,26,0,0.0,0.0,0.0,0.0,0.0,0.0,0.0,0.0,0.0,0.0,458,3,0,0.0,0.0,0.0,0.0,0.0,0.0,1.0,1.0,0,0.01033808048967758,0.6340689367002249,0.016304347826086956,0.00821917808219178,0.0,2.1565580826515127,1.3879885061081525,0.7685695765433602,0.23295590845847527,0.31146134877238124,0.26654835235028146,147.95945390545344,62.37828042246202,0,0,True,True,1.0,1140,3.0,0.5,0.700481781270355,0.0,0.0,0.0,1.9170312881469727,neural,HUVEC_FumGW_10_070-0006,mcellseg,"[1104, 1376]"
603,67,4,599,63,25,31,0.6495601717576449,1652,96,0,1652,96,1584,86,0,0.0,0.0,0.0,0.0,0.0,0.0,0.0,0.0,0.0,0.0,1060,17,2,0.0018867924528301887,0.11764705882352941,0.003714020427112349,1.2071067811865475,1.2071067811865475,1.3935028842544404,0.0,0.0,2,0.007755942349345014,0.6495601717576449,0.011940298507462687,0.006006006006006006,0.0014947683109118087,3.6430056449036425,0.8235947414306907,2.819410903472952,0.2881997923583302,0.5821881883981957,0.385544191141048,117.38824472663352,43.829214001622255,0,0,True,True,1.0,2412,3.0,0.5,0.761193489190191,0.0,0.0,0.0,3.2895264625549316,neural,HUVEC_FumGW_11_071-0001,mcellseg,"[1104, 1376]"
436,58,2,434,56,23,41,0.6261413583102369,1126,80,0,1126,80,1031,76,0,0.0,0.0,0.0,0.0,0.0,0.0,0.0,0.0,0.0,0.0,710,26,1,0.0014084507042253522,0.038461538461538464,0.0027173913043478264,1.4142135623730951,1.4142135623730951,1.4142135623730951,0.0,0.0,1,0.005069970512633497,0.6261413583102369,0.008097165991902834,0.0040650406504065045,0.0,3.4969084225700477,1.4706920061038689,2.0262164164661787,0.23465030760382719,0.37454987019512603,0.2885364957436521,235.76471322061747,60.207972893961475,0,0,True,True,1.0,1697,3.0,0.5,0.8646034207195044,0.0,0.0,0.0,2.2868616580963135,neural,HUVEC_FumGW_12_072-0004,mcellseg,"[1104, 1376]"
497,52,4,493,48,15,21,0.5924885878783656,1282,52,0,1282,52,1206,45,0,0.0,0.0,0.0,0.0,0.0,0.0,0.0,0.0,0.0,0.0,809,5,1,0.0012360939431396785,0.2,0.0024570024570024565,2.0,2.0,2.0,0.0,0.0,1,0.008633713484566347,0.5924885878783656,0.014571948998178506,0.007339449541284404,0.0018248175182481751,3.0613011200499542,1.5008090790860964,1.5604920409638576,0.256154435524168,0.3869563397379547,0.3082535282904375,126.82665335015349,48.662100242385755,0,0,True,True,1.0,1876,3.0,0.5,0.9096072879619896,0.0,0.0,0.0,2.3425731658935547,neural,HUVEC_PH_03,mcellseg,"[1104, 1376]"
426,50,3,423,47,13,20,0.6105331242506596,1065,55,1,1064,54,978,45,1,0.0010224948875255625,0.022222222222222223,0.0019550342130987292,0.0009389671361502347,0.01818181818181818,0.0017857142857142854,0.054217769250913574,0.054217769250913574,-0.054217769250913574,0.054217769250913574,659,7,2,0.0030349013657056147,0.2857142857142857,0.006006006006006007,2.618033988749895,2.618033988749895,2.9618033988749897,0.0,0.0,2,0.0076957956838318445,0.6105331242506596,0.012605042016806723,0.006342494714587738,0.0,3.1010768220233036,1.337267181542783,1.7638096404805204,0.2977240553196123,0.39565253326721217,0.33977286986822436,234.21357774475842,39.96248240537617,0,0,True,True,1.0,1590,3.0,0.5,0.9680077498778701,0.002205071664829107,0.001152073732718894,0.02564102564102564,2.40179705619812,neural,HUVEC_TREX_CD7_01_1-0005,mcellseg,"[1104, 1376]"
219,21,1,218,20,8,4,0.5899718837863168,528,8,0,528,8,492,8,0,0.0,0.0,0.0,0.0,0.0,0.0,0.0,0.0,0.0,0.0,327,0,0,0.0,1.0,0.0,0.0,0.0,0.0,1.0,1.0,0,0.004916432364885973,0.5899718837863168,0.008333333333333333,0.0041841004184100415,0.0,1.2525863358153235,0.6703073451656524,0.582278990649671,0.22248701714448318,0.36401931572999074,0.27617629069002786,204.27677303110113,109.88653219394288,0,0,True,True,1.0,774,3.0,0.5,0.6986785568296909,0.0,0.0,0.0,2.0918688774108887,neural,HUVEC_TREX_CD7_02_2-0007,mcellseg,"[1104, 1376]"
452,45,0,452,45,12,17,0.0,1142,35,0,1142,35,1051,32,0,0.0,0.0,0.0,0.0,0.0,0.0,0.0,0.0,0.0,0.0,720,3,1,0.001388888888888889,0.3333333333333333,0.0027662517289073307,2.23606797749979,2.23606797749979,2.23606797749979,0.0,0.0,1,0.0,0.0,0.0,0.0,0.0,2.9622813647932476,1.7210397803404158,1.2412415844528317,0.20070747172935444,0.3237601635680662,0.24779826057170773,161.533278305122,81.4297235246636,0,0,True,True,1.0,1675,3.0,0.5,0.7329698959365487,0.0,0.0,0.0,1.9960522651672363,neural,HUVEC_TREX_CD7_03_3-0005,mcellseg,"[1104, 1376]"
267,44,1,266,43,15,13,0.6427264409881062,606,39,0,606,39,547,35,0,0.0,0.0,0.0,0.0,0.0,0.0,0.0,0.0,0.0,0.0,372,7,0,0.0,0.0,0.0,0.0,0.0,0.0,1.0,1.0,0,0.004133289009569815,0.6427264409881062,0.006430868167202572,0.0032258064516129032,0.0,2.3041307334153656,1.670891294967243,0.6332394384481228,0.19176409003664283,0.2190718855036322,0.20451042886869727,186.3866948041088,91.05080623262369,0,0,True,True,1.0,954,3.0,0.5,0.6744041321799159,0.0,0.0,0.0,1.777266025543213,neural,HUVEC_TREX_CD7_04_4-0005,mcellseg,"[1104, 1376]"
238,30,1,237,29,7,2,0.7469162058698426,539,13,0,539,13,496,11,0,0.0,0.0,0.0,0.0,0.0,0.0,0.0,0.0,0.0,0.0,326,1,0,0.0,0.0,0.0,0.0,0.0,0.0,1.0,1.0,0,0.005574001536342109,0.7469162058698426,0.007462686567164179,0.003745318352059925,0.0,1.762950000538238,1.1254688641855775,0.6374811363526605,0.2326132272124313,0.2839347996298669,0.25572448882853827,192.67589366602144,63.81966779202237,0,0,True,True,1.0,818,3.0,0.5,0.670447064563632,0.0,0.0,0.0,1.698702096939087,neural,HUVEC_TREX_CD7_05_5-0015,mcellseg,"[1104, 1376]"
283,54,4,279,50,14,9,0.6331132654583498,684,61,0,684,61,626,49,0,0.0,0.0,0.0,0.0,0.0,0.0,0.0,0.0,0.0,0.0,422,9,1,0.002369668246445498,0.1111111111111111,0.0046403712296983765,2.23606797749979,2.23606797749979,2.23606797749979,0.0,0.0,1,0.015029395025717502,0.6331132654583498,0.02373887240356083,0.012012012012012012,0.002976190476190476,2.3792145243442615,1.5219006033088645,0.857313921035397,0.23402214022140222,0.29233101829208646,0.2599468795704502,316.98738145232215,59.8815128531702,0,0,True,True,1.0,1075,3.0,0.5,0.6983501920476556,0.0,0.0,0.0,1.857530117034912,neural,HUVEC_TREX_CD7_06_6-0006,mcellseg,"[1104, 1376]"
675,95,6,669,89,25,38,0.6638574449278855,1900,126,0,1900,126,1825,106,0,0.0,0.0,0.0,0.0,0.0,0.0,0.0,0.0,0.0,0.0,1230,22,4,0.0032520325203252032,0.18181818181818182,0.006389776357827476,2.0751407699364424,2.23606797749979,2.73957325265923,0.0,0.0,4,0.01034583031056445,0.6638574449278855,0.015584415584415584,0.007853403141361256,0.0026041666666666665,3.8812889352569293,0.7942994116403852,3.086989523616544,0.2922931243095376,0.6069688768606225,0.3945742823457119,103.24727599312246,44.384682042344295,0,0,True,True,1.0,2788,3.0,0.5,0.8758599204011261,0.0,0.0,0.0,3.2567598819732666,neural,HUVEC_TREX_CD7_07_7-0001,mcellseg,"[1104, 1376]"
385,51,3,382,48,17,22,0.6310590936825787,942,49,1,941,48,865,46,1,0.0011560693641618498,0.021739130434782608,0.0021953896816684967,0.0010615711252653928,0.02040816326530612,0.0020181634712411706,0.12226135118619944,0.12226135118619944,0.12226135118619944,0.12226135118619944,589,11,0,0.0,0.0,0.0,0.0,0.0,0.0,1.0,1.0,0,0.008684299454347413,0.6310590936825787,0.013761467889908258,0.006928406466512702,0.0022988505747126436,2.6344894345695042,1.7035448386116796,0.9309445959578245,0.23239521438895133,0.3587573338463018,0.2820709739362939,229.58440713602482,109.80322020474806,0,0,True,True,1.0,1419,3.0,0.5,0.7416591187939048,0.0024691358024691358,0.0013054830287206266,0.022727272727272728,1.913597583770752,neural,HUVEC_TREX_CD7_08_8-0006,mcellseg,"[1104, 1376]"
227,23,1,226,22,7,1,0.6562140391254315,459,17,0,459,17,417,16,0,0.0,0.0,0.0,0.0,0.0,0.0,0.0,0.0,0.0,0.0,266,2,1,0.0037593984962406013,0.5,0.007462686567164178,3.0,3.0,3.0,0.0,0.0,1,0.005249712313003452,0.6562140391254315,0.008,0.004016064257028112,0.0,2.0177093819694396,1.4213644338393456,0.596344948130094,0.17747760261129245,0.2511436003228989,0.20798021092447053,308.6486675817668,151.05644617677933,0,0,True,True,1.0,725,3.0,0.5,0.7034805798903108,0.0,0.0,0.0,1.7890563011169434,neural,HUVEC_TREX_CD7_09_9-018,mcellseg,"[1104, 1376]"
306,59,1,305,58,13,18,0.5656713301315515,716,75,0,716,75,651,66,0,0.0,0.0,0.0,0.0,0.0,0.0,0.0,0.0,0.0,0.0,438,18,1,0.00228310502283105,0.05555555555555555,0.0043859649122807015,3.0,3.0,3.0,0.0,0.0,1,0.003099568932227679,0.5656713301315515,0.005479452054794521,0.0027472527472527475,0.0,3.237540409644245,2.454146893873219,0.7833935157710255,0.21320335636722607,0.24415167637868423,0.22763041024865924,232.59406699226014,86.61292972271691,0,0,True,True,1.0,1155,3.0,0.5,0.7370640090666711,0.0,0.0,0.0,2.1005215644836426,neural,HUVEC_TREX_CD7_10_10-0006,mcellseg,"[1104, 1376]"
665,74,1,664,73,21,37,0.5721595184349134,1855,109,0,1855,109,1802,82,0,0.0,0.0,0.0,0.0,0.0,0.0,0.0,0.0,0.0,0.0,1196,10,0,0.0,0.0,0.0,0.0,0.0,0.0,1.0,1.0,0,0.0015484696033421204,0.5721595184349134,0.0027063599458728013,0.0013550135501355014,0.0,3.527883973215465,0.85845516983811,2.669428803377355,0.2567034618033095,0.5625391958748519,0.35253476519493965,176.6635219845908,44.91102314577124,0,0,True,True,1.0,2701,3.0,0.5,0.8735657469369471,0.0,0.0,0.0,3.972991704940796,neural,HUVEC_TREX_CD7_11_11-0001,mcellseg,"[1104, 1376]"
412,51,1,411,50,19,16,0.5480452527566948,1015,53,0,1015,53,952,49,0,0.0,0.0,0.0,0.0,0.0,0.0,0.0,0.0,0.0,0.0,632,10,2,0.0031645569620253164,0.2,0.006230529595015576,0.5,0.5,0.95,0.0,0.0,2,0.002367366102620712,0.5480452527566948,0.004319654427645789,0.0021645021645021645,0.0,3.279050536282442,1.8426056895349183,1.4364448467475235,0.19791830014113218,0.2830678517997008,0.23295601266994634,136.40014662748717,54.20332093147061,0,0,True,True,1.0,1531,3.0,0.5,0.7601308631710708,0.0,0.0,0.0,2.0081911087036133,neural,HUVEC_TREX_CD7_12_12-0005,mcellseg,"[1104, 1376]"
1360,205,13,1347,192,44,74,0.5925994338028059,3531,250,0,3531,250,3275,203,0,0.0,0.0,0.0,0.0,0.0,0.0,0.0,0.0,0.0,0.0,2199,10,0,0.0,0.0,0.0,0.0,0.0,0.0,1.0,1.0,0,0.009845102414615305,0.5925994338028059,0.016613418530351438,0.008376288659793814,0.0006393861892583121,5.283603922396992,3.0041257960213636,2.2794781263756283,0.18761839208614678,0.20060389731670367,0.19389397099618513,265.85146228674387,102.07840124139877,0,0,True,True,1.0,5320,3.0,0.5,3.144045230001211,0.0,0.0,0.0,15.212918996810913,neural,JP_Polymers_17h_20x_CO_1_BF,mcellseg,"[2048, 2048]"
1267,178,13,1254,165,41,85,0.5970915757665322,3213,207,0,3213,207,2942,154,3,0.0010197144799456153,0.01948051948051948,0.001937984496124031,0.0,0.0,0.0,0.0,0.0,0.0,0.0,1987,0,0,0.0,1.0,0.0,0.0,0.0,0.0,1.0,1.0,0,0.010743516242165978,0.5970915757665322,0.017993079584775088,0.009078212290502794,0.0006925207756232687,5.25429021016002,3.4539761541706353,1.8003140559893847,0.16999207571238056,0.17280269492084807,0.17138586299916414,322.2374900597384,117.63842892940386,0,0,True,True,1.0,4839,3.0,0.5,3.169864585157484,0.002255639097744361,0.0011876484560570072,0.022388059701492536,17.208778381347656,neural,JP_Polymers_17h_20x_P1_1_BF,mcellseg,"[2048, 2048]"
1763,194,15,1748,179,19,106,0.5574735350630493,4890,243,0,4890,243,4620,189,3,0.0006493506493506494,0.015873015873015872,0.0012476606363069245,0.0,0.0,0.0,0.0,0.0,0.0,0.0,3147,10,1,0.00031776294884016526,0.1,0.00063351282863478,1.0,1.0,1.0,0.0,0.0,1,0.008545838554875564,0.5574735350630493,0.015329586101175269,0.007723995880535531,0.0,5.467419678100466,2.9096221240843594,2.5577975540161066,0.1895953538346484,0.23206405767676977,0.208691023733215,250.83261350948763,136.23509092741122,0,0,True,True,1.0,7061,3.0,0.5,3.230307570192963,0.0009950248756218907,0.000517464424320828,0.012903225806451613,18.853988647460938,neural,JP_Polymers_17h_20x_P2_1_BF,mcellseg,"[2048, 2048]"
1444,199,28,1416,171,27,149,0.5835489749544481,3894,719,0,3894,719,3594,338,10,0.0027824151363383415,0.029585798816568046,0.00508646998982706,0.0,0.0,0.0,0.0,0.0,0.0,0.0,2467,30,0,0.0,0.0,0.0,0.0,0.0,0.0,1.0,1.0,0,0.019889679000273337,0.5835489749544481,0.03408399269628728,0.0173374613003096,0.0,5.128152186334052,3.139290235433734,1.988861950900318,0.21983984741108573,0.21521447168013444,0.21750257169564097,217.00230413523263,107.16809226630845,0,0,True,True,1.0,6200,3.0,0.5,3.3538292571902275,0.005993407252022775,0.0032605151613955006,0.037037037037037035,18.4993999004364,neural,JP_Polymers_17h_20x_P3_1_BF,mcellseg,"[2048, 2048]"
1194,202,26,1168,176,26,65,0.6115794562786103,3126,183,0,3126,183,2816,148,2,0.0007102272727272727,0.013513513513513514,0.0013495276653171392,0.0,0.0,0.0,0.0,0.0,0.0,0.0,1949,11,0,0.0,0.0,0.0,0.0,0.0,0.0,1.0,1.0,0,0.022780896652211845,0.6115794562786103,0.03724928366762178,0.01897810218978102,0.0,4.971309313434093,2.698138674869168,2.273170638564925,0.22170300501246945,0.21526637254586245,0.21843728243945668,325.7192042235152,105.94810050208545,0,0,True,True,1.0,4653,3.0,0.5,3.1530642863363028,0.0007754943776657618,0.0004063388866314506,0.00847457627118644,19.241000413894653,neural,JP_Polymers_3h_17h_20x_CO_1_BF,mcellseg,"[2048, 2048]"
1910,193,24,1886,169,29,93,0.5820155017179357,5169,170,0,5169,170,4839,136,1,0.00020665426741062204,0.007352941176470588,0.0004020100502512563,0.0,0.0,0.0,0.0,0.0,0.0,0.0,3289,6,0,0.0,0.0,0.0,0.0,0.0,0.0,1.0,1.0,0,0.013284233990708947,0.5820155017179357,0.02282453637660485,0.011544011544011544,0.0,5.221507146734108,2.3600538963670417,2.861453250367066,0.18137841543209027,0.24700769125745234,0.20916581065633963,170.59015211904818,75.27881479092304,0,0,True,True,1.0,7394,3.0,0.5,3.2530642552301288,0.0004807692307692308,0.0002472799208704253,0.008620689655172414,19.778974771499634,neural,JP_Polymers_3h_17h_20x_P1_1_BF,mcellseg,"[2048, 2048]"
1524,81,3,1521,78,5,12,0.5482884497615568,3762,34,0,3762,34,3476,20,0,0.0,0.0,0.0,0.0,0.0,0.0,0.0,0.0,0.0,0.0,2333,1,0,0.0,0.0,0.0,0.0,0.0,0.0,1.0,1.0,0,0.0020496764477067543,0.5482884497615568,0.003738317757009346,0.0018726591760299626,0.0,2.514378843561568,1.174558380294211,1.339820463267357,0.11381041972799393,0.26175845850402063,0.15864381612201334,590.6005418216275,188.97883360838023,0,0,True,True,1.0,5395,3.0,0.5,6.699933665338904,0.0,0.0,0.0,21.188644647598267,neural,Lipo_20x_1_BF,mcellseg,"[3440, 3440]"
5170,34,0,5170,34,4,82,0.0,15054,62,0,15054,62,14905,45,0,0.0,0.0,0.0,0.0,0.0,0.0,0.0,0.0,0.0,0.0,9896,23,2,0.0002021018593371059,0.08695652173913043,0.0004032664583123298,0.7071067811865476,0.7071067811865476,1.3435028842544403,0.0,0.0,2,0.0,0.0,0.0,0.0,0.0,5.503733217612606,0.2794092424521677,5.224323975160438,0.03231788395375323,0.39633521757274554,0.059762617009827976,1588.9622399541154,1115.4129280226225,0,0,True,True,1.0,20322,3.0,0.5,4.620554244145751,0.0,0.0,0.0,56.685060262680054,neural,Lipo_HEK_40x_1_BF,mcellseg,"[2796, 2796]"
3977,49,0,3977,49,3,104,0.0,11593,87,0,11593,87,11457,61,0,0.0,0.0,0.0,0.0,0.0,0.0,0.0,0.0,0.0,0.0,7626,13,0,0.0,0.0,0.0,0.0,0.0,0.0,1.0,1.0,0,0.0,0.0,0.0,0.0,0.0,4.87993441758647,0.5753596824421253,4.304574735144344,0.04326382698345026,0.30868301876914217,0.07589105501542301,972.7363466016884,754.5965809623046,0,0,True,True,1.0,15706,3.0,0.5,4.6852855873294175,0.0,0.0,0.0,34.470160245895386,neural,Lipo_HEK_40x_2_BF,mcellseg,"[2796, 2796]"
4205,43,0,4205,43,8,70,0.0,12249,60,0,12249,60,12132,48,0,0.0,0.0,0.0,0.0,0.0,0.0,0.0,0.0,0.0,0.0,8055,18,1,0.00012414649286157667,0.05555555555555555,0.0002477393781741608,1.0,1.0,1.0,0.0,0.0,1,0.0,0.0,0.0,0.0,0.0,4.795158504429502,0.7174282327353015,4.077730271694201,0.028887685169920633,0.24451288798516835,0.05167078654291502,1242.9517287489487,877.3812170199582,0,0,True,True,1.0,16558,3.0,0.5,4.476019399240613,0.0,0.0,0.0,25.124576091766357,neural,Lipo_HEK_40x_3_BF,mcellseg,"[2796, 2796]"
1073,30,0,1073,30,3,16,0.0,3016,37,0,3016,37,2940,19,0,0.0,0.0,0.0,0.0,0.0,0.0,0.0,0.0,0.0,0.0,1964,1,0,0.0,0.0,0.0,0.0,0.0,0.0,1.0,1.0,0,0.0,0.0,0.0,0.0,0.0,2.5429931213103463,1.1022512267689057,1.4407418945414405,0.03150101981718833,0.10974025974025974,0.048950704888159204,846.000591016342,470.425339453563,0,0,True,True,1.0,4156,3.0,0.5,3.9660384580492973,0.0,0.0,0.0,18.332211017608643,neural,Lipo_HEK_40x_4_BF,mcellseg,"[2796, 2796]"
2648,58,0,2648,58,10,104,0.0,7736,110,0,7736,110,7610,78,0,0.0,0.0,0.0,0.0,0.0,0.0,0.0,0.0,0.0,0.0,5107,36,4,0.0007832386919913843,0.1111111111111111,0.0015555123468792534,1.766123775561495,1.7071067811865475,2.2006577808748213,0.0,0.0,4,0.0,0.0,0.0,0.0,0.0,3.2222202811713165,0.5785996566184013,2.6436206245529155,0.06565087262409142,0.298131621522885,0.10760606364914842,575.1252037600161,439.6293893724577,0,0,True,True,1.0,10556,3.0,0.5,4.288660729769617,0.0,0.0,0.0,25.37334656715393,neural,Lipo_HEK_40x_5_BF,mcellseg,"[2796, 2796]"
1222,83,2,1220,81,18,53,0.5566158719220528,3403,167,0,3403,167,3232,141,0,0.0,0.0,0.0,0.0,0.0,0.0,0.0,0.0,0.0,0.0,2208,82,1,0.0004528985507246377,0.012195121951219513,0.0008733624454148472,2.8284271247461903,2.8284271247461903,2.8284271247461903,0.0,0.0,1,0.0017061022894162537,0.5566158719220528,0.0030651340996168583,0.0015349194167306216,0.0,1.7011423957311527,0.6988508776588777,1.0022915180722751,0.08610252853269437,0.28460714688310224,0.1322080140348386,675.5301621689441,122.06555615733703,0,0,True,True,1.0,4872,3.0,0.5,3.8432927993126214,0.0,0.0,0.0,19.74162983894348,neural,Lipo_HEK_40x_8_DIC,mcellseg,"[2796, 2796]"
5028,46,2,5026,44,4,71,0.5333601420817138,14699,90,0,14699,90,14518,49,0,0.0,0.0,0.0,0.0,0.0,0.0,0.0,0.0,0.0,0.0,9689,11,0,0.0,0.0,0.0,0.0,0.0,0.0,1.0,1.0,0,0.00042046522828672743,0.5333601420817138,0.0007883326763894363,0.0003943217665615142,0.0,4.898023377614169,0.5272688486056233,4.370754529008545,0.04575749339802123,0.35609728313493194,0.08109456467174173,982.9038610159184,690.7103951625274,0,0,True,True,1.0,19859,3.0,0.5,4.772144364193082,0.0,0.0,0.0,47.597471475601196,neural,Lipo_HEK_40x_BF,mcellseg,"[2796, 2796]"
2921,86,0,2921,86,12,90,0.0,8510,176,0,8510,176,8346,114,0,0.0,0.0,0.0,0.0,0.0,0.0,0.0,0.0,0.0,0.0,5609,63,3,0.0005348546978070957,0.047619047619047616,0.0010578279266572636,1.74535599249993,2.0,2.212461179749811,0.0,0.0,3,0.0,0.0,0.0,0.0,0.0,4.161764772788735,0.7765329502387303,3.3852318225500047,0.06313470013412531,0.29535622848062154,0.10403179232414848,601.705908230923,387.92647494622526,0,0,True,True,1.0,11696,3.0,0.5,4.303773498162627,0.0,0.0,0.0,19.180001974105835,neural,Lipo_siRNA_HEK_40x_1_BF,mcellseg,"[2796, 2796]"
1550,73,2,1548,71,10,86,0.5435207768745874,4455,147,0,4455,147,4285,102,0,0.0,0.0,0.0,0.0,0.0,0.0,0.0,0.0,0.0,0.0,2928,41,2,0.0006830601092896175,0.04878048780487805,0.0013472549680026945,2.118033988749895,2.118033988749895,2.2242645786248003,0.0,0.0,2,0.0013395459688837646,0.5435207768745874,0.0024645717806531116,0.0012338062924120913,0.0,2.5416826644278387,0.8576551926286815,1.6840274717991575,0.08357416084472004,0.26850574712643677,0.1274718720950978,631.5322636255412,145.2067491544384,0,0,True,True,1.0,6223,3.0,0.5,4.070667668245733,0.0,0.0,0.0,14.493682622909546,neural,Lipo_siRNA_HEK_40x_4Speed_BF,mcellseg,"[2796, 2796]"
229,32,2,227,30,7,6,0.6156517384351978,575,41,0,575,41,521,29,0,0.0,0.0,0.0,0.0,0.0,0.0,0.0,0.0,0.0,0.0,359,6,0,0.0,0.0,0.0,0.0,0.0,0.0,1.0,1.0,0,0.009435275684830617,0.6156517384351978,0.01532567049808429,0.007722007722007722,0.0,2.9062207995176443,2.400187497236607,0.5060333022810377,0.13987975951903808,0.13503931932448113,0.1374169271349448,250.05999280172747,148.984730339894,0,0,True,True,1.0,873,3.0,0.5,0.6181357023306191,0.0,0.0,0.0,1.889838457107544,neural,P1_4_40xoir-C_3,mcellseg,"[1024, 1024]"
334,32,1,333,31,7,30,0.6142635658914729,926,71,0,926,71,879,42,0,0.0,0.0,0.0,0.0,0.0,0.0,0.0,0.0,0.0,0.0,597,2,0,0.0,0.0,0.0,0.0,0.0,0.0,1.0,1.0,0,0.003356631507603677,0.6142635658914729,0.00546448087431694,0.0027397260273972603,0.0,3.07434441023676,1.447703553943938,1.6266408562928223,0.2520937788857455,0.3408302428520158,0.2898219020618877,164.0,89.16136999723062,0,0,True,True,1.0,1361,3.0,0.5,0.5919071570970118,0.0,0.0,0.0,2.1057536602020264,neural,P1_5_40xoir-C_3,mcellseg,"[1024, 1024]"
330,41,3,327,38,10,29,0.5859516799296122,879,101,0,879,101,841,62,0,0.0,0.0,0.0,0.0,0.0,0.0,0.0,0.0,0.0,0.0,554,13,0,0.0,0.0,0.0,0.0,0.0,0.0,1.0,1.0,0,0.009476307492123108,0.5859516799296122,0.016172506738544475,0.008152173913043478,0.0,3.2474943175057716,1.8838027665988593,1.363691550906912,0.19249321676213446,0.231303615599179,0.2101213299180035,313.402297375115,198.69826370655582,0,0,True,True,1.0,1345,3.0,0.5,0.6181048434227705,0.0,0.0,0.0,1.981011152267456,neural,P1_6_40xoir-C_3,mcellseg,"[1024, 1024]"
1559,37,0,1559,37,4,55,0.0,4416,92,0,4416,92,4246,47,0,0.0,0.0,0.0,0.0,0.0,0.0,0.0,0.0,0.0,0.0,2887,14,0,0.0,0.0,0.0,0.0,0.0,0.0,1.0,1.0,0,0.0,0.0,0.0,0.0,0.0,2.0107314991749434,0.6143202541778511,1.3964112449970922,0.07928318628184039,0.29699430372076113,0.1251557976873705,858.0425397379782,156.99283403148527,0,0,True,True,1.0,6104,3.0,0.5,3.9623512271791697,0.0,0.0,0.0,17.847748517990112,neural,P1_HEK_40x_2_DIC,mcellseg,"[2796, 2796]"
1625,84,2,1623,82,18,57,0.5555134758704049,4367,219,0,4367,219,4151,125,0,0.0,0.0,0.0,0.0,0.0,0.0,0.0,0.0,0.0,0.0,2791,63,4,0.0014331780723754925,0.06349206349206349,0.0028030833917309043,2.38415776431139,2.23606797749979,2.73957325265923,0.0,0.0,4,0.0013002070822010648,0.5555134758704049,0.0023405500292568754,0.0011716461628588166,0.0,3.0115904624145498,1.3816576685240998,1.62993279389045,0.10973950407304628,0.2742207948913104,0.15674982084896485,335.43553777141744,105.77334257741882,0,0,True,True,1.0,6295,3.0,0.5,4.1170132122933865,0.0,0.0,0.0,25.52734637260437,neural,P1_HEK_40x_4_DIC,mcellseg,"[2796, 2796]"
1361,120,2,1359,118,16,52,0.606628650170862,3807,271,0,3807,271,3637,192,0,0.0,0.0,0.0,0.0,0.0,0.0,0.0,0.0,0.0,0.0,2478,128,7,0.002824858757062147,0.0546875,0.005372217958557175,1.6652648927846256,1.4142135623730951,2.9485281374238568,0.0,0.0,7,0.0016384298451610048,0.606628650170862,0.0027008777852802163,0.001352265043948614,0.0,2.1525220063825636,0.6034678859849739,1.5490541203975896,0.11330897246259541,0.36029215759449806,0.1723996484486539,546.0082416960389,113.21660655575224,0,0,True,True,1.0,5562,3.0,0.5,3.9990329281426966,0.0,0.0,0.0,17.519426584243774,neural,P1_HEK_40x_5_DIC,mcellseg,"[2796, 2796]"
2631,173,1,2630,172,23,89,0.6111084185528037,7524,474,0,7524,474,7229,310,0,0.0,0.0,0.0,0.0,0.0,0.0,0.0,0.0,0.0,0.0,4926,204,10,0.0020300446609825416,0.049019607843137254,0.003898635477582846,1.6478708664619077,1.4142135623730951,2.656230589874905,0.0,0.0,10,0.00043588332279087283,0.6111084185528037,0.0007132667617689016,0.00035676061362825543,0.0,3.3097822743664773,0.718915835585112,2.590866438781365,0.09672105931062772,0.3534200394583102,0.15187753658351547,509.2445385077782,93.0,0,0,True,True,1.0,10810,3.0,0.5,4.292149880900979,0.0,0.0,0.0,34.60121965408325,neural,P1_HEK_40x_6_DIC,mcellseg,"[2796, 2796]"
2029,48,1,2028,47,9,63,0.6351104565537555,5596,106,0,5596,106,5316,46,0,0.0,0.0,0.0,0.0,0.0,0.0,0.0,0.0,0.0,0.0,3619,1,0,0.0,0.0,0.0,0.0,0.0,0.0,1.0,1.0,0,0.0006115651964889317,0.6351104565537555,0.0009629272989889263,0.0004816955684007707,0.0,2.987439656476105,0.9174195936267666,2.0700200628493386,0.11080758311462631,0.3441000605510142,0.1676335695395762,696.5349955314521,102.59142264341595,0,0,True,True,1.0,7777,3.0,0.5,3.976479445118457,0.0,0.0,0.0,27.01383090019226,neural,P1_HEK_40x_7_DIC,mcellseg,"[2796, 2796]"
1348,28,1,1347,27,1,21,0.5699841905952425,3818,49,0,3818,49,3666,27,0,0.0,0.0,0.0,0.0,0.0,0.0,0.0,0.0,0.0,0.0,2494,1,0,0.0,0.0,0.0,0.0,0.0,0.0,1.0,1.0,0,0.0008284653933070385,0.5699841905952425,0.0014534883720930232,0.0007272727272727272,0.0,1.932159103485596,0.6450516336418134,1.2871074698437825,0.08540891729631744,0.3021289810565543,0.1331715389155755,789.1083575783493,136.01470508735443,0,0,True,True,1.0,5241,3.0,0.5,3.9946929812431335,0.0,0.0,0.0,22.819567680358887,neural,P1_HEK_40x_8_DIC,mcellseg,"[2796, 2796]"
152,37,0,152,37,7,7,0.0,391,55,0,391,55,365,43,0,0.0,0.0,0.0,0.0,0.0,0.0,0.0,0.0,0.0,0.0,241,5,0,0.0,0.0,0.0,0.0,0.0,0.0,1.0,1.0,0,0.0,0.0,0.0,0.0,0.0,3.9306979617940954,2.857591218028094,1.0731067437660013,0.16281464530892448,0.09701919575508505,0.12158651760168482,319.71549852955206,218.42412611065492,0,0,True,True,1.0,635,3.0,0.5,0.603369974065572,0.0,0.0,0.0,1.9412200450897217,neural,P1_Hep_5_40xoir-C_3,mcellseg,"[1024, 1024]"
190,49,2,188,47,9,12,0.6889064769172663,466,63,0,466,63,424,51,0,0.0,0.0,0.0,0.0,0.0,0.0,0.0,0.0,0.0,0.0,286,6,0,0.0,0.0,0.0,0.0,0.0,0.0,1.0,1.0,0,0.011529815513259685,0.6889064769172663,0.016736401673640166,0.008438818565400843,0.004201680672268907,3.532358073393158,3.0193197543424497,0.5130383190507085,0.21003923146564732,0.12952278505769607,0.16023503753069798,228.17756243767704,160.13072657115288,0,0,True,True,1.0,764,3.0,0.5,0.5692099537700415,0.0,0.0,0.0,1.819380521774292,neural,P1_Hep_6_40xoir-C_3,mcellseg,"[1024, 1024]"
158,26,3,155,23,7,0,0.5688452517085817,396,13,0,396,13,356,12,0,0.0,0.0,0.0,0.0,0.0,0.0,0.0,0.0,0.0,0.0,249,2,0,0.0,0.0,0.0,0.0,0.0,0.0,1.0,1.0,0,0.018549301686149402,0.5688452517085817,0.03260869565217391,0.016574585635359115,0.0,1.943423445866837,1.463864928945461,0.47955851692137597,0.19954459624569587,0.20056745915272478,0.20005472025481763,172.40939649566667,105.34229919647663,0,0,True,True,1.0,587,3.0,0.5,0.5784227438271046,0.0,0.0,0.0,1.8167099952697754,neural,P1_Hep_siRNA_5_40xoir-C_3,mcellseg,"[1024, 1024]"
250,30,3,247,27,11,7,0.6441081935266313,628,22,0,628,22,582,18,0,0.0,0.0,0.0,0.0,0.0,0.0,0.0,0.0,0.0,0.0,389,3,0,0.0,0.0,0.0,0.0,0.0,0.0,1.0,1.0,0,0.013802318432713527,0.6441081935266313,0.02142857142857143,0.010830324909747292,0.0035842293906810036,2.332710448448641,1.310003565334656,1.022706883113985,0.19064474385323896,0.26830084497615664,0.22290287611894252,102.45974819410792,66.43191349073574,0,0,True,True,1.0,924,3.0,0.5,0.5933132669888437,0.0,0.0,0.0,1.9434912204742432,neural,P1_siRNA_1_40xoir-C_3,mcellseg,"[1024, 1024]"
481,41,1,480,40,5,12,0.5971337579617835,1328,40,0,1328,40,1283,33,0,0.0,0.0,0.0,0.0,0.0,0.0,0.0,0.0,0.0,0.0,858,9,0,0.0,0.0,0.0,0.0,0.0,0.0,1.0,1.0,0,0.0022878688044512775,0.5971337579617835,0.0038314176245210726,0.0019193857965451055,0.0,3.571053530067731,2.1430844865683074,1.4279690434994234,0.16133303284692097,0.21767078396773382,0.18531469173491216,313.2491021535417,204.2601280542871,0,0,True,True,1.0,1888,3.0,0.5,0.6368558378890157,0.0,0.0,0.0,1.9963397979736328,neural,P1_siRNA_2_40xoir-C_3,mcellseg,"[1024, 1024]"
3337,161,0,3337,161,24,110,0.0,9833,417,0,9833,417,9634,268,0,0.0,0.0,0.0,0.0,0.0,0.0,0.0,0.0,0.0,0.0,6508,176,11,0.0016902274124154886,0.0625,0.0032914422501496106,2.0013945201695122,2.23606797749979,2.914213562373095,0.0,0.0,11,0.0,0.0,0.0,0.0,0.0,3.7765707699543984,0.560917160139971,3.2156536098144275,0.0799455630386991,0.3673842288585622,0.13131581915465915,729.0336069071165,318.9435686763412,0,0,True,True,1.0,13759,3.0,0.5,4.5885961339809,0.0,0.0,0.0,28.15878462791443,neural,P1_siRNA_HEK_40x_1_BF,mcellseg,"[2796, 2796]"
2574,91,1,2573,90,12,74,0.5140162258426225,7435,164,0,7435,164,7307,122,0,0.0,0.0,0.0,0.0,0.0,0.0,0.0,0.0,0.0,0.0,4873,66,4,0.0008208495793145906,0.06060606060606061,0.0016197610852399273,2.2071067811865475,2.414213562373095,2.9742640687119284,0.0,0.0,4,0.00038575326517269984,0.5140162258426225,0.00075046904315197,0.00037537537537537537,0.0,4.23630747788814,0.6809071156572364,3.5554003622309036,0.06346270166129543,0.2670717653221582,0.10255569362842935,818.6653773062594,563.3515776138379,0,0,True,True,1.0,10266,3.0,0.5,4.2872013952583075,0.0,0.0,0.0,14.339108228683472,neural,P1_siRNA_HEK_40x_2_BF,mcellseg,"[2796, 2796]"
1848,41,0,1848,41,2,61,0.0,5363,73,0,5363,73,5254,37,0,0.0,0.0,0.0,0.0,0.0,0.0,0.0,0.0,0.0,0.0,3530,1,1,0.00028328611898016995,1.0,0.0005664117813650524,2.8284271247461903,2.8284271247461903,2.8284271247461903,0.0,0.0,1,0.0,0.0,0.0,0.0,0.0,2.588875027382134,0.6347434735486963,1.9541315538334378,0.07820691037602241,0.2912249940224755,0.12330178707145797,686.670954679168,429.0,0,0,True,True,1.0,7326,3.0,0.5,3.905684886034578,0.0,0.0,0.0,15.176022291183472,neural,P1_siRNA_HEK_40x_3_BF,mcellseg,"[2796, 2796]"
1707,44,1,1706,43,1,66,0.5320088300220751,4959,88,0,4959,88,4837,49,0,0.0,0.0,0.0,0.0,0.0,0.0,0.0,0.0,0.0,0.0,3264,5,0,0.0,0.0,0.0,0.0,0.0,0.0,1.0,1.0,0,0.0006076628555363508,0.5320088300220751,0.001142204454597373,0.0005714285714285715,0.0,3.5608034162289166,0.462185492378192,3.0986179238507248,0.11388893455424222,0.38833909065446737,0.17612527800303876,525.2980106568081,78.74642849044012,0,0,True,True,1.0,6796,3.0,0.5,3.924665928352624,0.0,0.0,0.0,21.28484296798706,neural,P1_siRNA_HEK_40x_4_DIC,mcellseg,"[2796, 2796]"
2379,164,1,2378,163,30,88,0.502594222148431,6825,389,0,6825,389,6557,277,0,0.0,0.0,0.0,0.0,0.0,0.0,0.0,0.0,0.0,0.0,4472,169,7,0.0015652951699463328,0.04142011834319527,0.0030165912518853692,1.9255298092312965,2.23606797749979,3.0,0.0,0.0,7,0.0003952766198572009,0.502594222148431,0.0007864726700747149,0.0003933910306845004,0.0,3.5275073467272504,1.0534646155482716,2.474042731178979,0.10372273620051509,0.34480996189945173,0.15947391514112286,225.80744009000236,100.22474744293447,0,0,True,True,1.0,9762,3.0,0.5,4.350507076829672,0.0,0.0,0.0,24.989401817321777,neural,P1_siRNA_HEK_40x_5_DIC,mcellseg,"[2796, 2796]"
1340,56,2,1338,54,8,42,0.579149294547864,3766,97,0,3766,97,3593,61,0,0.0,0.0,0.0,0.0,0.0,0.0,0.0,0.0,0.0,0.0,2453,15,0,0.0,0.0,0.0,0.0,0.0,0.0,1.0,1.0,0,0.0016594535660397248,0.579149294547864,0.0028653295128939827,0.0014347202295552368,0.0,2.311178343777351,0.8682807843327592,1.4428975594445919,0.10325305768741795,0.2912013075456279,0.15245071702475013,222.12158832495322,80.0,0,0,True,True,1.0,5255,3.0,0.5,4.024806555360556,0.0,0.0,0.0,19.465165853500366,neural,P1_siRNA_HEK_40x_6_DIC,mcellseg,"[2796, 2796]"
1234,105,1,1233,104,25,56,0.5492854019470208,3487,202,0,3487,202,3351,173,0,0.0,0.0,0.0,0.0,0.0,0.0,0.0,0.0,0.0,0.0,2283,113,3,0.001314060446780552,0.02654867256637168,0.0025041736227045075,2.630974075664057,2.8284271247461903,2.8284271247461903,0.0,0.0,3,0.0008204412277027944,0.5492854019470208,0.0014936519790888724,0.0007473841554559044,0.0,1.9492454886771142,0.8577465337669445,1.0914989549101697,0.08593129497037764,0.2633368267682319,0.12957881426418588,897.5388570975632,111.8257573191436,0,0,True,True,1.0,5029,3.0,0.5,3.8106947322376072,0.0,0.0,0.0,18.083006620407104,neural,P1_siRNA_HEK_40x_7_DIC,mcellseg,"[2796, 2796]"
141,44,3,138,41,9,11,0.7040356082593947,353,62,0,353,62,307,49,1,0.003257328990228013,0.02040816326530612,0.0056179775280898875,0.0,0.0,0.0,0.0,0.0,0.0,0.0,219,10,0,0.0,0.0,0.0,0.0,0.0,0.0,1.0,1.0,0,0.022833587294899288,0.7040356082593947,0.032432432432432434,0.016483516483516484,0.005434782608695652,3.972347279518929,2.934323494224938,1.0380237852939913,0.17740303541315347,0.12530584621791868,0.1468713924368104,228.35498680782078,192.64994065984328,0,0,True,True,1.0,594,3.0,0.5,0.5915152858942747,0.0065146579804560255,0.0037593984962406013,0.024390243902439025,2.003129720687866,neural,P2_1_40xoir-C_3,mcellseg,"[1024, 1024]"
433,62,3,430,59,6,32,0.5625078599887825,1165,147,0,1165,147,1122,91,0,0.0,0.0,0.0,0.0,0.0,0.0,0.0,0.0,0.0,0.0,737,5,0,0.0,0.0,0.0,0.0,0.0,0.0,1.0,1.0,0,0.006818277090773121,0.5625078599887825,0.012121212121212121,0.006097560975609756,0.0,4.835410151496667,3.3168938783795414,1.5185162731171262,0.23962879478202484,0.20924647253077153,0.22340941315440319,362.62652964172383,196.82708135051197,0,0,True,True,1.0,1801,3.0,0.5,0.6745729469694197,0.0,0.0,0.0,2.0687196254730225,neural,P2_2_40xoir-C_3,mcellseg,"[1024, 1024]"
1910,51,1,1909,50,10,53,0.5453331459094742,5462,78,0,5462,78,5225,41,0,0.0,0.0,0.0,0.0,0.0,0.0,0.0,0.0,0.0,0.0,3578,4,0,0.0,0.0,0.0,0.0,0.0,0.0,1.0,1.0,0,0.0005561786291784541,0.5453331459094742,0.0010198878123406426,0.0005102040816326531,0.0,3.607858257664108,0.6495972005796826,2.9582610570844254,0.10888848725826857,0.351781868422122,0.16630110891679706,335.87199942835366,94.57801012920498,0,0,True,True,1.0,7499,3.0,0.5,4.198972507379949,0.0,0.0,0.0,22.272319793701172,neural,P2_HEK_40x_4_DIC,mcellseg,"[2796, 2796]"
1151,41,0,1151,41,7,34,0.0,3264,71,0,3264,71,3106,45,0,0.0,0.0,0.0,0.0,0.0,0.0,0.0,0.0,0.0,0.0,2139,9,2,0.0009350163627863488,0.2222222222222222,0.0018621973929236501,2.53224755112299,2.53224755112299,2.79880916738387,0.0,0.0,2,0.0,0.0,0.0,0.0,0.0,2.571309359120472,0.7250784202405014,1.8462309388799705,0.08947471579772638,0.27497012122246883,0.1350156234913732,854.7683896822577,100.56838469419701,0,0,True,True,1.0,4529,3.0,0.5,3.880251900292933,0.0,0.0,0.0,19.145451545715332,neural,P2_HEK_40x_6_DIC,mcellseg,"[2796, 2796]"
1896,48,2,1894,46,10,60,0.6971612429786281,5469,115,0,5469,115,5233,59,0,0.0,0.0,0.0,0.0,0.0,0.0,0.0,0.0,0.0,0.0,3590,0,0,0.0,1.0,0.0,0.0,0.0,0.0,1.0,1.0,0,0.0014344881542770126,0.6971612429786281,0.00205761316872428,0.0010298661174047373,0.000514668039114771,2.7546404957475685,0.7760115348845906,1.978628960862978,0.11071309431144859,0.32865212925653786,0.16563028765250995,572.5844915818101,83.24061508662703,0,0,True,True,1.0,7524,3.0,0.5,3.9678300619125366,0.0,0.0,0.0,32.12136197090149,neural,P2_HEK_40x_8_DIC,mcellseg,"[2796, 2796]"
181,41,1,180,40,7,8,0.7808249232119351,340,51,0,340,51,307,42,0,0.0,0.0,0.0,0.0,0.0,0.0,0.0,0.0,0.0,0.0,176,0,0,0.0,1.0,0.0,0.0,0.0,0.0,1.0,1.0,0,0.0070344587676750905,0.7808249232119351,0.009009009009009009,0.004524886877828055,0.004524886877828055,3.5314977764683624,3.0637396847125915,0.4677580917557711,0.24337550106720807,0.13975603684341548,0.17755361868365943,339.00589965367857,138.5878760857661,0,0,True,True,1.0,611,3.0,0.5,0.5902984049171209,0.0,0.0,0.0,1.9927611351013184,neural,P2_Hep_4_40xoir-C_3,mcellseg,"[1024, 1024]"
154,59,2,152,57,7,5,0.5731361269296085,245,111,0,245,111,226,75,0,0.0,0.0,0.0,0.0,0.0,0.0,0.0,0.0,0.0,0.0,105,5,0,0.0,0.0,0.0,0.0,0.0,0.0,1.0,1.0,0,0.010763119754546639,0.5731361269296085,0.018779342723004695,0.009478672985781991,0.0,4.360453938991338,3.96073071841621,0.3997232205751282,0.26374967874582367,0.09966852493596505,0.14466827014503894,170.30854353202602,110.45361017187261,0,0,True,True,1.0,565,3.0,0.5,0.6251024007797241,0.0,0.0,0.0,1.9456992149353027,neural,P2_Hep_5_40xoir-C_3,mcellseg,"[1024, 1024]"
83,90,1,82,89,3,6,0.6226141898117677,113,218,0,113,218,104,150,0,0.0,0.0,0.0,0.0,0.0,0.0,0.0,0.0,0.0,0.0,38,33,0,0.0,0.0,0.0,0.0,0.0,0.0,1.0,1.0,0,0.007197851905338355,0.6226141898117677,0.011560693641618497,0.005813953488372093,0.0,4.982670957088251,4.822002550621282,0.1606684064669689,0.22808576824797244,0.048116502432331294,0.07946849528537445,185.0108104949546,135.99613954933739,0,0,True,True,1.0,502,3.0,0.5,0.6150102419778705,0.0,0.0,0.0,1.9292840957641602,neural,P2_Hep_6_40xoir-C_3,mcellseg,"[1024, 1024]"
467,67,10,457,57,16,22,0.6128089213008172,1248,72,0,1248,72,1147,53,4,0.0034873583260680036,0.07547169811320754,0.006666666666666668,0.0,0.0,0.0,0.0,0.0,0.0,0.0,788,2,0,0.0,0.0,0.0,0.0,0.0,0.0,1.0,1.0,0,0.02295164499253997,0.6128089213008172,0.03745318352059925,0.019083969465648856,0.001876172607879925,4.481289264590868,2.083340515080948,2.39794874950992,0.22348005216109462,0.2637699629614879,0.24195925398312537,245.52189311749777,162.90180814077584,0,0,True,True,1.0,1834,3.0,0.5,0.6883454881608486,0.0058997050147492625,0.0030991735537190084,0.061224489795918366,2.3874762058258057,neural,P2_siRNA_1_40xoir-C_3,mcellseg,"[1024, 1024]"
561,73,8,553,65,20,39,0.6335808857191475,1509,74,0,1509,74,1403,61,0,0.0,0.0,0.0,0.0,0.0,0.0,0.0,0.0,0.0,0.0,954,9,1,0.0010482180293501049,0.1111111111111111,0.0020768431983385254,2.8284271247461903,2.8284271247461903,2.8284271247461903,0.0,0.0,1,0.015989422983448517,0.6335808857191475,0.025236593059936908,0.012779552715654952,0.001579778830963665,4.306876620795006,1.7456921911160241,2.561184429678982,0.2249102667488892,0.3169155768784338,0.2631013923419739,90.33825324855468,40.8166632639171,0,0,True,True,1.0,2202,3.0,0.5,0.7003005878068507,0.0,0.0,0.0,2.3252997398376465,neural,P2_siRNA_5_40xoir-C_3,mcellseg,"[1024, 1024]"
139,55,1,138,54,10,6,0.578013646702047,268,86,0,268,86,242,66,0,0.0,0.0,0.0,0.0,0.0,0.0,0.0,0.0,0.0,0.0,133,10,0,0.0,0.0,0.0,0.0,0.0,0.0,1.0,1.0,0,0.005958903574247908,0.578013646702047,0.010309278350515464,0.0051813471502590676,0.0,4.3379352754725495,3.7103846458677774,0.6275506296047719,0.20518448214497567,0.09964382987638802,0.13414349537647824,238.8723508487326,159.88871125228766,0,0,True,True,1.0,546,3.0,0.5,0.5994845950044692,0.0,0.0,0.0,2.0829296112060547,neural,P2_siRNA_6_40xoir-C_3,mcellseg,"[1024, 1024]"
1980,105,1,1979,104,19,139,0.6028357367276242,5691,217,0,5691,217,5475,161,0,0.0,0.0,0.0,0.0,0.0,0.0,0.0,0.0,0.0,0.0,3734,88,7,0.0018746652383502945,0.07954545454545454,0.003663003663003663,1.8746310706960665,2.23606797749979,2.7708203932499362,0.0,0.0,7,0.0005782596994989202,0.6028357367276242,0.0009592326139088729,0.0004798464491362764,0.0,2.867810971751967,1.1643436734873813,1.7034672982645855,0.09189421015010722,0.27572241681260945,0.13784628798219767,705.6826482208558,93.05912099305473,0,0,True,True,1.0,7998,3.0,0.5,4.3218657351098955,0.0,0.0,0.0,24.98692560195923,neural,P2_siRNA_HEK_40x_1_DIC,mcellseg,"[2796, 2796]"
2996,67,1,2995,66,10,109,0.5059461955894239,8657,165,0,8657,165,8421,87,0,0.0,0.0,0.0,0.0,0.0,0.0,0.0,0.0,0.0,0.0,5691,30,0,0.0,0.0,0.0,0.0,0.0,0.0,1.0,1.0,0,0.0003303599057064472,0.5059461955894239,0.000652954619653934,0.00032658393207054214,0.0,2.7412027039911697,0.6305778154046697,2.1106248885865,0.09620210159914648,0.3952553195788793,0.15474135000580846,452.2444029504401,111.01801655587259,0,0,True,True,1.0,11883,3.0,0.5,5.373651590198278,0.0,0.0,0.0,36.112704038619995,neural,P2_siRNA_HEK_40x_2_DIC,mcellseg,"[2796, 2796]"
1359,110,0,1359,110,21,60,0.0,3802,231,0,3802,231,3606,183,0,0.0,0.0,0.0,0.0,0.0,0.0,0.0,0.0,0.0,0.0,2481,122,1,0.00040306328093510683,0.00819672131147541,0.000768344218209758,1.4142135623730951,1.4142135623730951,1.4142135623730951,0.0,0.0,1,0.0,0.0,0.0,0.0,0.0,2.226105343279161,0.654660667344002,1.571444675935159,0.10581238144684964,0.34621310008945433,0.162086581862839,839.5201010100949,93.40770846134703,0,0,True,True,1.0,5503,3.0,0.5,5.040402285289019,0.0,0.0,0.0,32.00685906410217,neural,P2_siRNA_HEK_40x_3_DIC,mcellseg,"[2796, 2796]"
1271,110,2,1269,108,29,51,0.5305178477827828,3589,223,0,3589,223,3399,175,0,0.0,0.0,0.0,0.0,0.0,0.0,0.0,0.0,0.0,0.0,2343,111,4,0.0017072129748186087,0.036036036036036036,0.0032599837000815,1.766123775561495,1.618033988749895,2.73957325265923,0.0,0.0,4,0.0015366193998053084,0.5305178477827828,0.002896451846488052,0.0014503263234227702,0.0,2.2108960663238353,0.7802881323789648,1.4306079339448705,0.09408751870174405,0.26260266049739733,0.13853834039474497,490.6862541380184,81.15417426109393,0,0,True,True,1.0,5193,3.0,0.5,3.967934474814683,0.0,0.0,0.0,29.718433380126953,neural,P2_siRNA_HEK_40x_5_DIC,mcellseg,"[2796, 2796]"
2454,85,1,2453,84,19,68,0.5476793248945148,7047,164,0,7047,164,6831,121,0,0.0,0.0,0.0,0.0,0.0,0.0,0.0,0.0,0.0,0.0,4611,86,4,0.0008674907829104315,0.046511627906976744,0.0017032148179689161,1.7677669529663689,1.4142135623730951,2.6162950903902256,0.0,0.0,4,0.00043141341070855827,0.5476793248945148,0.0007877116975187081,0.0003940110323089047,0.0,2.8751604748443813,0.7820363063707791,2.093124168473602,0.07480358564358149,0.31732556837271814,0.12106771499922761,390.8477964630222,220.85742007005334,0,0,True,True,1.0,9752,3.0,0.5,5.261377721093595,0.0,0.0,0.0,26.23964810371399,neural,P2_siRNA_HEK_40x_7_DIC,mcellseg,"[2796, 2796]"
571,82,3,568,79,13,50,0.6247105122275163,1480,153,0,1480,153,1395,125,0,0.0,0.0,0.0,0.0,0.0,0.0,0.0,0.0,0.0,0.0,925,28,2,0.002162162162162162,0.07142857142857142,0.0041972717733473235,2.53224755112299,2.53224755112299,2.79880916738387,0.0,0.0,2,0.00574006596227427,0.6247105122275163,0.009188361408882083,0.004615384615384616,0.0,4.889188643451145,3.0542486484626807,1.8349399949884637,0.2052135632685731,0.26065127954814865,0.22963388919061223,153.62942426501507,77.27871634544663,0,0,True,True,1.0,2282,3.0,0.5,0.9031506017781794,0.0,0.0,0.0,2.6256325244903564,neural,P2_siRNA_Hep_4_40xoir-C_3,mcellseg,"[1024, 1024]"
385,50,3,382,47,13,21,0.6046652649075,1022,117,0,1022,117,953,77,0,0.0,0.0,0.0,0.0,0.0,0.0,0.0,0.0,0.0,0.0,645,17,0,0.0,0.0,0.0,0.0,0.0,0.0,1.0,1.0,0,0.008340210550448276,0.6046652649075,0.013793103448275862,0.006944444444444444,0.0,4.0673856619269575,2.064691102050666,2.002694559876291,0.20806369011592718,0.26367655185116967,0.2325920559434676,229.82819670353766,132.82507193427,0,0,True,True,1.0,1568,3.0,0.5,0.862899161875248,0.0,0.0,0.0,2.5013480186462402,neural,P2_siRNA_Hep_5_40xoir-C_3,mcellseg,"[1024, 1024]"
551,65,4,547,61,12,37,0.6451489276072377,1458,124,0,1458,124,1373,87,1,0.0007283321194464676,0.011494252873563218,0.0013698630136986301,0.0,0.0,0.0,0.0,0.0,0.0,0.0,916,23,1,0.001091703056768559,0.043478260869565216,0.0021299254526091584,3.0,3.0,3.0,0.0,0.0,1,0.008378557501392698,0.6451489276072377,0.012987012987012988,0.006535947712418301,0.0016260162601626016,4.469650765605759,2.1179623152927256,2.3516884503130333,0.20767937219730942,0.27068776674094497,0.23503397655208644,133.15404612703287,78.26876667484471,0,0,True,True,1.0,2191,3.0,0.5,0.683707042131573,0.0016977928692699488,0.0009000900090009,0.014925373134328358,2.357074737548828,neural,P2_siRNA_Hep_6_40xoir-C_3,mcellseg,"[1024, 1024]"
95,19,0,95,19,2,0,0.0,198,20,0,198,20,184,14,0,0.0,0.0,0.0,0.0,0.0,0.0,0.0,0.0,0.0,0.0,117,8,0,0.0,0.0,0.0,0.0,0.0,0.0,1.0,1.0,0,0.0,0.0,0.0,0.0,0.0,2.6244638959684483,2.2742421154735224,0.35022178049492597,0.1400159815324514,0.07754442649434572,0.09981098202977742,239.71024175032656,183.44754018519845,0,0,True,True,1.0,332,3.0,0.5,0.5517907561734319,0.0,0.0,0.0,1.874957799911499,neural,P3_2_40xoir-C_3,mcellseg,"[1024, 1024]"
114,26,1,113,25,3,0,0.6049085659287776,257,35,0,257,35,235,27,0,0.0,0.0,0.0,0.0,0.0,0.0,0.0,0.0,0.0,0.0,149,11,0,0.0,0.0,0.0,0.0,0.0,0.0,1.0,1.0,0,0.00864155094183968,0.6049085659287776,0.014285714285714285,0.007194244604316547,0.0,2.050689251623673,1.771089457434695,0.27959979418897846,0.29882672200494853,0.1886757136172204,0.23130692649862317,184.81612483763422,144.52819751671245,0,0,True,True,1.0,430,3.0,0.5,0.5487235337495804,0.0,0.0,0.0,1.7984468936920166,neural,P3_3_40xoir-C_3,mcellseg,"[1024, 1024]"
5070,83,0,5070,83,11,82,0.0,14824,162,0,14824,162,14688,113,0,0.0,0.0,0.0,0.0,0.0,0.0,0.0,0.0,0.0,0.0,9768,54,2,0.00020475020475020476,0.037037037037037035,0.00040724903278354713,2.121320343559643,2.121320343559643,2.7577164466275357,0.0,0.0,2,0.0,0.0,0.0,0.0,0.0,4.9821204017309,0.5765108149435588,4.4056095867873415,0.03168591990376838,0.2889307398246009,0.05710892433085114,1187.3373572830933,900.1522926243315,0,0,True,True,1.0,20141,3.0,0.5,5.635749323759228,0.0,0.0,0.0,55.40382170677185,neural,P3_HEK_40x_4_BF,mcellseg,"[2796, 2796]"
1350,54,0,1350,54,6,40,0.0,3899,84,0,3899,84,3719,71,0,0.0,0.0,0.0,0.0,0.0,0.0,0.0,0.0,0.0,0.0,2574,39,3,0.0011655011655011655,0.07692307692307693,0.002296211251435132,2.35483170074866,2.23606797749979,2.76919121002155,0.0,0.0,3,0.0,0.0,0.0,0.0,0.0,2.3468414109906566,0.7135913578605099,1.6332500531301468,0.06807164411564295,0.23795776530339482,0.10586025928054947,313.2091952673165,108.33743581975715,0,0,True,True,1.0,5390,3.0,0.5,4.286312124226242,0.0,0.0,0.0,18.771270275115967,neural,P3_HEK_40x_5_BF,mcellseg,"[2796, 2796]"
178,48,3,175,45,8,11,0.5768470188301732,472,86,0,472,86,452,71,1,0.0022123893805309734,0.014084507042253521,0.0038240917782026776,0.0,0.0,0.0,0.0,0.0,0.0,0.0,300,23,0,0.0,0.0,0.0,0.0,0.0,0.0,1.0,1.0,0,0.015314522623809907,0.5768470188301732,0.02654867256637168,0.013452914798206279,0.0,2.8119251602744653,2.1367800135128676,0.6751451467615974,0.20873063170441,0.16685527473909217,0.18545853985467686,209.74508337503408,148.98993152517872,0,0,True,True,1.0,778,3.0,0.5,0.766433865763247,0.004739336492890996,0.002631578947368421,0.023809523809523808,2.329476833343506,neural,P3_Hep_1_40xoir-C_3,mcellseg,"[1024, 1024]"
1446,172,0,1446,172,12,32,0.0,3428,343,0,3428,343,3143,244,0,0.0,0.0,0.0,0.0,0.0,0.0,0.0,0.0,0.0,0.0,2076,122,0,0.0,0.0,0.0,0.0,0.0,0.0,1.0,1.0,0,0.0,0.0,0.0,0.0,0.0,4.932777007825775,4.177859223908151,0.754917783917624,0.07555339794990262,0.07463784818879768,0.07509283252267512,369.7161073039691,179.7804216259379,0,0,True,True,1.0,5389,3.0,0.5,9.189550084993243,0.0,0.0,0.0,58.258975982666016,neural,P3_Hep_20x_1_BF,mcellseg,"[3440, 3440]"
103,20,1,102,19,3,1,0.5119815224713694,257,19,0,257,19,233,14,0,0.0,0.0,0.0,0.0,0.0,0.0,0.0,0.0,0.0,0.0,161,0,0,0.0,1.0,0.0,0.0,0.0,0.0,1.0,1.0,0,0.008324902804412511,0.5119815224713694,0.016260162601626018,0.00819672131147541,0.0,2.523132951215452,2.189157757695785,0.3339751935196672,0.225948669500866,0.1338088690271571,0.1680795129286595,284.2885857715712,191.0693561109495,0,0,True,True,1.0,397,3.0,0.5,0.7176000843755901,0.0,0.0,0.0,2.2307205200195312,neural,P3_Hep_2_40xoir-C_3,mcellseg,"[1024, 1024]"
49,44,1,48,43,1,0,0.6561780506523408,82,41,0,82,41,75,38,0,0.0,0.0,0.0,0.0,0.0,0.0,0.0,0.0,0.0,0.0,42,3,0,0.0,0.0,0.0,0.0,0.0,0.0,1.0,1.0,0,0.01411135592800733,0.6561780506523408,0.021505376344086023,0.010869565217391304,0.0,3.766310958558708,3.585640702536086,0.1806702560226219,0.20438462605799917,0.04396820605694738,0.07236821321394078,263.0304164920856,190.2824210868322,0,0,True,True,1.0,214,3.0,0.5,0.7410576338879764,0.0,0.0,0.0,2.3121633529663086,neural,P3_Hep_4_40xoir-C_3,mcellseg,"[1024, 1024]"
66,41,1,65,40,1,0,0.5715725806451613,124,53,0,124,53,105,39,0,0.0,0.0,0.0,0.0,0.0,0.0,0.0,0.0,0.0,0.0,65,2,0,0.0,0.0,0.0,0.0,0.0,0.0,1.0,1.0,0,0.010683599638227313,0.5715725806451613,0.018691588785046728,0.009433962264150943,0.0,3.706968551466685,3.588544838207542,0.11842371325914287,0.20071138211382114,0.036474319623490896,0.06173062751818043,286.22019495486336,215.09497878942477,0,0,True,True,1.0,282,3.0,0.5,0.5363897900097072,0.0,0.0,0.0,1.9207043647766113,neural,P3_Hep_siRNA_1_40xoir-C_3,mcellseg,"[1024, 1024]"
55,39,1,54,38,1,3,0.6174567080636697,107,69,0,107,69,94,46,0,0.0,0.0,0.0,0.0,0.0,0.0,0.0,0.0,0.0,0.0,60,6,0,0.0,0.0,0.0,0.0,0.0,0.0,1.0,1.0,0,0.013137376767312121,0.6174567080636697,0.02127659574468085,0.010752688172043012,0.0,3.3434199771119157,3.1108842181471985,0.232535758964717,0.26289409862570734,0.04781661653355461,0.08091582098465144,342.23529917295207,240.52026941611388,0,0,True,True,1.0,268,3.0,0.5,0.5644214721396565,0.0,0.0,0.0,1.9658489227294922,neural,P3_Hep_siRNA_2_40xoir-C_3,mcellseg,"[1024, 1024]"
105,41,1,104,40,4,7,0.744765702891326,259,88,0,259,88,224,58,0,0.0,0.0,0.0,0.0,0.0,0.0,0.0,0.0,0.0,0.0,155,5,0,0.0,0.0,0.0,0.0,0.0,0.0,1.0,1.0,0,0.010202269902620903,0.744765702891326,0.0136986301369863,0.006896551724137931,0.0,4.04897805568754,3.317854794583879,0.7311232611036603,0.21708993476234856,0.11175246025738077,0.14754991858851538,578.0813091598793,414.06278289038005,0,0,True,True,1.0,491,3.0,0.5,0.5896674408577383,0.0,0.0,0.0,2.004188060760498,neural,P3_Hep_siRNA_5_40xoir-C_3,mcellseg,"[1024, 1024]"
55,28,0,55,28,0,1,0.0,85,35,0,85,35,79,25,0,0.0,0.0,0.0,0.0,0.0,0.0,0.0,0.0,0.0,0.0,33,4,0,0.0,0.0,0.0,0.0,0.0,0.0,1.0,1.0,0,0.0,0.0,0.0,0.0,0.0,3.7428033912436907,3.624707204274766,0.11809618696892464,0.21326910444493102,0.03454028670291646,0.05945195198843164,398.81073205218536,271.14912835704945,0,0,True,True,1.0,203,3.0,0.5,0.718085718806833,0.0,0.0,0.0,2.0513174533843994,neural,P3_siRNA_3_40xoir-C_3,mcellseg,"[1024, 1024]"
62,22,3,59,19,2,0,0.6724799211215653,109,17,0,109,17,93,12,0,0.0,0.0,0.0,0.0,0.0,0.0,0.0,0.0,0.0,0.0,51,0,0,0.0,1.0,0.0,0.0,0.0,0.0,1.0,1.0,0,0.048034280080111805,0.6724799211215653,0.07142857142857142,0.037037037037037035,0.0,2.81632554309292,2.648423610617056,0.1679019324758643,0.33111372241807024,0.10528735632183908,0.1597708629682803,231.26175645791503,186.92284424519863,0,0,True,True,1.0,204,3.0,0.5,0.7065627998672426,0.0,0.0,0.0,2.2538180351257324,neural,P3_siRNA_4_40xoir-C_3,mcellseg,"[1024, 1024]"
221,28,0,221,28,3,9,0.0,591,40,0,591,40,557,27,0,0.0,0.0,0.0,0.0,0.0,0.0,0.0,0.0,0.0,0.0,373,1,0,0.0,0.0,0.0,0.0,0.0,0.0,1.0,1.0,0,0.0,0.0,0.0,0.0,0.0,3.7036042165319283,2.3078602807060986,1.3957439358258297,0.1506525742653535,0.14689477972049883,0.14874994796349242,247.42069436488129,189.85151998466935,0,0,True,True,1.0,880,3.0,0.5,0.7989607648923993,0.0,0.0,0.0,2.4446816444396973,neural,P3_siRNA_5_40xoir-C_3,mcellseg,"[1024, 1024]"
116,27,2,114,25,3,3,0.650453351839793,211,33,0,211,33,186,24,0,0.0,0.0,0.0,0.0,0.0,0.0,0.0,0.0,0.0,0.0,109,6,0,0.0,0.0,0.0,0.0,0.0,0.0,1.0,1.0,0,0.018194499352162042,0.650453351839793,0.027972027972027972,0.014184397163120567,0.0,3.5784498827203386,3.1208956579279117,0.45755422479242713,0.27517077517077515,0.13599949536365358,0.1820320642998299,508.35519078691425,440.16951199113953,0,0,True,True,1.0,383,3.0,0.5,0.7914248672313988,0.0,0.0,0.0,2.319995164871216,neural,P3_siRNA_6_40xoir-C_3,mcellseg,"[1024, 1024]"
2121,124,1,2120,123,19,110,0.5938775510204082,6177,242,0,6177,242,6033,195,0,0.0,0.0,0.0,0.0,0.0,0.0,0.0,0.0,0.0,0.0,4071,112,3,0.0007369196757553427,0.026785714285714284,0.0014343772412144394,1.0,1.0,1.0,0.0,0.0,3,0.0005290668605972456,0.5938775510204082,0.0008908685968819599,0.000445632798573975,0.0,2.8614252720107105,0.6810636837784554,2.180361588232255,0.06777286245908744,0.29524520206142296,0.1102403126822013,414.97228823139505,332.10322190156313,0,0,True,True,1.0,8665,3.0,0.5,4.68978393310681,0.0,0.0,0.0,27.532957315444946,neural,P3_siRNA_HEK_40x_1_BF,mcellseg,"[2796, 2796]"
2742,86,1,2741,85,17,99,0.5175081433224755,8012,158,0,8012,158,7837,129,0,0.0,0.0,0.0,0.0,0.0,0.0,0.0,0.0,0.0,0.0,5285,83,1,0.0001892147587511826,0.012048192771084338,0.00037257824143070045,1.0,1.0,1.0,0.0,0.0,1,0.00036598878594234477,0.5175081433224755,0.0007072135785007072,0.00035373187124159886,0.0,4.169754113227168,0.6409119307261474,3.5288421825010206,0.06062547599763059,0.30040256054906617,0.10088993862302749,736.3810155075971,384.5055916343214,0,0,True,True,1.0,10997,3.0,0.5,4.508724418934435,0.0,0.0,0.0,28.782509326934814,neural,P3_siRNA_HEK_40x_2_BF,mcellseg,"[2796, 2796]"
1128,51,0,1128,51,14,23,0.0,3189,63,0,3189,63,3045,55,0,0.0,0.0,0.0,0.0,0.0,0.0,0.0,0.0,0.0,0.0,2088,31,1,0.0004789272030651341,0.03225806451612903,0.0009438414346389807,2.8284271247461903,2.8284271247461903,2.8284271247461903,0.0,0.0,1,0.0,0.0,0.0,0.0,0.0,2.1660388100894177,0.7023864158229945,1.4636523942664232,0.09337527952716622,0.25765189584285064,0.13707381925442486,527.2997250141517,84.59905436823747,0,0,True,True,1.0,4432,3.0,0.5,3.9494226411916316,0.0,0.0,0.0,19.924349069595337,neural,P3_siRNA_HEK_40x_3_DIC,mcellseg,"[2796, 2796]"
1187,105,1,1186,104,16,16,0.6120484165557378,3329,246,0,3329,246,3179,178,0,0.0,0.0,0.0,0.0,0.0,0.0,0.0,0.0,0.0,0.0,2165,132,1,0.00046189376443418013,0.007575757575757576,0.0008707009142359599,3.0,3.0,3.0,0.0,0.0,1,0.0009474433692813279,0.6120484165557378,0.0015479876160990713,0.000774593338497289,0.0,1.9458125845817147,0.8180314980656886,1.127781086516026,0.08346023044515506,0.23470408367387763,0.12313421738751182,989.9494936611666,154.52329791140468,0,0,True,True,1.0,4866,3.0,0.5,3.931944716721773,0.0,0.0,0.0,22.412970781326294,neural,P3_siRNA_HEK_40x_5_DIC,mcellseg,"[2796, 2796]"
1910,39,2,1908,37,5,59,0.6905609826340735,5415,89,0,5415,89,5137,46,0,0.0,0.0,0.0,0.0,0.0,0.0,0.0,0.0,0.0,0.0,3538,4,0,0.0,0.0,0.0,0.0,0.0,0.0,1.0,1.0,0,0.0014172621500955843,0.6905609826340735,0.002052334530528476,0.001027221366204417,0.000513347022587269,3.2098709203008386,0.8407718709010779,2.369099049399761,0.12085147170414154,0.3688873522484171,0.1820585880958616,653.8937222515598,105.94810050208545,0,0,True,True,1.0,7449,3.0,0.5,4.114545559044927,0.0,0.0,0.0,44.7305109500885,neural,P3_siRNA_HEK_40x_7_DIC,mcellseg,"[2796, 2796]"
1481,70,0,1481,70,8,14,0.0,3636,89,0,3636,89,3369,56,0,0.0,0.0,0.0,0.0,0.0,0.0,0.0,0.0,0.0,0.0,2222,20,0,0.0,0.0,0.0,0.0,0.0,0.0,1.0,1.0,0,0.0,0.0,0.0,0.0,0.0,3.179832946234436,2.3300746257818874,0.8497583204525483,0.07830443394171492,0.11562096316596443,0.09337234016315643,495.0686821038067,154.81989496617948,0,0,True,True,1.0,5276,3.0,0.5,8.756515062879771,0.0,0.0,0.0,33.256184816360474,neural,P3_si_20x_1_BF,mcellseg,"[3440, 3440]"
1917,78,0,1917,78,15,91,0.0,5538,151,0,5538,151,5337,121,0,0.0,0.0,0.0,0.0,0.0,0.0,0.0,0.0,0.0,0.0,3631,67,3,0.0008262186725419994,0.04477611940298507,0.0016224986479177932,2.0,2.0,2.9,0.0,0.0,3,0.0,0.0,0.0,0.0,0.0,3.4110396959708114,1.0277316573927038,2.383308038578108,0.07712314914279193,0.25590848382788456,0.11852608708135241,657.598661799125,94.02127418834527,0,0,True,True,1.0,7687,3.0,0.5,4.010791908018291,0.0,0.0,0.0,25.448760271072388,neural,P4_HEK_40x_1_BF,mcellseg,"[2796, 2796]"
843,78,0,843,78,11,18,0.0,2269,141,0,2269,141,2152,111,0,0.0,0.0,0.0,0.0,0.0,0.0,0.0,0.0,0.0,0.0,1456,79,2,0.0013736263736263737,0.02531645569620253,0.002605863192182411,1.0,1.0,1.0,0.0,0.0,2,0.0,0.0,0.0,0.0,0.0,1.7098177879071799,1.005077579621586,0.7047402082855938,0.06712236567222887,0.15947386255121215,0.0944787386908313,463.06047121299395,91.60785992479029,0,0,True,True,1.0,3333,3.0,0.5,4.591012737248093,0.0,0.0,0.0,19.168933391571045,neural,P4_HEK_40x_7_DIC,mcellseg,"[2796, 2796]"
498,115,0,498,115,8,13,0.0,1212,181,0,1212,181,1107,134,0,0.0,0.0,0.0,0.0,0.0,0.0,0.0,0.0,0.0,0.0,767,72,0,0.0,0.0,0.0,0.0,0.0,0.0,1.0,1.0,0,0.0,0.0,0.0,0.0,0.0,3.56578378343111,3.1072203983252527,0.45856338510585726,0.06806670925351342,0.04955263047696152,0.05735254931971396,421.81631073252726,169.04733065032408,0,0,True,True,1.0,2006,3.0,0.5,4.47426837682724,0.0,0.0,0.0,18.50784158706665,neural,P4_HUVEC_20x_1_DIC,mcellseg,"[2796, 2796]"
749,70,0,749,70,4,1,0.0,1887,96,0,1887,96,1806,67,0,0.0,0.0,0.0,0.0,0.0,0.0,0.0,0.0,0.0,0.0,1176,42,0,0.0,0.0,0.0,0.0,0.0,0.0,1.0,1.0,0,0.0,0.0,0.0,0.0,0.0,3.5238999338670807,2.3786321998409283,1.1452677340261521,0.028543629287454988,0.038206410230871894,0.03267562440124141,624.720737610014,428.84146254764124,0,0,True,True,1.0,2802,3.0,0.5,4.784677469171584,0.0,0.0,0.0,20.67285943031311,neural,P4_HUVEC_20x_DIC,mcellseg,"[2796, 2796]"
954,96,2,952,94,10,34,0.535245785806513,2225,208,0,2225,208,2071,146,0,0.0,0.0,0.0,0.0,0.0,0.0,0.0,0.0,0.0,0.0,1321,80,0,0.0,0.0,0.0,0.0,0.0,0.0,1.0,1.0,0,0.0020390315649771924,0.535245785806513,0.0038095238095238095,0.0019083969465648854,0.0,3.377875316123222,2.751312589271725,0.6265627268514965,0.09697575968452796,0.10231935973881696,0.09957592207793908,764.3853740097334,200.5113460866147,0,0,True,True,1.0,3479,3.0,0.5,8.577780704014003,0.0,0.0,0.0,59.31905388832092,neural,P4_Hep_20x_1_BF,mcellseg,"[3440, 3440]"
850,113,0,850,113,4,12,0.0,2180,247,0,2180,247,2016,170,0,0.0,0.0,0.0,0.0,0.0,0.0,0.0,0.0,0.0,0.0,1391,101,0,0.0,0.0,0.0,0.0,0.0,0.0,1.0,1.0,0,0.0,0.0,0.0,0.0,0.0,3.6721014449648988,2.9209896455658275,0.7511117993990711,0.035990349300016905,0.04941999808263829,0.04164935626433286,450.1388674620311,156.02563882000393,0,0,True,True,1.0,3390,3.0,0.5,5.205671176780015,0.0,0.0,0.0,16.36622977256775,neural,P4_Hep_HUVEC_20x_1_DIC,mcellseg,"[2796, 2796]"
527,176,0,527,176,10,15,0.0,1327,357,0,1327,357,1245,267,0,0.0,0.0,0.0,0.0,0.0,0.0,0.0,0.0,0.0,0.0,837,168,1,0.0011947431302270011,0.005952380952380952,0.001990049751243781,2.0,2.0,2.0,0.0,0.0,1,0.0,0.0,0.0,0.0,0.0,2.854015109031007,2.321855311002215,0.532159798028792,0.04960704113754631,0.055773834542497396,0.05251000025751964,666.2379454819427,144.89996549343965,0,0,True,True,1.0,2388,3.0,0.5,3.84688789723441,0.0,0.0,0.0,19.308307886123657,neural,P4_Hep_HUVEC_20x_2_DIC,mcellseg,"[2796, 2796]"
908,116,0,908,116,9,16,0.0,2345,184,0,2345,184,2200,142,0,0.0,0.0,0.0,0.0,0.0,0.0,0.0,0.0,0.0,0.0,1504,83,0,0.0,0.0,0.0,0.0,0.0,0.0,1.0,1.0,0,0.0,0.0,0.0,0.0,0.0,3.687043396101668,2.8347799044414255,0.8522634916602427,0.04736515278045438,0.06499929126045391,0.05479849764667186,420.0297608503474,171.0263137648707,0,0,True,True,1.0,3553,3.0,0.5,3.938458980061114,0.0,0.0,0.0,15.302832841873169,neural,P4_Hep_HUVEC_20x_3_DIC,mcellseg,"[2796, 2796]"
959,70,0,959,70,5,8,0.0,2625,111,0,2625,111,2520,88,0,0.0,0.0,0.0,0.0,0.0,0.0,0.0,0.0,0.0,0.0,1697,54,2,0.0011785503830288745,0.037037037037037035,0.002284408909194746,1.118033988749895,1.118033988749895,2.1242645786248002,0.0,0.0,2,0.0,0.0,0.0,0.0,0.0,3.5923367705839224,2.5659670323151573,1.026369738268765,0.026862797951403596,0.050291290116721905,0.03501991401746714,369.24382188467285,270.64737205448716,0,0,True,True,1.0,3767,3.0,0.5,4.0088916211389005,0.0,0.0,0.0,20.15752077102661,neural,P4_Hep_HUVEC_20x_4_DIC,mcellseg,"[2796, 2796]"
1031,141,0,1031,141,7,11,0.0,2821,300,0,2821,300,2740,218,0,0.0,0.0,0.0,0.0,0.0,0.0,0.0,0.0,0.0,0.0,1830,135,0,0.0,0.0,0.0,0.0,0.0,0.0,1.0,1.0,0,0.0,0.0,0.0,0.0,0.0,3.393165731025333,2.329826014305519,1.0633397167198138,0.03162285883047844,0.05298458598049799,0.03960701298558217,414.71194822430664,357.95167270746003,0,0,True,True,1.0,4293,3.0,0.5,3.8946857410483062,0.0,0.0,0.0,19.76870560646057,neural,P4_Hep_HUVEC_20x_5_DIC,mcellseg,"[2796, 2796]"
1044,204,0,1044,204,32,42,0.0,2844,399,0,2844,399,2663,322,0,0.0,0.0,0.0,0.0,0.0,0.0,0.0,0.0,0.0,0.0,1848,183,1,0.0005411255411255411,0.00546448087431694,0.0009847365829640572,2.23606797749979,2.23606797749979,2.23606797749979,0.0,0.0,1,0.0,0.0,0.0,0.0,0.0,3.494643876928912,2.64307667905217,0.8515671978767422,0.06131463040385655,0.10128994619822389,0.07638844790905044,273.7882393383616,125.14871132524873,0,0,True,True,1.0,4492,3.0,0.5,4.251629726961255,0.0,0.0,0.0,14.703467845916748,neural,P4_Hep_HUVEC_20x_DIC,mcellseg,"[2796, 2796]"
707,139,0,707,139,17,24,0.0,1819,232,0,1819,232,1685,184,0,0.0,0.0,0.0,0.0,0.0,0.0,0.0,0.0,0.0,0.0,1168,103,4,0.003424657534246575,0.038834951456310676,0.006294256490952006,2.266123775561495,2.53224755112299,2.9742640687119284,0.0,0.0,4,0.0,0.0,0.0,0.0,0.0,3.2917606581661154,2.4340858391051827,0.8576748190609325,0.07057731875579941,0.09551321841824635,0.0811734006812552,643.9518615548836,194.07291510013744,0,0,True,True,1.0,2901,3.0,0.5,4.623024681117386,0.0,0.0,0.0,15.863533973693848,neural,P4_Hep_siRNA_HUVEC_20x_3_DIC,mcellseg,"[2796, 2796]"
687,38,0,687,38,7,5,0.0,1802,28,0,1802,28,1675,20,0,0.0,0.0,0.0,0.0,0.0,0.0,0.0,0.0,0.0,0.0,1152,10,0,0.0,0.0,0.0,0.0,0.0,0.0,1.0,1.0,0,0.0,0.0,0.0,0.0,0.0,2.461174916922129,1.6965761822296341,0.764598734692495,0.03573586771411306,0.06422768814171274,0.045921378993878395,570.3551525146415,405.1834152539977,0,0,True,True,1.0,2555,3.0,0.5,3.793777000159025,0.0,0.0,0.0,18.242136001586914,neural,P4_Hep_siRNA_HUVEC_20x_4_DIC,mcellseg,"[2796, 2796]"
605,55,0,605,55,7,11,0.0,1584,56,0,1584,56,1487,40,0,0.0,0.0,0.0,0.0,0.0,0.0,0.0,0.0,0.0,0.0,1012,20,1,0.0009881422924901185,0.05,0.0019379844961240308,3.0,3.0,3.0,0.0,0.0,1,0.0,0.0,0.0,0.0,0.0,2.6045016708606705,2.0052935060849952,0.5992081647756753,0.05919165837168735,0.07869871529216743,0.06756537597353315,415.07710127155894,172.43158043849124,0,0,True,True,1.0,2301,3.0,0.5,3.8257081070914865,0.0,0.0,0.0,16.961371421813965,neural,P4_siRNA_HUVEC_20x_2_DIC,mcellseg,"[2796, 2796]"
883,35,0,883,35,4,1,0.0,2415,35,0,2415,35,2300,19,0,0.0,0.0,0.0,0.0,0.0,0.0,0.0,0.0,0.0,0.0,1567,11,0,0.0,0.0,0.0,0.0,0.0,0.0,1.0,1.0,0,0.0,0.0,0.0,0.0,0.0,2.8196462458739955,1.6167657399643622,1.2028805059096332,0.03353149808216012,0.07650026553372279,0.046625963680518294,423.985848820453,315.2982713391756,0,0,True,True,1.0,3368,3.0,0.5,3.989724156912416,0.0,0.0,0.0,22.1420156955719,neural,P4_siRNA_HUVEC_20x_5_DIC,mcellseg,"[2796, 2796]"
1619,113,2,1617,111,21,106,0.5231192228360979,4553,141,0,4553,141,4280,109,1,0.00023364485981308412,0.009174311926605505,0.00045568466621098203,0.0,0.0,0.0,0.0,0.0,0.0,0.0,2985,10,0,0.0,0.0,0.0,0.0,0.0,0.0,1.0,1.0,0,0.00120812753541824,0.5231192228360979,0.0023094688221709007,0.0011560693641618498,0.0,2.3987760731827708,0.743272995229574,1.6555030779531967,0.13632164108988412,0.31131518109427175,0.18961351827980927,693.0259735392318,61.0,0,0,True,True,1.0,6422,3.0,0.5,6.661316468380392,0.0005064573309698659,0.0002600780234070221,0.009615384615384616,36.44467115402222,neural,P4_si_20x_2_BF,mcellseg,"[3440, 3440]"
114,64,14,100,50,41,2,0.5980734333098381,209,30,1,208,29,191,28,1,0.005235602094240838,0.03571428571428571,0.009132420091324202,0.004784688995215311,0.03333333333333333,0.008368200836820085,0.7027886047874461,0.7027886047874461,0.7027886047874461,0.7027886047874461,123,3,1,0.008130081300813009,0.3333333333333333,0.015873015873015876,2.8284271247461903,2.8284271247461903,2.8284271247461903,0.0,0.0,1,0.09407896703750261,0.5980734333098381,0.15730337078651685,0.08536585365853659,0.0,1.63576389395381,1.3193094442385784,0.3164544497152314,0.3082427017744705,0.2608357930713065,0.2825646384602012,221.04524423746375,31.34324607090813,0,0,True,True,1.0,388,3.0,0.5,0.38999537797644734,0.009615384615384616,0.00546448087431694,0.04,0.9195773601531982,neural,Polymer_Test_026,mcellseg,"[829, 1094]"
121,125,1,120,124,45,13,0.5635767022149303,231,141,0,231,141,206,139,0,0.0,0.0,0.0,0.0,0.0,0.0,0.0,0.0,0.0,0.0,123,36,1,0.008130081300813009,0.027777777777777776,0.012578616352201259,1.4142135623730951,1.4142135623730951,1.4142135623730951,0.0,0.0,1,0.004581924408251466,0.5635767022149303,0.008130081300813009,0.004081632653061225,0.0,4.3777861482333424,3.4480758356145427,0.9297103126187994,0.20917055518522046,0.1200365772166145,0.15253689867378395,117.17508267545622,63.962487975524006,0,0,True,True,1.0,617,3.0,0.5,0.38800331205129623,0.0,0.0,0.0,1.1543712615966797,neural,Polymer_Test_146,mcellseg,"[753, 1077]"
138,83,6,132,77,53,9,0.5334853095248183,296,76,0,296,76,270,73,0,0.0,0.0,0.0,0.0,0.0,0.0,0.0,0.0,0.0,0.0,174,15,1,0.005747126436781609,0.06666666666666667,0.010582010582010581,2.8284271247461903,2.8284271247461903,2.8284271247461903,0.0,0.0,1,0.02896752811899466,0.5334853095248183,0.05429864253393665,0.027906976744186046,0.0,2.362640272387771,1.5937410721435996,0.7688992002441715,0.276704131964098,0.26269595937293,0.26951815016784997,105.94810050208545,32.7566787083184,0,0,True,True,1.0,582,3.0,0.5,0.42656065663322806,0.0,0.0,0.0,1.0625650882720947,neural,Polymer_Test_147,mcellseg,"[815, 1165]"
113,92,2,111,90,36,11,0.582470613479926,205,92,0,205,92,187,89,0,0.0,0.0,0.0,0.0,0.0,0.0,0.0,0.0,0.0,0.0,111,24,0,0.0,0.0,0.0,0.0,0.0,0.0,1.0,1.0,0,0.011365280263022947,0.582470613479926,0.01951219512195122,0.009852216748768473,0.0,3.227414239704025,2.671489432332756,0.5559248073712688,0.1931612207906726,0.13553297179054824,0.15929526519992313,138.10503249338888,65.52022584483586,0,0,True,True,1.0,498,3.0,0.5,0.4061912251636386,0.0,0.0,0.0,1.141913652420044,neural,Polymer_Test_149,mcellseg,"[825, 1140]"
75,73,4,71,69,32,10,0.6325283424133272,120,44,0,120,44,111,44,0,0.0,0.0,0.0,0.0,0.0,0.0,0.0,0.0,0.0,0.0,60,6,0,0.0,0.0,0.0,0.0,0.0,0.0,1.0,1.0,0,0.0341907212115312,0.6325283424133272,0.05405405405405406,0.027777777777777776,0.006802721088435374,2.2789585590715444,1.964946816971213,0.3140117421003315,0.22281947910667435,0.13781347509534267,0.17029795184731425,175.5135322418189,84.29116205154607,0,0,True,True,1.0,304,3.0,0.5,0.45394046790897846,0.0,0.0,0.0,1.3358306884765625,neural,Polymer_Test_150,mcellseg,"[986, 1133]"
108,157,2,106,155,59,16,0.6364555620817929,208,212,0,208,212,182,208,0,0.0,0.0,0.0,0.0,0.0,0.0,0.0,0.0,0.0,0.0,109,42,0,0.0,0.0,0.0,0.0,0.0,0.0,1.0,1.0,0,0.00960687640878178,0.6364555620817929,0.01509433962264151,0.0076045627376425855,0.0,4.658223537569979,3.7538794617166444,0.9043440758533347,0.21748767358755144,0.11814075566135629,0.15311073714562184,110.39021695784459,72.40165743959182,0,0,True,True,1.0,681,3.0,0.5,0.43596105789765716,0.0,0.0,0.0,1.168663740158081,neural,Polymer_Test_164,mcellseg,"[830, 1092]"
248,225,11,237,214,101,68,0.5984713706915523,640,428,0,640,428,598,425,2,0.0033444816053511705,0.004705882352941176,0.0039100684261974585,0.0,0.0,0.0,0.0,0.0,0.0,0.0,396,167,11,0.027777777777777776,0.0658682634730539,0.039076376554174064,1.8675639788059142,2.0,2.914213562373095,0.0,0.0,11,0.027835877706583828,0.5984713706915523,0.046511627906976744,0.023809523809523808,0.00211864406779661,4.480514549897696,3.2831945162908167,1.197320033606879,0.3607717232973632,0.26287353084270093,0.3041387266296243,135.36986370680884,56.77146761065126,0,0,True,True,1.0,1530,3.0,0.5,0.35593133699148893,0.0021691973969631233,0.001893939393939394,0.0025380710659898475,1.256342887878418,neural,Polymer_Test_165,mcellseg,"[669, 967]"
194,201,7,187,194,72,37,0.5955542981600911,455,348,0,455,348,412,339,0,0.0,0.0,0.0,0.0,0.0,0.0,0.0,0.0,0.0,0.0,273,122,6,0.02197802197802198,0.04918032786885246,0.030379746835443037,1.9621165057908918,2.23606797749979,2.23606797749979,0.0,0.0,6,0.021108253605674115,0.5955542981600911,0.035443037974683546,0.01804123711340206,0.0,4.929206547626085,3.631587264823664,1.2976192828024204,0.3885117874607693,0.23990016730204877,0.29663357644376653,88.45903006477066,43.01162633521314,0,0,True,True,1.0,1190,3.0,0.5,0.34318767627701163,0.0,0.0,0.0,1.0510244369506836,neural,Polymer_Test_27,mcellseg,"[668, 908]"
182,230,10,172,220,72,43,0.5564394450779467,494,528,0,494,528,470,525,3,0.006382978723404255,0.005714285714285714,0.006030150753768844,0.0,0.0,0.0,0.0,0.0,0.0,0.0,315,262,5,0.015873015873015872,0.019083969465648856,0.017331022530329285,2.342955328423773,2.23606797749979,2.965685424949238,0.0,0.0,5,0.02701162354747314,0.5564394450779467,0.04854368932038835,0.024875621890547265,0.0,5.40986388340678,4.511901817233152,0.8979620661736276,0.32581302346638497,0.18182030720314216,0.23339454065914345,368.765508148471,256.62813563598206,0,0,True,True,1.0,1419,3.0,0.5,0.35871790116652846,0.006726457399103139,0.007281553398058253,0.00625,1.0762290954589844,neural,Polymer_Test_61,mcellseg,"[692, 942]"
