field_id,condition,treatment,edge_id,face_left,face_right,label_left,label_right,arclength_px,n_bins,AJ_occupancy,AJ_coverage,AJ_mean_intensity,AJ_max_intensity,AJ_continuity,AJ_n_segments,AJ_gap_fraction,AJ_width_mean_px,AJ_width_cv,AJ_left_intensity,AJ_right_intensity,AJ_threshold,TJ_occupancy,TJ_coverage,TJ_mean_intensity,TJ_max_intensity,TJ_continuity,TJ_n_segments,TJ_gap_fraction,TJ_width_mean_px,TJ_width_cv,TJ_left_intensity,TJ_right_intensity,TJ_threshold,actin_occupancy,actin_coverage,actin_mean_intensity,actin_max_intensity,actin_continuity,actin_n_segments,actin_gap_fraction,actin_width_mean_px,actin_width_cv,actin_left_intensity,actin_right_intensity,actin_threshold,co_occupancy_AJ_TJ,jaccard_AJ_TJ,pearson_AJ_TJ,co_occupancy_AJ_actin,jaccard_AJ_actin,pearson_AJ_actin,co_occupancy_TJ_actin,jaccard_TJ_actin,pearson_TJ_actin,exclusive_AJ,exclusive_TJ,exclusive_actin,frac_none,frac_actin only,frac_TJ only,frac_TJ+actin,frac_AJ only,frac_AJ+actin,frac_AJ+TJ,frac_AJ+TJ+actin,vector_state,vector_state_fraction,arclength_um,joint_state
Figure_5A__Figure_5A_D10__Snap-212-Bild-Export-34,BRAFi,D10,4,1,0,8,10,132.93312529340284,66,0.5112781954887218,0.6818181818181818,124.77180311929527,254.0,0.3939393939393939,5,0.0757575757575758,3.898907103825137,0.5381728491683331,115.84279506519,119.65126198176283,115.58984375000001,0.6906552094522019,0.9090909090909091,86.5462499316739,240.07224834834796,0.696969696969697,2,0.015151515151515138,4.907692307692308,0.32261759712225335,84.32341530531302,83.1731009237774,67.2957342552796,0.20622986036519872,0.24242424242424243,65.69056814645221,194.459665819817,0.15151515151515152,7,0.43939393939393945,2.5945945945945947,0.6821922637513724,66.03498500181567,62.617632552699625,79.87750964154405,0.6515151515151515,0.6935483870967742,0.4319050180189704,0.21212121212121213,0.2978723404255319,0.4401409132537477,0.19696969696969696,0.20634920634920634,0.5217837049490746,0.0,0.24242424242424243,0.015151515151515152,0.04545454545454551,0.0151515151515151,0.24242424242424246,0.0151515151515151,0.0,0.030303030303030307,0.4696969696969697,0.1818181818181818,AJ+TJ,0.4696969696969697,17.537351621820957,2
Figure_5A__Figure_5A_D10__Snap-212-Bild-Export-34,BRAFi,D10,5,2,1,11,8,482.72644234005446,241,0.38065661047027505,0.5145228215767634,104.4828877969788,254.00000000000003,0.33195020746887965,14,0.2365145228215768,3.4972826086956523,0.5709972482476504,95.97410814606975,100.42720178068781,115.58984375000001,0.2641230405205561,0.35684647302904565,52.89683371612247,181.13649342921062,0.17427385892116182,30,0.26970954356846477,2.5369318181818183,0.7075061317112997,48.614984558913434,53.58250866384045,67.2957342552796,0.30286897367642707,0.3983402489626556,65.06260502051038,254.0,0.3278008298755187,11,0.4024896265560166,3.5555555555555554,0.5683560191052129,66.35070695184689,58.76706136841202,79.87750964154405,0.29045643153526973,0.5,0.7347559407726071,0.33195020746887965,0.5714285714285714,0.65868884247767,0.2697095435684647,0.5555555555555556,0.6682808356785983,0.13692946058091288,0.04149377593360996,0.04149377593360996,0.3775933609958506,0.04149377593360992,0.04149377593360992,0.02489626556016607,0.1369294605809128,0.08713692946058087,0.045643153526970924,0.24481327800829886,none,0.3775933609958506,63.68422722164307,0
Figure_5A__Figure_5A_D10__Snap-212-Bild-Export-34,BRAFi,D10,6,3,2,14,11,269.13814515562876,135,0.2612851832182687,0.37037037037037035,90.08191558956781,254.00000000000003,0.32592592592592595,13,0.36296296296296293,2.877906976744186,0.6429735279600413,81.63909034757022,85.86391811975192,115.58984375000001,0.18374933616569306,0.26666666666666666,43.85931375303069,159.44525504191708,0.18518518518518517,12,0.5259259259259259,2.71875,0.607240411120565,41.918561996162396,42.89675145030467,67.2957342552796,0.2575677110993096,0.31851851851851853,65.03415745097675,222.85554054355,0.28888888888888886,7,0.5037037037037038,3.6343283582089554,0.6277996926351862,65.64077217834419,59.98949769108537,79.87750964154405,0.21481481481481482,0.5087719298245614,0.7360902627460911,0.24444444444444444,0.55,0.5911825120938324,0.21481481481481482,0.58,0.6983787652361643,0.08888888888888889,0.014814814814814815,0.037037037037037035,0.5407407407407407,0.03703703703703704,0.014814814814814822,0.037037037037037056,0.0888888888888889,0.06666666666666665,0.037037037037037056,0.17777777777777776,none,0.5407407407407407,35.50635160364496,1
Figure_5A__Figure_5A_D10__Snap-212-Bild-Export-34,BRAFi,D10,7,4,0,5,10,348.7650974367699,174,0.45886205485059356,0.632183908045977,113.4427542794021,254.0,0.3333333333333333,11,0.13793103448275867,3.717777777777778,0.5152081013616301,104.06669079792384,107.19255187320178,115.58984375000001,0.6655751125665166,0.8390804597701149,83.76693475037406,213.95905577290898,0.7126436781609196,5,0.03448275862068961,4.826388888888888,0.37219889735799966,76.60021725239145,84.7768868278668,67.2957342552796,0.18624641833810887,0.3045977011494253,53.98370395994661,213.09473038492374,0.3850574712643678,12,0.5229885057471264,2.7248995983935744,0.47334227168348697,43.68285267191106,58.36794826545068,79.87750964154405,0.5977011494252874,0.6842105263157895,0.7254422029535719,0.23563218390804597,0.3360655737704918,0.41271464961256216,0.3045977011494253,0.363013698630137,0.6181918468892371,0.034482758620689655,0.1724137931034483,0.0,0.12643678160919522,0.0,0.1724137931034483,0.06896551724137931,0.03448275862068961,0.0,0.36206896551724155,0.23563218390804602,AJ+TJ,0.36206896551724155,46.011226574771754,2
Figure_5A__Figure_5A_D10__Snap-212-Bild-Export-34,BRAFi,D10,8,1,4,8,5,399.2152640484389,200,0.3623344074471894,0.545,103.4156895708532,254.0,0.355,14,0.19499999999999995,3.1459627329192545,0.49079171019717927,95.66268750124993,94.58891539551405,115.58984375000001,0.45041174364482633,0.665,66.78998157955071,227.39310526768128,0.35,9,0.10999999999999999,3.542134831460674,0.4898696806238123,64.32390599167147,62.671574936367726,67.2957342552796,0.2563551736484067,0.42,61.38695619615819,251.28248095487766,0.255,14,0.32499999999999996,2.6592592592592594,0.526687104775552,48.54378206883196,70.33004669343431,79.87750964154405,0.47,0.6351351351351351,0.7844176400648989,0.25,0.34965034965034963,0.2976542919436961,0.31,0.4,0.4730745132560146,0.05,0.11,0.085,0.17499999999999985,0.08499999999999999,0.11000000000000004,0.08499999999999999,0.05000000000000002,0.02500000000000002,0.24500000000000013,0.225,AJ+TJ,0.24500000000000013,52.66692137842202,2
Figure_5A__Figure_5A_D10__Snap-212-Bild-Export-34,BRAFi,D10,9,0,5,10,13,393.2623871204495,197,0.2875318066157761,0.3756345177664975,96.7244719952231,254.0,0.19289340101522842,20,0.29441624365482233,2.856115107913669,0.7015870785640222,90.83847664027908,90.63898235475675,115.58984375000001,0.46455834242093785,0.6649746192893401,68.17185622861183,205.14192403770534,0.27411167512690354,11,0.08629441624365486,3.558333333333333,0.5230982045944429,66.8111954894459,65.24990589654877,67.2957342552796,0.24936386768447838,0.38071065989847713,59.52644723527061,198.07249518420963,0.2131979695431472,13,0.4467005076142132,3.1605504587155964,0.5399519314212301,55.86475621983247,59.43838982626165,79.87750964154405,0.3299492385786802,0.4642857142857143,0.6048168399032491,0.27411167512690354,0.5684210526315789,0.6691791738086672,0.3401015228426396,0.48201438848920863,0.5645901234954356,0.030456852791878174,0.25380710659898476,0.025380710659898477,0.263959390862944,0.025380710659898626,0.25380710659898464,0.08121827411167509,0.030456852791878215,0.015228426395938981,0.0710659898477159,0.2588832487309646,none,0.263959390862944,51.88158141430732,2
Figure_5A__Figure_5A_D10__Snap-212-Bild-Export-34,BRAFi,D10,11,6,2,9,11,179.3172637005833,90,0.11252992817238627,0.13333333333333333,70.0920740323098,252.95986499558455,0.2111111111111111,11,0.6111111111111112,2.0142857142857142,0.8253807958000655,63.20356985422424,67.03315745170937,115.58984375000001,0.08060654429369513,0.12222222222222222,33.46870419610972,127.2871024291559,0.15555555555555556,9,0.7111111111111111,1.9423076923076923,0.6478153585328946,30.823839073939144,33.99047630554698,67.2957342552796,0.004788507581803671,0.0,22.081631095554357,94.99261959785653,0.044444444444444446,1,0.9555555555555556,0.75,0.3333333333333333,20.724773986434634,22.56944400239898,79.87750964154405,0.08888888888888889,0.5333333333333333,0.7540961564614836,0.0,0.0,0.7620738931113259,0.0,0.0,0.7657451090036834,0.044444444444444446,0.03333333333333333,0.0,0.8333333333333335,0.0,0.03333333333333338,0.0,0.044444444444444446,0.0,0.0888888888888889,0.0,none,0.8333333333333335,23.656631095063762,1
Figure_5A__Figure_5A_D10__Snap-212-Bild-Export-34,BRAFi,D10,12,3,6,14,9,226.19153257896443,113,0.04993678887484197,0.061946902654867256,57.594594608214585,203.37728582055425,0.061946902654867256,11,0.7699115044247787,1.5192307692307692,0.6980413002006197,54.50608435544407,51.64560848170021,115.58984375000001,0.09481668773704172,0.07964601769911504,37.54078504543779,150.95271245152423,0.13274336283185842,13,0.584070796460177,1.5957446808510638,0.873511432221824,38.847824089471544,33.60747545734902,67.2957342552796,0.0037926675094816687,0.0,25.940253552446677,93.28905275352595,0.017699115044247787,4,0.9557522123893806,0.6,0.3333333333333334,28.341055335661288,22.06813562140108,79.87750964154405,0.0,0.0,0.652029145909157,0.0,0.0,0.4989506023660831,0.0,0.0,0.5563286961257278,0.061946902654867256,0.07964601769911504,0.0,0.8584070796460177,0.0,0.07964601769911502,0.0,0.06194690265486732,0.0,0.0,0.0,none,0.8584070796460177,29.840571580338317,1
Figure_5A__Figure_5A_D10__Snap-212-Bild-Export-34,BRAFi,D10,14,6,1,9,8,154.44754608408323,77,0.4137291280148423,0.5974025974025974,113.89879996822185,254.0,0.4805194805194805,4,0.18181818181818177,3.5396825396825395,0.5184271555373465,110.35888599729118,101.81622460359162,115.58984375000001,0.3302411873840445,0.42857142857142855,56.419001232459614,234.73748064950138,0.2727272727272727,8,0.24675324675324672,3.0689655172413794,0.6801698177196267,59.3827387163205,49.16052606817453,67.2957342552796,0.13543599257884972,0.18181818181818182,40.73212669179314,239.7576776694512,0.24675324675324675,1,0.7532467532467533,3.8421052631578947,0.434810143783668,45.887775336270046,32.22771575629686,79.87750964154405,0.4155844155844156,0.6808510638297872,0.8510762857831302,0.18181818181818182,0.30434782608695654,0.8291087259041039,0.18181818181818182,0.42424242424242425,0.8856934606993008,0.18181818181818182,0.012987012987012988,0.0,0.3896103896103896,0.0,0.012987012987012997,0.0,0.18181818181818188,0.0,0.23376623376623373,0.1818181818181818,none,0.3896103896103896,20.375665710301217,2
Figure_5A__Figure_5A_D10__Snap-212-Bild-Export-34,BRAFi,D10,15,4,5,5,13,137.69945679550887,69,0.6200828157349897,0.8115942028985508,136.69442745292153,254.0,0.7101449275362319,2,0.01449275362318836,4.404411764705882,0.42219241755419107,130.9902307541548,126.99216319056288,115.58984375000001,0.4886128364389234,0.6666666666666666,71.6084785622299,197.32719116306646,0.5652173913043478,3,0.05797101449275366,3.6307692307692307,0.5413788560570996,69.71224824598772,68.35849878563272,67.2957342552796,0.2463768115942029,0.30434782608695654,58.80986737181418,162.94575148230922,0.3188405797101449,5,0.5217391304347826,3.606060606060606,0.569912720018311,57.88007857124741,56.65035877033576,79.87750964154405,0.5507246376811594,0.59375,0.660401611915524,0.30434782608695654,0.375,0.7534041791240068,0.2898550724637681,0.425531914893617,0.6292309253025533,0.2463768115942029,0.11594202898550725,0.0,0.07246376811594209,0.0,0.11594202898550712,0.0,0.24637681159420302,0.014492753623188425,0.26086956521739113,0.2898550724637682,AJ+TJ+actin,0.2898550724637682,18.16615525006713,2
Figure_5A__Figure_5A_D10__Snap-212-Bild-Export-34,BRAFi,D10,16,7,5,1,13,361.41216333141364,181,0.1883656509695291,0.2430939226519337,76.28904310024934,252.4818492668757,0.09392265193370165,17,0.4696132596685083,2.4791666666666665,0.6998037595536767,69.10408781600721,72.72512204233524,115.58984375000001,0.18401266323703996,0.23756906077348067,43.51638124997028,151.21600677747807,0.11602209944751381,26,0.4475138121546961,2.325,0.7076379950009847,42.936131996633115,40.88459483182861,67.2957342552796,0.18005540166204986,0.2265193370165746,58.143060403889805,254.0,0.10497237569060773,16,0.5911602209944751,3.074324324324324,0.7291438587930382,62.14358267429358,51.00522498033006,79.87750964154405,0.13259668508287292,0.38095238095238093,0.6314330475529204,0.12154696132596685,0.3492063492063492,0.5281504579038193,0.16022099447513813,0.5272727272727272,0.6931952549428329,0.08287292817679558,0.03867403314917127,0.03867403314917127,0.6132596685082874,0.0386740331491713,0.038674033149171255,0.06629834254143654,0.08287292817679551,0.027624309392265206,0.03867403314917128,0.09392265193370157,none,0.6132596685082874,47.679704924988606,1
Figure_5A__Figure_5A_D10__Snap-212-Bild-Export-34,BRAFi,D10,17,6,8,9,2,164.81751971553095,82,0.4701298701298701,0.6951219512195121,112.90871078928711,252.09428370599798,0.4146341463414634,4,0.03658536585365857,3.4177215189873418,0.48850995415512466,111.40131975979706,98.41122271013433,115.58984375000001,0.32987012987012987,0.45121951219512196,57.75312934227916,168.8175855848217,0.2804878048780488,6,0.13414634146341464,2.6619718309859155,0.6466617228349373,58.85541176802001,52.23958465933722,67.2957342552796,0.05108225108225108,0.07317073170731707,44.18092227614991,148.07161062456743,0.06097560975609756,6,0.8414634146341463,2.269230769230769,0.7053780354808411,44.258419480134876,41.31549919256047,79.87750964154405,0.4268292682926829,0.5932203389830508,0.74865468219987,0.07317073170731707,0.10526315789473684,0.23871731661824697,0.036585365853658534,0.075,0.15539321012342316,0.23170731707317074,0.024390243902439025,0.0,0.28048780487804853,0.0,0.024390243902439084,0.0,0.2317073170731709,0.03658536585365854,0.3902439024390244,0.03658536585365853,AJ+TJ,0.3902439024390244,21.743736110228358,2
Figure_5A__Figure_5A_D10__Snap-212-Bild-Export-34,BRAFi,D10,18,8,1,2,8,322.8392478133677,161,0.44183989385227773,0.6086956521739131,110.40763986656764,254.0,0.4472049689440994,12,0.15527950310559002,3.656862745098039,0.524384035766715,102.70326325946145,103.8307903346931,115.58984375000001,0.2963290579389651,0.43478260869565216,55.05428472551714,201.29767104800936,0.21739130434782608,14,0.26086956521739135,2.8123249299719886,0.6003754056986456,52.07114160032093,54.61303874212349,67.2957342552796,0.0583812472357364,0.055900621118012424,38.322499080706,170.4071576091864,0.043478260869565216,11,0.8322981366459627,2.4135802469135803,0.9459527975923502,40.29857194587544,33.776126591149584,79.87750964154405,0.38509316770186336,0.5849056603773585,0.7215998122239018,0.049689440993788817,0.08080808080808081,0.6807110686189797,0.055900621118012424,0.12857142857142856,0.8114545590568383,0.2236024844720497,0.043478260869565216,0.0,0.34161490683229817,0.0,0.043478260869565265,0.006211180124223616,0.22360248447204956,0.0,0.3354037267080745,0.0496894409937889,none,0.34161490683229817,42.590929790681756,2
Figure_5A__Figure_5A_D10__Snap-212-Bild-Export-34,BRAFi,D10,19,4,7,5,1,155.03017020655665,78,0.6101382488479262,0.7564102564102564,141.4234184908689,254.00000000000003,0.3717948717948718,5,0.15384615384615385,5.037878787878788,0.3575565471084584,131.21456321864878,137.1541751087478,115.58984375000001,0.5612903225806452,0.7307692307692307,77.4470222830537,225.319093340341,0.38461538461538464,5,0.11538461538461542,4.427536231884058,0.43558562815423296,67.90749174490139,81.59255666954834,67.2957342552796,0.2543778801843318,0.2692307692307692,59.00149677419304,233.24142230733463,0.20512820512820512,5,0.5,3.5384615384615383,0.6753141116090899,53.28227736811716,62.10598468947186,79.87750964154405,0.6794871794871795,0.8412698412698413,0.8326652011283332,0.2692307692307692,0.3559322033898305,0.7521437252517712,0.2692307692307692,0.3684210526315789,0.7031871568670446,0.07692307692307693,0.05128205128205128,0.0,0.19230769230769235,0.0,0.051282051282051225,0.0,0.07692307692307696,0.0,0.41025641025641035,0.26923076923076916,AJ+TJ,0.41025641025641035,20.45252905099692,2
Figure_5A__Figure_5A_D10__Snap-212-Bild-Export-34,BRAFi,D10,21,4,9,5,4,177.95996638657152,89,0.1404494382022472,0.16853932584269662,70.04538559062902,254.0,0.07865168539325842,8,0.651685393258427,2.8225806451612905,0.8254324778624864,65.54110796152666,64.08597632043768,115.58984375000001,0.19662921348314608,0.2808988764044944,44.65033364488951,189.8697665822329,0.12359550561797752,11,0.5280898876404494,2.9166666666666665,0.6424261593851784,44.646181582185655,41.76774064700186,67.2957342552796,0.030497592295345103,0.0449438202247191,21.915997737535875,116.5391268951249,0.06741573033707865,2,0.9101123595505618,2.375,0.6962503450169976,20.2204973271668,22.239982854888076,79.87750964154405,0.14606741573033707,0.48148148148148145,0.665867697471699,0.0449438202247191,0.26666666666666666,0.882305827855363,0.0449438202247191,0.16,0.7263879623803737,0.02247191011235955,0.1348314606741573,0.0,0.6966292134831459,0.0,0.1348314606741574,0.0,0.022471910112359595,0.0,0.10112359550561799,0.044943820224719114,none,0.6966292134831459,23.47756812487751,2
Figure_5A__Figure_5A_D10__Snap-212-Bild-Export-34,BRAFi,D10,22,8,4,2,5,81.00185739825417,41,0.6631393298059964,0.926829268292683,146.93644112011654,254.0,1.0,1,0.0,4.646341463414634,0.3645365995898513,141.63659073754997,137.11861216244188,115.58984375000001,0.7477954144620811,0.9512195121951219,92.17960800948677,209.41761887064618,1.0,1,0.0,5.2439024390243905,0.3173715741252462,94.51592567217662,87.15782293123098,67.2957342552796,0.36155202821869487,0.3902439024390244,78.2291744514086,239.49518459780086,0.34146341463414637,6,0.29268292682926833,3.5344827586206895,0.7279251845900785,78.5180790926513,72.34070566317281,79.87750964154405,0.9024390243902439,0.925,0.544019421987127,0.3902439024390244,0.42105263157894735,0.46195948732909564,0.3902439024390244,0.41025641025641024,0.4330287000818297,0.024390243902439025,0.04878048780487805,0.0,0.024390243902439133,0.0,0.04878048780487795,0.0,0.024390243902439043,0.0,0.5121951219512194,0.39024390243902446,AJ+TJ,0.5121951219512194,10.686260870482082,2
Figure_5A__Figure_5A_D10__Snap-212-Bild-Export-34,BRAFi,D10,23,9,7,4,1,471.1137136889812,236,0.2763117986047922,0.3728813559322034,91.42373428281881,254.0,0.19491525423728814,22,0.43220338983050843,3.4029850746268657,0.6324730209198203,84.04877670926003,86.2668778359344,115.58984375000001,0.2951167728237792,0.3855932203389831,54.798040386908916,223.31485549168804,0.16101694915254236,27,0.3432203389830508,3.138709677419355,0.6480413251734415,49.64478251339058,55.60065766567388,67.2957342552796,0.22171671216257202,0.3305084745762712,52.252758460284895,223.57983188879246,0.17796610169491525,12,0.5550847457627119,3.480952380952381,0.5203288036286771,46.14722873074406,53.98470373929342,79.87750964154405,0.2711864406779661,0.5565217391304348,0.8151019260504673,0.2669491525423729,0.6116504854368932,0.8166059045976597,0.2838983050847458,0.6568627450980392,0.7933323497010982,0.07627118644067797,0.07203389830508475,0.0211864406779661,0.49152542372881347,0.021186440677966097,0.07203389830508479,0.04237288135593231,0.07627118644067805,0.025423728813559282,0.029661016949152623,0.2415254237288134,none,0.49152542372881347,62.15220497216111,2
Figure_5A__Figure_5A_D10__Snap-212-Bild-Export-34,BRAFi,D10,24,6,10,9,6,171.94808318889454,86,0.446843853820598,0.6046511627906976,116.66250799247702,254.00000000000003,0.7558139534883721,4,0.11627906976744184,3.539473684210526,0.555572445919745,101.40404493277279,116.92682860605082,115.58984375000001,0.29401993355481726,0.4418604651162791,54.95785598385036,234.6489757657556,0.3953488372093023,9,0.2558139534883721,2.765625,0.6565107887772339,49.209641397183255,55.34707750022921,67.2957342552796,0.11378737541528239,0.12790697674418605,45.59819191615998,252.275892177848,0.13953488372093023,6,0.7558139534883721,3.261904761904762,0.6750147749895995,40.21169255045783,45.92270180704529,79.87750964154405,0.38372093023255816,0.5789473684210527,0.7437031855544706,0.11627906976744186,0.18867924528301888,0.5869911993064517,0.11627906976744186,0.2564102564102564,0.6300931623610266,0.22093023255813954,0.05813953488372093,0.011627906976744186,0.3255813953488374,0.011627906976744129,0.05813953488372089,0.0,0.22093023255813948,0.0,0.26744186046511625,0.11627906976744186,none,0.3255813953488374,22.6844436924663,2
Figure_5A__Figure_5A_D10__Snap-212-Bild-Export-34,BRAFi,D10,25,10,8,6,2,378.00956378751994,189,0.36054421768707484,0.5291005291005291,100.45612623795898,254.0,0.30687830687830686,12,0.2962962962962963,3.5864661654135337,0.5107393271376922,93.09080776368863,94.07981443119354,115.58984375000001,0.26643990929705214,0.3386243386243386,51.99908046023412,238.12513645231326,0.18518518518518517,22,0.35978835978835977,2.9132231404958677,0.6976676168610081,48.150157305032394,51.97498161063992,67.2957342552796,0.1235827664399093,0.15343915343915343,47.318571085283644,254.0,0.09523809523809523,10,0.7037037037037037,2.919642857142857,0.7553888240072801,48.30014021617393,43.95355605298328,79.87750964154405,0.32275132275132273,0.5922330097087378,0.8304492195902423,0.15343915343915343,0.29,0.7736745005233824,0.14814814814814814,0.4307692307692308,0.7623920836859467,0.20105820105820105,0.015873015873015872,0.0,0.45502645502645517,0.0,0.01587301587301582,0.0,0.20105820105820107,0.00529100529100524,0.17460317460317443,0.1481481481481483,none,0.45502645502645517,49.8693355920211,2
Figure_5A__Figure_5A_D10__Snap-212-Bild-Export-34,BRAFi,D10,27,8,9,2,4,421.64883714283474,211,0.34631008801624913,0.4218009478672986,105.34435346826443,254.0,0.1895734597156398,21,0.2890995260663507,3.41,0.6561907133358506,100.22442620701887,96.7624806342784,115.58984375000001,0.3801624915368991,0.5308056872037915,63.46357802211237,246.34844560866742,0.22748815165876776,18,0.2037914691943128,3.3422619047619047,0.5914872372300526,59.7164625889694,61.56511014431181,67.2957342552796,0.35815842924847663,0.46919431279620855,71.17686037758715,254.0,0.20853080568720378,14,0.3364928909952607,3.7785714285714285,0.5569955398673626,72.68751163884396,64.5235982572807,79.87750964154405,0.3933649289099526,0.7033898305084746,0.7987428586551177,0.26540284360189575,0.42424242424242425,0.4000163296296185,0.35545023696682465,0.5514705882352942,0.6085166456723213,0.023696682464454975,0.04265402843601896,0.10900473933649289,0.3317535545023698,0.10900473933649284,0.04265402843601893,0.09478672985781982,0.02369668246445497,0.004739336492890995,0.13270142180094788,0.2606635071090047,none,0.3317535545023698,55.62649566528163,2
Figure_5A__Figure_5A_D10__Snap-212-Bild-Export-34,BRAFi,D10,28,7,11,1,15,386.9535698260076,193,0.47692875599852347,0.6994818652849741,118.65985838130412,254.00000000000003,0.49222797927461137,6,0.18134715025906734,4.0886075949367084,0.4151695860252844,110.56622081081905,111.11214690030002,115.58984375000001,0.44481358434846807,0.5958549222797928,65.45962558538383,207.44147310525585,0.30569948186528495,12,0.17098445595854928,3.765625,0.5092860257137712,58.12378653319996,66.0273279594387,67.2957342552796,0.3639719453672942,0.49222797927461137,71.91405807046272,254.0,0.22797927461139897,9,0.33160621761658027,3.8217054263565893,0.48865861338259364,67.75392082781892,70.22188792069447,79.87750964154405,0.5595854922279793,0.7605633802816901,0.7707929257172392,0.45077720207253885,0.6083916083916084,0.5548920369497649,0.45077720207253885,0.7073170731707317,0.6560745693346534,0.11917098445595854,0.015544041450777202,0.02072538860103627,0.24352331606217606,0.02072538860103616,0.015544041450777276,0.020725388601036343,0.11917098445595858,0.02072538860103616,0.12953367875647648,0.43005181347150295,AJ+TJ+actin,0.43005181347150295,51.04928361820681,2
Figure_5A__Figure_5A_D10__Snap-212-Bild-Export-34,BRAFi,D10,30,12,10,3,6,498.8374471613983,249,0.2965931863727455,0.4538152610441767,91.79594265472458,254.0,0.14457831325301204,16,0.321285140562249,3.06508875739645,0.5585226014320555,81.32210279879693,87.00460329028745,115.58984375000001,0.12195820211852276,0.15261044176706828,37.748272285308744,151.6289168772496,0.11646586345381527,30,0.5220883534136547,1.7899159663865547,0.7470101749958378,35.941157218921,35.91795826855177,67.2957342552796,0.31119381620383624,0.43775100401606426,63.43578708331298,247.97202202167102,0.3453815261044177,8,0.32530120481927716,3.2351190476190474,0.548229375246603,66.09411072899523,54.44537447598911,79.87750964154405,0.11646586345381527,0.23770491803278687,0.7073060729536458,0.2931726907630522,0.4899328859060403,0.6365239061758987,0.11244979919678715,0.23529411764705882,0.5631368447874072,0.14056224899598393,0.020080321285140562,0.1285140562248996,0.38152610441767043,0.1285140562248995,0.02008032128514059,0.016064257028112473,0.14056224899598418,0.1967871485943774,0.02008032128514059,0.0963855421686748,none,0.38152610441767043,65.80968959912906,1
Figure_5A__Figure_5A_D10__Snap-212-Bild-Export-34,BRAFi,D10,32,10,9,6,4,210.5351685539412,105,0.4008124576844956,0.6476190476190476,103.78467306234663,254.0,0.2857142857142857,6,0.1333333333333333,3.2289377289377286,0.40777036780261355,89.01703449898883,97.3681579384811,115.58984375000001,0.3053486797562627,0.47619047619047616,55.29549283626731,178.3840598820143,0.19047619047619047,11,0.17142857142857137,2.576628352490421,0.5413456370388835,47.47444602831001,56.662950103153186,67.2957342552796,0.23493568043331076,0.3523809523809524,59.542707739492684,166.55446173028452,0.17142857142857143,11,0.419047619047619,2.8114754098360657,0.5956661359357264,58.98046844415424,54.16974909902135,79.87750964154405,0.4380952380952381,0.6388888888888888,0.6907019338718727,0.3142857142857143,0.4583333333333333,0.6059720334952138,0.2857142857142857,0.5263157894736842,0.5912151132075393,0.17142857142857143,0.02857142857142857,0.02857142857142857,0.28571428571428564,0.02857142857142852,0.028571428571428567,0.009523809523809506,0.1714285714285715,0.03809523809523809,0.16190476190476194,0.2761904761904762,none,0.28571428571428564,27.77508819972839,2
Figure_5A__Figure_5A_D10__Snap-212-Bild-Export-34,BRAFi,D10,33,11,13,15,7,280.7702901689614,140,0.14895780376207424,0.2,71.68012197955208,254.0,0.2,13,0.5071428571428571,2.101449275362319,0.5562743401400216,65.06265802619312,67.22716801258412,115.58984375000001,0.42857142857142855,0.5642857142857143,64.24266170592323,202.85021355913716,0.3357142857142857,9,0.15714285714285714,3.5677966101694913,0.5439689234450317,55.53874618237784,68.70861830613568,67.2957342552796,0.26080325368581597,0.3357142857142857,63.98188495597197,254.0,0.17142857142857143,8,0.4285714285714286,3.20625,0.6147957786969189,64.0607869414482,58.37825586128402,79.87750964154405,0.17857142857142858,0.3048780487804878,0.6714770826560419,0.1,0.22950819672131148,0.5161250964808928,0.3,0.5,0.6062966306058774,0.02142857142857143,0.18571428571428572,0.03571428571428571,0.37857142857142867,0.035714285714285796,0.18571428571428572,0.1999999999999999,0.021428571428571463,0.0,0.07857142857142861,0.09999999999999987,none,0.37857142857142867,37.04093537849095,2
Figure_5A__Figure_5A_D10__Snap-212-Bild-Export-34,BRAFi,D10,35,9,12,4,3,487.09854387958393,244,0.18333822235259606,0.2540983606557377,75.98120548687193,254.00000000000003,0.06967213114754098,25,0.4508196721311475,2.33955223880597,0.6478126509971293,72.01389919464174,66.40724704960799,115.58984375000001,0.2299794661190965,0.32786885245901637,48.89640025629389,251.4993864138916,0.06967213114754098,33,0.31557377049180324,2.356287425149701,0.6873465963888996,45.43154083276195,46.79045576790831,67.2957342552796,0.16808448225286007,0.2540983606557377,52.39763758014427,224.49868890129022,0.11475409836065574,19,0.5368852459016393,2.5442477876106193,0.6465543396944249,48.51582514848449,50.79854418613917,79.87750964154405,0.1721311475409836,0.42,0.6759675220193315,0.12704918032786885,0.3333333333333333,0.6271308907341789,0.18032786885245902,0.4489795918367347,0.6165052259852888,0.06557377049180328,0.0860655737704918,0.05737704918032787,0.5327868852459017,0.057377049180327946,0.0860655737704919,0.06967213114754099,0.06557377049180324,0.016393442622950786,0.0614754098360655,0.11065573770491789,none,0.5327868852459017,64.26102161999788,2
Figure_5A__Figure_5A_D10__Snap-212-Bild-Export-34,BRAFi,D10,36,12,7,3,1,138.5612079384023,69,0.42034943473792397,0.6376811594202898,109.285298413814,254.0,0.30434782608695654,4,0.14492753623188404,3.4491525423728815,0.4612756284524449,94.43435689316308,110.24631507817533,115.58984375000001,0.4779033915724563,0.6811594202898551,66.9999964159597,172.56769503877152,0.6521739130434783,3,0.04347826086956519,3.494949494949495,0.48773549525148374,63.30196906696659,66.5352126854755,67.2957342552796,0.20041109969167523,0.2753623188405797,60.12636509454851,178.7812520390375,0.11594202898550725,9,0.5507246376811594,3.0376344086021505,0.6667188744013226,55.84588881907597,60.21295132978694,79.87750964154405,0.463768115942029,0.5423728813559322,0.4566047311586186,0.2318840579710145,0.3404255319148936,0.2880550031704453,0.2318840579710145,0.32,0.39652042163714446,0.15942028985507245,0.2028985507246377,0.028985507246376812,0.11594202898550722,0.028985507246376836,0.2028985507246376,0.014492753623188368,0.15942028985507248,0.01449275362318847,0.24637681159420305,0.21739130434782597,AJ+TJ,0.24637681159420305,18.27984273593698,2
Figure_5A__Figure_5A_D10__Snap-212-Bild-Export-34,BRAFi,D10,37,7,13,1,7,223.879672824491,112,0.2423469387755102,0.2767857142857143,90.2763333500183,254.0,0.17857142857142858,14,0.4285714285714286,2.96875,0.7412649217456106,85.01773699336374,84.90731727463059,115.58984375000001,0.3494897959183674,0.42857142857142855,63.099667548091446,249.75767429980016,0.21428571428571427,10,0.3303571428571429,3.6533333333333333,0.60548754182162,60.976138320519574,60.08803520309165,67.2957342552796,0.31887755102040816,0.4017857142857143,76.66638871223488,254.00000000000003,0.22321428571428573,6,0.5267857142857143,4.716981132075472,0.44043614747202564,73.54002315087564,73.74213237242573,79.87750964154405,0.22321428571428573,0.46296296296296297,0.8872532790048953,0.22321428571428573,0.49019607843137253,0.8366685438984229,0.32142857142857145,0.631578947368421,0.871384876791029,0.026785714285714284,0.08035714285714286,0.05357142857142857,0.4642857142857143,0.05357142857142855,0.08035714285714285,0.1249999999999999,0.026785714285714243,0.0267857142857144,0.026785714285714243,0.19642857142857154,none,0.4642857142857143,29.53557688977454,2
Figure_5A__Figure_5A_D10__Snap-212-Bild-Export-34,BRAFi,D10,38,12,13,3,7,256.48884037613755,128,0.4302455357142857,0.578125,110.1716365337343,254.0,0.3203125,13,0.1640625,3.602803738317757,0.5776051658031925,104.93707787075573,100.7434775755197,115.58984375000001,0.5714285714285714,0.7265625,81.80046749130727,247.01413597596587,0.5703125,6,0.046875,4.19672131147541,0.5009756106837936,78.64955207931794,77.58272276282872,67.2957342552796,0.5474330357142857,0.6796875,95.26564267202195,254.0,0.6171875,5,0.125,4.379464285714286,0.47571076643345506,99.40508864171127,82.54659559912272,79.87750964154405,0.5234375,0.67,0.6698382894191061,0.46875,0.594059405940594,0.488109631758849,0.6171875,0.7821782178217822,0.5923552831601006,0.046875,0.046875,0.0546875,0.16406250000000006,0.054687500000000014,0.04687500000000006,0.15625,0.04687499999999995,0.007812500000000066,0.06250000000000008,0.4609374999999997,AJ+TJ+actin,0.4609374999999997,33.837577886033976,2
Figure_5A__Figure_5A_DMSO__Snap-184-Bild-Export-06,DMSO,DMSO,4,1,0,11,19,112.73483559913718,56,0.20101137800252844,0.23214285714285715,73.08204926159368,246.01491422094188,0.17857142857142858,7,0.3571428571428571,2.189814814814815,0.7776535387618587,67.00417634135457,65.19463967735899,107.65234375000001,0.13527180783817952,0.16071428571428573,58.538202105968104,177.3886545036155,0.17857142857142858,8,0.5535714285714286,2.1333333333333333,0.7635494826794136,47.957892701319814,62.13157491770726,98.72265625000001,0.2996207332490518,0.44642857142857145,75.11416957292464,218.12067595619288,0.42857142857142855,3,0.4464285714285714,3.8225806451612905,0.4464206806311076,74.06937525833071,71.54627733694271,94.75390625000001,0.14285714285714285,0.5714285714285714,0.7612984053587364,0.125,0.22580645161290322,0.08307805608056583,0.08928571428571429,0.1724137931034483,0.17516417124924746,0.03571428571428571,0.0,0.30357142857142855,0.4464285714285714,0.30357142857142866,0.0,0.017857142857142846,0.03571428571428569,0.05357142857142857,0.07142857142857151,0.07142857142857138,none,0.4464285714285714,14.872669604107807,0
Figure_5A__Figure_5A_DMSO__Snap-184-Bild-Export-06,DMSO,DMSO,5,2,1,16,11,226.1326438498746,113,0.5505689001264222,0.8407079646017699,119.57866653528879,254.0,1.0,1,0.0,3.853982300884956,0.4198363415641792,113.87802746854241,102.90451184044218,107.65234375000001,0.34829329962073324,0.48672566371681414,81.82319995235268,224.84565494082557,0.3008849557522124,7,0.11504424778761058,2.755,0.5495797231298842,78.52772320863178,73.01984783845657,98.72265625000001,0.3274336283185841,0.49557522123893805,78.96785114536081,213.968341136593,0.7787610619469026,5,0.17699115044247793,2.78494623655914,0.5443056954424451,77.7846774803975,67.91753364615037,94.75390625000001,0.4336283185840708,0.48514851485148514,0.6350090850621575,0.4424778761061947,0.49504950495049505,0.2904252234940125,0.23008849557522124,0.3058823529411765,0.14259772539494278,0.17699115044247787,0.035398230088495575,0.035398230088495575,0.07079646017699111,0.03539823008849553,0.03539823008849556,0.017699115044247895,0.17699115044247785,0.23008849557522118,0.22123893805309727,0.21238938053097361,AJ+actin,0.23008849557522118,29.832802618716965,3
Figure_5A__Figure_5A_DMSO__Snap-184-Bild-Export-06,DMSO,DMSO,6,3,2,4,16,391.46029382333586,196,0.1918158567774936,0.32142857142857145,68.62620987119901,227.56946412063448,0.16326530612244897,18,0.4387755102040817,2.4045454545454548,0.5433229004537431,62.04835618220674,65.52433850203235,107.65234375000001,0.046766532700036535,0.030612244897959183,49.96589984754334,164.1347510351608,0.025510204081632654,26,0.7091836734693877,1.1228070175438596,0.6842073139316038,45.03629055253187,51.68909609722524,98.72265625000001,0.3098282791377421,0.413265306122449,81.23065162275287,253.9594802626726,0.40816326530612246,10,0.4336734693877551,3.8468468468468466,0.5385398539317962,73.47103804514529,84.26304696966046,94.75390625000001,0.025510204081632654,0.078125,0.7945298378737744,0.22959183673469388,0.45454545454545453,0.561896292411632,0.02040816326530612,0.04819277108433735,0.6356609922808029,0.08163265306122448,0.0,0.17857142857142858,0.49489795918367346,0.17857142857142858,0.0,0.00510204081632653,0.08163265306122448,0.21428571428571427,0.01020408163265306,0.015306122448979591,none,0.49489795918367346,51.64383823526858,0
Figure_5A__Figure_5A_DMSO__Snap-184-Bild-Export-06,DMSO,DMSO,7,4,3,17,4,602.2882233543683,301,0.18889416231608921,0.27906976744186046,65.21498929244243,254.0,0.12956810631229235,19,0.5083056478405316,2.689189189189189,0.634361159318975,59.87673438374567,59.70132542387245,107.65234375000001,0.016373991457047935,0.009966777408637873,34.48812372391346,172.69352162461595,0.023255813953488372,13,0.8870431893687708,1.0147058823529411,0.7880913695259434,32.77480670773045,33.48477603820891,98.72265625000001,0.26008542952064545,0.3388704318936877,72.68897200179005,254.0,0.15614617940199335,16,0.4584717607973422,3.361963190184049,0.5947281584022274,72.6482198505144,68.31959061651578,94.75390625000001,0.009966777408637873,0.03571428571428571,0.7935969580555019,0.10631229235880399,0.2077922077922078,0.03753545987116697,0.009966777408637873,0.029411764705882353,0.22465232635848686,0.17275747508305647,0.0,0.23255813953488372,0.48837209302325557,0.23255813953488386,0.0,0.0,0.17275747508305647,0.09634551495016619,0.0,0.009966777408637842,none,0.48837209302325557,79.4575492551937,1
Figure_5A__Figure_5A_DMSO__Snap-184-Bild-Export-06,DMSO,DMSO,9,5,0,15,19,126.15908558360381,63,0.2528344671201814,0.3333333333333333,86.55970056826327,254.0,0.4126984126984127,8,0.31746031746031744,2.5930232558139537,0.7109285287577571,83.21683845420698,78.41738685968377,107.65234375000001,0.6825396825396826,0.873015873015873,127.89178986649127,254.0,1.0,1,0.0,4.777777777777778,0.3958858966985578,127.98254248598509,121.24336147530383,98.72265625000001,0.1836734693877551,0.2698412698412698,65.91191520791492,204.57512521499388,0.2222222222222222,5,0.5555555555555556,2.892857142857143,0.6356526252768395,63.38670351715159,64.587302318018,94.75390625000001,0.3333333333333333,0.38181818181818183,0.5099490022472543,0.19047619047619047,0.46153846153846156,0.7345475392468045,0.2698412698412698,0.3090909090909091,0.4596794498854549,0.0,0.4603174603174603,0.0,0.12698412698412703,0.0,0.46031746031746024,0.07936507936507935,0.0,0.0,0.14285714285714288,0.19047619047619047,TJ only,0.46031746031746024,16.643678836887048,2
Figure_5A__Figure_5A_DMSO__Snap-184-Bild-Export-06,DMSO,DMSO,10,1,5,11,15,48.468382410121315,24,0.21726190476190477,0.2916666666666667,87.61041130975052,230.14411778721248,0.2916666666666667,4,0.375,2.433333333333333,0.7864493202414972,80.17171393308121,87.55918219511913,107.65234375000001,0.3482142857142857,0.5,83.70842746638864,175.70019923928362,0.3333333333333333,4,0.29166666666666663,3.4411764705882355,0.6081002873947268,75.3622623568938,89.45707551333255,98.72265625000001,0.020833333333333332,0.041666666666666664,44.167024968456964,107.89750642584113,0.08333333333333333,1,0.9166666666666666,1.75,0.42857142857142855,41.778309591325836,46.915426690779384,94.75390625000001,0.25,0.46153846153846156,0.6709679065380358,0.041666666666666664,0.14285714285714285,0.687688804927505,0.041666666666666664,0.08333333333333333,0.7589792718227423,0.041666666666666664,0.25,0.0,0.4583333333333333,0.0,0.24999999999999997,0.0,0.041666666666666685,0.0,0.20833333333333334,0.041666666666666664,none,0.4583333333333333,6.394245700543709,2
Figure_5A__Figure_5A_DMSO__Snap-184-Bild-Export-06,DMSO,DMSO,11,1,6,11,13,309.045993447975,155,0.10171058714748035,0.08387096774193549,59.34937406051268,245.2453613712888,0.05806451612903226,20,0.5870967741935484,1.71875,0.8145373376218952,54.93105364699646,54.905549253823146,107.65234375000001,0.09986130374479889,0.11612903225806452,54.227563727704954,252.25044819819348,0.0967741935483871,13,0.6516129032258065,2.0,0.7920320794101807,51.58993000620162,52.98237817910711,98.72265625000001,0.007397133610725843,0.0064516129032258064,30.507572062643177,113.91836629443381,0.025806451612903226,6,0.935483870967742,0.8,0.7499999999999999,28.343215288125325,30.36151813624613,94.75390625000001,0.04516129032258064,0.2916666666666667,0.6185611624088251,0.0064516129032258064,0.07692307692307693,0.43402556429586703,0.0064516129032258064,0.05555555555555555,0.6067917252901297,0.03870967741935484,0.07096774193548387,0.0,0.8451612903225806,0.0,0.07096774193548382,0.0,0.038709677419354806,0.0,0.03870967741935486,0.0064516129032257995,none,0.8451612903225806,40.77123924115765,1
Figure_5A__Figure_5A_DMSO__Snap-184-Bild-Export-06,DMSO,DMSO,13,6,5,13,15,148.15621982618507,74,0.18822393822393824,0.2702702702702703,75.05525609510963,252.8862854477808,0.14864864864864866,8,0.5405405405405406,2.8676470588235294,0.6809708040943667,68.59312411510133,70.2308423039345,107.65234375000001,0.5183397683397684,0.6891891891891891,107.56696861733998,253.66032212198527,0.4594594594594595,6,0.09459459459459463,4.007462686567164,0.5166784038470664,100.91100306118008,108.89019238206197,98.72265625000001,0.037644787644787646,0.05405405405405406,45.059056519781706,183.68414640725882,0.06756756756756757,3,0.9054054054054054,2.7857142857142856,0.6207035095851386,42.46147488971404,44.58062665640493,94.75390625000001,0.2702702702702703,0.39215686274509803,0.826325454140118,0.05405405405405406,0.2,0.8381551547906785,0.05405405405405406,0.0784313725490196,0.9082950234356404,0.0,0.4189189189189189,0.0,0.3108108108108109,0.0,0.4189189189189188,0.0,0.0,0.0,0.2162162162162163,0.05405405405405396,TJ only,0.4189189189189188,19.545675438810694,2
Figure_5A__Figure_5A_DMSO__Snap-184-Bild-Export-06,DMSO,DMSO,14,1,7,11,8,137.10872102146365,69,0.07820646506777894,0.057971014492753624,38.23446356097065,246.9973657010679,0.10144927536231885,6,0.6956521739130435,1.7857142857142858,1.0567875850898327,35.733090898308234,33.528074744247995,107.65234375000001,0.043795620437956206,0.043478260869565216,36.324573007938355,185.4113346410503,0.07246376811594203,5,0.8405797101449275,1.9090909090909092,0.8343531175207253,35.84144887291556,32.78630670028963,98.72265625000001,0.22419186652763295,0.30434782608695654,65.80370438772252,224.9282785719792,0.4927536231884058,4,0.4347826086956522,2.7564102564102564,0.5493887650319405,57.70045980771046,65.58497386494636,94.75390625000001,0.043478260869565216,0.75,0.9362763273580079,0.057971014492753624,0.19047619047619047,0.8685283690296361,0.043478260869565216,0.14285714285714285,0.7631602886649395,0.0,0.0,0.2463768115942029,0.6956521739130435,0.24637681159420288,0.0,0.0,0.0,0.014492753623188477,0.0,0.04347826086956522,none,0.6956521739130435,18.088221770641642,0
Figure_5A__Figure_5A_DMSO__Snap-184-Bild-Export-06,DMSO,DMSO,15,7,6,8,13,99.30352266362908,50,0.06493506493506493,0.08,50.89332080179997,205.0511346512445,0.06,5,0.78,2.0454545454545454,0.8623825738636558,44.798041699540256,45.92109081672963,107.65234375000001,0.1443001443001443,0.18,62.38654861092895,225.1466652119356,0.28,5,0.48,1.9230769230769231,0.7127411872482183,58.14219908602301,55.97257007310136,98.72265625000001,0.01875901875901876,0.02,46.27452201435822,134.05383051486353,0.04,5,0.86,0.9285714285714286,0.7297563831157798,42.64689004039672,44.46848678257495,94.75390625000001,0.04,0.18181818181818182,0.5464243677970267,0.0,0.0,0.42750217748526154,0.02,0.1111111111111111,0.09557652060071405,0.04,0.12,0.0,0.78,0.0,0.12000000000000002,0.01999999999999993,0.04000000000000001,0.0,0.04000000000000001,0.0,none,0.78,13.100728583592227,2
Figure_5A__Figure_5A_DMSO__Snap-184-Bild-Export-06,DMSO,DMSO,16,2,8,16,5,321.8302003908146,161,0.20496894409937888,0.2608695652173913,73.33883841655117,241.35554076052745,0.10559006211180125,14,0.4285714285714286,2.510869565217391,0.6991174458207413,67.38031527019707,68.29986704176005,107.65234375000001,0.13087843833185447,0.16149068322981366,62.577174645631224,242.3035332190074,0.09316770186335403,17,0.484472049689441,1.7771084337349397,0.688143942505915,61.62105689827216,57.20612163610566,98.72265625000001,0.03149955634427684,0.043478260869565216,34.27463717417652,142.06426886079558,0.055900621118012424,6,0.8881987577639752,1.9722222222222223,0.7194136782604018,35.52460882196626,31.294105310151178,94.75390625000001,0.11180124223602485,0.36,0.7243182422483379,0.031055900621118012,0.11363636363636363,0.4773611334499133,0.006211180124223602,0.03125,0.6079635299838395,0.11801242236024845,0.043478260869565216,0.006211180124223602,0.6832298136645965,0.006211180124223645,0.043478260869564855,0.006211180124223645,0.1180124223602485,0.03105590062111805,0.11180124223602482,0.0,none,0.6832298136645965,42.457810077943876,2
Figure_5A__Figure_5A_DMSO__Snap-184-Bild-Export-06,DMSO,DMSO,17,8,1,5,11,37.50454152192276,19,0.5601503759398496,0.7894736842105263,117.49316828755315,253.38414356359476,0.8421052631578947,2,0.10526315789473684,4.382352941176471,0.37234715454175027,127.40139597779063,94.46413234549149,107.65234375000001,0.2631578947368421,0.42105263157894735,79.47291685795189,186.1289419446028,0.2631578947368421,4,0.4736842105263158,3.5,0.45175395145262565,78.22201965405388,77.08522435146615,98.72265625000001,0.32706766917293234,0.42105263157894735,84.48344000084133,226.52318136993557,0.42105263157894735,2,0.42105263157894735,3.9545454545454546,0.5588618749950904,81.60417602615608,82.87813200755492,94.75390625000001,0.42105263157894735,0.5333333333333333,0.6382643595276082,0.42105263157894735,0.5333333333333333,0.7602398337446202,0.21052631578947367,0.3333333333333333,0.6193436826379254,0.15789473684210525,0.0,0.0,0.21052631578947373,0.0,0.0,0.0,0.1578947368421052,0.21052631578947373,0.2105263157894737,0.21052631578947362,none,0.21052631578947373,4.947828696823583,3
Figure_5A__Figure_5A_DMSO__Snap-184-Bild-Export-06,DMSO,DMSO,18,8,7,5,8,19.46216712165812,10,0.5112781954887218,0.7,121.23810043322817,253.83809524633952,1.0,1,0.0,3.45,0.6231884057971014,117.74160944984851,99.97628451885497,107.65234375000001,0.42105263157894735,0.6,94.59965153148455,191.33000754848132,0.6,2,0.09999999999999998,3.2777777777777777,0.5090392344976681,90.3009853898902,92.0347025644183,98.72265625000001,0.18045112781954886,0.3,65.23551913239332,204.78556389610048,0.2,2,0.6,3.0,0.6561673228343176,65.64754638700748,57.781343698657224,94.75390625000001,0.5,0.625,0.8414578024043887,0.3,0.42857142857142855,0.8337118497505702,0.3,0.5,0.746743099941172,0.2,0.1,0.0,0.20000000000000004,0.0,0.09999999999999992,0.0,0.19999999999999996,0.0,0.19999999999999998,0.3000000000000001,AJ+TJ+actin,0.3000000000000001,2.567568221854633,2
Figure_5A__Figure_5A_DMSO__Snap-184-Bild-Export-06,DMSO,DMSO,19,8,6,5,13,254.45694690691036,127,0.35095613048368957,0.48031496062992124,89.6209404619293,254.0,0.3228346456692913,6,0.25196850393700787,3.2842105263157895,0.5669182351438283,84.62958649102372,81.01661992396684,107.65234375000001,0.3048368953880765,0.4094488188976378,82.73194679383178,245.69154838530469,0.2677165354330709,14,0.2913385826771654,3.011111111111111,0.664657493561532,78.37356739360764,78.75653358649602,98.72265625000001,0.05343082114735658,0.047244094488188976,42.22896618832295,147.4063673196663,0.03937007874015748,10,0.7795275590551181,1.6964285714285714,0.777167240475041,38.86541839719675,41.62513962877466,94.75390625000001,0.3228346456692913,0.5694444444444444,0.8303760177821531,0.047244094488188976,0.09836065573770492,0.8072542696958838,0.03937007874015748,0.09433962264150944,0.7309986237145748,0.14960629921259844,0.08661417322834646,0.0,0.4330708661417322,0.0,0.08661417322834655,0.0,0.14960629921259844,0.007874015748031508,0.2834645669291339,0.039370078740157397,none,0.4330708661417322,33.56951806159767,2
Figure_5A__Figure_5A_DMSO__Snap-184-Bild-Export-06,DMSO,DMSO,20,6,9,13,6,216.94411802676132,108,0.3798551678736011,0.5555555555555556,102.2279639299198,254.0,0.3333333333333333,9,0.16666666666666663,3.2055555555555557,0.5397744115200325,96.5212360575205,89.91677291708537,107.65234375000001,0.4160631994733377,0.6018518518518519,95.56208649792347,254.0,0.25,7,0.12037037037037035,3.317543859649123,0.5756266476822821,92.0512859887719,87.4142841753125,98.72265625000001,0.10796576695194207,0.1574074074074074,51.29844520277308,195.66088751361968,0.1111111111111111,6,0.75,3.037037037037037,0.6142517199738062,49.52400303534695,47.19654427214092,94.75390625000001,0.4722222222222222,0.6891891891891891,0.807827569893624,0.1574074074074074,0.2833333333333333,0.7845722931730355,0.1574074074074074,0.26153846153846155,0.7531087611976873,0.08333333333333333,0.12962962962962962,0.0,0.3148148148148148,0.0,0.12962962962962976,0.0,0.08333333333333333,0.0,0.31481481481481455,0.15740740740740752,none,0.3148148148148148,28.620596045746876,2
Figure_5A__Figure_5A_DMSO__Snap-184-Bild-Export-06,DMSO,DMSO,21,9,5,6,15,119.18958776489823,60,0.1056422569027611,0.1,62.529128259655465,244.851517960317,0.15,8,0.6,1.8333333333333333,0.8430562268632459,56.85177208497666,58.168289069846395,107.65234375000001,0.5366146458583433,0.75,113.28744301822618,254.0,0.8833333333333333,2,0.06666666666666665,4.017857142857143,0.4602307526437279,110.54655263085942,110.49359635970117,98.72265625000001,0.09843937575030012,0.2,54.37362244330676,185.34966193448398,0.21666666666666667,2,0.75,2.7333333333333334,0.39441369826332257,45.584635323183754,61.18324540643606,94.75390625000001,0.08333333333333333,0.10869565217391304,0.6161576499410027,0.05,0.2,0.523210441410639,0.2,0.26666666666666666,0.8396258095315263,0.016666666666666666,0.5166666666666667,0.0,0.23333333333333325,0.0,0.5166666666666668,0.15,0.016666666666666635,0.0,0.033333333333333305,0.05,TJ only,0.5166666666666668,15.724220021754384,2
Figure_5A__Figure_5A_DMSO__Snap-184-Bild-Export-06,DMSO,DMSO,22,8,9,5,6,346.1888939965321,173,0.41783649876135426,0.5317919075144508,106.1758584879761,254.00000000000003,0.45664739884393063,10,0.22543352601156075,3.7761194029850746,0.5644602297472076,102.07832951886742,92.99831867916075,107.65234375000001,0.34847233691164325,0.5491329479768786,86.716891822248,249.18894266320706,0.2947976878612717,13,0.17919075144508667,2.971830985915493,0.5315826659371301,82.71401206614983,79.5622009104573,98.72265625000001,0.1147811725846408,0.15606936416184972,55.073101412551885,200.61322561747403,0.08670520231213873,14,0.6878612716763006,2.574074074074074,0.5985940085060203,51.24355070818883,52.80735261548021,94.75390625000001,0.44508670520231214,0.7,0.6838369404548217,0.15606936416184972,0.29347826086956524,0.2884935645745691,0.15028901734104047,0.2708333333333333,0.5758272275556037,0.08092485549132948,0.10404624277456648,0.0,0.36416184971098253,0.0,0.10404624277456664,0.0,0.08092485549132944,0.005780346820809249,0.29479768786127175,0.15028901734104042,none,0.36416184971098253,45.671358047035895,2
Figure_5A__Figure_5A_DMSO__Snap-184-Bild-Export-06,DMSO,DMSO,23,3,8,4,5,287.4878616203352,144,0.14285714285714285,0.18055555555555555,64.01641778541548,251.18497187161165,0.10416666666666667,15,0.5416666666666667,2.1818181818181817,0.7132184486926537,56.52304962489833,59.3934796863914,107.65234375000001,0.0428073668491787,0.041666666666666664,44.82764760628884,199.38962211950883,0.0763888888888889,13,0.7847222222222222,1.403225806451613,0.8794418052132676,37.381866793790806,46.459348867161225,98.72265625000001,0.5863613738178198,0.7569444444444444,113.50119251626323,254.0,0.625,7,0.11805555555555558,4.661417322834645,0.38519069656121224,116.26698141355898,102.01369363105158,94.75390625000001,0.027777777777777776,0.14285714285714285,0.6600522260342685,0.125,0.15384615384615385,-0.09037930965300094,0.027777777777777776,0.036036036036036036,-0.05768147488672882,0.05555555555555555,0.013888888888888888,0.6319444444444444,0.17361111111111094,0.6319444444444444,0.01388888888888889,0.0,0.055555555555555566,0.09722222222222245,0.0,0.027777777777777735,actin only,0.6319444444444444,37.92715852511019,0
Figure_5A__Figure_5A_DMSO__Snap-184-Bild-Export-06,DMSO,DMSO,24,10,5,12,15,274.42395383423644,137,0.3096976016684046,0.40145985401459855,91.21328013044969,254.0,0.29927007299270075,17,0.21167883211678828,2.75,0.7022200137125132,83.61874970372403,87.2087579599155,107.65234375000001,0.6923879040667362,0.8905109489051095,132.75690875509696,254.00000000000003,0.6204379562043796,2,0.007299270072992692,4.882352941176471,0.36509204998799416,116.53455581989229,140.2759310691643,98.72265625000001,0.053701772679874867,0.06569343065693431,44.28266553458602,205.30850691118158,0.043795620437956206,8,0.8321167883211679,2.239130434782609,0.6995682926078376,43.694828794961175,42.657147120436335,94.75390625000001,0.39416058394160586,0.43902439024390244,0.5481285975965043,0.0364963503649635,0.0847457627118644,0.6660994093936174,0.06569343065693431,0.07377049180327869,0.57959640010956,0.0072992700729927005,0.46715328467153283,0.0,0.10218978102189787,0.0,0.4671532846715329,0.02919708029197082,0.007299270072992679,0.0,0.3576642335766422,0.03649635036496355,TJ only,0.4671532846715329,36.20368784092829,2
Figure_5A__Figure_5A_DMSO__Snap-184-Bild-Export-06,DMSO,DMSO,25,9,10,6,12,359.48900168984085,180,0.41146040588937527,0.5611111111111111,105.98941791732092,254.0,0.2777777777777778,13,0.2055555555555556,3.625874125874126,0.5345657262608152,94.41605446635978,99.81062648847595,107.65234375000001,0.4265817747711898,0.6222222222222222,94.975450101049,254.0,0.2777777777777778,12,0.09999999999999998,3.317901234567901,0.544316422466161,78.90139091448154,100.03951417436384,98.72265625000001,0.059291683247115,0.05555555555555555,47.97747221733617,149.60060488762718,0.03333333333333333,15,0.75,1.6555555555555554,0.6393123867978447,42.59809827636671,47.62667723554348,94.75390625000001,0.5,0.7317073170731707,0.8171164482946712,0.05555555555555555,0.09900990099009901,0.7559071736313463,0.05555555555555555,0.08928571428571429,0.692831219014975,0.06111111111111111,0.12222222222222222,0.0,0.3166666666666665,0.0,0.12222222222222229,0.0,0.0611111111111112,0.0,0.44444444444444436,0.05555555555555558,AJ+TJ,0.44444444444444436,47.42598966884444,2
Figure_5A__Figure_5A_DMSO__Snap-184-Bild-Export-06,DMSO,DMSO,26,11,4,18,17,355.58854728850974,178,0.16332263242375603,0.2303370786516854,63.93695820620516,254.0,0.21910112359550563,15,0.6067415730337078,2.907142857142857,0.6324622135792014,58.171993577598634,57.34601527874348,107.65234375000001,0.0,0.0,19.853248706578313,86.99383168411671,0.0,0,1.0,,,17.885262646904934,19.16476749065117,98.72265625000001,0.030497592295345103,0.02247191011235955,36.59265530398921,254.0,0.028089887640449437,9,0.8820224719101124,1.8095238095238095,0.9961838542498789,34.94297021434879,33.497798559124604,94.75390625000001,0.0,0.0,0.8107127971084128,0.0056179775280898875,0.022727272727272728,0.568291564352055,0.0,0.0,0.6079852239552435,0.2247191011235955,0.0,0.016853932584269662,0.752808988764045,0.016853932584269614,0.0,0.0,0.2247191011235955,0.0056179775280898875,0.0,0.0,none,0.752808988764045,46.911417848088355,1
Figure_5A__Figure_5A_DMSO__Snap-184-Bild-Export-06,DMSO,DMSO,28,5,12,15,1,141.5571589069205,71,0.4818913480885312,0.704225352112676,109.53399045472239,254.0,0.8873239436619719,1,0.11267605633802813,3.8015873015873014,0.4368697350243052,94.75749974485895,105.68020205434446,107.65234375000001,0.7545271629778671,0.9577464788732394,130.64931203068505,254.0,0.9577464788732394,2,0.028169014084507005,5.434782608695652,0.24512309832680668,115.20898190167321,137.05836696473537,98.72265625000001,0.06740442655935613,0.056338028169014086,53.0954663096491,199.3404579797538,0.08450704225352113,10,0.6901408450704225,1.5227272727272727,1.315212498511057,48.35131901372439,53.280145019024665,94.75390625000001,0.704225352112676,0.7352941176470589,0.6907013449741751,0.056338028169014086,0.08,0.618491537178527,0.056338028169014086,0.058823529411764705,0.5364352372369068,0.0,0.2535211267605634,0.0,0.042253521126760556,0.0,0.2535211267605633,0.0,0.0,0.0,0.6478873239436617,0.056338028169014294,AJ+TJ,0.6478873239436617,18.675086927034368,2
Figure_5A__Figure_5A_DMSO__Snap-184-Bild-Export-06,DMSO,DMSO,30,11,3,18,4,154.34625993605408,77,0.5287569573283859,0.7012987012987013,115.668663226491,254.0,0.6883116883116883,4,0.20779220779220775,4.672131147540983,0.36453252844802025,108.26073239264102,110.0376202950943,107.65234375000001,0.016697588126159554,0.0,37.3815677958196,129.06960856865854,0.03896103896103896,5,0.8831168831168831,1.0,0.5270462766947299,35.68661655335826,37.389705489013984,98.72265625000001,0.7653061224489796,0.8961038961038961,134.6280197791954,254.00000000000003,0.6883116883116883,2,0.038961038961038974,5.574324324324325,0.32995756189820963,126.90262262821786,136.12905100236983,94.75390625000001,0.0,0.0,0.6426244820642443,0.6233766233766234,0.64,-0.14666524311375048,0.0,0.0,0.04313631218158525,0.07792207792207792,0.0,0.2727272727272727,0.02597402597402599,0.27272727272727276,0.0,0.0,0.07792207792207788,0.6233766233766234,0.0,0.0,AJ+actin,0.6233766233766234,20.36230342164302,0
Figure_5A__Figure_5A_DMSO__Snap-184-Bild-Export-06,DMSO,DMSO,31,10,12,12,1,259.2850332257543,130,0.35686707115278543,0.46923076923076923,93.47088023419226,254.0,0.2230769230769231,13,0.17692307692307696,3.0233644859813085,0.5914966222612525,84.44203480078313,86.11115796000354,107.65234375000001,0.407611693325979,0.5769230769230769,92.1800882450377,242.61209077153177,0.35384615384615387,10,0.07692307692307687,3.0875,0.53206144406015,79.3052254560689,94.68745710956024,98.72265625000001,0.290126861555433,0.38461538461538464,73.88172517603796,246.17927315402386,0.13846153846153847,12,0.3153846153846154,2.955056179775281,0.6474828568662377,67.17732364780504,71.19624901491012,94.75390625000001,0.36923076923076925,0.5454545454545454,0.7560964687307993,0.23846153846153847,0.3875,0.6613007914832725,0.3153846153846154,0.4880952380952381,0.6433551269363453,0.07692307692307693,0.1076923076923077,0.046153846153846156,0.27692307692307694,0.04615384615384624,0.10769230769230793,0.09999999999999983,0.07692307692307693,0.023076923076923085,0.15384615384615372,0.2153846153846153,none,0.27692307692307694,34.20646876329213,2
Figure_5A__Figure_5A_DMSO__Snap-184-Bild-Export-06,DMSO,DMSO,32,8,13,5,2,216.29262146152985,108,0.25462962962962965,0.3888888888888889,83.76896581406154,238.7750025667334,0.16666666666666666,12,0.33333333333333337,2.673611111111111,0.6456988223117349,74.67382350852321,81.67974413839262,107.65234375000001,0.3974867724867725,0.5277777777777778,94.11038486795664,251.75547892393664,0.3333333333333333,8,0.2407407407407407,3.6646341463414633,0.5753439651524339,84.36538717657879,96.97636553687437,98.72265625000001,0.2916666666666667,0.3333333333333333,75.03015743942996,252.11421679638704,0.3148148148148148,4,0.5462962962962963,4.5,0.5293121270010497,70.72651252309082,74.04760177822187,94.75390625000001,0.3611111111111111,0.65,0.6747844392117717,0.21296296296296297,0.41818181818181815,0.5291608349455694,0.3333333333333333,0.631578947368421,0.8349437314796126,0.027777777777777776,0.046296296296296294,0.0,0.4444444444444444,0.0,0.04629629629629625,0.12037037037037032,0.027777777777777804,0.0,0.1481481481481482,0.21296296296296302,none,0.4444444444444444,28.534646630808687,2
Figure_5A__Figure_5A_DMSO__Snap-184-Bild-Export-06,DMSO,DMSO,33,11,8,18,5,267.7652266751004,134,0.17750533049040512,0.20149253731343283,70.86940172113852,254.0,0.1417910447761194,19,0.4253731343283582,2.1623376623376624,0.6906254049312281,66.75376075797537,63.21682074574206,107.65234375000001,0.24307036247334754,0.373134328358209,73.895871801182,252.20978064996604,0.14925373134328357,17,0.34328358208955223,2.590909090909091,0.599450861869119,69.48292206336319,70.11473638093138,98.72265625000001,0.08368869936034115,0.09701492537313433,53.90764532577195,200.2350018748953,0.07462686567164178,10,0.708955223880597,2.0128205128205128,0.7702530679149543,56.601267246535556,47.112306383031,94.75390625000001,0.08955223880597014,0.18461538461538463,0.3878301812141658,0.03731343283582089,0.14285714285714285,0.5004664035688515,0.05223880597014925,0.125,0.43555384419058807,0.08208955223880597,0.23880597014925373,0.014925373134328358,0.4999999999999999,0.014925373134328356,0.23880597014925392,0.044776119402984996,0.08208955223880605,0.029850746268656716,0.08208955223880594,0.007462686567164179,none,0.4999999999999999,35.32522779354886,2
Figure_5A__Figure_5A_DMSO__Snap-184-Bild-Export-06,DMSO,DMSO,34,13,9,2,6,61.2499766982394,31,0.22482435597189696,0.2903225806451613,74.14613489276884,233.70812696184686,0.22580645161290322,5,0.4516129032258065,2.823529411764706,0.7185235150408555,68.68812775576644,68.15709112046139,107.65234375000001,0.16627634660421545,0.2903225806451613,66.7617973497617,214.15000671326587,0.22580645161290322,5,0.3870967741935484,1.9473684210526316,0.5391874957637838,66.71932107333534,62.2409613290225,98.72265625000001,0.01639344262295082,0.0,44.13999572203546,125.83136104693122,0.06451612903225806,2,0.9032258064516129,1.1666666666666667,0.5345224838248487,42.00333658945912,41.96238474947736,94.75390625000001,0.22580645161290322,0.6363636363636364,0.8140887500720708,0.0,0.0,0.7854278365735899,0.0,0.0,0.664160476557979,0.06451612903225806,0.06451612903225806,0.0,0.6451612903225806,0.0,0.06451612903225808,0.0,0.06451612903225813,0.0,0.22580645161290322,0.0,none,0.6451612903225806,8.080471859926043,2
Figure_5A__Figure_5A_DMSO__Snap-184-Bild-Export-06,DMSO,DMSO,35,11,13,18,2,140.32210914134083,70,0.5316326530612245,0.7857142857142857,120.03675623625563,254.0,0.8571428571428571,3,0.0714285714285714,4.007692307692308,0.4120380855810059,108.48381764079039,115.47642169089087,107.65234375000001,0.9806122448979592,1.0,203.74373785288597,254.0,1.0,1,0.0,6.864285714285714,0.06734909937683417,206.90420658920442,192.03050433196336,98.72265625000001,0.9846938775510204,1.0,210.1819782175981,254.00000000000003,1.0,1,0.0,6.892857142857143,0.04228436427586148,202.55442156854107,211.4370807291246,94.75390625000001,0.7857142857142857,0.7857142857142857,0.6383085615238877,0.7857142857142857,0.7857142857142857,0.661009780249425,1.0,1.0,0.7753349003786135,0.0,0.0,0.0,0.0,0.0,0.0,0.21428571428571427,0.0,0.0,0.0,0.7857142857142857,AJ+TJ+actin,0.7857142857142857,18.512151601760003,3
Figure_5A__Figure_5A_DMSO__Snap-184-Bild-Export-06,DMSO,DMSO,36,14,9,3,6,147.85435614710713,74,0.5501930501930502,0.7297297297297297,128.337460942351,254.0,0.6216216216216216,6,0.16216216216216217,4.596774193548387,0.3847348821159506,118.5278905963805,122.58365471643211,107.65234375000001,0.5714285714285714,0.8648648648648649,107.41058887253192,251.03305394391165,0.527027027027027,3,0.027027027027026973,4.111111111111111,0.36946548958087344,103.51114781917622,102.71065414865141,98.72265625000001,0.08011583011583012,0.10810810810810811,56.47366590300178,158.77334237695445,0.14864864864864866,5,0.7027027027027026,1.8863636363636365,0.7989142000048386,52.247956304797,56.66160479063804,94.75390625000001,0.6486486486486487,0.6857142857142857,0.5272299403398039,0.10810810810810811,0.14814814814814814,0.6467916517211685,0.10810810810810811,0.125,0.35497575819578675,0.08108108108108109,0.21621621621621623,0.0,0.05405405405405408,0.0,0.21621621621621623,0.0,0.08108108108108104,0.0,0.5405405405405407,0.10810810810810807,AJ+TJ,0.5405405405405407,19.50585173444685,2
Figure_5A__Figure_5A_DMSO__Snap-184-Bild-Export-06,DMSO,DMSO,37,13,14,2,3,278.0833348786466,139,0.2595066803699897,0.4244604316546763,81.63913792306725,254.0,0.18705035971223022,13,0.302158273381295,2.6030927835051547,0.5488114435652537,78.31308118284981,70.99119383088365,107.65234375000001,0.3494347379239466,0.5179856115107914,86.78648270719764,247.87482842173551,0.17985611510791366,13,0.19424460431654678,3.0357142857142856,0.5313038085918653,86.38784153442124,78.02447897325511,98.72265625000001,0.24820143884892087,0.39568345323741005,73.98309331042682,253.02252121435805,0.2805755395683453,7,0.4244604316546763,3.01875,0.4782160537560572,69.95779921066648,69.62447020963525,94.75390625000001,0.35251798561151076,0.5975609756097561,0.6826081241593105,0.2014388489208633,0.32558139534883723,0.42560609031305985,0.23741007194244604,0.35106382978723405,0.45304154153288795,0.04316546762589928,0.10071942446043165,0.12949640287769784,0.28057553956834547,0.12949640287769784,0.10071942446043153,0.06474820143884895,0.04316546762589923,0.02877697841726637,0.17985611510791358,0.17266187050359708,none,0.28057553956834547,36.68645578873966,2
Figure_5A__Figure_5A_DMSO__Snap-184-Bild-Export-06,DMSO,DMSO,38,14,10,3,12,191.24408134639685,96,0.4121166791323859,0.6041666666666666,105.44644403925203,254.0,0.2916666666666667,6,0.10416666666666663,3.2093023255813953,0.5624700976905805,101.06740719067868,94.6044154104639,107.65234375000001,0.3889304412864622,0.5520833333333334,93.32436453335737,245.4650216051686,0.2916666666666667,8,0.125,3.119047619047619,0.5872407501348673,88.13431758577484,89.99253558883102,98.72265625000001,0.12415856394913986,0.19791666666666666,51.98078680707739,200.81266631939033,0.10416666666666667,5,0.6979166666666667,2.8620689655172415,0.5522489945236548,51.77428963575856,47.21447005758305,94.75390625000001,0.46875,0.6818181818181818,0.6515689734845386,0.1875,0.3050847457627119,0.62465595350572,0.17708333333333334,0.3090909090909091,0.5824683072476408,0.125,0.08333333333333333,0.010416666666666666,0.3020833333333334,0.010416666666666788,0.08333333333333337,0.0,0.12499999999999989,0.010416666666666638,0.2916666666666666,0.17708333333333331,none,0.3020833333333334,25.230089887387447,2
Figure_5A__Figure_5A_DMSO__Snap-184-Bild-Export-06,DMSO,DMSO,39,14,12,3,1,20.912125786205237,10,0.9931972789115646,1.0,235.56294034049944,254.00000000000003,1.0,1,0.0,6.95,0.021582733812949638,244.86158545495672,221.1793277205847,107.65234375000001,0.8775510204081632,1.0,142.84919311522003,247.7947521723957,1.0,1,0.0,6.116666666666667,0.11037945013912312,134.52225335725439,142.63841418822204,98.72265625000001,0.7210884353741497,0.8,132.9341923627457,253.12289754508274,1.0,1,0.0,5.0166666666666675,0.48291753589531655,125.27773505118257,139.14008113366327,94.75390625000001,1.0,1.0,0.5301352114179033,0.8,0.8,0.5671833851555892,0.8,0.8,0.8697623535387983,0.0,0.0,0.0,0.0,0.0,0.0,0.0,0.0,0.0,0.19999999999999998,0.7999999999999999,AJ+TJ+actin,0.7999999999999999,2.758855644618105,3
Figure_5A__Figure_5A_DMSO__Snap-184-Bild-Export-06,DMSO,DMSO,40,15,13,20,2,353.8094545958335,177,0.2215496368038741,0.3050847457627119,79.10458271437754,249.6369598831465,0.1694915254237288,24,0.2994350282485876,2.213709677419355,0.687345392053476,74.34467764137845,71.66931958443138,107.65234375000001,0.6416464891041163,0.8022598870056498,128.28593649215458,254.0,0.4011299435028249,8,0.04519774011299438,4.704142011834319,0.4169673769513811,124.3866346954122,122.65017540211561,98.72265625000001,0.3922518159806295,0.5254237288135594,88.81757788670258,254.0,0.2542372881355932,10,0.3389830508474576,4.153846153846154,0.4962901541294267,89.82484870119433,81.95360145523398,94.75390625000001,0.2994350282485876,0.3706293706293706,0.6794716354246776,0.192090395480226,0.3008849557522124,0.5408532519898932,0.4858757062146893,0.5771812080536913,0.6312548326869124,0.005649717514124294,0.20903954802259886,0.03954802259887006,0.15254237288135578,0.039548022598870095,0.2090395480225987,0.2937853107344632,0.005649717514124334,0.0,0.10734463276836177,0.19209039548022613,TJ+actin,0.2937853107344632,46.67670904958225,2
Figure_5A__Figure_5A_DMSO__Snap-184-Bild-Export-06,DMSO,DMSO,41,11,15,18,20,637.23269241713,319,0.2706884951782911,0.3448275862068966,83.21527375714098,254.0,0.14106583072100312,31,0.37617554858934166,3.0326633165829144,0.6794966237429338,76.58269966014444,79.08956909990863,107.65234375000001,0.47006055169320476,0.5799373040752351,109.45310369904159,254.0,0.44200626959247646,19,0.21943573667711602,4.208835341365462,0.5276700302278429,99.79264805072043,111.21429972991832,98.72265625000001,0.41915227629513346,0.5235109717868338,93.18256334502406,254.0,0.21003134796238246,16,0.3793103448275862,4.71969696969697,0.4258091465645039,84.00536933390433,96.03166357915927,94.75390625000001,0.2884012539184953,0.45320197044334976,0.6622526974867574,0.26332288401253917,0.43523316062176165,0.6526217511007967,0.4231974921630094,0.6221198156682027,0.8034667814135047,0.025078369905956112,0.10031347962382445,0.06896551724137931,0.2946708463949842,0.06896551724137916,0.1003134796238244,0.1912225705329154,0.025078369905956042,0.03134796238244521,0.056426332288401514,0.23197492163009406,none,0.2946708463949842,84.06763752204881,2
Figure_5A__Figure_5A_DMSO__Snap-184-Bild-Export-06,DMSO,DMSO,42,16,12,9,1,289.20351308026824,145,0.4295600593178448,0.5793103448275863,103.9396863137731,254.0,0.4482758620689655,6,0.2551724137931034,4.023148148148148,0.47817282955757223,93.21579649605523,97.97584558754082,107.65234375000001,0.3153732081067721,0.47586206896551725,76.36465759178937,229.33105270444452,0.32413793103448274,11,0.38620689655172413,3.5842696629213484,0.5106206844205046,62.99815924253033,81.77756285463975,98.72265625000001,0.22293623331685616,0.32413793103448274,69.24841358546067,250.01985572505924,0.15172413793103448,9,0.4620689655172414,2.9038461538461537,0.5757528192381888,69.90500492099973,63.122361606095666,94.75390625000001,0.4413793103448276,0.7191011235955056,0.8596129758142618,0.2827586206896552,0.45555555555555555,0.6340111971003517,0.23448275862068965,0.4146341463414634,0.6555137889351833,0.07586206896551724,0.020689655172413793,0.027586206896551724,0.35862068965517235,0.027586206896551814,0.020689655172413838,0.013793103448275957,0.07586206896551725,0.062068965517241365,0.22068965517241393,0.22068965517241348,none,0.35862068965517235,38.153497767845415,2
Figure_5A__Figure_5A_DMSO__Snap-184-Bild-Export-06,DMSO,DMSO,43,14,16,3,9,174.99637980868965,87,0.603265306122449,0.8045977011494253,131.0394192301573,254.00000000000003,0.7816091954022989,2,0.011494252873563204,4.271317829457364,0.40454774900990553,112.82638127224632,130.77976502786072,107.65234375000001,0.2742857142857143,0.3448275862068966,77.71065509993238,219.79661937459235,0.2413793103448276,12,0.29885057471264365,2.740437158469945,0.6833432878744474,69.52698711250284,79.34361984287662,98.72265625000001,0.14448979591836736,0.1724137931034483,64.55845024840814,253.01582146530984,0.14942528735632185,6,0.6551724137931034,2.95,0.727498485065287,62.51347243910013,61.67428217992059,94.75390625000001,0.3448275862068966,0.42857142857142855,0.7747531091959696,0.1724137931034483,0.21428571428571427,0.639250613550482,0.09195402298850575,0.21621621621621623,0.5789676639165228,0.3793103448275862,0.0,0.0,0.19540229885057464,0.0,0.0,0.0,0.37931034482758635,0.08045977011494251,0.2528735632183909,0.09195402298850561,AJ only,0.37931034482758635,23.086593642307342,2
Figure_5A__Figure_5A_DMSO__Snap-184-Bild-Export-06,DMSO,DMSO,44,17,14,7,3,228.64463249045355,114,0.30131004366812225,0.38596491228070173,90.21266875978776,254.0,0.14035087719298245,15,0.33333333333333337,3.1732456140350878,0.6555869256948771,85.62648872514762,83.39395338251319,107.65234375000001,0.24079850280723644,0.2894736842105263,78.45300901763149,250.43761081632883,0.12280701754385964,17,0.33333333333333337,2.5328947368421053,0.719864869911502,75.65774975779416,73.82289125504971,98.72265625000001,0.12351840299438553,0.14912280701754385,58.47863245563552,234.35627021444134,0.14035087719298245,9,0.7105263157894737,3.0,0.7442258083888612,59.67603028998327,51.94385126304648,94.75390625000001,0.21052631578947367,0.4528301886792453,0.6899952096931149,0.13157894736842105,0.32608695652173914,0.6414649162730445,0.13157894736842105,0.42857142857142855,0.7870505307740772,0.17543859649122806,0.07894736842105263,0.017543859649122806,0.5175438596491229,0.01754385964912284,0.07894736842105259,0.0,0.1754385964912281,0.0,0.0789473684210525,0.1315789473684211,none,0.5175438596491229,30.16419953699915,2
Figure_5A__Figure_5A_DMSO__Snap-184-Bild-Export-06,DMSO,DMSO,45,13,17,2,7,203.47564447498527,102,0.4651653764954258,0.6764705882352942,110.56448449046619,253.9403945214229,0.43137254901960786,6,0.12745098039215685,3.7134831460674156,0.45844379956632014,102.94439285855825,101.03226845651865,107.65234375000001,0.28993666432090076,0.46078431372549017,80.81295988724605,207.44718990876777,0.2647058823529412,10,0.22549019607843135,2.607594936708861,0.5047143196337875,73.3467873718997,79.25811902161105,98.72265625000001,0.28430682617874736,0.4215686274509804,76.55329984612226,178.1295097023576,0.2647058823529412,9,0.4019607843137255,3.3114754098360657,0.5064649198394084,66.2676351330168,81.90531599913113,94.75390625000001,0.4117647058823529,0.5675675675675675,0.7055888273772093,0.28431372549019607,0.3493975903614458,0.2483079375098185,0.22549019607843138,0.34328358208955223,0.44345141639018937,0.17647058823529413,0.0196078431372549,0.10784313725490197,0.16666666666666663,0.10784313725490202,0.019607843137254773,0.02941176470588244,0.17647058823529416,0.08823529411764704,0.21568627450980382,0.19607843137254913,AJ+TJ,0.21568627450980382,26.84375256925927,2
Figure_5A__Figure_5A_DMSO__Snap-184-Bild-Export-06,DMSO,DMSO,47,17,16,7,9,190.77279861463575,95,0.3231114435302917,0.4631578947368421,95.2126610568982,254.00000000000003,0.3684210526315789,9,0.19999999999999996,2.8377192982456143,0.5701486264325044,83.80713451197202,90.87137210301955,107.65234375000001,0.0987284966342558,0.1368421052631579,51.794535046369546,210.70267961781366,0.17894736842105263,10,0.6105263157894737,1.7837837837837838,0.5701481127947507,46.251325924052225,50.898098091466906,98.72265625000001,0.07778608825729244,0.08421052631578947,45.72735522488829,163.82934501438706,0.15789473684210525,3,0.6842105263157895,1.7333333333333334,0.49254801826406525,42.58554406147405,44.351064655446976,94.75390625000001,0.12631578947368421,0.26666666666666666,0.7895444968307104,0.08421052631578947,0.18181818181818182,0.6736840962162852,0.031578947368421054,0.16666666666666666,0.5967929897350543,0.28421052631578947,0.010526315789473684,0.0,0.5263157894736844,0.0,0.010526315789473707,0.0,0.28421052631578936,0.05263157894736844,0.09473684210526312,0.031578947368421026,none,0.5263157894736844,25.16791538451659,1
Figure_5A__Figure_5A_DMSO__Snap-184-Bild-Export-06,DMSO,DMSO,48,15,17,20,7,79.1729140167379,40,0.4755877034358047,0.675,103.02246546321098,245.0603820957176,0.375,4,0.09999999999999998,3.6944444444444446,0.47985007174763455,86.20778815903026,106.86031442715137,107.65234375000001,0.4358047016274864,0.65,96.11815261519665,253.15870905520532,0.3,4,0.125,3.442857142857143,0.5227886441580694,79.3775087877544,107.21293128805227,98.72265625000001,0.6690777576853526,0.8,109.82683427210581,207.265276358012,0.775,2,0.125,5.371428571428571,0.3499539192325729,99.03351461026242,116.45966461091334,94.75390625000001,0.5,0.6060606060606061,0.7052608488622311,0.675,0.84375,0.7812748736068154,0.575,0.6571428571428571,0.6497887530341763,0.0,0.075,0.05,0.12500000000000006,0.05000000000000002,0.07500000000000002,0.07499999999999994,0.0,0.1749999999999999,0.0,0.5000000000000001,AJ+TJ+actin,0.5000000000000001,10.444975463949591,3
Figure_5A__Figure_5A_V10__Snap-190-Bild-Export-12,BRAFi,V10,5,1,0,14,22,341.4728053950093,171,0.19145370758273983,0.23391812865497075,68.67327278775414,254.0,0.12280701754385964,19,0.42690058479532167,2.3316326530612246,0.7905523807221061,65.51744382764883,59.55031993207537,107.65234375000001,0.2488479262672811,0.28654970760233917,57.16292148461665,215.9629795073069,0.15789473684210525,21,0.29239766081871343,2.4545454545454546,0.7337634354132945,50.96639198985921,58.79056301182545,73.79942333726223,0.30498533724340177,0.36257309941520466,72.87797157491909,254.00000000000003,0.4678362573099415,4,0.23391812865497075,2.7786259541984735,0.6925338676419946,65.68397632856691,71.8733320416287,88.80078125000001,0.13450292397660818,0.3484848484848485,0.65963241836768,0.14619883040935672,0.3246753246753247,0.6262602193823896,0.1871345029239766,0.4050632911392405,0.6481199881703417,0.07602339181286549,0.08771929824561403,0.15204678362573099,0.4619883040935674,0.15204678362573093,0.08771929824561392,0.06432748538011676,0.07602339181286547,0.02339181286549707,0.011695906432748577,0.12280701754385982,none,0.4619883040935674,45.04918276979014,0
Figure_5A__Figure_5A_V10__Snap-190-Bild-Export-12,BRAFi,V10,6,2,1,7,14,299.75034982280806,150,0.0761904761904762,0.1,51.03014536365753,232.19627787161866,0.06666666666666667,8,0.74,2.051282051282051,0.7644442425710328,44.8877253663187,46.93952569793433,107.65234375000001,0.16142857142857142,0.21333333333333335,48.79575050463731,161.42208719064786,0.12,20,0.4066666666666666,1.904494382022472,0.8006553993388967,38.08298005940556,53.90341196132542,73.79942333726223,0.16857142857142857,0.24,58.42122887506568,252.24527719689812,0.22,13,0.42000000000000004,2.0344827586206895,0.49123311004032,54.07597282924278,54.2673627913278,88.80078125000001,0.09333333333333334,0.42424242424242425,0.8100243138371461,0.006666666666666667,0.02,0.10891584908812023,0.03333333333333333,0.07936507936507936,0.27992355533438723,0.006666666666666667,0.09333333333333334,0.20666666666666667,0.5733333333333334,0.20666666666666686,0.09333333333333317,0.026666666666666543,0.006666666666666707,0.0,0.08666666666666673,0.0066666666666666125,none,0.5733333333333334,39.544901032032726,1
Figure_5A__Figure_5A_V10__Snap-190-Bild-Export-12,BRAFi,V10,7,3,2,11,7,255.9136669864595,128,0.05803571428571429,0.0546875,46.13287462181541,253.86832133236885,0.0390625,14,0.75,1.625,0.7653749516204769,41.319922688911035,42.29569617029935,107.65234375000001,0.06975446428571429,0.0859375,34.38110748349676,172.92744988865,0.0859375,9,0.734375,1.838235294117647,0.730807772262994,30.52937854738901,34.974441935368354,73.79942333726223,0.2421875,0.3203125,66.28944567788024,254.0,0.328125,5,0.4921875,3.3384615384615386,0.6272784924063739,61.543396334969316,65.90496954887558,88.80078125000001,0.0234375,0.2,0.7795187123639183,0.046875,0.14285714285714285,0.666065682250973,0.078125,0.23809523809523808,0.7387040701597486,0.0078125,0.0078125,0.21875,0.6640624999999999,0.21875,0.00781250000000002,0.05468750000000003,0.007812499999999992,0.02343749999999997,0.0,0.02343750000000006,none,0.6640624999999999,33.76169749161735,1
Figure_5A__Figure_5A_V10__Snap-190-Bild-Export-12,BRAFi,V10,8,4,3,17,11,284.48908651377536,142,0.01710261569416499,0.007042253521126761,32.0122972834536,166.2908719995175,0.028169014084507043,6,0.9014084507042254,1.2142857142857142,0.576350527713689,29.866872693156854,27.888292630295684,107.65234375000001,0.035211267605633804,0.028169014084507043,26.192196632508082,118.17835391292944,0.056338028169014086,11,0.7887323943661972,1.1666666666666667,0.8156629956354398,26.154510558934433,24.44343394853502,73.79942333726223,0.17655935613682092,0.21830985915492956,48.41036676524159,254.00000000000006,0.24647887323943662,4,0.7183098591549295,4.3875,0.45831769896984814,48.34686589901701,45.48565901914514,88.80078125000001,0.0,0.0,0.4807457815222292,0.007042253521126761,0.03225806451612903,0.3901238786518278,0.028169014084507043,0.12903225806451613,0.782593991549096,0.0,0.0,0.18309859154929578,0.7816901408450704,0.1830985915492958,0.0,0.028169014084507022,0.0,0.007042253521126762,0.0,0.0,none,0.7816901408450704,37.53154175643474,1
Figure_5A__Figure_5A_V10__Snap-190-Bild-Export-12,BRAFi,V10,9,5,3,19,11,169.29523288379505,85,0.19864750633981404,0.27058823529411763,78.99253433288817,254.0,0.18823529411764706,10,0.4,2.303921568627451,0.7062804334693655,74.10762169853476,74.16423130615073,107.65234375000001,0.25274725274725274,0.32941176470588235,56.72926354998663,211.17640378301184,0.4117647058823529,9,0.3764705882352941,2.8207547169811322,0.7032324333416596,56.98763601211099,53.21462554224522,73.79942333726223,0.42772612003381233,0.5411764705882353,90.62886336006041,254.0,0.47058823529411764,3,0.3294117647058824,4.43859649122807,0.44164544149790064,86.3086813924853,89.54837478300107,88.80078125000001,0.16470588235294117,0.3783783783783784,0.7297149762096268,0.24705882352941178,0.4375,0.628887508925529,0.2823529411764706,0.48,0.6816648086951678,0.011764705882352941,0.03529411764705882,0.16470588235294117,0.39999999999999997,0.1647058823529411,0.035294117647058774,0.12941176470588234,0.011764705882353009,0.09411764705882347,0.011764705882352925,0.15294117647058822,none,0.39999999999999997,22.334463441133913,0
Figure_5A__Figure_5A_V10__Snap-190-Bild-Export-12,BRAFi,V10,10,4,5,17,19,294.414630295745,147,0.015063168124392614,0.0,35.00026336985656,160.850160964141,0.02040816326530612,11,0.8775510204081632,0.8611111111111112,0.5407436972335551,33.303412743182264,30.06607811177327,107.65234375000001,0.023809523809523808,0.013605442176870748,26.944175054012312,109.96641807055981,0.027210884353741496,14,0.8435374149659864,1.065217391304348,0.6681920630099959,26.086446147972175,24.554729196755453,73.79942333726223,0.021865889212827987,0.027210884353741496,27.8110849536822,157.48907011975516,0.02040816326530612,3,0.9455782312925171,2.8125,0.732659623192646,27.825961297161044,25.644286053062547,88.80078125000001,0.0,0.0,0.7672071950279344,0.0,0.0,0.6455671497659353,0.006802721088435374,0.2,0.6525341318325946,0.0,0.006802721088435374,0.02040816326530612,0.9659863945578231,0.020408163265306103,0.006802721088435258,0.006802721088435373,0.0,0.0,0.0,0.0,none,0.9659863945578231,38.84098025009828,1
Figure_5A__Figure_5A_V10__Snap-190-Bild-Export-12,BRAFi,V10,11,3,6,11,4,12.617164120072832,6,0.8571428571428571,1.0,154.28836365147748,254.0,1.0,1,0.0,6.083333333333333,0.1672130906264891,142.039840053842,164.56102757332914,107.65234375000001,0.978021978021978,1.0,127.53259016449685,241.98346455114762,1.0,1,0.0,6.861111111111112,0.02947412910639885,139.8418178529276,117.28448658672976,73.79942333726223,1.0,1.0,243.1749632649912,254.00000000000003,1.0,1,0.0,7.0,0.0,231.60899551785158,253.0461759802763,88.80078125000001,1.0,1.0,0.937104217185906,1.0,1.0,0.6699777436190376,1.0,1.0,0.6062911506277947,0.0,0.0,0.0,0.0,0.0,0.0,0.0,0.0,0.0,0.0,1.0,AJ+TJ+actin,1.0,1.6645335250755715,3
Figure_5A__Figure_5A_V10__Snap-190-Bild-Export-12,BRAFi,V10,12,6,2,4,7,176.90207275573317,88,0.44794188861985473,0.5795454545454546,115.9395481488166,254.0,0.2727272727272727,8,0.17045454545454541,3.7945205479452055,0.5711848511072586,115.46433763608597,104.67057844965467,107.65234375000001,0.513317191283293,0.7045454545454546,78.85963580626387,213.09917821239713,0.5113636363636364,4,0.15909090909090906,4.283783783783784,0.42910325823227796,79.14303899229509,73.68175551141343,73.79942333726223,0.30912025827280065,0.3522727272727273,79.57834089224185,254.0,0.22727272727272727,8,0.30681818181818177,3.136612021857923,0.7663673759670636,79.91573026927172,73.7782006364583,88.80078125000001,0.5568181818181818,0.765625,0.9333417487596518,0.26136363636363635,0.3898305084745763,0.5949102721265348,0.29545454545454547,0.3880597014925373,0.6527150656851365,0.011363636363636364,0.10227272727272728,0.045454545454545456,0.22727272727272724,0.045454545454545435,0.10227272727272722,0.04545454545454546,0.011363636363636345,0.011363636363636345,0.30681818181818205,0.24999999999999992,AJ+TJ,0.30681818181818205,23.33800432133683,2
Figure_5A__Figure_5A_V10__Snap-190-Bild-Export-12,BRAFi,V10,13,5,6,19,4,311.52212469219353,156,0.37637362637362637,0.48717948717948717,98.89150564478821,254.0,0.23076923076923078,12,0.15384615384615385,3.1136363636363638,0.6557572585823106,90.33826532848241,93.09835054089032,107.65234375000001,0.29212454212454214,0.38461538461538464,59.4823397535963,244.91950400358246,0.14102564102564102,12,0.32692307692307687,3.038095238095238,0.6479177172631349,56.35092426377385,57.04911457623341,73.79942333726223,0.21336996336996336,0.27564102564102566,64.35384042383167,254.0,0.14743589743589744,12,0.46794871794871795,2.8072289156626504,0.6999064467788993,54.85957807086572,67.1076633285271,88.80078125000001,0.358974358974359,0.7,0.8776749387609882,0.1987179487179487,0.3522727272727273,0.6932998662998549,0.1794871794871795,0.37333333333333335,0.762293822526543,0.10256410256410256,0.019230769230769232,0.07051282051282051,0.41666666666666663,0.07051282051282051,0.019230769230769183,0.0064102564102563025,0.10256410256410271,0.025641025641025574,0.18589743589743582,0.17307692307692324,none,0.41666666666666663,41.09790563221551,2
Figure_5A__Figure_5A_V10__Snap-190-Bild-Export-12,BRAFi,V10,15,6,1,4,14,63.11769676933953,32,0.5986394557823129,0.875,134.30375022810978,254.0,0.53125,2,0.03125,4.354838709677419,0.4258131895890304,124.16249406830575,126.08846216909963,107.65234375000001,0.5260770975056689,0.65625,82.16743159641624,196.82908862897239,1.0,1,0.0,3.703125,0.5616571062308524,75.34244176470185,82.12445948798182,73.79942333726223,0.17233560090702948,0.25,63.93675362702923,159.04808615062169,0.15625,6,0.53125,2.6333333333333333,0.7352676319725371,62.40222680951179,60.15308355205428,88.80078125000001,0.65625,0.75,0.9322941747102774,0.25,0.2857142857142857,0.8475946419911998,0.25,0.38095238095238093,0.8996655296672285,0.21875,0.0,0.0,0.12500000000000003,0.0,0.0,0.0,0.21875000000000006,0.0,0.40624999999999994,0.25,AJ+TJ,0.40624999999999994,8.326872924714978,2
Figure_5A__Figure_5A_V10__Snap-190-Bild-Export-12,BRAFi,V10,16,7,1,1,14,403.43534936194783,202,0.21233605104572847,0.2871287128712871,69.74183500914494,254.0,0.1188118811881188,16,0.5198019801980198,3.0876288659793816,0.6018867532111131,61.28640760795298,67.59649071968929,107.65234375000001,0.217298830202056,0.3118811881188119,52.66525867085372,225.15850324120763,0.13861386138613863,22,0.39603960396039606,2.512295081967213,0.6458899665015226,46.61442594712642,54.21083115908664,73.79942333726223,0.05955334987593052,0.06930693069306931,44.35249028819742,223.3474438759626,0.034653465346534656,14,0.7920792079207921,2.0,0.7849021777084254,43.16289032973149,42.42020093672333,88.80078125000001,0.2079207920792079,0.5316455696202531,0.7611452478703196,0.0297029702970297,0.09090909090909091,0.3378675180417609,0.024752475247524754,0.06944444444444445,0.4784081498828872,0.06930693069306931,0.09900990099009901,0.034653465346534656,0.5742574257425745,0.03465346534653457,0.09900990099009893,0.004950495049504939,0.06930693069306927,0.009900990099009913,0.1881188118811881,0.019801980198019792,none,0.5742574257425745,53.223660865692324,2
Figure_5A__Figure_5A_V10__Snap-190-Bild-Export-12,BRAFi,V10,17,4,8,17,20,177.4053393615541,89,0.005649717514124294,0.0,33.68522353668708,134.00793830931434,0.033707865168539325,3,0.9438202247191011,0.7,0.3499271061118826,31.197515219606696,31.023434343854728,107.65234375000001,0.0016142050040355124,0.0,13.51304161949653,80.3132117653388,0.011235955056179775,2,0.9775280898876404,0.5,0.0,12.926973044826342,12.942827024985654,73.79942333726223,0.08313155770782889,0.11235955056179775,48.43251531268175,127.09026404841252,0.23595505617977527,3,0.7078651685393258,1.9807692307692308,0.42861631174066245,42.66052629183935,50.36827120320719,88.80078125000001,0.0,,0.6237969468164768,0.0,0.0,0.7591044852125025,0.0,0.0,0.6633285162749181,0.0,0.0,0.11235955056179775,0.8876404494382021,0.11235955056179794,0.0,0.0,0.0,0.0,0.0,0.0,none,0.8876404494382021,23.404398332658854,1
Figure_5A__Figure_5A_V10__Snap-190-Bild-Export-12,BRAFi,V10,18,8,5,20,19,200.03687211804552,100,0.445,0.62,105.11979364183067,254.0,0.42,5,0.18999999999999995,3.845679012345679,0.5019485181003769,98.4759971840388,100.44785525075694,107.65234375000001,0.085,0.12,41.91289034869508,242.60752485602336,0.09,12,0.62,1.5657894736842106,0.8642398561264397,39.95889243214847,40.879883180628894,73.79942333726223,0.185,0.25,61.667910896832595,181.58171799263133,0.23,5,0.48,2.4903846153846154,0.6859451244552707,66.70371729846293,54.528470528639154,88.80078125000001,0.12,0.1935483870967742,0.732056342683886,0.21,0.3181818181818182,0.7052932488817291,0.08,0.27586206896551724,0.6968531201614252,0.37,0.0,0.04,0.3399999999999999,0.04000000000000001,0.0,0.0,0.37000000000000016,0.12999999999999987,0.04000000000000004,0.07999999999999995,AJ only,0.37000000000000016,26.39008866992685,1
Figure_5A__Figure_5A_V10__Snap-190-Bild-Export-12,BRAFi,V10,19,6,7,4,1,225.61641962813096,113,0.5695322376738305,0.7433628318584071,135.68548495660735,254.00000000000003,0.7787610619469026,2,0.06194690265486724,4.25,0.430370814148174,126.46557415277654,124.87036639268953,107.65234375000001,0.3438685208596713,0.5309734513274337,64.00586022179142,206.66573371706173,0.5132743362831859,8,0.2654867256637168,3.2771084337349397,0.44765464359346907,59.83062173545337,60.27874516086954,73.79942333726223,0.3843236409608091,0.5929203539823009,77.93054788595173,249.62299919146557,0.6814159292035398,1,0.31858407079646023,3.948051948051948,0.33574393097771055,78.23015492033494,66.70900819387244,88.80078125000001,0.5309734513274337,0.7142857142857143,0.851490789402808,0.5309734513274337,0.6593406593406593,0.7724593403315794,0.4690265486725664,0.7162162162162162,0.8375606657704056,0.1504424778761062,0.0,0.061946902654867256,0.1946902654867257,0.061946902654867256,0.0,0.0,0.15044247787610623,0.06194690265486713,0.061946902654867235,0.4690265486725663,AJ+TJ+actin,0.4690265486725663,29.76469915938403,0
Figure_5A__Figure_5A_V10__Snap-190-Bild-Export-12,BRAFi,V10,20,9,1,13,14,157.22739524668887,79,0.3612374886260237,0.4936708860759494,96.7599047995231,254.0,0.3670886075949367,5,0.22784810126582278,3.278688524590164,0.6419890964806177,97.05907967616969,84.93152936211493,107.65234375000001,0.3903548680618744,0.5443037974683544,68.74084341694727,178.9929261778603,0.22784810126582278,9,0.11392405063291144,3.092857142857143,0.6050676091145633,68.15969277641508,66.47762906728755,73.79942333726223,0.27934485896269334,0.31645569620253167,72.13740896373112,254.00000000000003,0.27848101265822783,4,0.5696202531645569,4.514705882352941,0.5481708236458521,71.27292486129372,68.90490200800988,88.80078125000001,0.3670886075949367,0.5471698113207547,0.7439878777221017,0.27848101265822783,0.5238095238095238,0.6668830436837355,0.27848101265822783,0.4782608695652174,0.665165116116344,0.12658227848101267,0.17721518987341772,0.0379746835443038,0.2911392405063292,0.03797468354430381,0.17721518987341783,0.0,0.12658227848101264,0.0,0.0886075949367087,0.2784810126582278,none,0.2911392405063292,20.74240042832307,2
Figure_5A__Figure_5A_V10__Snap-190-Bild-Export-12,BRAFi,V10,21,7,9,1,13,348.1306128109966,174,0.23891625615763548,0.3333333333333333,76.08453727854942,253.61093711397893,0.2471264367816092,14,0.40804597701149425,2.825242718446602,0.6329324143616968,73.2606806202873,66.11781465304664,107.65234375000001,0.17651888341543515,0.22988505747126436,46.358299817422704,173.53264367586416,0.28735632183908044,16,0.4770114942528736,2.3626373626373627,0.7001815417838723,41.886902403019434,46.89501725088059,73.79942333726223,0.15229885057471265,0.20114942528735633,51.35381616178095,199.31985355913866,0.16666666666666666,10,0.5747126436781609,2.5067567567567566,0.5598493705482758,39.539459438051644,57.11524121242589,88.80078125000001,0.21839080459770116,0.6333333333333333,0.8588620324173454,0.14942528735632185,0.3880597014925373,0.698200942541128,0.11494252873563218,0.36363636363636365,0.7535291931376569,0.07471264367816093,0.005747126436781609,0.04597701149425287,0.6091954022988505,0.04597701149425294,0.005747126436781609,0.00574712643678166,0.07471264367816097,0.04022988505747115,0.10919540229885064,0.10919540229885058,none,0.6091954022988505,45.9275214790233,2
Figure_5A__Figure_5A_V10__Snap-190-Bild-Export-12,BRAFi,V10,23,10,1,2,14,95.43292527475431,48,0.7112781954887218,0.9583333333333334,144.10460671584462,254.0,0.6458333333333334,2,0.02083333333333337,5.1063829787234045,0.26097440274649325,131.73625038848908,137.10252426113473,107.65234375000001,0.45263157894736844,0.7083333333333334,70.61103068323149,153.32619233974916,0.5625,3,0.08333333333333337,3.465909090909091,0.43864637499979053,58.34525773684894,77.1188068656044,73.79942333726223,0.5669172932330827,0.8125,98.71656076779126,221.67987500746483,0.5416666666666666,3,0.0625,4.2444444444444445,0.37054601631875383,86.72490158649089,101.5632025069354,88.80078125000001,0.6875,0.7021276595744681,0.478392234130409,0.7916666666666666,0.8085106382978723,0.29018800901424296,0.625,0.6976744186046512,0.4354408730347331,0.08333333333333333,0.0,0.0,0.02083333333333335,0.0,0.0,0.02083333333333333,0.08333333333333325,0.1875,0.0833333333333334,0.6041666666666667,AJ+TJ+actin,0.6041666666666667,12.590095682685265,3
Figure_5A__Figure_5A_V10__Snap-190-Bild-Export-12,BRAFi,V10,24,9,10,13,2,508.44063491745726,254,0.3560179977502812,0.4566929133858268,96.3863057566245,254.0,0.2440944881889764,25,0.19291338582677164,3.0878048780487806,0.6411275036139683,88.77902496134774,89.44730313164047,107.65234375000001,0.3093363329583802,0.41338582677165353,61.57646018311196,205.38325600122113,0.2559055118110236,23,0.2559055118110236,2.9100529100529102,0.6467464663494785,57.688108865036746,58.77901210667424,73.79942333726223,0.22300337457817773,0.32677165354330706,64.64074985313675,249.73498669390972,0.14960629921259844,13,0.49606299212598426,3.09765625,0.565324531309765,58.45813032045604,65.22521543679059,88.80078125000001,0.3346456692913386,0.625,0.8358024569334749,0.2677165354330709,0.5190839694656488,0.6652432070504573,0.27165354330708663,0.5798319327731093,0.7419150891325149,0.0984251968503937,0.051181102362204724,0.031496062992125984,0.43307086614173224,0.031496062992126005,0.05118110236220481,0.02755905511811031,0.09842519685039386,0.023622047244094387,0.09055118110236217,0.24409448818897622,none,0.43307086614173224,67.0766009125933,2
Figure_5A__Figure_5A_V10__Snap-190-Bild-Export-12,BRAFi,V10,25,5,11,19,21,303.19453332266505,152,0.3941537010843942,0.5460526315789473,99.94185690751165,254.0,0.2631578947368421,10,0.14473684210526316,3.226923076923077,0.5895834202967795,96.4164634012077,89.98064868565355,107.65234375000001,0.47996228194248,0.631578947368421,76.42538414855885,229.34294211019986,0.40131578947368424,7,0.046052631578947345,3.527586206896552,0.5274028656039025,76.8718272732897,70.41122918591401,73.79942333726223,0.18010372465818011,0.25,60.072305760948645,212.59088360310403,0.1513157894736842,12,0.493421052631579,2.5,0.715686937290176,61.85032616672526,53.94725765521553,88.80078125000001,0.4407894736842105,0.5982142857142857,0.7195501721690833,0.21710526315789475,0.375,0.718244422833067,0.19736842105263158,0.28846153846153844,0.577724812424985,0.06578947368421052,0.17105263157894737,0.013157894736842105,0.24999999999999992,0.013157894736842101,0.1710526315789474,0.0197368421052632,0.06578947368421054,0.039473684210526314,0.2631578947368421,0.1776315789473684,AJ+TJ,0.2631578947368421,39.999278802462406,2
Figure_5A__Figure_5A_V10__Snap-190-Bild-Export-12,BRAFi,V10,26,11,6,21,4,78.2529255897245,39,0.5586080586080586,0.7435897435897436,120.82328702488716,253.85825264044684,0.6410256410256411,3,0.10256410256410253,4.357142857142857,0.4393931952196972,105.03908194789713,122.93674893193922,107.65234375000001,0.6575091575091575,0.7948717948717948,95.99836599157652,210.68528818424446,0.9487179487179487,2,0.02564102564102566,4.723684210526316,0.45862983179840794,86.90086074596445,100.11195806709419,73.79942333726223,0.706959706959707,0.9743589743589743,118.92207976832637,254.0,1.0,1,0.0,4.948717948717949,0.3384375683204735,96.88080632257169,133.67157945776427,88.80078125000001,0.717948717948718,0.875,0.8079237922759005,0.7435897435897436,0.7631578947368421,0.6985819716771184,0.7948717948717948,0.8157894736842105,0.7378636854398422,0.0,0.0,0.15384615384615385,0.02564102564102564,0.1538461538461538,0.0,0.07692307692307697,0.0,0.025641025641025647,0.0,0.717948717948718,AJ+TJ+actin,0.717948717948718,10.323604959066557,3
Figure_5A__Figure_5A_V10__Snap-190-Bild-Export-12,BRAFi,V10,27,8,11,20,21,132.43451483327414,66,0.5021645021645021,0.803030303030303,112.14990369550218,254.0,0.5909090909090909,2,0.045454545454545414,3.6825396825396823,0.3872959360653643,103.13602941522785,105.1183482060168,107.65234375000001,0.41883116883116883,0.6666666666666666,68.9893199700576,188.95264137720199,0.6212121212121212,3,0.06060606060606055,3.120967741935484,0.5071779438343803,67.20352234866483,66.8132357686241,73.79942333726223,0.31385281385281383,0.48484848484848486,73.44395631553489,191.51943720135353,0.3787878787878788,5,0.2272727272727273,2.843137254901961,0.5366917643681026,81.51846652006049,62.62741534374031,88.80078125000001,0.6515151515151515,0.7962962962962963,0.5660349852184728,0.48484848484848486,0.6037735849056604,0.6941870781404127,0.3939393939393939,0.52,0.5137108669662273,0.06060606060606061,0.015151515151515152,0.0,0.18181818181818185,0.0,0.015151515151515152,0.0,0.060606060606060684,0.09090909090909087,0.2575757575757575,0.3939393939393939,AJ+TJ+actin,0.3939393939393939,17.47157187774065,2
Figure_5A__Figure_5A_V10__Snap-190-Bild-Export-12,BRAFi,V10,28,11,12,21,8,92.8380392282878,46,0.3533026113671275,0.4782608695652174,98.67156775825404,254.0,0.3695652173913043,5,0.13043478260869568,2.854166666666667,0.5694834189719569,93.77616839445506,86.17629143776469,107.65234375000001,0.7142857142857143,0.9347826086956522,98.09287396718722,224.9995340778211,1.0,1,0.0,5.007246376811594,0.30804501929413713,106.21781068697838,82.23759760939257,73.79942333726223,0.47465437788018433,0.8043478260869565,90.86227281566283,254.0,0.717391304347826,3,0.04347826086956519,3.465909090909091,0.4061738010732749,93.25838183016953,82.51326031336062,88.80078125000001,0.45652173913043476,0.4772727272727273,0.5726852307016634,0.45652173913043476,0.5526315789473685,0.5619958103236501,0.8043478260869565,0.8604651162790697,0.3510997199833037,0.021739130434782608,0.13043478260869565,0.0,0.04347826086956525,0.0,0.13043478260869562,0.34782608695652184,0.021739130434782605,0.0,0.0,0.4565217391304348,AJ+TJ+actin,0.4565217391304348,12.247762431172532,3
Figure_5A__Figure_5A_V10__Snap-190-Bild-Export-12,BRAFi,V10,29,12,6,8,4,296.99165381629837,148,0.45646945646945647,0.5945945945945946,111.92740282430329,254.00000000000003,0.17567567567567569,12,0.20945945945945943,4.032763532763533,0.5282160192448196,103.18622701379294,108.14895254596583,107.65234375000001,0.4136604136604137,0.5743243243243243,71.30417371628484,225.43500176745135,0.18243243243243243,15,0.22972972972972971,3.758771929824561,0.5218479086262059,65.30023349945958,72.08699522560687,73.79942333726223,0.17075517075517074,0.1891891891891892,56.75095545486633,254.0,0.08783783783783784,9,0.6756756756756757,3.6979166666666665,0.6691134099729832,51.00461377317514,59.229028872882076,88.80078125000001,0.5,0.7474747474747475,0.8560909036461923,0.1891891891891892,0.3181818181818182,0.7759204157462122,0.1891891891891892,0.32941176470588235,0.8196112484588933,0.0945945945945946,0.07432432432432433,0.0,0.33108108108108103,0.0,0.07432432432432447,0.0,0.09459459459459449,0.0,0.3108108108108109,0.18918918918918912,none,0.33108108108108103,39.18095696784939,2
Figure_5A__Figure_5A_V10__Snap-190-Bild-Export-12,BRAFi,V10,30,13,1,16,14,59.116014601737504,30,0.3389830508474576,0.5,93.62232398206996,222.3472210776779,0.3333333333333333,3,0.23333333333333328,3.0869565217391304,0.5332618314828887,84.97349176293709,90.39218037678006,107.65234375000001,0.14285714285714285,0.2,53.9061183594327,179.24159290439638,0.2,6,0.5,1.9666666666666666,0.6788130303220606,47.34855873672578,57.95503543815235,73.79942333726223,0.031476997578692496,0.0,51.15223087904077,112.81498147466012,0.1,4,0.8,1.0833333333333333,0.49254801826406536,54.88649968751129,44.397463594470125,88.80078125000001,0.16666666666666666,0.3125,0.4182309579873667,0.0,0.0,0.5995574751756498,0.0,0.0,0.10269721806614136,0.3333333333333333,0.03333333333333333,0.0,0.46666666666666656,0.0,0.033333333333333326,0.0,0.3333333333333334,0.0,0.16666666666666669,0.0,none,0.46666666666666656,7.798946517379618,2
Figure_5A__Figure_5A_V10__Snap-190-Bild-Export-12,BRAFi,V10,31,10,13,2,16,210.70176818197655,105,0.3033175355450237,0.44761904761904764,86.08497239625227,244.8554799402363,0.29523809523809524,10,0.19047619047619047,2.6137254901960785,0.5956300155165515,81.46609719946159,76.46834900055367,107.65234375000001,0.24170616113744076,0.3333333333333333,55.831923533389464,144.4705290775122,0.17142857142857143,12,0.21904761904761905,2.16869918699187,0.5632677184041154,50.000670412434516,56.60672983762225,73.79942333726223,0.1069735951252539,0.14285714285714285,57.40017057542508,192.10720449909059,0.13333333333333333,13,0.6666666666666667,2.223809523809524,0.7624028529727945,52.507650638305925,57.13548387672924,88.80078125000001,0.23809523809523808,0.43859649122807015,0.6528581842795468,0.10476190476190476,0.21568627450980393,0.42844831880187956,0.05714285714285714,0.13636363636363635,0.21715078378702155,0.14285714285714285,0.0761904761904762,0.01904761904761905,0.43809523809523804,0.019047619047619122,0.07619047619047613,0.019047619047619122,0.14285714285714293,0.0666666666666666,0.2,0.03809523809523811,none,0.43809523809523804,27.797067042477117,2
Figure_5A__Figure_5A_V10__Snap-190-Bild-Export-12,BRAFi,V10,32,12,7,8,1,31.064787998205098,16,0.7557603686635944,1.0,159.153802572393,254.0,1.0,1,0.0,5.3125,0.16926464199927246,140.1464776362768,158.11146000952346,107.65234375000001,0.2488479262672811,0.3125,57.43961237376573,163.39601114603775,0.1875,4,0.375,2.7,0.816496580927726,54.135338888994276,53.83465753740742,73.79942333726223,0.12903225806451613,0.1875,57.93345276041772,159.44618416278198,0.1875,4,0.5,1.75,0.989743318610787,58.62903668557419,50.38432753313713,88.80078125000001,0.3125,0.3125,0.6251981762613851,0.1875,0.1875,0.23217676606055226,0.125,0.3333333333333333,0.6746322806344998,0.625,0.0,0.0,0.0,0.0,0.0,0.0,0.625,0.06249999999999996,0.18750000000000006,0.12499999999999996,AJ only,0.625,4.098256991847638,2
Figure_5A__Figure_5A_V10__Snap-190-Bild-Export-12,BRAFi,V10,34,12,9,8,13,184.63720039737655,92,0.5544401544401545,0.782608695652174,117.65737096234845,253.71673558470496,0.717391304347826,3,0.021739130434782594,3.9722222222222223,0.4337581349261949,108.97936875181827,110.6596906912276,107.65234375000001,0.5644787644787644,0.75,84.8492268421613,215.69058232906784,0.717391304347826,3,0.021739130434782594,4.037037037037037,0.47610613038122457,81.96047844009482,81.17580391110081,73.79942333726223,0.36525096525096523,0.45652173913043476,83.62418450262643,246.86558608291176,0.44565217391304346,4,0.2282608695652174,3.295774647887324,0.6474535271639931,87.71195062462611,72.91762696204701,88.80078125000001,0.7065217391304348,0.8552631578947368,0.8274981683614137,0.45652173913043476,0.5833333333333334,0.6659358578833796,0.45652173913043476,0.6086956521739131,0.7252876566513095,0.07608695652173914,0.043478260869565216,0.0,0.1739130434782609,0.0,0.043478260869565376,0.0,0.07608695652173908,0.0,0.24999999999999978,0.4565217391304349,AJ+TJ+actin,0.4565217391304349,24.358469709416433,2
Figure_5A__Figure_5A_V10__Snap-190-Bild-Export-12,BRAFi,V10,36,14,12,6,8,306.735320995307,153,0.5067473243369008,0.7843137254901961,110.67655601101299,252.89078567014832,0.29411764705882354,7,0.05228758169934644,3.7402298850574707,0.4173551431180411,107.89737276872147,95.49742365837321,107.65234375000001,0.5476966030711959,0.8169934640522876,80.23483545881942,240.05529536650755,0.43790849673202614,7,0.065359477124183,4.100233100233099,0.3840947559745222,80.32702475838254,71.46807995665733,73.79942333726223,0.25453699395067475,0.37254901960784315,70.65839475594498,220.45908999736739,0.1568627450980392,14,0.30065359477124187,2.5482866043613708,0.5913080481138246,63.28073211981745,69.97826520959148,88.80078125000001,0.7189542483660131,0.8148148148148148,0.6071545029835996,0.32679738562091504,0.3937007874015748,0.31956127261682027,0.33986928104575165,0.4,0.2990573663626039,0.0392156862745098,0.058823529411764705,0.006535947712418301,0.11111111111111101,0.006535947712418267,0.05882352941176473,0.03921568627450984,0.039215686274510046,0.026143790849673137,0.4183006535947713,0.3006535947712417,AJ+TJ,0.4183006535947713,40.46640118671596,2
Figure_5A__Figure_5A_V10__Snap-190-Bild-Export-12,BRAFi,V10,37,11,14,21,6,493.31016901388693,247,0.49290060851926976,0.6680161943319838,114.83968265208973,254.00000000000003,0.25101214574898784,12,0.10526315789473684,3.8506787330316743,0.4897763949377569,103.89597232336338,108.705867931468,107.65234375000001,0.6337293538104897,0.8340080971659919,97.17445733515319,253.59264931998834,0.5263157894736842,4,0.01619433198380571,4.506172839506172,0.4261881386403582,89.61474735995223,95.05923788085298,73.79942333726223,0.337003767024051,0.44534412955465585,77.92925175355573,254.0,0.17813765182186234,16,0.3724696356275303,3.7516129032258063,0.5665303511825585,72.27681851633847,76.16378600230055,88.80078125000001,0.6477732793522267,0.7582938388625592,0.8031409494070207,0.41700404858299595,0.5988372093023255,0.7316958162899897,0.43724696356275305,0.5192307692307693,0.8064628284295354,0.016194331983805668,0.16194331983805668,0.004048582995951417,0.14170040485829952,0.004048582995951414,0.1619433198380567,0.024291497975708478,0.016194331983805654,0.004048582995951414,0.23481781376518227,0.41295546558704455,AJ+TJ+actin,0.41295546558704455,65.0804972313835,2
Figure_5A__Figure_5A_V10__Snap-190-Bild-Export-12,BRAFi,V10,38,15,13,10,16,341.0756677969475,171,0.2605781315458735,0.3742690058479532,81.71294340721383,254.0,0.17543859649122806,16,0.3450292397660819,2.78125,0.6463081413484766,76.83570935235062,72.00288634553607,107.65234375000001,0.09216589861751152,0.12280701754385964,38.84082093303009,159.86399198011424,0.09941520467836257,16,0.6432748538011697,1.8032786885245902,0.6175130071906072,35.412032902913886,38.172199150643564,73.79942333726223,0.14243820695433598,0.22807017543859648,40.959189443908464,176.94220232021476,0.1695906432748538,7,0.6374269005847953,2.7419354838709675,0.5902025926290233,38.10643333295537,38.396574150498694,88.80078125000001,0.1111111111111111,0.2878787878787879,0.8182278784289814,0.21052631578947367,0.5373134328358209,0.8057499021960602,0.0935672514619883,0.36363636363636365,0.8283607722080798,0.14619883040935672,0.011695906432748537,0.017543859649122806,0.5964912280701754,0.017543859649122816,0.011695906432748586,0.0,0.14619883040935658,0.1169590643274853,0.01754385964912292,0.09356725146198835,none,0.5964912280701754,44.99678994682685,1
Figure_5A__Figure_5A_V10__Snap-190-Bild-Export-12,BRAFi,V10,39,10,15,2,10,221.61025277783727,111,0.3738738738738739,0.4864864864864865,99.71237018253449,254.0,0.14414414414414414,13,0.23423423423423428,3.4176470588235293,0.629896633599137,91.37192409143198,96.97544249430054,107.65234375000001,0.26576576576576577,0.32432432432432434,57.38685211904168,174.3078886327873,0.0990990990990991,16,0.28828828828828834,2.6139240506329116,0.6852685244875918,54.356161034417234,57.8103311969011,73.79942333726223,0.30373230373230375,0.40540540540540543,73.43910777423616,248.41795210370333,0.3153153153153153,9,0.3423423423423423,3.232876712328767,0.5638221000710983,68.44172498986622,73.97417206686724,88.80078125000001,0.2882882882882883,0.5517241379310345,0.7959903070956441,0.26126126126126126,0.4142857142857143,0.42004522496107133,0.21621621621621623,0.42105263157894735,0.465481374629744,0.15315315315315314,0.036036036036036036,0.14414414414414414,0.3333333333333331,0.14414414414414434,0.03603603603603605,0.0,0.1531531531531532,0.04504504504504495,0.07207207207207207,0.21621621621621612,none,0.3333333333333331,29.23618110525558,1
Figure_5A__Figure_5A_V10__Snap-190-Bild-Export-12,BRAFi,V10,40,12,10,8,2,89.36334568044431,45,0.5056179775280899,0.6,119.77329978739483,254.0,0.7111111111111111,3,0.19999999999999996,4.416666666666667,0.5002669276816171,122.87821013809167,102.21378528672842,107.65234375000001,0.492776886035313,0.7333333333333333,75.73921184887152,210.7260224009681,0.8666666666666667,4,0.06666666666666665,3.7023809523809526,0.4311680100809352,70.55967668033824,74.98158256859318,73.79942333726223,0.1926163723916533,0.24444444444444444,60.925402889328595,185.14137144551702,0.2222222222222222,6,0.5555555555555556,3.0,0.6411794687223782,54.072277718630815,64.80717923261456,88.80078125000001,0.5333333333333333,0.6666666666666666,0.8509890494541619,0.2222222222222222,0.35714285714285715,0.772488434595874,0.17777777777777778,0.2222222222222222,0.6640230684348386,0.022222222222222223,0.2,0.022222222222222223,0.17777777777777778,0.022222222222222206,0.19999999999999998,0.0,0.022222222222222303,0.044444444444444606,0.3555555555555553,0.1777777777777777,AJ+TJ,0.3555555555555553,11.789359588449118,2
Figure_5A__Figure_5A_V10__Snap-190-Bild-Export-12,BRAFi,V10,41,12,16,8,9,40.06643149340276,20,0.8607142857142858,1.0,173.89022437659457,254.0,1.0,1,0.0,6.025,0.1669576725205868,160.9127230610617,171.16797202956178,107.65234375000001,0.7642857142857142,0.9,99.13541310994015,201.88247566085892,1.0,1,0.0,5.35,0.3523005014013227,102.01669023614112,93.90602325601385,73.79942333726223,0.26785714285714285,0.3,75.04124225074487,172.18466107006893,0.3,3,0.30000000000000004,2.6785714285714284,0.5970296847263497,81.62578292859087,64.79549447447877,88.80078125000001,0.9,0.9,0.6890433400062835,0.3,0.3,0.7030761438985759,0.3,0.3333333333333333,0.6690877098590675,0.1,0.0,0.0,0.0,0.0,0.0,0.0,0.10000000000000002,0.0,0.6,0.30000000000000004,AJ+TJ,0.6,5.285808904142844,2
Figure_5A__Figure_5A_V10__Snap-190-Bild-Export-12,BRAFi,V10,42,17,12,3,8,181.01929378222667,91,0.5169692186266772,0.6813186813186813,120.11852452843573,254.0,0.24175824175824176,11,0.13186813186813184,4.170886075949367,0.48587813563080673,114.23345209545522,112.91521291821982,107.65234375000001,0.5240726124704025,0.6813186813186813,83.81365384430298,241.46339521064172,0.4945054945054945,4,0.04395604395604391,3.8160919540229883,0.5267683929005575,80.15713470222441,82.78779340836279,73.79942333726223,0.2249408050513023,0.2857142857142857,66.11844941813246,198.42259024569915,0.14285714285714285,11,0.48351648351648346,3.0319148936170213,0.6849568579108747,64.7780202030602,64.8455159453876,88.80078125000001,0.5384615384615384,0.6533333333333333,0.725563033491386,0.26373626373626374,0.375,0.6400245040893878,0.25274725274725274,0.35384615384615387,0.7991340525962313,0.10989010989010989,0.12087912087912088,0.0,0.1758241758241757,0.0,0.12087912087912095,0.021978021978022004,0.10989010989010994,0.03296703296703301,0.30769230769230743,0.2307692307692309,AJ+TJ,0.30769230769230743,23.881173322193494,2
Figure_5A__Figure_5A_V10__Snap-190-Bild-Export-12,BRAFi,V10,43,16,10,9,2,190.2407150908505,95,0.45112781954887216,0.6421052631578947,112.78470526262838,254.0,0.3894736842105263,7,0.10526315789473684,3.5294117647058822,0.5767244672381354,108.12288959842326,103.53327865013631,107.65234375000001,0.38721804511278196,0.5473684210526316,69.59049865404208,200.18834723195593,0.3894736842105263,9,0.1473684210526316,3.1790123456790123,0.6035118889106956,66.80104939003712,66.47415309239746,73.79942333726223,0.1330827067669173,0.17894736842105263,59.23873014751497,241.5260848178636,0.07368421052631578,10,0.7263157894736842,3.4038461538461537,0.6493243713522707,57.649466597257266,57.894288722415745,88.80078125000001,0.5052631578947369,0.7384615384615385,0.8119357290850683,0.14736842105263157,0.21875,0.3655659833764901,0.12631578947368421,0.21052631578947367,0.29707586381376766,0.11578947368421053,0.042105263157894736,0.031578947368421054,0.2842105263157895,0.03157894736842106,0.04210526315789473,0.0,0.11578947368421055,0.02105263157894737,0.3789473684210526,0.12631578947368424,AJ+TJ,0.3789473684210526,25.09771966897764,2
Figure_5A__Figure_5A_V10__Snap-190-Bild-Export-12,BRAFi,V10,44,14,17,6,3,348.3247758086869,174,0.4425287356321839,0.6724137931034483,104.75063696500047,254.0,0.3850574712643678,8,0.051724137931034475,3.2666666666666666,0.5295586800277619,94.29912490071352,98.74804207252858,107.65234375000001,0.513136288998358,0.7298850574712644,78.72747401983021,213.9228297664456,0.367816091954023,7,0.051724137931034475,3.787878787878788,0.5009367225508627,73.01977666661094,76.85187228849051,73.79942333726223,0.11083743842364532,0.13218390804597702,47.117573519829186,239.5733634715515,0.08620689655172414,11,0.7068965517241379,2.6470588235294117,0.7714024425648792,46.793751740739516,43.481897033589405,88.80078125000001,0.5689655172413793,0.6827586206896552,0.6492315229179271,0.12643678160919541,0.1864406779661017,0.49901860268811077,0.13218390804597702,0.18110236220472442,0.6963141574060436,0.10344827586206896,0.15517241379310345,0.0,0.16666666666666685,0.0,0.1551724137931034,0.00574712643678163,0.1034482758620689,0.0,0.44252873563218387,0.12643678160919541,AJ+TJ,0.44252873563218387,45.95313665022255,2
Figure_5A__Figure_5A_V10__Snap-190-Bild-Export-12,BRAFi,V10,45,17,16,3,9,239.4245828869603,120,0.40585774058577406,0.5666666666666667,109.28414302640867,254.0,0.325,7,0.20833333333333337,3.5894736842105264,0.5389156509702525,98.80272117259184,106.47486905823904,107.65234375000001,0.43335325762104004,0.5833333333333334,74.66015320613428,243.39872482722112,0.30833333333333335,5,0.09166666666666667,3.3440366972477062,0.6054745996475491,67.62759875513002,76.75367008126584,73.79942333726223,0.17214584578601316,0.23333333333333334,61.0204134430618,222.17166253988708,0.09166666666666666,13,0.5583333333333333,2.7169811320754715,0.6908937001726617,59.644820676642375,58.289461059577626,88.80078125000001,0.44166666666666665,0.6235294117647059,0.7994638338692323,0.2,0.3333333333333333,0.7219285275535527,0.20833333333333334,0.3424657534246575,0.6619529348348618,0.1,0.10833333333333334,0.0,0.291666666666667,0.0,0.10833333333333306,0.03333333333333333,0.09999999999999991,0.02500000000000003,0.2666666666666667,0.17499999999999996,none,0.291666666666667,31.58635658139318,2
Figure_5A__Figure_5A_V10__Snap-190-Bild-Export-12,BRAFi,V10,46,16,15,9,10,361.355673438873,181,0.47328848436881676,0.6464088397790055,107.71543863856768,254.0,0.3867403314917127,11,0.08839779005524862,3.6272727272727274,0.5289190502058668,97.54701402381097,103.5405848581188,107.65234375000001,0.3506133755441235,0.4861878453038674,64.72599188948686,186.32978339186076,0.27624309392265195,14,0.1933701657458563,3.0342465753424657,0.6045869907870495,57.53567383336435,67.6621981916211,73.79942333726223,0.2928373565492679,0.40331491712707185,72.740242944226,180.51644913913938,0.19889502762430938,15,0.28729281767955805,2.872093023255814,0.5992632264022851,72.00860730048686,69.12560933397025,88.80078125000001,0.4198895027624309,0.5891472868217055,0.762957214458742,0.3149171270718232,0.42857142857142855,0.4200782959100549,0.2541436464088398,0.4,0.46787424548199924,0.13259668508287292,0.03314917127071823,0.055248618784530384,0.2320441988950277,0.05524861878453037,0.033149171270718224,0.033149171270718224,0.1325966850828729,0.09392265193370171,0.19889502762430933,0.2209944751381215,none,0.2320441988950277,47.672252432568996,2
Figure_5A__Figure_5A_V10__Snap-190-Bild-Export-12,BRAFi,V10,47,18,11,23,21,179.92203159177274,90,0.17777777777777778,0.2,71.47561726075881,225.13338696693876,0.34444444444444444,9,0.3555555555555555,1.9310344827586208,0.627736356819859,62.47604852760256,66.84899489139696,107.65234375000001,0.8047619047619048,1.0,120.27474709953887,252.7071106029369,1.0,1,0.0,5.633333333333334,0.21408346171746204,107.14137061125784,117.87271447513648,73.79942333726223,0.1976190476190476,0.25555555555555554,61.69849587857219,221.79588682031329,0.35555555555555557,7,0.43333333333333335,2.4411764705882355,0.6408611808937733,62.450567108124346,55.20431667797543,88.80078125000001,0.2,0.2,0.41446150200648824,0.13333333333333333,0.41379310344827586,0.5671522958200558,0.25555555555555554,0.25555555555555554,0.13892527404042118,0.0,0.6777777777777778,0.0,0.0,0.0,0.6777777777777777,0.12222222222222225,0.0,0.0,0.06666666666666661,0.13333333333333353,TJ only,0.6777777777777777,23.736415777278726,2
Figure_5A__Figure_5A_V10__Snap-190-Bild-Export-12,BRAFi,V10,50,18,19,23,18,149.89088147342514,75,0.4142857142857143,0.56,102.11442045081961,254.0,0.3466666666666667,5,0.16000000000000003,3.4523809523809526,0.5349163980597328,100.00750061720946,89.22848878385373,107.65234375000001,0.49714285714285716,0.7066666666666667,78.9950675558861,225.9574153625349,0.49333333333333335,4,0.040000000000000036,3.625,0.49452010952411385,76.66920047547704,72.06286277787422,73.79942333726223,0.4523809523809524,0.64,86.55394048738783,201.3440273119762,0.64,4,0.09333333333333338,3.4926470588235294,0.48639780579764597,82.11288284972804,82.09381909055975,88.80078125000001,0.49333333333333335,0.6379310344827587,0.8091588978080815,0.36,0.42857142857142855,0.25443865001659716,0.4533333333333333,0.5074626865671642,0.22288847437385387,0.02666666666666667,0.08,0.14666666666666667,0.07999999999999996,0.14666666666666672,0.08000000000000008,0.13333333333333322,0.02666666666666669,0.040000000000000056,0.17333333333333328,0.32,AJ+TJ+actin,0.32,19.7745226218239,3
Figure_5A__Figure_5A_V10__Snap-190-Bild-Export-12,BRAFi,V10,51,19,11,18,21,78.60356123705176,39,0.44665461121157324,0.5641025641025641,104.53069509898721,254.00000000000003,0.6153846153846154,3,0.20512820512820518,3.930107526881721,0.5007064200759253,97.0710821482244,98.23156619200003,107.65234375000001,0.6636528028933092,0.8974358974358975,98.33032854391193,227.7195384414334,1.0,1,0.0,4.649572649572649,0.3647241345349712,106.23076453450031,88.92158398538841,73.79942333726223,0.9746835443037974,1.0,196.71875347819045,254.00000000000003,1.0,1,0.0,6.82051282051282,0.058663483211756524,214.1795068322436,169.5178187330668,88.80078125000001,0.5641025641025641,0.6285714285714286,0.8060303530642591,0.5641025641025641,0.5641025641025641,-0.01549189594424044,0.8974358974358975,0.8974358974358975,0.08003824362519442,0.0,0.0,0.10256410256410256,0.0,0.10256410256410262,0.0,0.33333333333333337,0.0,0.0,0.0,0.5641025641025641,AJ+TJ+actin,0.5641025641025641,10.369862960033215,3
Figure_5A__Figure_5A_V10__Snap-190-Bild-Export-12,BRAFi,V10,52,20,17,15,3,394.8910245629628,197,0.07522603978300181,0.07614213197969544,46.27904602312908,254.0,0.07106598984771574,8,0.868020304568528,4.0,0.7096518648117324,44.08506777454044,42.51773303042713,107.65234375000001,0.08824593128390597,0.1116751269035533,33.20660350445642,164.63265430473393,0.08629441624365482,12,0.766497461928934,2.652173913043478,0.7363375305401871,30.401039516266557,34.62108872720539,73.79942333726223,0.17106690777576852,0.23857868020304568,62.822374948638654,254.0,0.1065989847715736,11,0.6243654822335025,3.195945945945946,0.6696164702678017,58.1559401449351,65.62659248466646,88.80078125000001,0.06598984771573604,0.5416666666666666,0.794408547182165,0.07106598984771574,0.2916666666666667,0.8332946706090405,0.08121827411167512,0.3018867924528302,0.7485688325958568,0.005076142131979695,0.030456852791878174,0.15228426395939088,0.7258883248730964,0.15228426395939074,0.030456852791878323,0.015228426395939179,0.005076142131979708,0.0050761421319796725,0.0,0.06598984771573603,none,0.7258883248730964,52.096441235219366,1
Figure_5A__Figure_5A_V10__Snap-190-Bild-Export-12,BRAFi,V10,53,14,19,6,18,6.34830330457291,3,0.9523809523809523,1.0,190.29950304006374,253.97360647264028,1.0,1,0.0,6.666666666666667,0.07071067811865475,176.70133992763434,185.5553158716979,107.65234375000001,0.9523809523809523,1.0,115.05450003495905,161.04706007687167,1.0,1,0.0,6.666666666666667,0.07071067811865475,116.62855561367023,110.29665836825,73.79942333726223,0.9761904761904762,1.0,141.55589403839107,220.7884161213976,1.0,1,0.0,6.833333333333333,0.034493013716416956,122.25371720624283,161.83734921401398,88.80078125000001,1.0,1.0,-0.9548728882055332,1.0,1.0,0.0845385508538043,1.0,1.0,0.2152279386108873,0.0,0.0,0.0,0.0,0.0,0.0,0.0,0.0,0.0,0.0,1.0,AJ+TJ+actin,1.0,0.8375070322655553,3
Figure_5A__Figure_5A_V10__Snap-190-Bild-Export-12,BRAFi,V10,54,19,17,18,3,70.36352596341301,35,0.7938775510204081,1.0,147.5470828572674,254.0,1.0,1,0.0,5.557142857142857,0.18093742267113397,144.9769296524781,137.40388905395585,107.65234375000001,0.6204081632653061,0.8571428571428571,85.44855734996928,198.84776011155407,1.0,1,0.0,4.3428571428571425,0.3909356451775153,82.91048541021378,85.04240708871538,73.79942333726223,0.9897959183673469,1.0,212.95148688523818,254.00000000000003,1.0,1,0.0,6.928571428571429,0.04922612942809617,220.59143603934078,202.1021329136884,88.80078125000001,0.8571428571428571,0.8571428571428571,0.39701058203567524,1.0,1.0,0.21985381722081876,0.8571428571428571,0.8571428571428571,-0.2032413088136174,0.0,0.0,0.0,0.0,0.0,0.0,0.0,0.0,0.14285714285714285,0.0,0.8571428571428573,AJ+TJ+actin,0.8571428571428573,9.282787066413325,3
Figure_5A__Figure_5A_V10__Snap-190-Bild-Export-12,BRAFi,V10,56,21,16,5,9,254.62876044186447,127,0.27787114845938377,0.3937007874015748,85.93827010006008,254.0,0.2047244094488189,10,0.2440944881889764,2.5833333333333335,0.6041393806557432,79.62313268916324,76.88263059265431,107.65234375000001,0.21792717086834734,0.2755905511811024,55.048959833700344,252.19610088304552,0.1732283464566929,17,0.3700787401574803,2.43125,0.7334321332886032,54.296904815896866,48.80938913926197,73.79942333726223,0.14285714285714285,0.1968503937007874,52.83692762994075,209.3114453713452,0.14173228346456693,12,0.6062992125984252,2.55,0.7126581115837745,56.08610551455666,43.630172671567436,88.80078125000001,0.23622047244094488,0.5454545454545454,0.8672531384228926,0.14960629921259844,0.3392857142857143,0.607569058175314,0.14960629921259844,0.4634146341463415,0.6589543834903864,0.14960629921259844,0.031496062992125984,0.03937007874015748,0.5275590551181103,0.0393700787401575,0.03149606299212592,0.007874015748031512,0.14960629921259844,0.007874015748031512,0.09448818897637797,0.14173228346456687,none,0.5275590551181103,33.59218475486339,1
Figure_5A__Figure_5A_V10__Snap-190-Bild-Export-12,BRAFi,V10,57,17,21,3,5,247.50201984372237,124,0.1077188940092166,0.12096774193548387,57.51690736252227,254.0,0.08064516129032258,10,0.75,3.0161290322580645,0.7419484986904605,51.992624316892574,53.69570204756054,107.65234375000001,0.15552995391705068,0.14516129032258066,47.825733748925266,222.45733032935362,0.1532258064516129,12,0.5,2.1774193548387095,0.9495649137248223,46.196535243027014,46.63227013882524,73.79942333726223,0.13306451612903225,0.1693548387096774,46.834507282217125,183.53363374039185,0.13709677419354838,9,0.6048387096774194,2.357142857142857,0.7936849002247754,40.94025150125701,49.5725983580951,88.80078125000001,0.08870967741935484,0.5,0.8895989613256068,0.08064516129032258,0.38461538461538464,0.6947900243264413,0.0967741935483871,0.4444444444444444,0.6228269897780113,0.024193548387096774,0.03225806451612903,0.06451612903225806,0.7580645161290321,0.06451612903225809,0.03225806451612903,0.02419354838709677,0.024193548387096787,0.008064516129032258,0.01612903225806452,0.07258064516129031,none,0.7580645161290321,32.65198150972591,1
Figure_5A__Figure_5A_V10__Snap-190-Bild-Export-12,BRAFi,V10,58,19,20,18,15,108.53013341042481,54,0.1965923984272608,0.2222222222222222,58.69389296684607,254.0,0.2962962962962963,3,0.537037037037037,2.9933333333333336,0.739085441907786,51.59572781752552,54.65224678137287,107.65234375000001,0.047182175622542594,0.05555555555555555,19.61731051521318,138.03829617344564,0.1111111111111111,1,0.8888888888888888,3.0,0.8164965809277259,17.60580424402411,19.740922457345523,73.79942333726223,0.3840104849279161,0.4444444444444444,76.34661954089157,254.0,0.3148148148148148,3,0.42592592592592593,4.682795698924732,0.5118182253140354,64.46156885049497,81.82723951440964,88.80078125000001,0.05555555555555555,0.25,0.9083516438234023,0.2222222222222222,0.5,0.8856918601563237,0.05555555555555555,0.125,0.7697726595600294,0.0,0.0,0.2222222222222222,0.5555555555555556,0.2222222222222222,0.0,0.0,0.0,0.16666666666666657,0.0,0.05555555555555555,none,0.5555555555555556,14.317959552826492,1
Figure_5A__Figure_5A_V10__Snap-190-Bild-Export-12,BRAFi,V10,59,20,21,15,5,16.115655907776343,8,0.05357142857142857,0.0,57.8354594132512,154.98642326455195,0.25,1,0.75,1.5,0.3333333333333333,53.188120462562566,57.21830615301427,107.65234375000001,0.05357142857142857,0.0,44.38471916186602,83.15418051054053,0.125,3,0.625,1.0,0.408248290463863,33.13370848084671,53.08199986592175,73.79942333726223,0.5178571428571429,1.0,88.0105229653942,168.4515807524177,1.0,1,0.0,3.625,0.215344758565462,69.2436694809344,94.67380110715274,88.80078125000001,0.0,,0.6538427964866239,0.0,0.0,0.743842586494032,0.0,0.0,0.8415606287668633,0.0,0.0,1.0,0.0,1.0,0.0,0.0,0.0,0.0,0.0,0.0,actin only,1.0,2.126075977279201,0
Figure_5A__Figure_5A_V100__Snap-204-Bild-Export-26,BRAFi,V100,4,1,0,14,9,302.633407181767,151,0.2871287128712871,0.48344370860927155,68.99216100543245,254.0,0.1390728476821192,12,0.2516556291390728,2.6946902654867255,0.5342702101472369,62.48685953770678,60.11945653830629,94.75390625000001,0.25035360678925034,0.32450331125827814,43.35787126762347,231.98414104488745,0.13245033112582782,17,0.33112582781456956,2.628712871287129,0.6769452452263226,43.114247705300116,38.385207878521435,62.01171875,0.2362093352192362,0.31788079470198677,61.57602170471846,254.0,0.2847682119205298,12,0.4370860927152318,2.947058823529412,0.5581831955611467,65.25856680297878,48.42029192531731,90.78515625000001,0.23841059602649006,0.4186046511627907,0.669577092743745,0.25165562913907286,0.4578313253012048,0.5396560696483569,0.152317880794702,0.3108108108108108,0.4415166802613395,0.1456953642384106,0.08609271523178808,0.06622516556291391,0.3642384105960266,0.0662251655629137,0.08609271523178813,0.0,0.14569536423841054,0.09933774834437101,0.08609271523178805,0.15231788079470202,none,0.3642384105960266,39.92525160709327,1
Figure_5A__Figure_5A_V100__Snap-204-Bild-Export-26,BRAFi,V100,5,2,1,15,14,455.07941568007243,228,0.08383045525902669,0.10526315789473684,50.134942253573115,252.4967112654106,0.07017543859649122,21,0.6842105263157895,1.8611111111111112,0.8173600937368994,45.77129435507573,47.49572318790752,94.75390625000001,0.3877551020408163,0.5,57.818345425625964,193.3842054944753,0.32894736842105265,16,0.17982456140350878,3.320855614973262,0.619420675832723,56.75711618242437,57.29909473592031,62.01171875,0.041758241758241756,0.04824561403508772,40.80981295583289,241.4549991665705,0.03070175438596491,17,0.8333333333333334,1.75,0.7580573283049097,39.84872015053854,41.398042241512044,90.78515625000001,0.09210526315789473,0.1794871794871795,0.6477657165964956,0.017543859649122806,0.12903225806451613,0.40060956967741235,0.039473684210526314,0.07758620689655173,0.3890158181541189,0.013157894736842105,0.38596491228070173,0.008771929824561403,0.47807017543859637,0.00877192982456142,0.385964912280702,0.021929824561403473,0.013157894736842155,0.0,0.0745614035087719,0.017543859649122716,none,0.47807017543859637,60.03686222692249,2
Figure_5A__Figure_5A_V100__Snap-204-Bild-Export-26,BRAFi,V100,6,3,2,10,15,482.716221046147,241,0.1963916001183082,0.27800829875518673,59.328197786242185,254.0,0.08298755186721991,19,0.4564315352697096,2.5229007633587788,0.6524336204269193,55.66037526153094,52.35303350475306,94.75390625000001,0.5149364093463472,0.6597510373443983,70.48502539290065,254.0,0.2863070539419087,11,0.1908713692946058,4.4512820512820515,0.454260496049743,71.10519128295267,65.36518474068467,62.01171875,0.17834960070984915,0.22406639004149378,53.541891445177534,254.00000000000003,0.0954356846473029,11,0.6763485477178424,3.8568376068376065,0.572107134868855,55.288267657266864,47.991912563718785,90.78515625000001,0.2697095435684647,0.40372670807453415,0.7738584823359809,0.13692946058091288,0.375,0.671109573559892,0.2074688796680498,0.3067484662576687,0.6469517794662165,0.008298755186721992,0.31950207468879666,0.016597510373443983,0.31535269709543556,0.016597510373443765,0.3195020746887969,0.07053941908713696,0.008298755186722162,0.0,0.13278008298755178,0.13692946058091296,TJ only,0.3195020746887969,63.68287876598245,2
Figure_5A__Figure_5A_V100__Snap-204-Bild-Export-26,BRAFi,V100,7,0,4,9,6,413.0520361274854,207,0.32722241438948463,0.5024154589371981,78.58658673163353,254.0,0.26570048309178745,13,0.2125603864734299,2.911042944785276,0.5330345416997855,67.54911594696445,72.86274116510121,94.75390625000001,0.2480110688343134,0.2995169082125604,45.00290078752605,199.57218940501278,0.1642512077294686,18,0.37681159420289856,2.7868217054263567,0.6848460437050162,41.58506100023946,43.44036285778091,62.01171875,0.2639225181598063,0.357487922705314,70.60737984725512,253.88862386318453,0.23671497584541062,15,0.4589371980676329,3.40625,0.6015698838081153,66.6509834082533,69.20876574061673,90.78515625000001,0.25120772946859904,0.45614035087719296,0.6477261503194033,0.2560386473429952,0.424,0.4687361730845767,0.18357487922705315,0.3877551020408163,0.44832908537874605,0.1642512077294686,0.033816425120772944,0.08695652173913043,0.3623188405797103,0.08695652173913038,0.033816425120772875,0.014492753623188375,0.1642512077294686,0.08695652173913052,0.08212560386473412,0.16908212560386485,none,0.3623188405797103,54.492353051119444,1
Figure_5A__Figure_5A_V100__Snap-204-Bild-Export-26,BRAFi,V100,9,1,5,14,7,674.8905111110364,337,0.29608465608465606,0.3916913946587537,77.78293430364893,254.0,0.10385756676557864,31,0.2848664688427299,2.900414937759336,0.6974193903161394,73.26922460041459,70.65350678888602,94.75390625000001,0.5369312169312169,0.6765578635014837,73.41183474342861,254.0,0.40059347181008903,20,0.08902077151335308,4.120521172638436,0.5329529125943113,73.71765782039638,68.77029411347449,62.01171875,0.2438095238095238,0.2997032640949555,63.97671807163156,254.0,0.11572700296735905,20,0.5400593471810089,3.7161290322580647,0.605593034088039,65.41168399868,58.05418648886054,90.78515625000001,0.3560830860534125,0.5,0.6063768993431393,0.2195845697329377,0.46540880503144655,0.6654358764545926,0.26112759643916916,0.3651452282157676,0.4032843650994493,0.017804154302670624,0.26112759643916916,0.020771513353115726,0.2670623145400594,0.020771513353115584,0.261127596439169,0.059347181008902156,0.017804154302670672,0.01780415430267063,0.1543026706231454,0.20178041543026715,none,0.2670623145400594,89.03568748166707,2
Figure_5A__Figure_5A_V100__Snap-204-Bild-Export-26,BRAFi,V100,10,5,0,7,9,72.65208563414626,36,0.30528375733855184,0.4444444444444444,77.56109519059564,254.0,0.3333333333333333,3,0.3055555555555556,3.1,0.6000346850883314,72.93520025792384,70.07826609576541,94.75390625000001,0.5851272015655578,0.7777777777777778,82.2752509961202,252.89147319210932,0.7222222222222222,2,0.02777777777777779,4.214285714285714,0.4322532374046123,77.2701307699329,81.16735947484506,62.01171875,0.6320939334637965,0.9444444444444444,116.64984610430554,254.0,1.0,1,0.0,4.412037037037036,0.3813559806213552,109.69302359372821,110.76985433313955,90.78515625000001,0.4166666666666667,0.5172413793103449,0.9384937754557582,0.4444444444444444,0.47058823529411764,0.7215322233378257,0.7777777777777778,0.8235294117647058,0.7393408218103573,0.0,0.0,0.1388888888888889,0.055555555555555476,0.13888888888888895,0.0,0.36111111111111116,0.0,0.02777777777777769,0.0,0.4166666666666667,AJ+TJ+actin,0.4166666666666667,9.584707867301617,3
Figure_5A__Figure_5A_V100__Snap-204-Bild-Export-26,BRAFi,V100,11,5,4,7,6,199.20045123312343,100,0.24623115577889448,0.35,73.71233422751143,248.8068620168792,0.24,10,0.26,2.3445945945945947,0.5464344763212906,67.96064280743114,66.61197277468933,94.75390625000001,0.6001435750179469,0.82,79.11406361185419,254.0,0.58,3,0.07999999999999996,4.581521739130435,0.3691378716120988,75.56274138405165,76.94914888200633,62.01171875,0.27351040918880115,0.45,72.04626079920125,191.93368180373727,0.15,11,0.25,2.546666666666667,0.5289383458309808,66.6462189339764,69.58080553630455,90.78515625000001,0.35,0.4268292682926829,0.542356653986208,0.23,0.40350877192982454,0.4807841957346106,0.37,0.4111111111111111,0.16267377819422754,0.0,0.33,0.08,0.09999999999999999,0.08000000000000003,0.33000000000000007,0.14000000000000007,0.0,0.0,0.11999999999999993,0.22999999999999993,TJ only,0.33000000000000007,26.279742906744517,2
Figure_5A__Figure_5A_V100__Snap-204-Bild-Export-26,BRAFi,V100,13,6,1,4,14,125.71495632868596,63,0.463718820861678,0.6666666666666666,98.46239067612187,254.0,0.49206349206349204,4,0.17460317460317465,3.9326923076923075,0.4522830881980526,92.0066165112763,93.46916983089015,94.75390625000001,0.7607709750566893,0.9523809523809523,84.89471945437558,253.68158782358006,1.0,1,0.0,5.325396825396825,0.24251380753273316,79.86954273476812,84.89357206906806,62.01171875,0.3877551020408163,0.5555555555555556,85.5849427681866,183.81884955624474,0.3968253968253968,6,0.2698412698412699,3.717391304347826,0.43144263208006045,80.71416090328935,85.44360436532682,90.78515625000001,0.6507936507936508,0.6721311475409836,0.6145250921311819,0.4126984126984127,0.5098039215686274,0.27395172323623573,0.5555555555555556,0.5833333333333334,0.5040969340608831,0.015873015873015872,0.15873015873015872,0.0,0.03174603174603175,0.0,0.15873015873015878,0.1428571428571428,0.015873015873015872,0.0,0.2380952380952382,0.4126984126984126,AJ+TJ+actin,0.4126984126984126,16.585086586897884,2
Figure_5A__Figure_5A_V100__Snap-204-Bild-Export-26,BRAFi,V100,14,2,6,15,4,214.87494831563137,107,0.11694352159468438,0.14953271028037382,49.35265284938182,253.9675109377532,0.08411214953271028,15,0.6542056074766356,2.364864864864865,0.8234918187269404,44.21258033293164,46.230156108890306,94.75390625000001,0.38870431893687707,0.5420560747663551,55.94871363836047,201.7405806438251,0.42990654205607476,8,0.1869158878504673,3.352490421455938,0.5288422472240466,56.20934005502883,52.277255745544295,62.01171875,0.5295681063122923,0.7476635514018691,99.61159214104025,248.80179752235586,0.6261682242990654,5,0.08411214953271029,4.039115646258503,0.43308471595189746,99.11318643323136,92.94367581618023,90.78515625000001,0.1308411214953271,0.23333333333333334,0.7380593731890057,0.11214953271028037,0.14285714285714285,0.3130068015597624,0.4205607476635514,0.4838709677419355,0.2995922699677984,0.018691588785046728,0.102803738317757,0.32710280373831774,0.11214953271028029,0.3271028037383177,0.10280373831775715,0.3084112149532711,0.018691588785046644,0.0,0.018691588785046644,0.11214953271028055,actin only,0.3271028037383177,28.347618511297014,3
Figure_5A__Figure_5A_V100__Snap-204-Bild-Export-26,BRAFi,V100,15,6,5,4,7,67.59186588335187,34,0.28781512605042014,0.35294117647058826,76.73269840122435,254.0,0.35294117647058826,2,0.5882352941176471,4.892857142857143,0.3667837817927332,69.62298139732887,74.91533154365777,94.75390625000001,0.542016806722689,0.6470588235294118,71.90381438411558,225.4670342161408,0.4411764705882353,4,0.11764705882352944,4.3,0.4984200745946824,67.17611152973326,72.47221690653213,62.01171875,0.18277310924369747,0.20588235294117646,60.70847240191638,207.6840125924551,0.14705882352941177,3,0.7058823529411764,4.35,0.46562365748342754,60.689842961217494,57.8297027221589,90.78515625000001,0.35294117647058826,0.5454545454545454,0.9095897561653093,0.20588235294117646,0.5833333333333334,0.9026270289947055,0.20588235294117646,0.3181818181818182,0.8310627942801662,0.0,0.29411764705882354,0.0,0.3529411764705883,0.0,0.2941176470588235,0.0,0.0,0.0,0.1470588235294118,0.2058823529411765,none,0.3529411764705883,8.917132702289166,2
Figure_5A__Figure_5A_V100__Snap-204-Bild-Export-26,BRAFi,V100,16,7,4,2,6,379.7547950315688,190,0.17330827067669172,0.22105263157894736,65.43304774297377,254.00000000000003,0.08421052631578947,15,0.6789473684210526,3.778688524590164,0.6134419670256556,60.54794765708279,62.881592637094236,94.75390625000001,0.2387218045112782,0.30526315789473685,48.93661968728765,246.69411634436622,0.11578947368421053,24,0.4736842105263158,3.175,0.6865762468756734,44.91244544614068,49.46281641571406,62.01171875,0.3323308270676692,0.43157894736842106,88.77018896112614,254.0,0.21578947368421053,12,0.4368421052631579,4.130841121495327,0.5365688817872675,80.84991332358534,90.7134953844564,90.78515625000001,0.1736842105263158,0.4925373134328358,0.8564625626479395,0.19473684210526315,0.42528735632183906,0.795044222154534,0.22631578947368422,0.44329896907216493,0.8144305988688324,0.010526315789473684,0.06315789473684211,0.16842105263157894,0.4789473684210526,0.16842105263157892,0.063157894736842,0.06842105263157905,0.010526315789473648,0.03684210526315784,0.01578947368421062,0.1578947368421053,none,0.4789473684210526,50.09957718094575,0
Figure_5A__Figure_5A_V100__Snap-204-Bild-Export-26,BRAFi,V100,17,5,7,7,2,288.21968733574886,144,0.1378968253968254,0.20833333333333334,49.54662958649999,254.0,0.09722222222222222,12,0.5902777777777778,2.3559322033898304,0.616652106880567,44.45253284002277,42.40454810123692,94.75390625000001,0.11755952380952381,0.1597222222222222,31.773876001659033,182.58952479436508,0.1111111111111111,17,0.5833333333333333,1.975,0.8024757397769855,35.22207150654963,25.003270503940556,62.01171875,0.07787698412698413,0.08333333333333333,46.79450555520896,233.14583618823553,0.0763888888888889,12,0.6944444444444444,1.7840909090909092,0.795821576117052,43.25857330011827,44.47028204670882,90.78515625000001,0.09722222222222222,0.358974358974359,0.6301197229391762,0.041666666666666664,0.16666666666666666,0.5560812341363369,0.04861111111111111,0.25,0.5015432351194359,0.1111111111111111,0.05555555555555555,0.034722222222222224,0.6944444444444443,0.03472222222222223,0.055555555555555594,0.006944444444444445,0.11111111111111122,0.0,0.05555555555555553,0.0416666666666666,none,0.6944444444444443,38.02370545326502,1
Figure_5A__Figure_5A_V100__Snap-204-Bild-Export-26,BRAFi,V100,18,8,2,16,15,115.78893398917376,58,0.39901477832512317,0.603448275862069,83.52599207494806,247.93977192300719,0.6206896551724138,4,0.12068965517241381,3.176470588235294,0.5406434886332718,78.88080960098019,72.14220538415637,94.75390625000001,0.5935960591133005,0.8793103448275862,72.07764731320131,215.14512618273557,0.603448275862069,2,0.017241379310344862,4.228070175438597,0.43524973353051694,69.59472398701045,68.30342901782248,62.01171875,0.3620689655172414,0.39655172413793105,92.93307483061517,254.0,0.3448275862068966,6,0.2068965517241379,3.1956521739130435,0.6924421594611179,88.82690210023611,89.9082433568404,90.78515625000001,0.5862068965517241,0.6538461538461539,0.5205918219248913,0.1724137931034483,0.20833333333333334,-0.29218621948023016,0.39655172413793105,0.45098039215686275,0.26415017158462945,0.017241379310344827,0.06896551724137931,0.0,0.10344827586206898,0.0,0.0689655172413793,0.22413793103448282,0.01724137931034481,0.0,0.4137931034482758,0.1724137931034483,AJ+TJ,0.4137931034482758,15.2755849589939,3
Figure_5A__Figure_5A_V100__Snap-204-Bild-Export-26,BRAFi,V100,20,4,9,6,3,360.5368921207631,180,0.16264345073209338,0.2388888888888889,60.671105083564505,231.76320063506327,0.15555555555555556,22,0.4388888888888889,2.028052805280528,0.675610445469713,55.926353233326964,55.400947164752424,94.75390625000001,0.24178868223189554,0.32222222222222224,46.111995695637944,227.63685566924397,0.15,23,0.34444444444444444,2.5889830508474576,0.726812110635397,43.55765762475347,44.82938893042979,62.01171875,0.32370399683419077,0.46111111111111114,78.98916621433126,249.4286465901498,0.20555555555555555,9,0.37222222222222223,3.6194690265486726,0.5412266380685076,74.67208951788781,78.18631563477597,90.78515625000001,0.17222222222222222,0.44285714285714284,0.6055653291365931,0.12222222222222222,0.21153846153846154,0.28183215534843514,0.1388888888888889,0.21551724137931033,-0.019648004603502724,0.022222222222222223,0.08888888888888889,0.2777777777777778,0.3333333333333332,0.27777777777777785,0.08888888888888893,0.06111111111111119,0.022222222222222168,0.04444444444444449,0.0944444444444444,0.0777777777777777,none,0.3333333333333332,47.564233789018886,0
Figure_5A__Figure_5A_V100__Snap-204-Bild-Export-26,BRAFi,V100,22,6,7,4,2,283.9265743014337,142,0.21327967806841047,0.30985915492957744,57.88844290826302,254.0,0.1267605633802817,8,0.5352112676056338,3.212121212121212,0.5586586628720561,54.588859990588,50.36334278238637,94.75390625000001,0.13430583501006035,0.176056338028169,31.398916067330557,195.81910982899535,0.09154929577464789,13,0.6267605633802817,2.518867924528302,0.8088153510905937,33.17310432209033,27.74155159648379,62.01171875,0.19466800804828974,0.2605633802816901,61.084311158638805,254.0,0.13380281690140844,7,0.5915492957746479,3.336206896551724,0.6499362962152053,56.99435743875359,60.73695447489306,90.78515625000001,0.1056338028169014,0.2777777777777778,0.5838002560857899,0.18309859154929578,0.4727272727272727,0.5945949330137156,0.11971830985915492,0.37777777777777777,0.6000268457147152,0.11267605633802817,0.04225352112676056,0.04929577464788732,0.5704225352112673,0.04929577464788744,0.042253521126760604,0.02816901408450701,0.11267605633802831,0.09154929577464795,0.014084507042253468,0.0915492957746479,none,0.5704225352112673,37.45733170203611,1
Figure_5A__Figure_5A_V100__Snap-204-Bild-Export-26,BRAFi,V100,23,8,6,16,4,253.74233276603016,127,0.2795275590551181,0.4566929133858268,71.6893135746379,253.64891945606203,0.1968503937007874,11,0.31496062992125984,2.8563218390804597,0.5186777753644711,61.357662658333204,68.45337309676569,94.75390625000001,0.25365579302587177,0.3858267716535433,42.69586299122294,175.33827831770535,0.2755905511811024,11,0.3385826771653543,2.6845238095238093,0.5556303889982285,38.28356321338659,43.78010561330004,62.01171875,0.15748031496062992,0.2283464566929134,50.74291730716433,196.05022344950433,0.2440944881889764,10,0.6299212598425197,2.978723404255319,0.5528912872438887,48.121830486008605,48.90193716997176,90.78515625000001,0.25196850393700787,0.4266666666666667,0.6041463656325129,0.2047244094488189,0.4262295081967213,0.768167845262201,0.18110236220472442,0.41818181818181815,0.7635987827199601,0.15748031496062992,0.11023622047244094,0.0,0.4094488188976378,0.0,0.11023622047244092,0.023622047244094484,0.1574803149606299,0.04724409448818904,0.09448818897637794,0.15748031496062992,none,0.4094488188976378,33.47524178971374,1
Figure_5A__Figure_5A_V100__Snap-204-Bild-Export-26,BRAFi,V100,24,10,6,1,4,82.04042684416733,41,0.5087108013937283,0.8536585365853658,100.6467129054482,237.76989007037668,0.7073170731707317,2,0.024390243902439046,3.65,0.3301909806354507,90.26175073910593,92.0033855105465,94.75390625000001,0.10627177700348432,0.04878048780487805,35.54235835582755,121.92153763362153,0.1951219512195122,8,0.3902439024390244,1.22,0.7246569214852573,29.17703259393427,34.923865238465154,62.01171875,0.0156794425087108,0.0,41.11804839653206,104.80499809067172,0.04878048780487805,4,0.8780487804878049,0.9,0.41573970964154905,40.21082974137459,38.65757837170239,90.78515625000001,0.04878048780487805,0.05714285714285714,0.49963942324872,0.0,0.0,0.3662248635545185,0.0,0.0,0.6530346625067496,0.8048780487804879,0.0,0.0,0.146341463414634,0.0,0.0,0.0,0.8048780487804877,0.0,0.04878048780487806,0.0,AJ only,0.8048780487804877,10.823275309256903,0
Figure_5A__Figure_5A_V100__Snap-204-Bild-Export-26,BRAFi,V100,25,8,10,16,1,227.61660307256264,114,0.16604010025062657,0.21929824561403508,57.18114272484984,253.95669968911545,0.21929824561403508,12,0.5701754385964912,2.704081632653061,0.7057511797093148,50.335431187417804,54.240113561562644,94.75390625000001,0.08270676691729323,0.12280701754385964,26.248085206879285,166.96216477689802,0.15789473684210525,10,0.7105263157894737,2.0,0.8071648849616486,25.640111222764396,24.65863420530167,62.01171875,0.06453634085213032,0.07017543859649122,47.039642037345956,150.9508142099661,0.08771929824561403,10,0.7017543859649122,1.5147058823529411,0.7488326290591714,46.24906116633492,43.83612420373547,90.78515625000001,0.12280701754385964,0.56,0.8131485146782674,0.06140350877192982,0.2692307692307692,0.7139136425004583,0.043859649122807015,0.29411764705882354,0.7167729231364909,0.07894736842105263,0.0,0.008771929824561403,0.7719298245614034,0.008771929824561406,0.0,0.0,0.07894736842105264,0.017543859649122803,0.07894736842105264,0.04385964912280702,none,0.7719298245614034,30.028575603240455,1
Figure_5A__Figure_5A_V100__Snap-204-Bild-Export-26,BRAFi,V100,26,10,7,1,2,306.1360357820148,153,0.018674136321195144,0.0196078431372549,12.724415580936375,253.12402480731518,0.013071895424836602,5,0.9411764705882353,2.2222222222222223,0.8426149773176358,11.937754112933186,10.378439575338698,94.75390625000001,0.004668534080298786,0.0,5.708589944224979,92.63657596900978,0.013071895424836602,3,0.9673202614379085,1.0,0.5477225575051661,6.50889743301075,4.343082970128973,62.01171875,0.18440709617180207,0.2679738562091503,59.62473201497123,207.27406425159327,0.1895424836601307,12,0.5359477124183006,2.7816901408450705,0.6106568419015118,58.46082477648826,58.43519715187975,90.78515625000001,0.0,0.0,0.7358997172348285,0.006535947712418301,0.023255813953488372,-0.13383719090194296,0.0,0.0,-0.021680090448908167,0.013071895424836602,0.0,0.26143790849673204,0.7189542483660132,0.26143790849673193,0.0,0.0,0.013071895424836647,0.006535947712418347,0.0,0.0,none,0.7189542483660132,40.38733981293071,1
Figure_5A__Figure_5A_V100__Snap-204-Bild-Export-26,BRAFi,V100,27,7,11,2,11,192.47410177085357,96,0.6160714285714286,0.8333333333333334,136.56491842121665,254.00000000000003,0.4166666666666667,6,0.08333333333333337,4.704545454545454,0.3501665753511135,128.70218186415863,127.37054864036573,94.75390625000001,0.47693452380952384,0.6041666666666666,65.9610003024573,189.14437215414182,0.4166666666666667,9,0.13541666666666663,3.86144578313253,0.5553252437956463,60.96480865899107,66.85670013258232,62.01171875,0.4419642857142857,0.5729166666666666,89.66318042519805,252.344468579535,0.7291666666666666,4,0.11458333333333337,3.4941176470588236,0.5387836663350031,85.74572074476002,86.70146539756944,90.78515625000001,0.6041666666666666,0.725,0.6964516698918548,0.5208333333333334,0.5882352941176471,0.4640383819677824,0.3958333333333333,0.5066666666666667,0.5969725075448153,0.10416666666666667,0.0,0.052083333333333336,0.11458333333333347,0.052083333333333225,0.0,0.0,0.10416666666666667,0.12500000000000008,0.2083333333333332,0.3958333333333333,AJ+TJ+actin,0.3958333333333333,25.3923617111944,3
Figure_5A__Figure_5A_V100__Snap-204-Bild-Export-26,BRAFi,V100,28,12,9,12,3,233.47978043071612,117,0.21827099938687922,0.29914529914529914,64.30802351230655,254.0,0.358974358974359,7,0.5384615384615384,3.2962962962962963,0.5565768642627871,59.40436704174483,55.63968378711999,94.75390625000001,0.026364193746167996,0.017094017094017096,17.02557223467875,219.61657884227503,0.05128205128205128,4,0.8632478632478633,1.34375,0.5691738721172287,15.000197762164634,15.977624563238871,62.01171875,0.17290006131207847,0.23076923076923078,58.191841942814385,240.4012005245237,0.1794871794871795,10,0.5470085470085471,2.707547169811321,0.5964399639335357,57.845893896086864,54.2294372675882,90.78515625000001,0.0,0.0,0.5016727464965451,0.09401709401709402,0.21568627450980393,0.2260836058453853,0.008547008547008548,0.03571428571428571,0.4064195303519545,0.20512820512820512,0.008547008547008548,0.1282051282051282,0.5555555555555555,0.12820512820512817,0.008547008547008596,0.008547008547008536,0.20512820512820512,0.09401709401709409,0.0,0.0,none,0.5555555555555555,30.80208185101796,1
Figure_5A__Figure_5A_V100__Snap-204-Bild-Export-26,BRAFi,V100,29,4,12,6,12,742.4987295002531,371,0.17096649980747017,0.22911051212938005,46.86719549206709,254.00000000000003,0.09973045822102426,8,0.7035040431266846,4.036363636363636,0.48917964916949896,44.05965179563726,42.957950457363935,94.75390625000001,0.09222179437812861,0.12398921832884097,23.14275184449809,221.48908282487642,0.0431266846361186,24,0.7628032345013477,2.721590909090909,0.7528375924006139,21.922799080420795,22.25630337876138,62.01171875,0.28340392760877936,0.32075471698113206,74.22949741609152,254.00000000000003,0.11859838274932614,14,0.5498652291105122,4.407185628742515,0.5480615166563855,73.81017449325617,70.13667168248509,90.78515625000001,0.12129380053908356,0.5232558139534884,0.8792961658627592,0.18059299191374664,0.48905109489051096,0.6286626025610772,0.09164420485175202,0.2595419847328244,0.7214647260373335,0.018867924528301886,0.0026954177897574125,0.14016172506738545,0.6280323450134769,0.14016172506738547,0.0026954177897574563,0.0,0.01886792452830204,0.0889487870619946,0.029649595687331505,0.09164420485175194,none,0.6280323450134769,97.9549775066297,1
Figure_5A__Figure_5A_V100__Snap-204-Bild-Export-26,BRAFi,V100,30,11,4,11,6,200.93100023651553,100,0.31130063965884863,0.46,75.17863552252093,253.46269293774344,0.28,9,0.29000000000000004,3.0774647887323945,0.546494101316997,71.81173487091614,66.88692993329995,94.75390625000001,0.4058280028429282,0.55,58.409095917050685,183.1949661394148,0.28,6,0.19999999999999996,3.5520833333333335,0.5382921418802822,57.24790005766548,56.5755662067907,62.01171875,0.1812366737739872,0.29,64.45870975753971,254.0,0.17,8,0.6,3.125,0.47159304490206383,66.95533777098079,58.037153821111005,90.78515625000001,0.36,0.5538461538461539,0.6068774213569533,0.13,0.20967741935483872,0.25812984153197743,0.19,0.2923076923076923,-0.025439818268471588,0.1,0.13,0.1,0.25000000000000006,0.09999999999999996,0.12999999999999995,0.0599999999999999,0.10000000000000006,0.0,0.23000000000000004,0.13,none,0.25000000000000006,26.50804752460627,2
Figure_5A__Figure_5A_V100__Snap-204-Bild-Export-26,BRAFi,V100,31,10,11,1,11,239.21068572985556,120,0.4650328750747161,0.6666666666666666,101.52071619568562,254.0,0.6583333333333333,9,0.15000000000000002,3.838235294117647,0.46832713919072044,84.84471999640449,96.89806689833355,94.75390625000001,0.20741183502689778,0.2833333333333333,40.31703340512727,170.23714311557768,0.16666666666666666,17,0.31666666666666665,2.1402439024390243,0.6640621683891397,29.634502330843013,45.18630235209469,62.01171875,0.2384937238493724,0.3416666666666667,67.1765792864356,239.34236656248788,0.25833333333333336,10,0.30833333333333335,2.4036144578313254,0.6206740478234104,49.61647918501568,75.76593409945677,90.78515625000001,0.26666666666666666,0.3902439024390244,0.8037000273145911,0.31666666666666665,0.4578313253012048,0.7685608092128426,0.19166666666666668,0.4423076923076923,0.6883270912679259,0.26666666666666666,0.008333333333333333,0.016666666666666666,0.30000000000000004,0.01666666666666676,0.008333333333333321,0.008333333333333439,0.2666666666666666,0.13333333333333336,0.08333333333333326,0.18333333333333318,none,0.30000000000000004,31.558137959083847,0
Figure_5A__Figure_5A_V100__Snap-204-Bild-Export-26,BRAFi,V100,33,13,10,8,1,352.4422251039238,176,0.24107142857142858,0.3181818181818182,71.15461287072645,254.00000000000003,0.24431818181818182,14,0.49431818181818177,3.337078651685393,0.6434809441743686,62.1399930726134,67.02371852287098,94.75390625000001,0.3429383116883117,0.44886363636363635,54.26201366697697,217.4036485610689,0.23295454545454544,14,0.18181818181818177,2.9340277777777777,0.6536391543601111,50.58975647046439,53.29353966870263,62.01171875,0.2086038961038961,0.2784090909090909,63.98145789987017,254.00000000000003,0.23863636363636365,12,0.5511363636363636,3.2531645569620253,0.7091379641384817,64.42267445970005,58.17637397315835,90.78515625000001,0.1875,0.3235294117647059,0.5077955853283451,0.2215909090909091,0.5909090909090909,0.8620640602307955,0.16477272727272727,0.29292929292929293,0.6000890300610177,0.056818181818181816,0.24431818181818182,0.03977272727272727,0.38068181818181823,0.03977272727272744,0.24431818181818193,0.01704545454545434,0.056818181818181906,0.07386363636363649,0.03977272727272718,0.14772727272727249,none,0.38068181818181823,46.49633576568916,2
Figure_5A__Figure_5A_V100__Snap-204-Bild-Export-26,BRAFi,V100,34,8,13,16,8,438.58404865699754,219,0.5255450699642044,0.7808219178082192,106.1157589492261,254.00000000000003,0.4018264840182648,6,0.0730593607305936,3.9679802955665027,0.40161918107818345,98.51190769121409,96.20033098551487,94.75390625000001,0.5948584445167588,0.7899543378995434,74.09489548966663,205.8631362202237,0.4063926940639269,6,0.0547945205479452,4.404991948470209,0.3906319926475327,77.15181967919195,64.58308398165809,62.01171875,0.29157175398633256,0.4885844748858447,72.53230911588685,230.82349719001903,0.1461187214611872,11,0.3789954337899544,3.2941176470588234,0.4577580263788782,69.84624293891102,67.2511519079517,90.78515625000001,0.7123287671232876,0.8297872340425532,0.5364530113035401,0.4840182648401826,0.6162790697674418,0.7514501334436793,0.45662100456621,0.5555555555555556,0.460764292474643,0.0365296803652968,0.0730593607305936,0.0,0.141552511415525,0.0,0.07305936073059378,0.004566210045662113,0.03652968036529652,0.03196347031963473,0.26027397260274,0.45205479452054786,AJ+TJ+actin,0.45205479452054786,57.8606924349601,3
Figure_5A__Figure_5A_V100__Snap-204-Bild-Export-26,BRAFi,V100,35,11,12,11,12,322.23344791948637,161,0.4046140195208518,0.6521739130434783,89.65558188583982,254.0,0.5714285714285714,8,0.1863354037267081,3.480916030534351,0.46261535375282853,84.85204409956056,76.66921751872003,94.75390625000001,0.4605146406388642,0.7018633540372671,64.4634077527297,227.49755667751157,0.5590062111801242,9,0.06211180124223603,3.437086092715232,0.5034582901909025,65.9184014068591,55.85095314680503,62.01171875,0.24800354924578527,0.37267080745341613,66.55590181350037,254.0,0.14906832298136646,10,0.5093167701863355,3.537974683544304,0.46994194045859117,66.20992222264418,57.40619919846385,90.78515625000001,0.546583850931677,0.676923076923077,0.6091970754620936,0.35403726708074534,0.5277777777777778,0.6980348878642351,0.36024844720496896,0.5043478260869565,0.620165799645109,0.09316770186335403,0.13664596273291926,0.0,0.1925465838509316,0.0,0.13664596273291948,0.018633540372670843,0.0931677018633539,0.012422360248447149,0.20496894409937916,0.3416149068322979,AJ+TJ+actin,0.3416149068322979,42.5110089603544,2
Figure_5A__Figure_5A_V100__Snap-204-Bild-Export-26,BRAFi,V100,36,13,11,8,11,355.20573649250485,178,0.33118712273641854,0.48314606741573035,81.45829887279703,254.0,0.25280898876404495,17,0.2359550561797753,3.0330882352941178,0.5846082093967131,75.8451212520175,74.45720399398505,94.75390625000001,0.47847082494969817,0.6123595505617978,70.48063025120001,254.0,0.4438202247191011,8,0.0786516853932584,3.6310975609756095,0.5798115645956753,68.9022137423506,67.95848777095736,62.01171875,0.3319919517102616,0.43820224719101125,77.98282792898968,251.87926353364043,0.25280898876404495,10,0.3595505617977528,3.6359649122807016,0.5717337737635817,86.37182192243978,65.65802504290404,90.78515625000001,0.4157303370786517,0.6115702479338843,0.30136609825115607,0.3146067415730337,0.5185185185185185,0.6534510184425382,0.33707865168539325,0.47244094488188976,0.24237653181129926,0.03932584269662921,0.14606741573033707,0.07303370786516854,0.2471910112359551,0.07303370786516847,0.14606741573033716,0.05056179775280903,0.039325842696629254,0.028089887640449486,0.1292134831460673,0.28651685393258414,AJ+TJ+actin,0.28651685393258414,46.86091510455209,2
Figure_5A__Figure_5A_V100__Snap-204-Bild-Export-26,BRAFi,V100,37,12,14,12,18,493.6392346993304,247,0.30624638519375363,0.41700404858299595,76.55745610862219,254.0,0.2550607287449393,24,0.3157894736842105,3.133136094674556,0.6060057410581665,70.26464252636194,71.30117564474389,94.75390625000001,0.1229034123770966,0.145748987854251,34.991651044459324,152.7534447246403,0.07692307692307693,31,0.5587044534412955,1.9495412844036697,0.8065132781424428,33.91578731183001,33.95358755963252,62.01171875,0.2183342972816657,0.32793522267206476,64.59790929805094,254.00000000000003,0.15384615384615385,17,0.5222672064777327,3.1991525423728815,0.5535615771695443,55.68351928643657,70.28092613240712,90.78515625000001,0.07692307692307693,0.15833333333333333,0.36475054093390463,0.23076923076923078,0.44881889763779526,0.49986771358453497,0.08502024291497975,0.21875,0.4206673381035735,0.1700404858299595,0.044534412955465584,0.0728744939271255,0.4412955465587044,0.07287449392712564,0.0445344129554656,0.024291497975708547,0.17004048582995968,0.1700404858299595,0.01619433198380566,0.06072874493927114,none,0.4412955465587044,65.12390959094068,1
Figure_5A__Figure_5A_V100__Snap-204-Bild-Export-26,BRAFi,V100,39,13,12,8,12,146.17676790840477,73,0.30724070450097846,0.4383561643835616,75.9560087774549,254.0,0.3287671232876712,5,0.23287671232876717,2.8035714285714284,0.6549988471720742,74.77206521873875,65.8343592285728,94.75390625000001,0.3561643835616438,0.4520547945205479,52.724102127549116,192.2346525113751,0.3835616438356164,5,0.20547945205479456,3.1379310344827585,0.6098406078316794,56.694827870205835,43.76496681293266,62.01171875,0.34442270058708413,0.4520547945205479,78.21186081709894,226.4107807843708,0.3698630136986301,7,0.31506849315068497,3.52,0.5856408512147785,76.51589625146036,71.75568932712379,90.78515625000001,0.3150684931506849,0.5476190476190477,0.8183131488229652,0.3013698630136986,0.5116279069767442,0.8370636951868129,0.3287671232876712,0.5714285714285714,0.8500579531752364,0.0684931506849315,0.0547945205479452,0.0684931506849315,0.3561643835616437,0.0684931506849315,0.054794520547945244,0.08219178082191787,0.0684931506849316,0.054794520547945244,0.06849315068493131,0.2465753424657535,none,0.3561643835616437,19.28453402485551,0
Figure_5A__Figure_5A_V100__Snap-204-Bild-Export-26,BRAFi,V100,41,14,15,18,17,86.2035949091481,43,0.0,0.0,6.319769459805038,46.24829713205987,0.0,0,1.0,,,5.480512919922743,5.240751218171804,94.75390625000001,0.3903654485049834,0.5348837209302325,58.79800136720611,183.1936455753038,0.5581395348837209,2,0.16279069767441856,3.263888888888889,0.5816415788189109,65.43606848533737,51.55021876524719,62.01171875,0.12624584717607973,0.18604651162790697,33.39545059322602,209.5686124013483,0.2558139534883721,1,0.7441860465116279,3.4545454545454546,0.5804406578977047,33.331670387158084,30.805705209271157,90.78515625000001,0.0,0.0,-0.30436766550176625,0.0,0.0,-0.20134690855929666,0.18604651162790697,0.34782608695652173,0.7184506877890778,0.0,0.3488372093023256,0.0,0.4651162790697673,0.0,0.3488372093023256,0.18604651162790695,0.0,0.0,0.0,0.0,none,0.4651162790697673,11.372505924689722,2
Supplementary_Figures_S6-S7__S6_D1__Snap-206-Bild-Export-28,BRAFi,D1,4,1,0,3,9,297.4311540956088,149,0.3333333333333333,0.44966442953020136,69.09766773693786,254.0,0.48322147651006714,4,0.4899328859060402,4.572368421052632,0.39335876954449367,63.897572672376654,64.09622682100441,86.81640625000001,0.09812409812409813,0.11409395973154363,30.519376627129862,125.65833970300588,0.087248322147651,20,0.5704697986577181,1.59375,0.7682171774180288,27.14387591107422,31.432910797348384,57.04259731478872,0.2405002405002405,0.33557046979865773,59.635960000257576,184.06224201208815,0.18791946308724833,12,0.4093959731543624,2.852272727272727,0.6321367192279853,56.44343001976923,59.18090303072796,81.85546875000001,0.06711409395973154,0.13513513513513514,0.5937057073927593,0.26174496644295303,0.5,0.6756854415850256,0.06711409395973154,0.17543859649122806,0.47339985358853665,0.18791946308724833,0.04697986577181208,0.0738255033557047,0.429530201342282,0.07382550335570454,0.04697986577181209,0.0,0.18791946308724838,0.19463087248322145,0.0,0.06711409395973156,none,0.429530201342282,39.23893853504074,0
Supplementary_Figures_S6-S7__S6_D1__Snap-206-Bild-Export-28,BRAFi,D1,5,2,1,14,3,69.22612454284003,35,0.2277432712215321,0.4,62.1681555647909,228.96845877709728,0.5428571428571428,3,0.4,2.738095238095238,0.4996785356020397,58.80115249525667,57.27482338561369,86.81640625000001,0.20910973084886128,0.2571428571428571,36.204871081704226,132.65052961550336,0.2,4,0.48571428571428577,2.9166666666666665,0.7119963311072636,34.653968577834455,34.348122848032624,57.04259731478872,0.5693581780538303,0.8285714285714286,100.02638313485988,254.0,0.7428571428571429,2,0.11428571428571432,4.532258064516129,0.3119517010791619,105.89335757078692,86.54808256229717,81.85546875000001,0.17142857142857143,0.35294117647058826,0.4702119647277458,0.4,0.4827586206896552,0.5632629870141811,0.2571428571428571,0.3103448275862069,0.7995654800223702,0.0,0.0,0.34285714285714286,0.17142857142857146,0.3428571428571428,0.0,0.08571428571428576,0.0,0.22857142857142848,0.0,0.17142857142857149,actin only,0.3428571428571428,9.132734108554093,0
Supplementary_Figures_S6-S7__S6_D1__Snap-206-Bild-Export-28,BRAFi,D1,6,3,2,20,14,144.42177137270446,72,0.10813492063492064,0.1111111111111111,48.74131460124017,164.03540252146956,0.18055555555555555,10,0.5138888888888888,1.5571428571428572,0.9487320932693589,44.05038756752772,45.5371051468779,86.81640625000001,0.08134920634920635,0.09722222222222222,26.71458461793275,127.68577625667852,0.09722222222222222,7,0.6527777777777778,1.64,0.7033107734290837,23.681650583195946,27.009048822702223,57.04259731478872,0.09722222222222222,0.1111111111111111,29.17886876216593,184.81111225880727,0.125,3,0.7083333333333333,2.3333333333333335,0.7344103761406768,30.023901668417263,25.32238090058595,81.85546875000001,0.041666666666666664,0.25,0.5716548097206847,0.041666666666666664,0.23076923076923078,0.6399880186149987,0.05555555555555555,0.36363636363636365,0.6902559058359502,0.05555555555555555,0.027777777777777776,0.041666666666666664,0.7916666666666667,0.041666666666666595,0.027777777777777728,0.027777777777777776,0.05555555555555563,0.013888888888888815,0.013888888888888888,0.02777777777777783,none,0.7916666666666667,19.053004138879217,1
Supplementary_Figures_S6-S7__S6_D1__Snap-206-Bild-Export-28,BRAFi,D1,7,4,3,13,20,213.51755509334237,107,0.260347129506008,0.38317757009345793,59.23014308696789,254.0,0.29906542056074764,5,0.4112149532710281,3.0952380952380953,0.504183680251506,51.344587820013146,54.61763997251044,86.81640625000001,0.08878504672897196,0.09345794392523364,23.520875268906217,172.46932860937497,0.11214953271028037,10,0.6448598130841121,1.75,0.5590770359404903,19.56539901671154,23.214514346233805,57.04259731478872,0.01602136181575434,0.009345794392523364,26.052692862441813,106.0851154653753,0.018691588785046728,8,0.897196261682243,1.0909090909090908,0.5103103630798288,27.63943873388734,21.314147479537322,81.85546875000001,0.08411214953271028,0.21428571428571427,0.6612066886031163,0.0,0.0,0.5308489903723469,0.0,0.0,0.7441330746235942,0.29906542056074764,0.009345794392523364,0.009345794392523364,0.5981308411214954,0.009345794392523407,0.009345794392523374,0.0,0.2990654205607476,0.0,0.08411214953271032,0.0,none,0.5981308411214954,28.168542888303744,1
Supplementary_Figures_S6-S7__S6_D1__Snap-206-Bild-Export-28,BRAFi,D1,9,2,5,14,11,498.70738980679675,249,0.1711995419410249,0.23694779116465864,51.46283291175574,254.00000000000003,0.0963855421686747,20,0.5301204819277108,2.5555555555555554,0.6800614980445391,45.39639839406968,48.929400534988375,86.81640625000001,0.0423704551961065,0.05220883534136546,21.5287164639941,120.12142422887575,0.024096385542168676,20,0.8192771084337349,1.6444444444444444,0.9011092101512614,20.089221347003722,20.976768894283566,57.04259731478872,0.13026052104208416,0.17670682730923695,46.574031854809746,211.85448018591788,0.05622489959839357,17,0.6265060240963856,2.446236559139785,0.6297844286091364,45.53460131446804,44.31097810466416,81.85546875000001,0.0321285140562249,0.125,0.5032786875787894,0.07630522088353414,0.2261904761904762,0.45880594825591486,0.04417670682730924,0.2391304347826087,0.6613542554665989,0.1606425702811245,0.008032128514056224,0.08835341365461848,0.6546184738955821,0.08835341365461824,0.008032128514056228,0.012048192771084347,0.16064257028112477,0.044176706827309384,0.0,0.03212851405622478,none,0.6546184738955821,65.79253163678058,1
Supplementary_Figures_S6-S7__S6_D1__Snap-206-Bild-Export-28,BRAFi,D1,10,5,1,11,3,333.35611209197054,167,0.148005148005148,0.2215568862275449,47.51986049120738,246.37828691770656,0.25748502994011974,13,0.5868263473053892,2.5,0.5351418611865483,45.2916805708921,39.423865374577666,86.81640625000001,0.1758901758901759,0.23952095808383234,37.94028596475367,145.6179252109544,0.11377245508982035,22,0.43113772455089816,2.163157894736842,0.6169886466411859,37.61803283075788,34.981918971803864,57.04259731478872,0.1831831831831832,0.2694610778443114,48.23960422687753,206.76506816669198,0.39520958083832336,10,0.4251497005988024,2.234375,0.5116696133974781,57.3424447905086,34.225152351869944,81.85546875000001,0.11976047904191617,0.3508771929824561,0.5194091379579706,0.1497005988023952,0.43859649122807015,0.5666337865430757,0.11976047904191617,0.3076923076923077,0.311609214162849,0.041916167664670656,0.08982035928143713,0.08982035928143713,0.5688622754491018,0.08982035928143706,0.0898203592814371,0.02994011976047909,0.04191616766467067,0.05988023952095808,0.02994011976047909,0.0898203592814371,none,0.5688622754491018,43.978378903953896,0
Supplementary_Figures_S6-S7__S6_D1__Snap-206-Bild-Export-28,BRAFi,D1,11,6,2,16,14,17.087486985743944,9,0.7058823529411765,1.0,142.64481606095168,254.0,1.0,1,0.0,4.888888888888889,0.33671664522793304,135.0717811603845,126.2725627096251,86.81640625000001,0.6134453781512605,0.8888888888888888,68.48404115306793,159.50396549316116,1.0,1,0.0,4.166666666666667,0.3878143885933063,66.86627630705101,60.88714944585216,57.04259731478872,0.7983193277310925,1.0,129.27989239248615,220.67324781279868,1.0,1,0.0,5.555555555555555,0.17204650534085253,161.88433962242166,85.79334945596027,81.85546875000001,0.8888888888888888,0.8888888888888888,0.9132744010579067,1.0,1.0,0.3313138161765004,0.8888888888888888,0.8888888888888888,0.49308505422253085,0.0,0.0,0.0,0.0,0.0,0.0,0.0,0.0,0.11111111111111106,0.0,0.888888888888889,AJ+TJ+actin,0.888888888888889,2.254285882024267,3
Supplementary_Figures_S6-S7__S6_D1__Snap-206-Bild-Export-28,BRAFi,D1,12,3,6,20,16,49.682399669651915,25,0.26571428571428574,0.28,70.75636268115062,206.5920557264851,0.24,4,0.48,3.576923076923077,0.64837907233038,63.54715687516243,70.43839422841516,86.81640625000001,0.38285714285714284,0.6,49.97509844060667,128.91382565681775,1.0,1,0.0,2.68,0.5480884784172698,39.89287138626238,57.76452435507595,57.04259731478872,0.2,0.28,58.6154558021227,187.29012019059743,0.24,2,0.56,3.1818181818181817,0.6003400396985913,50.7286766706146,63.43363894336315,81.85546875000001,0.2,0.29411764705882354,0.19861562604467545,0.2,0.5555555555555556,0.8369025393527827,0.28,0.4666666666666667,0.3766601515879073,0.08,0.32,0.0,0.32,0.0,0.32000000000000006,0.07999999999999999,0.07999999999999992,0.0,0.0,0.2,TJ only,0.32000000000000006,6.5544062888722845,2
Supplementary_Figures_S6-S7__S6_D1__Snap-206-Bild-Export-28,BRAFi,D1,13,6,5,16,11,137.13794066684116,69,0.6579770594369134,0.8840579710144928,113.4634634921675,254.0,1.0,1,0.0,4.601449275362318,0.3522634357679723,111.80597657664765,101.65800478433708,86.81640625000001,0.24608967674661106,0.36231884057971014,38.249436903419046,120.84855969648311,0.2463768115942029,7,0.49275362318840576,3.3714285714285714,0.5893335135835156,35.913827110413315,38.03672127433722,57.04259731478872,0.08237747653806048,0.07246376811594203,46.63033467202654,200.01891960829528,0.08695652173913043,7,0.782608695652174,2.6333333333333333,1.0034390472205779,50.70459775058578,39.90431747178195,81.85546875000001,0.36231884057971014,0.4098360655737705,0.818280694357411,0.07246376811594203,0.08196721311475409,0.8368165693276224,0.07246376811594203,0.2,0.7699879372177671,0.5217391304347826,0.0,0.0,0.11594202898550723,0.0,0.0,0.0,0.5217391304347825,0.0,0.28985507246376824,0.07246376811594203,AJ only,0.5217391304347825,18.092076605124163,2
Supplementary_Figures_S6-S7__S6_D1__Snap-206-Bild-Export-28,BRAFi,D1,14,4,6,13,16,207.9024391562757,104,0.017857142857142856,0.009615384615384616,28.667780590344716,133.14239531577783,0.028846153846153848,7,0.8846153846153846,1.0833333333333333,0.9003615315938175,24.149303576116242,28.01089593634646,86.81640625000001,0.022664835164835164,0.019230769230769232,17.412674020759194,108.77023257887583,0.057692307692307696,4,0.8846153846153846,1.375,0.6823230454059214,16.79603565402875,17.309217753970838,57.04259731478872,0.042582417582417584,0.0673076923076923,34.37809172852159,113.91953376697056,0.07692307692307693,3,0.875,2.3846153846153846,0.6483790723303801,32.246395697311875,36.04923029477112,81.85546875000001,0.0,0.0,0.3092127078497979,0.0,0.0,0.06183578961243649,0.0,0.0,-0.021713985792915582,0.009615384615384616,0.019230769230769232,0.0673076923076923,0.903846153846154,0.06730769230769224,0.019230769230769235,0.0,0.009615384615384616,0.0,0.0,0.0,none,0.903846153846154,27.427762421672256,1
Supplementary_Figures_S6-S7__S6_D1__Snap-206-Bild-Export-28,BRAFi,D1,16,7,5,7,11,417.4865628232468,209,0.22713257965056527,0.3492822966507177,62.52477453817077,253.58218103471708,0.20095693779904306,19,0.3444976076555024,2.4197080291970803,0.6202782094270386,54.832022416701165,55.973826466892326,86.81640625000001,0.1157930798218568,0.1291866028708134,30.254818387849248,171.58625546081686,0.08133971291866028,20,0.5837320574162679,1.9540229885057472,0.7638456700227191,27.857483903116115,29.627124458443635,57.04259731478872,0.05549845837615622,0.04784688995215311,35.08835238258776,152.7414762052225,0.03827751196172249,12,0.8086124401913876,2.025,0.8728840332994338,33.61585668766364,33.09572925926147,81.85546875000001,0.0861244019138756,0.21951219512195122,0.6183781175145155,0.0430622009569378,0.12162162162162163,0.6529264374251628,0.028708133971291867,0.1935483870967742,0.4507017111553271,0.24401913875598086,0.03827751196172249,0.0,0.6076555023923443,0.0,0.038277511961722605,0.0047846889952152345,0.244019138755981,0.019138755980861143,0.062200956937799125,0.023923444976076583,none,0.6076555023923443,55.07738295821198,1
Supplementary_Figures_S6-S7__S6_D1__Snap-206-Bild-Export-28,BRAFi,D1,17,6,7,16,7,402.76057357845934,201,0.119461183977313,0.14427860696517414,44.837652562414135,251.9048757489418,0.07960199004975124,17,0.6069651741293532,2.132911392405063,0.8126664143105228,40.5379801911441,41.769072448210295,86.81640625000001,0.06912442396313365,0.06965174129353234,23.71866179886768,163.46154127127537,0.05970149253731343,17,0.691542288557214,1.5725806451612903,0.7331898730036321,21.81497282341218,23.8020223581495,57.04259731478872,0.027649769585253458,0.04477611940298507,26.185193596747634,123.2346935577817,0.05472636815920398,4,0.8955223880597015,1.8571428571428572,0.6496851004779449,24.18567449951393,26.582491327204824,81.85546875000001,0.01990049751243781,0.10256410256410256,0.6782047772250565,0.024875621890547265,0.15151515151515152,0.6327097518333352,0.0,0.0,0.6416470256309071,0.09950248756218906,0.04975124378109453,0.01990049751243781,0.7860696517412936,0.019900497512437856,0.04975124378109457,0.0,0.09950248756218888,0.0248756218905473,0.019900497512437797,0.0,none,0.7860696517412936,53.13464031378091,1
Supplementary_Figures_S6-S7__S6_D1__Snap-206-Bild-Export-28,BRAFi,D1,18,5,0,11,9,46.897487091631255,23,0.23404255319148937,0.30434782608695654,63.45392195748323,244.99136575960992,0.43478260869565216,2,0.5217391304347826,3.5,0.61520619648452,60.910146088754225,59.673733122866956,86.81640625000001,0.5045592705167173,0.6956521739130435,63.95513156686341,185.14032898516504,0.4782608695652174,3,0.08695652173913049,3.9365079365079367,0.5081445149511327,62.60148185374904,61.36225183324362,57.04259731478872,0.060790273556231005,0.043478260869565216,35.548428604097985,131.19957295966265,0.21739130434782608,1,0.782608695652174,2.0,0.7905694150420949,36.6357218822299,34.778986875378955,81.85546875000001,0.17391304347826086,0.21052631578947367,0.30150675393423754,0.043478260869565216,0.14285714285714285,0.7212751088516142,0.043478260869565216,0.0625,0.63342108799492,0.13043478260869565,0.5217391304347826,0.0,0.17391304347826092,0.0,0.5217391304347828,0.0,0.13043478260869562,0.0,0.13043478260869554,0.04347826086956526,TJ only,0.5217391304347828,6.187003574093834,2
Supplementary_Figures_S6-S7__S6_D1__Snap-206-Bild-Export-28,BRAFi,D1,19,8,0,15,9,388.2606820620374,194,0.06701030927835051,0.10824742268041238,17.777598622253443,193.2402159959093,0.15463917525773196,2,0.8402061855670103,2.935483870967742,0.5186999437892724,17.70545321812893,14.842032160700251,86.81640625000001,0.14248895434462444,0.21649484536082475,28.88781454695009,172.17736329188412,0.1958762886597938,12,0.5876288659793815,2.41875,0.6222563452660579,27.740049014237453,28.200912338462565,57.04259731478872,0.026509572901325478,0.041237113402061855,33.858460474065154,119.34156460266536,0.04639175257731959,10,0.8711340206185567,1.44,0.8579691784155834,33.334493629117745,32.97982356765716,81.85546875000001,0.10309278350515463,0.46511627906976744,0.7313563215360893,0.0,0.0,-0.02644089886716844,0.0,0.0,-0.23471637746685203,0.005154639175257732,0.1134020618556701,0.041237113402061855,0.7371134020618556,0.041237113402061897,0.11340206185567014,0.0,0.0051546391752577275,0.0,0.10309278350515465,0.0,none,0.7371134020618556,51.221725865704144,1
Supplementary_Figures_S6-S7__S6_D1__Snap-206-Bild-Export-28,BRAFi,D1,20,5,9,11,5,223.20247779760905,112,0.3638693145419603,0.4732142857142857,79.0091501674135,254.0,0.25,14,0.2857142857142857,3.5875,0.6137846017539188,77.07902741209053,70.11061021888165,86.81640625000001,0.2447149263292761,0.3392857142857143,42.32341069124288,174.62753965257,0.14285714285714285,15,0.3482142857142857,2.6164383561643834,0.6683959188652278,37.86139265877661,43.574698439109056,57.04259731478872,0.15246636771300448,0.24107142857142858,55.38169255922171,232.71741242439109,0.19642857142857142,10,0.5714285714285714,2.4791666666666665,0.5950980227346291,50.04283235932818,57.28961289914471,81.85546875000001,0.33035714285714285,0.6851851851851852,0.8105913638740375,0.11607142857142858,0.19402985074626866,0.03267991060130234,0.08928571428571429,0.18181818181818182,0.12456631735705188,0.10714285714285714,0.0,0.11607142857142858,0.40178571428571436,0.1160714285714285,0.0,0.008928571428571433,0.10714285714285712,0.035714285714285636,0.25,0.08035714285714296,none,0.40178571428571436,29.446237176465573,2
Supplementary_Figures_S6-S7__S6_D1__Snap-206-Bild-Export-28,BRAFi,D1,21,9,0,5,9,117.62532515008644,59,0.5750605326876513,0.7457627118644068,105.81846730581861,246.9345815864716,0.6271186440677966,2,0.10169491525423724,4.481132075471698,0.4112328602798678,101.29014058323527,98.56126945295448,86.81640625000001,0.5605326876513317,0.7966101694915254,64.52863716455546,188.77231877096494,0.6779661016949152,3,0.05084745762711862,4.133928571428571,0.45685834165209355,59.84324135975222,63.70974829928543,57.04259731478872,0.031476997578692496,0.0,41.68469601950024,123.96161521453266,0.11864406779661017,3,0.7966101694915254,1.0833333333333333,0.5273580461846957,38.91144360521961,41.147099007455886,81.85546875000001,0.6949152542372882,0.82,0.7946143382749379,0.0,0.0,0.7671147039465352,0.0,0.0,0.7551249571485243,0.05084745762711865,0.1016949152542373,0.0,0.1525423728813559,0.0,0.10169491525423728,0.0,0.050847457627118633,0.0,0.6949152542372882,0.0,AJ+TJ,0.6949152542372882,15.517852922174992,2
Supplementary_Figures_S6-S7__S6_D1__Snap-206-Bild-Export-28,BRAFi,D1,22,9,8,5,15,350.1546066032103,175,0.23591836734693877,0.32,59.31131580875517,242.8945925336998,0.32571428571428573,15,0.36,2.580357142857143,0.7136337414533099,51.68308390717611,54.27762422987651,86.81640625000001,0.3420408163265306,0.48,48.759026747642004,169.1401439015979,0.46285714285714286,14,0.23428571428571432,3.126865671641791,0.5794118306549392,40.57416978812613,50.75906683140846,57.04259731478872,0.13673469387755102,0.2342857142857143,38.12983038766838,205.0101244750553,0.18285714285714286,6,0.6285714285714286,2.576923076923077,0.5016346635844777,37.31570507466493,34.69597696343484,81.85546875000001,0.26857142857142857,0.5053763440860215,0.7839345881716492,0.1657142857142857,0.4264705882352941,0.6752059264376908,0.2057142857142857,0.4044943820224719,0.7107254819309972,0.045714285714285714,0.1657142857142857,0.022857142857142857,0.4457142857142857,0.02285714285714279,0.16571428571428573,0.04571428571428574,0.0457142857142857,0.005714285714285718,0.10857142857142864,0.15999999999999995,none,0.4457142857142857,46.194539129711124,2
Supplementary_Figures_S6-S7__S6_D1__Snap-206-Bild-Export-28,BRAFi,D1,23,5,10,11,2,320.38211695860775,160,0.25535714285714284,0.325,65.73405482572139,253.51502691450648,0.20625,18,0.44375,3.2134831460674156,0.6950130794421269,62.27970166038699,59.569894139790584,86.81640625000001,0.30714285714285716,0.33125,49.02077615418137,204.19890349302824,0.225,17,0.40625,3.6210526315789475,0.6939489924802926,48.23535265035701,46.91354076641223,57.04259731478872,0.228125,0.31875,58.41998067351598,176.06029816691316,0.1875,9,0.5875,3.871212121212121,0.5113776661040471,54.834876278745455,59.36999877491348,81.85546875000001,0.2625,0.6666666666666666,0.8377775442551603,0.23125,0.5606060606060606,0.7005331772046177,0.225,0.5294117647058824,0.6436863908515875,0.0375,0.05,0.06875,0.5375000000000001,0.06875,0.04999999999999996,0.01875000000000002,0.03749999999999998,0.025000000000000015,0.05625000000000006,0.20625,none,0.5375000000000001,42.26677004730973,1
Supplementary_Figures_S6-S7__S6_D1__Snap-206-Bild-Export-28,BRAFi,D1,24,10,9,2,5,408.0285483077945,204,0.22408963585434175,0.29411764705882354,62.11360465458526,230.6712230600694,0.16176470588235295,27,0.303921568627451,2.2535211267605635,0.7195579697807536,55.12709155514448,58.51254069640793,86.81640625000001,0.19222689075630253,0.2107843137254902,39.648321057562185,199.21054039981854,0.12254901960784313,28,0.3529411764705882,2.0795454545454546,0.6971229957471624,35.334677876188735,41.02096552005552,57.04259731478872,0.3389355742296919,0.4166666666666667,71.27139707005844,239.24605950668354,0.3284313725490196,9,0.36274509803921573,3.723076923076923,0.5872967956027554,70.61506605005265,69.9091415799038,81.85546875000001,0.08823529411764706,0.21176470588235294,0.3459288937167683,0.14215686274509803,0.25,0.20771610723011627,0.12254901960784313,0.24271844660194175,0.27051087708016586,0.11764705882352941,0.05392156862745098,0.20588235294117646,0.3774509803921568,0.20588235294117646,0.05392156862745108,0.06862745098039208,0.11764705882352923,0.08823529411764704,0.03431372549019619,0.053921568627451115,none,0.3774509803921568,53.82962378730798,0
Supplementary_Figures_S6-S7__S6_D1__Snap-206-Bild-Export-28,BRAFi,D1,26,6,11,16,1,155.72211395183396,78,0.49542124542124544,0.6410256410256411,99.36281120726042,254.0,0.46153846153846156,6,0.17948717948717952,4.2265625,0.484581051930847,88.31287015830965,98.6156763172979,86.81640625000001,0.2948717948717949,0.3717948717948718,49.29561582792357,205.3477464777963,0.38461538461538464,8,0.41025641025641024,3.5,0.6580334230136163,44.27066105182881,50.03460619876915,57.04259731478872,0.0695970695970696,0.07692307692307693,39.30296836644471,126.48780326551531,0.10256410256410256,5,0.7307692307692308,1.8095238095238095,0.6631370088607449,38.9756160506022,36.41380054938583,81.85546875000001,0.358974358974359,0.5490196078431373,0.8067156247431923,0.0641025641025641,0.09803921568627451,0.4953542947531039,0.038461538461538464,0.09375,0.40447095594717236,0.2564102564102564,0.01282051282051282,0.01282051282051282,0.33333333333333326,0.012820512820512815,0.012820512820512804,0.0,0.2564102564102563,0.025641025641025644,0.32051282051282065,0.038461538461538505,none,0.33333333333333326,20.54381450551899,2
Supplementary_Figures_S6-S7__S6_D1__Snap-206-Bild-Export-28,BRAFi,D1,27,5,12,11,18,151.57239762969184,76,0.3148496240601504,0.5,71.00688323932319,248.23262633637654,0.2894736842105263,9,0.19736842105263153,2.7459016393442623,0.5986098099858305,67.50003216609032,59.798502348345906,86.81640625000001,0.2725563909774436,0.3684210526315789,45.218706318531616,177.35091299124562,0.17105263157894737,11,0.2763157894736842,2.6363636363636362,0.6663296809818932,44.55093817367116,39.806164615529234,57.04259731478872,0.2161654135338346,0.27631578947368424,53.005148471849715,165.30933182157656,0.15789473684210525,3,0.6842105263157895,4.791666666666667,0.3938084130164957,48.12874897935089,52.857130776406414,81.85546875000001,0.3157894736842105,0.5714285714285714,0.6963813672855079,0.27631578947368424,0.5526315789473685,0.8448922161325718,0.2631578947368421,0.6896551724137931,0.7036703025377538,0.17105263157894737,0.05263157894736842,0.0,0.44736842105263147,0.0,0.0526315789473684,0.0,0.1710526315789475,0.01315789473684213,0.052631578947368376,0.2631578947368419,none,0.44736842105263147,19.99635852634457,2
Supplementary_Figures_S6-S7__S6_D1__Snap-206-Bild-Export-28,BRAFi,D1,28,12,10,18,2,349.89419967228866,175,0.3224489795918367,0.38857142857142857,77.96268548329692,254.0,0.17714285714285713,20,0.3314285714285714,3.376068376068376,0.7040137178019963,69.98018192388346,74.86082917028797,86.81640625000001,0.4126530612244898,0.48,62.50162546381611,252.43020168650574,0.18285714285714286,19,0.22857142857142854,3.7444444444444445,0.6480538252685434,59.10929562584799,63.282450650264714,57.04259731478872,0.30857142857142855,0.34285714285714286,66.80793664135146,254.00000000000003,0.14857142857142858,7,0.5485714285714286,4.784810126582278,0.5217411463562418,67.96927775347771,63.3910867198928,81.85546875000001,0.33714285714285713,0.6344086021505376,0.7901064009460718,0.2914285714285714,0.6623376623376623,0.854929308417991,0.32,0.6363636363636364,0.8333743728424486,0.05142857142857143,0.11428571428571428,0.022857142857142857,0.44571428571428584,0.02285714285714291,0.11428571428571406,0.028571428571428536,0.05142857142857141,0.0,0.04571428571428582,0.2914285714285714,none,0.44571428571428584,46.16018465333624,2
Supplementary_Figures_S6-S7__S6_D1__Snap-206-Bild-Export-28,BRAFi,D1,29,11,7,1,7,258.0024657219916,129,0.30564784053156147,0.40310077519379844,70.97816904038123,254.0,0.27906976744186046,14,0.2325581395348837,2.787878787878788,0.6544344879778421,66.4733687338051,64.11297886727353,86.81640625000001,0.03820598006644518,0.031007751937984496,22.71727571559932,124.31802405489856,0.031007751937984496,16,0.7906976744186046,1.2777777777777777,1.0614396187594524,23.851729105784422,19.775314159142674,57.04259731478872,0.08305647840531562,0.10852713178294573,32.297670707769,163.5450341489506,0.14728682170542637,3,0.813953488372093,3.125,0.5585696017507576,36.748908191569335,26.842829606521892,81.85546875000001,0.023255813953488372,0.05660377358490566,0.6841095362088513,0.09302325581395349,0.2222222222222222,0.6860861195638135,0.015503875968992248,0.125,0.6365443274034456,0.29457364341085274,0.0,0.007751937984496124,0.5813953488372093,0.00775193798449615,0.0,0.00775193798449615,0.29457364341085257,0.08527131782945732,0.0155038759689923,0.00775193798449615,none,0.5813953488372093,34.0372646071229,1
Supplementary_Figures_S6-S7__S6_D1__Snap-206-Bild-Export-28,BRAFi,D1,30,7,12,7,18,34.75416818534978,17,0.3183673469387755,0.35294117647058826,72.13281367187945,254.00000000000003,0.5294117647058824,2,0.4117647058823529,3.8833333333333337,0.6888512293201381,72.13819880798907,64.72553009976811,86.81640625000001,0.2612244897959184,0.35294117647058826,43.92257797850276,123.2063729131582,0.4117647058823529,4,0.2941176470588235,2.638888888888889,0.6506761878116039,41.441405021999756,43.324713986417386,57.04259731478872,0.8612244897959184,1.0,132.740284922998,232.31101493860996,1.0,1,0.0,6.019607843137255,0.1690519226675249,141.51699720169975,120.22353670117319,81.85546875000001,0.29411764705882354,0.7142857142857143,0.8209053471757631,0.35294117647058826,0.35294117647058826,0.6690358960625787,0.35294117647058826,0.35294117647058826,0.6889977370746937,0.0,0.0,0.5882352941176471,0.0,0.5882352941176471,0.0,0.058823529411764754,0.0,0.058823529411764705,0.0,0.2941176470588236,actin only,0.5882352941176471,4.584982610204457,0
Supplementary_Figures_S6-S7__S6_D1__Snap-206-Bild-Export-28,BRAFi,D1,32,8,13,15,17,344.52763661470703,172,0.40910973084886126,0.6104651162790697,79.64699891804442,254.0,0.20930232558139536,10,0.09883720930232553,3.182795698924731,0.47988672726043435,72.26897254130905,73.92064141853042,86.81640625000001,0.6732919254658385,0.936046511627907,79.77070668205863,253.9635636971463,0.7093023255813954,2,0.011627906976744207,4.772549019607843,0.30701632134349105,78.23386751770641,75.85616037946993,57.04259731478872,0.14244306418219463,0.16279069767441862,45.08395103568251,254.0,0.11627906976744186,9,0.6744186046511628,3.0714285714285716,0.6293050757085956,42.723240935395694,43.41793477535592,81.85546875000001,0.6046511627906976,0.6419753086419753,0.6852735471426764,0.1511627906976744,0.24299065420560748,0.6352413412065799,0.16279069767441862,0.17391304347826086,0.5668789745329087,0.005813953488372093,0.31976744186046513,0.0,0.05813953488372091,0.0,0.3197674418604651,0.011627906976744182,0.005813953488372091,0.0,0.4534883720930231,0.15116279069767452,AJ+TJ,0.4534883720930231,45.45219480405106,2
Supplementary_Figures_S6-S7__S6_D1__Snap-206-Bild-Export-28,BRAFi,D1,33,11,12,1,18,359.26282361832733,180,0.6124154397134899,0.7833333333333333,108.0833563388078,254.0,0.4722222222222222,7,0.08333333333333337,4.678787878787879,0.3965423459138699,97.12377129554783,105.88064904632196,86.81640625000001,0.27894946279347393,0.38333333333333336,46.05458078377925,153.46730554630412,0.2777777777777778,22,0.23888888888888893,2.576642335766423,0.6564449082001825,42.663215868823876,46.191399630179944,57.04259731478872,0.3370473537604457,0.4388888888888889,72.92523222445975,226.13925329904097,0.26666666666666666,11,0.38888888888888884,3.8772727272727274,0.5410554674628095,73.42652493848303,69.69804854446785,81.85546875000001,0.35,0.42857142857142855,0.6690038337587794,0.38333333333333336,0.45695364238410596,0.619391611083619,0.3,0.574468085106383,0.6459170858650678,0.3388888888888889,0.022222222222222223,0.044444444444444446,0.13888888888888892,0.044444444444444446,0.022222222222222178,0.011111111111111112,0.33888888888888885,0.09444444444444444,0.06111111111111115,0.288888888888889,AJ only,0.33888888888888885,47.39615087313025,0
Supplementary_Figures_S6-S7__S6_D1__Snap-206-Bild-Export-28,BRAFi,D1,35,10,8,2,15,94.07496170750582,47,0.4635258358662614,0.5957446808510638,83.69418944875622,208.57314066868494,0.5319148936170213,3,0.04255319148936165,3.388888888888889,0.5259204444534501,68.70474055944652,83.83922226798636,86.81640625000001,0.47416413373860183,0.6595744680851063,57.196981048448734,187.23058209114117,0.8723404255319149,2,0.021276595744680882,3.391304347826087,0.5207322387093919,47.397731845860555,60.251236066884196,57.04259731478872,0.27203647416413373,0.3191489361702128,67.97612003722308,238.467253499747,0.7021276595744681,3,0.23404255319148937,2.486111111111111,0.7038884451594498,59.83247382615524,67.85459256108304,81.85546875000001,0.5106382978723404,0.6857142857142857,0.7188842405134919,0.2553191489361702,0.3870967741935484,0.48322090138488694,0.2553191489361702,0.35294117647058826,0.5478830935664767,0.06382978723404255,0.1276595744680851,0.0425531914893617,0.21276595744680843,0.042553191489361666,0.1276595744680851,0.02127659574468085,0.06382978723404255,0.02127659574468085,0.2765957446808511,0.23404255319148937,AJ+TJ,0.2765957446808511,12.410944816293645,2
Supplementary_Figures_S6-S7__S6_D1__Snap-206-Bild-Export-28,BRAFi,D1,36,10,14,2,4,486.15407485130027,243,0.36948853615520283,0.5761316872427984,74.1390565330683,254.0,0.22633744855967078,15,0.1728395061728395,3.126865671641791,0.5234697850080221,65.91921997882066,67.35667544556695,86.81640625000001,0.3583186360964139,0.46502057613168724,49.383167599003286,215.52347784495768,0.3950617283950617,22,0.23868312757201648,3.2945945945945945,0.5858454826980819,44.451192167955476,49.036048976987914,57.04259731478872,0.30423280423280424,0.41975308641975306,66.29051426860755,254.0,0.32510288065843623,16,0.411522633744856,3.6188811188811187,0.5322207115990312,62.94876367877793,62.82845261090835,81.85546875000001,0.32098765432098764,0.44571428571428573,0.3843293401280007,0.32510288065843623,0.48466257668711654,0.3906891581755546,0.3497942386831276,0.6538461538461539,0.7313729317478235,0.1934156378600823,0.05761316872427984,0.00823045267489712,0.27160493827160487,0.008230452674897167,0.057613168724279726,0.08641975308641973,0.19341563786008245,0.061728395061728406,0.057613168724279844,0.2633744855967078,none,0.27160493827160487,64.1364214843404,2
Supplementary_Figures_S6-S7__S6_D1__Snap-206-Bild-Export-28,BRAFi,D1,37,8,15,15,19,12.70243479003134,6,0.8571428571428571,1.0,168.1881899286508,254.0,1.0,1,0.0,6.111111111111112,0.11957224034514456,154.39145702613146,172.56009723466389,86.81640625000001,0.9340659340659341,1.0,108.15777342548112,223.96944160981104,1.0,1,0.0,6.5555555555555545,0.05426376472400721,110.35465107041561,97.65073030563799,57.04259731478872,0.7582417582417582,1.0,114.39058959253025,187.07082316526203,1.0,1,0.0,5.416666666666667,0.2523264533362573,133.29081317074616,95.5817930656388,81.85546875000001,1.0,1.0,0.9031696592904737,1.0,1.0,0.9886058674459898,1.0,1.0,0.9502131264176465,0.0,0.0,0.0,0.0,0.0,0.0,0.0,0.0,0.0,0.0,1.0,AJ+TJ+actin,1.0,1.6757829538299922,3
Supplementary_Figures_S6-S7__S6_D1__Snap-206-Bild-Export-28,BRAFi,D1,38,15,13,19,17,347.6454446812386,174,0.07758620689655173,0.08620689655172414,36.11556346749652,254.0,0.06321839080459771,13,0.7873563218390804,2.554054054054054,0.807532911671193,34.43949938434963,31.924314664342166,86.81640625000001,0.46839080459770116,0.6609195402298851,58.992993297789624,223.54353308583325,0.26436781609195403,11,0.11494252873563215,3.7045454545454546,0.48824379428330344,59.225296407713536,54.29206333200127,57.04259731478872,0.36042692939244664,0.45977011494252873,72.9990272789686,254.0,0.23563218390804597,7,0.3505747126436781,3.8849557522123894,0.5116672085235359,75.74157104318594,67.06065335910387,81.85546875000001,0.08045977011494253,0.1206896551724138,0.5889245378611777,0.08045977011494253,0.1728395061728395,0.6554698010473173,0.39080459770114945,0.5354330708661418,0.6893666552520799,0.0,0.26436781609195403,0.06321839080459771,0.27011494252873586,0.06321839080459768,0.2643678160919537,0.31609195402298845,0.0,0.005747126436781649,0.005747126436781649,0.07471264367816094,TJ+actin,0.31609195402298845,45.863515129451,2
Supplementary_Figures_S6-S7__S6_D1__Snap-206-Bild-Export-28,BRAFi,D1,39,10,15,2,19,78.70872992069384,39,0.27486437613019893,0.358974358974359,66.48103455908641,194.05580419907128,0.5128205128205128,4,0.33333333333333337,2.9102564102564097,0.6365753089533298,63.42050478570101,62.63096436717539,86.81640625000001,0.352622061482821,0.48717948717948717,47.273621275455824,108.47629191702134,0.6923076923076923,4,0.07692307692307687,2.685185185185185,0.6305726593468943,43.39182941991157,51.04883202499943,57.04259731478872,0.18264014466546113,0.20512820512820512,64.9825904167716,253.53782458383677,0.1794871794871795,6,0.5128205128205128,2.6403508771929824,0.8633783851577826,59.248148793803885,68.7372903756789,81.85546875000001,0.3333333333333333,0.65,0.8097817819047767,0.1794871794871795,0.4666666666666667,0.6386112336132865,0.1794871794871795,0.35,0.5770428972878914,0.02564102564102564,0.15384615384615385,0.02564102564102564,0.4615384615384616,0.025641025641025675,0.15384615384615374,0.0,0.02564102564102563,0.0,0.15384615384615397,0.1794871794871794,none,0.4615384615384616,10.383737456555917,2
Supplementary_Figures_S6-S7__S6_D1__Snap-206-Bild-Export-28,BRAFi,D1,41,14,15,4,19,552.2400611052581,276,0.26475155279503104,0.2971014492753623,70.33690169823895,254.0,0.18115942028985507,31,0.30434782608695654,2.6640625,0.812052001713974,65.3279638141069,65.88549502577416,86.81640625000001,0.23214285714285715,0.2463768115942029,46.920013809072906,252.72685299210946,0.18840579710144928,32,0.5507246376811594,3.6169354838709675,0.7553519912013785,45.12588190142816,46.2656376715268,57.04259731478872,0.2577639751552795,0.2898550724637681,70.96377845321922,254.00000000000003,0.18478260869565216,14,0.605072463768116,4.568807339449541,0.550385818861677,71.3587724231333,68.22884789769333,81.85546875000001,0.18840579710144928,0.5306122448979592,0.7643579730940291,0.22826086956521738,0.6363636363636364,0.8051337498852074,0.21739130434782608,0.6818181818181818,0.8956198367713476,0.06884057971014493,0.028985507246376812,0.03260869565217391,0.6123188405797102,0.032608695652173864,0.028985507246376798,0.02898550724637664,0.06884057971014496,0.03985507246376812,0.0,0.1884057971014494,none,0.6123188405797102,72.85488932787045,1
Supplementary_Figures_S6-S7__S6_D1__Snap-206-Bild-Export-28,BRAFi,D1,42,16,10,8,2,12.693143549781922,6,0.6703296703296703,1.0,121.77996357238702,253.8878793739588,1.0,1,0.0,4.777777777777778,0.22577311440636746,101.31627915897543,132.98014574670626,86.81640625000001,0.8131868131868132,1.0,76.28483642687473,166.56724745391608,1.0,1,0.0,5.6944444444444455,0.13025395046652377,63.39852161600829,87.50328812645277,57.04259731478872,0.7582417582417582,0.8333333333333334,109.24532878342576,194.35359712286885,1.0,1,0.0,5.222222222222222,0.40981617626081324,100.53218106683151,116.60993315988419,81.85546875000001,1.0,1.0,0.14404364062309427,0.8333333333333334,0.8333333333333334,0.7085011614803535,0.8333333333333334,0.8333333333333334,0.06946771337644438,0.0,0.0,0.0,0.0,0.0,0.0,0.0,0.0,0.0,0.16666666666666666,0.8333333333333334,AJ+TJ+actin,0.8333333333333334,1.6745571965411508,3
Supplementary_Figures_S6-S7__S6_D1__Snap-206-Bild-Export-28,BRAFi,D1,43,12,16,18,8,465.90865428437627,233,0.30196198651134276,0.3648068669527897,72.99767491494465,254.0,0.0944206008583691,21,0.3476394849785408,3.2401315789473686,0.716615365094016,67.51993329602134,67.50003328781139,86.81640625000001,0.20079705702023298,0.27896995708154504,36.13028346794217,198.79184254724737,0.15879828326180256,19,0.5364806866952789,3.0324074074074074,0.7071636408174822,32.03860698931692,37.13145425999694,57.04259731478872,0.31882280809319435,0.41201716738197425,71.7511531599739,253.430060368009,0.2145922746781116,20,0.33047210300429186,3.3333333333333335,0.6711070074024077,66.27121797637611,73.85250733318996,81.85546875000001,0.1888412017167382,0.41509433962264153,0.759400859555835,0.2317596566523605,0.4251968503937008,0.6960627466813669,0.2317596566523605,0.5046728971962616,0.7652055471189001,0.12017167381974249,0.034334763948497854,0.12446351931330472,0.4206008583690985,0.12446351931330496,0.034334763948497805,0.05579399141630908,0.1201716738197425,0.055793991416308975,0.01287553648068672,0.17596566523605145,none,0.4206008583690985,61.465521673400566,0
Supplementary_Figures_S6-S7__S6_D1__Snap-206-Bild-Export-28,BRAFi,D1,44,16,14,8,4,91.93222777880729,46,0.26242236024844723,0.34782608695652173,64.5627242186876,188.79489479733695,0.17391304347826086,5,0.34782608695652173,2.816666666666667,0.6036953068631459,57.98494028781151,62.02864556277154,86.81640625000001,0.7437888198757764,0.9130434782608695,81.07490705092029,202.33896636476274,0.782608695652174,2,0.021739130434782594,5.322222222222222,0.30883594363636496,78.73819652408685,81.98559067018843,57.04259731478872,0.33540372670807456,0.41304347826086957,72.5518027116034,185.92338808437523,0.17391304347826086,6,0.4130434782608695,4.0,0.5034602488997738,63.949567472014984,78.33598907689111,81.85546875000001,0.34782608695652173,0.38095238095238093,0.22555454573578546,0.2391304347826087,0.4583333333333333,0.5976484370110425,0.41304347826086957,0.4523809523809524,0.5520775533706851,0.0,0.391304347826087,0.0,0.08695652173913036,0.0,0.3913043478260869,0.1739130434782608,0.0,0.0,0.10869565217391304,0.23913043478260887,TJ only,0.3913043478260869,12.12826223994819,2
Supplementary_Figures_S6-S7__S6_D1__Snap-206-Bild-Export-28,BRAFi,D1,45,15,17,19,12,283.0842402694061,142,0.6370519939424533,0.9084507042253521,111.47985363326531,254.0,0.7676056338028169,2,0.007042253521126751,4.49290780141844,0.33081639032151083,93.68309750232059,110.37796862242497,86.81640625000001,0.33064109035840483,0.4084507042253521,48.954206676165334,174.8216633170829,0.29577464788732394,12,0.1338028169014085,2.6707317073170733,0.6868668750109205,40.785219053597,51.54205962828366,57.04259731478872,0.679959616355376,0.9225352112676056,119.93154537931274,254.00000000000003,0.9436619718309859,2,0.035211267605633756,4.930656934306569,0.2783694446711499,132.94673079662397,96.83164658866191,81.85546875000001,0.4014084507042254,0.43846153846153846,0.6768588534009827,0.8380281690140845,0.8439716312056738,0.3887286188620017,0.4014084507042254,0.4318181818181818,0.4171378166921707,0.06338028169014084,0.0,0.07746478873239436,0.007042253521126761,0.07746478873239426,0.0,0.007042253521126731,0.0633802816901408,0.44366197183098605,0.007042253521126831,0.3943661971830985,AJ+actin,0.44366197183098605,37.34620584029104,0
Supplementary_Figures_S6-S7__S6_D1__Snap-206-Bild-Export-28,BRAFi,D1,47,11,16,1,8,230.41956334386145,115,0.17577639751552795,0.22608695652173913,55.66549554394015,254.0,0.26956521739130435,12,0.4521739130434783,2.246031746031746,0.7105022132956051,49.88512623923944,50.98555457842399,86.81640625000001,0.14658385093167703,0.1565217391304348,33.44420124245409,148.6337278014335,0.10434782608695652,16,0.4608695652173913,1.903225806451613,0.5756477185675151,31.970382282776665,31.53486286325125,57.04259731478872,0.30807453416149067,0.4,73.83397627478834,254.0,0.21739130434782608,9,0.4173913043478261,3.701492537313433,0.5825531487991962,73.23694991383871,71.3932974863591,81.85546875000001,0.08695652173913043,0.29411764705882354,0.4822159802088933,0.05217391304347826,0.09090909090909091,-0.021590850246224477,0.06956521739130435,0.14285714285714285,0.31054344081568186,0.11304347826086956,0.02608695652173913,0.30434782608695654,0.4000000000000001,0.30434782608695643,0.026086956521739074,0.04347826086956516,0.1130434782608697,0.02608695652173913,0.06086956521739125,0.026086956521739136,none,0.4000000000000001,30.398359280192803,0
Supplementary_Figures_S6-S7__S6_D1__Snap-206-Bild-Export-28,BRAFi,D1,48,16,15,8,19,275.65227566179,138,0.15683229813664595,0.21739130434782608,52.95427278242622,253.87836370286882,0.09420289855072464,16,0.5289855072463768,2.330769230769231,0.6951563735191564,49.53980363539429,47.10886530777161,86.81640625000001,0.11853002070393374,0.16666666666666666,23.791830651059165,191.6696676919076,0.13043478260869565,7,0.7246376811594203,3.013157894736842,0.6025093246730355,24.398510770834754,22.04827710002391,57.04259731478872,0.20238095238095238,0.2318840579710145,61.431846972341006,254.0,0.2028985507246377,9,0.6521739130434783,4.072916666666667,0.6737904934263548,62.77718582528067,58.106356515245785,81.85546875000001,0.07971014492753623,0.2619047619047619,0.5114409190854047,0.11594202898550725,0.34782608695652173,0.2635654799640358,0.15217391304347827,0.6176470588235294,0.7597088632472324,0.09420289855072464,0.007246376811594203,0.036231884057971016,0.6594202898550726,0.036231884057970995,0.007246376811594179,0.07971014492753624,0.09420289855072443,0.043478260869565195,0.007246376811594231,0.07246376811594207,none,0.6594202898550726,36.36573557543404,1
Supplementary_Figures_S6-S7__S6_D100__Snap-218-Bild-Export-40,BRAFi,D100,4,1,0,8,10,350.965294237391,175,0.5437525437525438,0.8,101.58701471554069,254.0,0.4685714285714286,7,0.07428571428571429,4.1080246913580245,0.41544719426528,95.15863863934273,91.2735043474158,90.78515625000001,0.5185185185185185,0.72,46.46575912122657,166.6878025141829,0.32,7,0.06857142857142862,3.896728016359918,0.4688722454709582,42.957533508379136,45.238457583200514,42.427195799223526,0.4949124949124949,0.7028571428571428,64.16596877449126,254.0,0.38857142857142857,8,0.10857142857142854,3.8814102564102564,0.4683668103061452,63.42461586663459,57.56954068424187,60.02734375,0.6628571428571428,0.7733333333333333,0.7119631052360117,0.6114285714285714,0.6858974358974359,0.5042750103308536,0.5657142857142857,0.66,0.3561412727055314,0.06285714285714286,0.02857142857142857,0.06285714285714286,0.07999999999999995,0.06285714285714294,0.028571428571428664,0.028571428571428584,0.06285714285714289,0.07428571428571429,0.12571428571428583,0.5371428571428569,AJ+TJ+actin,0.5371428571428569,46.30149000493285,3
Supplementary_Figures_S6-S7__S6_D100__Snap-218-Bild-Export-40,BRAFi,D100,5,2,1,6,8,370.239526049607,185,0.5393822393822394,0.745945945945946,109.6209474489901,254.0,0.2864864864864865,8,0.08108108108108103,4.108823529411764,0.4734165973989826,101.41073219822468,98.93453354609572,90.78515625000001,0.48223938223938223,0.6864864864864865,45.704707670564915,169.552663112473,0.31891891891891894,12,0.08108108108108103,3.6735294117647057,0.5131656007149094,42.903296953881394,42.99523642919853,42.427195799223526,0.6019305019305019,0.7621621621621621,78.4203030900186,240.3539890516963,0.5513513513513514,6,0.048648648648648596,4.4289772727272725,0.4686823057499506,72.35695664066127,75.2705328094628,60.02734375,0.572972972972973,0.6666666666666666,0.7744729302539761,0.6594594594594595,0.7770700636942676,0.8064915221126557,0.6108108108108108,0.7290322580645161,0.7203666615715182,0.05405405405405406,0.043243243243243246,0.032432432432432434,0.10810810810810792,0.03243243243243244,0.043243243243243454,0.07027027027027023,0.054054054054053884,0.11891891891891894,0.03243243243243261,0.5405405405405406,AJ+TJ+actin,0.5405405405405406,48.84426465034393,3
Supplementary_Figures_S6-S7__S6_D100__Snap-218-Bild-Export-40,BRAFi,D100,6,3,2,11,6,531.5974062682071,266,0.1361439312567132,0.18796992481203006,48.2459874634568,253.88800615553538,0.06390977443609022,26,0.5488721804511278,2.1125,0.7380811871340188,42.35219733327268,42.304053704972354,90.78515625000001,0.18474758324382384,0.22180451127819548,25.12916289086768,143.37368073248842,0.10902255639097744,32,0.3007518796992481,1.8494623655913978,0.7291877524057286,22.259853244870364,22.945214723909633,42.427195799223526,0.09344790547798067,0.10150375939849623,26.955387042734166,202.57478843938713,0.08646616541353383,18,0.7180451127819549,2.32,0.8160413615530518,26.778105780999844,22.9047356392772,60.02734375,0.10150375939849623,0.32926829268292684,0.5836879199426663,0.04887218045112782,0.203125,0.6772959114428796,0.06390977443609022,0.2463768115942029,0.48464734208499444,0.08270676691729323,0.10150375939849623,0.03383458646616541,0.6578947368421052,0.03383458646616537,0.10150375939849633,0.018796992481202996,0.08270676691729315,0.003759398496240621,0.05639097744360908,0.045112781954887216,none,0.6578947368421052,70.13158394039672,1
Supplementary_Figures_S6-S7__S6_D100__Snap-218-Bild-Export-40,BRAFi,D100,7,4,0,4,10,513.9474397611792,257,0.3274041133963313,0.46303501945525294,74.41216442843087,253.98498031525708,0.1517509727626459,25,0.22957198443579763,2.974747474747475,0.5911879574356587,65.82260662374351,66.82016750737783,90.78515625000001,0.44357976653696496,0.6264591439688716,44.427769690546526,215.0764777148757,0.2840466926070039,13,0.0778210116731517,3.367088607594937,0.5674076975857415,37.28377184297379,44.449053034727356,42.427195799223526,0.3690939410783769,0.46303501945525294,56.69444030622808,254.0,0.4163424124513619,12,0.21011673151750976,3.270935960591133,0.6258096439657,47.26449694003592,57.74838989404856,60.02734375,0.4085603112840467,0.6,0.7385233404053382,0.3463035019455253,0.5973154362416108,0.7781672778918628,0.4046692607003891,0.5909090909090909,0.7217725402176182,0.042801556420233464,0.14785992217898833,0.04669260700389105,0.27237354085603116,0.04669260700389096,0.14785992217898833,0.07003891050583662,0.04280155642023344,0.011673151750972778,0.07392996108949428,0.33463035019455245,AJ+TJ+actin,0.33463035019455245,67.80309231677826,2
Supplementary_Figures_S6-S7__S6_D100__Snap-218-Bild-Export-40,BRAFi,D100,8,1,4,8,4,370.80022771682343,185,0.16942626107046593,0.23243243243243245,49.264709094310255,254.0,0.12432432432432433,14,0.6216216216216216,3.142857142857143,0.603793106703347,42.064350764008566,46.75518184736672,90.78515625000001,0.18405852907200615,0.24864864864864866,24.290154261278584,165.07975403459727,0.12432432432432433,26,0.4864864864864865,2.5157894736842104,0.6826818555171317,22.99448252176403,22.654633137583797,42.427195799223526,0.2202541393916057,0.3081081081081081,38.24834277638936,193.1403735167745,0.21621621621621623,11,0.5243243243243243,3.25,0.6123175316354613,36.94045654175908,35.747680256888046,60.02734375,0.1945945945945946,0.6792452830188679,0.8439948187100125,0.17297297297297298,0.47058823529411764,0.8046813479811425,0.1837837837837838,0.4927536231884058,0.7397117478265609,0.016216216216216217,0.021621621621621623,0.10270270270270271,0.610810810810811,0.10270270270270276,0.021621621621621415,0.03243243243243245,0.01621621621621615,0.0216216216216216,0.04324324324324304,0.15135135135135158,none,0.610810810810811,48.91823584654663,1
Supplementary_Figures_S6-S7__S6_D100__Snap-218-Bild-Export-40,BRAFi,D100,9,5,3,9,11,189.4947267674674,95,0.04686318972033258,0.05263157894736842,40.01803869580042,162.77514474455452,0.05263157894736842,8,0.7789473684210526,1.4761904761904763,0.7499566411330754,35.28838463118601,37.25872176021706,90.78515625000001,0.2237339380196523,0.3263157894736842,29.842464160289282,135.91890347668087,0.16842105263157894,9,0.17894736842105263,1.9166666666666667,0.6449995575633702,24.540111012400704,31.602254405525088,42.427195799223526,0.19349962207105065,0.22105263157894736,37.709369696400756,121.31294094214186,0.17894736842105263,11,0.27368421052631575,1.8623188405797102,0.6079260679344554,35.158961978147126,36.48776700242962,60.02734375,0.042105263157894736,0.125,0.1387257414046066,0.031578947368421054,0.13043478260869565,0.22330837043200036,0.1368421052631579,0.3333333333333333,0.4223753693545953,0.010526315789473684,0.17894736842105263,0.08421052631578947,0.5789473684210531,0.08421052631578922,0.17894736842105258,0.10526315789473682,0.010526315789473642,0.0,0.01052631578947368,0.031578947368421005,none,0.5789473684210531,24.999304322884882,2
Supplementary_Figures_S6-S7__S6_D100__Snap-218-Bild-Export-40,BRAFi,D100,11,2,4,6,4,306.4656136041429,153,0.14145658263305322,0.20915032679738563,50.59390921835958,245.3650458346396,0.13725490196078433,11,0.5947712418300654,2.443548387096774,0.6259587294286632,44.49724893364271,46.112090600385926,90.78515625000001,0.1465919701213819,0.16993464052287582,22.140899969044156,143.02960357587625,0.11764705882352941,22,0.4901960784313726,2.0128205128205128,0.8295918550402516,18.866779952983403,21.586421878209098,42.427195799223526,0.223155929038282,0.3006535947712418,44.516840803938315,249.413789097658,0.12418300653594772,15,0.4117647058823529,2.6555555555555554,0.6292725672283663,44.62749243578738,38.4923323754159,60.02734375,0.11764705882352941,0.45,0.7354019479846224,0.16339869281045752,0.4716981132075472,0.6200940002446834,0.13725490196078433,0.4117647058823529,0.6469346250289298,0.0392156862745098,0.026143790849673203,0.1111111111111111,0.6274509803921569,0.11111111111111104,0.026143790849673273,0.026143790849673172,0.03921568627450972,0.05228758169934653,0.006535947712418364,0.111111111111111,none,0.6274509803921569,40.43081973669432,1
Supplementary_Figures_S6-S7__S6_D100__Snap-218-Bild-Export-40,BRAFi,D100,12,5,2,9,6,107.78615391146974,54,0.23015873015873015,0.3148148148148148,58.7099576545763,214.87804153791603,0.24074074074074073,4,0.4629629629629629,3.0,0.5288605549575789,56.47218878671544,49.88998657439476,90.78515625000001,0.2843915343915344,0.3888888888888889,32.7879759911769,122.00431871193271,0.3333333333333333,5,0.20370370370370372,2.5,0.7126759268729274,33.845118441499665,28.516964708220566,42.427195799223526,0.2751322751322751,0.2962962962962963,48.801444052232384,154.2013326894828,0.2222222222222222,6,0.2222222222222222,2.4761904761904763,0.669634051787698,47.209315603596046,45.38837658264997,60.02734375,0.2222222222222222,0.46153846153846156,0.8334617504836387,0.2037037037037037,0.5,0.7577659926612488,0.18518518518518517,0.37037037037037035,0.6167999971395042,0.05555555555555555,0.14814814814814814,0.07407407407407407,0.44444444444444453,0.07407407407407403,0.1481481481481482,0.018518518518518504,0.055555555555555525,0.03703703703703702,0.055555555555555546,0.16666666666666663,none,0.44444444444444453,14.219809223149042,2
Supplementary_Figures_S6-S7__S6_D100__Snap-218-Bild-Export-40,BRAFi,D100,13,5,6,9,1,360.58747494116517,180,0.10249307479224377,0.1111111111111111,46.8273381272641,254.0,0.1111111111111111,19,0.6666666666666667,2.158333333333333,0.7583605257921848,40.835961370191576,43.31843585668481,90.78515625000001,0.45706371191135736,0.65,43.90754165115364,192.28980872027228,0.5388888888888889,7,0.0444444444444444,3.3498062015503876,0.5154614798982569,43.24183423987306,39.25197091687817,42.427195799223526,0.1673921646220815,0.2388888888888889,36.209316444813346,175.4698471735654,0.11666666666666667,15,0.5777777777777777,2.7828947368421053,0.6032168644355989,34.786811510458946,34.25443361441675,60.02734375,0.1111111111111111,0.17094017094017094,0.6190202868312731,0.07222222222222222,0.26,0.6674370182197279,0.2,0.2903225806451613,0.5061333854699608,0.0,0.4111111111111111,0.03888888888888889,0.31111111111111095,0.03888888888888894,0.4111111111111114,0.12777777777777768,0.0,0.0,0.03888888888888883,0.0722222222222222,TJ only,0.4111111111111114,47.57090698432258,2
Supplementary_Figures_S6-S7__S6_D100__Snap-218-Bild-Export-40,BRAFi,D100,14,6,2,1,6,369.2592408537996,185,0.09988385598141696,0.13513513513513514,44.641967919727854,241.77325334676368,0.06486486486486487,20,0.6432432432432432,1.9545454545454546,0.6387239396934734,40.77825594533326,37.719875169128414,90.78515625000001,0.21099496709252807,0.22702702702702704,26.9959130041617,114.42829497972475,0.16756756756756758,22,0.24864864864864866,1.9712230215827338,0.6402223443625732,29.568818917608,20.543034970980607,42.427195799223526,0.33526906697638403,0.4972972972972973,50.684629039465406,211.5704406530222,0.24324324324324326,14,0.3027027027027027,3.372093023255814,0.4899626685448374,63.08034233993662,34.13864153262652,60.02734375,0.0918918918918919,0.34,0.596877952471134,0.07567567567567568,0.13592233009708737,-0.011020439492925539,0.10810810810810811,0.17543859649122806,0.024918071788050337,0.02702702702702703,0.08648648648648649,0.372972972972973,0.35675675675675667,0.37297297297297327,0.08648648648648645,0.048648648648648665,0.02702702702702703,0.0162162162162163,0.03243243243243245,0.05945945945945921,actin only,0.37297297297297327,48.71493942662264,0
Supplementary_Figures_S6-S7__S6_D100__Snap-218-Bild-Export-40,BRAFi,D100,15,2,7,6,7,691.8905928510469,346,0.24050371593724196,0.31213872832369943,64.92069338378991,254.00000000000003,0.08092485549132948,28,0.40173410404624277,2.814009661835749,0.6739810091045932,59.25961609414945,59.648248253536615,90.78515625000001,0.2689925681255161,0.34971098265895956,31.596974765917764,211.91972747149208,0.18208092485549132,32,0.45375722543352603,3.447089947089947,0.6193509210928418,31.765899104291154,29.152216833883475,42.427195799223526,0.2171758876961189,0.3092485549132948,41.70701846852877,229.57010547188878,0.09826589595375723,18,0.5028901734104047,3.058139534883721,0.5817614750530652,41.01312641884201,38.38295870852156,60.02734375,0.16473988439306358,0.3313953488372093,0.637402110551353,0.18786127167630057,0.43333333333333335,0.7869146410274023,0.16184971098265896,0.32558139534883723,0.6570768521290817,0.08959537572254335,0.1531791907514451,0.08959537572254335,0.4132947976878614,0.0895953757225429,0.15317919075144495,0.031791907514450865,0.08959537572254332,0.05780346820809268,0.03468208092485559,0.13005780346820825,none,0.4132947976878614,91.27844232863416,1
Supplementary_Figures_S6-S7__S6_D100__Snap-218-Bild-Export-40,BRAFi,D100,16,7,4,7,4,58.68191891186101,29,0.4406779661016949,0.5517241379310345,106.03349318305287,254.0,0.27586206896551724,3,0.4137931034482759,5.323529411764706,0.3331450482139522,102.10322798165456,100.55683328571664,90.78515625000001,0.3559322033898305,0.5172413793103449,36.70877541698163,127.44836994626243,0.3103448275862069,4,0.10344827586206895,2.8205128205128207,0.6624678379843328,35.54435163410204,35.077174751797635,42.427195799223526,0.33171912832929784,0.4482758620689655,50.81862447840533,148.51131051750045,0.27586206896551724,4,0.4137931034482759,4.029411764705882,0.5026436584142138,46.008382788244774,52.95303394675843,60.02734375,0.3793103448275862,0.55,0.6794138977852521,0.4482758620689655,0.8125,0.9725052043290119,0.3448275862068966,0.5555555555555556,0.7446800813297667,0.06896551724137931,0.13793103448275862,0.0,0.3103448275862069,0.0,0.13793103448275867,0.0,0.0689655172413793,0.10344827586206896,0.034482758620689655,0.3448275862068966,AJ+TJ+actin,0.3448275862068966,7.741677956709896,0
Supplementary_Figures_S6-S7__S6_D100__Snap-218-Bild-Export-40,BRAFi,D100,17,0,8,10,2,275.15685086883104,138,0.2727272727272727,0.3188405797101449,73.04942099936774,254.0,0.16666666666666666,14,0.23913043478260865,2.5095238095238095,0.7997961782488935,67.08214838598062,67.0159775119359,90.78515625000001,0.43272727272727274,0.5144927536231884,42.655241222872675,189.9546924024503,0.4420289855072464,9,0.07971014492753625,3.295275590551181,0.5801606702783793,45.8415608652819,36.22801670917129,42.427195799223526,0.13818181818181818,0.15942028985507245,34.78568543279547,215.03202673718988,0.12318840579710146,14,0.6086956521739131,2.4722222222222223,0.8260528663241709,29.70784554535613,36.25745661606935,60.02734375,0.2608695652173913,0.45569620253164556,0.7741939007269912,0.11594202898550725,0.32,0.7645470674529858,0.13043478260869565,0.24,0.7102502283105077,0.050724637681159424,0.2318840579710145,0.021739130434782608,0.4057971014492752,0.02173913043478261,0.23188405797101463,0.02173913043478258,0.05072463768115948,0.007246376811594202,0.15217391304347822,0.10869565217391303,none,0.4057971014492752,36.30037610406742,2
Supplementary_Figures_S6-S7__S6_D100__Snap-218-Bild-Export-40,BRAFi,D100,18,9,4,5,4,468.1620515349406,234,0.21092796092796093,0.3076923076923077,53.6886287819996,254.0,0.12393162393162394,23,0.4145299145299145,2.521897810218978,0.6409348622921671,45.69242900761246,46.4335840866329,90.78515625000001,0.1614774114774115,0.16666666666666666,21.684518032421643,147.06860756309243,0.0811965811965812,33,0.4017094017094017,1.8892857142857142,0.7857597995742667,19.72687209378322,19.079917313512986,42.427195799223526,0.2042124542124542,0.2777777777777778,36.19455192901261,185.37546705804976,0.1282051282051282,17,0.3717948717948718,2.2755102040816326,0.6157502068311677,34.64922356500479,30.0624633260536,60.02734375,0.10683760683760683,0.29069767441860467,0.6030781798296027,0.18376068376068377,0.4574468085106383,0.7100670556968521,0.08974358974358974,0.25301204819277107,0.6072049005316161,0.10256410256410256,0.05555555555555555,0.08974358974358974,0.5427350427350429,0.0897435897435896,0.05555555555555563,0.00427350427350422,0.10256410256410235,0.09829059829059834,0.021367521367521406,0.0854700854700855,none,0.5427350427350429,61.76280363257791,1
Supplementary_Figures_S6-S7__S6_D100__Snap-218-Bild-Export-40,BRAFi,D100,20,7,9,7,5,531.4386620826617,266,0.1616895345708905,0.22180451127819548,51.35226268446336,254.0,0.09022556390977443,26,0.49624060150375937,2.2425373134328357,0.7220856930036523,45.33082017595621,46.118797593126374,90.78515625000001,0.09981167608286252,0.07894736842105263,19.19236250902772,196.72974020352245,0.05639097744360902,37,0.5451127819548872,1.5330578512396693,0.8341349133146746,16.973004083559925,18.480546365184683,42.427195799223526,0.17541027710519236,0.23308270676691728,35.644413888347465,158.23591203560596,0.11654135338345864,20,0.40601503759398494,2.0632911392405062,0.5382452324867397,34.4854515348596,29.48991799406186,60.02734375,0.022556390977443608,0.08108108108108109,0.20406408636364823,0.13157894736842105,0.4069767441860465,0.6441370247938001,0.022556390977443608,0.07792207792207792,0.21220325467859755,0.08646616541353383,0.05263157894736842,0.09774436090225563,0.6240601503759396,0.09774436090225581,0.05263157894736837,0.003759398496240601,0.08646616541353384,0.11278195488721811,0.003759398496240601,0.018796992481202923,none,0.6240601503759396,70.11064143570735,1
Supplementary_Figures_S6-S7__S6_D100__Snap-218-Bild-Export-40,BRAFi,D100,21,4,8,4,2,42.883568724641506,21,0.5614617940199336,0.7619047619047619,103.12329660617748,238.62712185916422,1.0,1,0.0,3.8968253968253967,0.4183241878249894,94.75680502523852,95.03319684712844,90.78515625000001,0.48172757475083056,0.6190476190476191,43.26046942090953,146.1536784636397,1.0,1,0.0,3.3730158730158735,0.6336798663444977,43.11318206385075,40.22848245123152,42.427195799223526,0.6445182724252492,0.8571428571428571,72.52784307684549,151.70487608904637,1.0,1,0.0,4.4603174603174605,0.34477356141730575,66.0777439457219,73.95173496845771,60.02734375,0.5238095238095238,0.6111111111111112,0.04537974190870068,0.6666666666666666,0.7,0.6745633486564206,0.5714285714285714,0.631578947368421,0.28995299388829165,0.047619047619047616,0.0,0.09523809523809523,0.047619047619047616,0.09523809523809523,0.0,0.09523809523809523,0.047619047619047616,0.19047619047619047,0.047619047619047616,0.47619047619047616,AJ+TJ+actin,0.47619047619047616,5.657462892432917,3
Supplementary_Figures_S6-S7__S6_D100__Snap-218-Bild-Export-40,BRAFi,D100,22,9,8,5,2,499.8549243869336,250,0.38342857142857145,0.552,84.55113264751971,254.0,0.168,16,0.22799999999999998,3.476683937823834,0.5552190905989889,78.85485112353533,73.54059924132723,90.78515625000001,0.30542857142857144,0.388,33.43446706700763,163.1855345178068,0.172,24,0.21999999999999997,2.741025641025641,0.6599915862461435,31.520296943061233,31.622069147579225,42.427195799223526,0.39085714285714285,0.6,57.70680778773638,250.10602223779097,0.192,20,0.18400000000000005,3.3529411764705883,0.5053068126040463,53.89877391746816,52.92538308097335,60.02734375,0.348,0.5878378378378378,0.8317067481174844,0.44,0.6179775280898876,0.5850876698448239,0.32,0.47904191616766467,0.5288694924973959,0.076,0.032,0.152,0.2560000000000002,0.15200000000000002,0.03200000000000005,0.007999999999999952,0.07599999999999989,0.12799999999999992,0.03600000000000021,0.3119999999999997,AJ+TJ+actin,0.3119999999999997,65.94392142307831,0
Supplementary_Figures_S6-S7__S6_D100__Snap-218-Bild-Export-40,BRAFi,D100,24,6,7,1,7,157.40088609821538,79,0.19745222929936307,0.35443037974683544,56.101385850743824,246.0289607139984,0.20253164556962025,9,0.45569620253164556,2.5232558139534884,0.5587640742409651,50.81535456822218,47.129079566349155,90.78515625000001,0.34121929026387626,0.5063291139240507,36.191347451220835,183.37065361588256,0.43037974683544306,5,0.05063291139240511,2.506666666666667,0.5748865694010274,33.60459416241836,32.81154683710532,42.427195799223526,0.14467697907188354,0.16455696202531644,35.099924566441516,184.08718285864245,0.12658227848101267,8,0.620253164556962,2.65,0.7689692027288616,35.62555564744276,30.150458217305157,60.02734375,0.25316455696202533,0.4166666666666667,0.6139002041812756,0.11392405063291139,0.28125,0.5425041656540337,0.13924050632911392,0.2619047619047619,0.6623768378215231,0.10126582278481013,0.22784810126582278,0.02531645569620253,0.36708860759493667,0.025316455696202528,0.22784810126582286,0.025316455696202493,0.10126582278481011,0.0,0.13924050632911397,0.11392405063291139,none,0.36708860759493667,20.765288403458495,2
Supplementary_Figures_S6-S7__S6_DMSO__Snap-180-Bild-Export-02,DMSO,DMSO,4,1,0,9,10,304.92659773146556,152,0.24402810304449649,0.26973684210526316,66.39752241127363,254.0,0.1513157894736842,10,0.513157894736842,3.5135135135135136,0.6368376011021293,61.9520224358025,61.6306367942675,90.78515625000001,0.44402810304449647,0.5789473684210527,72.4889957575844,242.34867338430865,0.5526315789473685,13,0.13815789473684215,3.599236641221374,0.6208869253575291,65.34097434470925,73.32751224520067,66.47659862884095,0.37096018735362996,0.5789473684210527,79.88770366244188,232.98840247947626,0.24342105263157895,9,0.26315789473684215,3.5163690476190474,0.45813396190156735,88.99191134872298,67.35008563732718,89.79296875,0.26973684210526316,0.4659090909090909,0.8841729615130682,0.11842105263157894,0.16216216216216217,-0.06031692243561242,0.2894736842105263,0.3333333333333333,0.10691176318561395,0.0,0.13815789473684212,0.2894736842105263,0.13157894736842105,0.2894736842105263,0.13815789473684212,0.17105263157894737,0.0,0.0,0.1513157894736843,0.11842105263157886,actin only,0.2894736842105263,40.227783341882,3
Supplementary_Figures_S6-S7__S6_DMSO__Snap-180-Bild-Export-02,DMSO,DMSO,5,2,1,12,9,105.95572015646889,53,0.12264150943396226,0.09433962264150944,52.96990053677337,238.64667355054985,0.11320754716981132,6,0.6037735849056604,2.1666666666666665,1.0105111149514416,49.10711578639467,48.95507297163609,90.78515625000001,0.48247978436657685,0.7169811320754716,75.34032701884392,242.9987739657945,0.4339622641509434,5,0.09433962264150941,3.7291666666666665,0.4747946060326171,71.56480241586866,73.21160401595031,66.47659862884095,0.09568733153638814,0.11320754716981132,43.349933639594944,188.50909419595638,0.1320754716981132,3,0.8113207547169812,3.55,0.6649617822035423,38.416667512312344,45.303772687822004,89.79296875,0.09433962264150944,0.13157894736842105,0.8662054021426062,0.07547169811320754,0.5714285714285714,0.742758136875718,0.11320754716981132,0.15789473684210525,0.8058613462428904,0.0,0.5849056603773585,0.0,0.28301886792452824,0.0,0.5849056603773587,0.037735849056603654,0.0,0.0,0.018867924528301827,0.07547169811320759,TJ only,0.5849056603773587,13.978327197423337,2
Supplementary_Figures_S6-S7__S6_DMSO__Snap-180-Bild-Export-02,DMSO,DMSO,6,3,2,4,12,206.10789559233982,103,0.5533980582524272,0.7669902912621359,105.11900150261724,253.60635562286984,0.4563106796116505,7,0.11650485436893199,4.384615384615385,0.3665365336101084,98.50673680404773,96.45740946531356,90.78515625000001,0.694868238557559,0.9029126213592233,90.66064045084785,251.948980188885,0.912621359223301,2,0.03883495145631066,5.0606060606060606,0.3029135298189638,78.9698148437573,95.5052268901445,66.47659862884095,0.1796116504854369,0.2815533980582524,58.34620589843898,251.45001779772107,0.2621359223300971,6,0.6310679611650485,3.4078947368421053,0.5002198350970467,48.73017673709042,63.216914639591515,89.79296875,0.7669902912621359,0.8494623655913979,0.7702583203525051,0.27184466019417475,0.35,0.42698959873563175,0.2815533980582524,0.3118279569892473,0.5330753725006078,0.0,0.1262135922330097,0.0,0.09708737864077673,0.0,0.12621359223300965,0.009708737864077603,0.0,0.0,0.4951456310679612,0.2718446601941748,AJ+TJ,0.4951456310679612,27.191015249649052,2
Supplementary_Figures_S6-S7__S6_DMSO__Snap-180-Bild-Export-02,DMSO,DMSO,7,2,4,12,7,108.36017245658755,54,0.9232804232804233,0.9814814814814815,160.05008264290697,254.0,1.0,1,0.0,6.462962962962963,0.1609438013751704,149.25613659176983,160.96988948494595,90.78515625000001,0.9484126984126984,1.0,118.28626951400683,250.8834132641446,1.0,1,0.0,6.638888888888889,0.10188950344674409,118.25369171407553,115.55078503798156,66.47659862884095,0.3584656084656085,0.46296296296296297,83.47376299704632,251.03161318494875,0.2222222222222222,4,0.42592592592592593,4.370967741935484,0.4747401339062846,83.07263781191332,81.86450027387036,89.79296875,0.9814814814814815,0.9814814814814815,0.6504476369882739,0.46296296296296297,0.4716981132075472,0.552944084972634,0.46296296296296297,0.46296296296296297,0.25576899542345977,0.0,0.018518518518518517,0.0,0.0,0.0,0.018518518518518455,0.0,0.0,0.0,0.5185185185185186,0.46296296296296297,AJ+TJ,0.5185185185185186,14.295537263402052,3
Supplementary_Figures_S6-S7__S6_DMSO__Snap-180-Bild-Export-02,DMSO,DMSO,8,4,1,7,9,555.4841317838541,278,0.615958815958816,0.7949640287769785,113.25113724839167,254.0,0.43884892086330934,7,0.046762589928057596,4.5150943396226415,0.403815798646345,114.0507480123967,97.07248164118826,90.78515625000001,0.7433719433719433,0.9172661870503597,90.85098663478907,252.11865554049308,0.4676258992805755,7,0.02877697841726623,5.35,0.28294082753045585,88.13634493659619,87.24445080249554,66.47659862884095,0.5343629343629344,0.7482014388489209,96.64340307517563,245.04475788656418,0.3273381294964029,7,0.12589928057553956,4.273662551440329,0.4052991771990857,94.03513170481662,91.14741521053061,89.79296875,0.7841726618705036,0.8449612403100775,0.6862388131200361,0.6690647482014388,0.7654320987654321,0.3569790589706253,0.7338129496402878,0.7876447876447876,0.550132160006505,0.0035971223021582736,0.06115107913669065,0.007194244604316547,0.06474820143884892,0.007194244604316535,0.06115107913669069,0.07194244604316535,0.0035971223021582675,0.007194244604316637,0.12230215827338135,0.6618705035971223,AJ+TJ+actin,0.6618705035971223,73.28286698995437,3
Supplementary_Figures_S6-S7__S6_DMSO__Snap-180-Bild-Export-02,DMSO,DMSO,9,3,4,4,7,242.7997401338119,121,0.6437389770723104,0.8429752066115702,112.59918980657721,254.0,0.7603305785123967,3,0.024793388429752095,4.61864406779661,0.384345641653743,103.99090296363207,111.2753982517846,90.78515625000001,0.8706643151087595,0.9586776859504132,107.67911243027378,241.99295082615316,0.6859504132231405,2,0.008264462809917328,6.143055555555555,0.21546722641362825,105.0455445954887,107.63575362378847,66.47659862884095,0.36390358612580836,0.4628099173553719,83.30763155258282,253.87975324327863,0.2066115702479339,7,0.42148760330578516,4.4190476190476184,0.4709261318621321,74.0237361464414,89.5210059975198,89.79296875,0.8181818181818182,0.8319327731092437,0.496276640395214,0.4462809917355372,0.5192307692307693,0.7822185809522532,0.45454545454545453,0.4700854700854701,0.48551301363175886,0.01652892561983471,0.12396694214876033,0.0,0.016528925619834694,0.0,0.12396694214876032,0.016528925619834635,0.016528925619834812,0.008264462809917406,0.38016528925619814,0.43801652892562,AJ+TJ+actin,0.43801652892562,32.031627985991015,2
Supplementary_Figures_S6-S7__S6_DMSO__Snap-180-Bild-Export-02,DMSO,DMSO,10,5,3,6,4,374.90400987094984,187,0.1398095238095238,0.1925133689839572,57.66847675589379,205.12985942942746,0.11764705882352941,23,0.5026737967914439,1.9731182795698925,0.674418571904721,53.40901107582901,53.35919564537327,90.78515625000001,0.26895238095238094,0.35294117647058826,53.725441149326464,192.81660367779284,0.2994652406417112,25,0.2406417112299465,2.481220657276995,0.670959776642739,47.77519553039016,55.307848613431226,66.47659862884095,0.33066666666666666,0.49732620320855614,80.5456452118105,211.56394400594365,0.40106951871657753,13,0.31550802139037437,3.390625,0.5054650471461606,69.9022660067883,87.19406286095821,89.79296875,0.13368983957219252,0.3246753246753247,0.6452318925068914,0.1497326203208556,0.27722772277227725,0.6427799838399133,0.24598930481283424,0.40707964601769914,0.5013077727151551,0.0106951871657754,0.0748663101604278,0.20320855614973263,0.3850267379679145,0.20320855614973257,0.07486631016042784,0.144385026737968,0.010695187165775406,0.048128342245989254,0.03208556149732619,0.10160427807486634,none,0.3850267379679145,49.45963190909629,0
Supplementary_Figures_S6-S7__S6_DMSO__Snap-180-Bild-Export-02,DMSO,DMSO,13,1,6,9,1,388.5187437758695,194,0.35475578406169667,0.5051546391752577,82.36365291376742,254.0,0.3402061855670103,17,0.1649484536082474,2.9722222222222223,0.6126309015541078,72.1556898040539,76.10136242414492,90.78515625000001,0.5178112376055821,0.7731958762886598,73.50730411741523,246.44313993973233,0.34536082474226804,7,0.030927835051546393,3.7455673758865253,0.4327903039789993,63.4133066606857,75.67547332771534,66.47659862884095,0.15938303341902313,0.23711340206185566,51.32990491930593,187.34371182082958,0.15979381443298968,12,0.6134020618556701,2.8933333333333335,0.6080679649189823,51.66735159715655,45.83202411738142,89.79296875,0.4793814432989691,0.6,0.6953246780478611,0.211340206185567,0.39805825242718446,0.6881314818757777,0.2268041237113402,0.2894736842105263,0.583466043213953,0.02577319587628866,0.27835051546391754,0.010309278350515464,0.19072164948453624,0.010309278350515434,0.2783505154639175,0.015463917525773224,0.02577319587628874,0.0,0.26804123711340194,0.21134020618556695,TJ only,0.2783505154639175,51.25577094668463,2
Supplementary_Figures_S6-S7__S6_DMSO__Snap-180-Bild-Export-02,DMSO,DMSO,15,7,3,5,4,199.6962339418116,100,0.21571428571428572,0.27,65.68694784473408,245.8171222435451,0.14,11,0.43999999999999995,2.6964285714285716,0.7230077666883228,63.022207069281755,59.37190610857101,90.78515625000001,0.57,0.82,74.23654020682609,195.9789731114288,0.7,3,0.020000000000000018,4.071428571428571,0.46383523040008023,73.27611335679545,72.06760416816164,66.47659862884095,0.7914285714285715,0.88,129.39815713138844,254.0,0.93,3,0.030000000000000027,5.711340206185567,0.3068485876268673,130.07171342518416,123.26024492904553,89.79296875,0.27,0.32926829268292684,0.7401858704132434,0.27,0.3068181818181818,0.34699459948521344,0.76,0.8085106382978723,0.5376821811127088,0.0,0.06,0.12,0.06000000000000003,0.12000000000000006,0.0600000000000001,0.48999999999999994,0.0,0.0,0.0,0.26999999999999996,TJ+actin,0.48999999999999994,26.345149596545067,3
Supplementary_Figures_S6-S7__S6_DMSO__Snap-180-Bild-Export-02,DMSO,DMSO,16,5,7,6,5,555.6032102159216,278,0.2700411099691675,0.4028776978417266,66.01892868862215,254.0,0.24100719424460432,26,0.2697841726618705,2.5886699507389164,0.5795457836460549,56.45511194248378,59.560741961086926,90.78515625000001,0.2392086330935252,0.3057553956834532,47.9949102114472,163.42946522523465,0.08992805755395683,35,0.26618705035971224,2.281862745098039,0.7287045207054846,42.19385985862519,47.0528894302211,66.47659862884095,0.1749743062692703,0.20503597122302158,60.46796952828776,165.5241828848416,0.14388489208633093,28,0.33453237410071945,1.8405405405405406,0.6341742531852653,58.350798326551285,53.91767586576782,89.79296875,0.2014388489208633,0.3971631205673759,0.5254388470874585,0.11870503597122302,0.2426470588235294,0.5452895134206764,0.12589928057553956,0.32710280373831774,0.47014821265256646,0.15467625899280577,0.050359712230215826,0.03237410071942446,0.46043165467625913,0.032374100719424516,0.05035971223021576,0.0539568345323742,0.1546762589928057,0.04676258992805753,0.12949640287769792,0.07194244604316527,none,0.46043165467625913,73.2985765456361,2
Supplementary_Figures_S6-S7__S6_DMSO__Snap-180-Bild-Export-02,DMSO,DMSO,17,7,4,5,7,835.3684562386815,418,0.2448246364414029,0.3684210526315789,63.46665885751215,254.00000000000003,0.17942583732057416,25,0.36363636363636365,2.6954887218045114,0.5647157915233395,54.44542227989316,58.716698292795,90.78515625000001,0.39948674080410607,0.5956937799043063,61.797757505686455,220.92859983488995,0.3708133971291866,19,0.17464114832535882,3.389855072463768,0.505944235139337,52.44358253348051,64.0170482138954,66.47659862884095,0.6272027373823781,0.80622009569378,119.91305729886652,254.0,0.430622009569378,7,0.13875598086124397,5.095833333333333,0.3273006098564704,105.13130867115314,125.93574581396697,89.79296875,0.3373205741626794,0.5381679389312977,0.7458795130474829,0.35645933014354064,0.43567251461988304,0.5743601940931999,0.5598086124401914,0.6647727272727273,0.6901005158005411,0.0,0.023923444976076555,0.215311004784689,0.15789473684210514,0.215311004784689,0.023923444976076572,0.2344497607655503,0.0,0.03110047846889958,0.011961722488038371,0.325358851674641,AJ+TJ+actin,0.325358851674641,110.20692034811101,3
Supplementary_Figures_S6-S7__S6_DMSO__Snap-180-Bild-Export-02,DMSO,DMSO,18,8,5,13,6,195.1409312311264,98,0.20586080586080585,0.25510204081632654,62.31848205453382,198.67974766262574,0.21428571428571427,12,0.23469387755102045,1.8733333333333333,0.6377359238529585,54.45345166810042,57.600903928669894,90.78515625000001,0.04468864468864469,0.01020408163265306,32.153897588300886,117.50162483376664,0.07142857142857142,14,0.6938775510204082,1.0166666666666666,0.5885679695415161,30.673360246186366,28.65418316379657,66.47659862884095,0.11794871794871795,0.16326530612244897,55.044847465972495,159.54918945363235,0.1326530612244898,6,0.6632653061224489,2.4393939393939394,0.6154398843932957,60.48191896553119,44.8496653044374,89.79296875,0.0,0.0,0.5019665899776058,0.02040816326530612,0.05128205128205128,0.4233111559342987,0.0,0.0,0.4570691097368468,0.23469387755102042,0.01020408163265306,0.14285714285714285,0.5918367346938774,0.14285714285714296,0.010204081632653052,0.0,0.23469387755102045,0.020408163265306103,0.0,0.0,none,0.5918367346938774,25.744186178248864,1
Supplementary_Figures_S6-S7__S6_DMSO__Snap-180-Bild-Export-02,DMSO,DMSO,20,9,5,3,6,531.8931134208885,266,0.11358754027926961,0.11278195488721804,48.91083647385809,234.79724948847516,0.05263157894736842,32,0.4699248120300752,1.5,0.6989804575687661,41.5313355261889,45.2272430433322,90.78515625000001,0.04430719656283566,0.03759398496240601,31.606178474329813,123.8404350552944,0.02631578947368421,34,0.7255639097744361,1.13013698630137,0.683156934834514,26.469020525865478,32.43849994166308,66.47659862884095,0.05128893662728249,0.03759398496240601,44.73986587929666,143.08024664712926,0.06766917293233082,17,0.736842105263158,1.3642857142857143,0.5326179837501995,43.77683385267505,40.39039044491253,89.79296875,0.007518796992481203,0.05263157894736842,0.44288592859711834,0.015037593984962405,0.1111111111111111,0.39032184862876806,0.0037593984962406013,0.05263157894736842,0.36304033245248013,0.09022556390977443,0.02631578947368421,0.018796992481203006,0.8383458646616544,0.018796992481203117,0.026315789473684053,0.0037593984962406286,0.09022556390977418,0.015037593984962435,0.007518796992481257,0.0,none,0.8383458646616544,70.17059543811195,1
Supplementary_Figures_S6-S7__S6_DMSO__Snap-180-Bild-Export-02,DMSO,DMSO,21,8,9,13,3,375.2427294208809,188,0.1779047619047619,0.22872340425531915,57.741295053874296,227.2626121334152,0.16489361702127658,21,0.4148936170212766,2.1227272727272726,0.6776244712220167,46.73086848135576,58.21292820753439,90.78515625000001,0.12571428571428572,0.1595744680851064,40.153215906479936,163.1620259978089,0.1276595744680851,22,0.48404255319148937,1.7164948453608246,0.6397030802189814,33.70568749600159,41.73423177625668,66.47659862884095,0.4369523809523809,0.6382978723404256,86.22970192562678,232.94535038116948,0.4574468085106383,7,0.21808510638297873,3.9149659863945576,0.4198661792506708,80.90833663686934,84.82135537889118,89.79296875,0.09042553191489362,0.30357142857142855,0.7399065512691677,0.18085106382978725,0.26356589147286824,0.38403637796513823,0.12234042553191489,0.18110236220472442,0.48685566560722976,0.026595744680851064,0.015957446808510637,0.40425531914893614,0.2978723404255319,0.40425531914893625,0.015957446808510634,0.053191489361702114,0.026595744680851057,0.11170212765957444,0.021276595744680844,0.06914893617021274,actin only,0.40425531914893625,49.50431786555157,0
Supplementary_Figures_S6-S7__S6_DMSO__Snap-180-Bild-Export-02,DMSO,DMSO,22,4,6,7,1,53.79582929866012,27,0.828042328042328,1.0,152.99175676669572,254.00000000000003,1.0,1,0.0,5.796296296296297,0.17609602274147818,165.2253545310267,124.10588292294442,90.78515625000001,0.8941798941798942,1.0,125.02992608416146,248.78090773533967,1.0,1,0.0,6.2592592592592595,0.12930043422137372,137.82931057118645,102.73430663836183,66.47659862884095,0.5264550264550265,0.6296296296296297,104.66984644757073,253.12287467924364,0.6296296296296297,3,0.2222222222222222,4.738095238095238,0.42037210810782666,120.95794159945618,84.67929398538445,89.79296875,1.0,1.0,0.8086793029405991,0.6296296296296297,0.6296296296296297,0.6400878620232755,0.6296296296296297,0.6296296296296297,0.5891724439025655,0.0,0.0,0.0,0.0,0.0,0.0,0.0,0.0,0.0,0.37037037037037046,0.6296296296296295,AJ+TJ+actin,0.6296296296296295,7.097075105364132,3
Supplementary_Figures_S6-S7__S6_DMSO__Snap-180-Bild-Export-02,DMSO,DMSO,24,10,8,11,13,518.2791548284792,259,0.02978488692774407,0.03088803088803089,34.95053164525303,188.62645063178653,0.023166023166023165,16,0.8648648648648649,1.542857142857143,0.7073492316586769,33.22032256128983,31.038065464575762,90.78515625000001,0.005239933811362383,0.003861003861003861,15.815074473816125,125.87784680709662,0.011583011583011582,3,0.972972972972973,1.3571428571428572,0.7554052681267012,16.325942390714186,14.435186193922574,66.47659862884095,0.0253723110865968,0.04247104247104247,33.201443846328836,153.94242734315523,0.02702702702702703,8,0.9189189189189189,2.1904761904761907,0.5293824200819964,35.6928806331443,28.8189660158602,89.79296875,0.0,0.0,0.3806432210195508,0.011583011583011582,0.1875,0.5279378142335853,0.0,0.0,0.13669760601758005,0.019305019305019305,0.003861003861003861,0.03088803088803089,0.9343629343629345,0.03088803088803087,0.003861003861003842,0.0,0.01930501930501921,0.011583011583011636,0.0,0.0,none,0.9343629343629345,68.37455868449594,1
Supplementary_Figures_S6-S7__S6_DMSO__Snap-180-Bild-Export-02,DMSO,DMSO,26,5,11,6,2,17.34528468062414,9,0.8739495798319328,1.0,173.2795598479519,253.62961672098965,1.0,1,0.0,6.111111111111111,0.0642824346533225,132.1532415963072,196.7421296185794,90.78515625000001,0.48739495798319327,0.7777777777777778,70.28315558261582,146.73314046885014,1.0,1,0.0,3.4444444444444446,0.33133288038990544,46.76214997247941,91.96916563986244,66.47659862884095,0.7394957983193278,1.0,117.04801049721829,189.91545612248606,1.0,1,0.0,5.222222222222222,0.21223337599212772,91.31551876703784,138.5788349229589,89.79296875,0.7777777777777778,0.7777777777777778,0.637771850703527,1.0,1.0,0.7970570029190274,0.7777777777777778,0.7777777777777778,0.8185023424222851,0.0,0.0,0.0,0.0,0.0,0.0,0.0,0.0,0.2222222222222222,0.0,0.7777777777777778,AJ+TJ+actin,0.7777777777777778,2.288296132008462,3
Supplementary_Figures_S6-S7__S6_DMSO__Snap-180-Bild-Export-02,DMSO,DMSO,27,11,7,2,5,639.2706299986409,320,0.47775542141739324,0.68125,95.02156521517699,254.0,0.14375,19,0.109375,3.756140350877193,0.4972729792324035,88.51862680831232,87.2317843273183,90.78515625000001,0.18645204560697518,0.2375,45.431114659692795,168.99856831127852,0.0875,46,0.40625,2.194736842105263,0.7296869947175936,41.07862556789438,46.09397792126401,66.47659862884095,0.3442879499217527,0.546875,78.16853394537793,223.04499673574048,0.25,17,0.23124999999999996,3.136178861788618,0.5282554462726468,79.50922514643602,70.23434389725784,89.79296875,0.225,0.32432432432432434,0.6966503461508975,0.409375,0.5,0.4711920704142161,0.18125,0.3005181347150259,0.4913424824515874,0.21875,0.003125,0.128125,0.1781249999999999,0.1281249999999999,0.003125000000000023,0.00937500000000007,0.2187500000000003,0.23749999999999963,0.05312499999999989,0.17187500000000017,AJ+actin,0.23749999999999963,84.33649472277584,1
Supplementary_Figures_S6-S7__S6_DMSO__Snap-180-Bild-Export-02,DMSO,DMSO,28,9,11,3,2,457.2044677446029,229,0.36167552360112537,0.5283842794759825,79.55490445630763,254.0,0.17903930131004367,19,0.14410480349344978,2.9566326530612246,0.5929394743597275,68.43665512835169,77.8008559804578,90.78515625000001,0.012816505157861832,0.0,27.83376770197472,85.5883842119395,0.021834061135371178,19,0.8733624454148472,0.7068965517241379,0.573040981681499,25.485665489235544,28.014562324248747,66.47659862884095,0.14254454517036574,0.16593886462882096,58.31469332056961,181.38231497694332,0.13100436681222707,24,0.48908296943231444,1.9615384615384615,0.6591269142733965,52.50235797659632,60.33934682507838,89.79296875,0.0,0.0,0.5105874560600481,0.12663755458515283,0.2230769230769231,0.3369566508698372,0.0,0.0,0.39704374440695306,0.4017467248908297,0.0,0.039301310043668124,0.4323144104803494,0.03930131004366823,0.0,0.0,0.40174672489082935,0.12663755458515297,0.0,0.0,none,0.4323144104803494,60.31721210350962,1
Supplementary_Figures_S6-S7__S6_DMSO__Snap-180-Bild-Export-02,DMSO,DMSO,29,12,9,8,3,406.63794657067467,203,0.3983853983853984,0.6157635467980296,81.3203874732855,217.42913953423832,0.458128078817734,8,0.06896551724137934,3.0,0.517194075695146,67.24117355556406,82.29583925417066,90.78515625000001,0.023868023868023867,0.009852216748768473,29.716583722109064,106.2334335485137,0.019704433497536946,22,0.8078817733990148,0.8717948717948718,0.7198375441482597,22.19700043395924,33.55014593717564,66.47659862884095,0.16812916812916812,0.23645320197044334,66.31758952078246,173.15710996122564,0.11822660098522167,18,0.4236453201970444,2.0427350427350426,0.6594107745805224,68.75628580693888,58.519969696022166,89.79296875,0.009852216748768473,0.016,0.5466593353703273,0.1724137931034483,0.2536231884057971,0.31352251668278025,0.009852216748768473,0.041666666666666664,0.4415791319851976,0.4433497536945813,0.0,0.06403940886699508,0.3201970443349755,0.0640394088669951,0.0,0.0,0.4433497536945811,0.16256157635467994,0.0,0.009852216748768445,AJ only,0.4433497536945811,53.64616709375655,1
Supplementary_Figures_S6-S7__S6_DMSO__Snap-180-Bild-Export-02,DMSO,DMSO,30,8,12,13,8,111.60331355947474,56,0.33418367346938777,0.42857142857142855,77.59180225630229,207.82515650688438,0.44642857142857145,7,0.1607142857142857,2.7872340425531914,0.625535141797737,76.69797286058785,67.89940710858268,90.78515625000001,0.0,0.0,21.099467316057883,61.4998211822821,0.0,0,1.0,,,20.50615339311404,19.364133333587226,66.47659862884095,0.2423469387755102,0.3392857142857143,73.97910395204528,172.56867960560157,0.30357142857142855,5,0.3571428571428571,2.638888888888889,0.6246106820693388,68.70587772459487,76.5223758349151,89.79296875,0.0,0.0,0.7248845694982546,0.17857142857142858,0.30303030303030304,0.5188353209568723,0.0,0.0,0.3504542807267288,0.25,0.0,0.16071428571428573,0.4107142857142857,0.16071428571428567,0.0,0.0,0.25000000000000006,0.1785714285714286,0.0,0.0,none,0.4107142857142857,14.723392290168173,1
Supplementary_Figures_S6-S7__S6_DMSO__Snap-180-Bild-Export-02,DMSO,DMSO,32,10,12,11,8,430.0312829175053,215,0.16677740863787374,0.2186046511627907,47.945896966331595,238.9351925901759,0.16744186046511628,14,0.6511627906976745,3.3466666666666667,0.6286620307869653,43.64157852529114,45.15520550199378,90.78515625000001,0.004651162790697674,0.0,17.787967237142833,86.4300152927132,0.009302325581395349,8,0.9488372093023256,0.6363636363636364,0.4844521416518049,16.95128854374766,17.100631364741222,66.47659862884095,0.23588039867109634,0.28837209302325584,59.420961685164585,220.60499228518728,0.19069767441860466,9,0.5209302325581395,3.4466019417475726,0.6020265979159841,58.14347166137314,57.452091823386795,89.79296875,0.0,0.0,0.7161459638815393,0.12558139534883722,0.32926829268292684,0.4910005757781518,0.0,0.0,0.6921858850749177,0.09302325581395349,0.0,0.16279069767441862,0.6186046511627907,0.16279069767441856,0.0,0.0,0.09302325581395332,0.12558139534883742,0.0,0.0,none,0.6186046511627907,56.73235922394529,1
Supplementary_Figures_S6-S7__S6_DMSO__Snap-180-Bild-Export-02,DMSO,DMSO,34,12,11,8,2,96.22908494792158,48,0.3854166666666667,0.5208333333333334,86.45872461474181,253.24630659539338,0.2708333333333333,6,0.1875,3.3205128205128207,0.5881412826047757,75.27502094445585,83.59279471924152,90.78515625000001,0.010416666666666666,0.0,22.46867619195273,75.41965043037587,0.041666666666666664,4,0.8958333333333334,0.7,0.3499271061118826,20.02706511002543,22.757753388480754,66.47659862884095,0.1875,0.22916666666666666,66.3446035126861,219.46960493889074,0.1875,5,0.5833333333333333,3.15,0.621079287190916,63.186233161202296,65.04280428109452,89.79296875,0.0,0.0,0.523471027775006,0.22916666666666666,0.44,0.6549075921890056,0.0,0.0,0.42816552441082345,0.2916666666666667,0.0,0.0,0.4791666666666667,0.0,0.0,0.0,0.2916666666666667,0.22916666666666666,0.0,0.0,none,0.4791666666666667,12.695129940359047,1
Supplementary_Figures_S6-S7__S6_V1__Snap-186-Bild-Export-08,BRAFi,V1,3,1,0,1,18,475.1835603435145,238,0.4475187969924812,0.5630252100840336,80.83929592860906,254.0,0.18067226890756302,17,0.2016806722689075,3.9236842105263157,0.5381553026579753,70.76279614923124,79.58291322096382,83.83984375,0.10225563909774436,0.13025210084033614,30.039513200980494,129.11680650112055,0.058823529411764705,23,0.5798319327731092,1.7,0.7287948054919922,25.620516715175096,32.442320035683636,59.03515625,0.2336842105263158,0.2647058823529412,72.09294051511203,254.0,0.1722689075630252,15,0.5084033613445378,3.3290598290598292,0.709962227656159,69.13851462813082,71.43700221684513,96.73828125000001,0.1134453781512605,0.1956521739130435,0.6809356380138151,0.2184873949579832,0.3586206896551724,0.42859116161425037,0.10084033613445378,0.34285714285714286,0.7194272496213814,0.3235294117647059,0.008403361344537815,0.037815126050420166,0.38235294117647056,0.03781512605042014,0.0084033613445378,0.0084033613445378,0.3235294117647061,0.12605042016806706,0.021008403361344453,0.09243697478991604,none,0.38235294117647056,62.689124055872625,1
Supplementary_Figures_S6-S7__S6_V1__Snap-186-Bild-Export-08,BRAFi,V1,4,2,1,20,1,542.2814448984145,271,0.20242488139167106,0.2693726937269373,54.62977432417029,252.15942965046716,0.07749077490774908,31,0.46863468634686345,2.6666666666666665,0.6938626034742037,49.35145457439596,51.690304181297954,83.83984375,0.12625197680548234,0.16236162361623616,33.78902508842617,181.966933743795,0.06273062730627306,33,0.6014760147601477,2.2175925925925926,0.8182943809158799,30.294765362707114,35.41036547015335,59.03515625,0.19583552978386926,0.25461254612546125,71.77537999236071,254.0,0.1070110701107011,23,0.5608856088560885,3.1218487394957983,0.6923815623367153,69.16981070204228,70.90907212821344,96.73828125000001,0.07749077490774908,0.21875,0.3848584196146385,0.08118081180811808,0.18333333333333332,0.06882189057350319,0.0959409594095941,0.2988505747126437,0.42922620525409017,0.17343173431734318,0.05166051660516605,0.14022140221402213,0.5055350553505538,0.14022140221402207,0.0516605166051661,0.03321033210332082,0.1734317343173429,0.01845018450184507,0.014760147601476118,0.06273062730627317,none,0.5055350553505538,71.54108771746894,1
Supplementary_Figures_S6-S7__S6_V1__Snap-186-Bild-Export-08,BRAFi,V1,5,0,3,18,16,285.3391691453212,143,0.3954887218045113,0.48951048951048953,80.251410286668,254.0,0.17482517482517482,11,0.3146853146853147,4.025510204081633,0.5210728785975086,75.3027315267138,74.22392816999053,83.83984375,0.13132832080200502,0.15384615384615385,29.79347348493115,168.02489302849006,0.17482517482517482,14,0.5804195804195804,2.183333333333333,0.8319910328393066,27.9326690633927,28.459144363498098,59.03515625,0.1724310776942356,0.23776223776223776,63.38001827079573,226.3089305400612,0.11888111888111888,14,0.5524475524475525,2.6875,0.6261819543179655,61.471716893006025,60.20252110609232,96.73828125000001,0.15384615384615385,0.3142857142857143,0.8475034816251497,0.1958041958041958,0.3684210526315789,0.7701620563648988,0.11888111888111888,0.4358974358974359,0.7748834383945142,0.25874125874125875,0.0,0.04195804195804196,0.46853146853146854,0.04195804195804197,0.0,0.0,0.2587412587412585,0.07692307692307698,0.034965034965035155,0.11888111888111885,none,0.46853146853146854,37.64368986086031,1
Supplementary_Figures_S6-S7__S6_V1__Snap-186-Bild-Export-08,BRAFi,V1,6,4,1,10,1,123.332334771624,62,0.5447154471544715,0.7096774193548387,93.96172231992456,254.0,0.6612903225806451,5,0.14516129032258063,4.490566037735849,0.42796340127847315,96.35847338116449,85.59050850391861,83.83984375,0.3228803716608595,0.4838709677419355,48.495345373110794,164.0363290662953,0.3709677419354839,6,0.24193548387096775,3.021276595744681,0.6087375432387129,47.42024047234864,48.251460264837306,59.03515625,0.18699186991869918,0.25806451612903225,76.21329805926233,166.40890302809413,0.1935483870967742,8,0.4032258064516129,2.2432432432432434,0.6380994061139933,82.90802827626827,69.52936595746239,96.73828125000001,0.43548387096774194,0.574468085106383,0.6046778364924585,0.1935483870967742,0.25,0.498630150349975,0.14516129032258066,0.24324324324324326,0.1749510564716833,0.22580645161290322,0.04838709677419355,0.06451612903225806,0.17741935483870977,0.0645161290322581,0.04838709677419357,0.0,0.22580645161290336,0.04838709677419351,0.29032258064516114,0.14516129032258068,AJ+TJ,0.29032258064516114,16.270756566177308,2
Supplementary_Figures_S6-S7__S6_V1__Snap-186-Bild-Export-08,BRAFi,V1,7,2,4,20,10,333.088912995711,167,0.2398112398112398,0.3473053892215569,56.4583402461403,241.71138870783216,0.1317365269461078,14,0.4131736526946108,2.8520408163265305,0.5911876603695871,51.21421287067165,50.9684315092414,83.83984375,0.2501072501072501,0.31736526946107785,43.35980414139371,190.16592448260644,0.11976047904191617,14,0.3892215568862275,2.8627450980392157,0.6599555874216935,40.43870489503599,41.81362193708944,59.03515625,0.18618618618618618,0.25149700598802394,67.48109960466904,254.0,0.10179640718562874,15,0.6047904191616766,3.287878787878788,0.6655437320721108,70.71989015860443,60.10128605038915,96.73828125000001,0.25748502994011974,0.6323529411764706,0.7035657101443682,0.20958083832335328,0.5384615384615384,0.6676278985737905,0.20958083832335328,0.5833333333333334,0.7767448492668066,0.07784431137724551,0.04790419161676647,0.029940119760479042,0.562874251497006,0.029940119760478997,0.04790419161676634,0.011976047904191654,0.07784431137724551,0.011976047904191621,0.059880239520958056,0.19760479041916185,none,0.562874251497006,43.943128363550265,1
Supplementary_Figures_S6-S7__S6_V1__Snap-186-Bild-Export-08,BRAFi,V1,8,1,5,1,15,115.58477902751821,58,0.42610837438423643,0.6896551724137931,81.70579909545516,252.414781164825,0.603448275862069,3,0.08620689655172409,3.2641509433962264,0.4729298767417981,71.5953707546412,75.04521573655741,83.83984375,0.0874384236453202,0.06896551724137931,31.253968059836758,168.29698831501378,0.1206896551724138,11,0.5172413793103448,1.2678571428571428,0.9034967008433591,28.6784832909746,28.989033359925415,59.03515625,0.24014778325123154,0.3275862068965517,71.94891484875106,186.64805422230916,0.2413793103448276,6,0.43103448275862066,2.9545454545454546,0.6696579832986842,61.72474151450888,76.59787509490488,96.73828125000001,0.017241379310344827,0.023255813953488372,0.07380036197089965,0.1896551724137931,0.22916666666666666,0.07399041005542348,0.06896551724137931,0.21052631578947367,0.6452958994947909,0.5,0.0,0.08620689655172414,0.1724137931034483,0.08620689655172414,0.0,0.0517241379310344,0.5,0.17241379310344834,0.0,0.01724137931034484,AJ only,0.5,15.248651586743827,0
Supplementary_Figures_S6-S7__S6_V1__Snap-186-Bild-Export-08,BRAFi,V1,10,5,0,15,18,575.9861740497732,288,0.07787698412698413,0.09722222222222222,32.35010809663671,216.7862567807429,0.07291666666666667,25,0.7638888888888888,2.3088235294117645,0.7325394606588578,29.04241915574847,29.754247191902248,83.83984375,0.05555555555555555,0.041666666666666664,21.409321793605237,154.67312491909772,0.034722222222222224,24,0.7395833333333333,1.4933333333333334,0.7625177732957027,19.517519919876477,22.202614644016663,59.03515625,0.1498015873015873,0.2013888888888889,51.93299042617018,222.00436756109406,0.10069444444444445,12,0.7430555555555556,4.081081081081081,0.4904911349256362,51.00930863040391,51.642165215935016,96.73828125000001,0.020833333333333332,0.17647058823529413,0.5804885822016074,0.07291666666666667,0.3230769230769231,0.4800194343978375,0.03125,0.14754098360655737,0.44742059508843357,0.024305555555555556,0.010416666666666666,0.11805555555555555,0.7638888888888888,0.11805555555555561,0.010416666666666689,0.01041666666666659,0.024305555555555552,0.05208333333333335,0.0,0.020833333333333377,none,0.7638888888888888,75.98762190630254,1
Supplementary_Figures_S6-S7__S6_V1__Snap-186-Bild-Export-08,BRAFi,V1,11,6,1,7,1,74.3390460603263,37,0.36486486486486486,0.4594594594594595,81.77301021331634,254.0,0.40540540540540543,5,0.2432432432432432,3.375,0.713383714231786,69.2090459004273,82.08587179986267,83.83984375,0.3127413127413127,0.43243243243243246,46.413723715800685,130.42816224533215,0.5135135135135135,6,0.21621621621621623,2.793103448275862,0.5956070448434047,42.30171789677263,47.57213555664091,59.03515625,0.555984555984556,0.8108108108108109,104.77292423690584,248.56384678987843,1.0,1,0.0,3.891891891891892,0.43606466490109996,97.3479894142291,103.42363511505323,96.73828125000001,0.2702702702702703,0.43478260869565216,0.6735096642999769,0.40540540540540543,0.46875,0.7746926474437801,0.35135135135135137,0.3939393939393939,0.5352573867640426,0.0,0.02702702702702703,0.2702702702702703,0.10810810810810811,0.2702702702702703,0.02702702702702698,0.1351351351351352,0.0,0.18918918918918926,0.05405405405405401,0.21621621621621617,actin only,0.2702702702702703,9.80726201323566,0
Supplementary_Figures_S6-S7__S6_V1__Snap-186-Bild-Export-08,BRAFi,V1,12,4,6,10,7,308.22013528439203,154,0.2690166975881262,0.38311688311688313,64.6220191944223,253.34928208365315,0.16883116883116883,14,0.43506493506493504,3.3333333333333335,0.5702389093994757,60.8882017166812,57.57205956986997,83.83984375,0.3042671614100185,0.4025974025974026,51.02756200895873,227.1160402958057,0.12987012987012986,17,0.2597402597402597,2.8771929824561404,0.6665473693578412,48.47742143085423,48.89924405132771,59.03515625,0.2949907235621521,0.38311688311688313,84.6556628860063,254.0,0.12337662337662338,13,0.3116883116883117,3.0,0.6921240058060389,84.23404674646268,78.30419510206315,96.73828125000001,0.2792207792207792,0.5512820512820513,0.8060521965038222,0.2857142857142857,0.5945945945945946,0.7088320908476795,0.2727272727272727,0.5316455696202531,0.6889960699104548,0.05194805194805195,0.08441558441558442,0.05844155844155844,0.435064935064935,0.058441558441558544,0.08441558441558454,0.03896103896103895,0.05194805194805192,0.05194805194805195,0.04545454545454535,0.23376623376623382,none,0.435064935064935,40.662286976832725,0
Supplementary_Figures_S6-S7__S6_V1__Snap-186-Bild-Export-08,BRAFi,V1,13,6,5,7,15,288.02569485341087,144,0.4117063492063492,0.5902777777777778,76.98756193549997,233.51890071348183,0.4861111111111111,9,0.2152777777777778,3.672566371681416,0.5099759628193329,69.46109839763164,73.10271018575823,83.83984375,0.12896825396825398,0.1388888888888889,28.716724187521628,230.15380406986,0.1527777777777778,10,0.6180555555555556,2.3636363636363638,0.8408047708724621,24.083331872166365,31.15879636083956,59.03515625,0.3506944444444444,0.4583333333333333,79.85307973216487,253.762484059918,0.5138888888888888,5,0.4375,4.364197530864198,0.43319357372315564,68.45781994169259,85.90953010339369,96.73828125000001,0.1388888888888889,0.23529411764705882,0.6538411256688029,0.4305555555555556,0.6966292134831461,0.6779959451818632,0.11805555555555555,0.2463768115942029,0.6664169783811087,0.1388888888888889,0.0,0.027777777777777776,0.3819444444444442,0.027777777777777856,0.0,0.0,0.13888888888888917,0.31250000000000017,0.0208333333333333,0.1180555555555554,none,0.3819444444444442,37.99811277749484,0
Supplementary_Figures_S6-S7__S6_V1__Snap-186-Bild-Export-08,BRAFi,V1,14,2,7,20,2,235.8897246208961,118,0.14891041162227603,0.22033898305084745,44.24310746933248,244.03241032839782,0.1440677966101695,11,0.5254237288135593,2.1964285714285716,0.6303303992260821,38.86646797354226,37.59555876379379,83.83984375,0.15617433414043583,0.2033898305084746,35.01027458049205,144.1451887484107,0.16101694915254236,13,0.43220338983050843,1.9253731343283582,0.7252102675055193,33.260858300644635,31.055872575231316,59.03515625,0.1585956416464891,0.19491525423728814,58.01475512785019,217.20021609019145,0.211864406779661,9,0.6016949152542372,2.7872340425531914,0.6719725534864677,49.78644672874604,62.409142592772554,96.73828125000001,0.1694915254237288,0.6666666666666666,0.8260339834816691,0.13559322033898305,0.48484848484848486,0.6327848689177269,0.11864406779661017,0.42424242424242425,0.6349097678289767,0.01694915254237288,0.01694915254237288,0.0423728813559322,0.7033898305084747,0.04237288135593221,0.016949152542372885,0.016949152542372822,0.016949152542372885,0.03389830508474577,0.06779661016949154,0.1016949152542373,none,0.7033898305084747,31.120016440751463,1
Supplementary_Figures_S6-S7__S6_V1__Snap-186-Bild-Export-08,BRAFi,V1,15,7,4,2,10,133.68133758705767,67,0.4744136460554371,0.835820895522388,93.52390083014627,254.0,1.0,1,0.0,3.3208955223880596,0.37579860677554083,74.91685642052465,81.67842416089879,83.83984375,0.6172707889125799,0.9701492537313433,81.89310110477997,241.44035543615283,1.0,1,0.0,4.32089552238806,0.22944002632698604,66.3173768550857,78.12636942011784,59.03515625,0.5170575692963753,0.8507462686567164,103.34091514580852,254.0,0.6716417910447762,2,0.02985074626865669,3.730769230769231,0.31808760042353634,121.10031833504907,70.57957104256081,96.73828125000001,0.8208955223880597,0.8333333333333334,0.33130923733687573,0.7611940298507462,0.8225806451612904,0.5229788289777638,0.8507462686567164,0.8769230769230769,0.3708226423223913,0.014925373134328358,0.05970149253731343,0.0,0.014925373134328315,0.0,0.059701492537313466,0.08955223880597009,0.01492537313432842,0.0,0.059701492537313466,0.7611940298507462,AJ+TJ+actin,0.7611940298507462,17.636060367685708,3
Supplementary_Figures_S6-S7__S6_V1__Snap-186-Bild-Export-08,BRAFi,V1,16,5,3,15,16,193.17447401259813,97,0.5958549222797928,0.8350515463917526,108.73708965914975,254.0,0.4845360824742268,4,0.04123711340206182,4.354838709677419,0.3601681261630396,96.12376274385304,103.60967327082929,83.83984375,0.48038490007401924,0.7628865979381443,57.91065447155865,179.96271425022246,0.29896907216494845,4,0.04123711340206182,3.510752688172043,0.4556558562995528,42.096061161443174,68.6188165427543,59.03515625,0.694300518134715,0.9175257731958762,124.57810875151077,252.7341978006998,0.6701030927835051,2,0.030927835051546393,5.026595744680851,0.27543532353697675,115.5450528779923,124.14394722198573,96.73828125000001,0.6804123711340206,0.7415730337078652,0.666953544159523,0.7628865979381443,0.7708333333333334,0.3621434249178374,0.7319587628865979,0.7717391304347826,0.26741435074940006,0.041237113402061855,0.0,0.07216494845360824,0.010309278350515462,0.07216494845360831,0.0,0.08247422680412383,0.04123711340206177,0.11340206185567,0.030927835051546386,0.6494845360824741,AJ+TJ+actin,0.6494845360824741,25.484759104564397,3
Supplementary_Figures_S6-S7__S6_V1__Snap-186-Bild-Export-08,BRAFi,V1,17,8,2,21,20,112.83380535768669,56,0.01390644753476612,0.017857142857142856,8.080715457849196,118.04909619093962,0.05357142857142857,1,0.9464285714285714,1.8333333333333333,0.34015067152490375,7.860602903074089,6.734537774561995,83.83984375,0.10240202275600506,0.125,19.038475005227394,149.92430784732613,0.125,6,0.7142857142857143,2.53125,0.7728631716488661,18.051495164905383,20.005553976093857,59.03515625,0.05941845764854614,0.07142857142857142,30.70965367813425,223.03546610948806,0.08928571428571429,2,0.875,3.357142857142857,0.8376604121289161,32.1587951991697,29.33656001209726,96.73828125000001,0.017857142857142856,0.14285714285714285,0.7565873668334523,0.017857142857142856,0.25,0.9424707587932117,0.07142857142857142,0.5714285714285714,0.8561474743024671,0.0,0.05357142857142857,0.0,0.8750000000000002,0.0,0.05357142857142847,0.053571428571428596,0.0,0.0,0.0,0.01785714285714274,none,0.8750000000000002,14.88572630048637,1
Supplementary_Figures_S6-S7__S6_V1__Snap-186-Bild-Export-08,BRAFi,V1,19,2,9,20,9,20.414720939785784,10,0.5928571428571429,1.0,105.32322637817188,242.5553814182968,1.0,1,0.0,4.15,0.17081261299708222,94.00604165192055,92.77841385708727,83.83984375,0.4785714285714286,0.8,57.59921151739828,128.1711912537571,1.0,1,0.0,3.35,0.39517021775742467,52.07566181033187,55.718700036359124,59.03515625,0.3,0.4,84.93444354873652,171.1305209270045,0.7,2,0.19999999999999996,2.625,0.5851526536878338,87.77795905661968,74.35237320922558,96.73828125000001,0.8,0.8,0.371237011656002,0.4,0.4,0.06686312686481657,0.4,0.5,0.5936463738671053,0.2,0.0,0.0,0.0,0.0,0.0,0.0,0.2,0.0,0.4,0.4,AJ+TJ,0.4,2.6932349524783357,2
Supplementary_Figures_S6-S7__S6_V1__Snap-186-Bild-Export-08,BRAFi,V1,20,9,7,9,2,226.36044270220168,113,0.1731984829329962,0.21238938053097345,50.6914178915098,253.97829479770616,0.1592920353982301,16,0.4247787610619469,2.1076923076923078,0.787881737487277,43.7094847741428,46.53751151249302,83.83984375,0.29835651074589126,0.3805309734513274,47.46230599005479,204.47985350544263,0.1504424778761062,13,0.2654867256637168,2.8433734939759034,0.6953608017729676,42.82052494208722,45.80160614847062,59.03515625,0.106826801517067,0.1592920353982301,50.148307994046505,199.58065704892664,0.061946902654867256,11,0.6902654867256637,2.414285714285714,0.6957130630390093,56.46670766574914,39.65511779623672,96.73828125000001,0.1592920353982301,0.3673469387755102,0.7491170137392033,0.11504424778761062,0.4482758620689655,0.6903978903013404,0.1415929203539823,0.35555555555555557,0.7197193317088655,0.04424778761061947,0.18584070796460178,0.008849557522123894,0.5575221238938054,0.00884955752212387,0.18584070796460178,0.03539823008849569,0.04424778761061944,0.00884955752212387,0.05309734513274329,0.1061946902654867,none,0.5575221238938054,29.86285523775748,2
Supplementary_Figures_S6-S7__S6_V1__Snap-186-Bild-Export-08,BRAFi,V1,21,8,9,21,9,106.47820859727366,53,0.057951482479784364,0.11320754716981132,16.38867841437095,185.72904593610218,0.1509433962264151,1,0.8490566037735849,2.6875,0.24501520355471484,14.351584410826504,14.189901015677329,83.83984375,0.12129380053908356,0.1509433962264151,20.65711510518673,145.64626576504767,0.16981132075471697,1,0.8301886792452831,5.0,0.28674417556808757,21.458704693522424,18.21913104691068,59.03515625,0.11590296495956873,0.1509433962264151,35.910585373787264,252.0537281794062,0.16981132075471697,1,0.8301886792452831,4.777777777777778,0.29645462288330143,42.73392992339788,26.889952582819262,96.73828125000001,0.11320754716981132,0.75,0.9631633564866796,0.11320754716981132,0.75,0.9540924468312533,0.1509433962264151,1.0,0.9741888274448828,0.0,0.0,0.0,0.8490566037735849,0.0,0.0,0.03773584905660377,0.0,0.0,0.0,0.11320754716981132,none,0.8490566037735849,14.04725707088043,1
Supplementary_Figures_S6-S7__S6_V1__Snap-186-Bild-Export-08,BRAFi,V1,22,10,5,19,15,254.49775503675232,127,0.22609673790776152,0.33070866141732286,60.888660541407816,237.72538530385762,0.30708661417322836,15,0.2440944881889764,2.09375,0.6330540316551789,53.51512884811672,56.982911433570344,83.83984375,0.21428571428571427,0.2677165354330709,44.006541949799576,166.90574409956068,0.30708661417322836,20,0.2440944881889764,1.984375,0.6952507701642144,45.930714303758336,39.01808942390828,59.03515625,0.49775028121484816,0.7086614173228346,108.37512034358741,254.0,0.44881889763779526,4,0.08661417322834641,3.814655172413793,0.5159018133002796,117.88681694481352,91.66545546951414,96.73828125000001,0.1732283464566929,0.4074074074074074,0.4960480746918697,0.2677165354330709,0.3469387755102041,0.46321052558464776,0.2440944881889764,0.3333333333333333,0.6418725580131992,0.05511811023622047,0.015748031496062992,0.36220472440944884,0.21259842519685035,0.3622047244094491,0.015748031496063037,0.07874015748031471,0.05511811023622041,0.10236220472440932,0.007874015748031532,0.16535433070866146,actin only,0.3622047244094491,33.57490171988817,0
Supplementary_Figures_S6-S7__S6_V1__Snap-186-Bild-Export-08,BRAFi,V1,24,6,10,7,19,119.05963938512146,60,0.18247298919567828,0.25,58.30795194284861,226.97444026351945,0.23333333333333334,7,0.55,2.814814814814815,0.7752557437027116,55.676897436310306,55.431864635627946,83.83984375,0.0744297719087635,0.05,26.307549855220024,135.1921594976327,0.13333333333333333,6,0.6666666666666667,1.55,0.8090281421925454,24.03628010534823,28.434786055952074,59.03515625,0.6134453781512605,0.7333333333333333,124.85862944231555,254.0,0.48333333333333334,4,0.16666666666666663,5.11,0.35672844090215367,124.73731748520801,120.72276346994478,96.73828125000001,0.016666666666666666,0.058823529411764705,0.4834709156926177,0.23333333333333334,0.3111111111111111,0.3809756522994565,0.05,0.06818181818181818,0.5510761470880198,0.016666666666666666,0.0,0.4666666666666667,0.25000000000000006,0.4666666666666667,0.0,0.03333333333333325,0.016666666666666666,0.2166666666666667,0.0,0.016666666666666625,actin only,0.4666666666666667,15.707076436031855,0
Supplementary_Figures_S6-S7__S6_V1__Snap-186-Bild-Export-08,BRAFi,V1,25,7,11,2,5,154.63289348875588,77,0.1271889400921659,0.14285714285714285,47.29511138360309,253.9956200554563,0.16883116883116883,8,0.5454545454545454,1.9619047619047616,0.8837951587062184,42.6413516983329,43.985132846812036,83.83984375,0.49216589861751153,0.7012987012987013,64.87246716092544,207.44131447807376,0.7272727272727273,5,0.09090909090909094,3.7714285714285714,0.5088885104517381,58.124460042653375,66.19777612114525,59.03515625,0.15207373271889402,0.22077922077922077,54.83948980993774,210.2573725434164,0.1038961038961039,7,0.6493506493506493,3.0246913580246915,0.578829622409242,48.98901700255529,57.025168767640636,96.73828125000001,0.14285714285714285,0.2037037037037037,0.6148705125263411,0.09090909090909091,0.3333333333333333,0.625231973867854,0.2077922077922078,0.2909090909090909,0.6796475414486515,0.0,0.44155844155844154,0.012987012987012988,0.28571428571428564,0.01298701298701297,0.44155844155844154,0.11688311688311696,0.0,0.0,0.05194805194805206,0.09090909090909081,TJ only,0.44155844155844154,20.400117874506055,2
Supplementary_Figures_S6-S7__S6_V1__Snap-186-Bild-Export-08,BRAFi,V1,26,11,4,5,10,277.82562626855815,139,0.3720452209660843,0.5035971223021583,77.16330389348875,251.58261722087911,0.2589928057553957,12,0.19424460431654678,3.232142857142857,0.6303913403311716,69.5006948676016,71.86247405062494,83.83984375,0.5493319630010277,0.762589928057554,74.5175798823808,253.9787523210871,0.841726618705036,5,0.05755395683453235,4.080152671755725,0.49432687232806327,71.96088615691637,71.27384858102192,59.03515625,0.35354573484069884,0.460431654676259,83.05905079186263,254.00000000000003,0.26618705035971224,7,0.36690647482014394,3.909090909090909,0.5331747217725755,86.90148731879421,73.98278509889313,96.73828125000001,0.460431654676259,0.5714285714285714,0.7842225683045501,0.28776978417266186,0.425531914893617,0.655701885707264,0.4316546762589928,0.5454545454545454,0.8431268687439806,0.04316546762589928,0.15827338129496402,0.02877697841726619,0.16546762589928066,0.02877697841726586,0.15827338129496404,0.14388489208633112,0.04316546762589922,0.0,0.17266187050359716,0.28776978417266197,AJ+TJ+actin,0.28776978417266197,36.65245729136651,2
Supplementary_Figures_S6-S7__S6_V1__Snap-186-Bild-Export-08,BRAFi,V1,27,6,12,7,14,200.57568653351865,100,0.5565031982942431,0.79,98.46053630153976,253.4134661659595,0.91,3,0.030000000000000027,4.012027491408935,0.3962717549028656,87.10483887693297,93.2468586935232,83.83984375,0.5401563610518835,0.75,69.68847103662247,247.72421735509715,0.58,3,0.06000000000000005,4.030141843971631,0.46275524366193893,64.13030994011983,69.61941593452683,59.03515625,0.3304904051172708,0.43,89.1327473115652,254.0,0.3,6,0.38,3.75,0.508423665515202,79.4012931694995,92.51442661837027,96.73828125000001,0.65,0.7303370786516854,0.48510570347419996,0.4,0.4878048780487805,0.47980403573076047,0.39,0.4936708860759494,0.4506473329339596,0.11,0.08,0.01,0.09999999999999992,0.01,0.07999999999999986,0.019999999999999928,0.10999999999999993,0.03,0.2800000000000002,0.37000000000000016,AJ+TJ+actin,0.37000000000000016,26.461172365899557,3
Supplementary_Figures_S6-S7__S6_V1__Snap-186-Bild-Export-08,BRAFi,V1,28,4,12,10,14,89.40143901021204,45,0.36757624398073835,0.4666666666666667,80.85247077173041,254.0,0.4,3,0.24444444444444446,3.3970588235294117,0.573147748390722,76.41371935222533,76.90568772847597,83.83984375,0.5489566613162119,0.6,72.850849816291,240.09159361691604,0.4222222222222222,4,0.1333333333333333,4.435897435897436,0.5645537821761191,70.15479715895627,72.2008341673165,59.03515625,0.10914927768860354,0.15555555555555556,53.50535815712078,199.85020553798248,0.13333333333333333,4,0.7555555555555555,3.090909090909091,0.6960093862470137,51.95176146682651,53.42029421890337,96.73828125000001,0.4222222222222222,0.6551724137931034,0.9314035037758338,0.13333333333333333,0.2727272727272727,0.7616918172335747,0.13333333333333333,0.21428571428571427,0.7560436646926123,0.044444444444444446,0.17777777777777778,0.022222222222222223,0.33333333333333337,0.022222222222222216,0.17777777777777773,0.0,0.04444444444444443,0.0,0.2888888888888889,0.13333333333333333,none,0.33333333333333337,11.79438509369552,2
Supplementary_Figures_S6-S7__S6_V1__Snap-186-Bild-Export-08,BRAFi,V1,29,12,10,14,19,258.3898765674172,129,0.47563676633444074,0.6821705426356589,90.05327588449688,254.0,0.4418604651162791,9,0.09302325581395354,3.6709401709401708,0.46203480033917177,82.33923713610348,82.32951309972684,83.83984375,0.6838316722037652,0.875968992248062,85.06633431583028,252.89342809914447,0.751937984496124,2,0.015503875968992276,4.862204724409449,0.3495444428259892,73.49746132878684,87.1981033049179,59.03515625,0.7021040974529347,0.8992248062015504,148.2224867194741,254.00000000000003,0.6666666666666666,2,0.06976744186046513,5.283333333333333,0.2596733833092325,157.53544910430276,125.12204095692186,96.73828125000001,0.6356589147286822,0.6890756302521008,0.5692584253551792,0.627906976744186,0.6585365853658537,0.1526364816031288,0.813953488372093,0.8467741935483871,0.32147750198430225,0.0,0.007751937984496124,0.03875968992248062,0.03875968992248067,0.03875968992248067,0.0077519379844960675,0.23255813953488375,0.0,0.046511627906976626,0.054263565891472916,0.5813953488372092,AJ+TJ+actin,0.5813953488372092,34.08837421733736,3
Supplementary_Figures_S6-S7__S6_V1__Snap-186-Bild-Export-08,BRAFi,V1,30,13,5,3,15,135.48476365331416,68,0.16084656084656085,0.20588235294117646,48.14250878075863,245.66544354011387,0.16176470588235295,9,0.3529411764705882,1.75,0.5041571154229005,43.41551405030729,42.56442993473639,83.83984375,0.06455026455026455,0.07352941176470588,21.917122417507805,129.24010327496777,0.14705882352941177,7,0.6911764705882353,1.5238095238095237,0.6281172263200557,17.95487735724132,23.65921991326554,59.03515625,0.3100529100529101,0.5441176470588235,75.80612720644557,252.63323876281527,0.35294117647058826,5,0.3088235294117647,3.1595744680851063,0.42199178542473537,80.12243906715422,65.89916523733956,96.73828125000001,0.0,0.0,0.5951501825696993,0.16176470588235295,0.275,0.3136719825489865,0.058823529411764705,0.10526315789473684,0.48923144226031795,0.04411764705882353,0.014705882352941176,0.3235294117647059,0.3970588235294119,0.32352941176470607,0.014705882352941136,0.05882352941176459,0.04411764705882346,0.16176470588235287,0.0,0.0,none,0.3970588235294119,17.87397937378815,0
Supplementary_Figures_S6-S7__S6_V1__Snap-186-Bild-Export-08,BRAFi,V1,31,10,13,19,3,256.6975485756331,128,0.3574207893274041,0.515625,77.65320699098835,251.9707593361381,0.4765625,12,0.2265625,3.2407407407407405,0.5648977446995207,68.01069527699968,73.50243150888681,83.83984375,0.19399666481378544,0.234375,40.10174301134887,141.33957058132896,0.1640625,13,0.265625,1.8563829787234043,0.5633634232424043,33.02322945525286,43.80141817992964,59.03515625,0.4163424124513619,0.609375,93.35011541557475,254.0,0.421875,7,0.21875,3.733333333333334,0.4648434150444685,88.02297610026352,89.74637045857287,96.73828125000001,0.1875,0.3333333333333333,0.49331920881716507,0.3984375,0.5483870967741935,0.3618683168377563,0.2109375,0.3333333333333333,0.4655826247615471,0.109375,0.015625,0.1796875,0.25781249999999994,0.17968749999999978,0.015625000000000045,0.031249999999999993,0.10937500000000012,0.21875,0.007812499999999995,0.17968750000000017,none,0.25781249999999994,33.865111949291965,0
Supplementary_Figures_S6-S7__S6_V1__Snap-186-Bild-Export-08,BRAFi,V1,32,13,3,3,16,37.78863542811612,19,0.46616541353383456,0.7368421052631579,93.68193763815343,254.0,0.7894736842105263,2,0.052631578947368474,3.4444444444444446,0.33133288038990544,88.12145076516774,75.50766701969538,83.83984375,0.14661654135338345,0.10526315789473684,34.742415117666226,117.47359631007666,0.21052631578947367,5,0.26315789473684215,1.3928571428571428,0.7329028681003309,29.511396727029663,32.93797452619064,59.03515625,0.35714285714285715,0.5263157894736842,85.45705838602873,188.7528398172607,1.0,1,0.0,2.5,0.5271572221283753,81.60547709462298,78.61894975297182,96.73828125000001,0.10526315789473684,0.14285714285714285,0.7594263295245488,0.47368421052631576,0.6,0.8508812309110462,0.10526315789473684,0.2,0.7353841079119939,0.2631578947368421,0.0,0.05263157894736842,0.21052631578947373,0.052631578947368425,0.0,0.0,0.2631578947368422,0.368421052631579,0.0,0.10526315789473685,AJ+actin,0.368421052631579,4.985308103973104,0
Supplementary_Figures_S6-S7__S6_V1__Snap-186-Bild-Export-08,BRAFi,V1,33,14,9,17,9,212.8277940198004,106,0.4151576123407109,0.5849056603773585,80.4992582392769,254.0,0.36792452830188677,10,0.2264150943396226,3.7581300813008127,0.4694482382755486,70.06599608981858,78.76781561576301,83.83984375,0.17572099262240107,0.19811320754716982,39.46294047855677,242.40212495297837,0.11320754716981132,11,0.46226415094339623,2.2923976608187133,0.9152227910102034,30.56791795846681,45.5869423304278,59.03515625,0.5814889336016097,0.6981132075471698,123.48907054646385,254.00000000000003,0.7169811320754716,4,0.14150943396226412,4.738095238095237,0.4230482709265774,106.41217744482508,135.00999119532895,96.73828125000001,0.1792452830188679,0.296875,0.516155163459997,0.4716981132075472,0.5813953488372093,0.21218063855425398,0.14150943396226415,0.1875,-0.003565256107506645,0.0660377358490566,0.009433962264150943,0.2169811320754717,0.17924528301886797,0.21698113207547165,0.009433962264150872,0.009433962264150943,0.06603773584905663,0.3396226415094338,0.04716981132075476,0.13207547169811337,AJ+actin,0.3396226415094338,28.07754538519794,0
Supplementary_Figures_S6-S7__S6_V1__Snap-186-Bild-Export-08,BRAFi,V1,36,11,12,5,14,403.6844372728968,202,0.0746110325318246,0.07425742574257425,37.04677800189497,210.58500994581198,0.06435643564356436,24,0.6732673267326732,1.5984848484848484,0.6189689583257093,34.67732437716644,32.08910794916841,83.83984375,0.3592644978783593,0.49504950495049505,53.49152954400928,212.23640598584643,0.15346534653465346,20,0.17821782178217827,3.0602409638554215,0.6167797506683579,49.056443880791946,54.64261944553962,59.03515625,0.05622347949080622,0.07920792079207921,47.21480854059442,214.93545950458844,0.06435643564356436,11,0.8118811881188119,2.0921052631578947,0.6077242342602792,41.31230625118829,50.4176009655349,96.73828125000001,0.06435643564356436,0.12745098039215685,0.5505458597606934,0.019801980198019802,0.14814814814814814,0.25931756628713554,0.04455445544554455,0.08411214953271028,0.2379747820223632,0.009900990099009901,0.40594059405940597,0.034653465346534656,0.46039603960396036,0.034653465346534636,0.4059405940594059,0.024752475247524722,0.009900990099009889,0.0,0.044554455445544636,0.019801980198019778,none,0.46039603960396036,53.256522067664484,2
Supplementary_Figures_S6-S7__S6_V1__Snap-186-Bild-Export-08,BRAFi,V1,37,9,11,9,5,37.42522617113236,19,0.8494208494208494,1.0,161.2447034932065,254.0,1.0,1,0.0,5.973684210526316,0.21973504693110005,145.97412422518354,159.86867023225585,83.83984375,0.7915057915057915,1.0,88.8736102364572,186.82950042163142,1.0,1,0.0,5.552631578947368,0.2424947640846641,84.68230793390025,85.16644185231718,59.03515625,0.5173745173745173,0.5789473684210527,101.33626566791389,230.95319490732192,0.631578947368421,1,0.368421052631579,5.75,0.33016770289549324,99.3563258113004,98.69053004167066,96.73828125000001,1.0,1.0,0.7638134017004748,0.5789473684210527,0.5789473684210527,0.7527475914780686,0.5789473684210527,0.5789473684210527,0.8280763101732582,0.0,0.0,0.0,0.0,0.0,0.0,0.0,0.0,0.0,0.42105263157894735,0.5789473684210527,AJ+TJ+actin,0.5789473684210527,4.937364930228544,3
Supplementary_Figures_S6-S7__S6_V1__Snap-186-Bild-Export-08,BRAFi,V1,38,14,11,17,5,243.05401938548295,122,0.22810111699000588,0.319672131147541,59.034353914210485,252.70762349651235,0.1885245901639344,6,0.4508196721311475,2.8955223880597014,0.6627972074213847,54.005709217115715,54.42377231306111,83.83984375,0.33450911228689006,0.4262295081967213,52.519524069084746,200.0897046198043,0.21311475409836064,12,0.25409836065573765,3.131868131868132,0.683850557580462,54.366786953904025,48.54892261281654,59.03515625,0.10758377425044091,0.12295081967213115,55.88257055101026,232.97517963615343,0.10655737704918032,12,0.6721311475409837,2.2875,0.9563778252326501,59.39009579831624,50.27073257859439,96.73828125000001,0.20491803278688525,0.3787878787878788,0.35915550828986625,0.05737704918032787,0.14893617021276595,0.45928038826578105,0.10655737704918032,0.24074074074074073,0.7509848870054424,0.10655737704918032,0.16393442622950818,0.00819672131147541,0.4508196721311475,0.008196721311475402,0.16393442622950832,0.05737704918032787,0.10655737704918038,0.008196721311475431,0.15573770491803263,0.04918032786885254,none,0.4508196721311475,32.06517406140936,2
Supplementary_Figures_S6-S7__S6_V1__Snap-186-Bild-Export-08,BRAFi,V1,39,15,13,12,3,302.5691100985838,151,0.22112211221122113,0.3443708609271523,56.85126723215277,254.0,0.17880794701986755,10,0.4039735099337748,2.5962962962962965,0.5560992896326655,50.3294199929173,47.77025552206493,83.83984375,0.020273455917020275,0.019867549668874173,14.013250316204559,116.12236132168773,0.026490066225165563,7,0.9205298013245033,1.7916666666666667,0.7681462588331974,13.270593764620111,11.423461783617284,59.03515625,0.1522866572371523,0.2582781456953642,56.79073295012777,223.46722239506875,0.1390728476821192,10,0.5960264900662251,2.639344262295082,0.4767055455453179,52.691608009747746,51.84144317518583,96.73828125000001,0.019867549668874173,0.057692307692307696,0.7875747175137537,0.2119205298013245,0.5423728813559322,0.7342958784471489,0.013245033112582781,0.05,0.6822980126679328,0.12582781456953643,0.0,0.046357615894039736,0.6092715231788077,0.04635761589403977,0.0,0.0,0.1258278145695365,0.19867549668874177,0.0066225165562913925,0.013245033112582783,none,0.6092715231788077,39.916769142293376,1
Supplementary_Figures_S6-S7__S6_V1__Snap-186-Bild-Export-08,BRAFi,V1,40,10,15,19,12,157.54642474195458,79,0.39421338155515373,0.6329113924050633,74.80250930040243,242.17987245805784,0.4177215189873418,4,0.12658227848101267,3.1594202898550723,0.48234986486855047,68.38590649430033,65.73008986040459,83.83984375,0.25406871609403253,0.379746835443038,44.12133424456052,149.75544872121006,0.21518987341772153,10,0.2784810126582279,2.4649122807017543,0.6207083119515381,38.140494640140595,45.37385912781691,59.03515625,0.30831826401446655,0.46835443037974683,80.290420838288,196.9293487846282,0.25316455696202533,7,0.26582278481012656,2.939655172413793,0.5570689801011302,76.87562177458479,75.85251973268588,96.73828125000001,0.34177215189873417,0.5094339622641509,0.651219303570014,0.4177215189873418,0.6111111111111112,0.7049956177561949,0.2911392405063291,0.5227272727272727,0.6672306223984207,0.13924050632911392,0.012658227848101266,0.02531645569620253,0.30379746835443033,0.025316455696202514,0.012658227848101245,0.02531645569620249,0.13924050632911386,0.15189873417721517,0.0759493670886077,0.26582278481012667,none,0.30379746835443033,20.78448875223675,0
Supplementary_Figures_S6-S7__S6_V1__Snap-186-Bild-Export-08,BRAFi,V1,42,12,16,14,4,304.83350272017174,152,0.3957845433255269,0.5131578947368421,79.17362481516726,254.0,0.28289473684210525,10,0.13157894736842102,3.1868686868686864,0.6109129268091693,68.63704171702598,77.4535055793296,83.83984375,0.5437939110070258,0.7039473684210527,70.40537633732353,244.25133721683721,0.5921052631578947,6,0.052631578947368474,4.006944444444445,0.5188868783055469,62.44899919860623,73.24890026264814,59.03515625,0.23653395784543327,0.29605263157894735,67.40790378371864,222.11868268932812,0.19078947368421054,8,0.5657894736842105,3.808080808080808,0.5816901135395052,68.929964907314,63.18206266948538,96.73828125000001,0.4605263157894737,0.6086956521739131,0.7720261706710857,0.2565789473684211,0.4642857142857143,0.6246548601359747,0.28289473684210525,0.3944954128440367,0.6683563473503777,0.05263157894736842,0.21710526315789475,0.013157894736842105,0.23026315789473664,0.013157894736842105,0.2171052631578952,0.02631578947368421,0.05263157894736824,0.0,0.20394736842105254,0.2565789473684211,AJ+TJ+actin,0.2565789473684211,40.21550167812292,2
Supplementary_Figures_S6-S7__S6_V1__Snap-186-Bild-Export-08,BRAFi,V1,43,16,10,4,19,180.18011222149897,90,0.30952380952380953,0.4111111111111111,67.69551839309986,251.4940394137592,0.26666666666666666,8,0.21111111111111114,2.7464788732394365,0.5828470782579198,61.99628710894096,61.45199033517771,83.83984375,0.34365079365079365,0.5,52.40286952058837,213.67141308466637,0.3,9,0.16666666666666663,2.8866666666666667,0.5517939192214049,53.20224527058278,48.355578557438356,59.03515625,0.2007936507936508,0.2777777777777778,69.9037513104065,254.0,0.2111111111111111,8,0.5222222222222221,2.941860465116279,0.6244308755620844,74.48189904508413,62.51724827990048,96.73828125000001,0.3333333333333333,0.5769230769230769,0.6969325481959836,0.17777777777777778,0.34782608695652173,0.4833345385758532,0.25555555555555554,0.48936170212765956,0.4771860325869641,0.06666666666666667,0.07777777777777778,0.011111111111111112,0.411111111111111,0.011111111111111065,0.07777777777777774,0.08888888888888911,0.0666666666666666,0.011111111111111065,0.1666666666666667,0.16666666666666669,none,0.411111111111111,23.77046335375976,2
Supplementary_Figures_S6-S7__S6_V1__Snap-186-Bild-Export-08,BRAFi,V1,44,14,12,17,14,283.89320179056335,142,0.17152917505030182,0.20422535211267606,52.26185959914651,246.05307604884732,0.1619718309859155,18,0.46478873239436624,2.2434210526315788,0.8128776237647841,48.39337718647616,46.333151536848725,83.83984375,0.32796780684104626,0.38028169014084506,52.50492900224285,254.0,0.29577464788732394,18,0.2816901408450704,3.196078431372549,0.6847777351094017,60.30232268956865,40.45330860012351,59.03515625,0.22937625754527163,0.2887323943661972,72.77440699026974,250.3711393019988,0.14788732394366197,10,0.4436619718309859,2.8860759493670884,0.6962365303889739,80.97491899042943,59.25164357184787,96.73828125000001,0.15492957746478872,0.36065573770491804,0.6376999351249135,0.1619718309859155,0.48936170212765956,0.6657129745429855,0.20422535211267606,0.4393939393939394,0.5606468772139055,0.035211267605633804,0.16901408450704225,0.07042253521126761,0.5,0.07042253521126755,0.16901408450704214,0.05633802816901418,0.03521126760563385,0.014084507042253561,0.007042253521126781,0.147887323943662,none,0.5,37.45292899611654,2
Supplementary_Figures_S6-S7__S6_V1__Snap-186-Bild-Export-08,BRAFi,V1,45,16,15,4,12,221.99665004075,111,0.14864864864864866,0.1981981981981982,42.99868998369647,233.13794522526098,0.18018018018018017,7,0.5225225225225225,2.1792452830188678,0.6177293504607979,40.5902638124011,36.51030062615505,83.83984375,0.1718146718146718,0.24324324324324326,36.84821052170551,183.37581238439455,0.18018018018018017,12,0.43243243243243246,2.119047619047619,0.5985717124434698,38.244725315342734,32.16063963049209,59.03515625,0.23745173745173745,0.3153153153153153,73.74758318502867,250.6890920186866,0.12612612612612611,11,0.4864864864864865,3.236842105263158,0.6035638607059323,73.85813387446055,68.50842266077177,96.73828125000001,0.07207207207207207,0.1951219512195122,0.44706302116938934,0.10810810810810811,0.26666666666666666,0.1901493424908229,0.11711711711711711,0.2653061224489796,0.3453895934091848,0.05405405405405406,0.09009009009009009,0.12612612612612611,0.5045045045045047,0.12612612612612611,0.09009009009009007,0.08108108108108095,0.05405405405405412,0.07207207207207214,0.03603603603603597,0.03603603603603597,none,0.5045045045045047,29.287156997460425,0
Supplementary_Figures_S6-S7__S6_V1__Snap-186-Bild-Export-08,BRAFi,V1,46,15,17,12,11,261.46204329154585,131,0.09359605911330049,0.12213740458015267,37.204728088603076,196.38877371833507,0.0916030534351145,10,0.7022900763358779,2.1923076923076925,0.6463509651297357,34.72175560239253,33.817050595371576,83.83984375,0.031746031746031744,0.04580152671755725,18.79698281635838,109.38448749654681,0.030534351145038167,12,0.8244274809160306,1.2608695652173914,0.9418276057757009,14.922143954708176,21.415959407436198,59.03515625,0.24575807334428024,0.366412213740458,67.08458649971023,231.7259604427311,0.183206106870229,5,0.4274809160305344,3.013333333333333,0.5412265954130732,62.26417860977893,67.62840483079738,96.73828125000001,0.03816793893129771,0.29411764705882354,0.772069056716364,0.09923664122137404,0.2549019607843137,0.6235412102924629,0.04580152671755725,0.125,0.6903093637454557,0.022900763358778626,0.0,0.2595419847328244,0.6106870229007633,0.25954198473282447,0.0,0.007633587786259541,0.022900763358778622,0.06106870229007622,0.0,0.038167938931297815,none,0.6106870229007633,34.493673257459875,1
Supplementary_Figures_S6-S7__S6_V1__Snap-186-Bild-Export-08,BRAFi,V1,48,16,17,4,11,173.89622123594572,87,0.5229885057471264,0.6896551724137931,95.04802973488779,254.0,0.4827586206896552,4,0.1839080459770115,4.485915492957746,0.4038169753888732,90.99721055545994,87.81591658930436,83.83984375,0.5435139573070608,0.7586206896551724,65.45482462273672,181.0303950031026,0.8735632183908046,3,0.04597701149425293,3.9879518072289155,0.4325625698875032,60.03406208966743,66.42092957833898,59.03515625,0.3078817733990148,0.42528735632183906,81.56205162993935,206.285955819768,0.1839080459770115,9,0.367816091954023,3.409090909090909,0.578672811027287,73.55604606657685,85.82245548969787,96.73828125000001,0.6091954022988506,0.726027397260274,0.6818499916123211,0.3103448275862069,0.38571428571428573,0.13567736583784062,0.3448275862068966,0.410958904109589,0.3473261586105244,0.08045977011494253,0.11494252873563218,0.08045977011494253,0.08045977011494253,0.08045977011494251,0.11494252873563227,0.034482758620689696,0.0804597701149422,0.0,0.29885057471264387,0.3103448275862069,AJ+TJ+actin,0.3103448275862069,22.941453988911043,2
Supplementary_Figures_S6-S7__S6_V1__Snap-186-Bild-Export-08,BRAFi,V1,49,14,16,17,4,119.03610607277882,60,0.056422569027611044,0.03333333333333333,37.874076727266456,189.063657530595,0.06666666666666667,8,0.75,1.5666666666666667,0.8392801243964264,35.19412389749353,34.54544782156969,83.83984375,0.4597839135654262,0.6166666666666667,62.74077353393134,238.3003859273586,0.65,2,0.01666666666666672,3.26271186440678,0.5981023569713976,66.94667310209398,57.01928815970041,59.03515625,0.15486194477791115,0.15,61.29051953134826,236.95053205205357,0.25,6,0.5666666666666667,2.480769230769231,0.9897315472110298,66.48394492585767,53.73329520482755,96.73828125000001,0.03333333333333333,0.05405405405405406,0.29688636544302754,0.03333333333333333,0.2222222222222222,0.5337348209304947,0.11666666666666667,0.1794871794871795,0.34431501433626865,0.0,0.5,0.03333333333333333,0.34999999999999987,0.0333333333333333,0.5000000000000001,0.08333333333333336,0.0,0.0,0.0,0.0333333333333333,TJ only,0.5000000000000001,15.703971777411454,2
Supplementary_Figures_S6-S7__S6_V10__Snap-191-Bild-Export-13,BRAFi,V10,5,1,0,15,16,640.2867187409515,320,0.3265625,0.434375,75.75328289192167,254.0,0.203125,20,0.36250000000000004,3.5857843137254903,0.5673302917681188,72.18184476136393,69.01270933782381,89.79296875,0.5828125,0.771875,67.52316809087696,246.1147104187769,0.2875,8,0.025000000000000022,4.184294871794871,0.46322563024852037,65.36503667692094,65.46488304544022,57.03136743041106,0.10602678571428571,0.134375,44.01466006278258,254.0,0.053125,22,0.690625,2.398989898989899,0.7621866778263418,43.70341471831104,41.149051948989246,78.87890625000001,0.428125,0.5502008032128514,0.711134183542506,0.1125,0.2465753424657534,0.6739324755453691,0.134375,0.17408906882591094,0.7365297908260275,0.00625,0.321875,0.0,0.22187499999999954,0.0,0.32187500000000036,0.021875000000000068,0.006250000000000022,0.0,0.31562500000000004,0.11249999999999998,TJ only,0.32187500000000036,84.47054336951867,2
Supplementary_Figures_S6-S7__S6_V10__Snap-191-Bild-Export-13,BRAFi,V10,6,2,1,19,15,252.5230205451761,126,0.2924901185770751,0.4603174603174603,72.15224638054619,231.4514030726573,0.16666666666666666,12,0.2142857142857143,2.5976430976430978,0.5370402618608635,64.81240723510084,66.06338787930328,89.79296875,0.6041784302653868,0.9206349206349206,67.19385340567354,236.45995373128545,1.0,1,0.0,4.2288359788359795,0.32312511018776496,60.17620578870465,67.12457957155463,57.03136743041106,0.11575381140598531,0.12698412698412698,48.288298706169414,166.0784889751303,0.10317460317460317,16,0.5396825396825398,1.7672413793103448,0.8243902439024391,41.26925519521003,49.80168333019481,78.87890625000001,0.4603174603174603,0.5,0.49260179449268726,0.1111111111111111,0.23333333333333334,0.3797129494211401,0.12698412698412698,0.13793103448275862,0.732859760644241,0.0,0.4444444444444444,0.0,0.07936507936507936,0.0,0.4444444444444444,0.015873015873015872,0.0,0.0,0.3492063492063492,0.1111111111111111,TJ only,0.4444444444444444,33.31438265767495,2
Supplementary_Figures_S6-S7__S6_V10__Snap-191-Bild-Export-13,BRAFi,V10,7,3,2,13,19,193.14383224405628,97,0.4929681717246484,0.6185567010309279,95.6046366654321,250.62085278803514,0.6494845360824743,5,0.09278350515463918,3.8068181818181817,0.5640369401552144,81.7247673853489,94.93871090612258,89.79296875,0.6143597335307179,0.845360824742268,68.08267537362806,222.18001645099804,1.0,1,0.0,4.304123711340206,0.40364434007167665,60.11079490233201,70.5337167082312,57.03136743041106,0.6395262768319763,0.8762886597938144,95.76748342769051,208.50103381550355,0.5154639175257731,3,0.030927835051546393,4.617021276595745,0.33150909147322943,92.09224468078796,91.31824959657334,78.87890625000001,0.5876288659793815,0.6705882352941176,0.8220611546141637,0.5360824742268041,0.5591397849462365,0.5185121893413488,0.7319587628865979,0.7395833333333334,0.44353896499385753,0.0,0.030927835051546393,0.1134020618556701,0.010309278350515464,0.11340206185567012,0.030927835051546358,0.22680412371134012,0.0,0.03092783505154647,0.08247422680412385,0.5051546391752576,AJ+TJ+actin,0.5051546391752576,25.480716654888692,3
Supplementary_Figures_S6-S7__S6_V10__Snap-191-Bild-Export-13,BRAFi,V10,8,4,3,18,13,339.8773399419289,170,0.42058823529411765,0.6176470588235294,86.59936862074443,254.0,0.5294117647058824,7,0.07647058823529407,3.1878980891719744,0.5382251737315764,79.12450040018588,79.14932884977745,89.79296875,0.6932773109243697,0.9058823529411765,81.45860031950579,249.3245891598366,0.6058823529411764,2,0.00588235294117645,4.881656804733728,0.3467143429813907,81.24116516262174,72.54119829448487,57.03136743041106,0.43403361344537816,0.6176470588235294,83.61807628635167,253.8157995496224,0.5058823529411764,10,0.22941176470588232,3.9427480916030535,0.45941898756188176,77.25055998787968,82.90191060825587,78.87890625000001,0.611764705882353,0.6709677419354839,0.7768688199293238,0.4294117647058823,0.5328467153284672,0.27522338458534973,0.5823529411764706,0.61875,0.4576323245531545,0.0,0.13529411764705881,0.029411764705882353,0.05882352941176464,0.029411764705882363,0.13529411764705865,0.15882352941176475,0.0,0.005882352941176459,0.18823529411764703,0.4235294117647061,AJ+TJ+actin,0.4235294117647061,44.83869920078217,3
Supplementary_Figures_S6-S7__S6_V10__Snap-191-Bild-Export-13,BRAFi,V10,9,0,5,16,12,432.4840051117607,216,0.20304232804232805,0.28703703703703703,55.577758153394534,249.76405797629468,0.14351851851851852,17,0.4444444444444444,2.558333333333333,0.6308715540903715,51.53134928051657,47.92651108572803,89.79296875,0.08300264550264551,0.06481481481481481,28.8268860756807,120.03789132381519,0.06944444444444445,34,0.6064814814814814,1.4764705882352942,0.7120671111633113,26.672020175831374,27.54414399683661,57.03136743041106,0.07705026455026455,0.08796296296296297,37.845579811302706,161.63050835425605,0.09722222222222222,14,0.6990740740740741,1.7923076923076924,0.7812573564280003,35.4894497624496,35.469910542936674,78.87890625000001,0.05555555555555555,0.1875,0.668229758814959,0.05555555555555555,0.17391304347826086,0.5751951261029624,0.018518518518518517,0.13793103448275862,0.4780682100542878,0.19444444444444445,0.009259259259259259,0.032407407407407406,0.6712962962962962,0.0324074074074075,0.009259259259259264,0.0,0.1944444444444444,0.037037037037036986,0.03703703703703716,0.018518518518518528,none,0.6712962962962962,57.055937349836505,1
Supplementary_Figures_S6-S7__S6_V10__Snap-191-Bild-Export-13,BRAFi,V10,11,3,6,13,8,175.90236015297887,88,0.25162337662337664,0.3409090909090909,69.70068398632307,252.16754201953938,0.17045454545454544,11,0.3522727272727273,2.719298245614035,0.6634190756431105,64.06727673392398,65.1302424247085,89.79296875,0.5040584415584416,0.7045454545454546,66.10514662696737,253.91356629887358,0.5795454545454546,5,0.125,4.032467532467533,0.45758764197930885,61.816080490653434,63.63563005423262,57.03136743041106,0.23133116883116883,0.3522727272727273,56.18098236052955,202.09157896575087,0.2727272727272727,6,0.5113636363636364,3.313953488372093,0.5503070018135316,59.12882785870143,49.182225441703515,78.87890625000001,0.3409090909090909,0.4838709677419355,0.85737110436892,0.2159090909090909,0.4523809523809524,0.6354527965954542,0.32954545454545453,0.453125,0.7704017076446885,0.0,0.25,0.022727272727272728,0.2727272727272729,0.02272727272727275,0.24999999999999992,0.11363636363636355,0.0,0.0,0.125,0.21590909090909097,none,0.2727272727272729,23.206116115168715,2
Supplementary_Figures_S6-S7__S6_V10__Snap-191-Bild-Export-13,BRAFi,V10,12,6,2,8,19,52.63661352964887,26,0.31266846361185985,0.5,77.10553151478811,198.2083857211378,1.0,1,0.0,2.224358974358974,0.5450648879230875,71.02885536503685,74.23805182756414,89.79296875,0.7439353099730458,1.0,75.2060833634863,144.67732129034124,1.0,1,0.0,5.230769230769231,0.19160020912934383,66.6942096855552,79.64547484887365,57.03136743041106,0.5849056603773585,0.8461538461538461,84.35118505144888,159.75954820494022,1.0,1,0.0,4.134615384615385,0.33127904936044406,76.15498530483056,89.19123983302212,78.87890625000001,0.5,0.5,0.545477835067013,0.38461538461538464,0.4,0.36339477824480443,0.8461538461538461,0.8461538461538461,0.18567869699308018,0.0,0.038461538461538464,0.0,0.0,0.0,0.03846153846153845,0.4615384615384616,0.0,0.0,0.11538461538461542,0.3846153846153845,TJ+actin,0.4615384615384616,6.944144265125181,3
Supplementary_Figures_S6-S7__S6_V10__Snap-191-Bild-Export-13,BRAFi,V10,13,6,1,8,15,35.24315930300307,18,0.726530612244898,0.9444444444444444,116.18357928509255,248.4384925315181,1.0,1,0.0,5.083333333333333,0.29915225558843705,109.89921318434509,111.6274366476619,89.79296875,0.9551020408163265,1.0,108.114141239982,185.8099718242359,1.0,1,0.0,6.694444444444445,0.08674085045795382,105.93314856269386,108.80505280571126,57.03136743041106,0.6775510204081633,0.8333333333333334,102.13397753789152,225.85366454038862,0.6666666666666666,2,0.05555555555555558,5.029411764705882,0.39098279884086035,102.23433322470353,96.44444873294884,78.87890625000001,0.9444444444444444,0.9444444444444444,0.8699884026130464,0.8333333333333334,0.8823529411764706,0.8200025892317054,0.8333333333333334,0.8333333333333334,0.8535268615543113,0.0,0.05555555555555555,0.0,0.0,0.0,0.055555555555555525,0.0,0.0,0.0,0.1111111111111111,0.8333333333333331,AJ+TJ+actin,0.8333333333333331,4.649493311741829,3
Supplementary_Figures_S6-S7__S6_V10__Snap-191-Bild-Export-13,BRAFi,V10,14,7,0,10,16,396.7942366620688,198,0.23497661029147177,0.3434343434343434,63.27634976081105,243.94414231352854,0.11616161616161616,23,0.2727272727272727,2.265046296296296,0.6133313992849864,54.42977541844718,57.95278468048682,89.79296875,0.6236056135300467,0.8535353535353535,72.24768181013819,216.73212965070033,0.7575757575757576,3,0.015151515151515138,4.432478632478632,0.37163860882623756,64.20162840451985,71.31051213501453,57.03136743041106,0.3231378193594818,0.4292929292929293,70.66890707558196,254.0,0.35858585858585856,15,0.4191919191919192,3.9043478260869566,0.5329598578582102,62.67547753677633,71.84845783972868,78.87890625000001,0.32323232323232326,0.3699421965317919,0.6744819497364369,0.2222222222222222,0.4036697247706422,0.43775109440337123,0.41414141414141414,0.47674418604651164,0.55033460420037,0.010101010101010102,0.3282828282828283,0.005050505050505051,0.12121212121212117,0.0050505050505050214,0.3282828282828284,0.20202020202020202,0.010101010101010114,0.010101010101010187,0.11111111111111094,0.21212121212121213,TJ only,0.3282828282828284,52.347524625602745,2
Supplementary_Figures_S6-S7__S6_V10__Snap-191-Bild-Export-13,BRAFi,V10,15,6,0,8,16,193.77526678974448,97,0.23932253313696614,0.32989690721649484,63.50084697770883,253.2770908406858,0.30927835051546393,10,0.35051546391752575,2.5793650793650795,0.6304614633780035,60.432170366717294,54.687526756933124,89.79296875,0.6450662739322534,0.865979381443299,75.09350785788742,251.79486734437074,1.0,1,0.0,4.515463917525773,0.4264794960307014,69.33149490202872,73.95302580504001,57.03136743041106,0.32547864506627394,0.422680412371134,70.38246221159672,254.00000000000003,0.36082474226804123,7,0.45360824742268047,4.169811320754717,0.5187363945415525,78.07563875753159,56.70553291898763,78.87890625000001,0.32989690721649484,0.38095238095238093,0.783187434916999,0.28865979381443296,0.6222222222222222,0.6488043682440442,0.422680412371134,0.4880952380952381,0.7974564046371774,0.0,0.4020618556701031,0.0,0.13402061855670092,0.0,0.4020618556701033,0.1340206185567011,0.0,0.0,0.04123711340206169,0.288659793814433,TJ only,0.4020618556701033,25.564019365401645,2
Supplementary_Figures_S6-S7__S6_V10__Snap-191-Bild-Export-13,BRAFi,V10,16,4,6,18,8,183.52440597834462,92,0.1281055900621118,0.16304347826086957,55.62893705203013,246.9090523028887,0.05434782608695652,14,0.6195652173913043,2.357142857142857,0.8688043143534211,48.83415128191391,53.923481891362854,89.79296875,0.4782608695652174,0.6195652173913043,60.84461231737842,242.51486231317682,0.5760869565217391,7,0.09782608695652173,3.710843373493976,0.5569719790629435,57.31975786991774,60.27642708854822,57.03136743041106,0.10869565217391304,0.16304347826086957,41.24861927926336,183.9282731842342,0.11956521739130435,6,0.75,3.0434782608695654,0.5911766199016733,40.21915997305537,39.851680544707726,78.87890625000001,0.16304347826086957,0.2631578947368421,0.7676310542419443,0.10869565217391304,0.5,0.7890207768287322,0.16304347826086957,0.2631578947368421,0.7423218509443225,0.0,0.40217391304347827,0.0,0.3804347826086955,0.0,0.4021739130434784,0.05434782608695646,0.0,0.0,0.05434782608695649,0.10869565217391317,TJ only,0.4021739130434784,24.211663057829107,2
Supplementary_Figures_S6-S7__S6_V10__Snap-191-Bild-Export-13,BRAFi,V10,17,6,7,8,10,97.02520135205458,49,0.44035346097201766,0.6122448979591837,86.87016821997214,247.79889618607854,0.5918367346938775,2,0.020408163265306145,3.1354166666666665,0.5195380236903413,82.66944749952134,75.96244017433253,89.79296875,0.6568483063328424,0.8367346938775511,77.82726690068499,188.48010047568062,1.0,1,0.0,4.571428571428571,0.3896863722918727,70.97928692460655,76.04662848325187,57.03136743041106,0.1487481590574374,0.22448979591836735,47.604434895148394,136.40550292011005,0.12244897959183673,6,0.5918367346938775,2.525,0.664104805454812,49.58324194673272,41.42550839999873,78.87890625000001,0.5918367346938775,0.6904761904761905,0.5482761573700462,0.20408163265306123,0.3225806451612903,0.7191339737883533,0.22448979591836735,0.2682926829268293,0.8425787554342002,0.02040816326530612,0.22448979591836735,0.0,0.14285714285714288,0.0,0.22448979591836746,0.02040816326530616,0.020408163265306086,0.0,0.38775510204081626,0.20408163265306115,AJ+TJ,0.38775510204081626,12.800158489716964,2
Supplementary_Figures_S6-S7__S6_V10__Snap-191-Bild-Export-13,BRAFi,V10,18,7,8,10,14,263.5199804293709,132,0.08603896103896104,0.09848484848484848,39.83537411718089,250.7444464882368,0.06818181818181818,13,0.7121212121212122,2.0921052631578947,0.9237578615014074,35.35682126168249,37.626741703378784,89.79296875,0.3014069264069264,0.38636363636363635,48.531739761412595,237.79887320282614,0.20454545454545456,10,0.31818181818181823,3.0944444444444446,0.6534145779201377,44.48931196285676,48.60860979973077,57.03136743041106,0.20941558441558442,0.24242424242424243,51.87584107854587,254.00000000000003,0.13636363636363635,7,0.5378787878787878,3.1721311475409837,0.6855097975018338,45.69214700831039,54.656398372901606,78.87890625000001,0.08333333333333333,0.20754716981132076,0.6553480553552417,0.08333333333333333,0.3235294117647059,0.8086086182735003,0.18181818181818182,0.4067796610169492,0.6916329279433386,0.0,0.1893939393939394,0.045454545454545456,0.5530303030303029,0.04545454545454551,0.1893939393939395,0.11363636363636359,0.0,0.015151515151515155,0.015151515151515155,0.06818181818181819,none,0.5530303030303029,34.76516892208059,2
Supplementary_Figures_S6-S7__S6_V10__Snap-191-Bild-Export-13,BRAFi,V10,19,8,0,14,16,77.9679749222269,39,0.26373626373626374,0.358974358974359,61.30538673532301,252.8844806088811,0.3333333333333333,4,0.4871794871794872,3.6,0.6434019345500261,63.29466764577727,48.92247589608567,89.79296875,0.38461538461538464,0.38461538461538464,55.32492231333707,250.0237525318183,0.46153846153846156,3,0.3589743589743589,4.2,0.573409265656776,46.983369407621566,60.40399977820753,57.03136743041106,0.42857142857142855,0.4358974358974359,99.5238651502057,254.0,0.358974358974359,3,0.3589743589743589,4.68,0.5345127218377631,101.6565619728138,92.59907900313416,78.87890625000001,0.28205128205128205,0.6111111111111112,0.8832915891347639,0.28205128205128205,0.55,0.7872409798088105,0.3333333333333333,0.6842105263157895,0.8009487845729979,0.07692307692307693,0.05128205128205128,0.10256410256410256,0.4358974358974358,0.10256410256410263,0.051282051282051266,0.051282051282051294,0.07692307692307697,0.0,0.0,0.282051282051282,none,0.4358974358974358,10.286012522721228,0
Supplementary_Figures_S6-S7__S6_V10__Snap-191-Bild-Export-13,BRAFi,V10,20,8,5,14,12,234.3735227078903,117,0.12759462759462759,0.1452991452991453,47.34313865483,229.61889323688348,0.1623931623931624,12,0.5555555555555556,2.0096153846153846,0.7112790625414693,43.3826667239579,43.83633969791457,89.79296875,0.12087912087912088,0.13675213675213677,30.65573245085002,226.833007213714,0.1794871794871795,12,0.641025641025641,2.357142857142857,0.8688043143534213,29.60596896698725,28.98819337909419,57.03136743041106,0.19658119658119658,0.21367521367521367,48.47947490035533,155.35384583036495,0.23076923076923078,7,0.6324786324786325,3.744186046511628,0.620620919095493,51.30653825724679,43.814255579656596,78.87890625000001,0.05982905982905983,0.2692307692307692,0.7043034219089617,0.06837606837606838,0.23529411764705882,0.4693119176246739,0.11965811965811966,0.5185185185185185,0.7011312424626747,0.06837606837606838,0.008547008547008548,0.07692307692307693,0.7008547008547009,0.07692307692307712,0.008547008547008475,0.06837606837606829,0.06837606837606829,0.01709401709401702,0.008547008547008596,0.05128205128205133,none,0.7008547008547009,30.919989803151754,1
Supplementary_Figures_S6-S7__S6_V10__Snap-191-Bild-Export-13,BRAFi,V10,21,6,8,8,14,211.64274300835535,106,0.1752021563342318,0.24528301886792453,47.40289765381682,252.64281944694727,0.27358490566037735,3,0.6886792452830188,3.9393939393939394,0.46844195992938675,44.98720873249008,42.81753147726111,89.79296875,0.32681940700808626,0.4339622641509434,45.27954087599249,184.6718143428104,0.29245283018867924,10,0.34905660377358494,3.5144927536231885,0.5883193628071763,45.586451596099586,41.37196770205586,57.03136743041106,0.10579514824797843,0.16037735849056603,38.58957070873929,215.43189684314223,0.18867924528301888,4,0.6981132075471699,2.453125,0.6512719387010915,37.248248825350565,35.67279881754214,78.87890625000001,0.2358490566037736,0.5319148936170213,0.7931594932290021,0.1320754716981132,0.4827586206896552,0.7449964050702425,0.16037735849056603,0.3695652173913043,0.832736656421099,0.009433962264150943,0.16981132075471697,0.0,0.5566037735849056,0.0,0.16981132075471683,0.028301886792452994,0.009433962264150863,0.0,0.10377358490566034,0.13207547169811318,none,0.5566037735849056,27.921206201629992,1
Supplementary_Figures_S6-S7__S6_V10__Snap-191-Bild-Export-13,BRAFi,V10,22,9,6,6,8,333.60919573372814,167,0.42087254063301965,0.5748502994011976,86.91463628940605,254.0,0.281437125748503,11,0.22754491017964074,3.813953488372093,0.5136267738540798,81.16619924739827,79.5798455819835,89.79296875,0.4816082121471343,0.6467065868263473,58.419076997995305,190.48975390699127,0.25748502994011974,8,0.17365269461077848,4.079710144927536,0.45289589947237463,58.42268352463083,53.82689268202179,57.03136743041106,0.08682634730538923,0.12574850299401197,38.345547490485586,162.12393019053349,0.07784431137724551,9,0.7305389221556886,2.2555555555555555,0.6717593668465335,37.25545082834439,36.83847229831825,78.87890625000001,0.49700598802395207,0.6859504132231405,0.8621433222805026,0.12574850299401197,0.21875,0.7650867006967628,0.12574850299401197,0.19444444444444445,0.7694068294526077,0.07784431137724551,0.1497005988023952,0.0,0.2754491017964072,0.0,0.14970059880239517,0.0,0.07784431137724544,0.0,0.37125748502994016,0.12574850299401202,AJ+TJ,0.37125748502994016,44.01176724719369,2
Supplementary_Figures_S6-S7__S6_V10__Snap-191-Bild-Export-13,BRAFi,V10,23,4,9,18,6,226.81246121213965,113,0.4197608558842039,0.6106194690265486,85.77323686348662,251.37959585127163,0.3008849557522124,6,0.10619469026548678,3.277227722772277,0.5608686267960868,81.82022999766623,76.27801632505393,89.79296875,0.7558212712397735,0.9646017699115044,82.66229492240231,219.00289470610582,1.0,1,0.0,5.290560471976401,0.24722857146286695,85.02387339401331,74.3256220317459,57.03136743041106,0.05034612964128383,0.05309734513274336,38.30647020212675,180.26972156087947,0.07079646017699115,6,0.8495575221238938,2.323529411764706,0.828316361973817,34.91812630682626,38.51553856954246,78.87890625000001,0.6106194690265486,0.6330275229357798,0.705838766400056,0.05309734513274336,0.08695652173913043,0.6042483137377398,0.05309734513274336,0.05504587155963303,0.6562456772012835,0.0,0.35398230088495575,0.0,0.03539823008849555,0.0,0.3539823008849556,0.0,0.0,0.0,0.5575221238938054,0.053097345132743355,AJ+TJ,0.5575221238938054,29.92248828656196,2
Supplementary_Figures_S6-S7__S6_V10__Snap-191-Bild-Export-13,BRAFi,V10,25,8,10,14,1,314.8966862438927,157,0.09659863945578231,0.12738853503184713,41.35532879629118,231.15977781497455,0.08280254777070063,18,0.6624203821656052,1.987421383647799,0.7988767200136969,37.86775527742667,37.22422884602695,89.79296875,0.039909297052154194,0.03821656050955414,18.790685050074774,137.05352765332538,0.050955414012738856,13,0.802547770700637,1.413978494623656,0.8743428476788697,16.631590201093733,19.481269007135165,57.03136743041106,0.12471655328798185,0.17197452229299362,42.42704593737109,228.70245691056772,0.06369426751592357,8,0.7643312101910829,3.7162162162162162,0.6070004833415371,42.277683847281175,40.34726750053736,78.87890625000001,0.006369426751592357,0.04,0.5548770678579993,0.08917197452229299,0.42424242424242425,0.6037395972658096,0.006369426751592357,0.03125,0.5374211683808092,0.03821656050955414,0.03184713375796178,0.08280254777070063,0.7579617834394905,0.08280254777070073,0.03184713375796183,0.0,0.038216560509554076,0.08280254777070058,0.0,0.006369426751592241,none,0.7579617834394905,41.54309844906236,1
Supplementary_Figures_S6-S7__S6_V10__Snap-191-Bild-Export-13,BRAFi,V10,26,10,5,1,12,208.36058521953936,104,0.29052197802197804,0.4230769230769231,66.68380401002005,229.94802619129933,0.33653846153846156,6,0.27884615384615385,2.82,0.6070910938767263,60.85341464423251,61.00630178011995,89.79296875,0.006868131868131868,0.009615384615384616,10.368674604302782,113.69231021217358,0.028846153846153848,2,0.9615384615384616,1.25,0.8246211251235321,7.4050963279704325,11.661181735466169,57.03136743041106,0.17994505494505494,0.25,55.13350456140216,176.51782403618466,0.2403846153846154,10,0.47115384615384615,2.381818181818182,0.6956205038103521,57.33286049859475,48.1052127241537,78.87890625000001,0.009615384615384616,0.022727272727272728,0.606012041390121,0.15384615384615385,0.2962962962962963,0.5390737450785429,0.0,0.0,0.5244407434772259,0.25961538461538464,0.0,0.09615384615384616,0.4807692307692308,0.09615384615384631,0.0,0.0,0.2596153846153846,0.1538461538461538,0.009615384615384586,0.0,none,0.4807692307692308,27.488203854820497,1
Supplementary_Figures_S6-S7__S6_V10__Snap-191-Bild-Export-13,BRAFi,V10,27,6,10,8,1,40.77944396749885,20,0.554006968641115,0.7,111.56957173234753,254.0,0.55,2,0.19999999999999996,4.885416666666666,0.38966723438425677,110.50298119148279,104.56710589836652,89.79296875,0.7282229965156795,1.0,76.42460264442364,167.14062871353406,1.0,1,0.0,5.083333333333334,0.24215728462546438,75.06864735236427,75.26165389501156,57.03136743041106,0.7003484320557491,0.75,112.89324617543282,248.40458950965893,1.0,1,0.0,4.875,0.45043627036692374,95.86685424680608,124.12795497581101,78.87890625000001,0.7,0.7,0.4538152409553831,0.65,0.8125,0.6242579022698189,0.75,0.75,0.34987269666709964,0.0,0.2,0.0,0.0,0.0,0.2,0.1,0.0,0.0,0.05,0.65,AJ+TJ+actin,0.65,5.379873874340218,3
Supplementary_Figures_S6-S7__S6_V10__Snap-191-Bild-Export-13,BRAFi,V10,28,5,11,12,7,410.55219792793486,205,0.2259297879735836,0.3463414634146341,53.00633465331071,252.27955547274752,0.07804878048780488,19,0.35609756097560974,2.4507575757575757,0.5872671409416514,45.63712531469427,45.382642005688425,89.79296875,0.011470281543274244,0.00975609756097561,10.352899156655022,145.2973868640113,0.014634146341463415,6,0.9414634146341463,1.375,0.9166353613487378,8.154308203514141,10.975003833823617,57.03136743041106,0.35140771637122004,0.45365853658536587,73.3095761500967,250.94327234092898,0.1073170731707317,18,0.24390243902439024,3.253763440860215,0.6375277211082534,70.20138548294318,70.64692536122459,78.87890625000001,0.004878048780487805,0.013888888888888888,0.30530480551388445,0.2146341463414634,0.36666666666666664,0.060643135622937654,0.0,0.0,0.003193386626484906,0.12682926829268293,0.004878048780487805,0.23902439024390243,0.4097560975609756,0.23902439024390223,0.004878048780487895,0.0,0.12682926829268296,0.21463414634146358,0.004878048780487757,0.0,none,0.4097560975609756,54.1625590933951,0
Supplementary_Figures_S6-S7__S6_V10__Snap-191-Bild-Export-13,BRAFi,V10,30,12,10,3,1,349.72030569130084,175,0.3195918367346939,0.4228571428571429,71.0855274568113,254.0,0.29714285714285715,13,0.4342857142857143,3.9545454545454546,0.529179668064967,66.16344513602124,66.09376723340092,89.79296875,0.15224489795918367,0.2,32.584790936924136,152.54888127134018,0.12,18,0.5714285714285714,2.486666666666667,0.7601659089310085,30.3126490033905,32.79382072796228,57.03136743041106,0.49142857142857144,0.6514285714285715,86.05795156078656,254.0,0.36,7,0.19999999999999996,4.3,0.45137509133119946,83.73632655334086,81.92172311724968,78.87890625000001,0.14285714285714285,0.2976190476190476,0.6809531510488567,0.3314285714285714,0.4461538461538462,0.45529479495547803,0.19428571428571428,0.2956521739130435,0.7134664597992764,0.08571428571428572,0.0,0.26285714285714284,0.25714285714285723,0.26285714285714307,0.0,0.05714285714285717,0.08571428571428572,0.1942857142857141,0.005714285714285708,0.137142857142857,actin only,0.26285714285714307,46.13724349489457,0
Supplementary_Figures_S6-S7__S6_V10__Snap-191-Bild-Export-13,BRAFi,V10,31,6,12,8,3,325.58168383427994,163,0.686678352322524,0.950920245398773,119.86072612883859,254.0,0.6748466257668712,2,0.006134969325153339,4.83641975308642,0.29862235840897766,111.28802841121112,112.40862084217247,89.79296875,0.3851884312007011,0.5521472392638037,53.06036504612552,205.39645666398403,0.19631901840490798,16,0.15337423312883436,3.1847826086956523,0.5760912872138431,51.923505204671905,49.600922897830486,57.03136743041106,0.1726555652936021,0.22085889570552147,54.102576239844964,245.86628221847656,0.09202453987730061,15,0.5030674846625767,2.432098765432099,0.689645798413539,51.32277738309612,52.127849915433465,78.87890625000001,0.5460122699386503,0.5705128205128205,0.8103025441312017,0.2147239263803681,0.22435897435897437,0.6558076096944374,0.17177914110429449,0.2857142857142857,0.6318582749061313,0.3558282208588957,0.0,0.0,0.04294478527607361,0.0,0.0,0.006134969325153372,0.3558282208588956,0.04907975460122702,0.3803680981595092,0.16564417177914115,AJ+TJ,0.3803680981595092,42.95272873803165,2
Supplementary_Figures_S6-S7__S6_V10__Snap-191-Bild-Export-13,BRAFi,V10,32,13,9,11,6,352.77956770575645,176,0.216916228247673,0.2556818181818182,58.99149700364399,253.18554164668762,0.09090909090909091,22,0.4204545454545454,2.606209150326797,0.7524025583236124,51.097085595724,55.52939698575942,89.79296875,0.4415216511533792,0.6590909090909091,54.63215312193689,172.9008723889283,0.38636363636363635,11,0.10227272727272729,3.445147679324894,0.465084334781019,47.36123343746174,56.22532964531959,57.03136743041106,0.28692836908134356,0.4034090909090909,60.86537571262758,202.19505773999362,0.2215909090909091,12,0.2727272727272727,2.76953125,0.5948885851962463,53.33799468683494,61.438606368411804,78.87890625000001,0.23295454545454544,0.3416666666666667,0.6580320362348534,0.13068181818181818,0.24731182795698925,0.35551029976189996,0.3409090909090909,0.47244094488188976,0.4536977139114287,0.011363636363636364,0.20454545454545456,0.05113636363636364,0.26704545454545453,0.05113636363636365,0.2045454545454546,0.22159090909090912,0.011363636363636367,0.011363636363636367,0.11363636363636367,0.1193181818181817,none,0.26704545454545453,46.54084006672249,2
Supplementary_Figures_S6-S7__S6_V10__Snap-191-Bild-Export-13,BRAFi,V10,34,9,12,6,3,115.0785970288843,58,0.6944099378881987,1.0,137.39105941740593,254.0,1.0,1,0.0,4.862068965517241,0.30660945136478424,120.56066482207655,131.0097578706992,89.79296875,0.5105590062111801,0.7068965517241379,60.7609636057336,181.56752781163345,1.0,1,0.0,3.5775862068965516,0.5411610449097366,55.25049200653368,57.52480037341669,57.03136743041106,0.19130434782608696,0.1724137931034483,54.28473725447284,145.7108637119944,0.22413793103448276,7,0.3448275862068966,2.0526315789473686,0.7493148305744849,47.33409441938627,52.985830298461586,78.87890625000001,0.7068965517241379,0.7068965517241379,0.7403594532983189,0.1724137931034483,0.1724137931034483,0.6862528738748588,0.15517241379310345,0.21428571428571427,0.7389150571501906,0.27586206896551724,0.0,0.0,0.0,0.0,0.0,0.0,0.2758620689655171,0.01724137931034483,0.5517241379310346,0.15517241379310348,AJ+TJ,0.5517241379310346,15.181872958955713,2
Supplementary_Figures_S6-S7__S6_V10__Snap-191-Bild-Export-13,BRAFi,V10,35,13,12,11,3,462.55923677397345,231,0.4588090095649491,0.6320346320346321,94.59052785895919,254.0,0.49783549783549785,12,0.24675324675324672,4.272988505747127,0.4441731187259777,90.27897844332827,85.15577540553743,89.79296875,0.24868867633446468,0.33766233766233766,38.498594715631874,203.91319259637496,0.1645021645021645,17,0.4372294372294372,3.098717948717949,0.6262740573047056,36.90972509819886,37.04246901140801,57.03136743041106,0.3582227707497686,0.49783549783549785,70.40961004472987,254.0,0.19480519480519481,17,0.3073593073593074,3.60625,0.5368450332650533,69.79934423684952,65.95594009122388,78.87890625000001,0.3203463203463203,0.49333333333333335,0.8530628339326501,0.41125541125541126,0.572289156626506,0.5187164080336893,0.26406926406926406,0.4621212121212121,0.6401079143051681,0.15151515151515152,0.004329004329004329,0.0735930735930736,0.27705627705627706,0.07359307359307357,0.004329004329004327,0.012987012987012983,0.15151515151515152,0.1601731601731601,0.06926406926406926,0.25108225108225113,none,0.27705627705627706,61.023646012397556,0
Supplementary_Figures_S6-S7__S6_V10__Snap-191-Bild-Export-13,BRAFi,V10,36,10,11,1,7,50.09437209709884,25,0.48857142857142855,0.64,84.29848933635269,252.49351137477936,0.56,2,0.31999999999999995,5.029411764705882,0.32253993527807434,74.3300309980387,82.68678173543177,89.79296875,0.02857142857142857,0.0,15.009375495976725,76.34182432819385,0.16,2,0.8,1.0,0.4472135954999579,10.807779114027245,18.357309449155185,57.03136743041106,0.36,0.52,75.73333618135561,209.41205787619143,0.4,3,0.31999999999999995,3.7058823529411766,0.5358171564958174,72.26066627227047,74.54991098562196,78.87890625000001,0.0,0.0,0.7851722885359768,0.44,0.6111111111111112,0.6095349184957484,0.0,0.0,0.7505324191694125,0.2,0.0,0.08,0.2799999999999999,0.0800000000000001,0.0,0.0,0.19999999999999998,0.44,0.0,0.0,AJ+actin,0.44,6.608756213337578,0
Supplementary_Figures_S6-S7__S6_V10__Snap-191-Bild-Export-13,BRAFi,V10,37,14,11,2,7,424.1398788398004,212,0.2692048517520216,0.41509433962264153,67.42753976988918,253.12031442695343,0.3160377358490566,20,0.2924528301886793,2.6633333333333336,0.5786357556261169,58.300406174078745,63.754440324521724,89.79296875,0.014824797843665768,0.009433962264150943,15.404687381976357,90.91700255544231,0.018867924528301886,14,0.8915094339622641,0.9565217391304348,0.6523954588366965,11.945527258178966,17.452697828017627,57.03136743041106,0.3119946091644205,0.4481132075471698,68.8663747068933,233.65914723199697,0.19811320754716982,16,0.28301886792452835,3.0460526315789473,0.5856239163026646,61.95188488614609,70.01391569158297,78.87890625000001,0.009433962264150943,0.022727272727272728,0.7627933418615107,0.30660377358490565,0.5508474576271186,0.562716987291373,0.009433962264150943,0.021052631578947368,0.4102230808253693,0.10849056603773585,0.0,0.14150943396226415,0.4433962264150943,0.1415094339622639,0.0,0.0,0.10849056603773599,0.2971698113207549,0.0,0.009433962264150981,none,0.4433962264150943,55.95512913453831,0
Supplementary_Figures_S6-S7__S6_V10__Snap-191-Bild-Export-13,BRAFi,V10,38,10,14,1,2,274.64670599230675,137,0.3018181818181818,0.43795620437956206,71.59219665425678,248.50224823459433,0.34306569343065696,11,0.2846715328467153,2.9642857142857144,0.6010828763019962,66.18365329108643,64.03662385610595,89.79296875,0.016103896103896103,0.014598540145985401,16.236275955269203,99.43049500947934,0.029197080291970802,9,0.8905109489051095,1.0333333333333334,0.9089679228132497,15.89018592741183,14.508524507622859,57.03136743041106,0.3132467532467533,0.40875912408759124,67.85145729189395,204.05127098887593,0.25547445255474455,11,0.36496350364963503,3.4655172413793105,0.6609117713649887,68.11868968313976,63.27225269206743,78.87890625000001,0.014598540145985401,0.03333333333333333,0.6476471704168705,0.32116788321167883,0.6111111111111112,0.5702845850352473,0.014598540145985401,0.03571428571428571,0.33463866210715454,0.11678832116788321,0.0,0.08759124087591241,0.4744525547445256,0.08759124087591245,0.0,0.0,0.1167883211678832,0.3065693430656934,0.0,0.01459854014598541,none,0.4744525547445256,36.23307466916975,0
Supplementary_Figures_S6-S7__S6_V10__Snap-191-Bild-Export-13,BRAFi,V10,39,12,14,3,2,269.60497128872754,135,0.3523809523809524,0.5037037037037037,76.97340233887866,254.0,0.1925925925925926,13,0.2222222222222222,3.1714285714285713,0.5490939873187579,67.96748708315761,71.63160777463938,89.79296875,0.019576719576719578,0.007407407407407408,18.950047399350495,97.51079481836302,0.022222222222222223,10,0.8740740740740741,1.088235294117647,0.5282383860997856,16.9877462586886,19.298251275812255,57.03136743041106,0.26931216931216934,0.37037037037037035,62.127024911205,200.05487796703932,0.1925925925925926,12,0.28148148148148144,2.6237113402061856,0.6417659006753187,58.7978740327524,61.83985363836691,78.87890625000001,0.007407407407407408,0.014705882352941176,0.5854787815979275,0.26666666666666666,0.43902439024390244,0.6237024955564997,0.007407407407407408,0.02,0.6149676436393137,0.23703703703703705,0.0,0.1037037037037037,0.39259259259259255,0.10370370370370367,0.0,0.0,0.23703703703703713,0.2592592592592593,0.0,0.007407407407407397,none,0.39259259259259255,35.56793816473978,1
Supplementary_Figures_S6-S7__S6_V100__Snap-195-Bild-Export-17,BRAFi,V100,2,1,0,17,7,338.9035161705116,169,0.38263801095659505,0.5562130177514792,48.84774194892615,254.0,0.4319526627218935,12,0.2781065088757396,3.707650273224044,0.5007411221066029,44.98309587587997,42.332964751382974,51.09765625,0.2220817530552044,0.26627218934911245,23.90183107573574,140.50601683564594,0.16568047337278108,20,0.29585798816568043,2.2142857142857144,0.7500994608715105,21.087763123829436,24.32141497710096,35.22265625,0.4117151285292878,0.5739644970414202,70.73150165155221,232.90096591595366,0.25443786982248523,10,0.2544378698224852,3.876984126984127,0.47334670212527497,64.27611874994695,71.3155518201015,74.91015625000001,0.1834319526627219,0.28703703703703703,0.5115517913769263,0.30177514792899407,0.36428571428571427,0.31710423643476443,0.17751479289940827,0.26785714285714285,0.1867380719107423,0.22485207100591717,0.05917159763313609,0.2485207100591716,0.11242603550295842,0.24852071005917142,0.05917159763313609,0.02366863905325449,0.22485207100591723,0.1479289940828401,0.029585798816568216,0.15384615384615408,actin only,0.24852071005917142,44.710226407719205,0
Supplementary_Figures_S6-S7__S6_V100__Snap-195-Bild-Export-17,BRAFi,V100,3,2,0,4,7,306.14136158366983,153,0.018207282913165267,0.026143790849673203,9.13541837500917,129.81272371383986,0.0392156862745098,6,0.9150326797385621,1.5,0.6666666666666666,7.269595358457425,8.561261995874329,51.09765625,0.020074696545284782,0.013071895424836602,6.9304076709819675,61.940612363498225,0.0196078431372549,13,0.869281045751634,1.075,0.7539332594161549,5.662280966267797,7.536427699661935,35.22265625,0.11858076563958916,0.13725490196078433,41.3717910708066,254.0,0.0784313725490196,10,0.7450980392156863,3.2564102564102564,0.732558580104108,40.570267701088085,39.703154506585136,74.91015625000001,0.006535947712418301,0.2,0.6544967771098578,0.0196078431372549,0.13636363636363635,0.53935292774106,0.006535947712418301,0.045454545454545456,0.6864597906197635,0.006535947712418301,0.006535947712418301,0.11764705882352941,0.8496732026143791,0.11764705882352938,0.006535947712418273,0.0,0.0065359477124182965,0.013071895424836598,0.0,0.006535947712418301,none,0.8496732026143791,40.38804242528626,1
Supplementary_Figures_S6-S7__S6_V100__Snap-195-Bild-Export-17,BRAFi,V100,4,1,2,17,4,330.8599074090691,165,0.413034095813552,0.6121212121212121,51.8175399857899,247.93731013669102,0.3090909090909091,10,0.1454545454545455,3.373522458628842,0.5477437613279188,49.301374796354104,43.54177221423311,51.09765625,0.13034095813552007,0.16363636363636364,18.578526134408534,108.01954261784806,0.11515151515151516,28,0.49696969696969695,1.8132530120481927,0.7748773282186446,16.935543971226803,18.525964734912872,35.22265625,0.7246439361242987,0.9272727272727272,110.39528274910454,254.00000000000003,0.9757575757575757,2,0.0060606060606061,5.097560975609756,0.3181818181818182,101.15943571418198,111.83302915050751,74.91015625000001,0.15757575757575756,0.2549019607843137,0.6866579399186752,0.5636363636363636,0.577639751552795,0.22572950720825266,0.16363636363636364,0.17647058823529413,0.46030890920718265,0.048484848484848485,0.0,0.3575757575757576,0.0242424242424242,0.35757575757575744,0.0,0.006060606060606069,0.048484848484848464,0.40606060606060645,0.0,0.1575757575757574,AJ+actin,0.40606060606060645,43.649064301988005,0
Supplementary_Figures_S6-S7__S6_V100__Snap-195-Bild-Export-17,BRAFi,V100,5,3,1,12,17,279.587267838127,140,0.5816326530612245,0.7214285714285714,64.3997909936753,240.10937539254815,0.2571428571428571,7,0.12142857142857144,4.634146341463414,0.4464696854831263,61.13872336592957,59.2814433717301,51.09765625,0.3989795918367347,0.5214285714285715,33.3124003913204,168.84793528821237,0.2571428571428571,10,0.13571428571428568,3.231404958677686,0.6221276905937898,34.16180460195549,30.925590227528478,35.22265625,0.2,0.2357142857142857,47.32014382614016,182.6564349313846,0.15,10,0.6285714285714286,3.769230769230769,0.631087595757805,45.72782491734341,46.50092958410556,74.91015625000001,0.4928571428571429,0.6571428571428571,0.7448810904727563,0.17142857142857143,0.21818181818181817,0.4187015546914709,0.15,0.24705882352941178,0.3233350740266822,0.19285714285714287,0.014285714285714285,0.05,0.2,0.05000000000000004,0.014285714285714249,0.014285714285714414,0.19285714285714287,0.03571428571428568,0.3571428571428572,0.13571428571428557,AJ+TJ,0.3571428571428572,36.88486383088747,2
Supplementary_Figures_S6-S7__S6_V100__Snap-195-Bild-Export-17,BRAFi,V100,6,4,1,8,17,378.85351887273384,189,0.07727101394647569,0.1164021164021164,15.827280813167619,246.83714951131907,0.07407407407407407,7,0.7671957671957672,2.3295454545454546,0.6356267897311395,13.609919408668233,13.806240047377104,51.09765625,0.041085563513004145,0.042328042328042326,9.526467458392121,91.88108917345325,0.0582010582010582,10,0.8095238095238095,1.5138888888888888,0.9983995272562917,8.48918068562921,9.672504158577718,35.22265625,0.19261213720316622,0.2857142857142857,46.72849802760912,228.00796989964996,0.1693121693121693,10,0.5661375661375662,3.1158536585365852,0.4957414938028616,45.464776964747685,44.54668461299297,74.91015625000001,0.026455026455026454,0.2,0.7485519954294475,0.06349206349206349,0.1875,0.4195420134608094,0.037037037037037035,0.12727272727272726,0.4759125114408768,0.05291005291005291,0.005291005291005291,0.21164021164021163,0.6560846560846562,0.21164021164021168,0.005291005291005312,0.010582010582010578,0.0529100529100528,0.03703703703703709,0.0,0.026455026455026422,none,0.6560846560846562,49.98067531302557,1
Supplementary_Figures_S6-S7__S6_V100__Snap-195-Bild-Export-17,BRAFi,V100,8,3,4,12,8,346.2680553602353,173,0.11560693641618497,0.16184971098265896,20.876435381003617,228.0276555468971,0.10982658959537572,13,0.6473988439306358,2.2950819672131146,0.6254386215990785,16.056331965550434,20.41399786140287,51.09765625,0.19281585466556564,0.24277456647398843,21.038520630790426,179.45113947412142,0.24277456647398843,16,0.4450867052023122,2.4322916666666665,0.7031612602231897,18.35066274045302,22.129286012849878,35.22265625,0.1222130470685384,0.14450867052023122,43.54213345286274,228.82191193950365,0.08092485549132948,11,0.6589595375722543,2.5084745762711864,0.8324121399773025,40.45179104606295,44.06274721609509,74.91015625000001,0.06936416184971098,0.20689655172413793,0.5093290920360173,0.04046242774566474,0.15217391304347827,0.20796081390793486,0.06936416184971098,0.21818181818181817,0.1989923258626195,0.08092485549132948,0.1329479768786127,0.06358381502890173,0.6011560693641618,0.06358381502890167,0.13294797687861287,0.04046242774566476,0.08092485549132944,0.01156069364161849,0.04046242774566474,0.028901734104046225,none,0.6011560693641618,45.68180149871178,2
Supplementary_Figures_S6-S7__S6_V100__Snap-195-Bild-Export-17,BRAFi,V100,9,0,5,7,2,191.48148289848424,96,0.2318623784592371,0.3333333333333333,35.10378696980094,254.0,0.19791666666666666,6,0.42708333333333337,2.8181818181818183,0.5542382347074717,30.728684501584855,31.43581935348546,51.09765625,0.030665669409124907,0.03125,8.71324090323796,135.76694048846784,0.041666666666666664,3,0.9166666666666666,2.5625,0.8529613878071078,8.234635014459087,7.764630953988051,35.22265625,0.24457741211667913,0.3229166666666667,58.22469248885607,253.4188335698148,0.25,5,0.5,3.40625,0.5822858037832847,63.3538407534327,49.87856564782114,74.91015625000001,0.03125,0.09375,0.8662997315148137,0.1875,0.4,0.811343883706792,0.03125,0.0967741935483871,0.8642245452960359,0.14583333333333334,0.0,0.13541666666666666,0.5312499999999998,0.13541666666666677,0.0,0.0,0.1458333333333334,0.15624999999999992,0.0,0.03125000000000004,none,0.5312499999999998,25.261409353362037,1
Supplementary_Figures_S6-S7__S6_V100__Snap-195-Bild-Export-17,BRAFi,V100,11,6,0,1,7,191.6108878112044,96,0.04389880952380952,0.041666666666666664,16.211828968330025,254.0,0.03125,8,0.84375,1.9666666666666666,0.9932261236599058,13.927128245345687,15.076395697824209,51.09765625,0.09821428571428571,0.11458333333333333,13.796969045524335,122.45219929266813,0.1875,12,0.6145833333333333,1.7837837837837838,0.7214094458859038,13.146515740934403,12.966209753172388,35.22265625,0.27232142857142855,0.3958333333333333,61.280746591643435,252.7958821671701,0.15625,9,0.38541666666666663,3.1016949152542375,0.549499676064548,53.09980668295725,63.41201283811497,74.91015625000001,0.020833333333333332,0.15384615384615385,0.45680777416236684,0.041666666666666664,0.10526315789473684,0.7237848069905141,0.020833333333333332,0.0425531914893617,0.22269050042348615,0.0,0.09375,0.3541666666666667,0.5104166666666666,0.3541666666666668,0.09374999999999999,0.0,0.0,0.020833333333333242,0.0,0.020833333333333388,none,0.5104166666666666,25.278481241583695,0
Supplementary_Figures_S6-S7__S6_V100__Snap-195-Bild-Export-17,BRAFi,V100,12,2,6,4,1,288.98206203263646,144,0.22392486406327236,0.3194444444444444,34.694658743183396,214.0631038881858,0.1597222222222222,14,0.45833333333333337,2.9017094017094016,0.6247724028758714,30.08637526363571,32.58094361708865,51.09765625,0.11122095897182402,0.125,17.26561011752183,101.43948287604604,0.0625,22,0.4930555555555556,1.538812785388128,0.889443291972186,16.245072693821875,16.463682836111097,35.22265625,0.45773603559070686,0.5972222222222222,79.75658271363785,247.96445616317334,0.3472222222222222,13,0.2222222222222222,4.113095238095238,0.4988483661880585,68.75058652255753,85.51724661106815,74.91015625000001,0.0763888888888889,0.20754716981132076,0.6161665851351336,0.2152777777777778,0.3069306930693069,0.35949447484275954,0.125,0.20930232558139536,0.7507672283538808,0.10416666666666667,0.0,0.3333333333333333,0.29861111111111116,0.33333333333333337,0.0,0.048611111111111154,0.10416666666666667,0.13888888888888876,0.0,0.0763888888888889,actin only,0.33333333333333337,38.12428259005758,0
Supplementary_Figures_S6-S7__S6_V100__Snap-195-Bild-Export-17,BRAFi,V100,13,7,1,5,17,363.2397633976993,182,0.0,0.0,2.2129289815185227,35.448735696431996,0.0,0,1.0,,,1.808657903978547,1.7414843520222811,51.09765625,0.13852813852813853,0.17582417582417584,16.398277233513756,171.17327401316712,0.07692307692307693,16,0.5824175824175823,2.3421052631578947,0.7837833719818107,17.62233643894437,14.468460891667243,35.22265625,0.03974813065722157,0.054945054945054944,22.19757205839964,119.44032233187265,0.06593406593406594,4,0.9010989010989011,2.8055555555555554,0.5045620715342933,21.86662341445869,21.66689743886346,74.91015625000001,0.0,0.0,-0.16527330476967952,0.0,0.0,0.5855370658197506,0.0,0.0,-0.2603741501428239,0.0,0.17582417582417584,0.054945054945054944,0.769230769230769,0.05494505494505493,0.17582417582417595,0.0,0.0,0.0,0.0,0.0,none,0.769230769230769,47.92081311315294,1
Supplementary_Figures_S6-S7__S6_V100__Snap-195-Bild-Export-17,BRAFi,V100,14,8,3,3,12,156.9803618004363,78,0.44767970882620567,0.5512820512820513,54.67680664541205,246.8087204001911,0.6410256410256411,8,0.20512820512820518,3.9193548387096775,0.5340130556514116,52.47807601648863,49.2919268713088,51.09765625,0.8416742493175614,0.9871794871794872,81.97299060266336,254.0,1.0,1,0.0,5.884615384615385,0.22186951376177097,80.35267025175682,78.17540518410497,35.22265625,0.272975432211101,0.3076923076923077,61.33729608496869,254.0,0.38461538461538464,3,0.5769230769230769,4.46969696969697,0.5493617513188582,61.10179489783246,58.86161842684255,74.91015625000001,0.5512820512820513,0.5584415584415584,0.8608897679282171,0.28205128205128205,0.4888888888888889,0.809198990688829,0.3076923076923077,0.3116883116883117,0.8933521019143664,0.0,0.41025641025641024,0.0,0.012820512820512798,0.0,0.41025641025641024,0.025641025641025595,0.0,0.0,0.26923076923076944,0.2820512820512819,TJ only,0.41025641025641024,20.7098102639098,2
Supplementary_Figures_S6-S7__S6_V100__Snap-195-Bild-Export-17,BRAFi,V100,16,4,7,8,5,177.1909825168326,89,0.1275221953188055,0.1797752808988764,24.058743384011237,229.2462934813514,0.14606741573033707,7,0.6292134831460674,2.4545454545454546,0.5747705850362853,21.910401633739337,19.95558671585065,51.09765625,0.09846650524616626,0.06741573033707865,15.283952184018856,154.85959811379826,0.15730337078651685,9,0.6404494382022472,1.9375,0.8816548624978354,14.671376254951983,14.308998706538764,35.22265625,0.162227602905569,0.20224719101123595,49.43203069685214,146.06798671288126,0.3146067415730337,6,0.348314606741573,1.7586206896551724,0.5740947439983275,43.22969723221164,49.694419697317834,74.91015625000001,0.0,0.0,0.03236482978704894,0.11235955056179775,0.4166666666666667,0.5903437814713113,0.0,0.0,0.09970995710281169,0.06741573033707865,0.06741573033707865,0.0898876404494382,0.6629213483146067,0.08988764044943821,0.06741573033707862,0.0,0.0674157303370787,0.11235955056179771,0.0,0.0,none,0.6629213483146067,23.376119065545197,1
Supplementary_Figures_S6-S7__S6_V100__Snap-195-Bild-Export-17,BRAFi,V100,17,1,6,17,1,40.115257798062544,20,0.010714285714285714,0.0,12.43080698775308,60.31217393485976,0.05,3,0.85,0.5,0.0,11.096776496759873,10.506563306633018,51.09765625,0.014285714285714285,0.0,9.332326029114828,52.80928206748209,0.05,4,0.8,0.5,0.0,6.662910083639457,10.420017882517387,35.22265625,0.7607142857142857,0.95,112.38886664749171,252.2153913308698,1.0,1,0.0,5.325,0.2435438938843744,99.22655920534592,117.33514002395097,74.91015625000001,0.0,,0.2318540625651725,0.0,0.0,-0.30576770263216035,0.0,0.0,0.17327763107361815,0.0,0.0,0.95,0.049999999999999996,0.9500000000000001,0.0,0.0,0.0,0.0,0.0,0.0,actin only,0.9500000000000001,5.292250369137538,0
Supplementary_Figures_S6-S7__S6_V100__Snap-195-Bild-Export-17,BRAFi,V100,18,8,4,3,8,327.3589785603602,164,0.28440366972477066,0.4024390243902439,40.66866378259104,252.81712438974145,0.20121951219512196,20,0.19512195121951215,2.4734848484848486,0.6320835068629234,37.917357367466735,34.35022251886849,51.09765625,0.45609436435124506,0.5487804878048781,37.92905252083699,210.46264960065903,0.4451219512195122,14,0.16463414634146345,3.81021897810219,0.617570268003063,38.69836655130648,34.66259641345299,35.22265625,0.06334643949322849,0.07317073170731707,29.24004318651914,182.83960692862638,0.07926829268292683,9,0.7621951219512195,1.858974358974359,0.8526101771324464,28.80900843215182,26.64908396437889,74.91015625000001,0.23170731707317074,0.3220338983050847,0.2843045254059812,0.054878048780487805,0.13043478260869565,0.34733360790197176,0.04878048780487805,0.0851063829787234,0.2630523591813232,0.14634146341463414,0.29878048780487804,0.0,0.2804878048780487,0.0,0.2987804878048782,0.018292682926829295,0.14634146341463408,0.02439024390243906,0.20121951219512205,0.03048780487804878,TJ only,0.2987804878048782,43.187200337778386,2
Supplementary_Figures_S6-S7__S6_V100__Snap-195-Bild-Export-17,BRAFi,V100,19,7,6,5,1,346.2045137893585,173,0.08175061932287365,0.10404624277456648,20.523550051725643,206.71274090798215,0.06358381502890173,20,0.6936416184971098,1.8679245283018868,0.7680089658695095,17.357137188776175,18.65109882244276,51.09765625,0.1255161023947151,0.15606936416184972,16.50268082129688,161.308219817351,0.08670520231213873,20,0.5895953757225434,2.140845070422535,0.8353838461211175,13.947268520983695,17.51286158504305,35.22265625,0.13170933113129646,0.17341040462427745,39.62431240110391,237.573058676127,0.09826589595375723,9,0.653179190751445,2.658333333333333,0.6837809100700953,39.96565873555942,36.93191990868209,74.91015625000001,0.03468208092485549,0.15384615384615385,0.1760689953960889,0.08092485549132948,0.4117647058823529,0.5565022156216204,0.06358381502890173,0.2391304347826087,0.37709436813504654,0.023121387283236993,0.09248554913294797,0.06358381502890173,0.7109826589595378,0.06358381502890174,0.09248554913294771,0.028901734104046353,0.023121387283236993,0.04624277456647382,0.0,0.03468208092485559,none,0.7109826589595378,45.67341870572012,1
Supplementary_Figures_S6-S7__S6_V100__Snap-195-Bild-Export-17,BRAFi,V100,20,6,5,1,2,549.6400819675484,275,0.2714285714285714,0.3709090909090909,37.254897055681475,254.0,0.13090909090909092,21,0.36363636363636365,2.9857142857142858,0.6510342601816139,34.69805772973466,32.89361546991538,51.09765625,0.10415584415584415,0.12727272727272726,15.22425675129131,98.70040580425814,0.05090909090909091,29,0.6181818181818182,1.9095238095238096,0.696801123990367,14.3824796876624,14.745006714845248,35.22265625,0.22155844155844157,0.28,52.1923253803862,254.0,0.14181818181818182,14,0.6145454545454545,4.023584905660377,0.5587159729092589,50.38862456012499,51.18466751028813,74.91015625000001,0.09090909090909091,0.22321428571428573,0.6539798662973503,0.19272727272727272,0.42063492063492064,0.630404181759013,0.08727272727272728,0.2727272727272727,0.6240143753935493,0.14909090909090908,0.01090909090909091,0.06181818181818182,0.5309090909090907,0.061818181818181744,0.01090909090909093,0.025454545454545525,0.1490909090909093,0.13090909090909095,0.029090909090908938,0.06181818181818189,none,0.5309090909090907,72.51188416458423,1
Supplementary_Figures_S6-S7__S6_V100__Snap-195-Bild-Export-17,BRAFi,V100,21,4,9,8,9,216.14421560608446,108,0.03373015873015873,0.037037037037037035,12.588276803806556,161.41887894773063,0.037037037037037035,7,0.8796296296296297,1.9615384615384615,0.7172290650263483,11.16350155467718,11.191627451257887,51.09765625,0.06349206349206349,0.06481481481481481,12.350144428441446,95.80680243419394,0.08333333333333333,15,0.7222222222222222,1.6,1.0122942177713619,10.31481227651096,13.905839761206856,35.22265625,0.1474867724867725,0.17592592592592593,39.63499327275924,196.18648720016705,0.1574074074074074,5,0.7592592592592593,4.288461538461538,0.5325005899342076,35.15611444621333,42.75367488276458,74.91015625000001,0.037037037037037035,0.5714285714285714,0.7206718079233858,0.037037037037037035,0.21052631578947367,0.6562793687091024,0.05555555555555555,0.3,0.7059171657148497,0.0,0.009259259259259259,0.12037037037037036,0.8148148148148148,0.12037037037037046,0.009259259259259215,0.018518518518518563,0.0,0.0,0.0,0.03703703703703699,none,0.8148148148148148,28.515068021910878,1
Supplementary_Figures_S6-S7__S6_V100__Snap-195-Bild-Export-17,BRAFi,V100,22,4,8,8,3,59.253966566904936,30,0.053268765133171914,0.13333333333333333,13.89515406938148,170.07847561707322,0.1,2,0.8666666666666667,3.375,0.3031612137730537,14.38002503049273,13.470277666509569,51.09765625,0.17675544794188863,0.23333333333333334,19.173157887715504,151.27161893080523,0.26666666666666666,2,0.6333333333333333,3.4545454545454546,0.5431517747513236,20.914253359128484,17.838928053511268,35.22265625,0.05084745762711865,0.0,33.1557335106387,108.47311561304569,0.13333333333333333,3,0.7333333333333334,1.3125,0.46413306403852206,26.835844462152064,37.9443316575128,74.91015625000001,0.1,0.375,0.39337268814372106,0.0,0.0,0.5680388727891343,0.0,0.0,0.6959978923027499,0.03333333333333333,0.13333333333333333,0.0,0.7333333333333333,0.0,0.1333333333333333,0.0,0.03333333333333333,0.0,0.10000000000000002,0.0,none,0.7333333333333333,7.817145985079807,1
Supplementary_Figures_S6-S7__S6_V100__Snap-195-Bild-Export-17,BRAFi,V100,23,8,7,3,5,378.7333739090706,189,0.13494157557482095,0.20634920634920634,25.200886743903602,223.85276821542303,0.1164021164021164,16,0.5767195767195767,2.2375,0.6349820054527825,22.2610145514424,21.90918158703332,51.09765625,0.036939313984168866,0.037037037037037035,10.728564987209895,84.15304398337902,0.026455026455026454,22,0.783068783068783,1.1951219512195121,0.7090184802465392,10.659951118906267,9.459107940310334,35.22265625,0.1692423671315492,0.23809523809523808,46.818893406719916,164.99971309277032,0.13756613756613756,13,0.5132275132275133,2.4365942028985508,0.6460735533449157,45.68806699639467,44.06341108299079,74.91015625000001,0.021164021164021163,0.09523809523809523,0.5554482888064888,0.10582010582010581,0.3125,0.5240402024063011,0.026455026455026454,0.10638297872340426,0.47474537389986404,0.10052910052910052,0.010582010582010581,0.12698412698412698,0.6507936507936507,0.126984126984127,0.010582010582010592,0.005291005291005292,0.10052910052910066,0.08465608465608455,0.0,0.02116402116402111,none,0.6507936507936507,49.964825053967104,1
Supplementary_Figures_S6-S7__S6_V100__Snap-195-Bild-Export-17,BRAFi,V100,24,9,8,9,3,191.2272499395528,96,0.006731488406881077,0.0,5.597290958370055,102.12074778970411,0.020833333333333332,2,0.96875,1.5,0.0,5.442670088599335,4.305105489244226,51.09765625,0.053103964098728494,0.07291666666666667,10.70188309270312,72.84745321881624,0.052083333333333336,8,0.8020833333333334,1.868421052631579,0.7660211065288535,10.55856171938395,10.466043395525007,35.22265625,0.02468212415856395,0.03125,25.614700956548784,155.82184613355528,0.041666666666666664,3,0.9375,2.75,0.8248883387161332,23.332450159585665,27.21192724786118,74.91015625000001,0.0,0.0,0.6477196828264621,0.0,0.0,0.666473340780213,0.03125,0.42857142857142855,0.583018250267631,0.0,0.041666666666666664,0.0,0.9270833333333334,0.0,0.04166666666666672,0.03125000000000005,0.0,0.0,0.0,0.0,none,0.9270833333333334,25.227869385165278,1
Supplementary_Figures_S6-S7__S6_V100__Snap-195-Bild-Export-17,BRAFi,V100,25,10,8,16,3,725.3734835636999,363,0.24748768472906404,0.3526170798898072,36.5014188907006,253.49593666187997,0.10192837465564739,33,0.4132231404958677,2.955399061032864,0.617906853148344,30.903247934596262,33.874313874418654,51.09765625,0.16118226600985222,0.1790633608815427,19.857697390019574,162.33853061281434,0.10743801652892562,44,0.5096418732782368,2.308988764044944,0.838050301184394,19.163458996137713,18.359216384383902,35.22265625,0.25064039408866995,0.35537190082644626,56.40624817391367,249.244794053466,0.16804407713498623,21,0.3911845730027548,2.8823529411764706,0.6213864879946098,59.8793311511001,47.913884627176515,74.91015625000001,0.1487603305785124,0.38848920863309355,0.7948643284365587,0.20110192837465565,0.3967391304347826,0.7271799796281697,0.12672176308539945,0.3108108108108108,0.7393569775575829,0.12121212121212122,0.02203856749311295,0.14600550964187328,0.47107438016528913,0.14600550964187328,0.022038567493112934,0.008264462809917383,0.12121212121212105,0.08264462809917372,0.03030303030303031,0.1184573002754822,none,0.47107438016528913,95.69571023267808,1
Supplementary_Figures_S6-S7__S6_V100__Snap-195-Bild-Export-17,BRAFi,V100,27,8,6,3,1,415.602024904994,208,0.24862637362637363,0.30288461538461536,34.81833794266861,230.9281421563938,0.28365384615384615,10,0.5817307692307692,4.160919540229885,0.5151618937846526,31.95665910869028,32.15405327886199,51.09765625,0.25171703296703296,0.32211538461538464,25.672072074969144,146.68821333828177,0.11538461538461539,29,0.375,2.8192307692307694,0.7205818827905474,25.364806236871267,24.58492461162917,35.22265625,0.2620192307692308,0.34615384615384615,62.328944252767585,254.0,0.15384615384615385,18,0.4375,3.2606837606837606,0.6617845095404989,57.70814468364926,63.639223725918114,74.91015625000001,0.18269230769230768,0.41304347826086957,0.6982148018388727,0.24519230769230768,0.6071428571428571,0.8244819614851048,0.22115384615384615,0.4946236559139785,0.7560195473579803,0.04326923076923077,0.08653846153846154,0.04807692307692308,0.5096153846153849,0.048076923076923045,0.08653846153846136,0.052884615384615356,0.043269230769230754,0.07692307692307696,0.014423076923076955,0.16826923076923075,none,0.5096153846153849,54.82876318007836,0
Supplementary_Figures_S6-S7__S6_V100__Snap-195-Bild-Export-17,BRAFi,V100,28,6,11,1,15,339.8785191944895,170,0.04579831932773109,0.058823529411764705,14.80013250413351,105.59155760239054,0.041176470588235294,13,0.8058823529411765,1.6515151515151516,0.7654917447707579,13.482867549285107,13.397981842892811,51.09765625,0.18529411764705883,0.20588235294117646,21.203191686105036,144.36330194949542,0.09411764705882353,21,0.4411764705882353,2.3210526315789473,0.8096032024687324,20.634806813220703,20.380516393839695,35.22265625,0.1907563025210084,0.24705882352941178,46.27370040653097,236.2392057485274,0.18823529411764706,6,0.6882352941176471,4.283018867924528,0.48293673611608173,39.730587351857366,49.70846410640659,74.91015625000001,0.03529411764705882,0.15384615384615385,0.5513430308028033,0.0058823529411764705,0.0196078431372549,-0.10202696243448663,0.03529411764705882,0.08450704225352113,0.14934384151089714,0.023529411764705882,0.1411764705882353,0.21176470588235294,0.5588235294117647,0.21176470588235288,0.1411764705882353,0.02941176470588239,0.02352941176470595,0.0,0.029411764705882328,0.0058823529411764705,none,0.5588235294117647,44.838854774998616,1
Supplementary_Figures_S6-S7__S6_V100__Snap-195-Bild-Export-17,BRAFi,V100,29,11,5,15,2,409.0818161436621,205,0.11770869717079986,0.14634146341463414,23.489629851899913,254.0,0.1024390243902439,16,0.6292682926829268,2.2171052631578947,0.6925271859399139,20.381396531172683,21.155496685918276,51.09765625,0.19420188613342648,0.22439024390243903,20.54738352349579,128.04167048507958,0.09268292682926829,16,0.4341463414634147,2.396551724137931,0.748495376683599,20.907994622434437,18.772147595752372,35.22265625,0.2497380370241006,0.34146341463414637,52.78679523264337,227.06125125567755,0.16097560975609757,8,0.5414634146341464,3.8031914893617023,0.5445015882060424,49.76261546505404,52.91759164495828,74.91015625000001,0.09268292682926829,0.3333333333333333,0.5472895320342344,0.11219512195121951,0.2987012987012987,0.41007764393888546,0.11219512195121951,0.24731182795698925,0.46048023014381245,0.01951219512195122,0.0975609756097561,0.1951219512195122,0.5268292682926832,0.19512195121951215,0.09756097560975607,0.03414634146341466,0.019512195121951105,0.03414634146341464,0.014634146341463431,0.07804878048780486,none,0.5268292682926832,53.96857732765991,1
Supplementary_Figures_S6-S7__S6_V100__Snap-195-Bild-Export-17,BRAFi,V100,30,10,6,16,1,104.6253301570802,52,0.10612244897959183,0.1346153846153846,17.327374781062453,219.27747535065885,0.11538461538461539,4,0.7692307692307692,3.25,0.5529194526371237,13.779526691519376,17.994427966580734,51.09765625,0.1782312925170068,0.23076923076923078,20.50167755900222,159.23230365610885,0.15384615384615385,5,0.6346153846153846,3.4473684210526314,0.6258610990158666,20.049096495395403,20.31203534349684,35.22265625,0.1251700680272109,0.17307692307692307,29.683626432361038,158.84606761555392,0.15384615384615385,2,0.7884615384615384,4.181818181818182,0.49238050664809246,27.81408042783134,30.507883409433887,74.91015625000001,0.1346153846153846,0.5833333333333334,0.7327525234354588,0.11538461538461539,0.6,0.7233518540688779,0.17307692307692307,0.75,0.9294701809793899,0.0,0.038461538461538464,0.0,0.7692307692307693,0.0,0.038461538461538484,0.05769230769230766,0.0,0.0,0.019230769230769253,0.11538461538461532,none,0.7692307692307693,13.802814004891847,1
Supplementary_Figures_S6-S7__S6_V100__Snap-195-Bild-Export-17,BRAFi,V100,31,5,12,2,14,194.52489554557917,97,0.1443223443223443,0.15463917525773196,29.887620516391024,191.40702513203576,0.1134020618556701,17,0.3917525773195877,1.6638418079096047,0.8813033296948808,27.85619709962179,26.219616419887053,51.09765625,0.1838827838827839,0.18556701030927836,23.065137831773466,151.16291762871256,0.21649484536082475,13,0.41237113402061853,2.2017543859649122,0.9122027055275652,22.952760711625114,22.05431377683129,35.22265625,0.21978021978021978,0.26804123711340205,54.35752711724541,254.0,0.26804123711340205,3,0.6804123711340206,4.801075268817205,0.46669532264258623,51.49206461575893,54.18997914920345,74.91015625000001,0.09278350515463918,0.375,0.6688451392329618,0.10309278350515463,0.3225806451612903,0.6174960599071666,0.14432989690721648,0.4666666666666667,0.8183352631181174,0.05154639175257732,0.041237113402061855,0.1134020618556701,0.6391752577319588,0.11340206185567012,0.04123711340206165,0.05154639175257733,0.05154639175257752,0.01030927835051543,0.0,0.09278350515463916,none,0.6391752577319588,25.66291497962786,1
Supplementary_Figures_S6-S7__S6_V100__Snap-195-Bild-Export-17,BRAFi,V100,33,11,12,15,14,24.603858335009583,12,0.04,0.08333333333333333,7.868204671359555,89.27583560031272,0.16666666666666666,1,0.8333333333333334,1.75,0.7142857142857143,7.173140893303089,6.9074455249209095,51.09765625,0.09142857142857143,0.08333333333333333,13.373177185975385,110.20126729166526,0.3333333333333333,3,0.5,1.277777777777778,0.8237954487607138,18.136155358723133,9.95006281423615,35.22265625,0.0,0.0,13.807705490187706,55.05718997058409,0.0,0,1.0,,,14.200727158031183,13.819637816667443,74.91015625000001,0.08333333333333333,1.0,0.8039993561015766,0.0,0.0,0.9097234271890647,0.0,0.0,0.8468921398904599,0.0,0.0,0.0,0.9166666666666667,0.0,0.0,0.0,0.0,0.0,0.08333333333333333,0.0,none,0.9166666666666667,3.245891600924747,2
Supplementary_Figures_S6-S7__S7_DMSO__Snap-231-Bild-Export-43,DMSO,DMSO,6,1,0,7,6,355.57499356307306,178,0.34630818619582665,0.48314606741573035,83.66515975121513,254.00000000000003,0.34269662921348315,13,0.2921348314606742,3.4246031746031744,0.5654847271035457,75.78491514305078,76.96058707758617,92.76953125000001,0.21067415730337077,0.3146067415730337,26.88373457666298,157.72716724803672,0.25280898876404495,25,0.3820224719101124,2.3863636363636362,0.5990922838977734,21.137358080432815,29.18606435152818,40.18359375,0.38563402889245585,0.5674157303370787,72.04558645535802,252.87793592548869,0.33707865168539325,6,0.2921348314606742,3.8134920634920637,0.40956283879447475,68.79541185739768,69.06577237394691,78.87890625,0.2808988764044944,0.5434782608695652,0.715504178718227,0.398876404494382,0.6120689655172413,0.5554195189892365,0.24157303370786518,0.37719298245614036,0.4340208841732418,0.033707865168539325,0.02247191011235955,0.15730337078651685,0.3258426966292134,0.15730337078651696,0.02247191011235955,0.011235955056179775,0.03370786516853938,0.1685393258426965,0.050561797752809036,0.23033707865168537,none,0.3258426966292134,46.90962975766136,0
Supplementary_Figures_S6-S7__S7_DMSO__Snap-231-Bild-Export-43,DMSO,DMSO,7,2,1,9,7,473.31816877321637,237,0.28692237994563574,0.42616033755274263,71.81831791632145,253.20067096084043,0.15611814345991562,23,0.24472573839662448,2.653631284916201,0.5800009552002833,64.64344172567866,65.61944368428018,92.76953125000001,0.15795832074901842,0.20675105485232068,23.434097398659397,109.17487520049417,0.05485232067510549,34,0.3924050632911392,1.8159722222222223,0.7032768864148043,20.12875151233776,23.851399284812373,40.18359375,0.3449109030504379,0.4978902953586498,67.62832527106582,239.3008631519289,0.2109704641350211,15,0.2573839662447257,3.258522727272727,0.524698962627743,64.8552277298793,65.7926734790068,78.87890625,0.16033755274261605,0.3392857142857143,0.6026580213392063,0.24050632911392406,0.35185185185185186,0.1836007477067463,0.11392405063291139,0.19285714285714287,0.3404721154385441,0.11392405063291139,0.02109704641350211,0.2320675105485232,0.29535864978902965,0.23206751054852326,0.021097046413502005,0.025316455696202455,0.11392405063291153,0.15189873417721492,0.07172995780590719,0.08860759493670899,none,0.29535864978902965,62.44303018116311,0
Supplementary_Figures_S6-S7__S7_DMSO__Snap-231-Bild-Export-43,DMSO,DMSO,8,3,2,5,9,617.8806511834736,309,0.39528432732316227,0.5145631067961165,89.04705431631612,254.0,0.11974110032362459,26,0.2071197411003236,3.489795918367347,0.6151868896545436,80.60508414236973,82.91920700153271,92.76953125000001,0.24711049468331023,0.3592233009708738,27.343142937272624,134.6066923012864,0.12944983818770225,39,0.31391585760517804,2.5212264150943398,0.6670690061992021,22.428919556438775,28.67333128793798,40.18359375,0.3451225150254276,0.5210355987055016,67.121776991928,213.42135878260603,0.24271844660194175,15,0.23300970873786409,3.149789029535865,0.532380869998328,67.89579763473573,59.639603953364336,78.87890625,0.2783171521035599,0.4673913043478261,0.647039093460283,0.35275080906148865,0.5165876777251185,0.512449585941062,0.2912621359223301,0.4945054945054945,0.5723980459973252,0.12944983818770225,0.03559870550161812,0.12297734627831715,0.2815533980582523,0.12297734627831708,0.0355987055016183,0.045307443365695824,0.12944983818770248,0.10679611650485402,0.03236245954692549,0.2459546925566345,none,0.2815533980582523,81.51459778146089,0
Supplementary_Figures_S6-S7__S7_DMSO__Snap-231-Bild-Export-43,DMSO,DMSO,9,4,3,13,5,415.9102770462349,208,0.42788461538461536,0.6201923076923077,89.25137372867303,254.0,0.4519230769230769,11,0.11538461538461542,3.385869565217391,0.5329318874025135,83.06161088935634,79.07338543839604,92.76953125000001,0.1617445054945055,0.22115384615384615,22.299470919458454,115.54888167827329,0.30288461538461536,23,0.46634615384615385,2.1216216216216215,0.733212966983585,20.709595111746243,20.7831342245052,40.18359375,0.32177197802197804,0.5048076923076923,65.43237023421226,212.44761709696607,0.24519230769230768,14,0.28365384615384615,3.1442953020134228,0.490315612050757,63.38349996150994,59.84896774513492,78.87890625,0.20673076923076922,0.32575757575757575,0.5737850049896309,0.4182692307692308,0.5918367346938775,0.7061914854729254,0.1346153846153846,0.22764227642276422,0.46330017746768265,0.12980769230769232,0.014423076923076924,0.08653846153846154,0.2788461538461539,0.08653846153846143,0.014423076923076922,0.0,0.12980769230769226,0.28365384615384626,0.07211538461538462,0.1346153846153846,AJ+actin,0.28365384615384626,54.8694296894769,0
Supplementary_Figures_S6-S7__S7_DMSO__Snap-231-Bild-Export-43,DMSO,DMSO,10,5,4,15,13,408.3717161092374,204,0.23249299719887956,0.3235294117647059,62.50404113295062,254.0,0.15196078431372548,10,0.48039215686274506,3.1320754716981134,0.6472680621342007,54.390655549999096,57.37248738687286,92.76953125000001,0.07317927170868348,0.09313725490196079,15.095643078615378,103.92669472950104,0.10784313725490197,20,0.7058823529411764,1.7416666666666667,0.6681283244852309,14.745626766522427,13.257479932586525,40.18359375,0.22058823529411764,0.3382352941176471,54.08616325381424,216.29488773046057,0.1568627450980392,15,0.4901960784313726,3.0288461538461537,0.5163880213186113,54.566539237437446,48.73192681490835,78.87890625,0.07352941176470588,0.21428571428571427,0.6841282457330635,0.23529411764705882,0.5517241379310345,0.6689180799543294,0.07352941176470588,0.2054794520547945,0.6932731007210996,0.08333333333333333,0.014705882352941176,0.09803921568627451,0.5588235294117646,0.09803921568627434,0.014705882352941176,0.004901960784313728,0.08333333333333334,0.16666666666666674,0.004901960784313737,0.06862745098039232,none,0.5588235294117646,53.87489658433211,1
Supplementary_Figures_S6-S7__S7_DMSO__Snap-231-Bild-Export-43,DMSO,DMSO,11,2,0,9,6,202.05516433513014,101,0.26308345120226306,0.4158415841584158,68.71082367529677,252.42038342776368,0.18811881188118812,11,0.19801980198019797,2.2962962962962963,0.6060740073566431,68.46887800788386,53.274350839104386,92.76953125000001,0.29632248939179634,0.44554455445544555,32.60168581215095,158.99044182312133,0.16831683168316833,14,0.18811881188118806,2.5548780487804876,0.5823242300276165,35.951349399925896,25.63360348225482,40.18359375,0.19236209335219237,0.31683168316831684,54.982142178880494,160.68830981450267,0.297029702970297,10,0.4257425742574258,2.3448275862068964,0.582230379259681,61.231201189071854,45.12362872024132,78.87890625,0.25742574257425743,0.4262295081967213,0.5570377085217241,0.16831683168316833,0.2982456140350877,0.46769997371603145,0.2376237623762376,0.4528301886792453,0.5499774315289623,0.12871287128712872,0.0891089108910891,0.04950495049504951,0.3465346534653467,0.04950495049504948,0.08910891089108895,0.09900990099009896,0.12871287128712874,0.029702970297029698,0.11881188118811896,0.13861386138613851,none,0.3465346534653467,26.656354133922182,2
Supplementary_Figures_S6-S7__S7_DMSO__Snap-231-Bild-Export-43,DMSO,DMSO,12,6,4,11,13,242.1036575357574,121,0.33293978748524206,0.512396694214876,76.04699009631561,254.0,0.19008264462809918,11,0.22314049586776863,3.0,0.5591491340752625,68.07097250675362,69.9835531087641,92.76953125000001,0.08382526564344746,0.0743801652892562,19.010863722695927,82.44091679238292,0.06611570247933884,23,0.578512396694215,1.392156862745098,0.6980006587810629,18.874562068958785,17.1118798859743,40.18359375,0.15997638724911453,0.24793388429752067,49.580181217487215,161.62971181450183,0.19834710743801653,9,0.5454545454545454,2.463636363636364,0.6006264799418128,50.27316820303123,45.09205042327648,78.87890625,0.06611570247933884,0.12698412698412698,0.5121679994739511,0.18181818181818182,0.3142857142857143,0.5997785918253774,0.06611570247933884,0.25806451612903225,0.5534993259354144,0.32231404958677684,0.0,0.05785123966942149,0.42148760330578505,0.0578512396694214,0.0,0.008264462809917356,0.322314049586777,0.12396694214876033,0.008264462809917385,0.05785123966942146,none,0.42148760330578505,31.93979650867512,1
Supplementary_Figures_S6-S7__S7_DMSO__Snap-231-Bild-Export-43,DMSO,DMSO,13,5,6,15,11,191.4060841422135,96,0.5953627524308153,0.8125,113.86558373703402,254.0,0.7708333333333334,3,0.11458333333333337,4.723529411764706,0.35032529957693137,107.19313079405009,105.73006221895973,92.76953125000001,0.137621540762902,0.17708333333333334,23.55797441402415,89.42987687305249,0.14583333333333334,11,0.4375,1.7592592592592593,0.8609084939196774,24.19039990835493,21.313050579695872,40.18359375,0.46896035901271504,0.6770833333333334,85.76509590420751,251.28709297449592,0.5833333333333334,2,0.14583333333333337,3.841463414634146,0.4457576969769676,96.86559104032654,70.10334828473526,78.87890625,0.17708333333333334,0.21794871794871795,0.6402319800902988,0.5208333333333334,0.5376344086021505,-0.23421225484313088,0.14583333333333334,0.20588235294117646,0.09335608602691307,0.2604166666666667,0.0,0.15625,0.03125,0.15624999999999994,0.0,0.0,0.2604166666666665,0.37499999999999994,0.03125000000000012,0.14583333333333343,AJ+actin,0.37499999999999994,25.251462287890963,0
Supplementary_Figures_S6-S7__S7_DMSO__Snap-231-Bild-Export-43,DMSO,DMSO,14,6,3,11,5,247.02803718526317,124,0.5639097744360902,0.7338709677419355,101.7394653820033,250.89285002972292,0.782258064516129,4,0.18548387096774188,4.856435643564357,0.33552540422024585,95.2024647003668,95.90724640666042,92.76953125000001,0.18507807981492191,0.20967741935483872,25.83863679289211,107.17652042589546,0.25806451612903225,15,0.2983870967741935,1.8620689655172413,0.6183632539653332,26.16423625960771,23.799825532143895,40.18359375,0.2851359167148641,0.3225806451612903,64.02287008158969,165.30989292973365,0.20967741935483872,10,0.33870967741935487,3.0060975609756095,0.6665778583563522,58.953595767846856,65.58324841029746,78.87890625,0.20967741935483872,0.2857142857142857,0.7671820998651825,0.28225806451612906,0.3645833333333333,0.30658703884667743,0.0967741935483871,0.2222222222222222,0.3672766507259749,0.3387096774193548,0.0,0.04032258064516129,0.22580645161290322,0.04032258064516135,0.0,0.0,0.3387096774193549,0.1854838709677418,0.11290322580645167,0.09677419354838694,AJ only,0.3387096774193549,32.58945081599778,0
Supplementary_Figures_S6-S7__S7_DMSO__Snap-231-Bild-Export-43,DMSO,DMSO,16,7,5,2,15,187.40427936518853,94,0.06799083269671505,0.0851063829787234,35.35940102450092,245.77363609730267,0.05319148936170213,6,0.8404255319148937,3.0,0.6582805886043833,34.56380127719053,32.271426239311644,92.76953125000001,0.02750190985485103,0.0425531914893617,8.782426631126224,71.93240068582419,0.05319148936170213,4,0.8936170212765957,1.8,0.46811943184313104,8.5546815398454,8.569000160652388,40.18359375,0.07715813598166539,0.1276595744680851,32.04981043642238,121.99278653862486,0.10638297872340426,3,0.7872340425531915,2.525,0.6086492233387598,32.954258282857296,29.29104577339003,78.87890625,0.031914893617021274,0.3333333333333333,0.754973925664456,0.05319148936170213,0.3333333333333333,0.5500466053024428,0.031914893617021274,0.23076923076923078,0.8195931229373552,0.031914893617021274,0.010638297872340425,0.07446808510638298,0.8297872340425531,0.0744680851063832,0.010638297872340413,0.0,0.03191489361702124,0.021276595744680826,0.0,0.03191489361702124,none,0.8297872340425531,24.72351970516999,1
Supplementary_Figures_S6-S7__S7_DMSO__Snap-231-Bild-Export-43,DMSO,DMSO,18,2,8,9,3,132.8747987691922,66,0.32867883995703545,0.36363636363636365,87.34182446554047,254.0,0.4090909090909091,7,0.5,4.636363636363637,0.587254083602821,79.6902865035473,87.94758002203727,92.76953125000001,0.38131041890440387,0.42424242424242425,42.13703883676728,168.78064860320603,0.36363636363636365,8,0.2272727272727273,3.4607843137254903,0.7304608246821209,34.46142363756965,47.24972194724816,40.18359375,0.5456498388829216,0.7424242424242424,100.16363703883839,254.0,0.5151515151515151,3,0.09090909090909094,4.225,0.48814476077344127,89.05567784809116,105.68433726251705,78.87890625,0.30303030303030304,0.625,0.9200627409716644,0.36363636363636365,0.4897959183673469,0.7918053687810304,0.3939393939393939,0.5098039215686274,0.8237762489818808,0.0,0.030303030303030304,0.2878787878787879,0.22727272727272727,0.28787878787878796,0.03030303030303033,0.09090909090909079,0.0,0.06060606060606066,0.0,0.303030303030303,AJ+TJ+actin,0.303030303030303,17.529656829708735,0
Supplementary_Figures_S6-S7__S7_DMSO__Snap-231-Bild-Export-43,DMSO,DMSO,20,6,2,11,9,56.065506850602546,28,0.28061224489795916,0.39285714285714285,75.12010927806094,232.4211414728261,0.39285714285714285,4,0.1785714285714286,2.391304347826087,0.6892324153099951,69.3481856709121,70.18196778935848,92.76953125000001,0.28316326530612246,0.2857142857142857,33.20353013239879,123.59751092011297,0.35714285714285715,4,0.1071428571428571,2.22,0.6653261418968199,32.53322412928985,32.456470527119464,40.18359375,0.6173469387755102,0.9642857142857143,87.2066709015708,168.11587007277478,1.0,1,0.0,4.321428571428571,0.2734775555004016,88.61978752822743,82.17231956993437,78.87890625,0.21428571428571427,0.46153846153846156,0.6966695174593314,0.39285714285714285,0.4074074074074074,0.10439254212901047,0.2857142857142857,0.2962962962962963,-0.16516298364471305,0.0,0.0,0.5,0.03571428571428566,0.5000000000000001,0.0,0.07142857142857145,0.0,0.17857142857142858,0.0,0.21428571428571422,actin only,0.5000000000000001,7.396504861557064,0
Supplementary_Figures_S6-S7__S7_DMSO__Snap-231-Bild-Export-43,DMSO,DMSO,21,7,6,2,11,52.61522430589515,26,0.40700808625336926,0.5,92.85949010570695,253.7347065176244,0.34615384615384615,3,0.2692307692307693,3.973684210526316,0.5559759433593471,90.97582998517207,85.38430703888932,92.76953125000001,0.29110512129380056,0.4230769230769231,33.77351672115803,112.67101014607508,0.6538461538461539,3,0.1923076923076923,2.5,0.5984105932344765,35.90742043740372,29.350467558327832,40.18359375,0.10512129380053908,0.19230769230769232,57.83983498586379,122.94534578822586,0.23076923076923078,3,0.6538461538461539,2.1666666666666665,0.6249260311258431,61.88194917335083,53.915158642971114,78.87890625,0.11538461538461539,0.14285714285714285,-0.09918092392686488,0.19230769230769232,0.38461538461538464,0.6164468132297787,0.0,0.0,-0.003979173775411445,0.19230769230769232,0.3076923076923077,0.0,0.1923076923076923,0.0,0.3076923076923077,0.0,0.1923076923076923,0.19230769230769232,0.1153846153846154,0.0,TJ only,0.3076923076923077,6.941322467796193,2
Supplementary_Figures_S6-S7__S7_DMSO__Snap-231-Bild-Export-43,DMSO,DMSO,22,9,2,8,9,527.8329670992671,264,0.15205627705627706,0.16666666666666666,59.03900349144663,253.5753348403062,0.0946969696969697,40,0.446969696969697,1.9246575342465753,0.9173974133145661,57.084309473087295,51.27129217887134,92.76953125000001,0.3582251082251082,0.5075757575757576,35.38810509889268,142.88475601860176,0.19318181818181818,24,0.14393939393939392,2.9292035398230087,0.5724118884752624,37.09461668125809,31.046252609570757,40.18359375,0.2708333333333333,0.3522727272727273,60.33084655788117,207.9208035266085,0.14772727272727273,19,0.3560606060606061,2.9441176470588237,0.6088409109144514,64.22153920643989,52.76148415938263,78.87890625,0.14015151515151514,0.2624113475177305,0.48623215098586897,0.06060606060606061,0.1322314049586777,0.22305357579848095,0.20454545454545456,0.31213872832369943,0.1812039518635224,0.015151515151515152,0.21212121212121213,0.13636363636363635,0.32954545454545464,0.13636363636363638,0.21212121212121207,0.15530303030303033,0.015151515151515103,0.011363636363636315,0.09090909090909097,0.04924242424242418,none,0.32954545454545464,69.63495608169751,2
Supplementary_Figures_S6-S7__S7_DMSO__Snap-231-Bild-Export-43,DMSO,DMSO,23,6,9,11,8,356.8925242179659,178,0.7058823529411765,0.9213483146067416,127.81322552725727,254.0,1.0,1,0.0,4.940074906367041,0.33274866466915803,120.93149196809553,119.5068226965496,92.76953125000001,0.6522609043617447,0.8932584269662921,51.31754760173943,174.25534983323672,1.0,1,0.0,4.558988764044944,0.39325030848293147,48.154446795856366,51.421030265092554,40.18359375,0.31732693077230895,0.42134831460674155,65.30908767732453,202.1811976066157,0.2808988764044944,12,0.3764044943820225,3.545045045045045,0.5598787252063097,62.15179494531293,64.63515084052253,78.87890625,0.8314606741573034,0.8457142857142858,0.7651580243184397,0.4044943820224719,0.4311377245508982,0.5249714917602103,0.4044943820224719,0.4444444444444444,0.4406677256047506,0.08426966292134831,0.056179775280898875,0.011235955056179775,0.005617977528089887,0.011235955056179773,0.05617977528089887,0.005617977528089897,0.08426966292134838,0.005617977528089887,0.4325842696629213,0.39887640449438194,AJ+TJ,0.4325842696629213,47.08344646675012,3
Supplementary_Figures_S6-S7__S7_DMSO__Snap-231-Bild-Export-43,DMSO,DMSO,24,10,6,12,11,456.99607600176375,228,0.323538605814317,0.4473684210526316,75.48563092357527,254.0,0.2412280701754386,16,0.29385964912280704,3.2142857142857144,0.574423559922737,71.40691274470294,67.94225635273288,92.76953125000001,0.24820256330103158,0.2982456140350877,28.364222308674723,125.98687730373327,0.2675438596491228,25,0.39035087719298245,2.856115107913669,0.7146642181950783,26.631136935748398,27.603105589094472,40.18359375,0.22663332291341043,0.35964912280701755,53.66457845822941,188.825144954476,0.35526315789473684,11,0.4342105263157895,2.810077519379845,0.5224983429930089,55.25043611263086,48.505021033133865,78.87890625,0.24561403508771928,0.49122807017543857,0.6564981905262947,0.24561403508771928,0.4375,0.622929275309997,0.2324561403508772,0.5463917525773195,0.6883809011152324,0.14473684210526316,0.008771929824561403,0.07017543859649122,0.429824561403509,0.07017543859649107,0.008771929824561443,0.04385964912280706,0.144736842105263,0.05701754385964914,0.05701754385964902,0.18859649122807032,none,0.429824561403509,60.289719789150894,0
Supplementary_Figures_S6-S7__S7_DMSO__Snap-231-Bild-Export-43,DMSO,DMSO,25,7,10,2,12,764.0296930612362,382,0.061518324607329845,0.06282722513089005,39.6955480920131,185.97323463651577,0.028795811518324606,34,0.7198952879581152,1.5373831775700935,0.7315699638607168,36.845522971517966,36.21709421063267,92.76953125000001,0.029356768885564696,0.020942408376963352,12.425877124224188,85.30044202268559,0.02356020942408377,33,0.8219895287958116,1.1544117647058822,0.8077628555865575,12.107830625643446,11.779644272285639,40.18359375,0.23410620792819745,0.3219895287958115,56.413509186726344,201.10742378949567,0.1099476439790576,19,0.4345549738219895,2.8981481481481484,0.6012080099742804,54.20285824774967,54.98284283230079,78.87890625,0.013089005235602094,0.18518518518518517,0.6870190754322423,0.05235602094240838,0.15748031496062992,0.4217796357962681,0.013089005235602094,0.03968253968253968,0.5459042352910378,0.007853403141361256,0.005235602094240838,0.2670157068062827,0.662303664921466,0.2670157068062827,0.0052356020942408345,0.0026178010471204385,0.007853403141361296,0.041884816753926725,0.002617801047120419,0.010471204188481681,none,0.662303664921466,100.79547401863275,1
Supplementary_Figures_S6-S7__S7_DMSO__Snap-231-Bild-Export-43,DMSO,DMSO,26,9,8,8,3,349.33529944466835,175,0.4989766680311093,0.7371428571428571,97.288854027847,254.0,0.5142857142857142,6,0.03428571428571425,3.6094674556213016,0.5005814947045428,88.13808571172943,89.70957742596799,92.76953125000001,0.6745804338927548,0.9085714285714286,61.03339335617704,254.0,1.0,1,0.0,4.711428571428572,0.36995794585951103,55.31447310661699,60.631540490354745,40.18359375,0.6279164961113385,0.8171428571428572,106.73521653504568,254.0,0.5542857142857143,6,0.07999999999999996,4.773291925465839,0.3880837360017464,96.46575745756589,109.022662952164,78.87890625,0.7142857142857143,0.7668711656441718,0.7979444317598428,0.6628571428571428,0.7435897435897436,0.6969534883452214,0.7771428571428571,0.8192771084337349,0.6869462286260328,0.011428571428571429,0.06857142857142857,0.02857142857142857,0.03999999999999989,0.028571428571428744,0.06857142857142852,0.12571428571428575,0.011428571428571432,0.011428571428571392,0.06285714285714286,0.6514285714285715,AJ+TJ+actin,0.6514285714285715,46.08645111407234,3
Supplementary_Figures_S6-S7__S7_DMSO__Snap-231-Bild-Export-43,DMSO,DMSO,27,8,11,3,14,22.563804883435687,11,0.0,0.0,9.3666993011098,58.339101583229876,0.0,0,1.0,,,8.97887330232438,7.1521802613927,92.76953125000001,0.012422360248447204,0.0,10.861385706151156,61.32535534085377,0.18181818181818182,1,0.8181818181818181,0.5,0.0,14.467672320974724,5.810103023966115,40.18359375,0.0,0.0,13.646324157404136,57.81666483922163,0.0,0,1.0,,,16.079394508655785,8.813446006800426,78.87890625,0.0,,0.16200217310998125,0.0,,0.4409081677902383,0.0,,0.7242095863591231,0.0,0.0,0.0,1.0,0.0,0.0,0.0,0.0,0.0,0.0,0.0,none,1.0,2.9767552616669772,1
Supplementary_Figures_S6-S7__S7_DMSO__Snap-231-Bild-Export-43,DMSO,DMSO,31,12,6,1,11,18.3779571182767,9,0.6031746031746031,0.8888888888888888,118.60308588073703,254.0,1.0,1,0.0,4.222222222222222,0.3707632316738256,115.77163120371762,101.17684899742528,92.76953125000001,0.7619047619047619,1.0,64.81514522062764,145.20435713850765,1.0,1,0.0,5.333333333333333,0.19263793759278053,53.967526897086714,73.01837664106922,40.18359375,0.10317460317460317,0.0,57.06137112640495,99.884481418291,0.3333333333333333,2,0.33333333333333337,1.0833333333333333,0.49254801826406536,53.07385998550808,56.30503121762419,78.87890625,0.8888888888888888,0.8888888888888888,-0.09770062175357021,0.0,0.0,0.808948920895601,0.0,0.0,0.15562364189390746,0.0,0.1111111111111111,0.0,0.0,0.0,0.11111111111111105,0.0,0.0,0.0,0.888888888888889,0.0,AJ+TJ,0.888888888888889,2.4245326013557653,2
Supplementary_Figures_S6-S7__S7_DMSO__Snap-231-Bild-Export-43,DMSO,DMSO,32,10,12,12,1,511.80465120430574,256,0.16657366071428573,0.1875,53.02295532835069,254.0,0.0859375,20,0.64453125,3.28021978021978,0.7375283754305733,48.86497108681215,50.514289029200626,92.76953125000001,0.05775669642857143,0.05078125,15.59501700919755,129.39452796237157,0.04296875,29,0.71875,1.4375,0.9629777733553747,15.721713980846117,14.930654869137392,40.18359375,0.15541294642857142,0.203125,49.57792018195242,206.3011102348325,0.05078125,22,0.62890625,2.931578947368421,0.6629274549669414,49.646229652376284,47.68614433400225,78.87890625,0.04296875,0.22,0.7405136717466988,0.109375,0.3888888888888889,0.6151976727927639,0.03515625,0.16071428571428573,0.5461121770889807,0.0703125,0.0078125,0.09375,0.7109374999999999,0.09374999999999997,0.007812500000000026,0.0,0.07031250000000012,0.07421874999999999,0.007812500000000002,0.03515624999999994,none,0.7109374999999999,67.52040253354957,1
Supplementary_Figures_S6-S7__S7_DMSO__Snap-231-Bild-Export-43,DMSO,DMSO,33,12,9,1,8,396.0201917562482,198,0.6378066378066378,0.8434343434343434,113.90984762750492,254.0,0.5555555555555556,5,0.02020202020202022,4.556701030927835,0.38638632746795765,108.63803006035971,105.45477521881266,92.76953125000001,0.5256132756132756,0.7171717171717171,46.29307949435881,203.05787946561867,0.30808080808080807,9,0.0505050505050505,3.875,0.48964751419493896,46.92923465909917,42.52467459662409,40.18359375,0.4134199134199134,0.5959595959595959,78.14504565208472,254.0,0.3888888888888889,6,0.303030303030303,4.1521739130434785,0.4304352755825567,86.43744570562608,66.55390605544828,78.87890625,0.6060606060606061,0.6349206349206349,0.21147459631900978,0.47474747474747475,0.49214659685863876,-0.08720943351932131,0.4696969696969697,0.5568862275449101,0.4980840453453486,0.14646464646464646,0.025252525252525252,0.03535353535353535,0.010101010101010012,0.03535353535353544,0.025252525252525304,0.08585858585858562,0.14646464646464646,0.09090909090909106,0.22222222222222224,0.3838383838383838,AJ+TJ+actin,0.3838383838383838,52.24540788341005,2
Supplementary_Figures_S6-S7__S7_DMSO__Snap-231-Bild-Export-43,DMSO,DMSO,34,12,8,1,3,83.64629648585297,42,0.02040816326530612,0.023809523809523808,28.570470982061458,167.92744773299043,0.047619047619047616,2,0.9285714285714286,2.0,0.8897565210026093,27.337220028656745,25.424580723776348,92.76953125000001,0.4387755102040816,0.5238095238095238,40.17167138511193,142.7846807481042,0.42857142857142855,5,0.11904761904761907,3.4864864864864864,0.6788148613640197,39.174069222499725,38.70388438444387,40.18359375,0.5,0.7142857142857143,87.79603011556782,250.32405107256994,0.5714285714285714,3,0.09523809523809523,3.8684210526315788,0.5276824750584199,98.78276163190041,73.15422276077572,78.87890625,0.023809523809523808,0.045454545454545456,0.31599862283893265,0.023809523809523808,0.03333333333333333,0.5332795469924094,0.4523809523809524,0.5757575757575758,0.4379809997633343,0.0,0.07142857142857142,0.2619047619047619,0.2142857142857143,0.2619047619047619,0.0714285714285714,0.42857142857142855,0.0,0.0,0.0,0.02380952380952381,TJ+actin,0.42857142857142855,11.035131462513585,3
Supplementary_Figures_S6-S7__S7_DMSO__Snap-231-Bild-Export-43,DMSO,DMSO,35,8,13,3,10,293.7307650380665,147,0.011661807580174927,0.013605442176870748,17.274911768683424,180.21310742596953,0.04081632653061224,2,0.9455782312925171,1.5,0.5,15.296089239967687,15.71078244669428,92.76953125000001,0.2755102040816326,0.3333333333333333,30.47675847245635,152.8157022581998,0.2108843537414966,15,0.3129251700680272,2.8069306930693068,0.7427326874513428,29.68855217269362,29.29581986312003,40.18359375,0.13848396501457727,0.1836734693877551,44.969721525020034,254.0,0.08843537414965986,8,0.6938775510204082,3.1666666666666665,0.6731906086450309,40.46272382530505,46.147767449386,78.87890625,0.013605442176870748,0.04081632653061224,0.6886273216559254,0.0,0.0,0.5278002460211987,0.10204081632653061,0.2459016393442623,0.476536307576635,0.0,0.21768707482993196,0.08163265306122448,0.5850340136054423,0.08163265306122457,0.2176870748299319,0.10204081632653048,0.0,0.0,0.013605442176870769,0.0,none,0.5850340136054423,38.750760559111676,2
Supplementary_Figures_S6-S7__S7_DMSO__Snap-231-Bild-Export-43,DMSO,DMSO,37,12,13,1,10,418.98449705602343,209,0.12274122059324924,0.1674641148325359,48.96915337274274,230.70256246355947,0.06698564593301436,21,0.5789473684210527,2.043560606060606,0.6080204945521175,44.859754266403435,41.38156218030062,92.76953125000001,0.4950562563927719,0.6698564593301436,48.06239252099681,229.95644374763003,0.5885167464114832,16,0.11483253588516751,3.9072072072072066,0.5042438497531835,45.96489045520815,44.18791522205758,40.18359375,0.3893624275485851,0.4880382775119617,74.41874257252282,254.0,0.45454545454545453,9,0.44976076555023925,4.934782608695652,0.37970399614313965,77.00124679355979,65.1469154313777,78.87890625,0.1674641148325359,0.25,0.7503281016256474,0.14832535885167464,0.29245283018867924,0.5114151415643139,0.44976076555023925,0.6351351351351351,0.7148135167757225,0.0,0.20095693779904306,0.03827751196172249,0.2918660287081338,0.038277511961722535,0.20095693779904325,0.30143540669856456,0.0,0.0,0.01913875598086125,0.14832535885167467,TJ+actin,0.30143540669856456,55.27499961161259,2
Supplementary_Figures_S6-S7__S7_E1__Snap-239-Bild-Export-51,BRAFi,E1,4,1,0,19,1,229.60124186740714,115,0.5111801242236025,0.6173913043478261,111.60871044442594,254.00000000000003,0.5478260869565217,8,0.23478260869565215,4.676136363636363,0.4905364892771083,108.42840755785294,102.1121938660672,97.73046875000001,0.4403726708074534,0.5739130434782609,59.51236343156405,225.09021758586127,0.4608695652173913,5,0.21739130434782605,3.938888888888889,0.5371692383788171,54.35788231083948,61.08004873574519,60.02734375,0.2925465838509317,0.41739130434782606,67.14893816116718,204.22274530167323,0.3652173913043478,5,0.4260869565217391,3.5681818181818183,0.5448373539891689,66.83816230273491,63.020076092536094,87.80859375000001,0.4782608695652174,0.6707317073170732,0.7204016787464163,0.3565217391304348,0.5256410256410257,0.6761109355314646,0.3739130434782609,0.6056338028169014,0.786737843376433,0.11304347826086956,0.05217391304347826,0.017391304347826087,0.2695652173913044,0.017391304347826115,0.05217391304347824,0.04347826086956523,0.11304347826086954,0.026086956521739087,0.1478260869565218,0.3304347826086956,AJ+TJ+actin,0.3304347826086956,30.290401301768753,2
Supplementary_Figures_S6-S7__S7_E1__Snap-239-Bild-Export-51,BRAFi,E1,5,2,1,18,19,257.2650572426845,129,0.4741523068371317,0.6434108527131783,104.1504078471221,254.0,0.4186046511627907,8,0.07751937984496127,3.592436974789916,0.5306668749513035,97.53642795922812,97.88860568093853,97.73046875000001,0.4402445803224013,0.6046511627906976,60.48694749654157,199.1556190601794,0.3333333333333333,7,0.046511627906976716,3.231707317073171,0.5994736823735883,58.60320264341271,58.791119474233035,60.02734375,0.18065591995553085,0.2248062015503876,59.90670629329331,242.6598767557671,0.12403100775193798,10,0.6124031007751938,3.25,0.6601057831669211,59.57069017240023,57.34921162416702,87.80859375000001,0.4573643410852713,0.5784313725490197,0.6255195774275455,0.20930232558139536,0.3176470588235294,0.7246218685626281,0.17829457364341086,0.27380952380952384,0.5866051655755286,0.15503875968992248,0.14728682170542637,0.015503875968992248,0.19379844961240328,0.015503875968992291,0.14728682170542642,0.0,0.15503875968992215,0.03100775193798447,0.2790697674418605,0.17829457364341086,AJ+TJ,0.2790697674418605,33.93998116658107,2
Supplementary_Figures_S6-S7__S7_E1__Snap-239-Bild-Export-51,BRAFi,E1,6,3,2,15,18,278.95937270898804,139,0.2698412698412698,0.45323741007194246,74.52510527030843,247.80474068297653,0.2014388489208633,10,0.3309352517985612,2.8207885304659497,0.48554884658033187,70.6552644999421,65.93895039479682,97.73046875000001,0.42857142857142855,0.6546762589928058,56.47069251796909,196.15219515979538,0.3237410071942446,11,0.16546762589928055,3.591954022988506,0.4990871667354311,52.40969610314662,54.24708542534993,60.02734375,0.16897081413210446,0.23741007194244604,58.3222933214686,178.44342493489626,0.2805755395683453,9,0.4388489208633094,2.1153846153846154,0.544443507429714,54.45875061769897,56.664925082769415,87.80859375000001,0.4244604316546763,0.6210526315789474,0.7752941133246622,0.19424460431654678,0.391304347826087,0.5829328843473615,0.23741007194244604,0.3626373626373626,0.5947998829285844,0.02877697841726619,0.18705035971223022,0.0,0.31654676258992775,0.0,0.18705035971223027,0.04316546762589931,0.028776978417266258,0.0,0.23021582733812976,0.19424460431654667,none,0.31654676258992775,36.80202806187177,2
Supplementary_Figures_S6-S7__S7_E1__Snap-239-Bild-Export-51,BRAFi,E1,7,4,3,8,15,89.13808592735933,45,0.06741573033707865,0.044444444444444446,50.07516519098942,245.87634617013308,0.08888888888888889,4,0.7777777777777778,2.15,0.8388227347382062,44.006232172873325,48.372839131688046,97.73046875000001,0.19743178170144463,0.3111111111111111,40.023628889593446,186.55123078832344,0.37777777777777777,4,0.5111111111111111,2.8181818181818183,0.5897582354445877,36.685903987885766,39.261879262384674,60.02734375,0.038523274478330656,0.044444444444444446,36.85288541480474,217.24595936263256,0.08888888888888889,1,0.9111111111111111,3.0,0.8579691784155834,32.38265898836498,39.245491913587735,87.80859375000001,0.044444444444444446,0.14285714285714285,0.22590292289894895,0.022222222222222223,0.3333333333333333,0.7539796223388506,0.022222222222222223,0.06666666666666667,0.0503393090208834,0.0,0.26666666666666666,0.022222222222222223,0.6666666666666667,0.022222222222222206,0.26666666666666666,0.0,0.0,0.0,0.022222222222222206,0.022222222222222206,none,0.6666666666666667,11.759641942923395,2
Supplementary_Figures_S6-S7__S7_E1__Snap-239-Bild-Export-51,BRAFi,E1,9,3,5,15,10,277.66936461818676,139,0.4409044193216855,0.6834532374100719,93.55812853030831,253.9661593788726,0.5755395683453237,6,0.03597122302158273,3.201492537313433,0.48910517130214226,83.3833062921436,87.92349773556917,97.73046875000001,0.19270298047276466,0.22302158273381295,40.31402517262181,153.1797571437761,0.09352517985611511,25,0.27338129496402874,1.8564356435643565,0.6930050504866468,36.80054245641846,38.07658829080341,60.02734375,0.18396711202466598,0.28776978417266186,58.51765428704755,232.05850701902907,0.30935251798561153,9,0.5179856115107914,2.671641791044776,0.4613253439821169,59.87046352408639,51.53151325955939,87.80859375000001,0.22302158273381295,0.3263157894736842,0.686342223055213,0.2302158273381295,0.3106796116504854,0.4186308300163841,0.11510791366906475,0.2909090909090909,0.5846324069806667,0.34532374100719426,0.0,0.05755395683453238,0.2589928057553959,0.057553956834532356,0.0,0.0,0.345323741007194,0.11510791366906463,0.10791366906474817,0.11510791366906496,AJ only,0.345323741007194,36.63184229791382,0
Supplementary_Figures_S6-S7__S7_E1__Snap-239-Bild-Export-51,BRAFi,E1,10,6,0,17,1,473.9607727915022,237,0.19168173598553345,0.27848101265822783,64.60943529977546,254.0,0.09282700421940929,22,0.42616033755274263,2.338235294117647,0.6041992734149672,60.32921268221831,57.36186581079098,97.73046875000001,0.3806509945750452,0.5611814345991561,53.779166244149806,185.12619448787973,0.3206751054852321,19,0.24894514767932485,3.547752808988764,0.5047721728577784,50.90994523484985,50.97662253965419,60.02734375,0.058167570825798674,0.08860759493670886,40.81002981562897,154.3057012710109,0.0379746835443038,15,0.7763713080168777,1.820754716981132,0.662199680106631,37.30499508900593,40.717606417330536,87.80859375000001,0.27848101265822783,0.49624060150375937,0.7931213271281867,0.02531645569620253,0.07407407407407407,0.5239161677494683,0.05485232067510549,0.09219858156028368,0.4247200354149229,0.0,0.25316455696202533,0.03375527426160337,0.4050632911392405,0.03375527426160339,0.2531645569620254,0.029535864978903,0.0,0.0,0.25316455696202517,0.025316455696202545,none,0.4050632911392405,62.52780643687365,2
Supplementary_Figures_S6-S7__S7_E1__Snap-239-Bild-Export-51,BRAFi,E1,11,2,7,18,5,78.28240088047754,39,0.8021978021978022,0.9743589743589743,139.21883473182265,254.0,1.0,1,0.0,5.615384615384615,0.2506013284751095,138.9073216375813,127.56539561819602,97.73046875000001,0.8846153846153846,1.0,98.10370234590344,220.7877818015134,1.0,1,0.0,6.1923076923076925,0.14924075603263018,93.99291511930477,95.6784942192006,60.02734375,0.1978021978021978,0.20512820512820512,64.69049651010816,147.48618036799954,0.2564102564102564,5,0.3846153846153846,2.25,0.693888666488711,60.305740764585785,65.13836880253562,87.80859375000001,0.9743589743589743,0.9743589743589743,0.8379056040670265,0.20512820512820512,0.21052631578947367,0.3586507199094541,0.20512820512820512,0.20512820512820512,0.31154609873226224,0.0,0.02564102564102564,0.0,0.0,0.0,0.025641025641025654,0.0,0.0,0.0,0.769230769230769,0.20512820512820526,AJ+TJ,0.769230769230769,10.327493519851918,2
Supplementary_Figures_S6-S7__S7_E1__Snap-239-Bild-Export-51,BRAFi,E1,12,1,6,19,17,105.01870311994283,53,0.2530612244897959,0.3018867924528302,74.03404745118281,173.6266361341865,0.41509433962264153,7,0.2075471698113207,2.2142857142857144,0.5707034197727139,70.86899533160852,64.91982199540514,97.73046875000001,0.27346938775510204,0.3584905660377358,49.15078961978629,165.37349886044495,0.20754716981132076,7,0.2075471698113207,2.392857142857143,0.6177373757186531,44.58832113515899,51.16642416219111,60.02734375,0.012244897959183673,0.0,27.69941320434865,116.7864701876352,0.05660377358490566,2,0.9245283018867925,1.125,0.5773502691896257,28.32975511583018,26.30465033269991,87.80859375000001,0.16981132075471697,0.34615384615384615,0.325385375937535,0.0,0.0,-0.17343613769938,0.0,0.0,-0.058829842586855564,0.1320754716981132,0.18867924528301888,0.0,0.5094339622641509,0.0,0.18867924528301888,0.0,0.13207547169811332,0.0,0.16981132075471683,0.0,none,0.5094339622641509,13.854710174134938,2
Supplementary_Figures_S6-S7__S7_E1__Snap-239-Bild-Export-51,BRAFi,E1,13,7,1,5,19,262.574439223337,131,0.1906572514937534,0.2595419847328244,67.96066538674573,252.9218285547702,0.1450381679389313,22,0.38167938931297707,2.1666666666666665,0.7563016001924425,65.19017835040401,61.53931697364083,97.73046875000001,0.3508962520369365,0.4732824427480916,53.44126560842648,171.02519019959738,0.1984732824427481,9,0.20610687022900764,3.099358974358974,0.5814465741381132,53.80773721818028,50.07755406268436,60.02734375,0.06898424769147203,0.0916030534351145,34.90421081986584,178.30430909538902,0.0916030534351145,3,0.8244274809160306,2.760869565217391,0.7773372553187047,36.095701571019426,31.949038968720618,87.80859375000001,0.183206106870229,0.3333333333333333,0.5678688787751424,0.04580152671755725,0.15,0.5194515265799776,0.0916030534351145,0.1935483870967742,0.6928335148216047,0.07633587786259542,0.24427480916030533,0.0,0.450381679389313,0.0,0.24427480916030528,0.045801526717557245,0.07633587786259546,0.0,0.13740458015267173,0.04580152671755726,none,0.450381679389313,34.64042733817111,2
Supplementary_Figures_S6-S7__S7_E1__Snap-239-Bild-Export-51,BRAFi,E1,14,5,2,10,18,122.30429580228706,61,0.4672131147540984,0.7049180327868853,94.12468616082792,254.0,0.5737704918032787,3,0.14754098360655743,3.8365384615384617,0.3771326107607348,82.39126165570919,91.20444864887725,97.73046875000001,0.3548009367681499,0.5245901639344263,52.57162866852659,190.33984169448803,0.5409836065573771,4,0.049180327868852514,2.6120689655172415,0.6339125610118089,47.06752856543942,52.11191279471513,60.02734375,0.07259953161592506,0.08196721311475409,53.237242110126765,135.09038783622213,0.09836065573770492,10,0.6557377049180328,1.4761904761904763,0.5770498006451069,51.772415289184345,51.21644486133241,87.80859375000001,0.47540983606557374,0.6304347826086957,0.7156802674526652,0.08196721311475409,0.11627906976744186,0.474432013590725,0.08196721311475409,0.15625,0.6247817561732391,0.22950819672131148,0.04918032786885246,0.0,0.2459016393442623,0.0,0.049180327868852465,0.0,0.22950819672131145,0.0,0.3934426229508197,0.08196721311475405,AJ+TJ,0.3934426229508197,16.135131372333387,2
Supplementary_Figures_S6-S7__S7_E1__Snap-239-Bild-Export-51,BRAFi,E1,15,4,5,8,10,117.0983275807784,59,0.34676434676434675,0.5084745762711864,83.29499429671142,251.84286104260642,0.288135593220339,5,0.2542372881355932,3.3068181818181817,0.5768591683933106,78.90688280829266,75.19107337796089,97.73046875000001,0.20757020757020758,0.2542372881355932,44.8965326728525,169.23603438295777,0.1694915254237288,10,0.423728813559322,2.6029411764705883,0.8511595229071194,42.977527236249585,44.74044650835163,60.02734375,0.2222222222222222,0.3050847457627119,65.90616509221772,210.13886645056448,0.13559322033898305,9,0.4576271186440678,2.9375,0.7079065855154947,66.17458416533587,61.131422499592006,87.80859375000001,0.23728813559322035,0.45161290322580644,0.7335743046376135,0.288135593220339,0.5483870967741935,0.7571501530293606,0.1864406779661017,0.5,0.7634399491046472,0.15254237288135594,0.0,0.0,0.47457627118644086,0.0,0.0,0.01694915254237281,0.15254237288135572,0.11864406779661023,0.06779661016949154,0.16949152542372892,none,0.47457627118644086,15.448328176883694,1
Supplementary_Figures_S6-S7__S7_E1__Snap-239-Bild-Export-51,BRAFi,E1,16,5,7,10,5,190.37825993442272,95,0.5593984962406015,0.8736842105263158,111.97510054495204,254.0,0.4842105263157895,3,0.03157894736842104,4.043478260869565,0.3552457749824041,93.23976337865294,112.03807664591922,97.73046875000001,0.4496240601503759,0.7473684210526316,58.44276600823343,158.56519212930732,0.47368421052631576,5,0.052631578947368474,3.3222222222222224,0.4229017311471113,45.88649436217843,64.2479326723615,60.02734375,0.08045112781954887,0.10526315789473684,47.61004819824784,153.9208200154728,0.11578947368421053,6,0.7473684210526316,2.2291666666666665,0.66657203742175,40.7865480202979,51.02475475844689,87.80859375000001,0.6421052631578947,0.6559139784946236,0.1981439621615945,0.10526315789473684,0.12048192771084337,0.48876770474713044,0.09473684210526316,0.125,0.2664984862102157,0.22105263157894736,0.10526315789473684,0.0,0.02105263157894735,0.0,0.10526315789473675,0.0,0.22105263157894744,0.010526315789473684,0.5473684210526317,0.09473684210526313,AJ+TJ,0.5473684210526317,25.115865426704843,2
Supplementary_Figures_S6-S7__S7_E1__Snap-239-Bild-Export-51,BRAFi,E1,17,7,6,5,17,236.90294782499913,118,0.270042194092827,0.3644067796610169,76.47838005772819,254.00000000000003,0.2288135593220339,12,0.3389830508474576,2.858974358974359,0.6147587915394302,72.01383292117278,70.75538681158801,97.73046875000001,0.6106088004822182,0.8220338983050848,75.88519566854178,250.91079076750168,0.5423728813559322,4,0.025423728813559365,4.398550724637681,0.4152192625355384,72.24487154371307,73.85358200294831,60.02734375,0.055455093429776975,0.059322033898305086,35.01491324722987,225.6371989840465,0.05084745762711865,9,0.7966101694915254,1.9166666666666667,0.8575253444920008,39.83497105117543,29.158112489958622,87.80859375000001,0.3474576271186441,0.41414141414141414,0.6365811487190048,0.01694915254237288,0.041666666666666664,0.3948353114931312,0.059322033898305086,0.07216494845360824,0.47659706994827733,0.01694915254237288,0.4322033898305085,0.0,0.16101694915254247,0.0,0.43220338983050854,0.0423728813559322,0.016949152542372878,0.0,0.33050847457627114,0.01694915254237276,TJ only,0.43220338983050854,31.25368704815292,2
Supplementary_Figures_S6-S7__S7_E1__Snap-239-Bild-Export-51,BRAFi,E1,19,8,5,4,10,207.71497810431867,104,0.1311813186813187,0.17307692307692307,53.02778046041751,253.94513514515782,0.16346153846153846,10,0.6153846153846154,2.3875,0.6114457032113796,46.03636719384186,48.82123010395685,97.73046875000001,0.0521978021978022,0.04807692307692308,26.39440242027786,122.78394996109208,0.08653846153846154,10,0.7307692307692308,1.3571428571428572,0.6882472016116853,23.70505063712469,25.819337811401287,60.02734375,0.6222527472527473,0.8557692307692307,107.80865809118285,254.0,0.9134615384615384,2,0.009615384615384581,4.398058252427185,0.35506887379860935,83.59002765452705,125.3040460882378,87.80859375000001,0.038461538461538464,0.21052631578947367,0.48490284443322207,0.16346153846153846,0.18888888888888888,0.07597885651569998,0.04807692307692308,0.056179775280898875,0.02043708874651808,0.009615384615384616,0.0,0.6826923076923077,0.13461538461538458,0.6826923076923078,0.0,0.00961538461538461,0.00961538461538461,0.12499999999999997,0.0,0.03846153846153844,actin only,0.6826923076923078,27.403031412179246,0
Supplementary_Figures_S6-S7__S7_E1__Snap-239-Bild-Export-51,BRAFi,E1,20,4,8,8,4,368.44913543715427,184,0.03260869565217391,0.03260869565217391,20.250403750948404,230.44904509646327,0.03260869565217391,10,0.8641304347826086,1.68,0.7087083841017723,18.601354588146922,18.144548859216673,97.73046875000001,0.0011645962732919255,0.0,5.932854533637587,65.9075488875979,0.005434782608695652,2,0.9891304347826086,0.75,0.3333333333333333,5.730419283217879,5.547607783901448,60.02734375,0.10791925465838509,0.125,46.828489335038334,254.0,0.08152173913043478,12,0.7119565217391304,2.6226415094339623,0.779406013091778,47.579799540707455,42.44580059318418,87.80859375000001,0.0,0.0,0.7976083534670126,0.005434782608695652,0.03571428571428571,0.35265931277289125,0.0,0.0,0.4101020812178676,0.02717391304347826,0.0,0.11956521739130435,0.8478260869565217,0.1195652173913044,0.0,0.0,0.02717391304347826,0.005434782608695652,0.0,0.0,none,0.8478260869565217,48.60806536110215,1
Supplementary_Figures_S6-S7__S7_E1__Snap-239-Bild-Export-51,BRAFi,E1,21,9,5,11,10,208.4937727864879,104,0.22252747252747251,0.3269230769230769,64.07132882737695,244.23609951021535,0.10576923076923077,12,0.34615384615384615,2.3823529411764706,0.4763096721940846,55.91634621264863,54.63970772057496,97.73046875000001,0.38804945054945056,0.6346153846153846,55.117546577187206,178.62649884739287,0.375,8,0.11538461538461542,3.0706521739130435,0.5185901114148775,51.32262874580185,48.71895085068351,60.02734375,0.39697802197802196,0.6923076923076923,78.98415557583881,193.6522629866766,0.7307692307692307,3,0.20192307692307687,3.4819277108433737,0.3256641817537008,71.03976848464482,77.6682025354164,87.80859375000001,0.3076923076923077,0.47058823529411764,0.6341445488150169,0.3076923076923077,0.43243243243243246,0.6956732796126875,0.5192307692307693,0.6428571428571429,0.5889447612663983,0.0,0.09615384615384616,0.15384615384615385,0.19230769230769226,0.15384615384615385,0.09615384615384621,0.23076923076923078,0.0,0.019230769230769204,0.01923076923076935,0.2884615384615383,AJ+TJ+actin,0.2884615384615383,27.505774773942996,3
Supplementary_Figures_S6-S7__S7_E1__Snap-239-Bild-Export-51,BRAFi,E1,22,8,9,4,11,217.9900405301851,109,0.05504587155963303,0.045871559633027525,48.74951448926541,230.6643009299609,0.08256880733944955,13,0.6697247706422018,1.1666666666666667,0.7953949089757174,44.01194424850905,45.78321386016203,97.73046875000001,0.10288335517693316,0.13761467889908258,34.48129699468144,187.7591333111907,0.1743119266055046,11,0.6238532110091743,1.9146341463414633,0.7518082384550067,30.25270133411237,36.71305486763177,60.02734375,0.29685452162516385,0.4036697247706422,77.9738306341379,254.0,0.22935779816513763,10,0.37614678899082565,3.3308823529411766,0.6235138317742537,75.83917089442738,76.51204335630861,87.80859375000001,0.009174311926605505,0.05263157894736842,0.43216844875315974,0.03669724770642202,0.08888888888888889,0.2771999102795745,0.045871559633027525,0.09259259259259259,0.004640729588733639,0.009174311926605505,0.09174311926605505,0.3302752293577982,0.49541284403669733,0.33027522935779824,0.09174311926605497,0.036697247706422,0.009174311926605498,0.02752293577981649,0.0,0.009174311926605505,none,0.49541284403669733,28.7585805448793,0
Supplementary_Figures_S6-S7__S7_E1__Snap-239-Bild-Export-51,BRAFi,E1,23,6,10,17,16,183.3669741375263,92,0.5823575331772053,0.8260869565217391,111.0291798331947,254.0,0.41304347826086957,5,0.08695652173913049,4.440476190476191,0.4035275600633691,107.66711306782558,96.7107817384133,97.73046875000001,0.8368462138953943,1.0,107.88228119974904,248.7051823357784,1.0,1,0.0,5.853260869565218,0.20944531543141456,98.90069067629565,104.25665215214022,60.02734375,0.48009367681498827,0.6195652173913043,94.11565235073402,254.00000000000003,0.6304347826086957,4,0.08695652173913049,3.6726190476190474,0.5122043141996916,81.32522371717049,95.64704786874918,87.80859375000001,0.8260869565217391,0.8260869565217391,0.8039501863359064,0.5543478260869565,0.6219512195121951,0.4587224814819848,0.6195652173913043,0.6195652173913043,0.6414851631967576,0.0,0.10869565217391304,0.0,0.0,0.0,0.10869565217391305,0.06521739130434781,0.0,0.0,0.27173913043478276,0.5543478260869565,AJ+TJ+actin,0.5543478260869565,24.19089368568949,3
Supplementary_Figures_S6-S7__S7_E1__Snap-239-Bild-Export-51,BRAFi,E1,25,9,7,11,5,248.3552446074816,124,0.6307603686635944,0.7983870967741935,127.44381561742016,254.0,0.4032258064516129,5,0.056451612903225756,4.67948717948718,0.3981944613484747,119.47924813248387,122.01879083217628,97.73046875000001,0.7148617511520737,0.9516129032258065,83.57923742764604,237.88292876404174,1.0,1,0.0,5.004032258064516,0.318636274486695,77.47616692536852,82.92147859914296,60.02734375,0.17108294930875576,0.22580645161290322,58.958489789410706,183.95220103753684,0.12096774193548387,10,0.6209677419354839,3.1595744680851063,0.7085442397940847,57.4046755662684,58.22881122933679,87.80859375000001,0.7903225806451613,0.8235294117647058,0.7308306753074397,0.22580645161290322,0.2828282828282828,0.6660217852424227,0.22580645161290322,0.23728813559322035,0.7059963685968784,0.008064516129032258,0.16129032258064516,0.0,0.04032258064516132,0.0,0.16129032258064516,0.0,0.008064516129032218,0.0,0.5645161290322582,0.2258064516129031,AJ+TJ,0.5645161290322582,32.76454414346723,2
Supplementary_Figures_S6-S7__S7_E1__Snap-239-Bild-Export-51,BRAFi,E1,26,6,11,17,6,182.641781451113,91,0.3989071038251366,0.5824175824175825,94.33512368344437,254.00000000000003,0.5494505494505495,4,0.27472527472527475,3.845959595959596,0.5250528895907669,86.0549570134829,91.6494768316129,97.73046875000001,0.5144418423106948,0.6593406593406593,76.37747645368219,254.0,0.37362637362637363,6,0.09890109890109888,3.9939024390243905,0.5524798283420849,71.64647740725458,75.61880370259131,60.02734375,0.1405152224824356,0.14285714285714285,47.10339532804684,235.28308290616056,0.0989010989010989,4,0.7252747252747253,3.586666666666667,0.7550358841154594,42.56556770012496,48.654438320380294,87.80859375000001,0.5274725274725275,0.7384615384615385,0.902797820010116,0.14285714285714285,0.24528301886792453,0.8361259615748656,0.14285714285714285,0.21666666666666667,0.914875744988634,0.054945054945054944,0.13186813186813187,0.0,0.28571428571428575,0.0,0.13186813186813182,0.0,0.05494505494505491,0.0,0.3846153846153846,0.14285714285714296,AJ+TJ,0.3846153846153846,24.095221827323613,2
Supplementary_Figures_S6-S7__S7_E1__Snap-239-Bild-Export-51,BRAFi,E1,27,11,10,6,16,205.7077445345666,103,0.4909847434119279,0.6601941747572816,107.99194367873577,254.0,0.4174757281553398,4,0.11650485436893199,3.89010989010989,0.5351635085171776,104.00332101722212,98.40189473745865,97.73046875000001,0.5790568654646324,0.7766990291262136,74.90882362802365,244.05284172707633,0.4563106796116505,4,0.029126213592232997,4.175,0.4685604828620271,72.15880027603079,71.38625244388903,60.02734375,0.35575589459084606,0.4563106796116505,76.25605266303155,251.94464985015935,0.2621359223300971,6,0.41747572815533984,4.275,0.5184269071484139,68.29862318323346,79.2251758881011,87.80859375000001,0.6213592233009708,0.7619047619047619,0.8644926038561883,0.39805825242718446,0.5540540540540541,0.8259680005972291,0.44660194174757284,0.5679012345679012,0.8201968900680947,0.038834951456310676,0.10679611650485436,0.009708737864077669,0.17475728155339806,0.009708737864077579,0.1067961165048543,0.048543689320388446,0.03883495145631066,0.0,0.22330097087378656,0.3980582524271844,AJ+TJ+actin,0.3980582524271844,27.138224872634115,2
Supplementary_Figures_S6-S7__S7_E1__Snap-239-Bild-Export-51,BRAFi,E1,28,7,11,5,6,54.838658282526524,27,0.6753246753246753,0.9629629629629629,123.29824955775221,254.0,1.0,1,0.0,4.728395061728396,0.30895021971051284,119.59976182323713,113.7007744520685,97.73046875000001,0.5948051948051948,0.8148148148148148,76.24873224685362,216.14296300192078,1.0,1,0.0,4.160493827160494,0.447077720276539,83.21087066959356,62.14465761375055,60.02734375,0.16623376623376623,0.25925925925925924,53.275634980338246,175.95694287264612,0.2222222222222222,3,0.5925925925925926,2.909090909090909,0.547544233372976,52.69657204459576,52.53638561749353,87.80859375000001,0.8148148148148148,0.8461538461538461,0.8230114180141732,0.25925925925925924,0.2692307692307692,0.6776624769249635,0.25925925925925924,0.3181818181818182,0.5507947919167999,0.14814814814814814,0.0,0.0,0.03703703703703697,0.0,0.0,0.0,0.14814814814814822,0.0,0.5555555555555557,0.25925925925925913,AJ+TJ,0.5555555555555557,7.2346514884599635,2
Supplementary_Figures_S6-S7__S7_E1__Snap-239-Bild-Export-51,BRAFi,E1,29,8,12,4,7,235.1892521138856,118,0.05167173252279635,0.07627118644067797,28.200966959690277,254.0,0.06779661016949153,8,0.8305084745762712,2.125,0.6935191836795056,25.024378264087424,22.738373633015993,97.73046875000001,0.043161094224924014,0.059322033898305086,16.501711926994965,157.06513635748888,0.03389830508474576,9,0.8389830508474576,1.868421052631579,0.6772290298688061,15.721120299390392,14.391313942852289,60.02734375,0.00729483282674772,0.0,27.347656925744378,127.96663243311204,0.03389830508474576,3,0.9322033898305084,0.75,0.47140452079103173,28.747912266393723,22.896915882335186,87.80859375000001,0.0,0.0,0.45926385863589014,0.0,0.0,0.5756329809561784,0.0,0.0,0.30068646109222974,0.07627118644067797,0.059322033898305086,0.0,0.864406779661017,0.0,0.059322033898305114,0.0,0.07627118644067786,0.0,0.0,0.0,none,0.864406779661017,31.027605819773825,1
Supplementary_Figures_S6-S7__S7_E1__Snap-239-Bild-Export-51,BRAFi,E1,30,12,9,7,11,304.0649956270362,152,0.350093984962406,0.506578947368421,87.47097218279343,254.0,0.29605263157894735,10,0.26973684210526316,3.355855855855856,0.5360429195699709,71.55508794626012,84.02188664918611,97.73046875000001,0.3026315789473684,0.40789473684210525,46.45640664673023,194.89473560280308,0.2894736842105263,12,0.13815789473684215,2.4580152671755724,0.6258553808638697,35.99617478791776,49.112517416294565,60.02734375,0.6306390977443609,0.8421052631578947,126.31811563112927,254.00000000000003,0.8486842105263158,4,0.09868421052631582,4.897810218978102,0.3869464954421398,115.37157891575946,127.42795765784093,87.80859375000001,0.29605263157894735,0.4787234042553192,0.6642780704494753,0.5,0.5891472868217055,0.7816367192057588,0.3355263157894737,0.3669064748201439,0.4457526657232081,0.006578947368421052,0.07236842105263158,0.3026315789473684,0.07894736842105264,0.30263157894736864,0.07236842105263157,0.039473684210526334,0.006578947368421065,0.2039473684210525,0.0,0.2960526315789473,actin only,0.30263157894736864,40.114115518078655,0
Supplementary_Figures_S6-S7__S7_E1__Snap-239-Bild-Export-51,BRAFi,E1,31,9,11,11,6,471.9379376556418,236,0.20853510895883778,0.2923728813559322,67.17746004280261,254.0,0.1652542372881356,18,0.5423728813559322,3.189814814814815,0.6077292409889343,59.0246788755551,63.83545220251456,97.73046875000001,0.29116222760290555,0.4110169491525424,49.103615397438816,219.15517218863192,0.13559322033898305,24,0.2796610169491526,2.8294117647058825,0.6719841585625119,43.96648104377261,49.91578492686022,60.02734375,0.21579903147699758,0.3008474576271186,61.147297555337225,235.94573165007915,0.13135593220338984,11,0.5254237288135593,3.1830357142857144,0.6127074187914792,53.92163182711423,63.88032077874615,87.80859375000001,0.22033898305084745,0.45614035087719296,0.6964639112045965,0.13983050847457626,0.308411214953271,0.3360295296029047,0.17372881355932204,0.3228346456692913,0.28136321828757754,0.05084745762711865,0.13559322033898305,0.1059322033898305,0.41101694915254217,0.10593220338983052,0.1355932203389831,0.055084745762711974,0.05084745762711862,0.02118644067796626,0.10169491525423739,0.11864406779660999,none,0.41101694915254217,62.26094164322451,2
Supplementary_Figures_S6-S7__S7_E1__Snap-239-Bild-Export-51,BRAFi,E1,32,10,13,16,21,101.72692209078694,51,0.17647058823529413,0.29411764705882354,55.914853832610085,251.25107439309738,0.43137254901960786,2,0.5490196078431373,2.739130434782609,0.5642181773706737,47.99178488414517,50.26557610958228,97.73046875000001,0.3123249299719888,0.43137254901960786,48.57896325114932,198.594807734355,0.5490196078431373,4,0.3137254901960784,3.1857142857142855,0.5186307549704381,41.63288889522868,46.64185890173245,60.02734375,0.2647058823529412,0.35294117647058826,66.73631348485821,240.38510856494884,0.4117647058823529,1,0.5882352941176471,4.5,0.3724807599322337,51.00467379323154,74.78696369972377,87.80859375000001,0.23529411764705882,0.48,0.8400090937696851,0.27450980392156865,0.7368421052631579,0.8785217074559063,0.29411764705882354,0.6,0.7873074473504259,0.0,0.11764705882352941,0.0,0.5098039215686275,0.0,0.1176470588235295,0.07843137254901963,0.0,0.05882352941176474,0.01960784313725482,0.21568627450980385,none,0.5098039215686275,13.420438270552367,2
Supplementary_Figures_S6-S7__S7_E1__Snap-239-Bild-Export-51,BRAFi,E1,34,4,14,8,9,318.63678066779374,159,0.1786833855799373,0.2893081761006289,50.59463254879888,253.71359504190937,0.13836477987421383,9,0.5723270440251572,2.906862745098039,0.4595672740156399,45.2490697695405,45.93970623691743,97.73046875000001,0.005821764442454098,0.0,12.722776431828859,74.55758111241411,0.018867924528301886,7,0.9308176100628931,0.5909090909090909,0.32635697593225266,11.473585240723386,12.539978893413693,60.02734375,0.30228392297357815,0.44025157232704404,66.32241533626029,254.0,0.1949685534591195,10,0.3836477987421384,3.4370748299319733,0.5147900999318792,64.06175416675742,62.93114236616527,87.80859375000001,0.0,0.0,0.742931345035419,0.2578616352201258,0.5466666666666666,0.7718969503235572,0.0,0.0,0.7177188830545428,0.031446540880503145,0.0,0.18238993710691823,0.5283018867924527,0.18238993710691845,0.0,0.0,0.03144654088050316,0.2578616352201257,0.0,0.0,none,0.5283018867924527,42.03651459997279,1
Supplementary_Figures_S6-S7__S7_E1__Snap-239-Bild-Export-51,BRAFi,E1,35,14,8,9,4,153.12419942222027,77,0.1830065359477124,0.2857142857142857,58.89651660877586,254.0,0.18181818181818182,7,0.5064935064935066,2.5789473684210527,0.5652913871210017,53.26037876442749,51.3179714702858,97.73046875000001,0.011204481792717087,0.0,14.311496744543236,95.28181687496613,0.025974025974025976,5,0.9090909090909091,0.8571428571428571,0.5137011669140814,13.151612693057539,13.615052770293593,60.02734375,0.08683473389355742,0.11688311688311688,44.3882655144814,169.60131394042776,0.07792207792207792,7,0.7272727272727273,2.2142857142857144,0.6883400332593212,50.38448111911134,35.16229252382798,87.80859375000001,0.0,0.0,0.48243401240170336,0.07792207792207792,0.24,0.6750320959224779,0.0,0.0,0.5614692861968134,0.2077922077922078,0.0,0.03896103896103896,0.6753246753246752,0.03896103896103897,0.0,0.0,0.2077922077922079,0.07792207792207795,0.0,0.0,none,0.6753246753246752,20.20108171797101,1
Supplementary_Figures_S6-S7__S7_E1__Snap-239-Bild-Export-51,BRAFi,E1,36,11,13,6,21,133.91461593411998,67,0.21428571428571427,0.3582089552238806,58.64153479623763,240.29294398045408,0.40298507462686567,2,0.5223880597014925,3.140625,0.3904442618553916,53.703196620177415,52.705183578960714,97.73046875000001,0.2547974413646055,0.3283582089552239,46.20064484215352,182.28169471328624,0.14925373134328357,8,0.29850746268656714,2.5425531914893615,0.6941824851333545,44.16679816247969,44.03081674858615,60.02734375,0.3805970149253731,0.4626865671641791,85.88819615075451,254.0,0.3880597014925373,5,0.11940298507462688,3.0254237288135593,0.6759005549291058,83.56488606417503,79.73187986625443,87.80859375000001,0.19402985074626866,0.3939393939393939,0.7523787005615924,0.16417910447761194,0.25,0.3944338944743003,0.26865671641791045,0.5142857142857142,0.6909696806438916,0.16417910447761194,0.029850746268656716,0.19402985074626866,0.3134328358208955,0.1940298507462686,0.029850746268656855,0.1044776119402984,0.16417910447761186,0.0,0.02985074626865675,0.16417910447761205,none,0.3134328358208955,17.666835875213717,0
Supplementary_Figures_S6-S7__S7_E1__Snap-239-Bild-Export-51,BRAFi,E1,37,8,15,4,3,44.820558313381866,22,0.3238095238095238,0.4090909090909091,82.97208198471624,254.0,0.5454545454545454,2,0.31818181818181823,3.377777777777778,0.593601909655633,72.35542635693393,82.35056045934057,97.73046875000001,0.09206349206349207,0.13636363636363635,30.826402408827597,104.19795177163215,0.2727272727272727,3,0.5909090909090908,1.5925925925925926,0.8182610272446129,30.586369486916546,27.842718772246453,60.02734375,0.4507936507936508,0.5,92.93681778097894,247.58415215734928,0.5,3,0.36363636363636365,5.05952380952381,0.4954659475587715,103.31144550594817,80.49110631471143,87.80859375000001,0.13636363636363635,0.3333333333333333,0.7021406989965722,0.36363636363636365,0.6666666666666666,0.5200408258584017,0.13636363636363635,0.2727272727272727,0.8846680449176578,0.045454545454545456,0.0,0.13636363636363635,0.4545454545454546,0.13636363636363621,0.0,0.0,0.045454545454545456,0.2272727272727275,0.0,0.1363636363636363,none,0.4545454545454546,5.9130024160134385,0
Supplementary_Figures_S6-S7__S7_E1__Snap-239-Bild-Export-51,BRAFi,E1,38,15,12,3,7,361.243718466131,181,0.32132963988919666,0.4861878453038674,78.846185885506,254.0,0.23204419889502761,12,0.17679558011049723,2.728187919463087,0.5777968869347307,71.7420519700217,66.81171975940723,97.73046875000001,0.04748713889988128,0.03867403314917127,21.247331421564766,242.16029431899005,0.04419889502762431,21,0.8121546961325967,1.7647058823529411,1.1727223788168186,21.503193114387557,17.28613945198963,60.02734375,0.11950929956470123,0.143646408839779,51.73318561007343,226.8056198788421,0.12154696132596685,20,0.5414364640883977,1.8313253012048192,0.6528424425905882,55.276354467723245,40.30651643976843,87.80859375000001,0.03867403314917127,0.07954545454545454,0.6826077944984033,0.13259668508287292,0.26666666666666666,0.7568549995314474,0.022099447513812154,0.13793103448275862,0.5374022433531619,0.3370165745856354,0.0,0.011049723756906077,0.5027624309392265,0.01104972375690607,0.0,0.0,0.33701657458563555,0.11049723756906077,0.016574585635359143,0.02209944751381202,none,0.5027624309392265,47.65748264724683,1
Supplementary_Figures_S6-S7__S7_E1__Snap-239-Bild-Export-51,BRAFi,E1,39,14,15,9,3,371.4260531234263,186,0.4543704274162495,0.7634408602150538,100.4687348504426,254.0,0.40860215053763443,8,0.053763440860215006,3.3607954545454546,0.4830426125202737,86.26933148445039,92.8331699845667,97.73046875000001,0.05929919137466307,0.06451612903225806,25.262539767801478,119.70784155340664,0.07526881720430108,27,0.7311827956989247,1.54,0.8487388081815328,21.477709712004902,25.242111960530153,60.02734375,0.5941470927993839,0.8709677419354839,105.81255687595797,254.0,0.8602150537634409,4,0.048387096774193505,4.370056497175141,0.3217861499388038,97.64621396652834,99.24411407481716,87.80859375000001,0.05913978494623656,0.07692307692307693,0.7309762910959312,0.7096774193548387,0.7674418604651163,0.6332203818162703,0.06451612903225806,0.07407407407407407,0.5613072255642241,0.053763440860215055,0.0,0.15591397849462366,0.07526881720430109,0.15591397849462368,0.0,0.005376344086021442,0.05376344086021503,0.6505376344086021,0.0,0.059139784946236645,AJ+actin,0.6505376344086021,49.00079856509582,0
Supplementary_Figures_S6-S7__S7_E1__Snap-239-Bild-Export-51,BRAFi,E1,40,16,9,14,11,665.5791629643326,333,0.191977691977692,0.25825825825825827,60.3366527409709,254.00000000000003,0.2042042042042042,20,0.5975975975975976,3.33955223880597,0.6543070564848835,54.85666667847496,57.27965353790648,97.73046875000001,0.1700986700986701,0.2132132132132132,34.4843315034255,246.657126451291,0.2042042042042042,33,0.5765765765765766,2.8120567375886525,0.7373933660566301,31.849412075434714,34.570591795595845,60.02734375,0.1703131703131703,0.23423423423423423,49.88355360910155,254.00000000000003,0.16216216216216217,13,0.6546546546546547,3.4521739130434783,0.5736412904269296,44.372792707445306,52.737880316692916,87.80859375000001,0.16516516516516516,0.5392156862745098,0.7249242434432782,0.14114114114114115,0.4017094017094017,0.721701007691369,0.15615615615615616,0.5360824742268041,0.7226117645817423,0.08708708708708708,0.02702702702702703,0.07207207207207207,0.6216216216216216,0.07207207207207231,0.027027027027026883,0.021021021021020915,0.08708708708708705,0.006006006006006036,0.030030030030030054,0.13513513513513511,none,0.6216216216216216,87.80727743592777,1
Supplementary_Figures_S6-S7__S7_E1__Snap-239-Bild-Export-51,BRAFi,E1,41,12,16,7,14,92.19383026239264,46,0.6630434782608695,0.9782608695652174,130.95241489983925,254.0,1.0,1,0.0,4.641304347826087,0.23307697068940636,113.15186121986794,126.32350158624492,97.73046875000001,0.36180124223602483,0.5217391304347826,53.38500007899904,178.15872158820946,0.6521739130434783,3,0.10869565217391308,2.841463414634146,0.5637858154050825,43.71501307737404,55.64635311460296,60.02734375,0.765527950310559,0.9565217391304348,141.01999952893257,254.0,1.0,1,0.0,5.358695652173913,0.2519217514883209,129.82701624984023,135.41587619573775,87.80859375000001,0.5217391304347826,0.5333333333333333,0.49998988132191863,0.9347826086956522,0.9347826086956522,0.7331243664348949,0.5217391304347826,0.5454545454545454,0.5918119552498775,0.043478260869565216,0.0,0.021739130434782608,0.0,0.021739130434782473,0.0,0.0,0.04347826086956525,0.41304347826086973,0.0,0.5217391304347826,AJ+TJ+actin,0.5217391304347826,12.162774440948898,0
Supplementary_Figures_S6-S7__S7_E1__Snap-239-Bild-Export-51,BRAFi,E1,44,17,4,20,8,160.860897807983,80,0.20496894409937888,0.3375,62.630252080895474,254.0,0.1625,7,0.5125,2.9615384615384617,0.5927733306332966,58.54849513954953,58.38342993706603,97.73046875000001,0.03904170363797693,0.025,23.679363287492155,115.29541516381522,0.0875,5,0.825,1.5714285714285714,0.9534625892455924,23.895199495125404,22.427879634582155,60.02734375,0.19875776397515527,0.25,69.7258900941103,254.00000000000003,0.2375,4,0.625,3.7333333333333334,0.5700317749825845,67.96236469878788,69.53794049424154,87.80859375000001,0.025,0.07407407407407407,0.7162837996498026,0.1625,0.38235294117647056,0.5787033949485705,0.025,0.1,0.6948661412181985,0.175,0.0,0.0875,0.575,0.08749999999999997,0.0,0.0,0.17500000000000024,0.13749999999999993,0.0,0.02499999999999994,none,0.575,21.22175432822995,1
Supplementary_Figures_S6-S7__S7_E1__Snap-239-Bild-Export-51,BRAFi,E1,46,15,16,3,14,146.89822299638206,73,0.3275024295432459,0.4794520547945205,83.90632730352009,252.71338017385352,0.273972602739726,6,0.1917808219178082,2.8531073446327686,0.5259168848288329,79.06525829560921,74.41910564873191,97.73046875000001,0.18756073858114675,0.2465753424657534,40.081152150587165,156.58747362486093,0.2328767123287671,8,0.4383561643835616,2.3536585365853657,0.582711540705059,42.87719877989145,33.70636360818824,60.02734375,0.5928085519922255,0.8767123287671232,110.52764671296296,254.0,1.0,1,0.0,4.155251141552511,0.37121230455269444,119.06140435287409,89.58672905647195,87.80859375000001,0.1917808219178082,0.358974358974359,0.7217012621341075,0.4520547945205479,0.5,0.5119368027838387,0.2465753424657534,0.28125,0.32561752817175244,0.0273972602739726,0.0,0.3698630136986301,0.09589041095890422,0.3698630136986299,0.0,0.05479452054794522,0.027397260273972587,0.2602739726027397,0.0,0.19178082191780835,actin only,0.3698630136986299,19.379712796356472,0
Supplementary_Figures_S6-S7__S7_E1__Snap-239-Bild-Export-51,BRAFi,E1,47,17,14,20,9,411.0226212347248,206,0.3524504692387904,0.46601941747572817,84.0095875798617,254.0,0.1796116504854369,19,0.31553398058252424,3.595744680851064,0.6200795717888439,80.25318570223158,77.13780822088307,97.73046875000001,0.38477580813347234,0.5388349514563107,55.448600811648205,233.28388615016507,0.2524271844660194,17,0.2815533980582524,3.7567567567567566,0.5024138204868572,53.623345606808314,53.86903686043978,60.02734375,0.24191866527632952,0.3155339805825243,69.1499553427213,241.29771470437265,0.06310679611650485,19,0.3689320388349514,2.6769230769230767,0.6777650802671928,74.93952843416233,61.33682107843349,87.80859375000001,0.2766990291262136,0.38,0.12857325604566144,0.16990291262135923,0.2777777777777778,0.4315972068353156,0.2087378640776699,0.3233082706766917,0.30347421570152056,0.14563106796116504,0.1796116504854369,0.06310679611650485,0.20873786407766992,0.06310679611650484,0.17961165048543684,0.08252427184466023,0.14563106796116507,0.04368932038834953,0.1504854368932039,0.12621359223300968,none,0.20873786407766992,54.2246202156629,2
Supplementary_Figures_S6-S7__S7_E1__Snap-239-Bild-Export-51,BRAFi,E1,48,15,18,3,12,189.34491256465907,95,0.2108843537414966,0.2736842105263158,60.60595871334337,244.36348032019094,0.12631578947368421,7,0.49473684210526314,2.90625,0.641476934979555,51.872005259391756,57.6655389787984,97.73046875000001,0.14965986394557823,0.17894736842105263,34.64786355873657,247.7225529103228,0.11578947368421053,14,0.5368421052631579,2.25,0.8402073390628287,25.181446660586527,41.18258592418163,60.02734375,0.25774754346182915,0.4,68.80478064174086,241.80547900885568,0.3894736842105263,4,0.41052631578947374,3.044642857142857,0.4919611594140463,54.24322672994617,76.1345166666254,87.80859375000001,0.10526315789473684,0.30303030303030304,0.3820547222855827,0.24210526315789474,0.5609756097560976,0.7428939179838608,0.09473684210526316,0.1956521739130435,0.2659042396072705,0.021052631578947368,0.07368421052631578,0.15789473684210525,0.4947368421052632,0.15789473684210537,0.07368421052631577,0.0,0.02105263157894736,0.14736842105263168,0.01052631578947369,0.09473684210526309,none,0.4947368421052632,24.979539916181935,1
Supplementary_Figures_S6-S7__S7_E1__Snap-239-Bild-Export-51,BRAFi,E1,49,18,16,12,14,39.732275946421225,20,0.8464285714285714,1.0,159.92899719030112,254.0,1.0,1,0.0,5.925,0.11091510065902882,143.7476782890948,158.41955181033742,97.73046875000001,0.7464285714285714,1.0,80.4205755783326,156.7977539218168,1.0,1,0.0,5.225,0.19252056974861925,77.8100350529608,76.19570008100315,60.02734375,0.8928571428571429,1.0,157.9766588675198,254.0,1.0,1,0.0,6.25,0.10583005244258363,169.0227652301688,134.11988352123083,87.80859375000001,1.0,1.0,-0.044352759009246824,1.0,1.0,0.27655136712326917,1.0,1.0,0.44551362525081123,0.0,0.0,0.0,0.0,0.0,0.0,0.0,0.0,0.0,0.0,1.0,AJ+TJ+actin,1.0,5.2417250588946205,3
Supplementary_Figures_S6-S7__S7_E1__Snap-239-Bild-Export-51,BRAFi,E1,50,19,16,2,14,317.1141632112262,159,0.3145561063542136,0.4591194968553459,80.34117171533246,254.0,0.27672955974842767,17,0.2264150943396226,2.841463414634146,0.6259918174335399,66.89754439937651,79.85598874567482,97.73046875000001,0.07751239296980622,0.07547169811320754,28.204069012334887,168.22650462272765,0.0440251572327044,21,0.7044025157232705,1.8297872340425532,0.873758100366258,22.602580996295174,30.37181501940714,60.02734375,0.2401982875168995,0.29559748427672955,71.99654733584319,254.0,0.14465408805031446,18,0.30817610062893086,2.422727272727273,0.7747956853726918,75.53653443786799,65.59017769904024,87.80859375000001,0.07547169811320754,0.1643835616438356,0.8039534558292808,0.2138364779874214,0.3953488372093023,0.7148038659327987,0.07547169811320754,0.2553191489361702,0.7928172278265048,0.24528301886792453,0.0,0.08176100628930817,0.45911949685534587,0.08176100628930805,0.0,0.0,0.24528301886792478,0.1383647798742139,0.0,0.07547169811320756,none,0.45911949685534587,41.835641584594484,1
Supplementary_Figures_S6-S7__S7_E1__Snap-239-Bild-Export-51,BRAFi,E1,51,18,19,12,2,205.56117899722764,103,0.39389736477115117,0.5922330097087378,91.96616121049104,252.24751484278752,0.2524271844660194,10,0.18446601941747576,3.380952380952381,0.5126112402921674,88.15820874646066,81.74763478469401,97.73046875000001,0.21289875173370318,0.2621359223300971,44.94613293778585,191.5921863891745,0.17475728155339806,14,0.2524271844660194,1.9935064935064934,0.706517586416771,46.56840077781359,39.41225479078984,60.02734375,0.3418862690707351,0.44660194174757284,80.0967536123527,253.46000864907688,0.1941747572815534,8,0.1747572815533981,2.9,0.6098902743478306,76.85389599198926,77.9649382965523,87.80859375000001,0.18446601941747573,0.2753623188405797,0.3195103471475088,0.2815533980582524,0.3717948717948718,0.2219266609016548,0.17475728155339806,0.32727272727272727,0.34272322470934125,0.24271844660194175,0.019417475728155338,0.10679611650485436,0.2233009708737865,0.10679611650485424,0.019417475728155373,0.05825242718446612,0.24271844660194172,0.1650485436893203,0.0679611650485437,0.11650485436893204,AJ only,0.24271844660194172,27.11888904976618,1
Supplementary_Figures_S6-S7__S7_E1__Snap-239-Bild-Export-51,BRAFi,E1,52,14,18,9,12,168.23314196519516,84,0.48299319727891155,0.6190476190476191,108.04276147554316,254.0,0.25,9,0.20238095238095233,4.2388059701492535,0.5059652097658045,99.10326088897266,104.8071049934975,97.73046875000001,0.23469387755102042,0.30952380952380953,44.91955384870308,228.5944771273785,0.20238095238095238,9,0.3928571428571429,2.7058823529411766,0.7059362122230224,38.057963692337516,48.23574261346931,60.02734375,0.39965986394557823,0.5,79.41105013398416,228.03310016948362,0.25,7,0.3571428571428571,4.351851851851852,0.4709390751406612,70.85911862942021,84.06961436558223,87.80859375000001,0.2976190476190476,0.4716981132075472,0.6061604564125175,0.40476190476190477,0.5666666666666667,0.7696734437417402,0.2619047619047619,0.4782608695652174,0.6525219600357938,0.17857142857142858,0.011904761904761904,0.09523809523809523,0.27380952380952367,0.09523809523809522,0.01190476190476188,0.0,0.17857142857142858,0.14285714285714296,0.03571428571428581,0.26190476190476186,none,0.27380952380952367,22.19434590569857,1
Supplementary_Figures_S6-S7__S7_E1__Snap-239-Bild-Export-51,BRAFi,E1,53,17,18,20,12,162.15409422839952,81,0.4523809523809524,0.6049382716049383,95.40415557670183,254.00000000000003,0.6049382716049383,3,0.28395061728395066,4.422413793103448,0.4091571034671274,87.82382255540585,91.57033734624187,97.73046875000001,0.7768959435626103,0.8641975308641975,101.54276422894402,247.3196136494061,0.6049382716049383,3,0.09876543209876543,6.034246575342466,0.23768347377909396,104.61402760087189,94.98980925023518,60.02734375,0.29894179894179895,0.38271604938271603,70.87841330386735,252.69403872800598,0.19753086419753085,5,0.3827160493827161,3.39,0.5967822104494709,65.8063050485372,71.65555595379742,87.80859375000001,0.6049382716049383,0.7,0.6624571893292313,0.25925925925925924,0.3559322033898305,0.669604094477696,0.345679012345679,0.3835616438356164,0.32559818658074013,0.0,0.1728395061728395,0.037037037037037035,0.09876543209876548,0.037037037037036945,0.17283950617283955,0.08641975308641972,0.0,0.0,0.3456790123456791,0.25925925925925924,AJ+TJ,0.3456790123456791,21.392360716147692,2
Supplementary_Figures_S6-S7__S7_E10__Snap-245-Bild-Export-57,BRAFi,E10,10,2,1,12,13,422.45417056660494,211,0.14725795531482735,0.27488151658767773,40.313298364251246,252.80118771821574,0.21800947867298578,7,0.6587677725118484,3.0208333333333335,0.39731560609197447,35.563983926125864,35.86538624821804,81.85546875,0.06601218686526743,0.061611374407582936,12.42443033294246,86.06137732390958,0.06635071090047394,24,0.6729857819905214,1.4130434782608696,0.684111021360094,11.884890815024061,11.610512733501581,34.093724526667344,0.05856465809072444,0.06635071090047394,46.79393496709644,188.84740101704406,0.037914691943127965,11,0.8104265402843602,2.1625,0.8197298120824525,42.56468370737121,48.53327696263014,94.75390625000001,0.037914691943127965,0.12698412698412698,0.733158459532801,0.02843601895734597,0.09090909090909091,0.6485272196609617,0.023696682464454975,0.22727272727272727,0.7442080102687012,0.22274881516587677,0.014218009478672985,0.02843601895734597,0.6729857819905214,0.028436018957346144,0.014218009478672971,0.009478672985781913,0.22274881516587677,0.014218009478672971,0.023696682464454968,0.014218009478672886,none,0.6729857819905214,55.73274018029089,1
Supplementary_Figures_S6-S7__S7_E10__Snap-245-Bild-Export-57,BRAFi,E10,14,1,0,13,4,151.8384800336387,76,0.4483082706766917,0.618421052631579,82.87886272172094,253.10938410442728,0.5789473684210527,6,0.21052631578947367,3.975,0.5049365366878313,71.67906895441764,83.42090133331216,81.85546875,0.2716165413533835,0.35526315789473684,26.357858173567564,95.69121907212173,0.35526315789473684,10,0.23684210526315785,2.4913793103448274,0.6566832292598864,22.45430215385776,28.603864713424418,34.093724526667344,0.337406015037594,0.40789473684210525,84.90289842381121,205.93684337170964,0.15789473684210525,7,0.4342105263157895,4.174418604651163,0.5491210915636766,77.52587500826819,89.15919591991901,94.75390625000001,0.3026315789473684,0.45098039215686275,0.6681175255693423,0.34210526315789475,0.5,0.45435572176019584,0.2236842105263158,0.4146341463414634,0.4397407328635445,0.19736842105263158,0.05263157894736842,0.06578947368421052,0.2631578947368422,0.06578947368421058,0.052631578947368404,0.0,0.19736842105263158,0.11842105263157886,0.07894736842105263,0.2236842105263157,none,0.2631578947368422,20.031461745862625,0
Supplementary_Figures_S6-S7__S7_E10__Snap-245-Bild-Export-57,BRAFi,E10,20,2,0,12,4,68.67826345134333,34,0.13664596273291926,0.17647058823529413,45.83627934813183,172.39425293081263,0.14705882352941177,5,0.5588235294117647,2.2,0.7951298038425408,40.409297019531834,46.677732566513505,81.85546875,0.13250517598343686,0.17647058823529413,19.03320953432101,80.3950859080469,0.23529411764705882,4,0.5294117647058824,1.9791666666666667,0.7915761478113987,17.522677942075834,19.430921763648318,34.093724526667344,0.16770186335403728,0.17647058823529413,63.70185954073957,181.9055773172418,0.3235294117647059,2,0.5882352941176471,2.8214285714285716,0.717063748773091,56.98552913880237,67.58967544813878,94.75390625000001,0.058823529411764705,0.2,0.4489398667900949,0.029411764705882353,0.09090909090909091,0.2704262107498399,0.11764705882352941,0.5,0.8403035286775554,0.11764705882352941,0.029411764705882353,0.058823529411764705,0.6470588235294118,0.05882352941176475,0.02941176470588232,0.08823529411764705,0.11764705882352934,0.0,0.029411764705882373,0.029411764705882356,none,0.6470588235294118,9.060456919702286,0
Supplementary_Figures_S6-S7__S7_E10__Snap-245-Bild-Export-57,BRAFi,E10,21,0,3,4,5,576.4671611421525,288,0.3395337301587302,0.4756944444444444,70.61724977129535,254.0,0.375,18,0.3506944444444444,3.660427807486631,0.5293876365841753,65.23301614406553,65.62198847982962,81.85546875,0.35788690476190477,0.4652777777777778,29.44282199143611,133.79269902550882,0.2048611111111111,29,0.2743055555555556,3.452153110047847,0.6222899269224267,26.91594616376747,30.351213256532105,34.093724526667344,0.31994047619047616,0.4027777777777778,77.66568369284947,247.7354063263657,0.20833333333333334,13,0.45138888888888884,4.082278481012659,0.5345668087118612,73.84767193223253,77.8504745285346,94.75390625000001,0.3472222222222222,0.5847953216374269,0.6525003969288203,0.3125,0.5521472392638037,0.6220324711705538,0.2951388888888889,0.5151515151515151,0.5012876755036938,0.08680555555555555,0.09375,0.06597222222222222,0.3402777777777775,0.06597222222222227,0.09374999999999992,0.024305555555555674,0.08680555555555552,0.04166666666666673,0.07638888888888908,0.2708333333333333,none,0.3402777777777775,76.05107666783015,2
Supplementary_Figures_S6-S7__S7_E10__Snap-245-Bild-Export-57,BRAFi,E10,23,2,4,12,8,370.93418508195145,185,0.13939160569888331,0.1837837837837838,38.97199922610802,252.49917812649096,0.11351351351351352,15,0.6270270270270271,2.6231884057971016,0.7053238701837485,36.35360283863527,34.71115059717389,81.85546875,0.1713515594917212,0.2,17.96961613450796,106.35064703181263,0.16216216216216217,22,0.45945945945945943,2.225,0.7896406665534427,16.19460377846383,18.08828026519659,34.093724526667344,0.18444358875625722,0.23783783783783785,55.01568088788739,254.00000000000003,0.24324324324324326,7,0.6594594594594594,3.8015873015873014,0.5742759304966423,50.963951992811076,56.09097095659177,94.75390625000001,0.08648648648648649,0.2909090909090909,0.6743063402030697,0.10810810810810811,0.3448275862068966,0.7810232165764128,0.14054054054054055,0.4727272727272727,0.708761972344066,0.07027027027027027,0.05405405405405406,0.07027027027027027,0.6324324324324324,0.07027027027027019,0.05405405405405406,0.059459459459459525,0.07027027027027034,0.027027027027026904,0.005405405405405411,0.08108108108108115,none,0.6324324324324324,48.93590832215718,1
Supplementary_Figures_S6-S7__S7_E10__Snap-245-Bild-Export-57,BRAFi,E10,24,4,0,8,4,91.34908189487629,46,0.12558869701726844,0.1956521739130435,37.86797130350304,174.00420564589854,0.1956521739130435,4,0.6304347826086957,2.3529411764705883,0.5089818267875582,33.201823257907186,34.371318657058374,81.85546875,0.0847723704866562,0.08695652173913043,14.95292464148533,90.79947377133783,0.10869565217391304,8,0.6086956521739131,1.5,0.7934920476158722,16.04547558785203,12.712228796201417,34.093724526667344,0.0282574568288854,0.021739130434782608,43.621120928855454,124.42766293992315,0.08695652173913043,3,0.8695652173913043,1.5,0.5773502691896257,47.79073676149046,38.839870723847994,94.75390625000001,0.08695652173913043,0.4444444444444444,0.7691415736782146,0.021739130434782608,0.1111111111111111,0.7502719644297045,0.021739130434782608,0.25,0.7321784511233134,0.10869565217391304,0.0,0.0,0.8043478260869564,0.0,0.0,0.0,0.10869565217391308,0.0,0.06521739130434785,0.021739130434782615,none,0.8043478260869564,12.05133006528711,1
Supplementary_Figures_S6-S7__S7_E10__Snap-245-Bild-Export-57,BRAFi,E10,25,5,0,7,4,387.8906509788019,194,0.26362297496318116,0.3865979381443299,61.246149161479586,254.0,0.14948453608247422,21,0.30927835051546393,2.671641791044776,0.612273681618632,55.498383605103214,54.999303650431365,81.85546875,0.17636229749631813,0.2268041237113402,20.955061155315136,111.05865731334362,0.12886597938144329,28,0.3608247422680413,1.9314516129032258,0.7698625308367383,19.604203122385602,20.383408944984946,34.093724526667344,0.16605301914580264,0.25257731958762886,64.42818083072899,250.1320048602642,0.2268041237113402,12,0.5463917525773196,2.5625,0.5422498832777831,65.65843585739366,59.243085240048956,94.75390625000001,0.15979381443298968,0.3522727272727273,0.5743864811661962,0.18041237113402062,0.39325842696629215,0.48086787083274846,0.09278350515463918,0.24,0.38991753683947905,0.12886597938144329,0.05670103092783505,0.061855670103092786,0.4845360824742268,0.061855670103092814,0.056701030927835155,0.010309278350515374,0.12886597938144323,0.09793814432989692,0.07731958762886605,0.08247422680412363,none,0.4845360824742268,51.17290910010579,1
Supplementary_Figures_S6-S7__S7_E10__Snap-245-Bild-Export-57,BRAFi,E10,26,4,5,8,7,277.6140416304602,139,0.4260020554984584,0.5899280575539568,76.94301862549626,251.60031005569212,0.3669064748201439,8,0.12230215827338131,3.3975409836065573,0.5425022509564413,72.8735153515994,66.09908827654459,81.85546875,0.2816032887975334,0.3669064748201439,26.51805699890661,151.62397490415339,0.2949640287769784,13,0.18705035971223016,2.424778761061947,0.6914108116289643,24.93595975519583,25.208343467205307,34.093724526667344,0.19116135662898254,0.2589928057553957,64.53977696464118,178.42816747465056,0.22302158273381295,13,0.41007194244604317,2.268292682926829,0.5762477852462049,64.99201485889577,56.348312529941836,94.75390625000001,0.31654676258992803,0.4943820224719101,0.655756479234448,0.19424460431654678,0.2967032967032967,0.4488587325496782,0.12949640287769784,0.2608695652173913,0.39528084232663074,0.19424460431654678,0.03597122302158273,0.050359712230215826,0.3093525179856118,0.050359712230215514,0.03597122302158268,0.014388489208633172,0.1942446043165466,0.0791366906474823,0.20143884892086336,0.11510791366906456,none,0.3093525179856118,36.62454375072034,2
Supplementary_Figures_S6-S7__S7_E10__Snap-245-Bild-Export-57,BRAFi,E10,29,6,4,3,8,224.82226594576116,112,0.15492063492063493,0.22321428571428573,47.61594653285932,253.87909810669836,0.08035714285714286,14,0.5803571428571428,2.595744680851064,0.7126199527027408,42.512260571429756,44.47170010279301,81.85546875,0.1073015873015873,0.13392857142857142,15.42234209881922,104.75256347526354,0.08035714285714286,17,0.6071428571428572,1.9204545454545454,0.7171978430337819,13.628206810104357,16.041200815683236,34.093724526667344,0.16,0.20535714285714285,64.20812459649636,254.0,0.23214285714285715,5,0.6964285714285714,3.7058823529411766,0.6122952864122511,64.08361697686912,60.5278263893166,94.75390625000001,0.10714285714285714,0.42857142857142855,0.6162096617733215,0.125,0.4117647058823529,0.8021720433677719,0.07142857142857142,0.26666666666666666,0.5964345506563333,0.0625,0.026785714285714284,0.08035714285714286,0.6696428571428573,0.08035714285714296,0.026785714285714364,0.0,0.0625000000000001,0.05357142857142847,0.03571428571428567,0.07142857142857122,none,0.6696428571428573,29.659929544295668,1
Supplementary_Figures_S6-S7__S7_E10__Snap-245-Bild-Export-57,BRAFi,E10,30,2,6,12,3,110.39505682627853,55,0.24805194805194805,0.36363636363636365,57.76163019337733,206.48128874498718,0.2727272727272727,7,0.32727272727272727,2.581081081081081,0.5598423223488295,50.22878394902972,53.951711469798234,81.85546875,0.22727272727272727,0.3090909090909091,22.383785242472822,96.37484885126378,0.45454545454545453,5,0.19999999999999996,1.9886363636363635,0.5373555809779622,17.126673047731924,25.101166155158538,34.093724526667344,0.15454545454545454,0.21818181818181817,60.79217595267567,163.08780191861865,0.2727272727272727,6,0.5272727272727273,2.2884615384615383,0.5183586727156685,46.513141442652646,70.12464577403466,94.75390625000001,0.16363636363636364,0.32142857142857145,0.5393492783624938,0.14545454545454545,0.3333333333333333,0.4902341293270048,0.18181818181818182,0.5263157894736842,0.755216373428412,0.16363636363636364,0.07272727272727272,0.0,0.490909090909091,0.0,0.07272727272727268,0.07272727272727281,0.1636363636363636,0.036363636363636306,0.05454545454545466,0.10909090909090889,none,0.490909090909091,14.563991665735955,2
Supplementary_Figures_S6-S7__S7_E10__Snap-245-Bild-Export-57,BRAFi,E10,31,5,3,7,5,158.00552753838707,79,0.6754068716094033,0.9367088607594937,108.57381643129524,254.0,0.4936708860759494,2,0.012658227848101222,4.788461538461538,0.34287405844966257,105.75919853219031,97.85729240373657,81.85546875,0.5443037974683544,0.7848101265822784,39.70802223946312,143.40274934014306,0.6075949367088608,3,0.025316455696202556,3.909090909090909,0.47846299024810995,37.31936890212511,39.89368257592261,34.093724526667344,0.5723327305605787,0.7215189873417721,111.7032099254366,254.0,0.3037974683544304,5,0.21518987341772156,5.104838709677419,0.34478650365802765,106.44652688450954,110.77174167578114,94.75390625000001,0.759493670886076,0.7894736842105263,0.7288186633950624,0.6708860759493671,0.6794871794871795,0.47180755772304783,0.5949367088607594,0.6527777777777778,0.41439703647385656,0.08860759493670886,0.012658227848101266,0.0379746835443038,0.0,0.037974683544303806,0.012658227848101267,0.012658227848101222,0.08860759493670883,0.08860759493670887,0.17721518987341775,0.5822784810126583,AJ+TJ+actin,0.5822784810126583,20.845056403481145,3
Supplementary_Figures_S6-S7__S7_E10__Snap-245-Bild-Export-57,BRAFi,E10,32,3,7,5,15,329.6990862794713,165,0.6406926406926406,0.8363636363636363,107.159176151321,254.0,0.696969696969697,4,0.036363636363636376,4.654088050314465,0.3844279899722036,101.05422985284012,99.73050014872292,81.85546875,0.29523809523809524,0.3696969696969697,27.636872789899197,138.56412098355685,0.18181818181818182,19,0.21818181818181814,2.643410852713178,0.7555688739752537,26.415605840266764,27.41989795367761,34.093724526667344,0.12121212121212122,0.16363636363636364,48.81000591396343,254.0,0.10909090909090909,3,0.8,4.242424242424242,0.47420717938427703,50.37881019857935,45.9638766997171,94.75390625000001,0.34545454545454546,0.4014084507042254,0.6863243451419792,0.16363636363636364,0.1956521739130435,0.6747117798587838,0.15757575757575756,0.41935483870967744,0.7687516357558465,0.48484848484848486,0.024242424242424242,0.0,0.1393939393939393,0.0,0.024242424242424284,0.0,0.4848484848484848,0.006060606060606016,0.18787878787878795,0.15757575757575765,AJ only,0.4848484848484848,43.495921672753475,2
Supplementary_Figures_S6-S7__S7_E10__Snap-245-Bild-Export-57,BRAFi,E10,35,8,4,6,8,136.8299217491521,68,0.5119916579770595,0.8676470588235294,88.42912883828251,249.67922795213235,0.6911764705882353,2,0.044117647058823484,3.753846153846154,0.3811475409836066,77.53322515942996,82.8602502758693,81.85546875,0.23670490093847757,0.27941176470588236,24.990781955171954,112.53284212020942,0.17647058823529413,11,0.23529411764705888,2.150641025641026,0.6112009497686763,22.924432355179558,25.0580794069582,34.093724526667344,0.5974973931178311,0.8970588235294118,103.904701158692,254.00000000000003,1.0,1,0.0,4.181372549019607,0.39112196632316515,125.48315130236664,78.79057267487323,94.75390625000001,0.25,0.2786885245901639,0.26604066478076405,0.7794117647058824,0.7910447761194029,0.37332847454382534,0.23529411764705882,0.25,0.39530277701536015,0.04411764705882353,0.0,0.08823529411764706,0.014705882352941195,0.088235294117647,0.0,0.02941176470588234,0.044117647058823484,0.5735294117647058,0.044117647058823484,0.20588235294117657,AJ+actin,0.5735294117647058,18.051440864004235,0
Supplementary_Figures_S6-S7__S7_E10__Snap-245-Bild-Export-57,BRAFi,E10,36,6,8,3,6,326.25300067564854,163,0.3720420683610868,0.5705521472392638,75.5643785901332,254.0,0.25766871165644173,14,0.16564417177914115,3.1213235294117645,0.5614990597641196,65.77864758033623,69.81440559388365,81.85546875,0.12489044697633654,0.13496932515337423,16.962087043654254,114.85929842883034,0.0736196319018405,21,0.50920245398773,1.78125,0.7825033421369679,14.903121372188501,17.43110716606036,34.093724526667344,0.3312883435582822,0.4723926380368098,85.84677648379713,254.00000000000003,0.19631901840490798,14,0.31288343558282206,3.375,0.6246300100234607,75.15255518186072,88.6160897423278,94.75390625000001,0.11042944785276074,0.18556701030927836,0.6274700135849766,0.3803680981595092,0.5740740740740741,0.5304802935946351,0.12269938650306748,0.25316455696202533,0.7269359841521972,0.17791411042944785,0.0,0.06748466257668712,0.3374233128834356,0.06748466257668732,0.0,0.024539877300613216,0.1779141104294479,0.2822085889570551,0.012269938650306827,0.09815950920245402,none,0.3374233128834356,43.04129296512514,1
Supplementary_Figures_S6-S7__S7_E10__Snap-245-Bild-Export-57,BRAFi,E10,37,8,5,6,7,193.17599799290807,97,0.46780162842339007,0.7628865979381443,84.21749020640848,247.87097931172136,0.5257731958762887,6,0.08247422680412375,3.5730337078651684,0.3972172397322711,74.01655454996678,78.68817195055321,81.85546875,0.29459659511472985,0.36082474226804123,28.575665837020445,145.48176186601995,0.16494845360824742,11,0.15463917525773196,2.4390243902439024,0.7002499553730795,23.069942556916544,31.76371058799052,34.093724526667344,0.5077720207253886,0.6701030927835051,105.51409514842653,249.91439427838412,0.4948453608247423,5,0.23711340206185572,4.635135135135135,0.3902678399531738,87.27624834504529,117.89917986427142,94.75390625000001,0.29896907216494845,0.3625,0.4256698664509652,0.5979381443298969,0.7160493827160493,0.6842307701657585,0.25773195876288657,0.3333333333333333,0.17418540726618148,0.1134020618556701,0.05154639175257732,0.061855670103092786,0.11340206185566984,0.061855670103092994,0.05154639175257735,0.010309278350515462,0.11340206185567035,0.35051546391752564,0.051546391752577275,0.24742268041237112,AJ+actin,0.35051546391752564,25.484960157375735,0
Supplementary_Figures_S6-S7__S7_E10__Snap-245-Bild-Export-57,BRAFi,E10,38,9,3,2,5,327.11849841770913,164,0.26256006989951947,0.3780487804878049,57.173450868262975,253.8579263538337,0.21951219512195122,10,0.426829268292683,3.1968085106382977,0.6041308406361756,52.0413334627485,51.285651263862206,81.85546875,0.2608125819134993,0.36585365853658536,24.147598866321452,100.21033712800718,0.1524390243902439,18,0.323170731707317,2.689189189189189,0.6123784492728962,21.757329995324117,24.16268634638793,34.093724526667344,0.2800349497597204,0.3719512195121951,75.87179113070721,254.00000000000003,0.2621951219512195,9,0.41463414634146345,3.3489583333333335,0.612221588534599,74.66562011291563,72.84837839857846,94.75390625000001,0.2682926829268293,0.5641025641025641,0.8024940579605808,0.21951219512195122,0.41379310344827586,0.6792150939687576,0.2682926829268293,0.5714285714285714,0.7899288381617668,0.07317073170731707,0.012195121951219513,0.06707317073170732,0.45731707317073184,0.06707317073170736,0.012195121951219572,0.08536585365853637,0.0731707317073171,0.036585365853658604,0.0853658536585363,0.18292682926829285,none,0.45731707317073184,43.15547472529144,2
Supplementary_Figures_S6-S7__S7_E10__Snap-245-Bild-Export-57,BRAFi,E10,39,5,9,7,2,103.79253765605802,52,0.7074175824175825,0.8461538461538461,126.59167542040062,254.0,1.0,1,0.0,4.951923076923077,0.4040095023749286,112.92448130403184,126.98143512688517,81.85546875,0.4766483516483517,0.6730769230769231,37.098593426122115,150.16126944543208,0.5961538461538461,3,0.11538461538461542,3.7717391304347827,0.5087169619454847,34.147662052650155,38.25914680549187,34.093724526667344,0.3557692307692308,0.4230769230769231,94.01796240891757,254.0,0.2692307692307692,5,0.32692307692307687,3.7,0.6676746354043949,81.99706641257089,101.53226652195261,94.75390625000001,0.6346153846153846,0.717391304347826,0.84579132985762,0.40384615384615385,0.4666666666666667,0.8039967153799572,0.3269230769230769,0.425,0.7705301833524668,0.11538461538461539,0.019230769230769232,0.0,0.11538461538461543,0.0,0.019230769230769194,0.019230769230769263,0.11538461538461543,0.09615384615384603,0.3269230769230769,0.3076923076923077,AJ+TJ,0.3269230769230769,13.692946920324276,3
Supplementary_Figures_S6-S7__S7_E10__Snap-245-Bild-Export-57,BRAFi,E10,40,10,5,11,7,73.12314993910182,37,0.2191780821917808,0.32432432432432434,54.08767907856797,183.9239714362702,0.24324324324324326,5,0.3513513513513513,2.3333333333333335,0.5857578381020259,43.74969007451861,52.5750601396881,81.85546875,0.22504892367906065,0.32432432432432434,23.101440801575627,151.23511397023017,0.21621621621621623,7,0.29729729729729726,2.269230769230769,0.7184921489568354,19.508993867202904,24.76370693140853,34.093724526667344,0.16046966731898238,0.24324324324324326,63.59538506305458,220.5030198411125,0.16216216216216217,3,0.6216216216216216,3.107142857142857,0.4678881020010947,57.35553283853487,67.71588358305678,94.75390625000001,0.16216216216216217,0.3333333333333333,0.6043756641864052,0.10810810810810811,0.23529411764705882,0.2879185907645003,0.1891891891891892,0.5,0.39962264490829175,0.10810810810810811,0.02702702702702703,0.0,0.5135135135135134,0.0,0.02702702702702708,0.13513513513513523,0.10810810810810806,0.05405405405405416,0.10810810810810806,0.05405405405405397,none,0.5135135135135134,9.646853553971217,2
Supplementary_Figures_S6-S7__S7_E10__Snap-245-Bild-Export-57,BRAFi,E10,41,8,10,6,11,152.7897506771874,76,0.28291316526610644,0.3815789473684211,63.75345643869387,253.83897150678695,0.21052631578947367,9,0.39473684210526316,3.2934782608695654,0.6240067972408279,58.282429307954224,59.42635640566568,81.85546875,0.1811391223155929,0.2236842105263158,21.561996429781676,156.73500688430693,0.14473684210526316,9,0.5,2.5526315789473686,0.7934796455626332,19.85807133500284,21.376494742489314,34.093724526667344,0.2969187675070028,0.3684210526315789,82.90115794493741,254.0,0.23684210526315788,4,0.48684210526315785,4.076923076923077,0.5403500397156196,84.36284493305493,79.14323476224222,94.75390625000001,0.15789473684210525,0.35294117647058826,0.535931728558377,0.2894736842105263,0.6285714285714286,0.810976771542398,0.15789473684210525,0.36363636363636365,0.5131750519357681,0.06578947368421052,0.039473684210526314,0.05263157894736842,0.4999999999999999,0.052631578947368404,0.03947368421052632,0.026315789473684216,0.06578947368421054,0.1578947368421054,0.02631578947368421,0.131578947368421,none,0.4999999999999999,20.156959192241082,1
Supplementary_Figures_S6-S7__S7_E10__Snap-245-Bild-Export-57,BRAFi,E10,42,10,9,11,2,265.3739744997548,133,0.22641509433962265,0.3684210526315789,52.99537286728107,253.22674600992772,0.24060150375939848,10,0.39097744360902253,2.5925925925925926,0.5090006214662819,44.605573826634,47.597589823993125,81.85546875,0.1196765498652291,0.12030075187969924,16.10227916474995,102.19912856304153,0.08270676691729323,16,0.48120300751879697,1.608695652173913,0.697747602347329,14.659088937922768,15.257239492048184,34.093724526667344,0.23881401617250675,0.3308270676691729,69.14985324802802,228.4899595228493,0.23308270676691728,9,0.3984962406015038,2.76875,0.534902984816281,67.43982238377008,62.34993266758192,94.75390625000001,0.07518796992481203,0.18181818181818182,0.6131270058628566,0.18045112781954886,0.34782608695652173,0.45604235475771426,0.06766917293233082,0.17647058823529413,0.5388335767563794,0.15789473684210525,0.022556390977443608,0.12781954887218044,0.45864661654135336,0.1278195488721805,0.022556390977443636,0.022556390977443646,0.1578947368421052,0.1353383458646616,0.030075187969924828,0.04511278195488726,none,0.45864661654135336,35.009759168833085,1
Supplementary_Figures_S6-S7__S7_E10__Snap-245-Bild-Export-57,BRAFi,E10,43,9,7,2,15,236.82918334030532,118,0.12597950572634117,0.15254237288135594,32.73999018145942,253.9095039936151,0.11864406779661017,5,0.7457627118644068,3.4833333333333334,0.6403086696412567,29.750253024254484,30.965238402760335,81.85546875,0.13321277878239904,0.1440677966101695,17.68854717147774,103.00330542485777,0.16101694915254236,16,0.5677966101694916,2.1666666666666665,0.8594188534993208,17.096653683608576,16.9635602819804,34.093724526667344,0.321880650994575,0.3983050847457627,78.41316367931579,253.88986685252146,0.3389830508474576,8,0.2033898305084746,2.8138297872340425,0.6633437052284309,69.98643864994975,79.57228601435548,94.75390625000001,0.09322033898305085,0.4583333333333333,0.7686484704877854,0.13559322033898305,0.32653061224489793,0.5879237752215368,0.0847457627118644,0.18518518518518517,0.42292785823459933,0.00847457627118644,0.05084745762711865,0.2627118644067797,0.5338983050847458,0.2627118644067796,0.05084745762711865,0.0,0.008474576271186437,0.050847457627118745,0.008474576271186446,0.08474576271186428,none,0.5338983050847458,31.243955585792257,1
Supplementary_Figures_S6-S7__S7_E10__Snap-245-Bild-Export-57,BRAFi,E10,45,8,11,6,17,260.84171874256845,130,0.3995621237000547,0.6384615384615384,78.77049123284536,254.0,0.5230769230769231,10,0.11538461538461542,3.1550724637681156,0.5391490105413321,67.98769802616549,73.56778526693188,81.85546875,0.26217843459222767,0.27692307692307694,27.817076673591515,186.1579957793646,0.2692307692307692,19,0.3384615384615385,2.7751937984496124,0.890243446880135,23.666301974791917,28.772537054838754,34.093724526667344,0.48440065681444994,0.6384615384615384,113.03168030150991,254.00000000000003,0.6615384615384615,8,0.22307692307692306,4.356435643564357,0.46707172011965903,97.95013887007278,119.79461732220635,94.75390625000001,0.2230769230769231,0.32222222222222224,0.4516486713085038,0.5384615384615384,0.7291666666666666,0.5537107800758557,0.2692307692307692,0.4166666666666667,0.8317367750971528,0.09230769230769231,0.0,0.046153846153846156,0.2615384615384616,0.046153846153846094,0.0,0.053846153846153884,0.09230769230769227,0.32307692307692315,0.007692307692307682,0.2153846153846153,AJ+actin,0.32307692307692315,34.41183624572143,0
Supplementary_Figures_S6-S7__S7_E10__Snap-245-Bild-Export-57,BRAFi,E10,46,11,10,17,11,522.5402773483535,261,0.11253755804425021,0.1532567049808429,39.904290762556435,248.28872451970477,0.10344827586206896,25,0.5900383141762452,1.925233644859813,0.6791000154561575,36.85106434047457,34.1459091485491,81.85546875,0.15897295820813986,0.19540229885057472,19.158692329111048,186.46822468681418,0.07662835249042145,36,0.48659003831417624,2.1691542288557217,0.7747431771711086,16.362336850468846,20.08751049596145,34.093724526667344,0.09123190385140673,0.1111111111111111,50.68171431672553,189.97064576750333,0.08812260536398467,18,0.7318007662835249,2.3857142857142857,0.6137651525781443,49.139215679517015,47.194812895561505,94.75390625000001,0.06130268199233716,0.21333333333333335,0.17868672771958716,0.06896551724137931,0.35294117647058826,0.6198757053982689,0.06513409961685823,0.2698412698412698,0.21318247858628622,0.07279693486590039,0.11877394636015326,0.02681992337164751,0.6858237547892722,0.026819923371647462,0.11877394636015326,0.015325670498084375,0.0727969348659004,0.01915708812260532,0.011494252873563187,0.04980842911877387,none,0.6858237547892722,68.93671205123397,1
Supplementary_Figures_S6-S7__S7_E10__Snap-245-Bild-Export-57,BRAFi,E10,47,6,11,3,17,303.19364937973114,152,0.23385195662423386,0.34868421052631576,58.38129616543977,247.7349437907667,0.14473684210526316,16,0.3223684210526315,2.407766990291262,0.5956697495863967,51.506022395860306,51.60891018933251,81.85546875,0.6313059877416313,0.8618421052631579,50.3688603210849,220.96186022346433,0.4934210526315789,2,0.019736842105263164,4.493288590604027,0.3614390896338576,42.22341599058805,50.628660483597926,34.093724526667344,0.157001414427157,0.21710526315789475,50.59523043822423,254.0,0.2565789473684211,4,0.6907894736842105,3.5425531914893615,0.5568769286974612,48.35863167309293,46.78995525780865,94.75390625000001,0.34868421052631576,0.40458015267175573,0.8141307287437206,0.18421052631578946,0.4827586206896552,0.7827809976695163,0.21710526315789475,0.25190839694656486,0.7675676719739295,0.0,0.48026315789473684,0.0,0.1381578947368423,0.0,0.48026315789473667,0.03289473684210526,0.0,0.0,0.16447368421052633,0.18421052631578946,TJ only,0.48026315789473667,39.999162187299625,2
Supplementary_Figures_S6-S7__S7_E10__Snap-245-Bild-Export-57,BRAFi,E10,48,10,7,11,15,348.5740307442188,174,0.09619320507572657,0.10919540229885058,42.358398468386156,254.0,0.05172413793103448,23,0.6724137931034483,2.058479532163743,0.9021709282508452,38.369365193170054,39.711822377827176,81.85546875,0.2177650429799427,0.28735632183908044,23.781154575546896,126.61547481074483,0.1206896551724138,21,0.31034482758620685,2.2138888888888886,0.7419658318440008,21.98793569693029,24.498935508150957,34.093724526667344,0.42202210397052803,0.5172413793103449,100.33257297857857,254.00000000000003,0.25862068965517243,15,0.32183908045977017,4.348870056497175,0.5066364574326915,101.64945918903916,95.76427050984067,94.75390625000001,0.07471264367816093,0.23214285714285715,0.640586985397659,0.09770114942528736,0.18478260869565216,0.3476769788922275,0.21264367816091953,0.3592233009708738,0.4953915091418334,0.011494252873563218,0.07471264367816093,0.28160919540229884,0.3965517241379314,0.2816091954022987,0.07471264367816072,0.13793103448275873,0.011494252873563223,0.02298850574712641,0.0,0.07471264367816094,none,0.3965517241379314,45.986019887100106,0
Supplementary_Figures_S6-S7__S7_E10__Snap-245-Bild-Export-57,BRAFi,E10,50,7,12,15,14,40.62522315463005,20,0.003484320557491289,0.0,14.78460955418137,111.97710064012911,0.05,1,0.95,0.3333333333333333,,14.371241139434158,10.187969686724394,81.85546875,0.11498257839721254,0.15,14.828288809914916,55.47154295889004,0.2,5,0.55,1.7222222222222223,0.9089679228132496,13.289075502343874,15.192493293801018,34.093724526667344,0.020905923344947737,0.0,34.271032597691324,109.87312129776406,0.1,2,0.85,1.0,0.7071067811865476,28.823155128994877,36.90896183889641,94.75390625000001,0.0,0.0,0.6422868709911275,0.0,,-0.22076531318139744,0.0,0.0,-0.5205270903079727,0.0,0.15,0.0,0.8500000000000001,0.0,0.15000000000000002,0.0,0.0,0.0,0.0,0.0,none,0.8500000000000001,5.359528120663595,1
Supplementary_Figures_S6-S7__S7_E100__Snap-248-Bild-Export-60,BRAFi,E100,5,1,0,15,23,112.38153729608194,56,0.10714285714285714,0.125,46.7873021907606,220.94128754477686,0.125,5,0.6964285714285714,2.4705882352941178,0.6265570174733698,38.963995414106854,42.8128945257583,93.76171875000001,0.0,0.0,6.94210353484722,56.25721987033848,0.0,0,1.0,,,5.090757777796876,7.70946101919224,77.88671875000001,0.21683673469387754,0.26785714285714285,80.22696726435028,254.00000000000003,0.2857142857142857,2,0.6964285714285714,5.0,0.344707889976085,70.62801626746914,81.77379099445416,106.66015625000001,0.0,0.0,0.4753618238533886,0.125,0.4666666666666667,0.5639744116593264,0.0,0.0,0.8859838642900214,0.0,0.0,0.14285714285714285,0.7321428571428571,0.14285714285714293,0.0,0.0,0.0,0.12499999999999993,0.0,0.0,none,0.7321428571428571,14.826060329298409,1
Supplementary_Figures_S6-S7__S7_E100__Snap-248-Bild-Export-60,BRAFi,E100,6,2,1,9,15,125.18365244121262,63,0.23314285714285715,0.31746031746031744,62.811348269445695,253.04558959383218,0.30158730158730157,9,0.17460317460317465,1.9615384615384615,0.6437825552698824,53.66779669586373,57.63369056465833,93.76171875000001,0.056,0.031746031746031744,35.501116428144186,208.82061065526983,0.09523809523809523,8,0.7142857142857143,1.3611111111111112,0.99331375703167,32.379301965418755,32.83307882129944,77.88671875000001,0.06285714285714286,0.09523809523809523,46.92925332863263,196.55228624300634,0.12698412698412698,3,0.7936507936507937,2.1153846153846154,0.8248215434337276,39.976196255906316,46.523275982454656,106.66015625000001,0.015873015873015872,0.047619047619047616,0.525656038849248,0.07936507936507936,0.23809523809523808,0.51566474296741,0.015873015873015872,0.14285714285714285,0.7540015131076623,0.23809523809523808,0.015873015873015872,0.015873015873015872,0.6507936507936509,0.01587301587301591,0.01587301587301591,0.0,0.23809523809523814,0.0634920634920634,0.0,0.015873015873015796,none,0.6507936507936509,16.514993725753644,1
Supplementary_Figures_S6-S7__S7_E100__Snap-248-Bild-Export-60,BRAFi,E100,7,3,2,21,9,26.177061646867347,13,0.01098901098901099,0.0,36.63759178065364,101.37283560452644,0.07692307692307693,1,0.9230769230769231,1.0,,33.83873194789595,34.04089649373407,93.76171875000001,0.27472527472527475,0.38461538461538464,61.28070225891877,146.04068929158097,0.7692307692307693,1,0.23076923076923073,2.5,0.46475800154489005,49.88016041947856,69.95354435581044,77.88671875000001,0.0,0.0,18.986642560798778,59.26177334589555,0.0,0,1.0,,,21.438562272410227,15.303872558216199,106.66015625000001,0.0,0.0,0.7155774057541114,0.0,,0.6412853609873012,0.0,0.0,0.611379591017088,0.0,0.38461538461538464,0.0,0.6153846153846153,0.0,0.3846153846153847,0.0,0.0,0.0,0.0,0.0,none,0.6153846153846153,3.453438211987777,2
Supplementary_Figures_S6-S7__S7_E100__Snap-248-Bild-Export-60,BRAFi,E100,8,4,3,16,21,357.98359639993515,179,0.11652035115722266,0.1787709497206704,49.336714245130516,252.8334840991213,0.0782122905027933,19,0.5865921787709497,1.972972972972973,0.6945218988936093,45.07664289912206,43.552505459330284,93.76171875000001,0.05865921787709497,0.08379888268156424,33.95547378711467,169.04956650485934,0.0893854748603352,15,0.770949720670391,1.7926829268292683,0.7235869945891016,28.87042591583373,35.00467251547636,77.88671875000001,0.0111731843575419,0.00558659217877095,37.64325805038626,142.01664153908365,0.0223463687150838,7,0.9217877094972067,1.0,0.6546536707079771,38.25451085582908,31.752874534826685,106.66015625000001,0.055865921787709494,0.2702702702702703,0.7232616771684468,0.00558659217877095,0.03125,0.663899850904891,0.0,0.0,0.7811366619900236,0.11731843575418995,0.027932960893854747,0.0,0.7932960893854746,0.0,0.027932960893854664,0.0,0.11731843575418997,0.005586592178770901,0.055865921787709646,0.0,none,0.7932960893854746,47.22738738785424,1
Supplementary_Figures_S6-S7__S7_E100__Snap-248-Bild-Export-60,BRAFi,E100,9,5,2,12,9,332.007452629006,166,0.04905335628227195,0.04819277108433735,32.78218532940244,247.7176161613248,0.060240963855421686,16,0.7590361445783133,1.425,0.9816726198973882,26.593772512850197,28.529559401453906,93.76171875000001,0.24483648881239242,0.3313253012048193,53.384304596321556,215.55246046082866,0.2469879518072289,16,0.1506024096385542,2.017730496453901,0.5890852348720316,38.45440544070026,56.56924273242336,77.88671875000001,0.040017211703958694,0.04819277108433735,44.01454794923934,251.43582744427752,0.06626506024096386,7,0.8614457831325302,2.0217391304347827,0.7346533700016654,45.08229902731226,36.200112977727464,106.66015625000001,0.03614457831325301,0.10526315789473684,0.6107737771946442,0.030120481927710843,0.45454545454545453,0.7867474295474954,0.03614457831325301,0.10526315789473684,0.5139711067374572,0.006024096385542169,0.28313253012048195,0.006024096385542169,0.650602409638554,0.0060240963855421265,0.28313253012048206,0.012048192771084425,0.006024096385542041,0.006024096385542212,0.012048192771084425,0.024096385542168676,none,0.650602409638554,43.8004554919533,2
Supplementary_Figures_S6-S7__S7_E100__Snap-248-Bild-Export-60,BRAFi,E100,10,3,5,21,12,273.68873269916094,137,0.16423357664233576,0.2116788321167883,61.003981075491744,253.97879860033598,0.2116788321167883,13,0.33576642335766427,1.7307692307692308,0.6513586397687612,52.719828103850915,57.774196192485014,93.76171875000001,0.37174139728884253,0.43795620437956206,76.6507813707682,254.0,0.2846715328467153,12,0.2846715328467153,3.6377551020408165,0.61649369884994,62.812183983695704,80.93787887438876,77.88671875000001,0.721584984358707,0.9197080291970803,157.62444253492453,254.00000000000003,0.948905109489051,1,0.051094890510948954,5.323076923076923,0.24434788164936236,117.63935374547717,184.4577749941619,106.66015625000001,0.17518248175182483,0.36923076923076925,0.6333100709267999,0.2116788321167883,0.23015873015873015,0.24139103164670572,0.3722627737226277,0.37777777777777777,-0.05834966115397739,0.0,0.06569343065693431,0.5109489051094891,0.01459854014598541,0.5109489051094892,0.06569343065693423,0.19708029197080293,0.0,0.036496350364963494,0.0,0.17518248175182477,actin only,0.5109489051094892,36.10669296822704,0
Supplementary_Figures_S6-S7__S7_E100__Snap-248-Bild-Export-60,BRAFi,E100,11,2,6,9,13,292.94929496634626,146,0.4129692832764505,0.5068493150684932,100.4522381947383,254.00000000000003,0.3493150684931507,7,0.3561643835616438,4.503546099290781,0.4872406333700727,90.8640793714681,97.6564283375844,93.76171875000001,0.22233057045343735,0.2876712328767123,56.92388568454042,226.49993318942356,0.19863013698630136,14,0.3356164383561644,2.3384879725085908,0.7422570602264562,47.924555848685905,61.45189821259482,77.88671875000001,0.2189176011701609,0.2808219178082192,77.7499683935434,254.0,0.1917808219178082,9,0.40410958904109584,2.5804597701149423,0.6882788743596864,72.26827203391687,75.32236499094608,106.66015625000001,0.18493150684931506,0.30337078651685395,0.3227711179134961,0.1917808219178082,0.3218390804597701,0.45832679985348934,0.136986301369863,0.31746031746031744,0.4391896406947567,0.2465753424657534,0.0821917808219178,0.0684931506849315,0.32191780821917804,0.06849315068493145,0.08219178082191786,0.020547945205479465,0.24657534246575347,0.07534246575342468,0.06849315068493152,0.11643835616438358,none,0.32191780821917804,38.6476642435813,1
Supplementary_Figures_S6-S7__S7_E100__Snap-248-Bild-Export-60,BRAFi,E100,12,6,1,13,15,648.8200289720127,324,0.09531146819282413,0.11728395061728394,44.53836238175357,254.0,0.040123456790123455,28,0.6666666666666667,2.0030864197530867,0.7757519377172744,38.89203065813612,39.50081661811379,93.76171875000001,0.0763812458727713,0.06481481481481481,39.812611219462624,194.22485424324321,0.033950617283950615,43,0.6296296296296297,1.4458333333333333,0.7639388422029052,34.945857229999326,39.24826794167828,77.88671875000001,0.0640545894783183,0.043209876543209874,44.063191325412745,227.11588965330722,0.09259259259259259,16,0.75,1.7962962962962963,0.7393988073006642,40.56156125965276,42.42329374331975,106.66015625000001,0.043209876543209874,0.3111111111111111,0.7236087080572947,0.021604938271604937,0.15555555555555556,0.5749345257245941,0.021604938271604937,0.25,0.6357909155637457,0.07407407407407407,0.021604938271604937,0.021604938271604937,0.8395061728395066,0.021604938271604986,0.02160493827160497,0.0,0.07407407407407375,0.0,0.021604938271604927,0.021604938271604902,none,0.8395061728395066,85.59630989076685,1
Supplementary_Figures_S6-S7__S7_E100__Snap-248-Bild-Export-60,BRAFi,E100,13,1,7,15,1,658.093413450706,329,0.20712114633087278,0.3009118541033435,60.64257767046655,254.0,0.10030395136778116,32,0.38601823708206684,2.3613861386138613,0.6453550755773744,55.94982835020503,51.67368764376794,93.76171875000001,0.01411202778983934,0.00303951367781155,30.13698189461109,123.2953964191197,0.00911854103343465,21,0.8936170212765957,0.9285714285714286,0.5482624517293988,31.763586215593936,25.101478412674066,77.88671875000001,0.6115935735996526,0.8814589665653495,136.64214249269784,254.00000000000003,0.5045592705167173,7,0.03039513677811545,4.415360501567398,0.34429878752172544,160.06379549208174,103.38475682339296,106.66015625000001,0.0,0.0,0.47085784130811853,0.2735562310030395,0.3010033444816054,0.12101807809018542,0.00303951367781155,0.0034482758620689655,0.236931666177416,0.02735562310030395,0.0,0.6048632218844985,0.09118541033434673,0.6048632218844986,0.0,0.003039513677811485,0.02735562310030395,0.2735562310030393,0.0,0.0,actin only,0.6048632218844986,86.81971153703245,0
Supplementary_Figures_S6-S7__S7_E100__Snap-248-Bild-Export-60,BRAFi,E100,14,7,0,1,23,189.96831644374052,95,0.21804511278195488,0.2736842105263158,58.17693576673285,252.416006603604,0.18947368421052632,13,0.34736842105263155,2.338709677419355,0.6962443842275291,49.05527897435366,50.482133610768095,93.76171875000001,0.0,0.0,11.18290295060601,59.837297915548646,0.0,0,1.0,,,7.072904404753538,12.929569208242384,77.88671875000001,0.3827067669172932,0.5473684210526316,99.48197137078428,254.0,0.3263157894736842,6,0.10526315789473684,2.9941176470588236,0.5333327865285143,83.56989193490223,106.31885979041252,106.66015625000001,0.0,0.0,0.7355512035753737,0.24210526315789474,0.41818181818181815,0.7468758454575071,0.0,0.0,0.6956406492719748,0.031578947368421054,0.0,0.30526315789473685,0.4210526315789475,0.3052631578947366,0.0,0.0,0.03157894736842096,0.24210526315789488,0.0,0.0,none,0.4210526315789475,25.06178317199743,1
Supplementary_Figures_S6-S7__S7_E100__Snap-248-Bild-Export-60,BRAFi,E100,15,8,3,8,21,157.90865602242346,79,0.0216998191681736,0.02531645569620253,26.167166193445045,176.92303521241757,0.05063291139240506,4,0.9113924050632911,1.7142857142857142,0.6009252125773317,24.905579581846446,23.24674133413774,93.76171875000001,0.2332730560578662,0.2911392405063291,54.367681933854584,254.0,0.24050632911392406,12,0.44303797468354433,2.9318181818181817,0.7709574164767803,56.26131283252803,48.42428349382115,77.88671875000001,0.03164556962025317,0.0379746835443038,37.67499276460447,172.89251101010316,0.0379746835443038,4,0.8860759493670887,1.9444444444444444,0.7515969393123374,34.59804622972338,37.40125346658301,106.66015625000001,0.02531645569620253,0.08695652173913043,0.6498469863229855,0.012658227848101266,0.25,0.7392468884618499,0.0379746835443038,0.13043478260869565,0.7729907700823481,0.0,0.24050632911392406,0.0,0.7088607594936709,0.0,0.24050632911392406,0.02531645569620249,0.0,0.0,0.012658227848101267,0.012658227848101267,none,0.7088607594936709,20.832276520108636,2
Supplementary_Figures_S6-S7__S7_E100__Snap-248-Bild-Export-60,BRAFi,E100,16,4,8,16,8,99.97608155013944,50,0.032857142857142856,0.04,37.60370382369263,135.20454985661058,0.08,2,0.9,2.3,0.7091089752304388,31.124756339156473,37.55905652281619,93.76171875000001,0.1,0.08,43.00800518909414,160.06276223029738,0.16,7,0.5,1.4,0.9147320339189785,33.59412503427222,47.76645367543977,77.88671875000001,0.014285714285714285,0.0,41.586127178020305,125.00079423606502,0.06,3,0.9,1.0,0.31622776601683794,38.58150460541574,41.1785974607543,106.66015625000001,0.02,0.2,0.8166981457989809,0.0,0.0,0.6565515344628995,0.0,0.0,0.6488688649870972,0.02,0.06,0.0,0.9000000000000002,0.0,0.05999999999999984,0.0,0.02000000000000004,0.0,0.02000000000000004,0.0,none,0.9000000000000002,13.189456668883832,1
Supplementary_Figures_S6-S7__S7_E100__Snap-248-Bild-Export-60,BRAFi,E100,18,5,6,12,13,246.48035698930974,123,0.11904761904761904,0.17073170731707318,53.68321189956716,250.48241586536807,0.15447154471544716,12,0.6016260162601625,2.0918367346938775,0.7009129764777393,50.08525150465743,48.142924330099525,93.76171875000001,0.42044134727061555,0.5691056910569106,78.67180382132454,238.94593726707623,0.34146341463414637,13,0.1707317073170732,3.549019607843137,0.5896932798334229,74.76384473320823,77.77910009935624,77.88671875000001,0.39547038327526135,0.5853658536585366,89.618280428637,254.0,0.44715447154471544,3,0.3739837398373984,4.422077922077922,0.31880126560363065,95.2620877847749,77.71435712601311,106.66015625000001,0.17073170731707318,0.3,0.3131804440063831,0.15447154471544716,0.25675675675675674,0.5373342121991754,0.44715447154471544,0.632183908045977,0.4769573473899214,0.0,0.10569105691056911,0.13821138211382114,0.2926829268292683,0.138211382113821,0.1056910569105691,0.2926829268292684,0.0,0.0,0.016260162601626073,0.15447154471544716,TJ+actin,0.2926829268292684,32.51719749199337,2
Supplementary_Figures_S6-S7__S7_E100__Snap-248-Bild-Export-60,BRAFi,E100,19,9,4,20,16,287.0078973392286,144,0.0313588850174216,0.013888888888888888,40.17096778560191,146.17310599357722,0.041666666666666664,12,0.7986111111111112,1.0862068965517242,0.5806140050213296,37.40771529679962,36.50324014476774,93.76171875000001,0.008959681433549029,0.006944444444444444,24.340551859840538,141.58117560734414,0.013888888888888888,6,0.9305555555555556,0.9,1.3333333333333335,25.292408208046115,21.241604004844497,77.88671875000001,0.0004977600796416127,0.0,26.920010992970663,126.60629055287117,0.006944444444444444,1,0.9930555555555556,0.5,,30.027905248146098,22.044567741990427,106.66015625000001,0.006944444444444444,0.5,0.6852310610411341,0.0,0.0,0.6194298402441515,0.0,0.0,0.612844844061643,0.006944444444444444,0.0,0.0,0.9861111111111109,0.0,0.0,0.0,0.0069444444444444475,0.0,0.006944444444444348,0.0,none,0.9861111111111109,37.86383869910667,1
Supplementary_Figures_S6-S7__S7_E100__Snap-248-Bild-Export-60,BRAFi,E100,21,8,5,8,12,190.72476353235078,95,0.07853403141361257,0.05263157894736842,49.95042960536876,254.0,0.06315789473684211,17,0.6,1.381578947368421,1.0417584993534044,42.040849687435355,48.60251071612386,93.76171875000001,0.6649214659685864,0.9263157894736842,105.57314247239744,254.0,1.0,1,0.0,4.654385964912281,0.3411463716129516,97.05424914936934,101.80308647930966,77.88671875000001,0.2991772625280479,0.4631578947368421,90.70829497706382,251.18876643243715,0.4105263157894737,8,0.25263157894736843,2.7981220657276995,0.5451703506512656,95.26971386296127,78.59792152581608,106.66015625000001,0.05263157894736842,0.056818181818181816,0.6295900899884082,0.042105263157894736,0.08888888888888889,0.6067221411845914,0.42105263157894735,0.43478260869565216,0.4500146276787613,0.0,0.49473684210526314,0.042105263157894736,0.03157894736842105,0.04210526315789461,0.49473684210526314,0.3789473684210529,0.0,0.0,0.010526315789473708,0.04210526315789461,TJ only,0.49473684210526314,25.161578302420946,2
Supplementary_Figures_S6-S7__S7_E100__Snap-248-Bild-Export-60,BRAFi,E100,22,9,8,20,8,321.75723929535945,161,0.3216503992901508,0.5217391304347826,76.06158094481174,254.0,0.20496894409937888,13,0.1863354037267081,2.767175572519084,0.490817464635238,63.87404385304377,68.17475879760367,93.76171875000001,0.3748890860692103,0.546583850931677,68.35741771905322,251.78983675995778,0.2422360248447205,9,0.08074534161490687,2.85472972972973,0.5372455220419229,59.48464918098919,65.67633446314517,77.88671875000001,0.2311446317657498,0.2857142857142857,79.31660851988372,254.0,0.2484472049689441,13,0.31055900621118016,2.3468468468468466,0.5796290876706837,87.05232093691788,60.00091914224809,106.66015625000001,0.37267080745341613,0.5357142857142857,0.5811757815511905,0.21739130434782608,0.3684210526315789,0.5199561762610861,0.19875776397515527,0.3137254901960784,0.30226221997345004,0.10559006211180125,0.14906832298136646,0.043478260869565216,0.2608695652173911,0.04347826086956519,0.14906832298136657,0.024844720496894457,0.10559006211180133,0.04347826086956517,0.19875776397515527,0.17391304347826092,none,0.2608695652173911,42.44818460360943,2
Supplementary_Figures_S6-S7__S7_E100__Snap-248-Bild-Export-60,BRAFi,E100,23,5,10,12,19,75.73071309292504,38,0.07518796992481203,0.07894736842105263,42.41333189948631,241.4392143041229,0.10526315789473684,3,0.8157894736842105,2.857142857142857,0.7810249675906655,40.54158030250408,38.96534271333752,93.76171875000001,0.5770676691729323,0.6842105263157895,97.20427628142808,254.0,0.39473684210526316,3,0.23684210526315785,5.293103448275862,0.3815109643531289,105.52784353617552,87.88162140698931,77.88671875000001,0.06578947368421052,0.13157894736842105,50.12523250112071,167.9681576665509,0.13157894736842105,3,0.7894736842105263,2.1875,0.5591538797365979,52.46423012176098,47.08750237570437,106.66015625000001,0.07894736842105263,0.11538461538461539,0.7723715100282255,0.02631578947368421,0.14285714285714285,0.5659964151182681,0.13157894736842105,0.19230769230769232,0.8705850288849453,0.0,0.5,0.0,0.3157894736842105,0.0,0.5000000000000001,0.10526315789473684,0.0,0.0,0.05263157894736845,0.026315789473684133,TJ only,0.5000000000000001,9.990859247087737,2
Supplementary_Figures_S6-S7__S7_E100__Snap-248-Bild-Export-60,BRAFi,E100,24,10,6,19,13,165.14206220434002,83,0.2701298701298701,0.3614457831325301,71.42906680225819,251.97015862781112,0.2891566265060241,6,0.3614457831325302,2.990566037735849,0.6572273391897203,67.53899197343773,66.98716419640098,93.76171875000001,0.7982683982683982,0.963855421686747,117.89299174155254,254.0,0.6987951807228916,2,0.012048192771084376,5.664634146341464,0.24273113925117493,110.51758472332513,116.77656790310503,77.88671875000001,0.47619047619047616,0.6144578313253012,110.08239093024905,254.0,0.5903614457831325,6,0.19277108433734935,4.141791044776119,0.5324987382685606,118.36443278719562,97.00241139278545,106.66015625000001,0.3614457831325301,0.375,0.3192835404754427,0.3253012048192771,0.5,0.70661365314354,0.5783132530120482,0.5783132530120482,0.04820673945353006,0.0,0.3493975903614458,0.03614457831325301,0.0,0.03614457831325283,0.3493975903614459,0.2530120481927712,0.0,0.0,0.036144578313253045,0.32530120481927705,TJ only,0.3493975903614459,21.786551741997364,2
Supplementary_Figures_S6-S7__S7_E100__Snap-248-Bild-Export-60,BRAFi,E100,25,8,11,8,10,482.54982165766245,241,0.26796805678793256,0.34854771784232363,74.63803096008634,254.00000000000003,0.13278008298755187,30,0.3278008298755186,2.795267489711934,0.6792847622748887,70.78797701337459,65.68756233839062,93.76171875000001,0.6027802425317953,0.8298755186721992,98.01096654760305,254.0,0.42323651452282157,4,0.02904564315352698,4.344017094017094,0.3970295496229935,93.84058421819526,91.33054056751554,77.88671875000001,0.13043478260869565,0.17012448132780084,66.39763919446298,254.00000000000003,0.06224066390041494,19,0.6348547717842323,2.5056818181818183,0.7713717800145148,56.36495816502483,70.06102586325217,106.66015625000001,0.3360995850622407,0.39901477832512317,0.7120398894046057,0.12448132780082988,0.3157894736842105,0.7424473043747265,0.17012448132780084,0.205,0.7402758487996312,0.012448132780082987,0.44813278008298757,0.0,0.15767634854771756,0.0,0.4481327800829879,0.045643153526971035,0.012448132780082973,0.0,0.2116182572614107,0.12448132780082984,TJ only,0.4481327800829879,63.66092634006101,2
Supplementary_Figures_S6-S7__S7_E100__Snap-248-Bild-Export-60,BRAFi,E100,26,11,5,10,12,9.213396136074763,5,0.9841269841269841,1.0,166.0190326830467,254.0,1.0,1,0.0,6.9,0.028985507246376812,162.10960313794976,157.56092698970716,93.76171875000001,1.0,1.0,235.71162485973986,254.00000000000003,1.0,1,0.0,7.0,0.0,250.66388193181675,218.75394638274514,77.88671875000001,0.42857142857142855,0.4,114.0958629434393,204.5803848370976,1.0,1,0.0,2.9,0.8189201439336494,109.33810146802902,114.42887956587037,106.66015625000001,1.0,1.0,0.5279926570478675,0.4,0.4,0.9784427864765952,0.4,0.4,0.6870613955319966,0.0,0.0,0.0,0.0,0.0,0.0,0.0,0.0,0.0,0.6,0.39999999999999997,AJ+TJ,0.6,1.2154876168964068,3
Supplementary_Figures_S6-S7__S7_E100__Snap-248-Bild-Export-60,BRAFi,E100,27,11,10,10,19,36.146461976375946,18,0.7261904761904762,1.0,139.09081199105842,254.0,1.0,1,0.0,5.083333333333333,0.27868852459016397,138.70672367826214,122.81794753005336,93.76171875000001,0.9484126984126984,1.0,166.36143708025222,254.0,1.0,1,0.0,6.638888888888889,0.07449579001993663,176.98928429572481,150.0194698854483,77.88671875000001,0.7817460317460317,1.0,165.53588756705167,254.00000000000003,1.0,1,0.0,5.472222222222222,0.24455207046590668,198.07803788318893,127.41013189733066,106.66015625000001,1.0,1.0,0.9642243140838506,1.0,1.0,-0.5417913498019574,1.0,1.0,-0.49342932341057644,0.0,0.0,0.0,0.0,0.0,0.0,0.0,0.0,0.0,0.0,1.0,AJ+TJ+actin,1.0,4.7686625298649,3
Supplementary_Figures_S6-S7__S7_E100__Snap-248-Bild-Export-60,BRAFi,E100,28,11,12,10,4,296.0339193828313,148,0.3223938223938224,0.49324324324324326,79.24943544259771,253.70656468731497,0.31756756756756754,11,0.22297297297297303,2.9043478260869566,0.5984767078368446,71.88867350111015,71.28974113339949,93.76171875000001,0.5612934362934363,0.8378378378378378,93.30316622354336,253.30782349859447,0.6486486486486487,2,0.006756756756756799,3.95578231292517,0.429058460838185,85.30823481909762,88.07974086541273,77.88671875000001,0.6037644787644788,0.8581081081081081,135.39477925906323,254.00000000000003,0.6621621621621622,2,0.027027027027026973,4.34375,0.3666399244945001,144.88717560962831,111.88105793570654,106.66015625000001,0.4797297297297297,0.5634920634920635,0.6845687674683173,0.43243243243243246,0.47058823529411764,0.09675097494132431,0.7635135135135135,0.8188405797101449,0.2953063410222861,0.013513513513513514,0.02702702702702703,0.0945945945945946,0.054054054054054036,0.0945945945945945,0.027027027027027018,0.33108108108108114,0.013513513513513462,0.0,0.0472972972972975,0.4324324324324323,AJ+TJ+actin,0.4324324324324323,39.054606778737636,3
Supplementary_Figures_S6-S7__S7_E100__Snap-248-Bild-Export-60,BRAFi,E100,29,12,10,4,19,305.1345390195253,153,0.23372365339578455,0.3333333333333333,67.36454264386906,249.5647466915022,0.20915032679738563,19,0.2549019607843137,2.18859649122807,0.5549944533937416,59.21684454208422,61.03917938943264,93.76171875000001,0.4276346604215457,0.7058823529411765,75.16685740529425,242.97595942110104,0.673202614379085,6,0.11111111111111116,3.3676470588235294,0.42425552885185824,65.91021150001836,73.64244640998822,77.88671875000001,0.2079625292740047,0.30718954248366015,77.6896491262036,254.0,0.28104575163398693,11,0.4509803921568627,2.6607142857142856,0.5985960181284519,79.70101947965958,66.0669889626827,106.66015625000001,0.3202614379084967,0.44545454545454544,0.49260939400979104,0.1895424836601307,0.42028985507246375,0.6689992945696023,0.3006535947712418,0.42201834862385323,0.5871572983372912,0.013071895424836602,0.27450980392156865,0.006535947712418301,0.2745098039215687,0.00653594771241825,0.2745098039215686,0.11111111111111108,0.013071895424836569,0.0,0.13071895424836605,0.18954248366013068,none,0.2745098039215687,40.25521622948882,2
Supplementary_Figures_S6-S7__S7_E100__Snap-248-Bild-Export-60,BRAFi,E100,30,13,1,6,15,321.22132090836294,161,0.5723186470850022,0.8571428571428571,110.15133029311743,254.0,0.4658385093167702,7,0.04347826086956519,4.185064935064935,0.3976349579759563,94.19129211253723,109.14434543156071,93.76171875000001,0.1584334668446818,0.18012422360248448,49.76785302607486,196.80372797815235,0.09937888198757763,28,0.4347826086956522,1.956043956043956,0.8316694241444041,37.6860111883952,56.245543923588656,77.88671875000001,0.22340898976412996,0.30434782608695654,78.60179950642883,254.0,0.14285714285714285,14,0.3913043478260869,2.576530612244898,0.6342107784010415,68.94473897105233,79.76085761473833,106.66015625000001,0.17391304347826086,0.2014388489208633,0.7342186706981788,0.30434782608695654,0.35507246376811596,0.5791776085985618,0.13043478260869565,0.3684210526315789,0.7154655679365222,0.5093167701863354,0.006211180124223602,0.0,0.1366459627329192,0.0,0.00621118012422359,0.0,0.5093167701863353,0.17391304347826073,0.04347826086956535,0.1304347826086958,AJ only,0.5093167701863353,42.37748296944102,1
Supplementary_Figures_S6-S7__S7_E100__Snap-248-Bild-Export-60,BRAFi,E100,31,6,13,13,6,138.6241606747488,69,0.16341212744090441,0.17391304347826086,64.93842680262868,254.0,0.15942028985507245,12,0.4057971014492754,1.9268292682926829,0.9513902493222052,60.119067514191606,61.210706125364176,93.76171875000001,0.11408016443987667,0.11594202898550725,45.45939960499199,169.85505294317247,0.13043478260869565,7,0.6376811594202898,2.2,0.9158837127095402,45.96207961754523,43.93439773332792,77.88671875000001,0.052415210688591986,0.057971014492753624,43.95900434461781,219.23281823825295,0.043478260869565216,3,0.8985507246376812,3.642857142857143,0.6383851214156748,39.97019622342617,45.321559651690926,106.66015625000001,0.07246376811594203,0.3333333333333333,0.729135030524727,0.057971014492753624,0.3333333333333333,0.7214180878348222,0.057971014492753624,0.5,0.5731699474196028,0.10144927536231885,0.043478260869565216,0.0,0.7826086956521738,0.0,0.04347826086956522,0.0,0.1014492753623187,0.0,0.014492753623188442,0.05797101449275369,none,0.7826086956521738,18.288147846272928,1
Supplementary_Figures_S6-S7__S7_E100__Snap-248-Bild-Export-60,BRAFi,E100,32,10,13,19,6,300.3900466991845,150,0.29285714285714287,0.38666666666666666,75.46799497395575,254.0,0.26,19,0.30666666666666664,2.956730769230769,0.5970093134104056,69.14510076116615,70.3013341826384,93.76171875000001,0.2342857142857143,0.32666666666666666,58.14759279910125,195.62380879300494,0.12,15,0.38,2.6451612903225805,0.6516121954825632,55.68583200983327,55.161227274361515,77.88671875000001,0.18476190476190477,0.22,70.40275699734171,252.65465673332474,0.1,13,0.48,2.4871794871794872,0.7556075134766471,76.14864397941851,59.58510426372423,106.66015625000001,0.20666666666666667,0.40789473684210525,0.40566004697901226,0.14666666666666667,0.3188405797101449,0.43261287544757226,0.14666666666666667,0.36666666666666664,0.47677294935551134,0.14666666666666667,0.08666666666666667,0.04,0.4533333333333332,0.0399999999999999,0.08666666666666684,0.03333333333333323,0.14666666666666678,0.03333333333333328,0.09333333333333341,0.1133333333333334,none,0.4533333333333332,39.629293759786876,2
Supplementary_Figures_S6-S7__S7_E100__Snap-248-Bild-Export-60,BRAFi,E100,33,9,11,20,10,51.989011106672166,26,0.6236263736263736,0.6923076923076923,138.7730492192924,254.0,0.6153846153846154,3,0.15384615384615385,5.159090909090909,0.420814387104467,135.372986930094,133.27969029836132,93.76171875000001,0.6565934065934066,0.7307692307692307,122.023003925356,254.0,0.6153846153846154,3,0.11538461538461542,5.195652173913044,0.3960113452377034,133.52708488193235,104.52561590233366,77.88671875000001,0.6648351648351648,0.8461538461538461,129.89729697399417,254.0,0.6153846153846154,2,0.038461538461538436,4.84,0.37727974249630836,143.4754414794591,111.25188660093178,106.66015625000001,0.6153846153846154,0.7619047619047619,0.9433951831249997,0.6538461538461539,0.7391304347826086,0.8927514098245074,0.6923076923076923,0.782608695652174,0.8192103582667727,0.038461538461538464,0.038461538461538464,0.11538461538461539,0.07692307692307694,0.11538461538461542,0.03846153846153847,0.07692307692307694,0.03846153846153847,0.03846153846153834,0.0,0.6153846153846154,AJ+TJ+actin,0.6153846153846154,6.8587085892707345,3
Supplementary_Figures_S6-S7__S7_E100__Snap-248-Bild-Export-60,BRAFi,E100,34,7,14,1,3,273.82687955391145,137,0.18925964546402502,0.31386861313868614,55.73415369085192,249.28641774653133,0.20437956204379562,13,0.4233576642335767,2.2974683544303796,0.4690967461428826,49.137989499641776,46.959481014441586,93.76171875000001,0.0020855057351407717,0.0,13.121223058976335,98.63957015387541,0.0072992700729927005,2,0.9854014598540146,1.0,0.5,10.399932940259934,14.09949417444869,77.88671875000001,0.22262773722627738,0.31386861313868614,77.73388694340466,253.9933721462816,0.3357664233576642,10,0.3795620437956204,2.511764705882353,0.5761124121779858,73.74702251758355,74.54287595004371,106.66015625000001,0.0,0.0,0.13560268961544786,0.145985401459854,0.30303030303030304,0.2522740663317254,0.0,0.0,0.0700509009634342,0.1678832116788321,0.0,0.1678832116788321,0.5182481751824819,0.16788321167883197,0.0,0.0,0.167883211678832,0.14598540145985417,0.0,0.0,none,0.5182481751824819,36.124918146954016,1
Supplementary_Figures_S6-S7__S7_E100__Snap-248-Bild-Export-60,BRAFi,E100,37,14,15,3,2,372.59001291987045,186,0.21792416698582917,0.34408602150537637,61.27107649777535,254.0,0.16129032258064516,20,0.4408602150537635,2.7275641025641026,0.5198075103654243,53.32456371312522,55.22862993110905,93.76171875000001,0.01685178092684795,0.016129032258064516,18.195808367429752,149.42109089074344,0.021505376344086023,5,0.946236559139785,2.2,0.9215061333051497,14.93253231455585,19.392267863380322,77.88671875000001,0.21409421677518192,0.25268817204301075,77.66329780532281,250.0266644475281,0.12903225806451613,18,0.4838709677419355,2.9114583333333335,0.7423928271099286,75.41826563212065,73.24837597317646,106.66015625000001,0.016129032258064516,0.046875,0.529836179974437,0.16666666666666666,0.3875,0.6096833975454503,0.016129032258064516,0.06382978723404255,0.6894887799611463,0.1774193548387097,0.0,0.08602150537634409,0.5698924731182796,0.08602150537634401,0.0,0.0,0.1774193548387097,0.15053763440860218,0.0,0.016129032258064523,none,0.5698924731182796,49.15435526647367,1
Supplementary_Figures_S6-S7__S7_E100__Snap-248-Bild-Export-60,BRAFi,E100,39,1,14,15,3,94.90105015560223,47,0.4992481203007519,0.7021276595744681,94.91575643618059,253.961994177686,0.5957446808510638,3,0.04255319148936165,3.6444444444444444,0.4420836836428688,96.15304778116328,82.5169154379201,93.76171875000001,0.08421052631578947,0.0425531914893617,46.736004370584865,125.51721516455521,0.0851063829787234,9,0.574468085106383,1.4,0.9354143466934853,47.92833862209743,43.99900738974279,77.88671875000001,0.6781954887218045,0.8297872340425532,143.38237679343231,254.0,0.723404255319149,2,0.1063829787234043,5.285714285714286,0.33801796999557854,140.17280205440943,140.18033269706737,106.66015625000001,0.0425531914893617,0.06060606060606061,0.7595217564657526,0.6808510638297872,0.8,0.31589938393057704,0.0425531914893617,0.05128205128205128,0.34423474604357285,0.02127659574468085,0.0,0.14893617021276595,0.14893617021276595,0.14893617021276595,0.0,0.0,0.02127659574468085,0.6382978723404256,0.0,0.0425531914893617,AJ+actin,0.6382978723404256,12.519927461161245,0
Supplementary_Figures_S6-S7__S7_E100__Snap-248-Bild-Export-60,BRAFi,E100,40,16,12,5,4,246.1760612318571,123,0.5075493612078978,0.6910569105691057,103.94780063782733,254.0,0.5121951219512195,8,0.1544715447154471,4.201923076923077,0.4295176830413888,99.36965824478183,93.98617605120462,93.76171875000001,0.37340301974448314,0.5284552845528455,69.5985817714939,238.4746765924547,0.2601626016260163,9,0.24390243902439024,3.456989247311828,0.5193935591573668,67.46810235958274,65.91188429727876,77.88671875000001,0.2502903600464576,0.35772357723577236,81.29691824170726,254.00000000000003,0.17886178861788618,9,0.4390243902439024,3.1231884057971016,0.6066564441025762,80.02056037090499,76.88649424443494,106.66015625000001,0.4878048780487805,0.6666666666666666,0.6963365000659693,0.34959349593495936,0.5,0.7417227682539285,0.2926829268292683,0.4931506849315068,0.8535661874956533,0.13821138211382114,0.032520325203252036,0.0,0.26829268292682934,0.0,0.032520325203252064,0.008130081300813016,0.13821138211382128,0.06504065040650402,0.20325203252032498,0.28455284552845533,AJ+TJ+actin,0.28455284552845533,32.47705293296268,2
Supplementary_Figures_S6-S7__S7_E100__Snap-248-Bild-Export-60,BRAFi,E100,41,11,16,10,5,156.25581348878518,78,0.22344322344322345,0.2564102564102564,67.2236016827192,251.28349156189682,0.20512820512820512,12,0.3589743589743589,2.44,0.754187450190062,63.03844407670383,59.82574819717455,93.76171875000001,0.22252747252747251,0.2564102564102564,56.42906104139075,253.84520697353642,0.19230769230769232,9,0.42307692307692313,2.7,0.686712789391278,51.83658043722556,53.65297232730813,77.88671875000001,0.16941391941391942,0.23076923076923078,61.840717006539286,225.77122038188125,0.21794871794871795,4,0.5,2.371794871794872,0.5995371967239905,65.05870730701797,51.441515987364376,106.66015625000001,0.16666666666666666,0.48148148148148145,0.7873047969940884,0.16666666666666666,0.52,0.6774341510838409,0.11538461538461539,0.3103448275862069,0.6296958296476762,0.02564102564102564,0.07692307692307693,0.05128205128205128,0.6025641025641025,0.05128205128205123,0.07692307692307691,0.012820512820512785,0.025641025641025526,0.06410256410256429,0.06410256410256415,0.1025641025641025,none,0.6025641025641025,20.614223415407015,1
Supplementary_Figures_S6-S7__S7_E100__Snap-248-Bild-Export-60,BRAFi,E100,42,17,11,17,10,35.0326244602704,18,0.8816326530612245,1.0,158.84373467411132,251.6969577718376,1.0,1,0.0,6.194444444444445,0.14771003669955698,148.53363833770229,159.6142780419281,93.76171875000001,0.9714285714285714,1.0,140.67711739370694,248.0897823879658,1.0,1,0.0,6.805555555555555,0.05551620615810385,130.34619895642447,145.5583339549773,77.88671875000001,0.9428571428571428,1.0,184.81961551986626,254.0,1.0,1,0.0,6.611111111111111,0.0692958928675237,189.30441187735642,170.1913693141752,106.66015625000001,1.0,1.0,0.8851920180817859,1.0,1.0,0.8468664675912175,1.0,1.0,0.7058792026475544,0.0,0.0,0.0,0.0,0.0,0.0,0.0,0.0,0.0,0.0,1.0,AJ+TJ+actin,1.0,4.621718266526438,3
Supplementary_Figures_S6-S7__S7_E100__Snap-248-Bild-Export-60,BRAFi,E100,44,1,15,15,2,50.876452001471186,25,0.7170868347338936,0.92,138.31468360643385,254.00000000000003,1.0,1,0.0,4.993333333333333,0.37897943536875445,142.29020074329014,122.62387287217281,93.76171875000001,0.6582633053221288,0.8,97.044682908502,224.34827004927251,0.76,2,0.040000000000000036,4.75,0.43080804062486583,96.50796549592192,89.6673666489142,77.88671875000001,0.6274509803921569,0.76,143.23193665467076,254.00000000000003,0.68,2,0.16000000000000003,5.198412698412699,0.32750137838881027,167.96737073673742,114.86080928319254,106.66015625000001,0.76,0.7916666666666666,0.8294902353703139,0.72,0.75,0.7440044986714118,0.76,0.95,0.6910229559562585,0.16,0.0,0.0,0.03999999999999997,0.0,0.0,0.03999999999999997,0.16000000000000003,0.0,0.03999999999999997,0.7200000000000001,AJ+TJ+actin,0.7200000000000001,6.711932981724431,3
Supplementary_Figures_S6-S7__S7_E100__Snap-248-Bild-Export-60,BRAFi,E100,45,18,11,22,10,287.630091625035,144,0.3655753968253968,0.4513888888888889,84.60764900997584,254.0,0.2361111111111111,15,0.19444444444444442,3.1767241379310347,0.6546090749912389,80.83505552944456,78.54448553191065,93.76171875000001,0.6056547619047619,0.8402777777777778,95.90488298537406,254.0,0.2638888888888889,7,0.04861111111111116,4.456204379562044,0.4050023227977822,93.88600127486437,91.38601456436322,77.88671875000001,0.17708333333333334,0.2152777777777778,75.06358994734863,254.00000000000003,0.09027777777777778,12,0.5277777777777778,2.625,0.7537200436689726,76.18541451414107,68.19807933629198,106.66015625000001,0.4444444444444444,0.5245901639344263,0.7998576429687584,0.16666666666666666,0.3333333333333333,0.622796953071312,0.1875,0.216,0.5961754063165745,0.0,0.3680555555555556,0.020833333333333332,0.13194444444444434,0.020833333333333322,0.36805555555555564,0.027777777777777755,0.0,0.006944444444444443,0.28472222222222227,0.15972222222222224,TJ only,0.36805555555555564,37.945922377972956,2
Supplementary_Figures_S6-S7__S7_E100__Snap-248-Bild-Export-60,BRAFi,E100,46,17,18,17,22,409.6408465281616,205,0.2759581881533101,0.36097560975609755,74.96502472990909,252.88228692761012,0.0975609756097561,18,0.31219512195121957,2.8085106382978724,0.6885817726803295,72.03708988757445,68.12779790711895,93.76171875000001,0.4564459930313589,0.6292682926829268,76.90798490026856,242.58298498154488,0.2146341463414634,11,0.23902439024390243,4.198717948717949,0.458775450573914,77.25628776794369,72.70362530203697,77.88671875000001,0.29477351916376304,0.35609756097560974,81.57021330113785,248.04474314391172,0.13658536585365855,11,0.5219512195121951,4.316326530612245,0.519734455173833,80.67496099065873,78.60170720254438,106.66015625000001,0.33658536585365856,0.5149253731343284,0.8277505261131737,0.2048780487804878,0.4,0.7244850246283786,0.33170731707317075,0.5074626865671642,0.7831919141897001,0.01951219512195122,0.16097560975609757,0.01951219512195122,0.3268292682926831,0.01951219512195119,0.1609756097560973,0.131707317073171,0.019512195121951167,0.004878048780487805,0.13658536585365855,0.1999999999999999,none,0.3268292682926831,54.042328038016045,2
Supplementary_Figures_S6-S7__S7_E100__Snap-248-Bild-Export-60,BRAFi,E100,47,13,15,6,2,196.87977607686625,98,0.2951414068165337,0.29591836734693877,83.84487639347874,254.0,0.30612244897959184,7,0.6020408163265306,5.217948717948718,0.4581634350919512,79.31025569579174,80.6532540607484,93.76171875000001,0.25090645395213923,0.3163265306122449,56.922510213672496,250.74104941660607,0.2857142857142857,13,0.5408163265306123,3.8444444444444446,0.5834572245284328,50.80785420348955,59.18819784776573,77.88671875000001,0.47280638143582304,0.5918367346938775,117.90378685340404,254.0,0.4897959183673469,4,0.3571428571428571,5.174603174603175,0.3537329893282423,104.70643381048244,123.41810068256491,106.66015625000001,0.29591836734693877,0.9354838709677419,0.925867814822874,0.29591836734693877,0.5,0.8112815725605287,0.29591836734693877,0.48333333333333334,0.7600768489361537,0.0,0.02040816326530612,0.29591836734693877,0.3877551020408163,0.2959183673469387,0.02040816326530614,0.0,0.0,0.0,0.0,0.2959183673469388,none,0.3877551020408163,25.973585234415072,0
Supplementary_Figures_S6-S7__S7_E100__Snap-248-Bild-Export-60,BRAFi,E100,48,16,10,5,19,118.89427471503538,59,0.20888355342136855,0.3050847457627119,65.51850287132082,245.3801513897095,0.288135593220339,7,0.4576271186440678,2.71875,0.7077137599476847,62.04504421424743,58.45089618067967,93.76171875000001,0.2797118847539016,0.3220338983050847,67.19616917467599,250.48901775508926,0.23728813559322035,8,0.44067796610169496,3.51010101010101,0.6897596211524054,66.43849004879267,63.75359714771725,77.88671875000001,0.11284513805522209,0.15254237288135594,48.39908576416582,211.49562635158023,0.11864406779661017,2,0.7966101694915254,3.9166666666666665,0.4098161762608133,52.92461752469774,42.04447447820604,106.66015625000001,0.2542372881355932,0.6818181818181818,0.8459053134355821,0.15254237288135594,0.5,0.8524728729379234,0.15254237288135594,0.47368421052631576,0.9027529688558704,0.05084745762711865,0.06779661016949153,0.0,0.6271186440677967,0.0,0.06779661016949153,0.0,0.05084745762711858,0.0,0.10169491525423731,0.15254237288135591,none,0.6271186440677967,15.685260516495433,2
Supplementary_Figures_S6-S7__S7_E100__Snap-248-Bild-Export-60,BRAFi,E100,49,16,13,5,6,62.50112135077498,31,0.7981859410430839,0.967741935483871,137.63439002782374,254.0,1.0,1,0.0,5.56989247311828,0.2814993546605731,132.26665917703647,129.73878020045464,93.76171875000001,0.9319727891156463,1.0,146.98171256351463,254.0,1.0,1,0.0,6.526881720430107,0.08704225325020126,141.75886058721483,141.56361640478926,77.88671875000001,0.6870748299319728,1.0,129.60846326730282,254.0,1.0,1,0.0,4.817204301075268,0.30153763313461984,145.2650462263075,108.26156800216941,106.66015625000001,0.967741935483871,0.967741935483871,0.8017416827025324,0.967741935483871,0.967741935483871,0.7343556864076539,1.0,1.0,0.6713793645739935,0.0,0.0,0.0,0.0,0.0,0.0,0.03225806451612906,0.0,0.0,0.0,0.9677419354838709,AJ+TJ+actin,0.9677419354838709,8.24553052121042,3
Supplementary_Figures_S6-S7__S7_E100__Snap-248-Bild-Export-60,BRAFi,E100,50,18,16,22,5,138.62922018701565,69,0.15827338129496402,0.2028985507246377,54.43921771093214,251.3536803958545,0.17391304347826086,7,0.6666666666666667,3.347826086956522,0.6941676890853384,53.42333378150454,48.28485947182879,93.76171875000001,0.30832476875642345,0.37681159420289856,58.50541103357969,251.98157384207798,0.2318840579710145,4,0.42028985507246375,3.75,0.5497474167490214,61.907904304405484,52.045967568749724,77.88671875000001,0.06474820143884892,0.08695652173913043,35.069312327300516,195.5695136553339,0.11594202898550725,3,0.8405797101449275,2.8636363636363638,0.6827242275430656,39.42526131197747,29.6818205422748,106.66015625000001,0.17391304347826086,0.42857142857142855,0.8352836891474382,0.08695652173913043,0.42857142857142855,0.8705044654449643,0.08695652173913043,0.23076923076923078,0.7935033436928725,0.028985507246376812,0.2028985507246377,0.0,0.5942028985507244,0.0,0.20289855072463778,0.0,0.02898550724637693,0.0,0.08695652173913045,0.08695652173913043,none,0.5942028985507244,18.288815328102327,2
Supplementary_Figures_S6-S7__S7_E100__Snap-248-Bild-Export-60,BRAFi,E100,51,16,19,5,11,249.09411427923743,125,0.4738955823293173,0.648,98.34346358580966,254.0,0.28,10,0.20799999999999996,4.171717171717172,0.46189574308440545,94.45642036826258,88.80607563924484,93.76171875000001,0.3442340791738382,0.496,68.51184006745852,250.10381304263103,0.272,10,0.16800000000000004,2.8990384615384617,0.5651701391181091,67.04676288684674,63.69736240245898,77.88671875000001,0.28284566838783703,0.456,85.8705693124723,254.0,0.224,8,0.36,3.1,0.5363964241392223,85.5728794584513,80.55364283118894,106.66015625000001,0.424,0.5888888888888889,0.6656463584852937,0.368,0.5,0.560731483959506,0.336,0.5454545454545454,0.6904719046627223,0.128,0.008,0.024,0.256,0.023999999999999997,0.008000000000000018,0.06399999999999997,0.12799999999999986,0.09600000000000017,0.15200000000000005,0.27199999999999985,AJ+TJ+actin,0.27199999999999985,32.8620203534614,2
Supplementary_Figures_S6-S7__S7_E100__Snap-248-Bild-Export-60,BRAFi,E100,52,19,13,11,6,228.97072389679312,114,0.4111041796631316,0.6052631578947368,88.71160681364151,253.59012155344095,0.42105263157894735,5,0.07894736842105265,3.1079365079365084,0.5337007785034688,79.6305655213347,86.14619913747393,93.76171875000001,0.5446038677479725,0.7105263157894737,86.46953300416331,254.0,0.5877192982456141,6,0.14035087719298245,4.418367346938775,0.43699641874700357,78.37948358370474,88.92938281396155,77.88671875000001,0.15221459762944478,0.15789473684210525,68.1767165517514,254.0,0.10526315789473684,9,0.6140350877192983,2.768939393939394,0.8011266747623251,69.06537261821454,61.92470608950689,106.66015625000001,0.5175438596491229,0.6483516483516484,0.680437459639635,0.13157894736842105,0.20833333333333334,0.45400962116174176,0.13157894736842105,0.17857142857142858,0.5618870391447887,0.06140350877192982,0.16666666666666666,0.0,0.20175438596491227,0.0,0.16666666666666674,0.02631578947368421,0.061403508771929856,0.026315789473684098,0.4122807017543859,0.10526315789473686,AJ+TJ,0.4122807017543859,30.20721951145028,2
Supplementary_Figures_S6-S7__S7_E100__Snap-248-Bild-Export-60,BRAFi,E100,53,19,15,11,2,184.23551434426287,92,0.5046583850931677,0.7065217391304348,107.96832371328607,254.00000000000003,0.7934782608695652,4,0.09782608695652173,3.9156626506024095,0.4626652911097105,96.40008119700842,102.50448316602018,93.76171875000001,0.31211180124223603,0.44565217391304346,65.60369891560822,231.98187308258866,0.2717391304347826,10,0.1630434782608695,2.6103896103896105,0.5527540064609413,56.79808769386852,67.92980557854794,77.88671875000001,0.546583850931677,0.8043478260869565,121.77118903536076,254.0,0.8260869565217391,3,0.09782608695652173,4.240963855421687,0.37433222223488294,127.35250202185406,107.91024651631056,106.66015625000001,0.34782608695652173,0.43243243243243246,0.19871100093388755,0.5869565217391305,0.6352941176470588,0.4898893365102675,0.34782608695652173,0.3855421686746988,-0.09265291866942899,0.05434782608695652,0.03260869565217391,0.15217391304347827,0.043478260869565105,0.1521739130434782,0.03260869565217393,0.06521739130434788,0.05434782608695653,0.3043478260869566,0.06521739130434784,0.28260869565217395,AJ+actin,0.3043478260869566,24.305476826419902,0
Supplementary_Figures_S6-S7__S7_E100__Snap-248-Bild-Export-60,BRAFi,E100,54,18,19,22,11,154.88154629141243,77,0.480184331797235,0.7012987012987013,100.32356267053244,253.75587942685655,0.5714285714285714,5,0.051948051948051965,3.5456621004566213,0.50129682488484,96.96522139335946,88.20495630402642,93.76171875000001,0.49032258064516127,0.6623376623376623,87.67120331957078,254.0,0.37662337662337664,5,0.09090909090909094,3.7928571428571427,0.5972837843424588,83.25974088081597,83.97595662998067,77.88671875000001,0.6248847926267281,0.8181818181818182,135.52609671337254,254.00000000000003,0.7922077922077922,3,0.09090909090909094,4.816666666666666,0.38735563214901075,137.5634633874096,125.61744136260374,106.66015625000001,0.5454545454545454,0.6666666666666666,0.7244885286773649,0.5974025974025974,0.647887323943662,0.5303217587957617,0.6233766233766234,0.7272727272727273,0.8142515274886825,0.06493506493506493,0.0,0.1038961038961039,0.0779220779220779,0.10389610389610376,0.0,0.11688311688311688,0.06493506493506497,0.09090909090909097,0.038961038961039016,0.5064935064935064,AJ+TJ+actin,0.5064935064935064,20.432921674328817,3
Supplementary_Figures_S6-S7__S7_E100__Snap-248-Bild-Export-60,BRAFi,E100,55,17,19,17,11,143.05961360119926,72,0.4165834165834166,0.5694444444444444,85.46056503625452,241.65319370110092,0.3333333333333333,4,0.1527777777777778,3.442622950819672,0.563486474374249,84.83817500866218,73.15100356451086,93.76171875000001,0.5104895104895105,0.7222222222222222,79.65535256651555,240.3869726485009,0.5972222222222222,3,0.06944444444444442,3.8358208955223883,0.42813051162540683,74.81277153246862,75.50732494398544,77.88671875000001,0.2957042957042957,0.4305555555555556,86.047807523982,246.21418235401273,0.3333333333333333,8,0.36111111111111116,3.217391304347826,0.53506517424201,93.10112129635013,70.06633787597869,106.66015625000001,0.5277777777777778,0.6909090909090909,0.8269698284846971,0.2777777777777778,0.38461538461538464,0.5874885707062313,0.3333333333333333,0.4067796610169492,0.68032621115581,0.027777777777777776,0.125,0.08333333333333333,0.15277777777777785,0.08333333333333333,0.12500000000000006,0.06944444444444446,0.027777777777777745,0.013888888888888873,0.2638888888888889,0.2638888888888889,AJ+TJ,0.2638888888888889,18.873299947387764,2
Supplementary_Figures_S6-S7__S7_P1__Snap-252-Bild-Export-64,BRAFi,P1,3,1,0,13,11,241.44443249646628,121,0.6034380557202134,0.7851239669421488,102.5035533240922,252.8070876001407,0.7768595041322314,6,0.06611570247933884,4.530973451327434,0.42607232739738937,101.3929698978097,93.99751266274582,81.85546875000001,0.43627741553052757,0.5537190082644629,48.69816700186942,148.81085913338313,0.36363636363636365,9,0.11570247933884292,3.467289719626168,0.5570294607085063,49.19100392239503,46.04701826337528,50.10546875000001,0.15411973918197985,0.19008264462809918,59.63005701403969,236.19200913070793,0.1487603305785124,7,0.6694214876033058,3.25,0.7125253031944253,52.68088176598886,64.52831035502061,95.74609375000001,0.4628099173553719,0.5283018867924528,0.5451208727447434,0.19008264462809918,0.24210526315789474,0.6122706688427776,0.15702479338842976,0.2676056338028169,0.3868544826588687,0.2892561983471074,0.09090909090909091,0.0,0.12396694214876025,0.0,0.09090909090909095,0.0,0.2892561983471078,0.033057851239669374,0.3057851239669419,0.15702479338842976,AJ+TJ,0.3057851239669419,31.852827506130115,2
Supplementary_Figures_S6-S7__S7_P1__Snap-252-Bild-Export-64,BRAFi,P1,4,2,1,12,13,404.2256132165704,202,0.326025459688826,0.5099009900990099,66.15506970110961,254.0,0.33663366336633666,11,0.301980198019802,3.269503546099291,0.5201281235887313,56.92838240432549,63.65359468695803,81.85546875000001,0.3422913719943423,0.5099009900990099,42.4009393987226,151.64401721855364,0.25742574257425743,14,0.18811881188118806,2.951219512195122,0.5712426944555655,36.82275247472283,44.21923942813991,50.10546875000001,0.05693069306930693,0.06930693069306931,50.95015945536095,172.20219300534785,0.054455445544554455,15,0.806930693069307,2.0641025641025643,0.7177071714610829,49.63454279165446,48.840574896828265,95.74609375000001,0.35148514851485146,0.5259259259259259,0.5678842613948981,0.04950495049504951,0.09345794392523364,0.48929959408992785,0.054455445544554455,0.10377358490566038,0.5933350060593614,0.1485148514851485,0.14356435643564355,0.0049504950495049506,0.32673267326732647,0.004950495049504935,0.14356435643564391,0.014851485148514806,0.14851485148514854,0.00990099009900987,0.31188118811881177,0.039603960396039625,none,0.32673267326732647,53.3279173108932,2
Supplementary_Figures_S6-S7__S7_P1__Snap-252-Bild-Export-64,BRAFi,P1,5,0,3,11,2,284.79821700753786,142,0.21704260651629073,0.2887323943661972,55.44519580827873,240.54352102714137,0.18309859154929578,24,0.352112676056338,2.3496376811594204,0.7454973221573411,51.91094572079123,49.57582470012967,81.85546875000001,0.030576441102756893,0.02112676056338028,16.14371013971969,83.88823756593784,0.056338028169014086,8,0.8380281690140845,1.326086956521739,0.6445771557815573,16.836982926650162,13.584567684777731,50.10546875000001,0.0962406015037594,0.09859154929577464,57.43276711455233,204.9267552745192,0.13380281690140844,13,0.704225352112676,2.2857142857142856,1.05897085457218,56.81681472670156,55.27778719325662,95.74609375000001,0.02112676056338028,0.07317073170731707,0.7417672065855205,0.09154929577464789,0.30952380952380953,0.5849508815993126,0.014084507042253521,0.13333333333333333,0.7013167255513866,0.19014084507042253,0.0,0.007042253521126761,0.704225352112676,0.007042253521126718,0.0,0.0,0.19014084507042253,0.0774647887323944,0.0070422535211267555,0.014084507042253537,none,0.704225352112676,37.57232414347465,1
Supplementary_Figures_S6-S7__S7_P1__Snap-252-Bild-Export-64,BRAFi,P1,7,4,0,6,11,215.466620697833,108,0.39335548172757473,0.5740740740740741,72.4157372891807,254.0,0.28703703703703703,7,0.33333333333333337,4.111111111111111,0.4019560464252932,70.21081707324214,62.30434617441991,81.85546875000001,0.05780730897009967,0.037037037037037035,20.68733798126589,102.18113234937658,0.06481481481481481,13,0.6574074074074074,1.1756756756756757,0.8402605463217042,18.0786300887677,21.507913776744235,50.10546875000001,0.2431893687707641,0.2777777777777778,71.56085319991249,252.4048469130322,0.16666666666666666,7,0.5925925925925926,4.159090909090909,0.6235018174860221,68.24199796502354,70.77422202723909,95.74609375000001,0.037037037037037035,0.06451612903225806,0.8007706463553727,0.23148148148148148,0.373134328358209,0.572345364994846,0.027777777777777776,0.0967741935483871,0.684179334047195,0.3333333333333333,0.0,0.046296296296296294,0.37962962962962965,0.04629629629629624,0.0,0.0,0.3333333333333333,0.20370370370370372,0.00925925925925922,0.027777777777777863,none,0.37962962962962965,28.425675553803828,1
Supplementary_Figures_S6-S7__S7_P1__Snap-252-Bild-Export-64,BRAFi,P1,8,1,4,13,6,179.77301301473994,90,0.1865079365079365,0.25555555555555554,53.75494890334721,203.96737864865025,0.16666666666666666,11,0.3111111111111111,1.8951612903225807,0.5996377358160314,48.73299542738933,49.27075597869413,81.85546875000001,0.48412698412698413,0.6333333333333333,51.8349910416504,227.07938293558394,0.8555555555555555,3,0.0444444444444444,3.546511627906977,0.5654193184209788,49.89780882902762,48.47977407107658,50.10546875000001,0.06428571428571428,0.044444444444444446,54.8839921598923,130.301142657049,0.15555555555555556,11,0.6222222222222222,1.1911764705882353,0.584955937801587,50.22559921282846,55.526192782657546,95.74609375000001,0.2,0.2903225806451613,0.4234864003462863,0.011111111111111112,0.038461538461538464,0.20533527752202366,0.03333333333333333,0.05172413793103448,0.43261704584738425,0.044444444444444446,0.4,0.0,0.3111111111111111,0.0,0.3999999999999999,0.03333333333333339,0.04444444444444439,0.01111111111111111,0.2000000000000001,0.0,TJ only,0.3999999999999999,23.71675633439841,2
Supplementary_Figures_S6-S7__S7_P1__Snap-252-Bild-Export-64,BRAFi,P1,9,4,3,6,2,503.78698633401575,252,0.11848072562358276,0.15873015873015872,39.781045472603914,254.0,0.11507936507936507,24,0.6111111111111112,2.13265306122449,0.6901074223552305,35.10761239170533,35.361939699542226,81.85546875000001,0.001417233560090703,0.0,7.599633660752178,55.316613625113874,0.003968253968253968,3,0.9880952380952381,0.8333333333333334,0.282842712474619,6.379392233654222,7.902992813535186,50.10546875000001,0.08956916099773243,0.1111111111111111,51.72991183285543,172.3944262944173,0.08333333333333333,11,0.6587301587301587,1.8372093023255813,0.5621165395234056,50.71899040111933,48.79945834563982,95.74609375000001,0.0,0.0,0.6209885966280805,0.04365079365079365,0.19298245614035087,0.3458029359871787,0.0,0.0,0.516107210448064,0.11507936507936507,0.0,0.06746031746031746,0.7738095238095237,0.06746031746031725,0.0,0.0,0.11507936507936528,0.04365079365079365,0.0,0.0,none,0.7738095238095237,66.46266310475141,1
Supplementary_Figures_S6-S7__S7_P1__Snap-252-Bild-Export-64,BRAFi,P1,10,1,5,13,3,372.6392989261094,186,0.14209115281501342,0.16129032258064516,44.667529039919685,236.33839622887834,0.1827956989247312,20,0.4247311827956989,1.73208722741433,0.7343175194334021,39.78865129150473,38.51686028448151,81.85546875000001,0.28494829567215624,0.3817204301075269,40.93169959286927,218.18902349782746,0.13440860215053763,25,0.23118279569892475,2.599067599067599,0.6779305101476943,46.68521979045549,32.54126627184659,50.10546875000001,0.23094599770202986,0.3225806451612903,74.66053978846985,215.92167890987432,0.17204301075268819,16,0.3870967741935484,2.638888888888889,0.612333746415762,73.69024457912492,70.43078281268002,95.74609375000001,0.0967741935483871,0.21686746987951808,0.2168769061937937,0.08064516129032258,0.2,0.22821912615974302,0.17204301075268819,0.32323232323232326,0.492760073096009,0.053763440860215055,0.1827956989247312,0.13978494623655913,0.413978494623656,0.1397849462365592,0.18279569892473113,0.10215053763440862,0.05376344086021512,0.010752688172042954,0.02688172043010751,0.06989247311827947,none,0.413978494623656,49.1608573781147,2
Supplementary_Figures_S6-S7__S7_P1__Snap-252-Bild-Export-64,BRAFi,P1,11,5,4,3,6,331.632576208852,166,0.04130808950086059,0.03614457831325301,22.367976478857216,234.94770851165458,0.060240963855421686,13,0.8012048192771084,1.4545454545454546,0.962513528043459,18.565225025817067,20.222256471464114,81.85546875000001,0.006024096385542169,0.006024096385542169,6.312838976649053,75.36382560653179,0.006024096385542169,3,0.9819277108433735,2.3333333333333335,0.5345224838248487,5.864046521524426,6.221775297992344,50.10546875000001,0.17254733218588642,0.21084337349397592,56.9297764145724,232.07858851424942,0.12650602409638553,10,0.536144578313253,2.603896103896104,0.79101521099359,58.973009742133506,49.5570411619305,95.74609375000001,0.006024096385542169,0.16666666666666666,0.6374826359343791,0.030120481927710843,0.1388888888888889,0.5892675850080024,0.0,0.0,0.523423394661375,0.0,0.0,0.18072289156626506,0.7831325301204819,0.18072289156626511,0.0,0.0,0.0,0.03012048192771083,0.006024096385542168,0.0,none,0.7831325301204819,43.750999499848554,1
Supplementary_Figures_S6-S7__S7_P1__Snap-252-Bild-Export-64,BRAFi,P1,12,2,5,12,3,46.829108686969306,23,0.3495440729483283,0.4782608695652174,74.44080583954647,216.65993007993134,0.6956521739130435,2,0.21739130434782605,3.1759259259259256,0.5731292002054842,77.97785023534941,64.37123410046763,81.85546875000001,0.5167173252279635,0.7391304347826086,51.70607613341123,135.64101530548228,1.0,1,0.0,3.615942028985507,0.4788950244217264,54.09631450458,47.2351745141239,50.10546875000001,0.5957446808510638,0.8695652173913043,100.22414704180886,166.9361247772225,0.6956521739130435,2,0.04347826086956519,4.3560606060606055,0.4023259407133581,103.35367890979197,93.32711619310858,95.74609375000001,0.30434782608695654,0.3333333333333333,0.5140562182830813,0.391304347826087,0.4090909090909091,0.02849248176929132,0.6956521739130435,0.7619047619047619,0.5163731918110993,0.043478260869565216,0.0,0.043478260869565216,0.04347826086956525,0.043478260869565216,0.0,0.4347826086956522,0.043478260869565216,0.13043478260869565,0.043478260869565216,0.2608695652173914,TJ+actin,0.4347826086956522,6.177982676381175,3
Supplementary_Figures_S6-S7__S7_P1__Snap-252-Bild-Export-64,BRAFi,P1,13,2,6,12,10,153.58940646461036,77,0.08719851576994433,0.12987012987012986,36.154286554273384,145.00323064980822,0.14285714285714285,7,0.6363636363636364,1.6785714285714286,0.6811834295141327,34.09672792508899,32.778168457475886,81.85546875000001,0.055658627087198514,0.06493506493506493,19.649123642686156,108.77842587545055,0.09090909090909091,7,0.8051948051948052,2.0,0.8215838362577492,20.807209870451917,17.851308150683803,50.10546875000001,0.0027829313543599257,0.0,24.21659564884046,115.50357123794169,0.012987012987012988,2,0.974025974025974,0.75,0.3333333333333333,26.15603725209167,21.025213747546704,95.74609375000001,0.012987012987012988,0.07142857142857142,0.7428120911646715,0.0,0.0,0.5624431282432463,0.0,0.0,0.6061133148829383,0.11688311688311688,0.05194805194805195,0.0,0.818181818181818,0.0,0.05194805194805196,0.0,0.11688311688311696,0.0,0.012987012987012988,0.0,none,0.818181818181818,20.26245467870849,1
Supplementary_Figures_S6-S7__S7_P1__Snap-252-Bild-Export-64,BRAFi,P1,14,6,5,10,3,296.6782779198983,148,0.139009139009139,0.22297297297297297,37.67213748940079,238.1112193529688,0.08108108108108109,8,0.6418918918918919,2.7232704402515724,0.5515062804161017,33.30408694767486,32.61551943251838,81.85546875000001,0.08417508417508418,0.08108108108108109,25.70662148076017,139.40094825130097,0.0945945945945946,26,0.6216216216216216,1.5625,0.886856406479812,25.47155175624384,24.413506597709127,50.10546875000001,0.517075517075517,0.7162162162162162,113.43177567412452,254.0,0.44594594594594594,5,0.09459459459459463,3.997512437810945,0.4218743392670266,119.07963687420411,96.70335344988692,95.74609375000001,0.06756756756756757,0.2857142857142857,0.6582953799014547,0.16216216216216217,0.20869565217391303,-0.13649169396961547,0.06756756756756757,0.09259259259259259,0.20001227011818484,0.0472972972972973,0.0,0.5405405405405406,0.22297297297297303,0.5405405405405405,0.0,0.013513513513513535,0.04729729729729735,0.10810810810810799,0.013513513513513523,0.054054054054054015,actin only,0.5405405405405405,39.13961450130584,0
Supplementary_Figures_S6-S7__S7_P1__Snap-252-Bild-Export-64,BRAFi,P1,16,5,7,3,4,418.0024605163252,209,0.08031442241968557,0.05741626794258373,32.03936309636168,241.1895544823274,0.04784688995215311,25,0.5980861244019139,1.3988095238095237,0.8083202463397937,26.44141104941796,27.2762140969957,81.85546875000001,0.004442925495557075,0.004784688995215311,6.373980658833529,82.34343005004938,0.009569377990430622,4,0.9760765550239234,1.3,0.6705998374677958,6.416852416741806,5.384033392947472,50.10546875000001,0.09432672590567327,0.11483253588516747,57.87099920129026,253.69983398603273,0.05741626794258373,23,0.6459330143540669,1.864864864864865,0.8355044182110838,55.90939936004273,52.946506553938235,95.74609375000001,0.0,0.0,0.1470736648676559,0.004784688995215311,0.02857142857142857,0.18828371889749523,0.0,0.0,0.28563698945074867,0.05263157894736842,0.004784688995215311,0.11004784688995216,0.8277511961722488,0.11004784688995237,0.004784688995215233,0.0,0.052631578947368376,0.004784688995215301,0.0,0.0,none,0.8277511961722488,55.14544333988459,1
Supplementary_Figures_S6-S7__S7_P1__Snap-252-Bild-Export-64,BRAFi,P1,18,8,4,5,6,463.2106450032999,232,0.13514347423634682,0.1939655172413793,44.05894278775886,254.0,0.10775862068965517,23,0.5560344827586207,2.1262135922330097,0.6275175520926551,39.47927913725386,38.33631954516733,81.85546875000001,0.07281703178031472,0.06465517241379311,22.555493737631203,108.43417452232953,0.06465517241379311,36,0.6077586206896552,1.3076923076923077,0.8460311225985359,20.54443215095685,22.819462128628594,50.10546875000001,0.543042270904042,0.7974137931034483,110.24735293692967,254.0,0.41810344827586204,7,0.07327586206896552,4.093023255813954,0.4194282622198465,113.68708608699127,97.77120525529232,95.74609375000001,0.03879310344827586,0.17647058823529413,0.5418314430551213,0.1853448275862069,0.22994652406417113,0.5644036357582788,0.05603448275862069,0.06951871657754011,0.4448120814689961,0.008620689655172414,0.008620689655172414,0.5948275862068966,0.18534482758620713,0.5948275862068965,0.008620689655172402,0.017241379310344803,0.008620689655172431,0.14655172413793083,0.0,0.038793103448275884,actin only,0.5948275862068965,61.10958377352241,0
Supplementary_Figures_S6-S7__S7_P1__Snap-252-Bild-Export-64,BRAFi,P1,19,5,8,3,5,71.73599731084022,36,0.1527777777777778,0.1388888888888889,44.55996253279107,242.53660115005047,0.1388888888888889,4,0.5277777777777778,2.264705882352941,0.7501054066594105,39.18563800296128,41.85127684325292,81.85546875000001,0.05357142857142857,0.0,18.233120245132156,80.73505587277697,0.19444444444444445,4,0.6666666666666667,1.125,0.5480980958129164,19.0975230972162,15.203663838858233,50.10546875000001,0.19642857142857142,0.25,67.20618617784854,205.25943151117065,0.4166666666666667,4,0.38888888888888884,2.25,0.8882573514103081,65.83174574730793,64.55123209811427,95.74609375000001,0.0,0.0,0.8762294469452357,0.1388888888888889,0.5555555555555556,0.9358467104205741,0.0,0.0,0.8878570907801662,0.0,0.0,0.1111111111111111,0.75,0.11111111111111115,0.0,0.0,0.0,0.1388888888888889,0.0,0.0,none,0.75,9.463851887973643,1
Supplementary_Figures_S6-S7__S7_P1__Snap-252-Bild-Export-64,BRAFi,P1,20,9,6,8,10,468.5748338774243,234,0.4763935424916235,0.6495726495726496,88.95257410184661,254.0,0.24358974358974358,14,0.16239316239316237,3.9872448979591835,0.4982994812912028,84.26562391822424,82.17008963049977,81.85546875000001,0.5516296070667073,0.7606837606837606,56.17413020999196,200.8457428579658,0.2777777777777778,10,0.05982905982905984,4.11060606060606,0.45381609663531536,54.20417948243939,54.048258119697294,50.10546875000001,0.035028936947913494,0.04700854700854701,39.9900987833462,178.04775513216458,0.03418803418803419,8,0.8675213675213675,1.8548387096774193,0.6887703077674037,40.88698016251701,35.82561882370772,95.74609375000001,0.6111111111111112,0.7647058823529411,0.6326402465012069,0.042735042735042736,0.06535947712418301,0.5762920979006344,0.04700854700854701,0.06179775280898876,0.6498866407725401,0.038461538461538464,0.1452991452991453,0.0,0.20085470085470067,0.0,0.1452991452991453,0.004273504273504334,0.0384615384615384,0.0,0.5683760683760686,0.04273504273504267,AJ+TJ,0.5683760683760686,61.81726040599265,2
Supplementary_Figures_S6-S7__S7_P1__Snap-252-Bild-Export-64,BRAFi,P1,22,7,8,4,5,353.4485333050187,177,0.5734520437070012,0.7627118644067796,99.93729457860205,254.0,0.2824858757062147,7,0.04519774011299438,4.210059171597633,0.47003424418749407,92.85226489874853,92.5927691779354,81.85546875000001,0.21165520032375557,0.288135593220339,32.52113714390872,119.72918363652762,0.1694915254237288,16,0.38983050847457623,2.4212962962962963,0.6482568755522962,31.055586598904647,30.304797613660575,50.10546875000001,0.3698907324969648,0.5141242937853108,84.6562533525897,253.84993050133556,0.4350282485875706,7,0.3728813559322034,4.117117117117117,0.4735762618812904,83.01737785306481,78.50116794184052,95.74609375000001,0.2711864406779661,0.34782608695652173,0.5935327465595627,0.4011299435028249,0.45806451612903226,0.5121388653214853,0.24293785310734464,0.43434343434343436,0.6594838123175687,0.3163841807909605,0.0,0.096045197740113,0.12429378531073444,0.096045197740113,0.0,0.016949152542372888,0.31638418079096037,0.1751412429378531,0.04519774011299437,0.22598870056497183,AJ only,0.31638418079096037,46.629094103564476,1
Supplementary_Figures_S6-S7__S7_P1__Snap-252-Bild-Export-64,BRAFi,P1,23,6,7,10,4,29.690071901732054,15,0.6,0.7333333333333333,88.1572668666091,218.9307122523255,0.8666666666666667,1,0.1333333333333333,4.846153846153846,0.4014021782984696,85.29694188354156,81.3017829827259,81.85546875000001,0.7714285714285715,0.8,84.03706503010284,215.9234925845816,1.0,1,0.0,5.4,0.4279340743811608,92.18030057296234,74.00237017805708,50.10546875000001,0.9238095238095239,1.0,185.44937580894984,254.0,1.0,1,0.0,6.466666666666667,0.11103432592029906,207.71990100183237,158.3695059227842,95.74609375000001,0.7333333333333333,0.9166666666666666,0.9097041051917648,0.7333333333333333,0.7333333333333333,0.3469244382615926,0.8,0.8,0.22317431724953274,0.0,0.0,0.2,0.0,0.19999999999999998,0.0,0.06666666666666667,0.0,0.0,0.0,0.7333333333333333,AJ+TJ+actin,0.7333333333333333,3.91689602925225,3
Supplementary_Figures_S6-S7__S7_P1__Snap-252-Bild-Export-64,BRAFi,P1,24,9,7,8,4,100.05701884238735,50,0.38285714285714284,0.52,73.09323927023021,254.0,0.54,4,0.24,3.526315789473684,0.5442647364690993,61.842777967452655,70.8393787680388,81.85546875000001,0.45571428571428574,0.58,61.23449602251336,222.83783133881377,0.58,6,0.26,4.3108108108108105,0.5061895178189726,47.08650879605771,66.7567815874272,50.10546875000001,0.4142857142857143,0.54,98.7311928447684,254.0,0.56,1,0.43999999999999995,5.178571428571429,0.2002376709097652,72.68263213785315,115.3650631356172,95.74609375000001,0.48,0.7741935483870968,0.8786919404647463,0.48,0.8275862068965517,0.8822135600823364,0.54,0.9310344827586207,0.9621684973407042,0.04,0.04,0.0,0.38000000000000006,0.0,0.03999999999999993,0.060000000000000005,0.03999999999999993,0.0,0.0,0.48000000000000004,AJ+TJ+actin,0.48000000000000004,13.200134411924452,0
Supplementary_Figures_S6-S7__S7_P1__Snap-252-Bild-Export-64,BRAFi,P1,25,10,7,9,4,159.29005347899187,80,0.12219227313566937,0.2,34.36882858237972,193.73149239277407,0.1875,5,0.65,2.4285714285714284,0.5710731717337529,32.3772088415392,29.481701792013062,81.85546875000001,0.12039532794249776,0.1625,26.896585654052036,137.46807587495482,0.125,12,0.5375,1.8108108108108107,0.5825677331723506,28.86573060638684,23.165237411854424,50.10546875000001,0.1069182389937107,0.1375,59.017438317128914,184.74961166602515,0.125,10,0.575,1.7647058823529411,0.681093891390085,54.20258331502896,59.51783094851557,95.74609375000001,0.075,0.2608695652173913,0.5544220582956456,0.0625,0.22727272727272727,0.41011094709724294,0.0875,0.4117647058823529,0.4586720627560026,0.1125,0.05,0.0375,0.6749999999999999,0.03750000000000001,0.05000000000000001,0.037500000000000006,0.11249999999999995,0.012500000000000004,0.02500000000000001,0.05000000000000002,none,0.6749999999999999,21.014518928626895,1
Supplementary_Figures_S6-S7__S7_P1__Snap-252-Bild-Export-64,BRAFi,P1,26,9,10,8,9,652.0118961987365,326,0.3709465381244522,0.5061349693251533,75.24205463427116,254.0,0.29141104294478526,27,0.3220858895705522,3.830316742081448,0.5466454170431289,68.01330216737006,71.21753719565778,81.85546875000001,0.5690184049079755,0.6932515337423313,73.0087960574906,254.00000000000003,0.34662576687116564,10,0.08282208588957052,4.342809364548495,0.5025343113761318,69.69115842628807,70.34334697027232,50.10546875000001,0.376205083260298,0.5337423312883436,89.50538572872807,254.00000000000003,0.17791411042944785,13,0.3190184049079755,3.8671171171171173,0.4506842839824329,93.7003250903547,79.38851612405948,95.74609375000001,0.49693251533742333,0.7074235807860262,0.8240262243177622,0.2852760736196319,0.3780487804878049,0.19773983623988095,0.42024539877300615,0.5209125475285171,0.21048724328280585,0.006134969325153374,0.05828220858895705,0.11042944785276074,0.1871165644171779,0.11042944785276083,0.05828220858895705,0.13803680981595084,0.00613496932515339,0.003067484662576695,0.21472392638036797,0.28220858895705536,AJ+TJ+actin,0.28220858895705536,86.01740055392303,2
Supplementary_Figures_S6-S7__S7_P1__Snap-252-Bild-Export-64,BRAFi,P1,27,10,8,9,5,47.506601306046086,24,0.3601190476190476,0.4583333333333333,75.12822732333169,224.81642151975612,0.3333333333333333,4,0.125,2.880952380952381,0.6708992972761124,73.171980452368,66.59737486652692,81.85546875000001,0.16964285714285715,0.25,33.73076328485291,109.48597432910044,0.16666666666666666,6,0.25,1.5833333333333333,0.6842105263157895,32.642516790996794,31.73721047940806,50.10546875000001,0.3541666666666667,0.4166666666666667,91.14455412309992,229.68237318993602,0.4166666666666667,3,0.29166666666666663,3.5,0.6388765649999399,89.80309010361452,86.97089119381701,95.74609375000001,0.25,0.5454545454545454,0.8139747533371827,0.2916666666666667,0.5,0.6722193066971636,0.16666666666666666,0.3333333333333333,0.6020720331579127,0.08333333333333333,0.0,0.125,0.41666666666666685,0.12499999999999994,0.0,0.0,0.08333333333333331,0.1249999999999999,0.08333333333333329,0.16666666666666674,none,0.41666666666666685,6.267361649874154,0
Supplementary_Figures_S6-S7__S7_P1__Snap-252-Bild-Export-64,BRAFi,P1,29,11,8,1,5,445.40619158517745,223,0.32423756019261635,0.5112107623318386,67.88841337109447,254.00000000000003,0.23766816143497757,10,0.29147982062780264,3.2088607594936707,0.5093685976197145,56.50582565549439,60.91275395155107,81.85546875000001,0.0998394863563403,0.09417040358744394,22.54297683040318,130.03712824585855,0.08071748878923767,30,0.5515695067264574,1.57,0.6933904352905101,15.473777913647448,25.018992628453134,50.10546875000001,0.19903691813804172,0.27802690582959644,59.594891652737935,231.91589409054058,0.17488789237668162,14,0.3542600896860987,2.1666666666666665,0.6177837847772697,45.40292100295952,65.54596196751964,95.74609375000001,0.09417040358744394,0.18421052631578946,0.766204591864094,0.2242152466367713,0.3968253968253968,0.6815656675392574,0.06278026905829596,0.2028985507246377,0.6695869458503513,0.2556053811659193,0.0,0.053811659192825115,0.4349775784753362,0.05381165919282514,0.0,0.0,0.25560538116591924,0.16143497757847536,0.03139013452914805,0.06278026905829599,none,0.4349775784753362,58.76071129092051,1
Supplementary_Figures_S6-S7__S7_P1__Snap-252-Bild-Export-64,BRAFi,P1,30,10,11,9,1,311.60878968092504,156,0.5389194139194139,0.7948717948717948,98.13912733924907,254.0,0.6217948717948718,5,0.05128205128205132,3.9763513513513513,0.4237361137264466,91.91653003391609,84.83157251708849,81.85546875000001,0.2532051282051282,0.36538461538461536,36.4390266071159,127.18821407055064,0.15384615384615385,15,0.14743589743589747,2.0789473684210527,0.5687153753046457,36.32621441329773,31.967624921415847,50.10546875000001,0.48946886446886445,0.7564102564102564,103.34312771909266,254.0,0.358974358974359,4,0.08974358974358976,3.7640845070422535,0.3401979000143373,115.25504027526979,77.53234268041587,95.74609375000001,0.3525641025641026,0.4365079365079365,0.6939431823632383,0.6923076923076923,0.8059701492537313,0.5916348460890039,0.34615384615384615,0.4462809917355372,0.5443185855699755,0.08974358974358974,0.00641025641025641,0.057692307692307696,0.1346153846153846,0.05769230769230779,0.006410256410256415,0.006410256410256415,0.08974358974358969,0.35256410256410237,0.01282051282051283,0.33974358974358987,AJ+actin,0.35256410256410237,41.10933900803761,0
Supplementary_Figures_S6-S7__S7_P10__Snap-257-Bild-Export-69,BRAFi,P10,6,1,0,10,6,536.1188371466669,268,0.3896588486140725,0.5708955223880597,111.73823021547165,254.0,0.2462686567164179,19,0.18283582089552242,3.3378995433789953,0.5484680827404118,108.54350617596371,98.22934567283386,123.52734375000001,0.30570362473347545,0.373134328358209,60.79764351599318,218.48872421987775,0.2537313432835821,23,0.32835820895522383,3.186111111111111,0.6784295764331219,57.288913944933135,58.92547974824729,73.91796875,0.22254797441364604,0.291044776119403,66.36302461718418,225.35933637539782,0.09701492537313433,24,0.46641791044776115,2.9195804195804196,0.6345633041468542,55.519209629289094,72.48135161768444,89.79296875000001,0.30597014925373134,0.47953216374269003,0.5130211564842833,0.26119402985074625,0.43478260869565216,0.6649516415493093,0.15671641791044777,0.3088235294117647,0.2560820098808277,0.15298507462686567,0.05970149253731343,0.022388059701492536,0.33955223880597,0.02238805970149248,0.05970149253731335,0.007462686567164187,0.15298507462686592,0.11194029850746261,0.15671641791044782,0.14925373134328362,none,0.33955223880597,70.72807877924366,2
Supplementary_Figures_S6-S7__S7_P10__Snap-257-Bild-Export-69,BRAFi,P10,7,2,1,14,10,440.32115233930807,220,0.3775974025974026,0.5181818181818182,110.98027557911925,254.0,0.2636363636363636,14,0.20454545454545459,3.322857142857143,0.5721402651274999,101.17184432231959,106.830962953098,123.52734375000001,0.39155844155844155,0.5454545454545454,68.41340932285458,222.09351166421638,0.3090909090909091,14,0.09090909090909094,3.015,0.5823021255768779,61.26087994699155,69.55582773511905,73.91796875,0.3922077922077922,0.5045454545454545,93.91564286727602,254.00000000000003,0.38181818181818183,9,0.2090909090909091,3.471264367816092,0.5960379873799108,106.81306609079812,76.67395876620633,89.79296875000001,0.38636363636363635,0.5704697986577181,0.5925898118028907,0.2909090909090909,0.39751552795031053,0.10780039365368876,0.37272727272727274,0.5503355704697986,0.4779756058812958,0.09090909090909091,0.03636363636363636,0.09090909090909091,0.23181818181818184,0.09090909090909097,0.036363636363636334,0.12272727272727277,0.09090909090909077,0.04090909090909081,0.13636363636363624,0.2500000000000003,AJ+TJ+actin,0.2500000000000003,58.0898617861884,2
Supplementary_Figures_S6-S7__S7_P10__Snap-257-Bild-Export-69,BRAFi,P10,8,3,2,16,14,293.73422720286146,147,0.18415937803692906,0.25170068027210885,75.03915365668237,253.56882162447124,0.30612244897959184,8,0.5306122448979591,2.746376811594203,0.6394593967156141,60.918658777306426,74.59145480498563,123.52734375000001,0.07045675413022352,0.07482993197278912,35.238577487628746,136.41511259117362,0.08843537414965986,10,0.7414965986394557,1.9078947368421053,0.7033468486715969,28.019785992076205,38.32325804471799,73.91796875,0.6015549076773566,0.8707482993197279,119.19535783247025,254.00000000000003,0.7619047619047619,2,0.04761904761904767,4.421428571428572,0.3390606402283634,105.05376987125231,116.80306527494638,89.79296875000001,0.07482993197278912,0.2972972972972973,0.7902372799162618,0.25170068027210885,0.2890625,0.4920517545534479,0.07482993197278912,0.0859375,0.3514783162030335,0.0,0.0,0.6190476190476191,0.12925170068027209,0.6190476190476191,0.0,0.0,0.0,0.17687074829931976,0.0,0.07482993197278898,actin only,0.6190476190476191,38.75121730908462,0
Supplementary_Figures_S6-S7__S7_P10__Snap-257-Bild-Export-69,BRAFi,P10,9,4,3,11,16,321.43627199487037,161,0.30351579884290164,0.4782608695652174,91.98586275826473,254.0,0.16770186335403728,9,0.3291925465838509,3.1574074074074074,0.49641606468778376,86.41483065525728,81.89935100145199,123.52734375000001,0.029372496662216287,0.018633540372670808,25.084610817591468,160.44106788661344,0.037267080745341616,14,0.8385093167701864,1.2692307692307692,0.7666127661014254,24.658687421349917,22.546147541686505,73.91796875,0.2567868268802848,0.40372670807453415,67.08892890007928,240.91536365883763,0.2422360248447205,9,0.39751552795031053,2.984536082474227,0.49967699363521556,76.38607198559593,52.21176167140793,89.79296875000001,0.018633540372670808,0.03896103896103896,0.7505739895233865,0.3105590062111801,0.5434782608695652,0.6711809955877991,0.006211180124223602,0.014925373134328358,0.42011261781457787,0.15527950310559005,0.0,0.09316770186335403,0.42857142857142855,0.09316770186335405,0.0,0.0,0.1552795031055901,0.30434782608695643,0.012422360248447149,0.006211180124223663,none,0.42857142857142855,42.40584063256865,1
Supplementary_Figures_S6-S7__S7_P10__Snap-257-Bild-Export-69,BRAFi,P10,10,5,4,9,11,537.8620637999022,269,0.5361125862984599,0.6988847583643123,135.7188730275303,254.00000000000003,0.27137546468401486,17,0.08921933085501854,4.1204081632653065,0.5183689120720446,125.43702188860507,130.18479641502577,123.52734375000001,0.11789697291556028,0.15613382899628253,42.03468606555739,195.92808953716676,0.06691449814126393,34,0.5762081784386617,1.9473684210526316,0.7273066209425104,39.72725800700358,40.53287218252278,73.91796875,0.33961763143919277,0.483271375464684,75.9876766980323,250.79538120110607,0.2788104089219331,20,0.22676579925650553,3.074519230769231,0.5725778832705706,71.50290505825996,74.41855795282257,89.79296875000001,0.1412639405204461,0.19791666666666666,0.7390531008465284,0.4349442379182156,0.582089552238806,0.6282013504048584,0.11152416356877323,0.2112676056338028,0.5627983511885555,0.23048327137546468,0.011152416356877323,0.04460966542750929,0.2416356877323422,0.04460966542750926,0.011152416356877241,0.0037174721189590807,0.23048327137546457,0.32713754646840143,0.03345724907063215,0.10780669144981403,AJ+actin,0.32713754646840143,70.95805591027734,1
Supplementary_Figures_S6-S7__S7_P10__Snap-257-Bild-Export-69,BRAFi,P10,11,3,6,16,3,164.65096234902086,82,0.3064935064935065,0.4634146341463415,96.00416074142454,253.88211302049461,0.35365853658536583,6,0.12195121951219512,2.456018518518518,0.5994337547935835,87.77106598440577,87.13602203341388,123.52734375000001,0.03636363636363636,0.036585365853658534,33.51779097307316,160.4857172015225,0.04878048780487805,7,0.8292682926829268,1.5,0.7237468644557459,30.342785175825128,33.85420067313634,73.91796875,0.3696969696969697,0.5609756097560976,81.51270535673004,229.27643775439233,0.5487804878048781,5,0.14634146341463417,3.0142857142857142,0.49284542261064135,82.57624421016713,70.36805216088861,89.79296875000001,0.036585365853658534,0.07894736842105263,0.45663801868156184,0.3170731707317073,0.4482758620689655,0.5226106521519933,0.012195121951219513,0.020833333333333332,0.2033645353547328,0.12195121951219512,0.0,0.24390243902439024,0.29268292682926833,0.24390243902439032,0.0,0.0,0.12195121951219512,0.30487804878048785,0.024390243902438897,0.012195121951219514,AJ+actin,0.30487804878048785,21.721762842878743,0
Supplementary_Figures_S6-S7__S7_P10__Snap-257-Bild-Export-69,BRAFi,P10,12,6,2,3,14,142.08050662465237,71,0.5080482897384306,0.704225352112676,131.43616656884495,254.0,0.29577464788732394,5,0.21126760563380287,4.508928571428571,0.3872641630807917,124.56771024974535,124.39246376538846,123.52734375000001,0.506036217303823,0.676056338028169,78.07854520352458,190.57263988886044,0.5915492957746479,4,0.05633802816901412,3.753731343283582,0.5219435712771373,72.07898538884835,77.79520734925482,73.91796875,0.2535211267605634,0.29577464788732394,71.26188728813119,192.41124804001953,0.28169014084507044,9,0.43661971830985913,3.15,0.7679981208509806,68.4868091114853,68.2376529187632,89.79296875000001,0.6056338028169014,0.7818181818181819,0.7755095598674049,0.28169014084507044,0.39215686274509803,0.6972653203685067,0.28169014084507044,0.40816326530612246,0.7328706965487536,0.08450704225352113,0.056338028169014086,0.0,0.22535211267605634,0.0,0.05633802816901413,0.014084507042253544,0.08450704225352096,0.014084507042253568,0.3380281690140845,0.26760563380281693,AJ+TJ,0.3380281690140845,18.74413016156364,2
Supplementary_Figures_S6-S7__S7_P10__Snap-257-Bild-Export-69,BRAFi,P10,13,4,6,11,3,401.38095385986264,201,0.16458852867830423,0.19402985074626866,81.36070609946948,252.0089991832136,0.12437810945273632,30,0.3830845771144279,1.8629032258064515,0.7624579849045954,76.6196829505774,73.76488568771357,123.52734375000001,0.13252582828642678,0.14925373134328357,46.60531961855798,235.6191829108358,0.06965174129353234,27,0.4477611940298507,1.6756756756756757,0.8204959879973854,46.62236049052389,42.17864791344294,73.91796875,0.1307445671535447,0.20398009950248755,50.07228297558664,245.41713097659837,0.23880597014925373,3,0.6716417910447761,2.7803030303030303,0.5258290831021173,43.85820393774936,52.27232808068414,89.79296875000001,0.07960199004975124,0.3018867924528302,0.6586558195037845,0.06965174129353234,0.21212121212121213,0.5380257567112321,0.06467661691542288,0.22413793103448276,0.4684393319812544,0.0845771144278607,0.04477611940298507,0.10945273631840796,0.6268656716417909,0.10945273631840796,0.04477611940298518,0.02487562189054726,0.08457711442786066,0.02985074626865674,0.03980099502487575,0.03980099502487561,none,0.6268656716417909,52.95263243533808,1
Supplementary_Figures_S6-S7__S7_P10__Snap-257-Bild-Export-69,BRAFi,P10,15,7,2,7,14,225.97744263400472,113,0.4525916561314791,0.6283185840707964,121.00062729667529,254.0,0.504424778761062,8,0.17699115044247793,3.849462365591398,0.44295106137157036,112.27468463581098,112.60232941917009,123.52734375000001,0.37041719342604296,0.584070796460177,66.48904102972281,222.6290693148989,0.20353982300884957,9,0.19469026548672563,3.21978021978022,0.4890202623776681,60.2277647374902,65.81231744761018,73.91796875,0.2914032869785082,0.46017699115044247,72.77654067112292,254.0,0.35398230088495575,8,0.35398230088495575,3.1575342465753424,0.5338694030771708,72.73708940219294,65.81707130543337,89.79296875000001,0.49557522123893805,0.691358024691358,0.7195119383292334,0.36283185840707965,0.5,0.6021099754975275,0.35398230088495575,0.5128205128205128,0.6853707284142813,0.08849557522123894,0.05309734513274336,0.061946902654867256,0.22123893805309733,0.061946902654867235,0.053097345132743314,0.03539823008849555,0.0884955752212389,0.04424778761061946,0.17699115044247785,0.3185840707964604,AJ+TJ+actin,0.3185840707964604,29.81232752427503,2
Supplementary_Figures_S6-S7__S7_P10__Snap-257-Bild-Export-69,BRAFi,P10,16,6,7,3,7,241.6881612425608,121,0.41204250295159384,0.5537190082644629,115.74603849945679,254.0,0.2644628099173554,10,0.1900826446280992,3.561224489795918,0.5512167177724262,112.56213191122824,104.94186235943661,123.52734375000001,0.2833530106257379,0.38016528925619836,59.775984286012836,142.49059957876574,0.2892561983471074,11,0.18181818181818177,2.4242424242424243,0.60602444257637,58.90025914480574,56.61035867917083,73.91796875,0.06611570247933884,0.05785123966942149,48.247116820580686,145.40156888880398,0.17355371900826447,3,0.7603305785123967,1.9310344827586208,0.5637033613451642,44.69649166168198,48.67431330944833,89.79296875000001,0.3140495867768595,0.5066666666666667,0.6884239752081714,0.049586776859504134,0.08823529411764706,0.21868792016532407,0.03305785123966942,0.08163265306122448,0.29555586125965555,0.21487603305785125,0.05785123966942149,0.0,0.3801652892561984,0.0,0.05785123966942145,0.008264462809917316,0.214876033057851,0.024793388429752067,0.28925619834710753,0.024793388429752185,none,0.3801652892561984,31.884981694269236,2
Supplementary_Figures_S6-S7__S7_P10__Snap-257-Bild-Export-69,BRAFi,P10,17,0,8,6,2,280.90225096234457,140,0.5261820030503305,0.7714285714285715,131.03243928727522,254.0,0.30714285714285716,8,0.07857142857142863,3.9870801033591725,0.4195245784907727,115.42928752214016,130.60646992687626,123.52734375000001,0.16878495170310118,0.22857142857142856,51.69613450711412,155.64659836978274,0.07857142857142857,20,0.41428571428571426,2.0142276422764227,0.7731100642555828,46.902336817827674,52.25231453302387,73.91796875,0.11235383833248602,0.14285714285714285,57.80348743632436,254.0,0.10714285714285714,9,0.6142857142857143,2.0462962962962963,0.7816013547258613,59.09225498253493,52.319014863616395,89.79296875000001,0.22142857142857142,0.28440366972477066,0.7829676113644851,0.14285714285714285,0.18518518518518517,0.6764083392778438,0.12142857142857143,0.4857142857142857,0.748021756109424,0.5285714285714286,0.007142857142857143,0.0,0.22142857142857142,0.0,0.007142857142857159,0.0,0.5285714285714284,0.021428571428571564,0.10000000000000017,0.1214285714285714,AJ only,0.5285714285714284,37.05834445413517,1
Supplementary_Figures_S6-S7__S7_P10__Snap-257-Bild-Export-69,BRAFi,P10,19,2,0,14,6,30.901516579306847,15,0.7649769585253456,1.0,170.5734032251953,254.0,1.0,1,0.0,5.388888888888888,0.19120862877310732,174.0255422439911,148.3577315827476,123.52734375000001,0.7649769585253456,0.9333333333333333,101.6657179738816,205.98610538557048,1.0,1,0.0,5.377777777777778,0.24230877853850005,92.87734247206028,101.85090982137498,73.91796875,0.9400921658986175,1.0,176.44404599315934,254.0,1.0,1,0.0,6.577777777777778,0.08721845029341609,167.30568115579044,172.45536467429935,89.79296875000001,0.9333333333333333,0.9333333333333333,0.15631333043784296,1.0,1.0,-0.08107500980169052,0.9333333333333333,0.9333333333333333,0.8442011636158818,0.0,0.0,0.0,0.0,0.0,0.0,0.0,0.0,0.06666666666666667,0.0,0.9333333333333335,AJ+TJ+actin,0.9333333333333335,4.076717226821484,3
Supplementary_Figures_S6-S7__S7_P10__Snap-257-Bild-Export-69,BRAFi,P10,20,2,8,14,2,54.09506767878276,27,0.8492063492063492,1.0,206.26397612180253,254.0,1.0,1,0.0,5.944444444444445,0.19334729780913276,179.83621774069448,220.89127447661127,123.52734375000001,0.7142857142857143,0.7777777777777778,110.02318401201654,245.33690392371116,0.6666666666666666,2,0.03703703703703709,5.1923076923076925,0.38246905610149884,96.52048291395548,118.39213762295653,73.91796875,0.4523809523809524,0.5185185185185185,88.08889635350764,236.12465171653088,0.5185185185185185,2,0.37037037037037035,5.029411764705882,0.3680031046211058,75.96528473979062,96.08130078463954,89.79296875000001,0.7777777777777778,0.7777777777777778,0.9204945258831128,0.5185185185185185,0.5185185185185185,0.7821318921687735,0.5185185185185185,0.6666666666666666,0.7088267607256774,0.2222222222222222,0.0,0.0,0.0,0.0,0.0,0.0,0.2222222222222222,0.0,0.25925925925925924,0.5185185185185186,AJ+TJ+actin,0.5185185185185186,7.136552464219362,3
Supplementary_Figures_S6-S7__S7_P10__Snap-257-Bild-Export-69,BRAFi,P10,21,7,8,7,2,28.374336436463956,14,0.9744897959183674,1.0,229.33683779256512,254.00000000000003,1.0,1,0.0,6.821428571428571,0.04473300390218603,208.32340748984356,243.93837627222726,123.52734375000001,0.8469387755102041,1.0,103.9640098140347,178.4998181469947,1.0,1,0.0,5.928571428571429,0.12693558738376792,98.97670109209106,105.29468156667244,73.91796875,0.826530612244898,0.9285714285714286,164.41677096888898,254.00000000000003,1.0,1,0.0,5.785714285714286,0.2823357191612165,162.0412214309384,163.38469409425647,89.79296875000001,1.0,1.0,0.4774591980870407,0.9285714285714286,0.9285714285714286,-0.0333277583894453,0.9285714285714286,0.9285714285714286,0.36116793377596773,0.0,0.0,0.0,0.0,0.0,0.0,0.0,0.0,0.0,0.07142857142857141,0.9285714285714286,AJ+TJ+actin,0.9285714285714286,3.7433161525678043,3
Supplementary_Figures_S6-S7__S7_P10__Snap-257-Bild-Export-69,BRAFi,P10,22,9,8,8,2,255.52875701886956,128,0.20145089285714285,0.234375,91.05925175109975,254.0,0.1171875,21,0.3984375,2.344155844155844,0.7855908794190216,83.37584528238396,87.90358273872897,123.52734375000001,0.09151785714285714,0.1015625,40.737608516434484,132.47405314532853,0.0703125,16,0.6328125,1.7446808510638299,0.7140137155270461,34.8283320857454,43.41142714340334,73.91796875,0.08035714285714286,0.09375,40.31301090500494,254.00000000000003,0.0703125,4,0.8828125,4.8,0.49564071889042993,39.63703398330735,39.45184011497123,89.79296875000001,0.09375,0.3870967741935484,0.8087276640047388,0.09375,0.4,0.6777344049096532,0.078125,0.6666666666666666,0.7249881324651227,0.125,0.0078125,0.0,0.7578125,0.0,0.007812499999999993,0.0,0.12500000000000003,0.015624999999999875,0.01562500000000002,0.07812500000000006,none,0.7578125,33.710917812515774,1
Supplementary_Figures_S6-S7__S7_P10__Snap-257-Bild-Export-69,BRAFi,P10,23,7,9,7,8,186.12059927806513,93,0.4508448540706605,0.6021505376344086,125.07238360154419,254.0,0.3333333333333333,7,0.23655913978494625,4.133802816901408,0.49972058745570885,116.80787549054928,119.22380374405918,123.52734375000001,0.3425499231950845,0.46236559139784944,64.63086782969856,222.25133188694926,0.17204301075268819,10,0.27956989247311825,3.328358208955224,0.6017663209763678,62.63375064483942,63.240837466975144,73.91796875,0.45314900153609833,0.5483870967741935,98.06127008387246,254.00000000000003,0.3870967741935484,5,0.18279569892473113,3.8815789473684212,0.5672372655988466,97.71705281644937,92.18507421759391,89.79296875000001,0.41935483870967744,0.65,0.8768341620963809,0.4946236559139785,0.7540983606557377,0.7591134964908138,0.3978494623655914,0.6491228070175439,0.789544296408655,0.08602150537634409,0.043010752688172046,0.053763440860215055,0.3010752688172043,0.05376344086021494,0.043010752688171984,0.0,0.08602150537634419,0.09677419354838711,0.021505376344085992,0.39784946236559143,AJ+TJ+actin,0.39784946236559143,24.55416877019329,0
Supplementary_Figures_S6-S7__S7_P10__Snap-257-Bild-Export-69,BRAFi,P10,25,6,10,3,1,237.12326591185845,119,0.6660638939119952,0.9159663865546218,152.85665484166907,254.00000000000003,1.0,1,0.0,4.65546218487395,0.35844530643339084,143.23932756873475,144.27068313344176,123.52734375000001,0.6172393007836046,0.8487394957983193,91.27143078797303,219.02867743767288,0.9495798319327731,2,0.01680672268907568,4.388888888888889,0.41867937743142347,86.31890982012874,86.38446262651284,73.91796875,0.14767932489451477,0.17647058823529413,60.00174852731138,250.69827282536014,0.15966386554621848,11,0.5882352941176471,2.520408163265306,0.7593440932473976,55.80587182635967,58.28314854009425,89.79296875000001,0.8151260504201681,0.8584070796460177,0.7538257040288566,0.17647058823529413,0.1926605504587156,0.7089002336185213,0.17647058823529413,0.2079207920792079,0.7171945647839859,0.10084033613445378,0.03361344537815126,0.0,0.050420168067226954,0.0,0.033613445378151204,0.0,0.10084033613445371,0.0,0.6386554621848741,0.1764705882352941,AJ+TJ,0.6386554621848741,31.282752758820376,2
Supplementary_Figures_S6-S7__S7_P10__Snap-257-Bild-Export-69,BRAFi,P10,26,10,7,1,7,375.9497320201895,188,0.182370820668693,0.25,86.3070766772016,254.0,0.15425531914893617,30,0.44680851063829785,2.3076923076923075,0.6925696916396051,79.61668395446348,79.33609178196505,123.52734375000001,0.23062310030395136,0.3404255319148936,53.79244028263235,176.19700831232018,0.15425531914893617,22,0.4042553191489362,2.7098214285714284,0.622130840413866,49.84832551462679,53.71291466487743,73.91796875,0.022416413373860182,0.015957446808510637,28.115649938785275,241.1973515971842,0.026595744680851064,7,0.898936170212766,1.5526315789473684,1.181588139520907,27.3213813418571,27.17587268830388,89.79296875000001,0.1702127659574468,0.4050632911392405,0.5428198621283323,0.010638297872340425,0.041666666666666664,0.6812530250960935,0.015957446808510637,0.046875,0.5876751549322238,0.0797872340425532,0.16489361702127658,0.0,0.5797872340425532,0.0,0.16489361702127667,0.0053191489361702985,0.07978723404255327,0.0,0.15957446808510614,0.010638297872340446,none,0.5797872340425532,49.5975899762783,2
Supplementary_Figures_S6-S7__S7_P10__Snap-257-Bild-Export-69,BRAFi,P10,27,10,9,1,8,137.50758490429106,69,0.2701863354037267,0.391304347826087,91.3739603537279,254.0,0.34782608695652173,4,0.5072463768115942,3.838235294117647,0.49727313849860305,85.50662178748833,86.52807883093692,123.52734375000001,0.3995859213250518,0.5507246376811594,65.01148382108741,214.36580051696973,0.36231884057971014,5,0.28985507246376807,3.938775510204082,0.5247377190718681,65.03187199018319,60.447555682375885,73.91796875,0.2867494824016563,0.3188405797101449,72.01719710984264,254.0,0.3188405797101449,4,0.46376811594202894,3.7432432432432434,0.637672264716812,67.9367363935153,71.41496748504335,89.79296875000001,0.391304347826087,0.7105263157894737,0.7535127369015296,0.2608695652173913,0.5806451612903226,0.8288155655208398,0.3188405797101449,0.5789473684210527,0.7376437043726691,0.0,0.10144927536231885,0.0,0.4492753623188406,0.0,0.10144927536231874,0.05797101449275377,0.0,0.0,0.13043478260869557,0.26086956521739135,none,0.4492753623188406,18.14084233565845,2
Supplementary_Figures_S6-S7__S7_P10__Snap-257-Bild-Export-69,BRAFi,P10,28,11,6,13,3,186.12556525502032,93,0.49078341013824883,0.6666666666666666,124.66542780263677,254.00000000000003,0.26881720430107525,5,0.20430107526881724,4.3175675675675675,0.447533294243219,127.48170877334388,111.54821871790763,123.52734375000001,0.5376344086021505,0.6559139784946236,83.59000414038624,251.3933834124984,0.41935483870967744,6,0.053763440860215006,3.977272727272727,0.5618627910071704,82.12671431250574,80.56361240459644,73.91796875,0.040706605222734255,0.053763440860215055,43.01871986375559,129.03808915857854,0.043010752688172046,6,0.8387096774193549,1.7666666666666666,0.863813067340347,36.65558700453779,47.71476250430094,89.79296875000001,0.5913978494623656,0.8088235294117647,0.8011893969776751,0.053763440860215055,0.08064516129032258,0.6600700442708303,0.053763440860215055,0.08196721311475409,0.5135656001957739,0.07526881720430108,0.06451612903225806,0.0,0.2688172043010753,0.0,0.06451612903225809,0.0,0.07526881720430105,0.0,0.5376344086021505,0.05376344086021504,AJ+TJ,0.5376344086021505,24.55482391227181,2
Supplementary_Figures_S6-S7__S7_P10__Snap-257-Bild-Export-69,BRAFi,P10,29,8,12,2,15,182.39605802751743,91,0.3563579277864992,0.5714285714285714,103.00716623159913,253.95375696107152,0.2087912087912088,6,0.1648351648351648,2.986842105263158,0.504381239447573,90.71377618252278,97.77395688718458,123.52734375000001,0.29356357927786497,0.38461538461538464,60.33085487561604,229.38665529350777,0.1978021978021978,11,0.21978021978021978,2.6338028169014085,0.7424301271077445,54.15357022241572,60.18168512616788,73.91796875,0.2857142857142857,0.4175824175824176,74.84622615558314,254.00000000000003,0.3076923076923077,6,0.37362637362637363,3.192982456140351,0.5350728760940457,55.14083069650246,87.69450376792862,89.79296875000001,0.2857142857142857,0.4262295081967213,0.6492292856892687,0.3516483516483517,0.5517241379310345,0.5221691020826082,0.24175824175824176,0.43137254901960786,0.5374695935636085,0.15384615384615385,0.07692307692307693,0.04395604395604396,0.28571428571428564,0.04395604395604398,0.07692307692307708,0.02197802197802191,0.1538461538461539,0.13186813186813165,0.06593406593406592,0.2197802197802199,none,0.28571428571428564,24.062804489118395,1
Supplementary_Figures_S6-S7__S7_P10__Snap-257-Bild-Export-69,BRAFi,P10,32,11,10,13,1,436.5516694301642,218,0.585812356979405,0.7752293577981652,143.7120771980135,254.00000000000003,0.6376146788990825,10,0.05504587155963303,4.33252427184466,0.44010692461380063,138.53151199293484,131.83105792766617,123.52734375000001,0.633213468453743,0.8027522935779816,90.50333609572259,252.45127093429366,0.7844036697247706,5,0.09633027522935778,4.898477157360406,0.36938172332476943,88.94576072143985,85.97431293254992,73.91796875,0.02321019941157241,0.01834862385321101,40.65305616144492,158.07490059181788,0.027522935779816515,12,0.8899082568807339,1.4791666666666667,0.8477656550204048,39.43156925825494,38.95616805372015,89.79296875000001,0.7293577981651376,0.8594594594594595,0.8170321663750233,0.01834862385321101,0.023668639053254437,0.8149857084821839,0.01834862385321101,0.022857142857142857,0.8026192531352602,0.045871559633027525,0.07339449541284404,0.0,0.15137614678899058,0.0,0.07339449541284401,0.0,0.04587155963302765,0.0,0.7110091743119267,0.01834862385321103,AJ+TJ,0.7110091743119267,57.59256852640689,2
Supplementary_Figures_S6-S7__S7_P10__Snap-257-Bild-Export-69,BRAFi,P10,33,9,12,8,15,289.15278521937387,145,0.14780029658922392,0.1793103448275862,77.7728429700299,252.01482861905473,0.1103448275862069,18,0.503448275862069,2.0972222222222223,0.69125242837936,68.37930532190775,75.51252745088283,123.52734375000001,0.2609985170538804,0.33793103448275863,59.10980319488661,189.77337348037898,0.13793103448275862,18,0.2827586206896552,2.543269230769231,0.670646044637538,51.01581940936703,62.68180607139484,73.91796875,0.33613445378151263,0.46206896551724136,82.26054004504853,254.0,0.23448275862068965,10,0.27586206896551724,3.2523809523809524,0.6027802622466211,69.89521918611632,88.30464962567662,89.79296875000001,0.14482758620689656,0.3888888888888889,0.7233645160196588,0.1103448275862069,0.2077922077922078,0.317915616785382,0.18620689655172415,0.30337078651685395,0.31112800223318204,0.020689655172413793,0.10344827586206896,0.2620689655172414,0.3655172413793106,0.26206896551724135,0.1034482758620688,0.08965517241379284,0.020689655172413876,0.013793103448275853,0.048275862068965385,0.09655172413793128,none,0.3655172413793106,38.14680543791212,0
Supplementary_Figures_S6-S7__S7_P10__Snap-257-Bild-Export-69,BRAFi,P10,34,10,12,1,15,217.3891026602651,109,0.03686635944700461,0.045871559633027525,45.631629555893866,197.30635277867776,0.045871559633027525,6,0.8715596330275229,2.0,0.7319250547113999,44.3741127782157,40.811546748107546,123.52734375000001,0.18630678077682686,0.22935779816513763,53.70187427478021,165.40410335513582,0.13761467889908258,15,0.4495412844036697,2.3583333333333334,0.7324893163617304,53.465240010773265,52.01496400083327,73.91796875,0.11784068466096116,0.12844036697247707,53.9172610228152,178.53093261972418,0.11009174311926606,8,0.7064220183486238,2.796875,0.6964892096708429,56.97194356353411,48.75278860813932,89.79296875000001,0.03669724770642202,0.15384615384615385,0.68386900411705,0.03669724770642202,0.26666666666666666,0.5765417659003442,0.05504587155963303,0.18181818181818182,0.3391910643529089,0.009174311926605505,0.1743119266055046,0.07339449541284404,0.6880733944954128,0.07339449541284396,0.17431192660550482,0.018348623853211055,0.009174311926605503,0.0,0.0,0.03669724770642194,none,0.6880733944954128,28.679301142515186,2
Supplementary_Figures_S6-S7__S7_P10__Snap-257-Bild-Export-69,BRAFi,P10,35,12,13,15,17,342.931753630127,171,0.21990837151187007,0.3333333333333333,88.880652214434,253.97274795362478,0.38596491228070173,14,0.42690058479532167,2.693877551020408,0.5684595280915373,83.68486311343047,79.0683009998525,123.52734375000001,0.45814244064972925,0.6374269005847953,72.99050681229185,252.63078519376245,0.27485380116959063,13,0.11695906432748537,3.626931567328919,0.5162686136319976,70.2004913729741,69.88268048939928,73.91796875,0.14910453977509372,0.19298245614035087,60.57877877069361,194.87146072774755,0.09941520467836257,16,0.52046783625731,2.182926829268293,0.7524913626314044,56.44179394027498,60.366032665319466,89.79296875000001,0.19883040935672514,0.25757575757575757,0.30878856303547925,0.10526315789473684,0.25,0.44025891846957504,0.17543859649122806,0.26785714285714285,0.42135050290211806,0.11695906432748537,0.3508771929824561,0.0,0.22807017543859667,0.0,0.35087719298245607,0.0877192982456139,0.11695906432748539,0.01754385964912284,0.11111111111111098,0.08771929824561417,TJ only,0.35087719298245607,45.241656151731796,2
Supplementary_Figures_S6-S7__S7_P10__Snap-257-Bild-Export-69,BRAFi,P10,37,14,12,12,15,572.5518782151846,286,0.1593118922961855,0.21678321678321677,80.60568366413439,252.44768037055582,0.06643356643356643,35,0.5,2.2296037296037294,0.7216000785625533,75.88084520068247,74.83460521710242,123.52734375000001,0.40463724756918473,0.5454545454545454,72.41643767175924,254.0,0.2972027972027972,18,0.1678321678321678,3.399159663865546,0.5432573114135798,65.164761935862,73.93279212975351,73.91796875,0.30416355023684866,0.4125874125874126,76.13169297068046,254.00000000000003,0.18181818181818182,15,0.4300699300699301,3.731083844580777,0.5279912525499443,71.52309263264573,75.36575900191058,89.79296875000001,0.16783216783216784,0.2823529411764706,0.4680144110576248,0.10139860139860139,0.19205298013245034,0.13120978031770864,0.32517482517482516,0.5138121546961326,0.45376629189224926,0.045454545454545456,0.15034965034965034,0.08391608391608392,0.3216783216783217,0.08391608391608375,0.15034965034964998,0.22727272727272768,0.04545454545454553,0.0034965034965034774,0.06993006993006999,0.09790209790209789,none,0.3216783216783217,75.53454857720114,2
Supplementary_Figures_S6-S7__S7_P10__Snap-257-Bild-Export-69,BRAFi,P10,38,10,14,1,12,52.51726895672793,26,0.4716981132075472,0.6538461538461539,125.2983010402329,253.758634478364,0.5384615384615384,3,0.11538461538461542,3.7463768115942027,0.5072125873037864,117.77000810409679,121.16815578481707,123.52734375000001,0.889487870619946,0.9615384615384616,117.44106472923116,238.3195033969737,1.0,1,0.0,6.224358974358974,0.20432138878417502,113.0969828689944,117.08106151669351,73.91796875,0.8463611859838275,0.8846153846153846,137.47942407655714,254.0,0.9230769230769231,2,0.038461538461538436,6.14,0.2797512775711256,124.4422931337385,145.99257356444136,89.79296875000001,0.6538461538461539,0.68,0.7065646063355397,0.6153846153846154,0.6666666666666666,0.439401414945313,0.8846153846153846,0.92,0.8098527751301342,0.0,0.038461538461538464,0.0,0.03846153846153845,0.0,0.03846153846153859,0.2692307692307692,0.0,0.0,0.03846153846153845,0.6153846153846152,AJ+TJ+actin,0.6153846153846152,6.92839959851292,3
Supplementary_Figures_S6-S7__S7_P10__Snap-257-Bild-Export-69,BRAFi,P10,39,10,15,1,4,187.64565797410313,94,0.3183890577507599,0.4148936170212766,109.6622629402751,254.0,0.2127659574468085,10,0.36170212765957444,3.4916666666666667,0.6083765822536787,102.72495686761467,105.37349440780835,123.52734375000001,0.29103343465045595,0.425531914893617,60.52594069249379,198.6775756030603,0.23404255319148937,8,0.35106382978723405,3.139344262295082,0.5600506977770904,60.786174755637916,55.83012666666283,73.91796875,0.22720364741641338,0.2872340425531915,67.41174334800165,207.3347439137493,0.18085106382978725,9,0.5212765957446808,3.3222222222222224,0.67690853554252,68.06988567008999,64.64946411869681,89.79296875000001,0.3617021276595745,0.7555555555555555,0.8290684409210505,0.11702127659574468,0.2,0.24403524657503042,0.10638297872340426,0.17543859649122806,0.17249338935752492,0.0425531914893617,0.06382978723404255,0.1702127659574468,0.35106382978723394,0.17021276595744675,0.06382978723404259,0.0,0.04255319148936171,0.010638297872340361,0.25531914893617025,0.10638297872340441,none,0.35106382978723394,24.75536384882627,2
Supplementary_Figures_S6-S7__S7_P10__Snap-257-Bild-Export-69,BRAFi,P10,40,16,11,18,13,220.01235896803712,110,0.2551948051948052,0.34545454545454546,98.39162760441745,254.0,0.24545454545454545,8,0.3727272727272727,2.847826086956522,0.6759066754558367,93.10818844585255,90.5848777112262,123.52734375000001,0.38246753246753246,0.5545454545454546,72.4714765292625,254.0,0.2636363636363636,8,0.24545454545454548,3.5481927710843375,0.5338526032410031,70.59149209115874,67.57818735100406,73.91796875,0.10454545454545454,0.2,43.11419688572528,197.14545421445925,0.24545454545454545,2,0.7181818181818183,2.596774193548387,0.4624723097884792,48.10499304701994,34.29924610533475,89.79296875000001,0.32727272727272727,0.5714285714285714,0.8753288565624311,0.15454545454545454,0.3953488372093023,0.652672454765862,0.19090909090909092,0.3387096774193548,0.741702103872028,0.00909090909090909,0.18181818181818182,0.0,0.42727272727272725,0.0,0.18181818181818166,0.04545454545454548,0.009090909090909115,0.009090909090909148,0.18181818181818202,0.14545454545454528,none,0.42727272727272725,29.025377172564262,2
Supplementary_Figures_S6-S7__S7_P10__Snap-257-Bild-Export-69,BRAFi,P10,42,15,14,4,12,277.6293414229735,139,0.2199383350462487,0.31654676258992803,90.48662382047281,254.0,0.2014388489208633,14,0.4316546762589928,2.7088607594936707,0.6928820945841875,83.77830421661055,85.1356135541508,123.52734375000001,0.1695786228160329,0.23741007194244604,47.04280234397154,246.946052898104,0.20863309352517986,8,0.5107913669064748,2.426470588235294,0.5744802417919753,43.921833043079104,46.06602248615129,73.91796875,0.15313463514902365,0.2446043165467626,52.86502035259607,208.33792141223375,0.2517985611510791,11,0.5683453237410072,2.4833333333333334,0.5364511438494649,53.22804399072683,46.868535616543475,89.79296875000001,0.18705035971223022,0.5098039215686274,0.8038908031334263,0.1510791366906475,0.3684210526315789,0.5566582616933657,0.09352517985611511,0.24074074074074073,0.4074756826544838,0.07194244604316546,0.050359712230215826,0.09352517985611511,0.5395683453237411,0.09352517985611507,0.050359712230215854,0.0,0.07194244604316542,0.05755395683453229,0.09352517985611501,0.09352517985611528,none,0.5395683453237411,36.62656219300442,1
Supplementary_Figures_S6-S7__S7_P10__Snap-257-Bild-Export-69,BRAFi,P10,43,17,10,5,1,177.86488867472116,89,0.5971107544141252,0.7640449438202247,147.30567312580058,254.00000000000003,0.48314606741573035,4,0.0449438202247191,4.376470588235295,0.46627194544917766,142.2581220555294,138.11503882378594,123.52734375000001,0.4534510433386838,0.5280898876404494,83.26160766651007,253.46916995261836,0.48314606741573035,7,0.1910112359550562,3.923611111111111,0.5869251786405699,81.4412305827154,78.16781882398422,73.91796875,0.17495987158908508,0.24719101123595505,50.46174737654766,178.04575607473376,0.2696629213483146,4,0.6404494382022472,3.40625,0.5117095327480492,53.45338482459333,44.103252932573405,89.79296875000001,0.5168539325842697,0.6666666666666666,0.8847051079891017,0.24719101123595505,0.3235294117647059,0.8295444985954883,0.24719101123595505,0.46808510638297873,0.8239652349419067,0.24719101123595505,0.011235955056179775,0.0,0.2247191011235955,0.0,0.011235955056179784,0.0,0.2471910112359551,0.0,0.26966292134831443,0.24719101123595516,AJ+TJ,0.26966292134831443,23.465024891124163,2
Supplementary_Figures_S6-S7__S7_P10__Snap-257-Bild-Export-69,BRAFi,P10,44,11,17,13,5,303.64309195824757,152,0.5093984962406015,0.7236842105263158,133.6596350985558,254.00000000000003,0.27631578947368424,6,0.09210526315789469,3.927536231884058,0.47893068393981914,125.62730154563752,125.28625968698019,123.52734375000001,0.4967105263157895,0.6973684210526315,83.03204236368765,254.0,0.29605263157894735,11,0.11184210526315785,3.914814814814815,0.5277582582688608,82.57850006119202,76.22614712157561,73.91796875,0.048402255639097745,0.07236842105263158,40.02007403488722,168.0316040674275,0.05921052631578947,4,0.868421052631579,2.575,0.589840783653749,40.95248992912349,35.41035834257349,89.79296875000001,0.6118421052631579,0.7560975609756098,0.7147339244729798,0.07236842105263158,0.1,0.7535357159844726,0.07236842105263158,0.10377358490566038,0.6928991211006128,0.1118421052631579,0.08552631578947369,0.0,0.19078947368421068,0.0,0.0855263157894738,0.0,0.11184210526315778,0.0,0.5394736842105263,0.07236842105263161,AJ+TJ,0.5394736842105263,40.05845540346274,2
Supplementary_Figures_S6-S7__S7_P10__Snap-257-Bild-Export-69,BRAFi,P10,45,17,15,5,4,188.80555123601545,94,0.47165532879818595,0.7127659574468085,124.40366153554017,254.0,0.6276595744680851,5,0.11702127659574468,3.746987951807229,0.4563538169635187,115.90928375714,111.87873287351555,123.52734375000001,0.3144368858654573,0.3829787234042553,61.878288688266764,200.32319555579912,0.3829787234042553,6,0.12765957446808507,2.518292682926829,0.6887970879697058,61.83920218153134,55.341180797996834,73.91796875,0.31141345427059713,0.5106382978723404,72.82375287727213,198.39469579779572,0.44680851063829785,5,0.2978723404255319,3.106060606060606,0.4036714315234576,66.26779246510883,71.32827061728614,89.79296875000001,0.3191489361702128,0.410958904109589,0.6024251967384118,0.5,0.6911764705882353,0.7590808230014019,0.24468085106382978,0.3770491803278688,0.3912603634813011,0.13829787234042554,0.06382978723404255,0.010638297872340425,0.21276595744680854,0.010638297872340394,0.0638297872340425,0.0,0.13829787234042543,0.2553191489361704,0.07446808510638295,0.24468085106382972,AJ+actin,0.2553191489361704,24.908384068075918,0
Supplementary_Figures_S6-S7__S7_P10__Snap-257-Bild-Export-69,BRAFi,P10,47,16,17,18,5,330.05340102819,165,0.17705627705627705,0.2606060606060606,76.88211180797175,254.0,0.18181818181818182,16,0.5575757575757576,2.8013698630136985,0.6188089690243875,68.61095357597758,73.63610107593405,123.52734375000001,0.25757575757575757,0.3212121212121212,56.24422790454857,189.7961036279065,0.24242424242424243,15,0.2666666666666667,2.458677685950413,0.668409087522988,53.288148017083685,55.46952930877643,73.91796875,0.05367965367965368,0.08484848484848485,44.98308112315199,205.973787178803,0.024242424242424242,10,0.8484848484848485,2.48,0.666189562195593,43.61435388023451,43.49738646123602,89.79296875000001,0.15757575757575756,0.37142857142857144,0.6044841751612213,0.04242424242424243,0.14,0.5009736308058486,0.05454545454545454,0.15517241379310345,0.6489090645323738,0.09090909090909091,0.1393939393939394,0.01818181818181818,0.5575757575757573,0.018181818181818188,0.13939393939393951,0.02424242424242425,0.09090909090909098,0.012121212121212125,0.12727272727272726,0.030303030303030356,none,0.5575757575757573,43.542665043296836,2
Supplementary_Figures_S6-S7__S7_P100__Snap-268-Bild-Export-80,BRAFi,P100,5,1,0,7,10,162.09827620224868,81,0.3430335097001764,0.43209876543209874,67.8243425169147,239.19472689641717,0.14814814814814814,7,0.37037037037037035,3.8137254901960786,0.5604348949071692,61.395580562625646,65.79928189040832,80.86328125000001,0.41798941798941797,0.5679012345679012,49.654645066987754,211.21507703007953,0.38271604938271603,7,0.13580246913580252,3.3857142857142857,0.5801649405320068,50.37964000422908,46.53104739431771,51.09765625,0.335978835978836,0.38271604938271603,63.12008304026679,228.00389954896235,0.345679012345679,8,0.4320987654320988,4.141304347826087,0.6251624708742227,62.57139976582892,62.505621587206015,66.97265625,0.345679012345679,0.5283018867924528,0.4754874314642085,0.1728395061728395,0.2692307692307692,0.12226990294107537,0.2716049382716049,0.4,0.26758010837823853,0.06172839506172839,0.09876543209876543,0.08641975308641975,0.25925925925925936,0.08641975308641973,0.09876543209876525,0.12345679012345671,0.06172839506172854,0.024691358024691336,0.197530864197531,0.14814814814814808,none,0.25925925925925936,21.384996860454972,2
Supplementary_Figures_S6-S7__S7_P100__Snap-268-Bild-Export-80,BRAFi,P100,6,2,1,13,7,534.6493748541992,267,0.1930574098798398,0.24719101123595505,46.697571055435226,254.0,0.08239700374531835,23,0.5580524344569289,3.05225988700565,0.6707144930710374,42.05597193654112,43.359926057849066,80.86328125000001,0.09425901201602137,0.10486891385767791,23.195906994495278,120.9180724842132,0.04119850187265917,28,0.651685393258427,1.896057347670251,0.7146882784881261,22.45959144937206,21.38989579837486,51.09765625,0.2720961281708945,0.3970037453183521,45.9355399710549,223.17520917039795,0.23220973782771537,11,0.48689138576779023,3.718978102189781,0.48321310212162055,44.538257514865066,43.5462913941621,66.97265625,0.08239700374531835,0.3055555555555556,0.7484404062519493,0.1797752808988764,0.3870967741935484,0.6861504173920907,0.08239700374531835,0.19642857142857142,0.5845890866184154,0.0599250936329588,0.0149812734082397,0.20973782771535582,0.52059925093633,0.20973782771535582,0.014981273408239635,0.007490636704119871,0.059925093632958754,0.10486891385767766,0.007490636704119764,0.07490636704119849,none,0.52059925093633,70.53421831849593,1
Supplementary_Figures_S6-S7__S7_P100__Snap-268-Bild-Export-80,BRAFi,P100,7,3,2,1,13,120.56627726931521,60,0.16646989374262103,0.23333333333333334,51.28822081368622,195.08715424684829,0.23333333333333334,8,0.5,2.2888888888888888,0.6827942125249414,46.016789311849585,47.837293564356045,80.86328125000001,0.07201889020070838,0.1,24.245557020745167,109.33718630505237,0.13333333333333333,7,0.7,1.6851851851851853,0.7911324749519261,23.547228669793196,23.345200081617286,51.09765625,0.10035419126328217,0.15,34.80445220054202,138.7080105866578,0.15,4,0.7166666666666667,2.5,0.6019575908454603,39.99474342549697,28.001631048968328,66.97265625,0.08333333333333333,0.3333333333333333,0.74260156215627,0.1,0.35294117647058826,0.5410699044869073,0.06666666666666667,0.36363636363636365,0.5958455506994371,0.1,0.0,0.03333333333333333,0.7166666666666669,0.033333333333333354,0.0,0.016666666666666573,0.10000000000000002,0.049999999999999954,0.033333333333333263,0.049999999999999954,none,0.7166666666666669,15.9058413284057,1
Supplementary_Figures_S6-S7__S7_P100__Snap-268-Bild-Export-80,BRAFi,P100,8,4,3,11,1,420.73828610253145,210,0.0844927044451985,0.14285714285714285,22.855789353546644,238.46186110771504,0.1,8,0.7619047619047619,2.49,0.5571918291504503,18.756276230317557,20.080652101686557,80.86328125000001,0.006107906345436036,0.004761904761904762,10.317117587609998,77.73249600003282,0.009523809523809525,10,0.9380952380952381,0.6923076923076923,0.7777777777777778,9.64044791857095,9.853888192122245,51.09765625,0.6206311503223617,0.919047619047619,93.67033847085644,254.0,1.0,1,0.0,4.338095238095238,0.3492308847468016,109.38653411823627,65.31193045613517,66.97265625,0.004761904761904762,0.03333333333333333,0.5067138755523072,0.14285714285714285,0.15544041450777202,0.20430904122232563,0.004761904761904762,0.0051813471502590676,0.24077468329860557,0.0,0.0,0.7761904761904762,0.08095238095238087,0.7761904761904763,0.0,0.0,0.0,0.13809523809523813,0.0,0.004761904761904736,actin only,0.7761904761904763,55.506370198223145,0
Supplementary_Figures_S6-S7__S7_P100__Snap-268-Bild-Export-80,BRAFi,P100,9,1,5,7,2,595.7572510233397,298,0.19151486097794823,0.2550335570469799,46.2342045223012,254.0,0.15100671140939598,31,0.4530201342281879,2.450920245398773,0.6798887036566243,42.952858570822464,39.805188952032005,80.86328125000001,0.09827420901246404,0.12416107382550336,23.191201120477015,134.56232998436195,0.06375838926174497,32,0.6241610738255033,1.8303571428571428,0.6756229636817671,21.78714018784438,22.40321692937991,51.09765625,0.11505273250239693,0.13087248322147652,32.38448255422285,226.38204074508576,0.10738255033557047,14,0.6912751677852349,2.608695652173913,0.7159395536247767,35.21937146290256,27.207519573833363,66.97265625,0.06040268456375839,0.18947368421052632,0.7059748516087704,0.09395973154362416,0.3218390804597701,0.7675276973952742,0.04697986577181208,0.22580645161290322,0.5069415151684722,0.1476510067114094,0.06375838926174497,0.03691275167785235,0.6442953020134226,0.03691275167785227,0.06375838926174499,0.0,0.14765100671140968,0.046979865771812256,0.013422818791946341,0.04697986577181197,none,0.6442953020134226,78.59594340677305,1
Supplementary_Figures_S6-S7__S7_P100__Snap-268-Bild-Export-80,BRAFi,P100,10,5,0,2,10,362.83233672956817,181,0.22038567493112948,0.23756906077348067,57.360680797162885,239.62355815765795,0.13259668508287292,28,0.24861878453038677,2.0575980392156863,0.6791487506825921,53.401151556185546,51.54397935267786,80.86328125000001,0.31995277449822906,0.4530386740331492,44.493274714059154,172.55172291797587,0.3867403314917127,20,0.16574585635359118,2.6887417218543046,0.6522212135039839,42.86891310949705,44.243770340738045,51.09765625,0.1633215269578906,0.22099447513812154,38.83905298181384,209.713491637397,0.11049723756906077,15,0.574585635359116,2.6948051948051948,0.7108801297419657,34.94745256089646,40.50227583663434,66.97265625,0.17679558011049723,0.34408602150537637,0.5536840885467207,0.0718232044198895,0.18571428571428572,0.29080742051036534,0.143646408839779,0.2708333333333333,0.32710450066531627,0.04419889502762431,0.1878453038674033,0.06077348066298342,0.42541436464088395,0.060773480662983534,0.18784530386740347,0.0883977900552488,0.04419889502762421,0.016574585635359036,0.12154696132596671,0.055248618784530336,none,0.42541436464088395,47.867062893082874,2
Supplementary_Figures_S6-S7__S7_P100__Snap-268-Bild-Export-80,BRAFi,P100,11,3,1,1,7,186.00301209399228,93,0.25499231950844853,0.3225806451612903,58.64515783675513,248.88128411669246,0.17204301075268819,11,0.3870967741935484,2.912280701754386,0.607747435910438,50.854463858504296,55.66515507937753,80.86328125000001,0.03302611367127496,0.03225806451612903,17.20940043739224,125.75129453244432,0.053763440860215055,5,0.8709677419354839,1.7916666666666667,0.6879162538487926,14.862397857730244,17.309644926189023,51.09765625,0.30952380952380953,0.45161290322580644,55.08072708613258,197.83864749189144,0.34408602150537637,6,0.32258064516129037,3.1984126984126986,0.5560527740120813,53.46525899159099,51.97759194017506,66.97265625,0.021505376344086023,0.06451612903225806,0.3942499211086449,0.20430107526881722,0.3584905660377358,0.3566344345164963,0.021505376344086023,0.046511627906976744,0.18369292284250635,0.11827956989247312,0.010752688172043012,0.24731182795698925,0.4193548387096772,0.24731182795698947,0.010752688172043001,0.0,0.11827956989247311,0.1827956989247312,0.0,0.021505376344086002,none,0.4193548387096772,24.538655949075498,0
Supplementary_Figures_S6-S7__S7_P100__Snap-268-Bild-Export-80,BRAFi,P100,12,6,4,6,11,261.16991957143705,131,0.4181718664477285,0.549618320610687,82.36202947966612,254.0,0.48854961832061067,6,0.22137404580152675,3.7794117647058822,0.5672354625624555,78.14330969726134,75.07837617979455,80.86328125000001,0.12151067323481117,0.15267175572519084,26.04084751336247,118.20499842351123,0.16793893129770993,15,0.6183206106870229,2.22,0.7659777131171162,28.79155530052312,20.93480967833388,51.09765625,0.35030103995621237,0.4198473282442748,60.23655573415683,254.0,0.2900763358778626,13,0.2977099236641222,3.489130434782609,0.6405108669413248,62.756138572613196,53.28396011945842,66.97265625,0.15267175572519084,0.2777777777777778,0.8455745347197194,0.35877862595419846,0.5875,0.576838272582118,0.15267175572519084,0.36363636363636365,0.6115819550774816,0.19083969465648856,0.0,0.061068702290076333,0.3893129770992368,0.06106870229007642,0.0,0.0,0.1908396946564883,0.20610687022900737,0.0,0.1526717557251911,none,0.3893129770992368,34.455134508105154,0
Supplementary_Figures_S6-S7__S7_P100__Snap-268-Bild-Export-80,BRAFi,P100,15,7,1,3,7,354.4073351879925,177,0.48062953995157387,0.711864406779661,89.55248835422269,253.9138400701953,0.6836158192090396,9,0.12994350282485878,3.866883116883117,0.4549039042284157,84.47287088086328,74.11188952091932,80.86328125000001,0.11299435028248588,0.0847457627118644,26.63468796933776,122.00278385120443,0.096045197740113,29,0.44067796610169496,1.4141414141414141,0.7538844982719128,28.558837973708712,20.049666931286943,51.09765625,0.35512510088781274,0.5254237288135594,54.956426890016864,155.97427117520206,0.3954802259887006,11,0.25988700564971756,3.3587786259541983,0.5261596794362552,53.19920758168272,50.29079454459075,66.97265625,0.0847457627118644,0.11904761904761904,0.601482461366102,0.5141242937853108,0.7109375,0.7956720689519663,0.06779661016949153,0.125,0.570090718834736,0.1807909604519774,0.0,0.011299435028248588,0.27683615819209006,0.011299435028248563,0.0,0.0,0.1807909604519776,0.4463276836158193,0.016949152542372847,0.06779661016949161,AJ+actin,0.4463276836158193,46.75558511714941,0
Supplementary_Figures_S6-S7__S7_P100__Snap-268-Bild-Export-80,BRAFi,P100,16,3,7,1,3,150.56919086960207,75,0.22043519394512773,0.3333333333333333,54.32588709801575,248.81559423847492,0.3333333333333333,10,0.33333333333333337,2.3,0.5833220810869018,45.33204975619576,50.99801087197718,80.86328125000001,0.05676442762535478,0.02666666666666667,23.782395468069286,90.79212937288226,0.05333333333333334,17,0.5733333333333333,0.921875,0.7919082295744858,19.141514623627533,24.80332559688086,51.09765625,0.0879848628192999,0.09333333333333334,36.8476958270147,144.77449369541657,0.06666666666666667,11,0.6666666666666667,1.8,0.9296222517045284,36.118510187072104,33.29227027672705,66.97265625,0.02666666666666667,0.08,0.6515905138778072,0.09333333333333334,0.28,0.815703021478832,0.02666666666666667,0.2857142857142857,0.6687390786957652,0.24,0.0,0.0,0.6666666666666665,0.0,0.0,0.0,0.24000000000000013,0.06666666666666653,0.0,0.026666666666666818,none,0.6666666666666665,19.864009349551726,1
Supplementary_Figures_S6-S7__S7_P100__Snap-268-Bild-Export-80,BRAFi,P100,17,3,6,1,6,216.05905995222338,108,0.20502645502645503,0.32407407407407407,51.38077612794821,250.57271083745894,0.10185185185185185,15,0.38888888888888884,2.3484848484848486,0.6223382446377641,43.98873219373241,46.762964893825945,80.86328125000001,0.13095238095238096,0.1388888888888889,28.896795061021603,147.13878107775753,0.12037037037037036,19,0.4814814814814815,1.7678571428571428,0.7288842975062002,28.844395354052224,26.386297863411386,51.09765625,0.37632275132275134,0.5277777777777778,66.07966825233136,254.0,0.3055555555555556,7,0.34259259259259256,4.007042253521127,0.5157565914371619,61.82353283237614,66.06469461493234,66.97265625,0.08333333333333333,0.21951219512195122,0.44006659959794564,0.2037037037037037,0.3142857142857143,0.5207228822829961,0.1111111111111111,0.2,0.4563527618400799,0.12037037037037036,0.027777777777777776,0.2962962962962963,0.324074074074074,0.2962962962962964,0.027777777777777794,0.027777777777777794,0.12037037037037042,0.12037037037037021,0.0,0.08333333333333331,none,0.324074074074074,28.503833766784087,0
Supplementary_Figures_S6-S7__S7_P100__Snap-268-Bild-Export-80,BRAFi,P100,18,6,7,6,3,642.0908621638235,321,0.12349799732977303,0.19937694704049844,34.19095117319163,240.4824058579383,0.09034267912772585,17,0.632398753894081,2.3516949152542375,0.5545013941555466,30.18225437789546,30.027307414936946,80.86328125000001,0.12483311081441922,0.14953271028037382,26.392516990506827,254.0,0.18691588785046728,16,0.6573208722741433,2.55,0.7909478781903211,23.633491897305827,24.916006523632472,51.09765625,0.25011125945705387,0.3707165109034268,48.27935800524581,222.95936716095704,0.12149532710280374,17,0.4641744548286605,3.2674418604651163,0.5416271902065656,46.0596376479237,44.50283394245208,66.97265625,0.04672897196261682,0.15463917525773196,0.4541413526013912,0.14018691588785046,0.32608695652173914,0.43939866024253577,0.1277258566978193,0.3253968253968254,0.6983404163614192,0.056074766355140186,0.018691588785046728,0.14641744548286603,0.5514018691588787,0.14641744548286584,0.018691588785046634,0.08411214953271053,0.056074766355140145,0.09657320872274147,0.0031152647975078015,0.043613707165108845,none,0.5514018691588787,84.70855701369703,0
Supplementary_Figures_S6-S7__S7_P100__Snap-268-Bild-Export-80,BRAFi,P100,19,7,5,3,2,493.34949565517286,247,0.4146624166908143,0.5668016194331984,81.92263553983483,254.00000000000003,0.2631578947368421,11,0.3076923076923077,4.201754385964913,0.458007318259839,71.43527316949627,79.14244599755334,80.86328125000001,0.3120834540712837,0.44129554655870445,41.62097813232732,241.68630534354685,0.22267206477732793,17,0.32793522267206476,3.25,0.6118410487058243,37.1351481791965,42.677034114763806,51.09765625,0.33729353810489715,0.4817813765182186,53.07054768250063,171.8054899331467,0.2591093117408907,13,0.3765182186234818,3.7857142857142856,0.48137585052929116,48.591658778037235,53.521735778341316,66.97265625,0.39271255060728744,0.6381578947368421,0.7945697657135452,0.4048582995951417,0.6289308176100629,0.6690864863534001,0.3643724696356275,0.6521739130434783,0.7143866160696972,0.10526315789473684,0.020242914979757085,0.048582995951417005,0.3360323886639676,0.04858299595141694,0.020242914979757193,0.028340080971659746,0.10526315789473689,0.06882591093117425,0.05668016194331985,0.3360323886639675,none,0.3360323886639676,65.08568544263494,0
Supplementary_Figures_S6-S7__S7_P100__Snap-268-Bild-Export-80,BRAFi,P100,20,8,5,5,2,156.66131469227153,78,0.004549590536851683,0.0,22.05206749091505,93.35942384653436,0.01282051282051282,4,0.9487179487179487,0.625,0.34641016151377546,20.637577945347267,18.86268793359731,80.86328125000001,0.006369426751592357,0.0,12.226339484273897,67.03691064802872,0.02564102564102564,5,0.9230769230769231,0.5833333333333334,0.31943828249996986,12.033559265894025,11.356851670600403,51.09765625,0.052775250227479524,0.02564102564102564,22.543661294304524,93.86825226335492,0.10256410256410256,8,0.6666666666666667,1.108974358974359,1.0294374133241344,23.576078733506076,18.18456149029275,66.97265625,0.0,,0.5373759868864827,0.0,0.0,0.1298737581143337,0.0,0.0,-0.017215465583462684,0.0,0.0,0.02564102564102564,0.9743589743589743,0.025641025641025664,0.0,0.0,0.0,0.0,0.0,0.0,none,0.9743589743589743,20.66771961639466,1
Supplementary_Figures_S6-S7__S7_P100__Snap-268-Bild-Export-80,BRAFi,P100,21,7,8,3,5,75.92171640302394,38,0.043233082706766915,0.02631578947368421,32.94261797087327,131.82112026484825,0.07894736842105263,5,0.736842105263158,1.15,0.7288284614887048,27.673977937250267,31.15060326338347,80.86328125000001,0.011278195488721804,0.0,14.473231526721037,60.57891571171612,0.05263157894736842,3,0.8947368421052632,0.75,0.3333333333333333,11.508418563040069,16.215762470486005,51.09765625,0.0,0.0,16.620748566475914,55.974689812662845,0.0,0,1.0,,,17.081220695443637,13.959678467405757,66.97265625,0.0,0.0,0.7230985568027866,0.0,0.0,0.5908605589127207,0.0,,0.37343878860288554,0.02631578947368421,0.0,0.0,0.9736842105263156,0.0,0.0,0.0,0.026315789473684275,0.0,0.0,0.0,none,0.9736842105263156,10.016057572958303,1
Supplementary_Figures_S6-S7__S7_P100__Snap-268-Bild-Export-80,BRAFi,P100,22,5,9,2,9,32.401656241878875,16,0.07589285714285714,0.0,38.40669727263681,102.28933808953386,0.5,1,0.5,1.0625,0.43624696982915667,39.50786385668584,30.536244634100903,80.86328125000001,0.11607142857142858,0.0625,27.996926319281183,88.4209418058458,0.3125,2,0.5,1.625,0.7337993857053428,31.316801725751276,23.60306313702634,51.09765625,0.0,0.0,19.280129387686316,47.49306553893201,0.0,0,1.0,,,17.016673810221285,21.228957498176324,66.97265625,0.0,0.0,0.6771033394298671,0.0,,0.5191216161163532,0.0,0.0,0.6460181167435546,0.0,0.0625,0.0,0.9375000000000002,0.0,0.0625,0.0,0.0,0.0,0.0,0.0,none,0.9375000000000002,4.27462483402096,2
Supplementary_Figures_S6-S7__S7_P100__Snap-268-Bild-Export-80,BRAFi,P100,24,8,9,5,9,127.120020992228,64,0.16760404949381327,0.21875,46.646107270774316,170.64766205872425,0.21875,9,0.4375,2.0694444444444446,0.6765886286545654,42.95141750344886,41.768773391652694,80.86328125000001,0.08098987626546682,0.078125,25.498875485441395,252.00322476406492,0.109375,12,0.578125,1.4259259259259258,0.7676632055133324,29.305490139335994,20.67803318064689,51.09765625,0.04611923509561305,0.0625,24.064548909070055,104.10316972015693,0.078125,3,0.890625,2.9285714285714284,0.6670631381062119,23.967462803789708,23.46597179992916,66.97265625,0.015625,0.05555555555555555,0.10717852013503767,0.03125,0.125,0.4152006281010018,0.0,0.0,0.1471362353154622,0.171875,0.0625,0.03125,0.6875000000000001,0.031249999999999993,0.06250000000000004,0.0,0.17187499999999992,0.031249999999999993,0.015624999999999983,0.0,none,0.6875000000000001,16.770451318235885,1
Supplementary_Figures_S6-S7__S7_P100__Snap-268-Bild-Export-80,BRAFi,P100,25,7,9,3,9,617.7924377817843,309,0.3830328247803976,0.5792880258899676,77.99837620846928,254.0,0.49838187702265374,18,0.19417475728155342,3.3273092369477912,0.5153291868336242,66.61392618578118,71.50461943914576,80.86328125000001,0.3617660656495608,0.44983818770226536,48.15308561446091,252.4781119492139,0.3300970873786408,29,0.22330097087378642,3.2604166666666665,0.7194261090939922,43.086947896951955,49.3729909447862,51.09765625,0.2570503929727231,0.3592233009708738,51.52918162337471,223.07546244537767,0.13915857605177995,26,0.3268608414239482,2.673076923076923,0.6373710951592209,50.24055402922439,47.263624361024675,66.97265625,0.23948220064724918,0.30327868852459017,0.0009195296725645633,0.2783171521035599,0.4215686274509804,0.4858965339745577,0.22653721682847897,0.3888888888888889,0.2738452138252834,0.22653721682847897,0.1488673139158576,0.019417475728155338,0.19093851132686085,0.019417475728155362,0.14886731391585728,0.06148867313915862,0.226537216828479,0.11326860841423958,0.07443365695792892,0.16504854368932023,AJ only,0.226537216828479,81.502960129523,2
Supplementary_Figures_S6-S7__S7_P100__Snap-268-Bild-Export-80,BRAFi,P100,26,6,9,6,9,57.811478444912275,29,0.30049261083743845,0.41379310344827586,63.8624910871368,200.9117271778167,0.3793103448275862,3,0.1724137931034483,2.5416666666666665,0.6571705656664736,54.71644440621415,62.90441813103749,80.86328125000001,0.7931034482758621,1.0,78.72770703764456,209.07329888840314,1.0,1,0.0,5.551724137931035,0.17595298725733283,66.89795497616855,86.3779010992751,51.09765625,0.4729064039408867,0.6896551724137931,73.12837815012814,182.59479541995665,0.6896551724137931,2,0.03448275862068961,3.4285714285714284,0.5210416250166583,60.41100200258497,83.56665099821912,66.97265625,0.41379310344827586,0.41379310344827586,0.6177389461413296,0.20689655172413793,0.23076923076923078,0.06552453940040687,0.6896551724137931,0.6896551724137931,0.2980827141143411,0.0,0.10344827586206896,0.0,0.0,0.0,0.10344827586206906,0.48275862068965514,0.0,0.0,0.20689655172413798,0.2068965517241378,TJ+actin,0.48275862068965514,7.626844122020089,3
Supplementary_Figures_S6-S7__S7_P100__Snap-268-Bild-Export-80,BRAFi,P100,27,6,10,6,8,347.28619866753775,174,0.20008233841086867,0.3333333333333333,46.88776571517875,253.9976391472905,0.2413793103448276,11,0.4770114942528736,2.6923076923076925,0.5089863017740124,39.387357720333505,43.21104513559026,80.86328125000001,0.12927130506381226,0.13793103448275862,26.34901672449951,192.87466436881255,0.08620689655172414,21,0.6264367816091954,2.4153846153846152,0.8824242532826551,23.709206534206768,27.01336604917927,51.09765625,0.27254013997529847,0.3505747126436782,48.9410720049605,153.1433461177107,0.22413793103448276,11,0.3275862068965517,2.841880341880342,0.637750016374092,45.353216332289705,48.56819623838024,66.97265625,0.017241379310344827,0.0379746835443038,-0.04043308373959786,0.16091954022988506,0.3076923076923077,0.16711195469541326,0.028735632183908046,0.0625,0.11487860193296325,0.16666666666666666,0.10344827586206896,0.1724137931034483,0.3735632183908047,0.17241379310344818,0.103448275862069,0.017241379310344834,0.16666666666666652,0.1494252873563219,0.00574712643678161,0.011494252873563218,none,0.3735632183908047,45.816121196245085,1
Supplementary_Figures_S6-S7__S7_P100__Snap-268-Bild-Export-80,BRAFi,P100,28,10,9,8,9,208.01860981785308,104,0.5425824175824175,0.7692307692307693,95.16119678354208,254.0,0.8653846153846154,2,0.06730769230769229,4.072164948453608,0.4220337450655369,91.20346549831622,82.27469418751079,80.86328125000001,0.7699175824175825,0.8846153846153846,87.66248962491981,254.0,0.8846153846153846,2,0.038461538461538436,5.605,0.28914189216026204,82.36752526218223,86.69658123885637,51.09765625,0.4951923076923077,0.6826923076923077,68.93206612016037,188.00492750850336,0.4807692307692308,4,0.125,3.9615384615384617,0.4644854550412441,68.18020575085005,62.168571080004355,66.97265625,0.75,0.8297872340425532,0.6727863662440708,0.5961538461538461,0.6966292134831461,0.7789575415138927,0.6442307692307693,0.6979166666666666,0.7711312413564206,0.009615384615384616,0.07692307692307693,0.028846153846153848,0.06730769230769225,0.02884615384615388,0.07692307692307694,0.05769230769230776,0.009615384615384626,0.009615384615384626,0.1634615384615383,0.5865384615384617,AJ+TJ+actin,0.5865384615384617,27.443088366471382,3
Supplementary_Figures_S6-S7__S7_P100__Snap-268-Bild-Export-80,BRAFi,P100,29,11,6,4,6,378.5257782691041,189,0.35469280060309083,0.5343915343915344,66.33310189152645,254.0,0.2751322751322751,14,0.3386243386243386,3.764,0.49205844532740445,60.28359974556767,62.21134041186051,80.86328125000001,0.3788164342254052,0.5079365079365079,47.025921036986716,243.2251061991279,0.25396825396825395,15,0.29100529100529104,3.75,0.5508925367661797,47.58036638031376,44.04900829748001,51.09765625,0.2691292875989446,0.37037037037037035,54.251747418569856,254.0,0.1164021164021164,20,0.34391534391534395,2.8682795698924735,0.6484491314729857,51.928197386002786,52.45013882524059,66.97265625,0.4021164021164021,0.628099173553719,0.7439201945660756,0.2698412698412698,0.425,0.35518168005268536,0.20105820105820105,0.296875,0.0956438347160063,0.05291005291005291,0.09523809523809523,0.08994708994708994,0.26984126984126977,0.08994708994708989,0.09523809523809518,0.010582010582010618,0.05291005291005285,0.0793650793650793,0.21164021164021155,0.19047619047619083,none,0.26984126984126977,49.93743776637257,2
Supplementary_Figures_S6-S7__S7_P100__Snap-268-Bild-Export-80,BRAFi,P100,30,6,12,6,12,235.47455768188945,118,0.33009118541033433,0.5677966101694916,62.30256525670885,253.8188836124681,0.5,3,0.30508474576271183,3.317073170731707,0.3696087370613832,56.03389023457915,53.26988936624603,80.86328125000001,0.06322188449848025,0.059322033898305086,23.399844049091975,239.52217881473723,0.06779661016949153,13,0.7966101694915254,2.1666666666666665,1.071414482860317,22.211533054360032,21.117236921180936,51.09765625,0.5981762917933131,0.7966101694915254,89.853887777882,242.76418751300983,0.4915254237288136,3,0.05932203389830504,4.4324324324324325,0.45564055840238077,96.37471204824512,76.32378240706124,66.97265625,0.059322033898305086,0.1044776119402985,0.5298414293140181,0.4576271186440678,0.5046728971962616,-0.5841941255583092,0.05084745762711865,0.06315789473684211,-0.08434008744484703,0.1016949152542373,0.0,0.3389830508474576,0.09322033898305099,0.33898305084745756,0.0,0.0,0.10169491525423721,0.4067796610169492,0.008474576271186524,0.05084745762711854,AJ+actin,0.4067796610169492,31.06524507676642,0
Supplementary_Figures_S6-S7__S7_P100__Snap-268-Bild-Export-80,BRAFi,P100,31,12,10,12,8,459.301480984371,230,0.0896358543417367,0.11304347826086956,21.89401845384308,252.65967959274985,0.11304347826086956,7,0.8304347826086956,3.6923076923076925,0.5887643998396289,19.58006923821681,20.065862640141816,80.86328125000001,0.06535947712418301,0.07391304347826087,16.53506350534317,252.6948289746182,0.043478260869565216,18,0.7739130434782608,2.019230769230769,0.7086763875156432,16.618333245863624,15.56905562974996,51.09765625,0.3719265483971366,0.5260869565217391,53.79333998137565,214.71855565967107,0.41304347826086957,7,0.3652173913043478,4.1061643835616435,0.4383951672039357,58.06867757583745,46.88857027721634,66.97265625,0.013043478260869565,0.075,0.2925863413024393,0.06086956521739131,0.10526315789473684,0.051628238197726224,0.06956521739130435,0.13114754098360656,0.373936681350179,0.04782608695652174,0.0,0.4043478260869565,0.4217391304347826,0.40434782608695663,0.0,0.0608695652173912,0.0478260869565219,0.0521739130434782,0.004347826086956424,0.00869565217391297,none,0.4217391304347826,60.593862926698016,0
Supplementary_Figures_S6-S7__S7_P100__Snap-268-Bild-Export-80,BRAFi,P100,33,12,9,12,9,213.22111397158528,107,0.21730382293762576,0.2803738317757009,52.20700376726926,244.40210788244377,0.2336448598130841,7,0.5046728971962617,3.056603773584906,0.6280693570042585,47.146994422152964,45.500002217893545,80.86328125000001,0.19584171696847752,0.21495327102803738,35.50461264162275,141.5877524948515,0.12149532710280374,16,0.28037383177570097,1.896103896103896,0.7426218053666128,34.88241074829974,33.56725806263424,51.09765625,0.2676056338028169,0.40186915887850466,46.84443045075065,177.8782035814789,0.2616822429906542,8,0.383177570093458,3.022727272727273,0.6245430990531062,43.64443397354457,44.12132184076876,66.97265625,0.14018691588785046,0.39473684210526316,0.4591044590514608,0.2616822429906542,0.6222222222222222,0.8120543789625925,0.14953271028037382,0.32,0.27147426165018157,0.018691588785046728,0.06542056074766354,0.1308411214953271,0.5140186915887849,0.1308411214953272,0.0654205607476636,0.00934579439252337,0.01869158878504674,0.12149532710280374,0.0,0.1401869158878505,none,0.5140186915887849,28.129434560895156,0
Supplementary_Figures_S6-S7__S7_P100__Snap-268-Bild-Export-80,BRAFi,P100,34,11,12,4,12,188.20524387552211,94,0.4642857142857143,0.6382978723404256,82.14684444949964,254.0,0.4787234042553192,5,0.23404255319148937,4.243055555555555,0.42441941949121875,75.41505133850373,72.89715488304896,80.86328125000001,0.23100303951367782,0.26595744680851063,34.45941689135699,188.3960627679196,0.18085106382978725,12,0.45744680851063835,2.980392156862745,0.7590064032810308,36.93375106435626,28.225934790972897,51.09765625,0.4642857142857143,0.6808510638297872,67.28744223575849,253.37074632763012,0.3617021276595745,7,0.17021276595744683,3.9166666666666665,0.47915056410755064,71.07289588208431,55.63190870920649,66.97265625,0.26595744680851063,0.4166666666666667,0.7284410022442015,0.48936170212765956,0.5897435897435898,0.4762255103483322,0.24468085106382978,0.3484848484848485,0.5281449922399319,0.1276595744680851,0.0,0.19148936170212766,0.17021276595744672,0.19148936170212766,0.0,0.0,0.12765957446808524,0.24468085106382967,0.021276595744680923,0.24468085106382975,AJ+TJ+actin,0.24468085106382975,24.82918784637495,0
