n_pred_cells,n_ref_cells,n_matched_cells,n_unmatched_pred_cells,n_unmatched_ref_cells,n_splits,n_merges,mean_matched_iou,n_pred_edges,n_ref_edges,n_matched_edges,n_unmatched_pred_edges,n_unmatched_ref_edges,n_pred_pairs,n_ref_pairs,n_pair_tp,adjacency_pair_precision,adjacency_pair_recall,adjacency_pair_f1,adjacency_component_precision,adjacency_component_recall,adjacency_component_f1,arclength_rel_error_mean_abs,arclength_rel_error_median_abs,arclength_rel_error_mean_signed,arclength_rel_error_max_abs,n_pred_vertices,n_ref_vertices,n_matched_vertices,vertex_precision,vertex_recall,vertex_f1,vertex_loc_error_mean_px,vertex_loc_error_median_px,vertex_loc_error_p95_px,vertex_incident_set_accuracy,vertex_cyclic_order_accuracy,n_vertex_incident_set_mismatches,pq,sq,rq,ap50,ap75,vi,vi_merge,vi_split,boundary_precision,boundary_recall,boundary_f1,hausdorff_px,hausdorff95_px,euler_residual_pred,euler_residual_ref,valid_pred,valid_ref,validity_fraction,complex_edit_distance_approx,tol_px,iou_thresh,runtime_s,legacy_f1,legacy_precision,legacy_recall,method_runtime_s,method,image_id,dataset,shape
280,120,96,184,24,64,1,0.766647530086446,766,381,100,666,281,759,307,141,0.1857707509881423,0.4592833876221498,0.2645403377110694,0.13054830287206268,0.26246719160104987,0.17436791630340015,0.42555035974600885,0.2386483049258523,0.0916518364652405,5.6107272699975965,487,119,105,0.21560574948665298,0.8823529411764706,0.3465346534653465,1.1816410476578276,1.0,2.23606797749979,0.12380952380952381,0.12380952380952381,92,0.36799081444149406,0.766647530086446,0.48,0.3157894736842105,0.1396011396011396,1.3264615040719847,0.23538375700756245,1.0910777470644222,0.6831982784707978,0.9811229167790303,0.8054953450389288,40.52159917870962,16.55294535724685,0,0,True,True,1.0,1247,3.0,0.5,0.23069620691239834,0.2625400213447172,0.18636363636363637,0.44404332129963897,0.9362101554870605,classical,tile_00000,synth,"[512, 512]"
93,158,30,63,128,55,46,0.6524559115829557,237,407,8,229,399,228,407,15,0.06578947368421052,0.036855036855036855,0.047244094488188976,0.03375527426160337,0.019656019656019656,0.024844720496894405,0.43704275268255266,0.3910656008201336,0.34721468607375483,0.9704483922685165,145,16,2,0.013793103448275862,0.125,0.024844720496894408,1.8251407699364424,1.8251407699364424,2.194975256743455,0.0,0.0,2,0.1559655565536946,0.6524559115829557,0.23904382470119523,0.13574660633484162,0.03292181069958848,3.0027046695902753,2.1422343003433295,0.8604703692469458,0.7474845004573636,0.5651286749396186,0.6436396239183199,44.598206241955516,21.556890099272657,0,0,True,True,1.0,821,3.0,0.5,0.20736719900742173,0.04490500863557858,0.0593607305936073,0.03611111111111111,0.8401601314544678,classical,tile_00001,synth,"[512, 512]"
141,152,135,6,17,0,9,0.9479712633937072,375,448,298,77,150,375,405,324,0.864,0.8,0.8307692307692307,0.7946666666666666,0.6651785714285714,0.7241798298906439,0.27217498739601265,0.07717716835363458,0.21042019814180443,5.077832028620564,235,205,178,0.7574468085106383,0.8682926829268293,0.8090909090909091,1.2466895861419642,1.0,2.23606797749979,0.7696629213483146,0.7696629213483146,41,0.8735571369157029,0.9479712633937072,0.9215017064846417,0.8544303797468354,0.8198757763975155,0.5963854455518608,0.38083913768003,0.21554630787183077,0.9993104467320101,0.9640570430733411,0.9813672472332443,29.068883707497267,2.23606797749979,0,0,True,True,1.0,291,3.0,0.5,0.21741254208609462,0.8150208623087623,0.8371428571428572,0.7940379403794038,0.4644029140472412,classical,tile_00002,synth,"[512, 512]"
123,203,57,66,146,72,60,0.6515737271774885,327,823,22,305,801,327,545,45,0.13761467889908258,0.08256880733944955,0.10321100917431193,0.0672782874617737,0.026731470230862697,0.03826086956521739,0.2746585106676358,0.20094613826608998,0.10703127273562893,1.217748948916067,205,343,75,0.36585365853658536,0.21865889212827988,0.2737226277372263,1.6474930664474898,1.4142135623730951,2.8284271247461903,0.08,0.08,69,0.22785093527065547,0.6515737271774885,0.3496932515337423,0.21189591078066913,0.03821656050955414,2.863735094976252,1.9546015973235407,0.9091334976527115,0.7469966906931411,0.5897661784678633,0.6591346808948095,40.19950248448356,20.09975124224178,0,0,True,True,1.0,1387,3.0,0.5,0.2939269137568772,0.0998613037447989,0.1188118811881188,0.0861244019138756,0.6772010326385498,classical,tile_00003,synth,"[512, 512]"
105,115,99,6,16,2,10,0.9159969680866518,281,301,221,60,80,279,301,232,0.8315412186379928,0.770764119601329,0.8,0.7864768683274022,0.7342192691029901,0.7594501718213059,0.14026821159636474,0.07619348923495485,0.032358420739700945,1.6176377794343366,175,187,121,0.6914285714285714,0.6470588235294118,0.6685082872928177,1.6713749442772268,1.4142135623730951,2.8284271247461903,0.7024793388429752,0.7024793388429752,36,0.8243972712779866,0.9159969680866518,0.9,0.8181818181818182,0.71875,0.6756993809769902,0.4259766325416171,0.24972274843537307,0.94851908053729,0.9390848641947481,0.9437783963297837,46.389654018972806,4.242640687119285,0,0,True,True,1.0,198,3.0,0.5,0.18370224069803953,0.7890909090909091,0.8127340823970037,0.7667844522968198,0.46714210510253906,classical,tile_00004,synth,"[512, 512]"
223,295,189,34,106,15,65,0.8519622432670722,607,798,315,292,483,607,798,343,0.5650741350906096,0.4298245614035088,0.48825622775800714,0.5189456342668863,0.39473684210526316,0.4483985765124555,0.251157164628039,0.1325948525010648,0.13024832371398437,8.129688755600805,385,433,248,0.6441558441558441,0.5727482678983834,0.6063569682151588,1.2767511693049742,1.0,2.8284271247461903,0.38306451612903225,0.38306451612903225,153,0.6217021775192147,0.8519622432670722,0.7297297297297297,0.574468085106383,0.4,1.148827169395985,0.8490164594632927,0.2998107099326923,0.9835323863069297,0.8601018579110593,0.917685311423696,24.0,11.045361017187261,0,0,True,True,1.0,1068,3.0,0.5,0.2538077598437667,0.482544608223429,0.5446584938704028,0.4331476323119777,0.45079517364501953,classical,tile_00005,synth,"[512, 512]"
414,138,97,317,41,105,0,0.6603400830867924,1159,365,66,1093,299,1155,365,111,0.09610389610389611,0.3041095890410959,0.14605263157894738,0.056945642795513375,0.18082191780821918,0.08661417322834647,0.27886907009566825,0.2589126693375846,-0.18195723484729776,1.3952983515284507,746,228,218,0.29222520107238603,0.956140350877193,0.4476386036960985,0.9480690677190995,1.0,2.23606797749979,0.05963302752293578,0.05963302752293578,205,0.2320760436935466,0.6603400830867924,0.35144927536231885,0.21318681318681318,0.03564727954971857,1.4302067999156762,0.07885556781722661,1.3513512320984495,0.6331554055922781,0.9992163009404389,0.7751411026844813,31.38470965295043,14.7648230602334,0,0,True,True,1.0,1955,3.0,0.5,0.21433034306392074,0.14132104454685102,0.09623430962343096,0.2658959537572254,0.703127384185791,classical,tile_00006,synth,"[512, 512]"
164,234,100,64,134,62,64,0.7379311563213445,438,639,92,346,547,434,639,109,0.2511520737327189,0.1705790297339593,0.20316868592730664,0.2100456621004566,0.14397496087636932,0.17084493964716807,0.23394831648422973,0.1427524288804724,0.1032806752947399,2.601463844153008,275,406,106,0.38545454545454544,0.26108374384236455,0.31130690161527164,1.5647409722953542,1.4142135623730951,2.9571067811865475,0.16981132075471697,0.16981132075471697,88,0.3708196765433892,0.7379311563213445,0.5025125628140703,0.33557046979865773,0.14367816091954022,2.1441123077522724,1.5143284576522285,0.6297838501000441,0.8349205115248571,0.7464534616337072,0.7882124236203348,43.289721643826724,14.422205101855956,0,0,True,True,1.0,1179,3.0,0.5,0.20260504307225347,0.20591233435270132,0.24815724815724816,0.1759581881533101,0.6634950637817383,classical,tile_00007,synth,"[512, 512]"
186,243,153,33,90,21,55,0.8297664626552484,502,681,225,277,456,499,663,260,0.5210420841683366,0.39215686274509803,0.44750430292598964,0.448207171314741,0.3303964757709251,0.3803888419273035,0.21286029151391492,0.0805844319500326,0.0901663088368366,3.472160540311851,317,408,232,0.7318611987381703,0.5686274509803921,0.6399999999999999,1.3103703486174347,1.0,2.8284271247461903,0.3577586206896552,0.3577586206896552,149,0.5942385268683504,0.8276893767094881,0.717948717948718,0.56,0.35331230283911674,1.2491730802597578,0.9183850345279936,0.33078804573176435,0.9279996891513833,0.8576240263841134,0.8914250219336243,28.0178514522438,11.661903789690601,0,0,True,True,1.0,1005,3.0,0.5,0.21778589487075806,0.44487056567593475,0.5043478260869565,0.3979416809605489,0.6287600994110107,classical,tile_00008,synth,"[512, 512]"
156,212,116,40,96,27,55,0.7993844336953058,423,693,145,278,548,422,574,193,0.45734597156398105,0.3362369337979094,0.3875502008032129,0.34278959810874704,0.20923520923520925,0.2598566308243727,0.33420524916106736,0.19584550159239736,0.23270736512254855,2.857476360730047,268,253,134,0.5,0.5296442687747036,0.5143953934740884,1.3387834314770706,1.4142135623730951,2.23606797749979,0.31343283582089554,0.31343283582089554,92,0.5039597516774754,0.7993844336953058,0.6304347826086957,0.4603174603174603,0.2777777777777778,1.7803677691668953,1.1769776790090365,0.6033900901578588,0.871584816641647,0.7986057002255484,0.8335008440901177,40.049968789001575,12.033275663033807,0,0,True,True,1.0,1054,3.0,0.5,0.24395012808963656,0.36177474402730375,0.39552238805970147,0.3333333333333333,0.4634835720062256,classical,tile_00009,synth,"[512, 512]"
232,354,111,121,243,108,112,0.6894928929139381,627,1086,67,560,1019,625,947,85,0.136,0.0897571277719113,0.10814249363867685,0.10685805422647528,0.061694290976058934,0.07822533566841798,0.30546194611172045,0.22785045629897918,0.12230689111626962,0.9811021262746565,396,413,126,0.3181818181818182,0.3050847457627119,0.311495673671199,1.3873556743913231,1.4142135623730951,2.8284271247461903,0.07142857142857142,0.07142857142857142,117,0.26120720516534857,0.6894928929139381,0.378839590443686,0.2336842105263158,0.07720588235294118,2.7419942592578064,1.7733644125321726,0.9686298467256337,0.8763418056054031,0.7085501658263004,0.7835639814886718,27.459060435491963,13.0,0,0,True,True,1.0,2060,3.0,0.5,0.26995690492913127,0.10638297872340426,0.12323943661971831,0.09358288770053476,0.6748507022857666,classical,tile_00010,synth,"[512, 512]"
138,201,89,49,112,29,54,0.780123987558584,368,1026,32,336,994,367,543,105,0.28610354223433243,0.19337016574585636,0.23076923076923075,0.08695652173913043,0.031189083820662766,0.04591104734576757,1.236307896057581,0.8577035694040755,1.18908144321425,9.31569338294543,231,343,174,0.7532467532467533,0.5072886297376094,0.6062717770034843,1.1922317787410022,1.0,2.23606797749979,0.13793103448275862,0.13793103448275862,150,0.40962262473577565,0.780123987558584,0.5250737463126843,0.356,0.1936619718309859,2.168249569533641,1.395828107415968,0.7724214621176729,0.8814464316721653,0.7718696397941681,0.8230268264545848,36.124783736376884,14.7648230602334,0,0,True,True,1.0,1641,3.0,0.5,0.25468321377411485,0.1951219512195122,0.19373219373219372,0.19653179190751446,0.44025635719299316,classical,tile_00011,synth,"[512, 512]"
158,218,132,26,86,16,48,0.8343343777288988,419,636,186,233,450,419,583,219,0.522673031026253,0.37564322469982847,0.437125748502994,0.4439140811455847,0.29245283018867924,0.35260663507109,0.21941365970010693,0.11951435587091608,0.07105584351071595,2.124693356551203,262,316,163,0.6221374045801527,0.5158227848101266,0.5640138408304499,1.4515693548866873,1.4142135623730951,2.8284271247461903,0.37423312883435583,0.37423312883435583,102,0.5858092439373119,0.8343343777288988,0.7021276595744681,0.5409836065573771,0.3574007220216607,1.4268065436412818,1.0354218662523942,0.3913846773888875,0.9629857858844795,0.8236330351283203,0.8878747903974782,25.317977802344327,14.866068747318506,0,0,True,True,1.0,897,3.0,0.5,0.21314875921234488,0.4287292817679558,0.48743718592964824,0.3826429980276134,0.44217395782470703,classical,tile_00012,synth,"[512, 512]"
92,133,68,24,65,13,35,0.7957253977034698,239,343,77,162,266,239,343,98,0.4100418410041841,0.2857142857142857,0.33676975945017185,0.32217573221757323,0.22448979591836735,0.2646048109965635,0.40257797977091636,0.23330182068345579,0.26123334004094206,2.7746265828083962,148,13,4,0.02702702702702703,0.3076923076923077,0.049689440993788817,1.6035533905932737,1.2071067811865475,2.7621320343559637,0.0,0.0,4,0.48097179594520845,0.7957253977034698,0.6044444444444445,0.43312101910828027,0.2569832402234637,1.7144032078613098,1.2205771470307267,0.493826060830583,0.9266537067199075,0.7446846524924067,0.8257631254209182,32.01562118716424,22.80350850198276,0,0,True,True,1.0,521,3.0,0.5,0.19378148904070258,0.3282442748091603,0.3722943722943723,0.2935153583617747,0.4557950496673584,classical,tile_00013,synth,"[512, 512]"
220,286,185,35,101,24,67,0.8210175950724837,603,789,284,319,505,603,789,324,0.5373134328358209,0.41064638783269963,0.4655172413793104,0.4709784411276949,0.35994930291508237,0.40804597701149425,0.21344376773910104,0.1261415419475873,0.06090475525497521,3.0,384,504,258,0.671875,0.5119047619047619,0.581081081081081,1.4293745353187894,1.4142135623730951,2.8284271247461903,0.3488372093023256,0.3488372093023256,168,0.6003488343415395,0.8210175950724837,0.7312252964426877,0.5763239875389408,0.3675675675675676,1.3025193945446374,0.9191399720194022,0.3833794225252352,0.9438907750155149,0.874461243757269,0.9078505070191459,27.313000567495326,9.0,0,0,True,True,1.0,1128,3.0,0.5,0.23220666917040944,0.4578125,0.526032315978456,0.40525587828492393,0.45147085189819336,classical,tile_00014,synth,"[512, 512]"
102,108,99,3,9,2,8,0.9311003399617631,268,275,217,51,58,268,275,231,0.8619402985074627,0.84,0.8508287292817678,0.8097014925373134,0.7890909090909091,0.7992633517495396,0.5520115275340507,0.23844310402738755,0.521078020208764,9.773205935780718,167,10,10,0.059880239520958084,1.0,0.11299435028248588,1.2414213562373095,1.0,2.0,0.9,0.9,1,0.8778946062496623,0.9311003399617631,0.9428571428571428,0.8918918918918919,0.7647058823529411,0.603251174446787,0.3656360537934085,0.2376151206533785,0.9859981408319777,0.9377503146813136,0.961269197322029,31.25699921617557,3.605551275463989,0,0,True,True,1.0,122,3.0,0.5,0.20508352806791663,0.816568047337278,0.7961538461538461,0.8380566801619433,0.4192032814025879,classical,tile_00015,synth,"[512, 512]"
177,226,114,63,112,31,53,0.7924240328833585,478,783,102,376,681,474,594,161,0.339662447257384,0.27104377104377103,0.301498127340824,0.21338912133891214,0.13026819923371646,0.16177636796193495,0.549737451196029,0.3053998230374893,0.41570756536539166,8.0,302,151,74,0.24503311258278146,0.4900662251655629,0.32671081677704195,1.20543584214842,1.0,2.23606797749979,0.14864864864864866,0.14864864864864866,63,0.44831930396378594,0.7924240328833585,0.56575682382134,0.3944636678200692,0.22865853658536586,2.044909556199397,1.2803779193497715,0.7645316368496253,0.8861163909896065,0.782234735989509,0.8309414126950845,28.861739379323623,12.727922061357855,0,0,True,True,1.0,1295,3.0,0.5,0.2539240666665137,0.2811791383219955,0.2767857142857143,0.2857142857142857,0.4712352752685547,classical,tile_00016,synth,"[512, 512]"
190,260,166,24,94,13,62,0.8297287270471335,522,702,291,231,411,522,702,315,0.603448275862069,0.44871794871794873,0.5147058823529411,0.5574712643678161,0.41452991452991456,0.47549019607843135,0.2534417569067437,0.1333267732358906,0.088549074674267,6.437362424329294,333,443,214,0.6426426426426426,0.48306997742663654,0.5515463917525774,1.5194960898929235,1.4142135623730951,2.888477631085023,0.42990654205607476,0.42990654205607476,122,0.6121554163992184,0.8297287270471335,0.7377777777777778,0.5845070422535211,0.3803680981595092,1.160714281815041,0.8693008615845703,0.2914134202304707,0.9789378370930278,0.8527884999334487,0.9115192731004457,32.0,13.892443989449804,0,0,True,True,1.0,882,3.0,0.5,0.23262943886220455,0.518716577540107,0.5987654320987654,0.45754716981132076,0.47675323486328125,classical,tile_00017,synth,"[512, 512]"
118,195,54,64,141,46,58,0.7503052954626628,307,520,33,274,487,302,520,45,0.1490066225165563,0.08653846153846154,0.1094890510948905,0.10749185667752444,0.06346153846153846,0.07980652962515115,0.2888396644265996,0.20781444225247467,0.07881031336690791,0.9597153393373087,190,326,88,0.4631578947368421,0.26993865030674846,0.34108527131782945,1.0528582242281739,1.0,2.23606797749979,0.056818181818181816,0.056818181818181816,83,0.2588912840574044,0.7503052954626628,0.3450479233226837,0.2084942084942085,0.0944055944055944,2.1190978249778385,1.6269347466977826,0.4921630782800558,0.8110307414104883,0.6872989462007765,0.7440559691459353,40.0,18.027756377319946,0,0,True,True,1.0,1049,3.0,0.5,0.1709922607988119,0.10941475826972011,0.1482758620689655,0.08669354838709678,0.6419501304626465,classical,tile_00018,synth,"[512, 512]"
87,105,81,6,24,4,18,0.8957752583571973,220,270,146,74,124,220,270,159,0.7227272727272728,0.5888888888888889,0.6489795918367347,0.6636363636363637,0.5407407407407407,0.5959183673469388,0.11436020445846351,0.04124566111215954,0.04807873047305986,0.9993218901195523,134,166,116,0.8656716417910447,0.6987951807228916,0.7733333333333333,1.0481829563143015,1.0,2.23606797749979,0.5258620689655172,0.5258620689655172,55,0.7558103742388852,0.8957752583571973,0.84375,0.7297297297297297,0.5238095238095238,0.6722907824431075,0.5255765457599387,0.1467142366831687,0.9543277082199237,0.8938547486033519,0.9231018837635252,49.33558553417604,14.0,0,0,True,True,1.0,283,3.0,0.5,0.1765559962950647,0.6396588486140725,0.7075471698113207,0.5836575875486382,0.6882383823394775,classical,tile_00019,synth,"[512, 512]"
145,158,140,5,18,1,14,0.91762498674117,389,532,272,117,260,389,427,333,0.8560411311053985,0.7798594847775175,0.8161764705882352,0.699228791773779,0.5112781954887218,0.5906623235613464,0.21259488993556766,0.05698706377181183,0.1541642335768859,4.78183137961731,245,270,213,0.8693877551020408,0.7888888888888889,0.8271844660194174,1.2852633140352112,1.0,2.4730116363983363,0.755868544600939,0.755868544600939,52,0.8479702847773187,0.91762498674117,0.9240924092409241,0.8588957055214724,0.7413793103448276,0.6624345333736046,0.41655058264285777,0.24588395073074687,0.9896188712350131,0.9559166944669495,0.9724758743557245,41.43669871020132,2.8284271247461903,0,0,True,True,1.0,452,3.0,0.5,0.2212418639101088,0.7994687915006641,0.806970509383378,0.7921052631578948,0.460369348526001,classical,tile_00020,synth,"[512, 512]"
148,286,40,108,246,108,89,0.6910774586846242,396,866,6,390,860,385,784,10,0.025974025974025976,0.012755102040816327,0.01710863986313088,0.015151515151515152,0.006928406466512702,0.009508716323296355,0.3540841990235106,0.1984617720400842,0.2665076727782493,1.2939518106342913,249,499,96,0.3855421686746988,0.19238476953907815,0.25668449197860965,1.4928869270189251,1.4142135623730951,3.0,0.0,0.0,96,0.12738754998794918,0.6910774586846242,0.18433179723502305,0.10152284263959391,0.02843601895734597,2.8473102352307422,2.1140312343316463,0.733279000899096,0.742200826352299,0.6257576704367931,0.6790233200563001,38.07886552931954,17.0,0,0,True,True,1.0,1700,3.0,0.5,0.20929746888577938,0.01893939393939394,0.02702702702702703,0.014577259475218658,0.6629638671875,classical,tile_00021,synth,"[512, 512]"
246,264,240,6,24,2,19,0.9586614762722488,674,723,592,82,131,673,723,601,0.8930163447251115,0.8312586445366529,0.8610315186246418,0.8783382789317508,0.8188105117565698,0.847530422333572,0.07398265392980159,0.02970418627264796,0.021544678917770437,2.0,429,460,411,0.958041958041958,0.8934782608695652,0.9246344206974129,0.5628953979122002,0.0,1.4142135623730951,0.8248175182481752,0.8248175182481752,72,0.9022696247268225,0.9586614762722488,0.9411764705882353,0.8888888888888888,0.7770034843205574,0.25666080242999095,0.20497933646877625,0.05168146596121469,0.995073167144643,0.9696076690928457,0.9821753807297027,28.160255680657446,1.0,0,0,True,True,1.0,315,3.0,0.5,0.2631023349240422,0.8539505187549881,0.8799342105263158,0.8294573643410853,0.6757106781005859,classical,tile_00022,synth,"[512, 512]"
200,271,166,34,105,13,64,0.8330463119967257,541,828,244,297,584,541,733,287,0.5304990757855823,0.39154160982264663,0.4505494505494505,0.4510166358595194,0.2946859903381642,0.3564645726807889,0.30640456488663553,0.12988144708088545,0.17627315878430558,4.784982312727131,342,380,225,0.6578947368421053,0.5921052631578947,0.6232686980609418,1.136084223403418,1.0,2.23606797749979,0.3422222222222222,0.3422222222222222,148,0.5872003727875009,0.8330463119967257,0.7048832271762208,0.5442622950819672,0.3573487031700288,1.3722757744219474,0.9601747025788838,0.41210107184306355,0.9677456120355596,0.8419197575597865,0.9004583551783527,24.166091947189145,12.649110640673518,0,0,True,True,1.0,1168,3.0,0.5,0.25886207912117243,0.4404973357015986,0.47784200385356457,0.4085667215815486,0.4516408443450928,classical,tile_00023,synth,"[512, 512]"
133,139,132,1,7,1,7,0.9440716160499649,345,362,313,32,49,345,362,321,0.9304347826086956,0.8867403314917127,0.908062234794908,0.9072463768115943,0.8646408839779005,0.8854314002828855,0.10431450368270527,0.056724611501929055,-0.0034059420040112916,4.807863692585027,213,224,179,0.8403755868544601,0.7991071428571429,0.8192219679633868,1.278433958220135,1.0,2.8284271247461903,0.8547486033519553,0.8547486033519553,26,0.9163048038132012,0.9440716160499649,0.9705882352941176,0.9428571428571428,0.8378378378378378,0.38412207666398324,0.2336597596590868,0.15046231700489646,0.9850829920241432,0.9773427738442315,0.9811976184134819,23.853720883753127,1.0,0,0,True,True,1.0,115,3.0,0.5,0.23824233282357454,0.9223880597014925,0.9478527607361963,0.8982558139534884,0.48111796379089355,classical,tile_00024,synth,"[512, 512]"
147,258,41,106,217,105,72,0.6467437788074322,390,902,10,380,892,386,671,16,0.04145077720207254,0.02384500745156483,0.03027436140018922,0.02564102564102564,0.011086474501108648,0.015479876160990712,0.2539793289934704,0.18028760447787928,0.13825670967683756,1.0052359061781568,244,185,33,0.13524590163934427,0.1783783783783784,0.15384615384615383,1.526877897378057,1.4142135623730951,2.541640786499873,0.0,0.0,33,0.13094565398076405,0.6467437788074322,0.20246913580246914,0.11263736263736264,0.022727272727272728,3.3551070477082137,2.211266259496275,1.1438407882119388,0.7887740612180498,0.5827358055085398,0.6702786455706528,34.785054261852174,17.029386365926403,0,0,True,True,1.0,1628,3.0,0.5,0.2675778060220182,0.027777777777777776,0.03278688524590164,0.024096385542168676,0.7541406154632568,classical,tile_00025,synth,"[512, 512]"
70,118,25,45,93,40,31,0.6450534545221164,178,592,4,174,588,170,306,18,0.10588235294117647,0.058823529411764705,0.07563025210084033,0.02247191011235955,0.006756756756756757,0.01038961038961039,0.29197020206588614,0.34043770455888755,0.06174434320663182,0.4781787184814321,109,189,37,0.3394495412844037,0.19576719576719576,0.2483221476510067,1.4332616065872776,1.4142135623730951,2.8627416997969517,0.02702702702702703,0.02702702702702703,36,0.1715567698197118,0.6450534545221164,0.26595744680851063,0.15337423312883436,0.0273224043715847,3.0342843677541316,2.158599612765401,0.8756847549887306,0.6146454413892909,0.5141759268875272,0.5599395943681874,70.7248188403477,29.427877939124322,0,0,True,True,1.0,936,3.0,0.5,0.20537414588034153,0.060150375939849614,0.07317073170731707,0.05106382978723404,0.6312477588653564,classical,tile_00026,synth,"[512, 512]"
271,376,215,56,161,8,82,0.8717523297687323,746,1019,335,411,684,746,1019,354,0.4745308310991957,0.34739941118743867,0.4011331444759207,0.44906166219839144,0.32875368007850836,0.37960339943342775,0.27446317289405486,0.14766460477431362,0.13716154834694302,9.06540708859273,476,505,324,0.680672268907563,0.6415841584158416,0.6605504587155964,1.085847623071397,1.0,2.23606797749979,0.3148148148148148,0.3148148148148148,222,0.5793717183934388,0.8717523297687323,0.6646058732612056,0.4976851851851852,0.4004329004329004,1.2986676208828034,0.9472541549048605,0.3514134659779429,0.9916397908382127,0.8476979742173112,0.9140366253736498,30.59411708155671,12.0,0,0,True,True,1.0,1534,3.0,0.5,0.3757522339001298,0.4025806451612903,0.4663677130044843,0.35414301929625425,0.48961591720581055,classical,tile_00027,synth,"[512, 512]"
185,231,160,25,71,13,44,0.8454256308482939,504,719,246,258,473,504,633,301,0.5972222222222222,0.4755134281200632,0.5294635004397538,0.4880952380952381,0.34214186369958277,0.40228945216680295,0.15812938253718015,0.061609850151376044,0.07131009649684075,4.1781325211239935,320,403,260,0.8125,0.6451612903225806,0.719225449515906,1.180792003381711,1.0,2.23606797749979,0.4269230769230769,0.4269230769230769,149,0.6503274083448415,0.8454256308482939,0.7692307692307693,0.625,0.43944636678200694,1.1750940870652775,0.8221128832670654,0.35298120379821213,0.9396440867797735,0.8669770281614897,0.901849127244736,31.144823004794873,10.160998175669398,0,0,True,True,1.0,976,3.0,0.5,0.2531602461822331,0.5228377065111759,0.5639412997903563,0.48731884057971014,0.45294713973999023,classical,tile_00028,synth,"[512, 512]"
413,118,41,372,77,86,59,0.614427110541809,1149,422,16,1133,406,1137,306,22,0.019349164467897976,0.0718954248366013,0.030492030492030493,0.01392515230635335,0.037914691943127965,0.020369191597708468,0.2810635652792839,0.24385140461323485,-0.22264158628101016,0.5765710914251448,737,189,128,0.17367706919945725,0.6772486772486772,0.2764578833693304,1.1537158630171023,1.0,2.23606797749979,0.0,0.0,128,0.09488328260720967,0.614427110541809,0.1544256120527307,0.0836734693877551,0.007590132827324478,2.349665343908666,0.46928379040886425,1.8803815534998018,0.526380042462845,0.8664258037490836,0.6548927872592402,43.41658669218482,15.652475842498529,0,0,True,True,1.0,2116,3.0,0.5,0.27199331764131784,0.027709861450692746,0.017763845350052248,0.06296296296296296,0.7569804191589355,classical,tile_00029,synth,"[512, 512]"
157,170,145,12,25,2,14,0.9160531431577573,422,447,300,122,147,422,447,328,0.7772511848341233,0.7337807606263982,0.7548906789413118,0.7109004739336493,0.6711409395973155,0.6904487917146146,0.6057231272161819,0.28171768072974723,0.5690144101211323,10.81602700000763,266,20,15,0.05639097744360902,0.75,0.1048951048951049,1.192861481799478,1.0,2.4652475842498522,0.4,0.4,9,0.812401870078745,0.9160531431577573,0.8868501529051988,0.7967032967032966,0.7580645161290323,0.9711490301237585,0.5412915563560003,0.4298574737677582,0.9812337421033073,0.9197131940185858,0.9494779700371127,35.0,4.242640687119285,0,0,True,True,1.0,315,3.0,0.5,0.29781915014609694,0.7250000000000001,0.7055961070559611,0.7455012853470437,0.5359904766082764,classical,tile_00030,synth,"[512, 512]"
104,145,62,42,83,37,39,0.7322956870639231,269,550,28,241,522,265,370,58,0.2188679245283019,0.15675675675675677,0.18267716535433073,0.10408921933085502,0.05090909090909091,0.06837606837606838,0.48573767923440575,0.3288389557413294,0.3977773319311918,1.6644486154009122,166,51,19,0.1144578313253012,0.37254901960784315,0.17511520737327188,0.9853341764072822,1.0,2.0236067977499785,0.05263157894736842,0.05263157894736842,18,0.36467737026476493,0.7322956870639231,0.4979919678714859,0.3315508021390374,0.136986301369863,2.410872015756436,1.5908499407803398,0.8200220749760962,0.7823272617793166,0.6503104720108315,0.7102362291249981,68.01470429252781,18.973665961010276,0,0,True,True,1.0,906,3.0,0.5,0.2727167261764407,0.1787709497206704,0.19047619047619047,0.16842105263157894,0.5469050407409668,classical,tile_00031,synth,"[512, 512]"
108,114,105,3,9,0,6,0.9208809230360091,282,452,141,141,311,282,291,245,0.8687943262411347,0.8419243986254296,0.8551483420593368,0.5,0.31194690265486724,0.38419618528610355,0.8177743270157323,0.5586948178913306,0.802572996290222,12.52163801135746,175,42,37,0.21142857142857144,0.8809523809523809,0.3410138248847926,1.812054572043078,2.0,2.8284271247461903,0.8108108108108109,0.8108108108108109,7,0.8711035758448735,0.9208809230360091,0.9459459459459459,0.8974358974358975,0.85,0.8767771713712034,0.4760766305768907,0.40070054079431267,0.9947872877080881,0.9501623922051742,0.9719629034990424,36.49657518178932,3.0,0,0,True,True,1.0,471,3.0,0.5,0.2952682669274509,0.7906976744186046,0.7445255474452555,0.8429752066115702,0.5769956111907959,classical,tile_00032,synth,"[512, 512]"
249,157,122,127,35,38,14,0.8668048829304781,675,423,216,459,207,670,423,236,0.3522388059701492,0.557919621749409,0.4318389752973467,0.32,0.5106382978723404,0.3934426229508197,0.13826344260067053,0.057499775245306306,0.0019713085465205013,1.5584242162623594,427,267,206,0.48243559718969553,0.7715355805243446,0.5936599423631124,1.1358812294553373,1.0,2.23606797749979,0.44660194174757284,0.44660194174757284,114,0.5209369247168391,0.8668048829304781,0.6009852216748769,0.4295774647887324,0.30128205128205127,0.8413724780933277,0.29896807342944187,0.5424044046638858,0.8193369358843289,0.9645616241466044,0.886038010576326,35.05709628591621,12.083045973594572,0,0,True,True,1.0,942,3.0,0.5,0.32657136814668775,0.45454545454545453,0.38006756756756754,0.5653266331658291,0.6421024799346924,classical,tile_00033,synth,"[512, 512]"
147,170,143,4,27,1,21,0.9212924031973982,394,459,310,84,149,394,454,325,0.8248730964467005,0.7158590308370044,0.7665094339622641,0.7868020304568528,0.6753812636165577,0.7268464243845253,0.0912406049908261,0.03283721719592045,0.033380747985993296,3.1351282424425486,248,285,231,0.9314516129032258,0.8105263157894737,0.8667917448405251,0.6487650526739208,1.0,2.118033988749895,0.6883116883116883,0.6883116883116883,72,0.83119756250617,0.9212924031973982,0.9022082018927445,0.8218390804597702,0.6510416666666666,0.4718749665767769,0.38191380887698745,0.08996115769978946,0.9898626553302813,0.9224859142905925,0.9549873607043285,43.0,9.722149114343475,0,0,True,True,1.0,336,3.0,0.5,0.2455364027991891,0.7788944723618091,0.824468085106383,0.7380952380952381,0.5197608470916748,classical,tile_00034,synth,"[512, 512]"
88,148,36,52,112,46,37,0.6816336590975574,222,390,12,210,378,221,390,23,0.10407239819004525,0.05897435897435897,0.07528641571194762,0.05405405405405406,0.03076923076923077,0.0392156862745098,0.41663832863949657,0.37843407919177763,0.24169025428176547,0.7801858264778503,135,8,0,0.0,0.0,0.0,0.0,0.0,0.0,1.0,1.0,0,0.20795603158908532,0.6816336590975574,0.3050847457627119,0.18,0.04424778761061947,3.004224734975334,2.1190912836678786,0.8851334513074556,0.6005527638190955,0.5410747374922792,0.5692643680367202,45.0111097397076,21.93171219946131,0,0,True,True,1.0,752,3.0,0.5,0.20916916662827134,0.0784313725490196,0.102803738317757,0.06340057636887608,0.7392127513885498,classical,tile_00035,synth,"[512, 512]"
125,202,70,55,132,39,63,0.7076007683875769,326,527,31,295,496,322,527,48,0.14906832298136646,0.09108159392789374,0.11307420494699646,0.0950920245398773,0.058823529411764705,0.07268464243845252,0.2547784354650827,0.22474666019809916,0.10296372161542836,1.1077426278780251,202,20,6,0.0297029702970297,0.3,0.05405405405405406,1.6191294403531442,1.8251407699364424,2.6803373379345903,0.0,0.0,6,0.3029483412056904,0.7076007683875769,0.42813455657492355,0.2723735408560311,0.11604095563139932,2.5665201970948166,1.7280547523805274,0.8384654447142892,0.8767861619453498,0.7030702220333581,0.7803775682473691,39.824615503479755,17.029386365926403,0,0,True,True,1.0,984,3.0,0.5,0.2548336982727051,0.11390728476821192,0.13870967741935483,0.09662921348314607,0.8879835605621338,classical,tile_00036,synth,"[512, 512]"
102,132,81,21,51,6,29,0.825497261202803,287,339,110,177,229,262,339,126,0.48091603053435117,0.37168141592920356,0.4193011647254576,0.3832752613240418,0.32448377581120946,0.3514376996805112,0.22726345003359086,0.1602075649726939,0.04003177587141331,2.0683646331313437,150,208,81,0.54,0.3894230769230769,0.452513966480447,1.490429454895931,1.4142135623730951,2.8284271247461903,0.37037037037037035,0.37037037037037035,51,0.5714981039096328,0.825497261202803,0.6923076923076923,0.5294117647058824,0.3448275862068966,1.6437881342148788,1.109919955722798,0.5338681784920809,0.8585100998481572,0.8289887143173268,0.8434911810631608,31.953090617340916,15.0,0,0,True,True,1.0,529,3.0,0.5,0.2450622348114848,0.42123893805309737,0.497907949790795,0.36503067484662577,0.8928873538970947,classical,tile_00037,synth,"[512, 512]"
142,156,135,7,21,0,12,0.9255938851362279,377,409,287,90,122,377,409,303,0.8037135278514589,0.7408312958435208,0.7709923664122138,0.7612732095490716,0.7017114914425427,0.7302798982188295,0.31589114897768183,0.17243287280348227,0.24473994106752797,4.653305471245759,236,93,80,0.3389830508474576,0.8602150537634409,0.486322188449848,1.2832536343040555,1.2071067811865475,2.8284271247461903,0.7625,0.7625,19,0.8386253321704078,0.9255938851362279,0.9060402684563759,0.8282208588957055,0.7738095238095238,0.8220225578214103,0.5045941888821714,0.31742836893923887,0.9970355273518922,0.9421709006928406,0.9688270905486338,23.345235059857504,3.605551275463989,0,0,True,True,1.0,259,3.0,0.5,0.2914086878299713,0.7482993197278911,0.7534246575342466,0.7432432432432432,0.5727512836456299,classical,tile_00038,synth,"[512, 512]"
144,205,109,35,96,13,44,0.8476071260291329,383,559,138,245,421,382,559,156,0.4083769633507853,0.27906976744186046,0.33156216790648246,0.360313315926893,0.24686940966010734,0.2929936305732484,0.20611265772438617,0.09644843352254767,0.10373662900736895,1.2769735985365949,240,297,157,0.6541666666666667,0.5286195286195287,0.5847299813780261,1.3372544624015135,1.4142135623730951,2.8284271247461903,0.24203821656050956,0.24203821656050956,119,0.5294508695540142,0.8476071260291329,0.6246418338108882,0.45416666666666666,0.3371647509578544,1.427490875014637,1.089361096792906,0.33812977822173107,0.9271756004017898,0.8418517749636704,0.8824560159675339,32.0,12.0,0,0,True,True,1.0,916,3.0,0.5,0.2410222813487053,0.3329506314580941,0.39944903581267216,0.2854330708661417,0.7234201431274414,classical,tile_00039,synth,"[512, 512]"
89,108,77,12,31,3,19,0.8863909649241333,232,280,121,111,159,232,280,138,0.5948275862068966,0.4928571428571429,0.5390625,0.521551724137931,0.43214285714285716,0.47265625,0.49419031274825476,0.2049931851803733,0.451955569496189,9.556866021996282,144,26,21,0.14583333333333334,0.8076923076923077,0.24705882352941178,1.4656796068745164,1.4142135623730951,2.23606797749979,0.38095238095238093,0.38095238095238093,13,0.6929147644584596,0.8863909649241333,0.7817258883248731,0.6416666666666667,0.5038167938931297,1.0100266509843925,0.7059682669675537,0.3040583840168388,0.956291627021884,0.8842724679029957,0.9188730339718222,52.32590180780452,9.219544457292887,0,0,True,True,1.0,326,3.0,0.5,0.23049162095412612,0.5157232704402516,0.5418502202643172,0.492,0.4986143112182617,classical,tile_00040,synth,"[512, 512]"
128,148,114,14,34,3,20,0.9106312830587167,334,380,207,127,173,334,380,221,0.6616766467065869,0.5815789473684211,0.6190476190476191,0.6197604790419161,0.5447368421052632,0.5798319327731092,0.5227871227230088,0.24761924551788847,0.4808784204710568,7.6504217869768,207,17,10,0.04830917874396135,0.5882352941176471,0.08928571428571429,1.2714776642118866,1.2071067811865475,2.23606797749979,0.2,0.2,8,0.7522606251354615,0.9106312830587167,0.8260869565217391,0.7037037037037037,0.6046511627906976,0.9388419634732112,0.6056687005650216,0.3331732629081896,0.9815328676681657,0.9075560476058677,0.9430959895786099,30.528675044947494,5.830951894845301,0,0,True,True,1.0,356,3.0,0.5,0.28370573930442333,0.5969696969696969,0.6042944785276073,0.5898203592814372,0.6608173847198486,classical,tile_00041,synth,"[512, 512]"
149,178,126,23,52,14,36,0.8709475322306166,401,479,226,175,253,400,479,241,0.6025,0.5031315240083507,0.5483503981797497,0.5635910224438903,0.4718162839248434,0.5136363636363636,0.14676361704249785,0.0654353749850482,0.06469519486016766,1.3242435574195726,253,302,197,0.7786561264822134,0.652317880794702,0.7099099099099098,1.2873391108960914,1.0,2.8284271247461903,0.4619289340101523,0.4619289340101523,106,0.6711889239208422,0.8709475322306166,0.7706422018348624,0.6268656716417911,0.4342105263157895,0.9039501076550613,0.6466129005074237,0.25733720714763764,0.9476774758983348,0.9031040268456376,0.9248540072026967,35.608987629529715,9.0,0,0,True,True,1.0,609,3.0,0.5,0.2769510787911713,0.5536585365853659,0.6005291005291006,0.5135746606334841,0.8310363292694092,classical,tile_00042,synth,"[512, 512]"
140,188,112,28,76,11,36,0.8291920782025065,367,622,128,239,494,367,493,177,0.4822888283378747,0.359026369168357,0.41162790697674423,0.34877384196185285,0.2057877813504823,0.25884732052578363,0.4506668275184007,0.2212665183421489,0.31548174697450637,5.699030986366495,228,173,76,0.3333333333333333,0.4393063583815029,0.37905236907730677,1.4831919939992733,1.4142135623730951,2.8284271247461903,0.3157894736842105,0.3157894736842105,52,0.566277516821224,0.8291920782025065,0.6829268292682927,0.5185185185185185,0.36666666666666664,1.6349043330284063,1.1066177452757384,0.5282865877526679,0.9416126454133736,0.8017746972351283,0.8660854363461896,35.0,14.866068747318506,0,0,True,True,1.0,889,3.0,0.5,0.2734638652764261,0.3984272608125819,0.43304843304843305,0.36893203883495146,0.523643970489502,classical,tile_00043,synth,"[512, 512]"
228,332,159,69,173,55,99,0.7520254991937223,621,1222,140,481,1082,618,912,206,0.3333333333333333,0.22587719298245615,0.269281045751634,0.22544283413848631,0.11456628477905073,0.1519262072707542,0.4198451181424258,0.1268270247834682,0.2615996489787865,5.4309161048014545,394,581,269,0.682741116751269,0.4629948364888124,0.5517948717948717,1.0298712198169804,1.0,2.23606797749979,0.17100371747211895,0.17100371747211895,223,0.42704305132786374,0.7520254991937223,0.5678571428571428,0.39650872817955113,0.18143459915611815,2.032594899218881,1.3440762793486656,0.6885186198702158,0.9232145930132507,0.7905161197050744,0.8517277683216611,25.317977802344327,10.770329614269007,0,0,True,True,1.0,2028,3.0,0.5,0.3475871589034796,0.25949367088607594,0.27938671209540034,0.24224519940915806,0.5407860279083252,classical,tile_00044,synth,"[512, 512]"
168,306,58,110,248,95,82,0.6475217935024158,447,798,18,429,780,439,798,27,0.06150341685649203,0.03383458646616541,0.043654001616814875,0.040268456375838924,0.022556390977443608,0.028915662650602407,0.2610161355322222,0.21954973447382195,0.01499953507939946,0.7424010296251917,280,88,16,0.05714285714285714,0.18181818181818182,0.08695652173913043,1.7764362859136398,2.0,3.0,0.0,0.0,16,0.1584652490427853,0.6475217935024158,0.24472573839662448,0.13942307692307693,0.025974025974025976,3.441272717315857,2.313138918773512,1.1281337985423454,0.7391401202940521,0.5787193373685887,0.6491658547532522,34.52535300326414,16.0,0,0,True,True,1.0,1583,3.0,0.5,0.29541718726977706,0.04226705091258405,0.05339805825242718,0.034976152623211444,0.7862794399261475,classical,tile_00045,synth,"[512, 512]"
144,264,45,99,219,96,76,0.6616072134225284,382,859,15,367,844,375,726,25,0.06666666666666667,0.03443526170798898,0.045413260672116255,0.03926701570680628,0.017462165308498253,0.024174053182917002,0.18224343552678138,0.14280376141292264,0.03101680989444524,0.5255988607398785,239,463,72,0.301255230125523,0.15550755939524838,0.20512820512820512,1.6578044717667266,1.7071067811865475,3.0,0.013888888888888888,0.013888888888888888,71,0.1459427676667342,0.6616072134225284,0.22058823529411764,0.12396694214876033,0.027707808564231738,2.986221125010488,2.1390697310541817,0.8471513939563065,0.7077203035465386,0.6027777777777777,0.6510472284383669,41.43669871020132,17.0,0,0,True,True,1.0,1600,3.0,0.5,0.23047798313200474,0.04867724867724867,0.06552706552706553,0.03872053872053872,0.7132868766784668,classical,tile_00046,synth,"[512, 512]"
120,151,95,25,56,23,39,0.8042679475817112,312,384,106,206,278,311,384,140,0.45016077170418006,0.3645833333333333,0.40287769784172656,0.33974358974358976,0.2760416666666667,0.30459770114942536,0.39137207085881875,0.261665984987677,0.2909507133248156,2.149751850698733,193,8,6,0.031088082901554404,0.75,0.05970149253731343,0.9417135899788142,1.0,2.0306043737181163,0.16666666666666666,0.16666666666666666,5,0.563877896828506,0.8042679475817112,0.7011070110701108,0.5397727272727273,0.2843601895734597,1.5431884365154647,1.0048896340980886,0.538298802417376,0.9132555870464155,0.7982121159520916,0.851867287082571,29.832867780352597,15.117828514614114,0,0,True,True,1.0,570,3.0,0.5,0.2610801551491022,0.40062597809076683,0.4280936454849498,0.3764705882352941,0.5614023208618164,classical,tile_00047,synth,"[512, 512]"
164,209,148,16,61,7,43,0.839234634510836,444,563,243,201,320,444,563,274,0.6171171171171171,0.4866785079928952,0.5441906653426017,0.5472972972972973,0.43161634103019536,0.48262164846077454,0.16838837957332783,0.10501800305643422,0.01022686177300764,1.2927966546076346,281,355,199,0.708185053380783,0.5605633802816902,0.6257861635220127,1.584547588411559,1.4142135623730951,3.0,0.4321608040201005,0.4321608040201005,113,0.665987806475087,0.839234634510836,0.7935656836461126,0.6577777777777778,0.44573643410852715,1.032392106957103,0.7431769846718781,0.2892151222852247,0.9725343320848939,0.8754711292024725,0.9214536945203725,32.0,11.0,0,0,True,True,1.0,711,3.0,0.5,0.2406827686354518,0.5402542372881356,0.5971896955503513,0.4932301740812379,0.590808629989624,classical,tile_00048,synth,"[512, 512]"
289,322,278,11,44,3,31,0.9045987312809561,801,1084,556,245,528,801,889,668,0.8339575530586767,0.7514060742407199,0.7905325443786984,0.6941323345817728,0.5129151291512916,0.589920424403183,0.2506249392736463,0.06107497408254915,0.16255885658977082,7.470703182278349,513,568,462,0.9005847953216374,0.8133802816901409,0.8547641073080481,0.9965240988851237,1.0,2.23606797749979,0.7359307359307359,0.7359307359307359,122,0.8231700402491188,0.9045987312809561,0.9099836333878887,0.8348348348348348,0.7067039106145251,0.8627522188767608,0.5176213016187496,0.34513091725801115,0.9939805890906631,0.9490771207420639,0.971010002218492,21.840329667841555,3.1622776601683795,0,0,True,True,1.0,950,3.0,0.5,0.379838811699301,0.7455705173635719,0.7175989085948158,0.775811209439528,0.5578067302703857,classical,tile_00049,synth,"[512, 512]"
200,242,166,34,76,1,40,0.8823485539119803,541,906,214,327,692,541,648,319,0.589648798521257,0.49228395061728397,0.5365853658536586,0.3955637707948244,0.23620309050772628,0.29578438147892194,0.9121591627419982,0.4371032742347251,0.8836404056146843,10.233178895444677,342,145,108,0.3157894736842105,0.7448275862068966,0.4435318275154004,0.7013873564152036,1.0,2.153444185374861,0.37037037037037035,0.37037037037037035,68,0.6627595472823019,0.8823485539119803,0.751131221719457,0.6014492753623188,0.5563380281690141,1.4640923475348036,0.8040679974881833,0.6600243500466202,0.9846638146743079,0.8902125406550185,0.9350590759338987,25.553864678361276,6.708203932499369,0,0,True,True,1.0,1197,3.0,0.5,0.3838415741920471,0.4656964656964657,0.4266666666666667,0.5125858123569794,0.5814809799194336,classical,tile_00050,synth,"[512, 512]"
64,119,27,37,92,29,29,0.6954709265998786,160,473,5,155,468,155,301,14,0.09032258064516129,0.046511627906976744,0.06140350877192982,0.03125,0.010570824524312896,0.01579778830963665,0.47129569757059153,0.5256290835846432,0.41848321996932264,0.8972951879918017,97,44,9,0.09278350515463918,0.20454545454545456,0.1276595744680851,0.86982523608291,1.0,1.765685424949238,0.0,0.0,9,0.20522092916061993,0.6954709265998786,0.29508196721311475,0.17307692307692307,0.07017543859649122,2.9055565452624785,2.1228728263243166,0.7826837189381621,0.6967217973798091,0.5619257625872841,0.6221057264260191,48.75448697299562,24.041630560342615,0,0,True,True,1.0,761,3.0,0.5,0.24368308298289776,0.06015037593984962,0.07947019867549669,0.04838709677419355,0.7241854667663574,classical,tile_00051,synth,"[512, 512]"
80,122,26,54,96,50,28,0.6652019435356237,196,569,1,195,568,189,318,7,0.037037037037037035,0.0220125786163522,0.027613412228796843,0.00510204081632653,0.0017574692442882249,0.00261437908496732,0.9568695764896348,0.9568695764896348,0.9568695764896348,0.9568695764896348,117,197,28,0.23931623931623933,0.14213197969543148,0.17834394904458598,1.4464507534322573,1.4142135623730951,2.9399494936611665,0.0,0.0,28,0.1712401042764972,0.6652019435356237,0.25742574257425743,0.14772727272727273,0.035897435897435895,3.0276205917630827,2.121695117455279,0.9059254743078038,0.6107449781198925,0.5360156361729513,0.5709454159938048,45.17742799230607,24.698178070456937,0,0,True,True,1.0,941,3.0,0.5,0.22762491600587964,0.022522522522522525,0.0273224043715847,0.019157088122605363,0.6997034549713135,classical,tile_00052,synth,"[512, 512]"
93,148,21,72,127,77,52,0.6236425073067601,235,370,5,230,365,232,370,9,0.03879310344827586,0.024324324324324326,0.029900332225913626,0.02127659574468085,0.013513513513513514,0.016528925619834708,0.30493634676925624,0.25109170077108767,0.30493634676925624,0.6186188161879919,143,13,0,0.0,0.0,0.0,0.0,0.0,0.0,1.0,1.0,0,0.10868458633561794,0.6236425073067601,0.17427385892116182,0.09545454545454546,0.008368200836820083,3.300715234979383,2.20242416574275,1.098291069236633,0.597264218862491,0.4769409422694094,0.5303637882877416,42.5205832509386,20.223748416156685,0,0,True,True,1.0,794,3.0,0.5,0.22540380526334047,0.029304029304029304,0.03636363636363636,0.024539877300613498,0.7352747917175293,classical,tile_00053,synth,"[512, 512]"
77,126,39,38,87,39,32,0.6990025714859758,199,647,11,188,636,197,337,37,0.18781725888324874,0.10979228486646884,0.13857677902621723,0.05527638190954774,0.017001545595054096,0.026004728132387706,0.6268258303890142,0.6795966928286873,0.6080394111809482,1.299768646864923,123,212,60,0.4878048780487805,0.2830188679245283,0.3582089552238806,1.160383976516261,1.0,2.23606797749979,0.1,0.1,54,0.2685822688468281,0.6990025714859758,0.3842364532019704,0.23780487804878048,0.07407407407407407,2.8042885738449166,1.9278018639993872,0.8764867098455292,0.6644026277697361,0.5526556776556777,0.6033990037280086,56.462376853972415,26.248809496813376,0,0,True,True,1.0,1003,3.0,0.5,0.24197295913472772,0.14473684210526314,0.17277486910994763,0.12452830188679245,0.7198679447174072,classical,tile_00054,synth,"[512, 512]"
183,277,95,88,182,62,77,0.7235097564987648,488,723,69,419,654,485,723,102,0.21030927835051547,0.14107883817427386,0.16887417218543047,0.1413934426229508,0.0954356846473029,0.11395540875309661,0.4082396115840804,0.3582607051732226,0.27869947458812994,1.536586584464008,306,39,12,0.0392156862745098,0.3076923076923077,0.06956521739130435,1.093534791239372,1.0,2.5798373876248837,0.08333333333333333,0.08333333333333333,11,0.2988409863799246,0.7235097564987648,0.41304347826086957,0.2602739726027397,0.11650485436893204,2.828616212342694,1.7805236632341344,1.0480925491085593,0.8262470350833717,0.7009790949986769,0.7584756277932019,34.785054261852174,13.45362404707371,0,0,True,True,1.0,1354,3.0,0.5,0.29138327902182937,0.17391304347826086,0.1939655172413793,0.15761821366024517,0.7349233627319336,classical,tile_00055,synth,"[512, 512]"
138,125,84,54,41,20,23,0.8376844756583288,362,319,129,233,190,361,319,150,0.4155124653739612,0.4702194357366771,0.4411764705882353,0.356353591160221,0.4043887147335423,0.3788546255506608,0.16199492746680055,0.0719780018531476,0.005615733674952701,1.3238653117853934,225,195,123,0.5466666666666666,0.6307692307692307,0.5857142857142857,1.4498754391732285,1.4142135623730951,2.8284271247461903,0.36585365853658536,0.36585365853658536,78,0.5350988285574115,0.8376844756583288,0.6387832699619772,0.4692737430167598,0.2955665024630542,1.039902677969246,0.6301907516343446,0.40971192633490133,0.9047275677137321,0.8857580398162328,0.8951423162248591,34.23448553724738,17.69180601295413,0,0,True,True,1.0,596,3.0,0.5,0.21918012714013457,0.4380952380952381,0.4194528875379939,0.4584717607973422,0.7643544673919678,classical,tile_00056,synth,"[512, 512]"
82,112,62,20,50,16,26,0.8177420380061958,212,296,72,140,224,210,296,90,0.42857142857142855,0.30405405405405406,0.3557312252964427,0.33962264150943394,0.24324324324324326,0.28346456692913385,0.18888775532415983,0.09016630622714347,0.09598983360381033,1.132224712867445,131,185,87,0.6641221374045801,0.4702702702702703,0.5506329113924051,1.0968804732622814,1.0,2.23606797749979,0.25287356321839083,0.25287356321839083,65,0.5226804779008674,0.8177420380061958,0.6391752577319587,0.4696969696969697,0.2679738562091503,1.4359914201425035,1.0953699116059958,0.34062150853650774,0.8265858538307638,0.7889837932544898,0.8073472333210807,57.706152185014034,20.088536215080524,0,0,True,True,1.0,499,3.0,0.5,0.22703822888433933,0.35390946502057613,0.4195121951219512,0.30604982206405695,0.8125576972961426,classical,tile_00057,synth,"[512, 512]"
88,109,77,11,32,9,23,0.8672546548052169,226,441,90,136,351,225,289,140,0.6222222222222222,0.4844290657439446,0.5447470817120622,0.39823008849557523,0.20408163265306123,0.26986506746626693,0.47226539687006314,0.05629875059882895,0.4491057203930538,6.1781325211239935,139,181,123,0.8848920863309353,0.6795580110497238,0.76875,0.7023865310820762,1.0,2.0,0.4715447154471545,0.4715447154471545,65,0.6779554154314894,0.8672546548052169,0.7817258883248731,0.6416666666666667,0.4485294117647059,1.0886867002980343,0.7795840600010596,0.3091026402969747,0.9133095662507427,0.8653879186945319,0.8887031902289481,38.3275357934736,10.44030650891055,0,0,True,True,1.0,595,3.0,0.5,0.23008841602131724,0.5486725663716815,0.5876777251184834,0.5145228215767634,0.5906519889831543,classical,tile_00058,synth,"[512, 512]"
111,121,107,4,14,1,10,0.9417471923957993,293,318,250,43,68,293,318,256,0.8737201365187713,0.8050314465408805,0.8379705400981997,0.8532423208191127,0.7861635220125787,0.8183306055646482,0.09184734439244649,0.03302230827815379,0.039421001571636506,2.1836008691813857,183,198,167,0.912568306010929,0.8434343434343434,0.8766404199475065,1.0780223193611378,1.0,2.23606797749979,0.8023952095808383,0.8023952095808383,33,0.8686805998823321,0.9417471923957993,0.9224137931034483,0.856,0.7443609022556391,0.43938349821799016,0.3131588336370924,0.12622466458089773,0.995922066153149,0.9598740294293316,0.9775658401151496,49.4064773081425,2.0,0,0,True,True,1.0,162,3.0,0.5,0.2411920907907188,0.8261617900172117,0.8571428571428571,0.7973421926910299,0.5655248165130615,classical,tile_00059,synth,"[512, 512]"
74,133,30,44,103,26,39,0.6832363819520134,188,554,6,182,548,183,341,16,0.08743169398907104,0.0469208211143695,0.061068702290076333,0.031914893617021274,0.010830324909747292,0.016172506738544475,0.5683776229461475,0.5781341055541772,0.2748919783925812,0.9954866960179717,115,54,8,0.06956521739130435,0.14814814814814814,0.09467455621301776,1.1330618877807475,1.0,1.9484189322054464,0.0,0.0,8,0.1980395310005836,0.6832363819520134,0.2898550724637681,0.1694915254237288,0.05612244897959184,2.825066195844977,2.0101063545862603,0.8149598412587169,0.6948502860952169,0.5789181831930231,0.6316084514828226,52.61178575186362,24.020824298928627,0,0,True,True,1.0,885,3.0,0.5,0.20720247691497207,0.06278026905829596,0.07865168539325842,0.05223880597014925,0.640977144241333,classical,tile_00060,synth,"[512, 512]"
223,239,218,5,21,1,18,0.9235529362356785,609,660,519,90,141,608,656,540,0.8881578947368421,0.823170731707317,0.8544303797468354,0.8522167487684729,0.7863636363636364,0.817966903073286,0.11725738035686029,0.056548745029485335,0.0250354879951759,1.6424422336557623,387,418,337,0.8708010335917312,0.80622009569378,0.8372670807453416,1.155481513055533,1.0,2.23606797749979,0.8041543026706232,0.8041543026706232,66,0.8715780956683027,0.9235529362356785,0.9437229437229437,0.8934426229508197,0.7906976744186046,0.5380772767317015,0.34026566228263294,0.19781161444906847,0.9932684540523906,0.9674002854352888,0.9801637233378135,19.1049731745428,2.0,0,0,True,True,1.0,323,3.0,0.5,0.26237712521106005,0.8452380952380952,0.8765432098765432,0.8160919540229885,0.4679114818572998,classical,tile_00061,synth,"[512, 512]"
252,416,109,143,307,100,110,0.6789761350209562,698,1103,44,654,1059,693,1103,71,0.10245310245310245,0.0643699002719855,0.07906458797327395,0.06303724928366762,0.03989120580235721,0.04886174347584675,0.40801641079394996,0.3055207646995222,0.14531489593321867,1.5051182589553698,447,248,79,0.1767337807606264,0.3185483870967742,0.22733812949640286,1.5066499864090654,1.4142135623730951,2.8284271247461903,0.0379746835443038,0.0379746835443038,76,0.22158203208767735,0.6789761350209562,0.3263473053892216,0.19499105545617174,0.05362776025236593,3.03604935532222,1.9546571071305299,1.08139224819169,0.8475768711328874,0.7010468412337572,0.7673795557507571,30.4138126514911,12.041594578792296,0,0,True,True,1.0,2239,3.0,0.5,0.3042205707170069,0.06961178045515395,0.08,0.061611374407582936,0.6959638595581055,classical,tile_00062,synth,"[512, 512]"
99,156,27,72,129,63,55,0.6269764300893514,255,709,7,248,702,250,416,13,0.052,0.03125,0.03903903903903904,0.027450980392156862,0.009873060648801129,0.014522821576763486,0.27821525258000973,0.17696444955280707,0.12393363233235558,0.7299918559059021,157,261,24,0.15286624203821655,0.09195402298850575,0.11483253588516745,1.8075165793273493,2.0,2.8284271247461903,0.0,0.0,24,0.13277147931303912,0.6269764300893514,0.21176470588235294,0.11842105263157894,0.011904761904761904,3.143549021839343,2.101125450883455,1.0424235709558876,0.6443294204639985,0.5616724738675958,0.600168376647976,51.66236541235796,22.0,0,0,True,True,1.0,1175,3.0,0.5,0.2222915473394096,0.04203152364273205,0.04897959183673469,0.03680981595092025,0.6751132011413574,classical,tile_00063,synth,"[512, 512]"
139,181,123,16,58,12,42,0.8314026113442878,373,483,200,173,283,371,483,219,0.5902964959568733,0.453416149068323,0.5128805620608899,0.5361930294906166,0.4140786749482402,0.4672897196261682,0.2650569050388938,0.07806485880229991,0.1425194894578874,8.489692817426555,235,303,174,0.7404255319148936,0.5742574257425742,0.6468401486988846,1.348717658956296,1.4142135623730951,2.8284271247461903,0.41954022988505746,0.41954022988505746,101,0.6391407574709214,0.8314026113442878,0.76875,0.6243654822335025,0.37339055793991416,1.0860081071442558,0.826388133868706,0.25961997327554964,0.957983193277311,0.8628125,0.9079106206164483,39.395431207184416,13.92838827718412,0,0,True,True,1.0,631,3.0,0.5,0.20618869783356786,0.4987341772151899,0.5660919540229885,0.4457013574660634,0.6721172332763672,classical,tile_00064,synth,"[512, 512]"
206,312,124,82,188,71,72,0.7496126645176541,563,913,136,427,777,558,865,166,0.2974910394265233,0.19190751445086704,0.23330990864371046,0.24156305506216696,0.14895947426067907,0.1842818428184282,0.33206893924386127,0.1821556967763085,0.14659321392701385,6.24054940969522,358,554,209,0.5837988826815642,0.37725631768953066,0.4583333333333333,1.344463040478497,1.4142135623730951,2.8284271247461903,0.20095693779904306,0.20095693779904306,167,0.35888791660304675,0.7496126645176541,0.47876447876447875,0.3147208121827411,0.13846153846153847,2.095797544478191,1.536571754440807,0.5592257900373842,0.810897787529713,0.7473031825795645,0.777802746875692,33.015148038438355,13.038404810405298,0,0,True,True,1.0,1641,3.0,0.5,0.2328660166822374,0.2199528672427337,0.2702702702702703,0.18543046357615894,0.6842925548553467,classical,tile_00065,synth,"[512, 512]"
83,135,50,33,85,23,33,0.7762449275865415,213,357,43,170,314,212,357,51,0.24056603773584906,0.14285714285714285,0.17926186291739893,0.20187793427230047,0.12044817927170869,0.15087719298245617,0.3118464338273477,0.14106905283389476,0.26599118866561006,2.106689209570841,131,223,72,0.549618320610687,0.32286995515695066,0.4067796610169491,1.620129717051543,1.4142135623730951,2.8284271247461903,0.1388888888888889,0.1388888888888889,62,0.35607565485621173,0.7762449275865415,0.45871559633027525,0.2976190476190476,0.15343915343915343,1.9466548371011931,1.5406190941389268,0.40603574296226635,0.8379678845185475,0.7098195049552353,0.7685887002342918,73.06161783043132,26.40075756488817,0,0,True,True,1.0,664,3.0,0.5,0.1616047159768641,0.1726078799249531,0.22772277227722773,0.13897280966767372,0.6353108882904053,classical,tile_00066,synth,"[512, 512]"
134,168,116,18,52,8,30,0.8901018952207542,356,445,203,153,242,356,445,215,0.6039325842696629,0.48314606741573035,0.536828963795256,0.5702247191011236,0.45617977528089887,0.5068664169787765,0.1636058010444109,0.08502713303019345,0.017826051019692115,1.2722301799174502,223,278,163,0.7309417040358744,0.5863309352517986,0.6506986027944112,1.2818416170846165,1.0,2.8284271247461903,0.43558282208588955,0.43558282208588955,92,0.6837868863947516,0.8901018952207542,0.7682119205298014,0.6236559139784946,0.47317073170731705,0.872210462002887,0.6709355775888481,0.20127488441403885,0.9738307105597686,0.8783138609633971,0.9236093385659131,29.0,14.142135623730951,0,0,True,True,1.0,557,3.0,0.5,0.19808576302602887,0.5302826379542396,0.5915915915915916,0.48048780487804876,0.43514513969421387,classical,tile_00067,synth,"[512, 512]"
278,318,258,20,60,7,41,0.8854766018909807,769,878,555,214,323,769,878,591,0.7685305591677504,0.673120728929385,0.7176684881602916,0.7217165149544863,0.6321184510250569,0.6739526411657559,0.2417920300176734,0.09059614288042189,0.15533780597542507,10.050329286778707,492,497,374,0.7601626016260162,0.7525150905432596,0.7563195146612741,1.2281541138574366,1.0,2.23606797749979,0.6336898395721925,0.6336898395721925,137,0.7666206821740704,0.8854766018909807,0.8657718120805369,0.7633136094674556,0.6284153005464481,0.9100076693337003,0.5912509681265077,0.31875670120719257,0.9840109326955928,0.9364260592865516,0.959628963455819,22.847319317591726,4.158966144068061,0,0,True,True,1.0,754,3.0,0.5,0.30421928921714425,0.6900742741390952,0.719718309859155,0.6627756160830091,0.46280813217163086,classical,tile_00068,synth,"[512, 512]"
134,177,103,31,74,15,43,0.8234555013398717,347,469,129,218,340,345,469,151,0.43768115942028984,0.32196162046908317,0.37100737100737097,0.37175792507204614,0.27505330490405117,0.3161764705882353,0.20048147836413402,0.11492321870923783,0.04234581544124305,1.4240252395600512,214,293,117,0.5467289719626168,0.3993174061433447,0.4615384615384615,1.6044585438613932,1.4142135623730951,2.8627416997969504,0.2564102564102564,0.2564102564102564,87,0.5454399783794649,0.8234555013398717,0.662379421221865,0.4951923076923077,0.32340425531914896,1.3229383271738206,0.9594483614325885,0.36348996574123205,0.9324977151064108,0.8429804168800977,0.8854823931181081,36.345563690772494,14.142135623730951,0,0,True,True,1.0,750,3.0,0.5,0.19993152981624007,0.37257438551099614,0.43243243243243246,0.32727272727272727,0.6324224472045898,classical,tile_00069,synth,"[512, 512]"
106,141,93,13,48,8,29,0.85273815550573,272,371,143,129,228,272,371,156,0.5735294117647058,0.42048517520215634,0.4852255054432348,0.5257352941176471,0.38544474393531,0.44479004665629857,0.24401164735588562,0.0799179137903503,0.14441007141541828,12.691295847845032,167,231,112,0.6706586826347305,0.48484848484848486,0.5628140703517588,1.4726019336834584,1.4142135623730951,2.8284271247461903,0.4017857142857143,0.4017857142857143,67,0.6421429025265821,0.85273815550573,0.7530364372469636,0.6038961038961039,0.4034090909090909,1.038196227314133,0.7929026674639434,0.24529355985018947,0.9579322101885279,0.841792330891857,0.8961148994133454,30.0,16.1245154965971,0,0,True,True,1.0,485,3.0,0.5,0.1800777232274413,0.49025974025974023,0.569811320754717,0.4301994301994302,0.42970705032348633,classical,tile_00070,synth,"[512, 512]"
252,435,97,155,338,144,147,0.6647165837711289,697,1217,50,647,1167,692,1217,66,0.0953757225433526,0.054231717337715694,0.06914614981665794,0.07173601147776183,0.041084634346754315,0.0522466039707419,0.3529132011112653,0.2116123248720441,0.2129378018135304,4.178132521123993,446,783,153,0.3430493273542601,0.19540229885057472,0.24898291293734745,1.7450078611136366,2.0,3.0,0.026143790849673203,0.026143790849673203,149,0.18770744869228384,0.6647165837711289,0.2823871906841339,0.16440677966101694,0.042488619119878605,2.62396916771813,1.865538815390209,0.7584303523279209,0.7995748937234308,0.687037736867678,0.7390467619281986,41.10960958218893,11.704699910719626,0,0,True,True,1.0,2456,3.0,0.5,0.2438727179542184,0.0711743772241993,0.09538950715421304,0.05676442762535478,0.6875770092010498,classical,tile_00071,synth,"[512, 512]"
241,347,184,57,163,41,94,0.7989406967072222,657,1343,192,465,1151,657,967,279,0.4246575342465753,0.28852119958634953,0.3435960591133005,0.2922374429223744,0.14296351451973194,0.19199999999999998,0.4526768081599908,0.11049038916105179,0.3054092601971771,8.659348122839889,417,621,342,0.8201438848920863,0.5507246376811594,0.6589595375722543,0.9858670539170408,1.0,2.23606797749979,0.23391812865497075,0.23391812865497075,262,0.5000173067827514,0.7989406967072222,0.6258503401360545,0.45544554455445546,0.2537313432835821,1.7925645853192114,1.17159544445439,0.6209691408648216,0.9567547772821093,0.8387782501678228,0.8938906560444991,34.20526275297414,9.219544457292887,0,0,True,True,1.0,2098,3.0,0.5,0.31461441004648805,0.3174354964816262,0.3284789644012945,0.3071104387291982,0.4695584774017334,classical,tile_00072,synth,"[512, 512]"
67,109,17,50,92,49,33,0.6215938662726775,168,547,3,165,544,162,286,6,0.037037037037037035,0.02097902097902098,0.026785714285714288,0.017857142857142856,0.005484460694698354,0.008391608391608392,1.1029583731089108,1.1968184578726764,1.1029583731089108,1.3624115839796704,102,178,22,0.21568627450980393,0.12359550561797752,0.15714285714285714,1.3694995547496345,1.2071067811865475,2.961803398874989,0.0,0.0,22,0.12008063325722179,0.6215938662726775,0.19318181818181818,0.1069182389937107,0.017341040462427744,3.177349560698687,2.1690947610776137,1.0082547996210736,0.4897970719574925,0.45402428057553956,0.4712327446855964,51.97114584074513,27.459060435491963,0,0,True,True,1.0,873,3.0,0.5,0.1931541501544416,0.0310077519379845,0.03773584905660377,0.02631578947368421,0.66241455078125,classical,tile_00073,synth,"[512, 512]"
122,146,105,17,41,1,21,0.905474438348948,317,372,175,142,197,317,372,197,0.6214511041009464,0.5295698924731183,0.5718432510885342,0.5520504731861199,0.47043010752688175,0.5079825834542816,0.3508656460753456,0.2493873696321901,0.20380450365774275,1.9585859023836545,196,18,12,0.061224489795918366,0.6666666666666666,0.11214953271028037,1.3643025743009372,1.4142135623730951,2.8284271247461903,0.5,0.5,6,0.7095135524376086,0.905474438348948,0.7835820895522388,0.6441717791411042,0.5857988165680473,1.1403779293786103,0.7269237373193045,0.4134541920593058,0.9932925051035287,0.8762802501586151,0.9311246137952555,34.66987164671943,11.40175425099138,0,0,True,True,1.0,403,3.0,0.5,0.2222479861229658,0.5339652448657188,0.5577557755775577,0.5121212121212121,0.45050835609436035,classical,tile_00074,synth,"[512, 512]"
194,274,145,49,129,34,78,0.7786172686783722,530,749,165,365,584,529,749,200,0.3780718336483932,0.26702269692923897,0.3129890453834116,0.3113207547169811,0.22029372496662217,0.2580140734949179,0.20193263191161503,0.08292006425518747,0.07893947421753872,1.0806960855011525,337,476,230,0.6824925816023739,0.4831932773109244,0.5658056580565806,1.3729886388097192,1.4142135623730951,2.23606797749979,0.1956521739130435,0.1956521739130435,185,0.48247651264258107,0.7786172686783722,0.6196581196581197,0.44891640866873067,0.23482849604221637,1.4629268297518936,1.0800118199069608,0.38291500984493276,0.9159917121868525,0.8147824332503867,0.8624279003246237,31.38470965295043,14.035668847618199,0,0,True,True,1.0,1312,3.0,0.5,0.22237946884706616,0.3226366001734605,0.38193018480492813,0.27927927927927926,0.6335318088531494,classical,tile_00075,synth,"[512, 512]"
132,142,130,2,12,1,9,0.9380539076173846,350,374,308,42,66,350,374,316,0.9028571428571428,0.8449197860962567,0.8729281767955802,0.88,0.8235294117647058,0.8508287292817679,0.14587131607921835,0.06081291843775599,0.04618593088825524,3.0,219,233,179,0.817351598173516,0.7682403433476395,0.7920353982300884,1.4421556547505598,1.4142135623730951,2.8284271247461903,0.7988826815642458,0.7988826815642458,36,0.8901241459143066,0.9380539076173846,0.948905109489051,0.9027777777777778,0.8026315789473685,0.47640920969918676,0.3102253574721029,0.16618385222708387,0.9982423637831932,0.9661032689450223,0.9819098989325197,35.0,1.4142135623730951,0,0,True,True,1.0,158,3.0,0.5,0.20968548813834786,0.8764705882352941,0.8975903614457831,0.8563218390804598,0.4424295425415039,classical,tile_00076,synth,"[512, 512]"
108,125,105,3,20,3,17,0.8899212380728325,284,328,220,64,108,284,328,234,0.823943661971831,0.7134146341463414,0.7647058823529411,0.7746478873239436,0.6707317073170732,0.7189542483660131,0.17535165928547766,0.07534930246714068,0.05725424983834064,5.159581556513541,177,204,114,0.6440677966101694,0.5588235294117647,0.5984251968503937,1.6558650062240237,1.4142135623730951,3.0,0.7368421052631579,0.7368421052631579,30,0.8020749356021237,0.8899212380728325,0.9012875536480687,0.8203125,0.6068965517241379,0.6907079849933295,0.485848827724539,0.20485915726879045,0.9848332663720369,0.9259416195856874,0.9544798985876584,32.28002478313795,8.0,0,0,True,True,1.0,225,3.0,0.5,0.1951604038476944,0.7593220338983051,0.8205128205128205,0.7066246056782335,0.46037721633911133,classical,tile_00077,synth,"[512, 512]"
127,171,113,14,58,9,36,0.8578073386559076,335,459,185,150,274,335,459,205,0.6119402985074627,0.4466230936819172,0.5163727959697733,0.5522388059701493,0.40305010893246185,0.4659949622166247,0.1681709310546713,0.0526256154813215,0.06531033272365938,3.632472861792156,209,289,177,0.84688995215311,0.6124567474048442,0.7108433734939759,1.0525897061105745,1.0,2.23606797749979,0.4463276836158192,0.4463276836158192,98,0.6505518742826683,0.8578073386559076,0.7583892617449665,0.6108108108108108,0.39906103286384975,0.9494107972519461,0.7827263379304013,0.1666844593215449,0.9752724408070375,0.8518694492160375,0.9094036993212161,28.160255680657446,14.212670403551895,0,0,True,True,1.0,594,3.0,0.5,0.18640796886757016,0.507343124165554,0.59375,0.4428904428904429,0.6569123268127441,classical,tile_00078,synth,"[512, 512]"
121,155,108,13,47,2,25,0.882138374628112,309,398,171,138,227,309,398,190,0.6148867313915858,0.47738693467336685,0.5374823196605375,0.5533980582524272,0.4296482412060301,0.4837340876944837,0.3869252017225063,0.21369374709394248,0.30552092796120445,2.6037902471654637,189,19,14,0.07407407407407407,0.7368421052631579,0.1346153846153846,1.2530859833475039,1.2071067811865475,2.23606797749979,0.42857142857142855,0.42857142857142855,8,0.6903691627524354,0.882138374628112,0.782608695652174,0.6428571428571429,0.5164835164835165,1.2315180298201174,0.8622423190318695,0.3692757107882477,0.986020716839307,0.8484836344697728,0.9120964372630703,38.897300677553446,16.0,0,0,True,True,1.0,433,3.0,0.5,0.23579903692007065,0.5118483412322276,0.5625,0.46956521739130436,0.5508451461791992,classical,tile_00079,synth,"[512, 512]"
92,159,12,80,147,74,51,0.6123107214354436,232,655,2,230,653,227,408,2,0.00881057268722467,0.004901960784313725,0.006299212598425197,0.008620689655172414,0.0030534351145038168,0.004509582863585119,0.6547976364692158,0.6547976364692158,0.6547976364692158,0.7944989056195567,140,67,7,0.05,0.1044776119402985,0.06763285024154589,1.5806421574637117,1.4142135623730951,2.165247584249853,0.0,0.0,7,0.05854763870299062,0.6123107214354436,0.09561752988047809,0.0502092050209205,0.004,3.637668149520303,2.393260867142552,1.2444072823777508,0.5962288053011109,0.4409021536374428,0.5069341765421429,59.07622195096772,21.93171219946131,0,0,True,True,1.0,1117,3.0,0.5,0.22655688785016537,0.007619047619047618,0.00904977375565611,0.006578947368421052,1.0384080410003662,classical,tile_00080,synth,"[512, 512]"
160,261,80,80,181,63,73,0.7395758228448333,428,1055,37,391,1018,425,719,60,0.1411764705882353,0.08344923504867872,0.1048951048951049,0.08644859813084112,0.035071090047393366,0.049898853674983146,0.2966640349447516,0.10821617658235351,0.17550419122026809,1.5814578425609,269,459,143,0.5315985130111525,0.3115468409586057,0.39285714285714285,1.4314053859304456,1.4142135623730951,2.8284271247461903,0.06293706293706294,0.06293706293706294,134,0.2810739469244022,0.7395758228448333,0.38004750593824227,0.23460410557184752,0.10209424083769633,2.568850116389736,1.7551239409586474,0.8137261754310886,0.7900818676798934,0.7062779467000536,0.7458331797838699,33.24154027718932,13.416407864998739,0,0,True,True,1.0,1804,3.0,0.5,0.25352711882442236,0.10154525386313466,0.11586901763224182,0.09037328094302555,0.6639080047607422,classical,tile_00081,synth,"[512, 512]"
244,263,238,6,25,4,22,0.9053782066475874,670,721,573,97,148,670,721,583,0.8701492537313433,0.8085991678224688,0.8382458662832496,0.8552238805970149,0.7947295423023578,0.8238677210639826,0.16530295527555403,0.08578319847018236,0.06089577749501154,4.611434878580707,427,459,343,0.8032786885245902,0.7472766884531591,0.7742663656884877,1.450648074250898,1.4142135623730951,2.8284271247461903,0.7959183673469388,0.7959183673469388,70,0.850019775866374,0.9053782066475874,0.9388560157790927,0.8847583643122676,0.7665505226480837,0.6801682787313983,0.415800397339043,0.26436788139235523,0.9876908291132221,0.9586309415902251,0.972943943560402,24.73863375370596,2.8284271247461903,0,0,True,True,1.0,346,3.0,0.5,0.2679333761334419,0.8305752561071711,0.8527508090614887,0.8095238095238095,0.4896812438964844,classical,tile_00082,synth,"[512, 512]"
286,413,187,99,226,49,121,0.7633588080415858,790,1296,187,603,1109,789,1133,247,0.31305449936628643,0.21800529567519858,0.2570239334027055,0.23670886075949368,0.14429012345679013,0.17929050814956857,0.43815416325241313,0.18204662130963617,0.28807808050483463,7.852245198448359,505,561,259,0.5128712871287129,0.46167557932263814,0.48592870544090055,1.3954868562026592,1.4142135623730951,2.8284271247461903,0.14671814671814673,0.14671814671814673,221,0.4084351848462848,0.7633588080415858,0.5350500715307582,0.365234375,0.2093425605536332,2.1201065756622954,1.3518568056264013,0.7682497700358941,0.9451156042014951,0.7898569707130507,0.8605394216620351,26.076809620810597,10.295630140987,0,0,True,True,1.0,2258,3.0,0.5,0.3144843718037009,0.24445851804939836,0.265474552957359,0.22652582159624413,0.4944453239440918,classical,tile_00083,synth,"[512, 512]"
127,165,105,22,60,13,39,0.8567432194066255,332,441,165,167,276,332,441,183,0.5512048192771084,0.41496598639455784,0.47347994825355755,0.49698795180722893,0.3741496598639456,0.4269081500646831,0.14202044933320138,0.05941805783040213,0.06964545166463128,1.1421275262970776,206,277,170,0.8252427184466019,0.6137184115523465,0.7039337474120083,1.143878121279693,1.0,2.23606797749979,0.3764705882352941,0.3764705882352941,106,0.616150945463669,0.8567432194066255,0.7191780821917808,0.5614973262032086,0.37089201877934275,1.020584246998811,0.7758721088991606,0.24471213809965028,0.9421363593735347,0.869183682205385,0.9041909007599147,39.6232255123179,12.083045973594572,0,0,True,True,1.0,631,3.0,0.5,0.18493287498131394,0.4779005524861879,0.5457413249211357,0.4250614250614251,0.6415581703186035,classical,tile_00084,synth,"[512, 512]"
94,151,49,45,102,34,45,0.6931047740762253,247,634,21,226,613,244,404,47,0.19262295081967212,0.11633663366336634,0.14506172839506173,0.08502024291497975,0.033123028391167195,0.04767309875141884,0.29857760987885396,0.10583816648091186,0.19124275686615294,1.5167891581179314,154,254,72,0.4675324675324675,0.28346456692913385,0.35294117647058826,1.062630390393727,1.0,2.5026295937606715,0.16666666666666666,0.16666666666666666,60,0.2772419096304901,0.6931047740762253,0.4,0.25,0.07929515418502203,2.429427725381852,1.6990749725745937,0.7303527528072581,0.7293875295181631,0.6233214579336804,0.6721961671214105,58.0,22.20360331117452,0,0,True,True,1.0,1046,3.0,0.5,0.20844216598197818,0.1392857142857143,0.1638655462184874,0.12111801242236025,0.6358046531677246,classical,tile_00085,synth,"[512, 512]"
117,177,63,54,114,46,58,0.7019658299437168,309,900,18,291,882,307,473,56,0.18241042345276873,0.11839323467230443,0.1435897435897436,0.05825242718446602,0.02,0.02977667493796526,1.2861793156619514,1.015377864215357,1.2861793156619514,4.42215686803344,193,297,96,0.49740932642487046,0.32323232323232326,0.39183673469387753,1.4089046270228798,1.4142135623730951,2.23606797749979,0.08333333333333333,0.08333333333333333,88,0.3008424985473072,0.7019658299437168,0.42857142857142855,0.2727272727272727,0.09701492537313433,2.512461850232836,1.6422779612725749,0.8701838889602612,0.8500713945740124,0.6630293098953484,0.7449897398651258,38.07886552931954,20.8806130178211,0,0,True,True,1.0,1429,3.0,0.5,0.26122677978128195,0.14308943089430892,0.15384615384615385,0.1337386018237082,0.49339914321899414,classical,tile_00086,synth,"[512, 512]"
161,207,141,20,66,1,35,0.8470309576142458,425,533,222,203,311,425,533,244,0.5741176470588235,0.45778611632270166,0.5093945720250522,0.5223529411764706,0.4165103189493433,0.4634655532359081,0.3905966496095581,0.23003989598096625,0.25294439864125645,6.085122704066925,265,84,45,0.16981132075471697,0.5357142857142857,0.25787965616045844,1.6717941657797044,2.0,2.8284271247461903,0.26666666666666666,0.26666666666666666,33,0.6490835055630906,0.8470309576142458,0.7663043478260869,0.6211453744493393,0.51440329218107,1.4740239986849348,0.963778492246594,0.5102455064383409,0.9810509231081356,0.8423195422535211,0.9064075350325859,27.586228448267445,11.40175425099138,0,0,True,True,1.0,633,3.0,0.5,0.28888605209067464,0.4858490566037736,0.5228426395939086,0.45374449339207046,0.5498905181884766,classical,tile_00087,synth,"[512, 512]"
196,236,185,11,51,1,33,0.8892202493607811,537,647,398,139,249,537,647,413,0.7690875232774674,0.6383307573415765,0.6976351351351352,0.7411545623836127,0.615146831530139,0.6722972972972974,0.1892066079215858,0.08000778637257916,0.0808174806607924,6.27168335708077,342,412,267,0.7807017543859649,0.6480582524271845,0.7082228116710876,1.3126847335074519,1.4142135623730951,2.8284271247461903,0.6067415730337079,0.6067415730337079,105,0.7616006765358543,0.8892202493607811,0.8564814814814815,0.7489878542510121,0.6,0.805425515965503,0.5844536810956962,0.22097183486980682,0.9914999805045425,0.9131741759586144,0.9507265844794189,40.80441152620633,9.219544457292887,0,0,True,True,1.0,555,3.0,0.5,0.2653699400834739,0.6962828649138711,0.7619047619047619,0.6410684474123539,0.5717182159423828,classical,tile_00088,synth,"[512, 512]"
164,201,143,21,58,10,33,0.8477768848021002,442,521,235,207,286,442,521,278,0.6289592760180995,0.5335892514395394,0.5773624091381101,0.5316742081447964,0.4510556621880998,0.48805815160955346,0.525023064656352,0.3279337461212208,0.4277309030444083,5.740463519070323,279,26,19,0.06810035842293907,0.7307692307692307,0.12459016393442623,1.264311180604428,1.4142135623730951,2.2953038922244287,0.3684210526315789,0.3684210526315789,12,0.6642854494613717,0.8477768848021002,0.7835616438356164,0.6441441441441441,0.5082644628099173,1.4300063013455313,0.8673542595379917,0.5626520418075396,0.9513059622768893,0.8400190264785159,0.8922056168827942,30.364452901377952,9.899494936611665,0,0,True,True,1.0,584,3.0,0.5,0.2970424396917224,0.5704545454545454,0.5864485981308412,0.5553097345132744,0.5546081066131592,classical,tile_00089,synth,"[512, 512]"
54,125,19,35,106,38,23,0.685416351426204,132,451,4,128,447,128,324,5,0.0390625,0.015432098765432098,0.022123893805309734,0.030303030303030304,0.008869179600886918,0.0137221269296741,0.08214196232670608,0.042085955263216214,0.040056007063489864,0.232338784036523,79,200,32,0.4050632911392405,0.16,0.22939068100358426,1.3462448382534566,1.4142135623730951,2.23606797749979,0.03125,0.03125,31,0.1455073818670154,0.685416351426204,0.2122905027932961,0.11875,0.040697674418604654,3.2748766477762885,2.6703782974921646,0.6044983502841241,0.7186988677269455,0.48148310662571303,0.5766481599562371,82.00609733428362,36.0,0,0,True,True,1.0,747,3.0,0.5,0.19839445408433676,0.024330900243309007,0.04,0.017482517482517484,0.6913251876831055,classical,tile_00090,synth,"[512, 512]"
67,112,25,42,87,30,27,0.6853453187532544,163,456,7,156,449,159,288,14,0.0880503144654088,0.04861111111111111,0.06263982102908276,0.04294478527607362,0.015350877192982455,0.022617124394184167,0.434356249270138,0.28923568073217176,0.434356249270138,1.0297898973003048,97,45,5,0.05154639175257732,0.1111111111111111,0.07042253521126761,1.3772699034745348,1.4142135623730951,2.23606797749979,0.0,0.0,5,0.19143723987521072,0.6853453187532544,0.27932960893854747,0.16233766233766234,0.0718562874251497,2.9354175269028904,2.103865238179777,0.8315522887231134,0.6078811369509044,0.5159339120694484,0.5581460994559512,55.17245689653489,24.186773244895647,0,0,True,True,1.0,739,3.0,0.5,0.2241376368328929,0.06735751295336788,0.08441558441558442,0.05603448275862069,0.6870701313018799,classical,tile_00091,synth,"[512, 512]"
95,127,78,17,49,12,31,0.8250190118882214,245,325,93,152,232,245,325,122,0.49795918367346936,0.37538461538461537,0.4280701754385965,0.3795918367346939,0.28615384615384615,0.3263157894736842,0.5982312337747655,0.19086784949497454,0.5663121900372171,11.319765661357899,150,16,10,0.06666666666666667,0.625,0.12048192771084337,1.4536631057245561,1.4142135623730951,2.656230589874905,0.5,0.5,5,0.5797430894349664,0.8250190118882214,0.7027027027027027,0.5416666666666666,0.35365853658536583,1.477949327467436,1.0080005596609054,0.4699487678065305,0.8580788390729911,0.7731542215458886,0.8134058742001932,42.0,16.0,0,0,True,True,1.0,455,3.0,0.5,0.23442057520151138,0.40856031128404674,0.4411764705882353,0.3804347826086957,0.6146020889282227,classical,tile_00092,synth,"[512, 512]"
446,129,62,384,67,100,12,0.6808225816684733,1248,338,30,1218,308,1243,338,47,0.03781174577634755,0.1390532544378698,0.05945604048070842,0.02403846153846154,0.08875739644970414,0.03783102143757882,0.22083083805591266,0.14785283854907294,-0.19238202113103645,0.5852782436199094,803,210,191,0.23785803237858033,0.9095238095238095,0.3770977295162883,0.8863919013692824,1.0,2.23606797749979,0.031413612565445025,0.031413612565445025,185,0.14682086978589684,0.6808225816684733,0.21565217391304348,0.12085769980506822,0.036036036036036036,1.6947478700859602,0.13464996519050082,1.5600979048954593,0.5779955572977917,0.9741585012946133,0.7255198448055867,43.266615305567875,15.0,0,0,True,True,1.0,2162,3.0,0.5,0.25757171818986535,0.06572068707991037,0.043137254901960784,0.13793103448275862,0.7675952911376953,classical,tile_00093,synth,"[512, 512]"
275,388,195,80,193,38,85,0.8259028947546297,755,1044,225,530,819,749,1044,254,0.3391188251001335,0.24329501915708812,0.2833240379252649,0.2980132450331126,0.21551724137931033,0.2501389660922735,0.4340162406322595,0.16942892011298105,0.346654513474773,8.42600438423581,481,354,206,0.4282744282744283,0.5819209039548022,0.4934131736526946,0.7476214039051046,1.0,2.23606797749979,0.1650485436893204,0.1650485436893204,172,0.48582523220860574,0.8259028947546297,0.5882352941176471,0.4166666666666667,0.28239845261121854,1.8841461100967805,1.2584048440366984,0.6257412660600822,0.9359379943055995,0.803323788669923,0.8645751466572463,29.410882339705484,10.44030650891055,0,0,True,True,1.0,1794,3.0,0.5,0.35643544094637036,0.272063702720637,0.30280649926144754,0.2469879518072289,0.8028552532196045,classical,tile_00094,synth,"[512, 512]"
103,162,27,76,135,74,48,0.5917305322874647,272,828,0,272,828,265,435,13,0.04905660377358491,0.029885057471264367,0.037142857142857144,0.0,0.0,0.0,0.0,0.0,0.0,0.0,170,274,34,0.2,0.12408759124087591,0.15315315315315317,1.4771167778776928,1.4142135623730951,2.8284271247461903,0.0,0.0,34,0.12057905186235131,0.5917305322874647,0.2037735849056604,0.1134453781512605,0.003787878787878788,3.370120007338303,2.2054558019460044,1.1646642053922984,0.5148261758691206,0.4618140589569161,0.4868813662540443,43.41658669218482,18.681541692269406,0,0,True,True,1.0,1345,3.0,0.5,0.2623924547806382,0.035650623885918005,0.0390625,0.03278688524590164,0.7517566680908203,classical,tile_00095,synth,"[512, 512]"
299,383,269,30,114,5,68,0.8742142282033479,828,1063,509,319,554,828,1063,545,0.6582125603864735,0.5126999059266227,0.5764145954521418,0.6147342995169082,0.47883349012229537,0.538339502908514,0.1554373587281567,0.06657450914414566,0.06202762308636565,5.436939914656182,530,681,470,0.8867924528301887,0.6901615271659325,0.7762180016515277,0.857675889648595,1.0,2.23606797749979,0.48723404255319147,0.48723404255319147,241,0.6896294058261014,0.8742142282033479,0.7888563049853372,0.6513317191283293,0.4923413566739606,0.8988720088615414,0.6898281129603635,0.2090438959011779,0.9860342643823745,0.9029423904711362,0.9426608142353294,26.832815729997478,7.615773105863909,0,0,True,True,1.0,1258,3.0,0.5,0.4479772481136024,0.5707602339181286,0.6455026455026455,0.5115303983228512,0.5307698249816895,classical,tile_00096,synth,"[512, 512]"
272,430,163,109,267,117,141,0.7223424768750007,754,1197,145,609,1052,749,1197,186,0.24833110814419226,0.15538847117794485,0.19116135662898254,0.19230769230769232,0.12113617376775271,0.14864172219374677,0.2833007380894165,0.15182228990633387,0.11850503834701141,3.884224204074689,483,768,288,0.5962732919254659,0.375,0.460431654676259,1.0770812714791071,1.0,2.23606797749979,0.1423611111111111,0.1423611111111111,247,0.3354467912553422,0.7223424768750007,0.46438746438746437,0.30241187384044527,0.10551181102362205,1.9575690067222447,1.4574654548341974,0.5001035518880472,0.8679646238944967,0.7425325176083492,0.8003639879471659,21.93171219946131,12.0,0,0,True,True,1.0,2284,3.0,0.5,0.34076845180243254,0.18932874354561102,0.23809523809523808,0.15714285714285714,0.7834885120391846,classical,tile_00097,synth,"[512, 512]"
205,106,42,163,64,53,45,0.6543698190717597,555,432,11,544,421,539,271,25,0.04638218923933209,0.09225092250922509,0.06172839506172839,0.01981981981981982,0.02546296296296296,0.022289766970618036,0.6393716022827391,0.45008247965002646,0.4568660436216124,2.088984122224932,351,27,14,0.039886039886039885,0.5185185185185185,0.07407407407407407,1.4163162231961566,1.4142135623730951,2.3499999999999996,0.0,0.0,14,0.17674297363996083,0.6543698190717597,0.27009646302250806,0.15613382899628253,0.026402640264026403,2.4724689791411105,1.1007125003190463,1.3717564788220644,0.6155544922521992,0.7561345680950139,0.6786407263760575,49.0,15.297058540778355,0,0,True,True,1.0,1206,3.0,0.5,0.25850626500323415,0.06267806267806267,0.04592901878914405,0.09865470852017937,0.8028867244720459,classical,tile_00098,synth,"[512, 512]"
71,141,18,53,123,44,34,0.6578665354171025,185,623,1,184,622,181,378,6,0.03314917127071823,0.015873015873015872,0.02146690518783542,0.005405405405405406,0.0016051364365971107,0.0024752475247524753,0.026335378667227925,0.026335378667227925,-0.026335378667227925,0.026335378667227925,115,238,31,0.26956521739130435,0.13025210084033614,0.17563739376770543,1.515038204563977,1.4142135623730951,3.0,0.0,0.0,31,0.11171318525950796,0.6578665354171025,0.16981132075471697,0.09278350515463918,0.019230769230769232,3.1075551559681793,2.237604829436009,0.8699503265321706,0.5600782566164882,0.485369206598586,0.5200543281458783,58.52349955359813,24.698178070456937,0,0,True,True,1.0,1013,3.0,0.5,0.23339204397052526,0.024793388429752067,0.03314917127071823,0.019801980198019802,0.7707004547119141,classical,tile_00099,synth,"[512, 512]"
70,123,35,35,88,25,35,0.7300924009795556,179,430,15,164,415,176,328,32,0.18181818181818182,0.0975609756097561,0.12698412698412698,0.08379888268156424,0.03488372093023256,0.04926108374384236,0.17872551101890383,0.12553688555657644,0.013605825420892604,0.5191557012138158,110,206,46,0.41818181818181815,0.22330097087378642,0.29113924050632917,1.5380875825101656,1.4142135623730951,2.6803373379345903,0.043478260869565216,0.043478260869565216,44,0.26480035268688545,0.7300924009795556,0.3626943005181347,0.22151898734177214,0.09659090909090909,2.352778041244214,1.779002626221931,0.5737754150222829,0.718724400234055,0.6565738341968912,0.6862448062223968,51.24451190127583,21.02379604162864,0,0,True,True,1.0,746,3.0,0.5,0.22904717829078436,0.12738853503184713,0.17341040462427745,0.10067114093959731,0.7692470550537109,classical,tile_00100,synth,"[512, 512]"
135,179,103,32,76,18,47,0.8050351211093861,360,605,104,256,501,357,466,157,0.43977591036414565,0.3369098712446352,0.3815309842041312,0.28888888888888886,0.171900826446281,0.21554404145077716,0.3799957056670278,0.28154609321739127,0.2488241884538803,1.6928060047658746,224,142,79,0.35267857142857145,0.5563380281690141,0.43169398907103823,1.1688331042163864,1.0,2.23606797749979,0.31645569620253167,0.31645569620253167,54,0.5281440603456482,0.8050351211093861,0.6560509554140127,0.4881516587677725,0.3029045643153527,1.6496937494237733,1.0774958529036627,0.5721978965201107,0.9377155172413794,0.7934678899082569,0.8595821213707308,28.160255680657446,14.866068747318506,0,0,True,True,1.0,919,3.0,0.5,0.324791815597564,0.37307152875175315,0.3911764705882353,0.35656836461126007,0.5774414539337158,classical,tile_00101,synth,"[512, 512]"
109,183,40,69,143,56,53,0.723733485029612,281,491,23,258,468,277,491,30,0.10830324909747292,0.06109979633401222,0.078125,0.08185053380782918,0.04684317718940937,0.05958549222797928,0.22183380791268495,0.18801307075385454,-0.03541763875038837,0.7606384015371024,173,309,56,0.3236994219653179,0.18122977346278318,0.23236514522821577,1.5187962834859536,1.4142135623730951,2.8284271247461903,0.07142857142857142,0.07142857142857142,52,0.19828314658345533,0.723733485029612,0.273972602739726,0.15873015873015872,0.05415162454873646,2.5806612683036576,1.9281186495632268,0.6525426187404306,0.7298343830184278,0.6283300572958053,0.6752891860315801,86.37129152675674,21.213203435596427,0,0,True,True,1.0,990,3.0,0.5,0.21009928965941072,0.08,0.10902255639097744,0.06318082788671024,0.7159602642059326,classical,tile_00102,synth,"[512, 512]"
97,176,15,82,161,84,52,0.6451096081698869,256,469,3,253,466,245,469,3,0.012244897959183673,0.006396588486140725,0.008403361344537815,0.01171875,0.006396588486140725,0.008275862068965516,0.41053510574894075,0.2089468140931015,0.41053510574894075,0.9459663004097364,160,294,19,0.11875,0.06462585034013606,0.08370044052863436,1.9391456235058326,2.0,3.0,0.0,0.0,19,0.0708911657329546,0.6451096081698869,0.10989010989010989,0.05813953488372093,0.003676470588235294,3.25407840933551,2.3470312683599768,0.9070471409755335,0.6205255140898706,0.47999556278657,0.541288121812925,69.87131027825369,22.847319317591726,0,0,True,True,1.0,981,3.0,0.5,0.1991648986004293,0.00892857142857143,0.012711864406779662,0.006880733944954129,0.7403137683868408,classical,tile_00103,synth,"[512, 512]"
88,133,58,30,75,21,36,0.7395760563552838,229,576,23,206,553,229,349,72,0.314410480349345,0.20630372492836677,0.24913494809688583,0.10043668122270742,0.03993055555555555,0.05714285714285715,0.5749649354695044,0.3567994043860787,0.4916698152145155,1.5093220761263177,142,64,24,0.16901408450704225,0.375,0.23300970873786409,1.2607491837076632,1.2071067811865475,2.739573252659229,0.2916666666666667,0.2916666666666667,17,0.38819376713671006,0.7395760563552838,0.5248868778280543,0.3558282208588957,0.1693121693121693,2.2745938837509367,1.4965769113072531,0.7780169724436838,0.7768903088391906,0.6836644706126472,0.7273021309286065,38.897300677553446,16.419460073979575,0,0,True,True,1.0,881,3.0,0.5,0.26099825371056795,0.23387096774193547,0.2555066079295154,0.21561338289962825,0.5013580322265625,classical,tile_00104,synth,"[512, 512]"
489,131,73,416,58,91,0,0.6962127628081797,1366,346,55,1311,291,1355,346,74,0.05461254612546126,0.2138728323699422,0.08700764256319812,0.04026354319180088,0.15895953757225434,0.06425233644859814,0.27185175262282024,0.2949057225322039,-0.18798407640028375,1.0,878,216,210,0.23917995444191345,0.9722222222222222,0.38391224862888484,0.34186865316001824,0.0,1.4142135623730951,0.047619047619047616,0.047619047619047616,200,0.1639468764032165,0.6962127628081797,0.23548387096774193,0.13345521023765997,0.0472972972972973,1.5861323591900323,0.03587400019010265,1.5502583589999297,0.5576449132492114,1.0,0.7160103159660143,32.57299494980466,16.492422502470642,0,0,True,True,1.0,2276,3.0,0.5,0.28931147139519453,0.08183776022972003,0.05312208760484623,0.178125,0.849128007888794,classical,tile_00105,synth,"[512, 512]"
130,197,82,48,115,50,62,0.7139817831742703,348,832,46,302,786,348,534,94,0.27011494252873564,0.1760299625468165,0.21315192743764172,0.13218390804597702,0.055288461538461536,0.07796610169491526,0.44459431412843503,0.19888472224279585,0.23948277151788222,4.3053957914760925,219,338,122,0.5570776255707762,0.3609467455621302,0.4380610412926391,1.1185803724392338,1.0,2.8284271247461903,0.14754098360655737,0.14754098360655737,104,0.35808260685192755,0.7139817831742703,0.5015290519877675,0.3346938775510204,0.10847457627118644,2.371971694009951,1.559954008721401,0.8120176852885502,0.7954675972964615,0.6752365441290523,0.730437585964066,36.069377593742864,15.297058540778355,0,0,True,True,1.0,1355,3.0,0.5,0.32105199294164777,0.2081081081081081,0.22713864306784662,0.19201995012468828,0.5476927757263184,classical,tile_00106,synth,"[512, 512]"
199,307,113,86,194,62,89,0.7277197466012402,539,976,81,458,895,537,833,115,0.21415270018621974,0.13805522208883553,0.1678832116788321,0.150278293135436,0.08299180327868852,0.10693069306930693,0.3525995563073325,0.22853371272816142,0.192043960280743,4.740094198130834,341,363,144,0.4222873900293255,0.39669421487603307,0.4090909090909091,1.2877747395047867,1.4142135623730951,2.23606797749979,0.10416666666666667,0.10416666666666667,129,0.32502897773098866,0.7277197466012402,0.44664031620553357,0.2875318066157761,0.13452914798206278,2.4523400856214934,1.6402793353788006,0.812060750242693,0.8330964096956442,0.7275668025743842,0.7767637325888155,28.30194339616981,13.0,0,0,True,True,1.0,1762,3.0,0.5,0.2890221453271806,0.16738567730802414,0.19284294234592445,0.14786585365853658,0.7983675003051758,classical,tile_00107,synth,"[512, 512]"
77,115,55,22,60,20,27,0.7824281062645443,195,302,53,142,249,194,302,69,0.3556701030927835,0.22847682119205298,0.2782258064516129,0.2717948717948718,0.17549668874172186,0.21327967806841044,0.18201743361385245,0.12386521375301578,0.056207464600530936,0.9303553197206431,119,188,63,0.5294117647058824,0.3351063829787234,0.41042345276872966,1.5564251774260163,1.4142135623730951,2.8284271247461903,0.12698412698412698,0.12698412698412698,55,0.44826610254739513,0.7824281062645443,0.5729166666666666,0.40145985401459855,0.20754716981132076,1.6611356371363386,1.2811604047440173,0.3799752323923212,0.8428383548541368,0.7325533021320852,0.7838355843436741,48.76474136094644,23.769728648009426,0,0,True,True,1.0,528,3.0,0.5,0.20224006101489067,0.2742616033755274,0.3403141361256545,0.22968197879858657,0.7449345588684082,classical,tile_00108,synth,"[512, 512]"
144,159,139,5,20,1,16,0.9109251859034481,383,529,265,118,264,383,427,322,0.8407310704960835,0.7540983606557377,0.7950617283950616,0.6919060052219321,0.500945179584121,0.581140350877193,0.29986202819678925,0.05988114347158979,0.22696366009435442,5.934718331070444,240,269,209,0.8708333333333333,0.7769516728624535,0.8212180746561886,1.2380493726184445,1.4142135623730951,2.23606797749979,0.7320574162679426,0.7320574162679426,56,0.8357663421820415,0.9109251859034481,0.9174917491749175,0.8475609756097561,0.711864406779661,0.6969300126364197,0.45182897681978307,0.24510103581663667,0.9899145134953414,0.9513588850174216,0.9702538226125079,37.12142238654117,3.0,0,0,True,True,1.0,463,3.0,0.5,0.2562535908073187,0.7656675749318801,0.7741046831955923,0.7574123989218329,0.5287039279937744,classical,tile_00109,synth,"[512, 512]"
194,327,107,87,220,65,91,0.7283131186076581,524,1078,66,458,1012,517,873,100,0.19342359767891681,0.1145475372279496,0.14388489208633093,0.12595419847328243,0.061224489795918366,0.08239700374531835,0.45667751912105975,0.24681700577070242,0.2956024014649702,5.9441008624550085,331,367,140,0.4229607250755287,0.3814713896457766,0.4011461318051576,0.9942480535638882,1.0,2.23606797749979,0.07857142857142857,0.07857142857142857,129,0.2991535650327041,0.7283131186076581,0.4107485604606526,0.2584541062801932,0.1014799154334038,2.558017644254276,1.7563446863747312,0.801672957879545,0.894335861013208,0.7005689499774673,0.7856819175158666,50.08991914547278,14.212670403551895,0,0,True,True,1.0,1906,3.0,0.5,0.3349920357577503,0.13994685562444642,0.1649269311064718,0.12153846153846154,0.7807905673980713,classical,tile_00110,synth,"[512, 512]"
135,220,82,53,138,58,59,0.7458604411808957,355,1048,47,308,1001,355,597,97,0.27323943661971833,0.1624790619765494,0.203781512605042,0.1323943661971831,0.04484732824427481,0.06699928724162507,0.7391923331330813,0.5778000190203971,0.6162289891742414,5.559327912734312,221,378,132,0.5972850678733032,0.3492063492063492,0.4407345575959933,1.3701707807826327,1.4142135623730951,2.8284271247461903,0.14393939393939395,0.14393939393939395,113,0.3445665136723011,0.7458604411808957,0.4619718309859155,0.30036630036630035,0.1305732484076433,2.4795654520229444,1.6692564426684522,0.8103090093544925,0.9018539181186165,0.7194831347541534,0.8004118365747558,33.1058907144937,17.46424919657298,0,0,True,True,1.0,1613,3.0,0.5,0.3006213940680027,0.20800000000000002,0.23493975903614459,0.18660287081339713,0.5690851211547852,classical,tile_00111,synth,"[512, 512]"
92,126,68,24,58,15,27,0.8293828881138197,239,421,69,170,352,239,327,95,0.39748953974895396,0.290519877675841,0.33568904593639576,0.28870292887029286,0.16389548693586697,0.20909090909090908,0.5263988760753338,0.16987692593274434,0.44944000330842077,9.13703744810879,148,97,46,0.3108108108108108,0.4742268041237113,0.37551020408163266,1.2093393760998947,1.0,2.6803373379345903,0.2608695652173913,0.2608695652173913,34,0.5174131779058692,0.8293828881138197,0.6238532110091743,0.4533333333333333,0.3132530120481928,1.656375656881902,1.1487820450947153,0.5075936117871866,0.8773661658621251,0.7741644083107497,0.8225408227839746,42.42640687119285,16.278820596099706,0,0,True,True,1.0,638,3.0,0.5,0.24834042508155107,0.3243243243243243,0.3605150214592275,0.29473684210526313,0.6055455207824707,classical,tile_00112,synth,"[512, 512]"
102,126,94,8,32,5,22,0.8876175622809362,262,326,171,91,155,262,326,183,0.6984732824427481,0.5613496932515337,0.6224489795918368,0.6526717557251909,0.5245398773006135,0.5816326530612245,0.13488413109728198,0.05860284321563054,0.014388419949867786,3.0525853279818698,161,201,121,0.7515527950310559,0.6019900497512438,0.6685082872928176,1.2180300834385358,1.0,2.23606797749979,0.5702479338842975,0.5702479338842975,52,0.7318951829334036,0.8876175622809362,0.8245614035087719,0.7014925373134329,0.52,0.7923547479102165,0.5968576844396898,0.19549706347052673,0.969066988048609,0.8978043555872902,0.9320755452075571,29.0,13.038404810405298,0,0,True,True,1.0,338,3.0,0.5,0.21937547903507948,0.6267605633802817,0.6926070038910506,0.572347266881029,0.8124496936798096,classical,tile_00113,synth,"[512, 512]"
158,239,104,54,135,55,72,0.7335210293475297,424,651,91,333,560,422,651,126,0.2985781990521327,0.1935483870967742,0.23485554520037277,0.21462264150943397,0.13978494623655913,0.16930232558139532,0.26098055025163913,0.17016990833575013,0.11981336735608081,1.7489456809658643,267,413,163,0.6104868913857678,0.3946731234866828,0.47941176470588237,1.1005008594850478,1.0,2.23606797749979,0.12269938650306748,0.12269938650306748,143,0.38431328489744626,0.7335210293475297,0.5239294710327456,0.35494880546075086,0.13428571428571429,1.8205696682908314,1.3516146003126157,0.4689550679782158,0.8397935917436697,0.7528855704353187,0.7939684179741938,41.23105625617661,15.132745950421556,0,0,True,True,1.0,1225,3.0,0.5,0.23542347783222795,0.23647294589178355,0.29873417721518986,0.1956882255389718,0.756340503692627,classical,tile_00114,synth,"[512, 512]"
231,318,183,48,135,17,77,0.8281080187407986,635,1150,223,412,927,632,879,308,0.4873417721518987,0.3503981797497156,0.4076770350761086,0.35118110236220473,0.19391304347826088,0.24985994397759104,0.32508554551278174,0.07268681671462567,0.2278374163714047,7.19126208480006,405,562,355,0.8765432098765432,0.6316725978647687,0.734229576008273,0.9178987778390127,1.0,2.23606797749979,0.30704225352112674,0.30704225352112674,246,0.5520720124938657,0.8281080187407986,0.6666666666666666,0.5,0.32608695652173914,1.456399845538811,1.0109215700850667,0.44547827545374424,0.965904861162808,0.8556701030927835,0.907451988907586,26.1725046566048,10.63014581273465,0,0,True,True,1.0,1768,3.0,0.5,0.33438071701675653,0.3766025641025641,0.3969594594594595,0.35823170731707316,0.7525639533996582,classical,tile_00115,synth,"[512, 512]"
104,148,69,35,79,20,36,0.7921713596451555,275,386,67,208,319,274,386,93,0.33941605839416056,0.24093264248704663,0.2818181818181818,0.24363636363636362,0.17357512953367876,0.2027231467473525,0.5064116316487751,0.3556416030216369,0.41669318892348156,3.039130627820508,172,14,7,0.040697674418604654,0.5,0.07526881720430109,1.3868862760713385,1.0,2.23606797749979,0.2857142857142857,0.2857142857142857,5,0.43380812551996617,0.7921713596451555,0.5476190476190477,0.3770491803278688,0.22926829268292684,1.9487187654728597,1.3651783332200864,0.5835404322527732,0.8284073547231442,0.7180610162743244,0.7692973722287648,48.38388161361178,18.910243742871803,0,0,True,True,1.0,646,3.0,0.5,0.2568307281471789,0.2852459016393442,0.32342007434944237,0.25513196480938416,0.5316600799560547,classical,tile_00116,synth,"[512, 512]"
205,257,174,31,83,6,47,0.8413964193645818,559,663,281,278,382,559,663,309,0.552772808586762,0.4660633484162896,0.5057283142389525,0.5026833631484794,0.4238310708898944,0.4599018003273323,0.6442456320513819,0.29140113519317135,0.5729830926177663,9.1507055531238,355,45,26,0.07323943661971831,0.5777777777777777,0.13,1.1228263579514592,1.0,2.23606797749979,0.2692307692307692,0.2692307692307692,19,0.6337791210798148,0.8413964193645818,0.7532467532467533,0.6041666666666666,0.4528301886792453,1.5349518038562735,0.9232692685279656,0.611682535328308,0.9790629631036972,0.8435480579552411,0.9062676035638004,31.827660925679098,11.180339887498949,0,0,True,True,1.0,793,3.0,0.5,0.32882723677903414,0.47047619047619044,0.475,0.4660377358490566,0.5604379177093506,classical,tile_00117,synth,"[512, 512]"
74,114,54,20,60,8,28,0.8050172698605402,183,319,50,133,269,181,287,65,0.35911602209944754,0.2264808362369338,0.27777777777777785,0.273224043715847,0.15673981191222572,0.19920318725099606,0.19548058662149792,0.0757429788802437,0.08816388914804792,1.1903273751031438,110,132,56,0.509090909090909,0.42424242424242425,0.46280991735537186,1.1922352538340468,1.4142135623730951,2.38415776431139,0.21428571428571427,0.21428571428571427,44,0.46245672949435296,0.8050172698605402,0.574468085106383,0.40298507462686567,0.24503311258278146,1.4844177277826873,1.2087012545117757,0.2757164732709116,0.919273708747393,0.7549083934790289,0.8290226465987495,48.38388161361178,27.51363298439521,0,0,True,True,1.0,526,3.0,0.5,0.21353830117732286,0.29024943310657597,0.3657142857142857,0.24060150375939848,0.9753415584564209,classical,tile_00118,synth,"[512, 512]"
106,130,94,12,36,0,20,0.8803868379134836,274,663,79,195,584,273,343,176,0.6446886446886447,0.5131195335276968,0.5714285714285715,0.28832116788321166,0.1191553544494721,0.16862326574172895,0.9564887135644893,0.7965488868385204,0.9424889617134192,6.359748732289087,169,214,132,0.7810650887573964,0.616822429906542,0.6892950391644909,1.317612453507029,1.4142135623730951,2.8284271247461903,0.5075757575757576,0.5075757575757576,65,0.7013251081683682,0.8803868379134836,0.7966101694915254,0.6619718309859155,0.5526315789473685,1.1647025629939571,0.7547869262512299,0.40991563674272724,0.9880292273410375,0.8996531791907515,0.9417724426895294,29.832867780352597,11.0,0,0,True,True,1.0,892,3.0,0.5,0.24956906912848353,0.5124282982791587,0.50187265917603,0.5234375,0.5654149055480957,classical,tile_00119,synth,"[512, 512]"
93,192,17,76,175,91,45,0.6356850558095231,241,601,3,238,598,234,508,7,0.029914529914529916,0.013779527559055118,0.018867924528301886,0.012448132780082987,0.004991680532445923,0.007125890736342042,0.5326046923981338,0.4667020644110849,0.5326046923981338,0.8315717062983982,149,233,18,0.12080536912751678,0.07725321888412018,0.0942408376963351,1.5984832797080748,1.4142135623730951,3.0,0.0,0.0,18,0.07583611192113608,0.6356850558095231,0.11929824561403508,0.06343283582089553,0.014234875444839857,3.4733325368239507,2.494779095405428,0.9785534414185229,0.6557552209810588,0.4556909008411574,0.5377169104521822,48.84669896727925,21.93171219946131,0,0,True,True,1.0,1105,3.0,0.5,0.1986913662403822,0.021180030257186087,0.03153153153153153,0.015945330296127564,0.6614069938659668,classical,tile_00120,synth,"[512, 512]"
108,143,75,33,68,15,33,0.8342025922460512,280,370,85,195,285,278,370,102,0.3669064748201439,0.2756756756756757,0.3148148148148148,0.30357142857142855,0.22972972972972974,0.26153846153846155,0.38318623866335727,0.25530436108913307,0.28239357813836574,3.1636796769028264,173,13,11,0.06358381502890173,0.8461538461538461,0.11827956989247311,2.055842870793685,2.23606797749979,2.8284271247461903,0.0,0.0,11,0.49852744556536926,0.8342025922460512,0.5976095617529881,0.42613636363636365,0.31413612565445026,1.7513512042881088,1.1859457706427077,0.5654054336454011,0.9091920657958393,0.8337282780410743,0.8698264818641656,39.6232255123179,12.0,0,0,True,True,1.0,592,3.0,0.5,0.20470718713477254,0.31613976705490854,0.3467153284671533,0.290519877675841,0.6347203254699707,classical,tile_00121,synth,"[512, 512]"
183,284,61,122,223,100,89,0.6659135594162601,489,1042,32,457,1010,485,773,45,0.09278350515463918,0.05821474773609314,0.07154213036565978,0.065439672801636,0.030710172744721688,0.041802743305029394,0.7358449154640789,0.19736884358197163,0.594178499854618,10.716564188974942,307,490,94,0.30618892508143325,0.19183673469387755,0.23588456712672523,1.7357078024833386,2.0,3.0,0.05319148936170213,0.05319148936170213,89,0.1739645701258752,0.6659135594162601,0.26124197002141325,0.15024630541871922,0.0400890868596882,2.9759301791533703,1.984483805599743,0.9914463735536272,0.7790932717297141,0.6482587064676617,0.7076796813453163,36.40054944640259,13.892443989449804,0,0,True,True,1.0,1901,3.0,0.5,0.2510390360839665,0.0779467680608365,0.09010989010989011,0.06867671691792294,0.6680209636688232,classical,tile_00122,synth,"[512, 512]"
86,140,44,42,96,32,40,0.7197684911609702,219,721,12,207,709,217,375,43,0.19815668202764977,0.11466666666666667,0.14527027027027026,0.0547945205479452,0.016643550624133148,0.025531914893617023,0.6067193747514762,0.5170721790472963,0.44908506806645104,1.570118073238688,134,236,77,0.5746268656716418,0.326271186440678,0.4162162162162162,1.2390764031812989,1.0,2.8284271247461903,0.07792207792207792,0.07792207792207792,71,0.28026383726621845,0.7197684911609702,0.3893805309734513,0.24175824175824176,0.08653846153846154,2.5972509419327854,1.7762907847588028,0.8209601571739826,0.6987761962287935,0.6079870797239759,0.6502277906700639,50.60632371551998,18.01110255092792,0,0,True,True,1.0,1125,3.0,0.5,0.21816572779789567,0.12627291242362523,0.14691943127962084,0.11071428571428571,0.43651509284973145,classical,tile_00123,synth,"[512, 512]"
115,145,109,6,36,5,31,0.8614379761142564,301,380,200,101,180,301,380,220,0.7308970099667774,0.5789473684210527,0.6461086637298092,0.6644518272425249,0.5263157894736842,0.5873715124816445,0.16450914758005272,0.056438651300702206,0.07041810065022695,1.457250792948435,187,236,155,0.8288770053475936,0.6567796610169492,0.7328605200945627,1.0957257046372808,1.0,2.8284271247461903,0.5483870967741935,0.5483870967741935,70,0.7222826107419534,0.8614379761142564,0.8384615384615385,0.7218543046357616,0.4689265536723164,0.7579676233888464,0.5911055649499762,0.1668620584388702,0.9661025562839863,0.8875849569551427,0.9251808513671059,42.0,13.0,0,0,True,True,1.0,393,3.0,0.5,0.2008461789228022,0.6380368098159509,0.7123287671232876,0.5777777777777777,0.4318695068359375,classical,tile_00124,synth,"[512, 512]"
210,242,202,8,40,4,34,0.8995642401018987,569,663,438,131,225,569,663,461,0.8101933216168717,0.6953242835595776,0.7483766233766234,0.7697715289982425,0.6606334841628959,0.711038961038961,0.11783298797911107,0.04625813589771101,0.04432467996747345,1.620574676459492,360,422,330,0.9166666666666666,0.7819905213270142,0.8439897698209718,1.0062578038358192,1.0,2.23606797749979,0.6636363636363637,0.6636363636363637,111,0.8040352942503696,0.8995642401018987,0.8938053097345132,0.808,0.6142857142857143,0.6362615653428365,0.45881732281489807,0.1774442425279385,0.982984594159577,0.9382973460084107,0.9601212779696888,26.40075756488817,5.0,0,0,True,True,1.0,515,3.0,0.5,0.25702167861163616,0.7418502202643172,0.7958412098298677,0.6947194719471947,0.6773624420166016,classical,tile_00125,synth,"[512, 512]"
160,208,121,39,87,19,46,0.8541638333156691,430,577,181,249,396,430,562,201,0.46744186046511627,0.35765124555160144,0.40524193548387094,0.42093023255813955,0.31369150779896016,0.35948361469712015,0.17367308904706447,0.06516905315656285,0.08377860717766536,2.2986544393125277,271,326,181,0.6678966789667896,0.5552147239263804,0.6063651591289783,1.07917973815062,1.0,2.23606797749979,0.3314917127071823,0.3314917127071823,121,0.5617055642999781,0.8541638333156691,0.657608695652174,0.4898785425101215,0.34798534798534797,1.274561085386253,0.9343203995943128,0.34024068579194033,0.8923407493621022,0.8232612605077161,0.8564102465442887,29.410882339705484,13.0,0,0,True,True,1.0,892,3.0,0.5,0.21818533586338162,0.39913232104121477,0.44987775061124696,0.3586744639376218,0.46070265769958496,classical,tile_00126,synth,"[512, 512]"
98,128,83,15,45,14,32,0.8233787857240867,254,380,123,131,257,254,336,148,0.5826771653543307,0.44047619047619047,0.5016949152542373,0.484251968503937,0.3236842105263158,0.38801261829652994,0.18815342265126137,0.09738423329989486,0.10738379423396584,1.533503239132049,157,209,109,0.6942675159235668,0.5215311004784688,0.5956284153005464,1.398056998217269,1.4142135623730951,2.8284271247461903,0.44036697247706424,0.44036697247706424,61,0.6047826479212319,0.8233787857240867,0.7345132743362832,0.5804195804195804,0.34523809523809523,1.1878193848798555,0.8570972504574885,0.33072213442236703,0.8924867608120035,0.8360430743243243,0.8633433570374867,40.80441152620633,17.08800749063506,0,0,True,True,1.0,509,3.0,0.5,0.1918066330254078,0.5009140767824497,0.556910569105691,0.45514950166112955,0.6383154392242432,classical,tile_00127,synth,"[512, 512]"
122,124,121,1,3,1,3,0.9355510312522892,322,319,284,38,35,322,319,306,0.9503105590062112,0.9592476489028213,0.9547581903276131,0.8819875776397516,0.890282131661442,0.8861154446177848,0.5307755633599442,0.24821534456520675,0.49102636397468785,9.950857973599565,201,13,11,0.05472636815920398,0.8461538461538461,0.102803738317757,1.3753627458629054,1.4142135623730951,2.23606797749979,0.8181818181818182,0.8181818181818182,2,0.9203388193620081,0.9355510312522892,0.983739837398374,0.968,0.9069767441860465,0.618857653750815,0.3233829822749539,0.29547467147586115,0.9868253293667658,0.9603646885406999,0.9734152202565624,29.120439557122072,2.8284271247461903,0,0,True,True,1.0,79,3.0,0.5,0.23288046289235353,0.903010033444816,0.8626198083067093,0.9473684210526315,0.4655284881591797,classical,tile_00128,synth,"[512, 512]"
112,122,112,0,10,0,10,0.9292470577568318,300,326,277,23,49,300,326,287,0.9566666666666667,0.8803680981595092,0.9169329073482428,0.9233333333333333,0.8496932515337423,0.8849840255591054,0.09895379433640375,0.05193350493335179,0.023738015419241556,1.0,189,205,163,0.8624338624338624,0.7951219512195122,0.8274111675126903,1.4068478091005987,1.4142135623730951,2.8284271247461903,0.9202453987730062,0.9202453987730062,13,0.889535645032181,0.9292470577568318,0.9572649572649573,0.9180327868852459,0.7727272727272727,0.41691612585989013,0.28205792002720764,0.1348582058326825,0.9927853206839743,0.961371237458194,0.9768257802063426,32.7566787083184,2.0,0,0,True,True,1.0,95,3.0,0.5,0.19383952720090747,0.9152542372881355,0.9540636042402827,0.8794788273615635,0.44872498512268066,classical,tile_00129,synth,"[512, 512]"
104,175,42,62,133,53,42,0.7205461133089943,269,615,20,249,595,263,472,31,0.11787072243346007,0.06567796610169492,0.08435374149659865,0.07434944237918216,0.032520325203252036,0.04524886877828055,0.28818249635570203,0.25349341009910864,0.11269607715334096,0.693351642520023,166,298,62,0.37349397590361444,0.2080536912751678,0.2672413793103448,1.4535014028622482,1.4142135623730951,2.7988091673838675,0.04838709677419355,0.04838709677419355,59,0.21693861475969722,0.7205461133089943,0.3010752688172043,0.17721518987341772,0.08139534883720931,2.604472260525094,1.928556676768024,0.6759155837570698,0.7477538077163312,0.6285385317822686,0.6829829200500345,46.17358552246078,19.924858845171276,0,0,True,True,1.0,1098,3.0,0.5,0.19813071889802814,0.08936825885978428,0.11507936507936507,0.07304785894206549,0.6952717304229736,classical,tile_00130,synth,"[512, 512]"
223,281,162,61,119,43,76,0.7762129447534737,610,735,204,406,531,609,735,265,0.4351395730706076,0.36054421768707484,0.39434523809523814,0.3344262295081967,0.27755102040816326,0.3033457249070632,0.6100113115486158,0.29524956820928616,0.4523138489766737,11.0,388,42,22,0.05670103092783505,0.5238095238095238,0.10232558139534884,1.3506716655508575,1.4142135623730951,3.0,0.22727272727272727,0.22727272727272727,17,0.4989940359129474,0.7762129447534737,0.6428571428571429,0.47368421052631576,0.2506203473945409,2.0012630937594595,1.1611698335181224,0.8400932602413373,0.925105068429182,0.7676735626348521,0.839068606680355,23.0,12.165525060596439,0,0,True,True,1.0,1134,3.0,0.5,0.2869979343377054,0.3565062388591801,0.35714285714285715,0.35587188612099646,0.46988964080810547,classical,tile_00131,synth,"[512, 512]"
124,195,67,57,128,46,54,0.68374514664842,330,1002,10,320,992,326,528,58,0.17791411042944785,0.10984848484848485,0.1358313817330211,0.030303030303030304,0.00998003992015968,0.015015015015015015,1.1487918256895482,1.0429493252934088,1.0920393686575083,4.179406900622793,207,334,114,0.5507246376811594,0.3413173652694611,0.4214417744916821,0.9009408054568433,1.0,2.23606797749979,0.043859649122807015,0.043859649122807015,109,0.2872158296266091,0.68374514664842,0.4200626959247649,0.26587301587301587,0.08503401360544217,2.7310899617444013,1.7992110298414752,0.9318789319029263,0.7572565133764644,0.6562563622297325,0.7031480410535154,50.0,17.88854381999832,0,0,True,True,1.0,1606,3.0,0.5,0.25612956192344427,0.11981566820276497,0.1266233766233766,0.11370262390670553,0.6965939998626709,classical,tile_00132,synth,"[512, 512]"
112,129,109,3,20,0,16,0.9263544520307357,292,339,232,60,107,292,339,242,0.8287671232876712,0.7138643067846607,0.7670364500792393,0.7945205479452054,0.6843657817109144,0.7353407290015846,0.10884876006395174,0.03854767113317166,0.0299268848929721,4.1781325211239935,181,211,159,0.8784530386740331,0.7535545023696683,0.8112244897959183,1.0694244927393408,1.0,2.23606797749979,0.710691823899371,0.710691823899371,46,0.8379471806751053,0.9263544520307357,0.9045643153526971,0.8257575757575758,0.6620689655172414,0.452831628540494,0.3620232506670895,0.09080837787340451,0.9999508720216164,0.9393157751832745,0.9686853840878112,39.0,7.0,0,0,True,True,1.0,236,3.0,0.5,0.19146337267011404,0.7677100494233937,0.823321554770318,0.7191358024691358,0.4564054012298584,classical,tile_00133,synth,"[512, 512]"
157,202,117,40,85,36,53,0.8204544034442904,418,550,150,268,400,416,550,177,0.4254807692307692,0.32181818181818184,0.36645962732919257,0.3588516746411483,0.2727272727272727,0.30991735537190085,0.16628688786634635,0.06273523604938303,0.07233771064677065,1.4589087891348163,262,349,190,0.7251908396946565,0.5444126074498568,0.6219312602291326,1.1815491498330046,1.0,2.23606797749979,0.2631578947368421,0.2631578947368421,140,0.5347808646405682,0.8204544034442904,0.6518105849582173,0.4834710743801653,0.28214285714285714,1.3628247246685041,0.9831786405221628,0.3796460841463414,0.8620808998485832,0.8340262627094225,0.8478215609555277,38.0,11.40175425099138,0,0,True,True,1.0,933,3.0,0.5,0.20849036425352097,0.36644591611479027,0.4181360201511335,0.32612966601178783,0.7570610046386719,classical,tile_00134,synth,"[512, 512]"
76,128,16,60,112,63,36,0.6372024442337514,197,645,1,196,644,190,337,7,0.03684210526315789,0.020771513353115726,0.02656546489563567,0.005076142131979695,0.0015503875968992248,0.002375296912114014,0.24403532303526543,0.24403532303526543,0.24403532303526543,0.24403532303526543,122,210,20,0.16393442622950818,0.09523809523809523,0.12048192771084339,1.509674265336897,1.2071067811865475,3.0,0.0,0.0,20,0.0999533245856865,0.6372024442337514,0.1568627450980392,0.0851063829787234,0.02,3.3109645231283746,2.2777749705047463,1.0331895526236283,0.6058861508662434,0.4778028592927013,0.5342752996033059,48.703182647543684,25.495097567963924,0,0,True,True,1.0,1032,3.0,0.5,0.20367405703291297,0.027149321266968323,0.03260869565217391,0.023255813953488372,0.6653895378112793,classical,tile_00135,synth,"[512, 512]"
105,143,51,54,92,50,51,0.6753371530118754,272,638,13,259,625,271,373,40,0.14760147601476015,0.10723860589812333,0.12422360248447203,0.04779411764705882,0.02037617554858934,0.02857142857142857,0.34490031034230023,0.23588181812863077,0.24040423288490115,0.9641556066700265,168,231,59,0.35119047619047616,0.2554112554112554,0.2957393483709273,1.198205193268494,1.0,2.8455844122715703,0.06779661016949153,0.06779661016949153,55,0.27775963551294874,0.6753371530118754,0.4112903225806452,0.25888324873096447,0.05084745762711865,2.5051008675373336,1.6012001899893222,0.9039006775480115,0.7915875427269274,0.6744938599402589,0.7283646545180477,30.265491900843113,17.0,0,0,True,True,1.0,1085,3.0,0.5,0.2222950621508062,0.12477718360071305,0.13358778625954199,0.11705685618729098,0.5687520503997803,classical,tile_00136,synth,"[512, 512]"
178,223,147,31,76,5,37,0.8691824429884429,478,582,226,252,356,478,582,263,0.5502092050209205,0.4518900343642612,0.4962264150943396,0.47280334728033474,0.38831615120274915,0.42641509433962266,0.6461139699196234,0.28855616447421994,0.5523952719358645,9.0,301,28,20,0.0664451827242525,0.7142857142857143,0.12158054711246202,1.5446461113496084,1.4142135623730951,3.0,0.35,0.35,13,0.6372559557072375,0.8691824429884429,0.7331670822942643,0.5787401574803149,0.50187265917603,1.4872238501660113,0.9212663249274743,0.565957525238537,0.9670964330743889,0.842502201293978,0.9005100448842047,28.0,9.848857801796104,0,0,True,True,1.0,728,3.0,0.5,0.26468790182843804,0.4595744680851064,0.47161572052401746,0.44813278008298757,0.45145678520202637,classical,tile_00137,synth,"[512, 512]"
151,165,147,4,18,1,13,0.946776684724147,398,439,329,69,110,398,436,342,0.8592964824120602,0.7844036697247706,0.8201438848920862,0.8266331658291457,0.7494305239179955,0.7861409796893668,0.11290214691181655,0.03716584528764819,0.03441777116147618,6.578968037919146,248,270,220,0.8870967741935484,0.8148148148148148,0.8494208494208493,0.8938961105967254,1.0,2.23606797749979,0.7545454545454545,0.7545454545454545,54,0.8808618522433519,0.946776684724147,0.930379746835443,0.8698224852071006,0.7555555555555555,0.37035495133569846,0.28175698570206464,0.08859796563363381,0.9953418215695843,0.9581849024597117,0.9764099917175451,31.304951684997057,2.0,0,0,True,True,1.0,255,3.0,0.5,0.2275187959894538,0.8142493638676845,0.8443271767810027,0.7862407862407862,0.43442606925964355,classical,tile_00138,synth,"[512, 512]"
118,188,62,56,126,64,55,0.6798410041161334,316,950,24,292,926,315,500,60,0.19047619047619047,0.12,0.14723926380368096,0.0759493670886076,0.02526315789473684,0.037914691943127965,0.9158481018992733,0.8758992242984316,0.8627903608553146,2.8535935147039986,199,313,94,0.4723618090452261,0.3003194888178914,0.36718750000000006,1.4391711398201459,1.4142135623730951,3.0,0.07446808510638298,0.07446808510638298,87,0.2754911258509821,0.6798410041161334,0.40522875816993464,0.2540983606557377,0.06993006993006994,2.811140588624086,1.8458073088907234,0.9653332797333625,0.8124857702290424,0.6429444218165661,0.7178402600538181,45.60701700396552,19.0,0,0,True,True,1.0,1487,3.0,0.5,0.2423993358388543,0.14992025518341306,0.16040955631399317,0.1407185628742515,0.4491159915924072,classical,tile_00139,synth,"[512, 512]"
84,134,36,48,98,44,42,0.664284005680821,212,559,12,200,547,209,358,26,0.12440191387559808,0.07262569832402235,0.09171075837742504,0.05660377358490566,0.02146690518783542,0.031128404669260697,0.37392597430502317,0.2935541845243572,0.11405428853561421,1.0269631505795416,129,225,53,0.4108527131782946,0.23555555555555555,0.29943502824858753,1.2462339164639196,1.4142135623730951,2.23606797749979,0.05660377358490566,0.05660377358490566,50,0.21939655233495006,0.664284005680821,0.3302752293577982,0.1978021978021978,0.04807692307692308,2.6668846433814624,1.8727843906296164,0.7941002527518457,0.6437595517065716,0.6276865369018654,0.6356214506121118,46.2709412050371,17.69180601295413,0,0,True,True,1.0,943,3.0,0.5,0.2014618180692196,0.07984031936127745,0.0975609756097561,0.06756756756756757,0.679431676864624,classical,tile_00140,synth,"[512, 512]"
208,343,76,132,267,113,106,0.6694006558561025,563,1144,33,530,1111,559,915,50,0.08944543828264759,0.0546448087431694,0.06784260515603799,0.0586145648312611,0.028846153846153848,0.03866432337434095,0.432025497615899,0.29735957084525955,0.2508416097469456,1.3489433323545235,356,313,88,0.24719101123595505,0.28115015974440893,0.2630792227204783,1.3818948495305887,1.4142135623730951,2.939949493661165,0.045454545454545456,0.045454545454545456,84,0.18466224989133861,0.6694006558561025,0.27586206896551724,0.16,0.03571428571428571,3.209308107273928,2.040680961745968,1.1686271455279602,0.7704346023630207,0.6323652741108868,0.6946052629152276,28.861739379323623,13.341664064126334,0,0,True,True,1.0,2124,3.0,0.5,0.28647744935005903,0.07317073170731708,0.08155339805825243,0.06635071090047394,0.677391767501831,classical,tile_00141,synth,"[512, 512]"
196,210,192,4,18,0,13,0.96376997358626,537,575,482,55,93,537,575,491,0.9143389199255121,0.8539130434782609,0.8830935251798561,0.8975791433891993,0.8382608695652174,0.8669064748201438,0.06470641963190144,0.01346106808936028,0.030242589301916457,2.0,342,366,335,0.97953216374269,0.9153005464480874,0.9463276836158193,0.4051158941244765,0.0,1.4142135623730951,0.8507462686567164,0.8507462686567164,50,0.9115459848697631,0.96376997358626,0.9458128078817734,0.897196261682243,0.8125,0.2667158604257416,0.20231400887567091,0.0644018515500707,0.9976026501612762,0.9734964744919121,0.9854021553042547,30.479501308256342,1.0,0,0,True,True,1.0,220,3.0,0.5,0.2507268930785358,0.8791208791208791,0.9034907597535934,0.8560311284046692,0.4463343620300293,classical,tile_00142,synth,"[512, 512]"
221,221,43,178,178,103,102,0.6219615519125313,593,1064,6,587,1058,580,599,22,0.03793103448275862,0.03672787979966611,0.037319762510602206,0.01011804384485666,0.005639097744360902,0.007242003621001809,0.3845236931626561,0.4391333947460705,0.3845236931626561,0.6333064950594542,373,379,103,0.2761394101876676,0.2717678100263852,0.27393617021276595,1.50012451071049,1.4142135623730951,2.7691912100215452,0.009708737864077669,0.009708737864077669,102,0.12101514358479117,0.6219615519125313,0.19457013574660634,0.10776942355889724,0.013761467889908258,3.343562692549495,1.8976819976059613,1.4458806949435337,0.573262387761889,0.5934940768674056,0.5832028224255784,39.96248240537617,14.035668847618199,0,0,True,True,1.0,2103,3.0,0.5,0.26144589902833104,0.0345572354211663,0.0311284046692607,0.038834951456310676,0.6820428371429443,classical,tile_00143,synth,"[512, 512]"
318,340,313,5,27,0,21,0.9400009397209584,886,946,797,89,149,886,946,815,0.9198645598194131,0.861522198731501,0.8897379912663755,0.899548532731377,0.8424947145877378,0.8700873362445415,0.11973266420406767,0.058308662535604516,0.047530259761025546,2.1836008691813857,569,607,530,0.9314586994727593,0.8731466227347611,0.9013605442176872,1.0697716570007403,1.0,2.23606797749979,0.8509433962264151,0.8509433962264151,79,0.8942866083059574,0.9400009397209584,0.9513677811550152,0.9072463768115943,0.8227146814404432,0.42286147804532903,0.27857291278333995,0.14428856526198908,0.9965565659267184,0.9686360800026274,0.9823979827317568,27.294688127912362,1.4142135623730951,0,0,True,True,1.0,349,3.0,0.5,0.3248392269015312,0.8776371308016877,0.8954489544895449,0.8605200945626478,0.46951794624328613,classical,tile_00144,synth,"[512, 512]"
139,205,112,27,93,11,44,0.8133981900191759,360,755,120,240,635,359,545,167,0.46518105849582175,0.30642201834862387,0.3694690265486726,0.3333333333333333,0.15894039735099338,0.21524663677130046,0.38712883910156226,0.1369993005804663,0.26188908073836714,7.309910909188645,222,341,152,0.6846846846846847,0.44574780058651026,0.5399644760213144,1.395336093557688,1.4142135623730951,2.8284271247461903,0.3026315789473684,0.3026315789473684,106,0.5296546353613238,0.8133981900191759,0.6511627906976745,0.4827586206896552,0.31800766283524906,1.7099928950495904,1.2267570919474586,0.4832358031021318,0.9724404378622021,0.8114943297762018,0.8847071268361728,33.06055050963308,14.317821063276353,0,0,True,True,1.0,1101,3.0,0.5,0.2667816961184144,0.3548795944233207,0.4046242774566474,0.3160270880361174,0.5189640522003174,classical,tile_00145,synth,"[512, 512]"
85,115,64,21,51,11,27,0.849671398299571,217,303,90,127,213,214,303,97,0.4532710280373832,0.3201320132013201,0.37524177949709864,0.4147465437788018,0.297029702970297,0.34615384615384615,0.13850163930126447,0.0407940510691656,0.07934620867758396,1.3090348384187929,133,189,103,0.7744360902255639,0.544973544973545,0.639751552795031,1.1491022656500294,1.0,2.23606797749979,0.3592233009708738,0.3592233009708738,66,0.5437896949117255,0.849671398299571,0.64,0.47058823529411764,0.30718954248366015,1.1839685341722253,0.9426739277337732,0.24129460643845194,0.8716985778489196,0.8137853740543569,0.8417470275363883,51.419840528729765,19.235384061671343,0,0,True,True,1.0,478,3.0,0.5,0.2068666322156787,0.36947791164658633,0.4444444444444444,0.3161512027491409,0.7049858570098877,classical,tile_00146,synth,"[512, 512]"
100,158,37,63,121,55,45,0.6917406981868148,260,531,12,248,519,256,408,20,0.078125,0.049019607843137254,0.060240963855421686,0.046153846153846156,0.022598870056497175,0.03034134007585335,0.39337116880096595,0.37782651144479773,0.28834130597760216,1.2736760885801917,161,112,22,0.13664596273291926,0.19642857142857142,0.16117216117216118,1.3510701661074547,1.4142135623730951,2.23606797749979,0.0,0.0,22,0.19840624676676086,0.6917406981868148,0.2868217054263566,0.167420814479638,0.06172839506172839,2.780936979602163,1.891275343981829,0.889661635620334,0.7286393910561371,0.6084626596930464,0.6631503729887008,44.04543109109048,19.697715603592208,0,0,True,True,1.0,973,3.0,0.5,0.25052221212536097,0.06112054329371816,0.07377049180327869,0.05217391304347826,0.7348284721374512,classical,tile_00147,synth,"[512, 512]"
201,238,191,10,47,3,36,0.9067177766328206,544,648,398,146,250,544,648,418,0.7683823529411765,0.6450617283950617,0.7013422818791946,0.7316176470588235,0.6141975308641975,0.6677852348993287,0.10403473607155621,0.029326605942032347,0.05092775043441653,1.4883407137680542,344,411,331,0.9622093023255814,0.805352798053528,0.8768211920529801,0.5237851150568509,0.0,1.4142135623730951,0.6102719033232629,0.6102719033232629,129,0.7889890448148917,0.9067177766328206,0.8701594533029613,0.7701612903225806,0.5848375451263538,0.5546578628575849,0.43993842244427117,0.11471944041331376,0.9823641757080743,0.9306080130341405,0.9557859534097033,31.0,6.0,0,0,True,True,1.0,582,3.0,0.5,0.29340916173532605,0.6865401987353207,0.7480314960629921,0.6343906510851419,0.7564589977264404,classical,tile_00148,synth,"[512, 512]"
137,227,69,68,158,61,67,0.7197172905600433,364,594,36,328,558,360,594,51,0.14166666666666666,0.08585858585858586,0.10691823899371068,0.0989010989010989,0.06060606060606061,0.07515657620041755,0.5265314239050435,0.22912580471918653,0.4310568521155393,5.436939914656182,228,100,34,0.14912280701754385,0.34,0.20731707317073172,1.4853769234920249,1.4142135623730951,2.4433936790360287,0.058823529411764705,0.058823529411764705,32,0.2728598519156208,0.7197172905600433,0.3791208791208791,0.23389830508474577,0.08656716417910448,2.6324781671040984,1.7909070323535992,0.8415711347504995,0.8064772252402842,0.6651360734684735,0.7290190913723632,31.953090617340916,17.204650534085253,0,0,True,True,1.0,1144,3.0,0.5,0.26336517091840506,0.11214953271028039,0.13753581661891118,0.09467455621301775,0.7361693382263184,classical,tile_00149,synth,"[512, 512]"
134,117,49,85,68,45,44,0.7033333561739933,356,355,26,330,329,352,302,44,0.125,0.1456953642384106,0.13455657492354742,0.07303370786516854,0.07323943661971831,0.07313642756680731,0.37142346859591513,0.18282257083887515,0.11538062497845157,1.653764153495835,223,141,34,0.15246636771300448,0.24113475177304963,0.1868131868131868,1.6616541967385103,2.0,2.8884776310850233,0.14705882352941177,0.14705882352941177,29,0.2746082426496069,0.7033333561739933,0.3904382470119522,0.24257425742574257,0.08658008658008658,2.281071063134892,1.3766425627249044,0.9044285004099876,0.6783825674690007,0.6994581280788177,0.6887591610501997,47.20169488482379,21.404433358760205,0,0,True,True,1.0,841,3.0,0.5,0.22997603798285127,0.1322033898305085,0.12074303405572756,0.14606741573033707,0.7897515296936035,classical,tile_00150,synth,"[512, 512]"
119,154,93,26,61,18,38,0.8029281964317859,313,413,127,186,286,312,413,154,0.4935897435897436,0.3728813559322034,0.42482758620689653,0.4057507987220447,0.3075060532687651,0.3498622589531681,0.1974102412758248,0.1196512387427008,0.07533785599765812,1.1046073821902884,195,260,116,0.5948717948717949,0.4461538461538462,0.5098901098901099,1.6389133686437236,1.4142135623730951,2.8284271247461903,0.3706896551724138,0.3706896551724138,73,0.5470499799864915,0.8029281964317859,0.6813186813186813,0.5166666666666667,0.3062200956937799,1.3934271184081402,1.0065338200548577,0.38689329835328257,0.8598340995402758,0.8287298287298287,0.8439954852974872,40.11234224026316,13.036484569885062,0,0,True,True,1.0,632,3.0,0.5,0.22581310803070664,0.41982507288629745,0.48322147651006714,0.3711340206185567,0.7375164031982422,classical,tile_00151,synth,"[512, 512]"
94,151,49,45,102,38,44,0.6989836765606402,241,404,25,216,379,238,404,41,0.1722689075630252,0.10148514851485149,0.1277258566978193,0.1037344398340249,0.06188118811881188,0.07751937984496124,0.34446282980626014,0.19197927064415635,0.2530750128482829,1.6097117616647998,148,254,50,0.33783783783783783,0.1968503937007874,0.24875621890547267,1.5151720301017422,1.4142135623730951,2.8284271247461903,0.04,0.04,48,0.2795934706242561,0.6989836765606402,0.4,0.25,0.06986899563318777,2.303547570699357,1.7028853639869936,0.6006622067123637,0.6999195494770716,0.6463312563935646,0.6720588464129075,42.04759208325728,21.213203435596427,0,0,True,True,1.0,790,3.0,0.5,0.20536809088662267,0.12292358803986711,0.16228070175438597,0.09893048128342247,0.7292947769165039,classical,tile_00152,synth,"[512, 512]"
160,298,58,102,240,94,88,0.6589728395521831,431,804,18,413,786,425,804,25,0.058823529411764705,0.03109452736318408,0.04068348250610252,0.04176334106728538,0.022388059701492536,0.029149797570850202,0.3659336984667736,0.24434691692070332,0.16697612528803812,2.469368942829705,272,346,65,0.23897058823529413,0.18786127167630057,0.21035598705501618,1.74841762038593,2.0,3.0,0.0,0.0,65,0.1669014178778455,0.6589728395521831,0.25327510917030566,0.145,0.026905829596412557,2.8987272912660815,2.057828351001084,0.8408989402649975,0.8363450142658571,0.6514709629923267,0.732421885724997,37.0,15.556349186104045,0,0,True,True,1.0,1606,3.0,0.5,0.26139709865674376,0.035414725069897485,0.04785894206549118,0.028106508875739646,0.7420125007629395,classical,tile_00153,synth,"[512, 512]"
84,123,61,23,62,12,33,0.8006524341195098,210,318,60,150,258,209,318,84,0.4019138755980861,0.2641509433962264,0.31878557874762803,0.2857142857142857,0.18867924528301888,0.2272727272727273,0.3751081175915686,0.28040984227433763,0.2515875404663444,3.527677026573418,127,11,8,0.06299212598425197,0.7272727272727273,0.11594202898550723,1.1338834764831844,1.2071067811865475,2.3334523779156062,0.25,0.25,6,0.4718821109303391,0.8006524341195098,0.5893719806763285,0.4178082191780822,0.2469879518072289,1.7658823624847337,1.3007870501706718,0.465095312314062,0.8922802718057258,0.7558845299777942,0.818438608969781,52.15361924162119,21.02379604162864,0,0,True,True,1.0,499,3.0,0.5,0.24654543912038207,0.29227557411273486,0.35353535353535354,0.2491103202846975,0.7180864810943604,classical,tile_00154,synth,"[512, 512]"
604,114,3,601,111,58,163,0.5579326617892674,1697,565,0,1697,565,1683,293,0,0.0,0.0,0.0,0.0,0.0,0.0,0.0,0.0,0.0,0.0,1094,180,86,0.07861060329067641,0.4777777777777778,0.13500784929356358,1.5962158409657556,1.4142135623730951,2.8284271247461903,0.0,0.0,86,0.004662389931386636,0.5579326617892674,0.008356545961002786,0.004195804195804196,0.0,3.774333601189195,0.9068734987813221,2.8674601024078727,0.42779209276109187,0.7899064893567032,0.5550072162846332,36.6742416417845,14.142135623730951,0,0,True,True,1.0,3060,3.0,0.5,0.3350438862107694,0.0,0.0,0.0,1.0025112628936768,classical,tile_00155,synth,"[512, 512]"
187,245,143,44,102,18,59,0.8040169144653367,504,643,185,319,458,502,643,218,0.4342629482071713,0.3390357698289269,0.3807860262008734,0.36706349206349204,0.28771384136858474,0.3225806451612903,0.5415659506531835,0.29385374214093024,0.3996551939749047,4.306504434894379,318,49,29,0.09119496855345911,0.5918367346938775,0.15803814713896458,1.3776153317109878,1.0,2.23606797749979,0.20689655172413793,0.20689655172413793,23,0.5322889757802924,0.8040169144653367,0.6620370370370371,0.49480968858131485,0.3211009174311927,1.8049276475865386,1.1211750933785423,0.6837525542079963,0.9524744406578752,0.8057007594437321,0.872961215861132,26.0,12.649110640673518,0,0,True,True,1.0,946,3.0,0.5,0.3362955623306334,0.3584905660377358,0.37254901960784315,0.34545454545454546,0.5658190250396729,classical,tile_00156,synth,"[512, 512]"
281,341,264,17,77,0,50,0.8933344437484216,768,936,572,196,364,768,936,589,0.7669270833333334,0.6292735042735043,0.6913145539906103,0.7447916666666666,0.6111111111111112,0.6713615023474179,0.176897700152352,0.07121884580618132,0.06301370952221554,9.99663485899472,488,596,432,0.8852459016393442,0.7248322147651006,0.7970479704797047,1.1245259301575492,1.0,2.23606797749979,0.6087962962962963,0.6087962962962963,169,0.7583289168796891,0.8933344437484216,0.8488745980707395,0.7374301675977654,0.5907928388746803,0.7875779640825986,0.5740904963259983,0.21348746775660027,0.9991590659162947,0.9240643541761753,0.9601456256401236,21.02379604162864,7.211102550927978,0,0,True,True,1.0,823,3.0,0.5,0.337427887134254,0.6967160334835801,0.758765778401122,0.6440476190476191,0.5790424346923828,classical,tile_00157,synth,"[512, 512]"
182,174,124,58,50,27,30,0.8364068641077348,489,448,186,303,262,488,448,218,0.44672131147540983,0.48660714285714285,0.4658119658119659,0.3803680981595092,0.41517857142857145,0.3970117395944504,0.49310387640364384,0.23773328181985598,0.3186276219796202,11.718893435871019,308,44,29,0.09415584415584416,0.6590909090909091,0.16477272727272727,1.2641051224868283,1.0,2.23606797749979,0.2413793103448276,0.2413793103448276,22,0.582665455895276,0.8364068641077348,0.6966292134831461,0.5344827586206896,0.3798449612403101,1.4017715334546768,0.7605789479939083,0.6411925854607684,0.9160045402951191,0.8507755667603248,0.8821859367925914,26.076809620810597,11.0,0,0,True,True,1.0,695,3.0,0.5,0.2675315639935434,0.4433617539585871,0.4099099099099099,0.4827586206896552,0.5945794582366943,classical,tile_00158,synth,"[512, 512]"
83,121,63,20,58,10,27,0.7950407606365645,215,599,47,168,552,215,312,91,0.4232558139534884,0.2916666666666667,0.3453510436432638,0.2186046511627907,0.07846410684474124,0.11547911547911548,0.7755255551306177,0.7003405720553361,0.7208590151674409,1.664265412204906,133,192,68,0.5112781954887218,0.3541666666666667,0.41846153846153844,1.3978322334590205,1.4142135623730951,2.8284271247461903,0.29411764705882354,0.29411764705882354,48,0.4910545874519957,0.7950407606365645,0.6176470588235294,0.44680851063829785,0.275,1.8142273231835144,1.2810396570280496,0.5331876661554648,0.9386612939332886,0.740478146210713,0.8278742768282105,63.12685640834652,27.0,0,0,True,True,1.0,846,3.0,0.5,0.23733673337846994,0.32599118942731276,0.357487922705314,0.29959514170040485,0.5001547336578369,classical,tile_00159,synth,"[512, 512]"
71,122,33,38,89,35,32,0.7301570515407552,181,318,13,168,305,177,318,26,0.14689265536723164,0.08176100628930817,0.10505050505050503,0.0718232044198895,0.040880503144654086,0.05210420841683366,0.21646134842309286,0.148846262760417,0.11308408461260919,1.023150761345896,111,196,35,0.3153153153153153,0.17857142857142858,0.2280130293159609,1.7674030448135847,2.0,3.0,0.02857142857142857,0.02857142857142857,34,0.2496910124439888,0.7301570515407552,0.34196891191709844,0.20625,0.08426966292134831,2.366536860801456,1.8314370403036455,0.5350998204978102,0.7531094890510949,0.611433971178833,0.6749169067072173,51.40038910358559,26.40075756488817,0,0,True,True,1.0,634,3.0,0.5,0.19185047689825296,0.10041841004184099,0.13872832369942195,0.07868852459016394,0.7258305549621582,classical,tile_00160,synth,"[512, 512]"
125,212,50,75,162,61,60,0.6435464976404413,334,1084,3,331,1081,328,578,33,0.10060975609756098,0.05709342560553633,0.0728476821192053,0.008982035928143712,0.0027675276752767526,0.0042313117066290545,0.4976949353147384,0.09934996224909255,0.4314616271486767,1.3937348436951227,210,367,80,0.38095238095238093,0.21798365122615804,0.2772963604852686,1.181449510224598,1.0,2.8284271247461903,0.025,0.025,78,0.1909633524155612,0.6435464976404413,0.29673590504451036,0.17421602787456447,0.021212121212121213,3.220561022062567,2.1049499957210145,1.1156110263415522,0.6860686198254257,0.5645684101004442,0.6194166023336208,39.0,17.69180601295413,0,0,True,True,1.0,1727,3.0,0.5,0.2884371508844197,0.07027818448023425,0.0761904761904762,0.06521739130434782,0.7535669803619385,classical,tile_00161,synth,"[512, 512]"
207,260,162,45,98,20,53,0.8184236728086608,568,1210,122,446,1088,568,720,288,0.5070422535211268,0.4,0.4472049689440994,0.2147887323943662,0.10082644628099173,0.1372328458942632,0.6927354795497384,0.15514813336309546,0.6279548445264654,5.45284415086162,362,461,309,0.8535911602209945,0.6702819956616052,0.7509113001215065,0.7895811390062417,1.0,2.23606797749979,0.33980582524271846,0.33980582524271846,204,0.567814282633846,0.8184236728086608,0.6937901498929336,0.5311475409836065,0.3775811209439528,1.7684969076832484,1.0269723337071595,0.7415245739760888,0.9159537572254335,0.8377024722932651,0.8750822584477004,29.614185789921695,9.219544457292887,0,0,True,True,1.0,1881,3.0,0.5,0.3634366299957037,0.3528205128205128,0.3202979515828678,0.3926940639269406,0.5131137371063232,classical,tile_00162,synth,"[512, 512]"
100,133,81,19,52,4,27,0.8771669770112385,262,346,128,134,218,259,346,137,0.528957528957529,0.3959537572254335,0.4528925619834711,0.48854961832061067,0.3699421965317919,0.42105263157894735,0.2896421971627571,0.14033512744761142,0.1745735069618617,2.7777838635504857,160,137,80,0.5,0.583941605839416,0.5387205387205387,1.2868189262775698,1.4142135623730951,3.0,0.3125,0.3125,55,0.6098757522567408,0.8771669770112385,0.6952789699570815,0.5328947368421053,0.42073170731707316,1.1575121593769735,0.8608446939293225,0.296667465447651,0.9310750160290661,0.8235043140229449,0.8739921635303773,38.01315561749642,16.401219466856727,0,0,True,True,1.0,478,3.0,0.5,0.23382484493777156,0.44991212653778556,0.5182186234817814,0.39751552795031053,0.5549731254577637,classical,tile_00163,synth,"[512, 512]"
112,155,85,27,70,8,42,0.8327518234838207,293,634,75,218,559,292,415,127,0.4349315068493151,0.3060240963855422,0.3592644978783593,0.25597269624573377,0.11829652996845426,0.16181229773462782,0.3011862788990461,0.09956731166773386,0.2611297006078012,1.4794147714315264,182,261,142,0.7802197802197802,0.5440613026819924,0.6410835214446953,1.1001634692961124,1.0,2.23606797749979,0.2887323943661972,0.2887323943661972,101,0.5302165168249046,0.8327518234838207,0.6367041198501873,0.46703296703296704,0.3217821782178218,1.4581619780010495,1.0160216133186135,0.4421403646824359,0.914833215046132,0.8365949119373777,0.8739665661268815,39.0,10.44030650891055,0,0,True,True,1.0,975,3.0,0.5,0.25857352185994387,0.3371150729335495,0.3674911660777385,0.31137724550898205,0.5367417335510254,classical,tile_00164,synth,"[512, 512]"
137,155,132,5,23,4,16,0.926368102330381,363,413,287,76,126,363,413,307,0.8457300275482094,0.7433414043583535,0.7912371134020618,0.790633608815427,0.6949152542372882,0.7396907216494845,0.10210401296090424,0.04068625335895363,0.028622322024677713,1.7629296691988527,227,259,199,0.8766519823788547,0.7683397683397684,0.8189300411522634,0.9473336548381903,1.0,2.23606797749979,0.7487437185929648,0.7487437185929648,50,0.8375382842987006,0.926368102330381,0.9041095890410958,0.825,0.6878612716763006,0.48320578482780113,0.3596747487078684,0.12353103611993273,0.9832437713727405,0.9368981481481482,0.9595116477715129,34.828149534535996,5.656854249492381,0,0,True,True,1.0,280,3.0,0.5,0.25072363018989563,0.7783933518005539,0.8264705882352941,0.7356020942408377,0.513538122177124,classical,tile_00165,synth,"[512, 512]"
171,255,111,60,144,71,80,0.6939988422794715,464,1113,72,392,1041,464,695,139,0.2995689655172414,0.2,0.23986194995685936,0.15517241379310345,0.0646900269541779,0.0913126188966392,0.44494710734985016,0.25362384525733117,0.20630360224198532,2.805348188300009,294,441,156,0.5306122448979592,0.35374149659863946,0.42448979591836733,1.4854653894127972,1.4142135623730951,2.8284271247461903,0.16666666666666666,0.16666666666666666,130,0.3616613685118372,0.6939988422794715,0.5211267605633803,0.3523809523809524,0.109375,2.473866671606162,1.5725638729851814,0.9013027986209803,0.8892630744849446,0.6972488369943621,0.7816362927757895,32.7566787083184,17.0,0,0,True,True,1.0,1767,3.0,0.5,0.3365316432900727,0.2316017316017316,0.24263038548752835,0.22153209109730848,0.5583300590515137,classical,tile_00166,synth,"[512, 512]"
115,152,48,67,104,39,37,0.7464891402536038,292,404,37,255,367,285,404,47,0.1649122807017544,0.11633663366336634,0.13642960812772134,0.1267123287671233,0.09158415841584158,0.10632183908045977,0.29976903131629046,0.27056273415339477,0.00022882993528633582,1.1155498369203212,178,253,71,0.398876404494382,0.28063241106719367,0.3294663573085847,1.3029491282865961,1.0,3.0,0.09859154929577464,0.09859154929577464,64,0.26840058975410475,0.7464891402536038,0.3595505617977528,0.2191780821917808,0.08979591836734693,2.143091637428028,1.6072798450780708,0.5358117923499575,0.754920019389239,0.6883954464788122,0.7201246243013079,45.45327270945405,22.135943621178654,0,0,True,True,1.0,857,3.0,0.5,0.20330244163051248,0.1279251170046802,0.15413533834586465,0.10933333333333334,0.7488815784454346,classical,tile_00167,synth,"[512, 512]"
174,199,153,21,46,4,27,0.9076909384480429,467,642,277,190,365,467,539,315,0.6745182012847966,0.5844155844155844,0.6262425447316102,0.5931477516059958,0.43146417445482865,0.4995491433724075,0.22188226473579936,0.06923729267304218,0.12468863986402183,3.0,294,341,234,0.7959183673469388,0.6862170087976539,0.737007874015748,1.2910531023189453,1.4142135623730951,2.23606797749979,0.5170940170940171,0.5170940170940171,113,0.7446472578152845,0.9076909384480429,0.8203753351206434,0.6954545454545454,0.6008583690987125,0.8403129140584997,0.5592661437190267,0.281046770339473,0.9794090566669457,0.9276496048921892,0.9528269295105282,28.844410203711913,6.324555320336759,0,0,True,True,1.0,735,3.0,0.5,0.2736567300744355,0.628696604600219,0.6449438202247191,0.6132478632478633,0.5095634460449219,classical,tile_00168,synth,"[512, 512]"
155,181,148,7,33,6,27,0.8949611331069837,416,490,306,110,184,415,490,326,0.7855421686746988,0.6653061224489796,0.7204419889502763,0.7355769230769231,0.6244897959183674,0.6754966887417219,0.12717561266799698,0.045462973233940704,0.06440548691604864,3.5211407595791204,262,310,237,0.9045801526717557,0.7645161290322581,0.8286713286713286,1.0365650267659272,1.0,2.23606797749979,0.6497890295358649,0.6497890295358649,83,0.788418141070438,0.8949611331069837,0.8809523809523809,0.7872340425531915,0.5774647887323944,0.6409269005477012,0.4796661372533414,0.16126076329435984,0.9621332365879098,0.9286294286080602,0.94508449334634,31.622776601683793,6.708203932499369,0,0,True,True,1.0,417,3.0,0.5,0.2618133267387748,0.72046783625731,0.7777777777777778,0.6710239651416122,1.1499204635620117,classical,tile_00169,synth,"[512, 512]"
254,300,243,11,57,2,43,0.8931513333021754,704,829,535,169,294,704,829,562,0.7982954545454546,0.6779252110977081,0.7332028701891716,0.7599431818181818,0.6453558504221955,0.6979778212654925,0.14008132516146457,0.05960921382094791,0.05742597178497997,2.207160856480262,451,530,394,0.8736141906873615,0.7433962264150943,0.8032619775739042,1.0784099304284873,1.0,2.23606797749979,0.6776649746192893,0.6776649746192893,127,0.7835226497921611,0.8931513333021754,0.8772563176895307,0.7813504823151125,0.6057971014492753,0.6926713814762381,0.4998754834457489,0.19279589803048916,0.9932509641479789,0.9312887548181665,0.9612723962072578,26.870057685088806,6.0,0,0,True,True,1.0,658,3.0,0.5,0.46149752102792263,0.7248908296943231,0.778125,0.6784741144414169,0.5422985553741455,classical,tile_00170,synth,"[512, 512]"
77,119,39,38,80,26,30,0.7486106394224578,199,308,18,181,290,197,308,32,0.16243654822335024,0.1038961038961039,0.12673267326732673,0.09045226130653267,0.05844155844155844,0.07100591715976332,0.4141145541062591,0.3920630525267619,0.2564285405524572,0.9023156299288693,123,14,2,0.016260162601626018,0.14285714285714285,0.029197080291970802,1.2071067811865475,1.2071067811865475,1.3935028842544404,0.0,0.0,2,0.2979164789538352,0.7486106394224578,0.3979591836734694,0.2484076433121019,0.12643678160919541,2.312888920457485,1.6399106451798535,0.6729782752776313,0.7625696751309048,0.6625883345638646,0.7090719311076373,51.31276644267,25.238858928247925,0,0,True,True,1.0,591,3.0,0.5,0.23327172501012683,0.1226215644820296,0.15104166666666666,0.10320284697508897,0.766998291015625,classical,tile_00171,synth,"[512, 512]"
508,121,33,475,88,85,62,0.6157794032517554,1420,464,6,1414,458,1411,309,12,0.008504606661941885,0.038834951456310676,0.013953488372093021,0.004225352112676056,0.01293103448275862,0.006369426751592356,0.31935498103967846,0.2273076801557961,0.2841279476336929,0.9931479003371158,913,50,34,0.03723986856516977,0.68,0.07061266874350985,1.1304742939369772,1.0,2.23606797749979,0.0,0.0,34,0.06461278317109038,0.6157794032517554,0.10492845786963434,0.05536912751677853,0.004792332268370607,2.7902531732318945,0.5457822882420607,2.244470884989834,0.4809037493005036,0.8591341423417513,0.6166405185720238,28.231188426986208,18.24828759089466,0,0,True,True,1.0,2469,3.0,0.5,0.2903589620254934,0.013937282229965157,0.008488964346349746,0.038910505836575876,0.7963049411773682,classical,tile_00172,synth,"[512, 512]"
233,273,213,20,60,5,37,0.8989385286890748,640,970,383,257,587,640,752,485,0.7578125,0.6449468085106383,0.69683908045977,0.5984375,0.39484536082474225,0.47577639751552797,0.25109201720822444,0.0564762247381013,0.18702263189078497,6.038031690772231,408,480,380,0.9313725490196079,0.7916666666666666,0.8558558558558558,0.8846058963351159,1.0,2.23606797749979,0.631578947368421,0.631578947368421,140,0.7568138601216321,0.8989385286890748,0.841897233201581,0.726962457337884,0.6063492063492063,0.9911309084938469,0.6321973673047571,0.3589335411890898,0.9875862068965517,0.9267522701475596,0.9562026466928786,25.0,5.656854249492381,0,0,True,True,1.0,1064,3.0,0.5,0.328542429022491,0.6428571428571429,0.640728476821192,0.645,0.5127575397491455,classical,tile_00173,synth,"[512, 512]"
212,320,158,54,162,47,93,0.7753540830177185,570,873,164,406,709,569,871,193,0.3391915641476274,0.22158438576349024,0.2680555555555555,0.28771929824561404,0.18785796105383734,0.2273042273042273,0.1981526930493385,0.09375581012147749,0.022508797200804707,1.6668093967859632,359,552,252,0.7019498607242339,0.45652173913043476,0.5532381997804611,1.105592187075812,1.0,2.23606797749979,0.1349206349206349,0.1349206349206349,218,0.46054866585262977,0.7753540830177185,0.5939849624060151,0.42245989304812837,0.1981981981981982,1.4998514346258538,1.1815638617179056,0.31828757290794824,0.9415204678362573,0.8060834282044546,0.8685538503977241,28.284271247461902,12.727922061357855,0,0,True,True,1.0,1549,3.0,0.5,0.2705366970039904,0.2774390243902439,0.3408239700374532,0.23393316195372751,0.7488176822662354,classical,tile_00174,synth,"[512, 512]"
261,432,141,120,291,125,138,0.6984616557369973,716,1178,94,622,1084,710,1178,124,0.17464788732394365,0.10526315789473684,0.1313559322033898,0.13128491620111732,0.07979626485568761,0.0992608236536431,0.321308374864138,0.16378959986747965,0.18398673561901338,2.5101483533039755,456,592,200,0.43859649122807015,0.33783783783783783,0.3816793893129771,1.0862037333226915,1.0,2.8284271247461903,0.06,0.06,188,0.28422249194492527,0.6984616557369973,0.4069264069264069,0.2554347826086957,0.07441860465116279,2.440180611798567,1.7111646922343935,0.7290159195641738,0.8786384118864937,0.7284335633425828,0.7965165457743919,33.97057550292606,11.180339887498949,0,0,True,True,1.0,2305,3.0,0.5,0.31005648197606206,0.1312462372065021,0.1679506933744222,0.10770750988142293,0.8022439479827881,classical,tile_00175,synth,"[512, 512]"
132,200,83,49,117,23,46,0.8157829987875043,344,544,94,250,450,338,544,109,0.3224852071005917,0.20036764705882354,0.2471655328798186,0.27325581395348836,0.17279411764705882,0.21171171171171171,0.19169629114453532,0.10793402057080001,0.09357104692339542,1.844524115639122,213,345,143,0.6713615023474179,0.4144927536231884,0.5125448028673835,1.3022296100213575,1.0,2.8284271247461903,0.1958041958041958,0.1958041958041958,115,0.40789149939375213,0.8157829987875043,0.5,0.3333333333333333,0.20727272727272728,1.663447389247228,1.3101668732782805,0.3532805159689474,0.839028901734104,0.7811431989063568,0.8090519766590009,40.311288741492746,14.866068747318506,0,0,True,True,1.0,981,3.0,0.5,0.2418327545747161,0.25355450236966826,0.3252279635258359,0.20776699029126214,0.8038978576660156,classical,tile_00176,synth,"[512, 512]"
340,139,39,301,100,86,85,0.6290747517971772,943,357,7,936,350,934,357,17,0.018201284796573874,0.047619047619047616,0.02633617350890782,0.007423117709437964,0.0196078431372549,0.010769230769230769,0.18106352596144534,0.12913629968192508,-0.10994144844496555,0.5930930390096899,604,219,97,0.1605960264900662,0.4429223744292237,0.23572296476306195,1.3369073079709581,1.0,2.8284271247461903,0.010309278350515464,0.010309278350515464,96,0.10243805979160714,0.6290747517971772,0.162839248434238,0.08863636363636364,0.019148936170212766,2.454605033597274,0.9675924196060502,1.487012613991224,0.5784241204840667,0.7699668282725185,0.6605908855382516,51.42956348249516,13.45362404707371,0,0,True,True,1.0,1783,3.0,0.5,0.22656842414289713,0.025112107623318388,0.01792573623559539,0.041916167664670656,0.8823893070220947,classical,tile_00177,synth,"[512, 512]"
65,109,28,37,81,39,35,0.6641801613637616,161,399,10,151,389,161,287,26,0.16149068322981366,0.09059233449477352,0.11607142857142858,0.062111801242236024,0.02506265664160401,0.03571428571428571,0.36984768069365187,0.3283238134638422,0.26887383125697706,1.0110285233529652,97,179,29,0.29896907216494845,0.16201117318435754,0.21014492753623187,1.80007766617183,2.0,2.5914834658476287,0.06896551724137931,0.06896551724137931,27,0.21375913239293476,0.6641801613637616,0.3218390804597701,0.1917808219178082,0.041916167664670656,2.7250888804326205,1.9862681305935066,0.7388207498391142,0.5852138665376005,0.5494014548370468,0.5667424784587529,52.20153254455275,26.90724809414742,0,0,True,True,1.0,685,3.0,0.5,0.18044083891436458,0.11594202898550723,0.1518987341772152,0.09375,0.6489527225494385,classical,tile_00178,synth,"[512, 512]"
73,106,42,31,64,30,33,0.6655862631695959,185,523,15,170,508,185,272,38,0.20540540540540542,0.13970588235294118,0.1663019693654267,0.08108108108108109,0.028680688336520075,0.0423728813559322,0.5179247861677806,0.3798350677615837,0.3784800326581138,1.0276934974291088,113,167,48,0.4247787610619469,0.2874251497005988,0.3428571428571428,1.4509364796345794,1.4142135623730951,2.8284271247461903,0.0625,0.0625,45,0.3123421570181344,0.6655862631695959,0.4692737430167598,0.30656934306569344,0.0718562874251497,2.1726821810928225,1.4804255827965174,0.6922565982963051,0.8209417958467388,0.692604045217215,0.7513318635815419,51.0,22.80350850198276,0,0,True,True,1.0,818,3.0,0.5,0.20040222303941846,0.1561712846347607,0.17222222222222222,0.14285714285714285,0.44422340393066406,classical,tile_00179,synth,"[512, 512]"
177,233,129,48,104,22,57,0.7862392173030317,476,621,152,324,469,473,621,212,0.44820295983086683,0.3413848631239936,0.38756855575868376,0.31932773109243695,0.24476650563607086,0.27711941659070194,0.6023109010804788,0.4335383612736235,0.4906214794018567,3.0378469726346915,300,29,16,0.05333333333333334,0.5517241379310345,0.09726443768996962,1.5491152783740212,1.4142135623730951,2.871320343559643,0.3125,0.3125,11,0.49475540991263944,0.7862392173030317,0.6292682926829268,0.45907473309608543,0.2772585669781931,2.0512710075072143,1.2517196531633346,0.7995513543438798,0.8733565120089518,0.7616448181057497,0.8136843065245271,39.824615503479755,11.313708498984761,0,0,True,True,1.0,956,3.0,0.5,0.2741264011710882,0.35480464625131997,0.3741648106904232,0.3373493975903614,0.4627358913421631,classical,tile_00180,synth,"[512, 512]"
304,397,234,70,163,36,92,0.8216550870882746,851,1286,315,536,971,850,1088,385,0.45294117647058824,0.3538602941176471,0.3973168214654283,0.3701527614571093,0.24494556765163297,0.29480580252690686,0.4924053397331062,0.17064522086391998,0.3731748202777917,9.396163338292434,548,493,317,0.5784671532846716,0.6430020283975659,0.6090297790585976,1.0662716245539845,1.0,2.23606797749979,0.2870662460567823,0.2870662460567823,226,0.548551470409861,0.8216550870882746,0.6676176890156919,0.5010706638115632,0.34807692307692306,1.8978480280320582,1.1476713750772025,0.7501766529548557,0.9402570336922542,0.8478409057230076,0.8916607502145697,33.0,7.810249675906654,0,0,True,True,1.0,1966,3.0,0.5,0.3469782159663737,0.36858771374287524,0.3655778894472362,0.3716475095785441,0.480832576751709,classical,tile_00181,synth,"[512, 512]"
109,173,69,40,104,34,58,0.7513761486555992,282,460,44,238,416,281,460,57,0.20284697508896798,0.12391304347826088,0.15384615384615385,0.15602836879432624,0.09565217391304348,0.11859838274932616,0.4089395582878673,0.10869911070284718,0.313912437212494,4.233759299404461,174,288,98,0.5632183908045977,0.3402777777777778,0.4242424242424242,1.5067600514994905,1.4142135623730951,2.3249218495867447,0.08163265306122448,0.08163265306122448,90,0.3676947110442294,0.7513761486555992,0.48936170212765956,0.323943661971831,0.1417004048582996,1.8477232336691594,1.4114296459637998,0.4362935877053595,0.8462298158115649,0.7255788862146236,0.7812738107972774,42.37924020083418,20.396078054371138,0,0,True,True,1.0,888,3.0,0.5,0.17513676499947906,0.14950634696755993,0.19557195571955718,0.12100456621004566,0.6574726104736328,classical,tile_00182,synth,"[512, 512]"
120,196,62,58,134,51,48,0.6975892979821763,320,516,44,276,472,317,516,63,0.19873817034700317,0.12209302325581395,0.1512605042016807,0.1375,0.08527131782945736,0.10526315789473685,0.44076794608148345,0.32473603812878216,0.2873319849851525,3.1366707905160762,201,25,10,0.04975124378109453,0.4,0.08849557522123895,1.4886349517372675,1.2071067811865475,2.23606797749979,0.2,0.2,8,0.27373757262591725,0.6975892979821763,0.3924050632911392,0.2440944881889764,0.0896551724137931,2.674857428506683,1.8630049993572386,0.8118524291494444,0.7975226937351876,0.6461442300179702,0.7138969223256791,51.35172830587107,17.08800749063506,0,0,True,True,1.0,948,3.0,0.5,0.2195551092736423,0.1412742382271468,0.1705685618729097,0.12056737588652482,0.6061210632324219,classical,tile_00183,synth,"[512, 512]"
400,111,44,356,67,70,48,0.6646612904682487,1101,285,21,1080,264,1095,285,39,0.03561643835616438,0.1368421052631579,0.05652173913043478,0.01907356948228883,0.07368421052631578,0.0303030303030303,0.40077540017069696,0.25102276599202766,0.18889602463319433,1.5102521014613912,702,12,10,0.014245014245014245,0.8333333333333334,0.028011204481792718,1.006449510224598,1.0,2.129837387624884,0.0,0.0,10,0.1144622183193853,0.6646612904682487,0.17221135029354206,0.09421841541755889,0.022,2.4023806529459546,0.4800237563566768,1.9223568965892777,0.48174266100381974,0.8583225197593488,0.617120093267238,46.17358552246078,20.12461179749811,0,0,True,True,1.0,1777,3.0,0.5,0.2386789871379733,0.05583756345177665,0.03559870550161812,0.12941176470588237,0.6608843803405762,classical,tile_00184,synth,"[512, 512]"
149,197,121,28,76,11,44,0.8501571099734141,398,532,183,215,349,395,532,200,0.5063291139240507,0.37593984962406013,0.43149946062567424,0.45979899497487436,0.34398496240601506,0.39354838709677425,0.1763497667254191,0.07227160944029153,0.05693268681092942,1.4998942872395589,250,336,195,0.78,0.5803571428571429,0.6655290102389079,1.3417255604628684,1.4142135623730951,2.4137757216736997,0.3333333333333333,0.3333333333333333,130,0.5946185566866076,0.8501571099734141,0.6994219653179191,0.5377777777777778,0.36220472440944884,1.0816382863873348,0.8349978564058249,0.24664042998150998,0.9542256656870602,0.8642750734790836,0.9070257048182185,45.48626166217664,12.041594578792296,0,0,True,True,1.0,798,3.0,0.5,0.2131787952966988,0.4334862385321101,0.504,0.38028169014084506,0.6732344627380371,classical,tile_00185,synth,"[512, 512]"
66,122,14,52,108,56,31,0.6167314230846194,164,451,1,163,450,157,314,8,0.050955414012738856,0.025477707006369428,0.03397027600849257,0.006097560975609756,0.0022172949002217295,0.003252032520325203,0.6657472287532235,0.6657472287532235,0.6657472287532235,0.6657472287532235,99,51,2,0.020202020202020204,0.0392156862745098,0.02666666666666667,1.0,1.0,1.0,0.0,0.0,2,0.09185361620409224,0.6167314230846194,0.14893617021276595,0.08045977011494253,0.016216216216216217,3.359002746292533,2.3693657501977263,0.9896369960948066,0.548187294010683,0.4402962815669119,0.4883537432862168,52.46903848937962,28.42534080710379,0,0,True,True,1.0,775,3.0,0.5,0.19845656398683786,0.03414634146341463,0.04487179487179487,0.027559055118110236,0.6481895446777344,classical,tile_00186,synth,"[512, 512]"
103,173,63,40,110,43,51,0.6973324853642221,262,458,42,220,416,261,458,64,0.24521072796934865,0.13973799126637554,0.17802503477051462,0.16030534351145037,0.09170305676855896,0.11666666666666667,0.5014274121395851,0.17585799972798177,0.28207425188299556,10.322006790462943,160,286,63,0.39375,0.2202797202797203,0.2825112107623319,1.6405262691263358,1.4142135623730951,3.0,0.06349206349206349,0.06349206349206349,59,0.3183474389706231,0.6973324853642221,0.45652173913043476,0.29577464788732394,0.104,2.189222344379833,1.6566775552691677,0.5325447891106653,0.8237613415039665,0.6757780583822328,0.7424677737365762,33.54101966249684,19.1049731745428,0,0,True,True,1.0,845,3.0,0.5,0.1758689610287547,0.16143497757847533,0.21951219512195122,0.1276595744680851,0.6265361309051514,classical,tile_00187,synth,"[512, 512]"
229,242,223,6,19,1,13,0.9081292405284539,624,840,392,232,448,624,641,545,0.8733974358974359,0.8502340093603744,0.8616600790513833,0.6282051282051282,0.4666666666666667,0.53551912568306,0.5857215245839592,0.2695046689110179,0.5357135101879693,7.073376342662268,396,206,192,0.48484848484848486,0.9320388349514563,0.6378737541528239,0.9443829343792224,1.0,2.0,0.8072916666666666,0.8072916666666666,37,0.859927051540744,0.9081292405284539,0.9469214437367304,0.8991935483870968,0.83984375,1.0636594021670103,0.5190058577554497,0.5446535444115606,0.9969422466842488,0.9592161016949152,0.9777153841066024,20.0,3.0,0,0,True,True,1.0,742,3.0,0.5,0.32764131808653474,0.7614593077642656,0.688663282571912,0.8514644351464435,0.4506387710571289,classical,tile_00188,synth,"[512, 512]"
215,333,165,50,168,31,89,0.7836021984572681,586,919,198,388,721,586,919,231,0.39419795221843,0.2513601741022851,0.30697674418604654,0.3378839590443686,0.21545157780195864,0.26312292358803985,0.2653120651947205,0.1568458582308706,0.07247364857810626,2.2018948531949123,372,587,233,0.6263440860215054,0.3969335604770017,0.4859228362877998,1.4290272026115152,1.4142135623730951,2.8284271247461903,0.18025751072961374,0.18025751072961374,191,0.47187723629725997,0.7836021984572681,0.6021897810218978,0.4308093994778068,0.2540045766590389,1.5848223127161971,1.20669960762788,0.3781227050883172,0.9540410909871859,0.7840697124084747,0.8607445766688662,39.21734310225516,13.038404810405298,0,0,True,True,1.0,1518,3.0,0.5,0.24433661391958594,0.30600292825768666,0.3786231884057971,0.25675675675675674,0.4752068519592285,classical,tile_00189,synth,"[512, 512]"
139,165,122,17,43,5,23,0.9180723982692299,375,445,252,123,193,375,445,263,0.7013333333333334,0.5910112359550562,0.6414634146341462,0.672,0.5662921348314607,0.6146341463414635,0.104203365107088,0.05270157018699522,0.04598746652712953,1.3747926647666737,237,281,198,0.8354430379746836,0.7046263345195729,0.7644787644787644,1.2807378117054118,1.0,2.23606797749979,0.6060606060606061,0.6060606060606061,78,0.7368738986108293,0.9180723982692299,0.8026315789473685,0.6703296703296703,0.5751295336787565,0.7889287740237863,0.5787761887854496,0.2101525852383367,0.9628363529813938,0.9107976878612717,0.9360943545729192,38.01315561749642,10.0,0,0,True,True,1.0,454,3.0,0.5,0.21272803377360106,0.6363636363636365,0.6940509915014165,0.5875299760191847,0.4480602741241455,classical,tile_00190,synth,"[512, 512]"
367,418,339,28,79,4,46,0.8836182606531061,1022,1136,730,292,406,1022,1136,760,0.7436399217221135,0.6690140845070423,0.7043558850787767,0.7142857142857143,0.6426056338028169,0.6765523632993512,0.29135664960450663,0.12575424287326137,0.16871144898654708,10.597813660461306,656,572,456,0.6951219512195121,0.7972027972027972,0.7426710097719869,1.2556821392247746,1.0,2.8284271247461903,0.6271929824561403,0.6271929824561403,170,0.7631760263984789,0.8836182606531061,0.8636942675159236,0.7600896860986547,0.663135593220339,1.0713471334802036,0.6449993519988995,0.42634778148130426,0.9914577748976405,0.937067284596038,0.9634955380448945,23.194827009486403,4.0,0,0,True,True,1.0,975,3.0,0.5,0.35459592565894127,0.6948509485094851,0.7154017857142857,0.6754478398314014,0.48659372329711914,classical,tile_00191,synth,"[512, 512]"
214,263,185,29,78,13,52,0.8630117796958807,583,754,306,277,448,581,710,338,0.5817555938037866,0.476056338028169,0.5236250968241674,0.5248713550600344,0.40583554376657827,0.45774121166791326,0.19621092977718008,0.08583509817498022,0.06901994438817517,3.0707642489117086,370,397,286,0.772972972972973,0.7204030226700252,0.7457627118644067,1.0929933067268027,1.0,2.23606797749979,0.3916083916083916,0.3916083916083916,174,0.6694221351938697,0.8630117796958807,0.7756813417190775,0.6335616438356164,0.4281437125748503,1.070524171956008,0.7489773546357099,0.3215468173202981,0.9727895772545294,0.8898955958238329,0.929498095517095,30.805843601498726,9.899494936611665,0,0,True,True,1.0,1006,3.0,0.5,0.26045046374201775,0.5190194420963652,0.5591985428051002,0.4842271293375394,0.6651053428649902,classical,tile_00192,synth,"[512, 512]"
210,273,177,33,96,19,60,0.8545529399849526,569,871,270,299,601,569,747,315,0.5536028119507909,0.42168674698795183,0.4787234042553192,0.47451669595782076,0.3099885189437428,0.375,0.19219640791931525,0.07271019232494941,0.06246280434258321,3.0798073596327087,360,475,288,0.8,0.6063157894736843,0.689820359281437,0.9733320464521863,1.0,2.23606797749979,0.3819444444444444,0.3819444444444444,178,0.6263183038399032,0.8545529399849526,0.7329192546583851,0.5784313725490197,0.3839541547277937,1.186820157607597,0.856355295313997,0.33046486229359995,0.9632747592088817,0.8580788845135885,0.9076389241715006,29.0,11.180339887498949,0,0,True,True,1.0,1207,3.0,0.5,0.25776215409860015,0.466268146883006,0.5064935064935064,0.4319620253164557,0.4442903995513916,classical,tile_00193,synth,"[512, 512]"
112,158,55,57,103,36,37,0.6967876748913351,293,648,24,269,624,289,410,65,0.22491349480968859,0.15853658536585366,0.18597997138769673,0.08191126279863481,0.037037037037037035,0.05100956429330499,0.701135386883689,0.36323413981512953,0.5750485698268991,4.059737031863435,182,71,14,0.07692307692307693,0.19718309859154928,0.11067193675889328,1.1306019374818708,1.0,2.0,0.14285714285714285,0.14285714285714285,12,0.2838764601409143,0.6967876748913351,0.4074074074074074,0.2558139534883721,0.0546875,2.8389377004353777,1.8080788258402363,1.0308588745951413,0.6666514202076568,0.5894459346961428,0.6256759764149148,47.43416490252569,18.788294228055936,0,0,True,True,1.0,1065,3.0,0.5,0.24594420939683914,0.18333333333333332,0.19298245614035087,0.1746031746031746,0.6609833240509033,classical,tile_00194,synth,"[512, 512]"
183,315,62,121,253,118,90,0.6537731992685416,486,1350,20,466,1330,478,872,39,0.08158995815899582,0.04472477064220184,0.05777777777777778,0.0411522633744856,0.014814814814814815,0.02178649237472767,0.2742938975767644,0.2586579739548991,0.09966148900972735,0.9084245753657852,304,558,125,0.41118421052631576,0.22401433691756273,0.2900232018561485,1.500881466028191,1.4142135623730951,2.8284271247461903,0.032,0.032,121,0.16278690102268906,0.6537731992685416,0.24899598393574296,0.14220183486238533,0.028925619834710745,3.2637300977309462,2.1641432814625476,1.0995868162683986,0.7357531760435572,0.6109031783040864,0.6675406865919736,28.635642126552707,14.035668847618199,0,0,True,True,1.0,2291,3.0,0.5,0.2805127529427409,0.06187624750499002,0.06858407079646017,0.056363636363636366,0.6563816070556641,classical,tile_00195,synth,"[512, 512]"
184,239,154,30,85,14,50,0.8538634672399761,496,724,218,278,506,495,642,256,0.5171717171717172,0.3987538940809969,0.4503078276165347,0.43951612903225806,0.3011049723756906,0.35737704918032787,0.21971593827278013,0.06683790768014453,0.12783279511441092,8.745427419928912,313,335,212,0.6773162939297125,0.6328358208955224,0.654320987654321,0.6634505836418834,1.0,2.1062305898749027,0.3443396226415094,0.3443396226415094,139,0.6217256451770985,0.8538634672399761,0.7281323877068558,0.5724907063197026,0.38688524590163936,1.163550808851169,0.8326524882322911,0.3308983206188778,0.9698272610696236,0.8676056338028169,0.9158730072457693,26.476404589747453,11.180339887498949,0,0,True,True,1.0,1038,3.0,0.5,0.2485947529785335,0.44980694980694985,0.49786324786324787,0.4102112676056338,0.6541543006896973,classical,tile_00196,synth,"[512, 512]"
293,376,258,35,118,19,71,0.8448156145492626,810,1066,453,357,613,810,1034,504,0.6222222222222222,0.4874274661508704,0.5466377440347072,0.5592592592592592,0.424953095684803,0.48294243070362475,0.2480343402223212,0.1100928072034812,0.11642236245566025,5.1781325211239935,518,603,378,0.7297297297297297,0.6268656716417911,0.6743978590544156,1.0986165256811318,1.0,2.23606797749979,0.455026455026455,0.455026455026455,206,0.651606662342929,0.8448156145492626,0.7713004484304933,0.6277372262773723,0.4418103448275862,1.22464013827326,0.8615084072433272,0.3631317310299328,0.9782286776521,0.8796888790820829,0.9263456129262934,31.575306807693888,8.48528137423857,0,0,True,True,1.0,1329,3.0,0.5,0.3018318307586014,0.5263811297330849,0.5832187070151307,0.4796380090497738,0.45549869537353516,classical,tile_00197,synth,"[512, 512]"
121,148,105,16,43,2,26,0.8685616979988479,317,378,163,154,215,317,378,188,0.5930599369085173,0.4973544973544973,0.5410071942446043,0.5141955835962145,0.4312169312169312,0.46906474820143884,0.45853305737321465,0.2173016189294226,0.3601415222512444,4.943274612441011,197,14,9,0.04568527918781726,0.6428571428571429,0.08530805687203791,1.5238640713465406,2.0,2.59148346584763,0.1111111111111111,0.1111111111111111,8,0.6780593181403645,0.8685616979988479,0.7806691449814126,0.6402439024390244,0.5284090909090909,1.2260769259716229,0.7904578992425315,0.43561902672909136,0.9704433497536946,0.844879786286732,0.9033190330308474,31.11269837220809,13.0,0,0,True,True,1.0,436,3.0,0.5,0.23041923297569156,0.5220125786163523,0.5442622950819672,0.5015105740181269,0.4655168056488037,classical,tile_00198,synth,"[512, 512]"
162,278,80,82,198,70,91,0.7052743940341184,439,1054,39,400,1015,436,765,65,0.14908256880733944,0.08496732026143791,0.10824313072439634,0.0888382687927107,0.03700189753320683,0.0522438044206296,0.3079827954955597,0.13066656150217293,0.178795904378154,1.7158082357034377,278,488,169,0.6079136690647482,0.3463114754098361,0.4412532637075718,1.2672243304167317,1.0,2.8284271247461903,0.05917159763313609,0.05917159763313609,159,0.2564634160124067,0.7052743940341184,0.36363636363636365,0.2222222222222222,0.08108108108108109,2.4935960724718647,1.7329435971365836,0.7606524753352811,0.8654373484878591,0.6868758476143508,0.7658866957935387,38.41874542459709,15.132745950421556,0,0,True,True,1.0,1854,3.0,0.5,0.24195867590606213,0.09980039920159679,0.12165450121654502,0.08460236886632826,0.43782591819763184,classical,tile_00199,synth,"[512, 512]"
211,263,193,18,70,3,49,0.8735164977719516,571,783,334,237,449,571,707,386,0.6760070052539404,0.545968882602546,0.6040688575899843,0.5849387040280211,0.42656449553001274,0.49335302806499254,0.25211358097386055,0.0917780546970223,0.15394575869522617,4.710082106842779,361,352,248,0.6869806094182825,0.7045454545454546,0.6956521739130435,1.0522930190560327,1.0,2.23606797749979,0.5040322580645161,0.5040322580645161,123,0.7113446585231505,0.8735164977719516,0.8143459915611815,0.6868327402135231,0.5143769968051118,1.0491326552301985,0.7099203537105382,0.3392123015196603,0.9959612865667298,0.9037790790694697,0.9476336773637815,26.0,8.246211251235321,0,0,True,True,1.0,897,3.0,0.5,0.27708403300493956,0.5823008849557522,0.6231060606060606,0.5465116279069767,0.48789000511169434,classical,tile_00200,synth,"[512, 512]"
247,279,235,12,44,3,30,0.9019526050636448,678,768,534,144,234,677,768,552,0.8153618906942393,0.71875,0.7640138408304498,0.7876106194690266,0.6953125,0.7385892116182572,0.14523331689381191,0.06593268960649107,0.057266047526401964,3.021331508346487,432,490,372,0.8611111111111112,0.7591836734693878,0.806941431670282,1.249334997734676,1.0,2.23606797749979,0.6881720430107527,0.6881720430107527,116,0.8059272326614316,0.9019526050636448,0.8935361216730038,0.8075601374570447,0.6805111821086262,0.7470778294213949,0.4961682075266728,0.2509096218947221,0.9838078877151942,0.9472951333286918,0.9652063240615727,30.01666203960727,3.605551275463989,0,0,True,True,1.0,550,3.0,0.5,0.2812180258333683,0.7622641509433962,0.8003169572107766,0.7276657060518732,0.45911550521850586,classical,tile_00201,synth,"[512, 512]"
136,150,128,8,22,2,14,0.9243442144127154,360,396,271,89,125,360,396,283,0.7861111111111111,0.7146464646464646,0.7486772486772487,0.7527777777777778,0.6843434343434344,0.716931216931217,0.3097119355915392,0.11436491072587429,0.2554121556289341,9.538604094354724,225,145,121,0.5377777777777778,0.8344827586206897,0.654054054054054,1.108749731717372,1.0,2.23606797749979,0.6363636363636364,0.6363636363636364,44,0.8273850310827103,0.9243442144127154,0.8951048951048951,0.810126582278481,0.7125748502994012,0.6900785621793182,0.4483551440042387,0.24172341817507953,0.9783172166284518,0.9337544065804936,0.955516520377286,30.870698080866262,4.242640687119285,0,0,True,True,1.0,288,3.0,0.5,0.22479292517527938,0.7371349095966621,0.7528409090909091,0.7220708446866485,0.4725816249847412,classical,tile_00202,synth,"[512, 512]"
198,232,190,8,42,0,31,0.8920496091664051,537,635,415,122,220,537,631,431,0.8026070763500931,0.6830427892234548,0.738013698630137,0.7728119180633147,0.6535433070866141,0.7081911262798635,0.17776823489451152,0.07725893354974549,0.06991935070276122,3.1549554545943224,340,398,284,0.8352941176470589,0.7135678391959799,0.7696476964769648,1.3956691448911087,1.4142135623730951,2.8284271247461903,0.676056338028169,0.676056338028169,92,0.7883229104261255,0.8920496091664051,0.8837209302325582,0.7916666666666666,0.6287878787878788,0.7308916325732047,0.5138072953424766,0.21708433723072812,0.9967979630415493,0.9332961010855527,0.9640023973623656,24.698178070456937,6.324555320336759,0,0,True,True,1.0,484,3.0,0.5,0.2774967672303319,0.7412844036697247,0.793713163064833,0.6953528399311532,0.48145079612731934,classical,tile_00203,synth,"[512, 512]"
212,237,198,14,39,2,27,0.9251705966809296,574,694,412,162,282,574,637,451,0.7857142857142857,0.7080062794348508,0.7448389760528489,0.7177700348432056,0.5936599423631124,0.6498422712933754,0.22058658087804506,0.05591676293448915,0.14181958753348636,5.296565400987363,363,348,290,0.7988980716253443,0.8333333333333334,0.8157524613220816,0.8200504126788798,1.0,2.23606797749979,0.6827586206896552,0.6827586206896552,92,0.8159633770281696,0.9251705966809296,0.8819599109131403,0.7888446215139442,0.6753731343283582,0.6425943701308761,0.4265698229875722,0.21602454714330382,0.9934756591900552,0.9456947341457167,0.9689965385473983,28.160255680657446,3.605551275463989,0,0,True,True,1.0,589,3.0,0.5,0.3072138950228691,0.7140221402214021,0.7220149253731343,0.7062043795620438,0.5523056983947754,classical,tile_00204,synth,"[512, 512]"
103,161,66,37,95,30,51,0.7335608468489152,267,484,48,219,436,257,427,70,0.2723735408560311,0.16393442622950818,0.20467836257309938,0.1797752808988764,0.09917355371900827,0.1278295605858855,0.2538257438792603,0.10694655443214292,0.1399318089783687,1.6641509230513545,160,267,84,0.525,0.3146067415730337,0.39344262295081966,1.5336344155947472,1.4142135623730951,2.8284271247461903,0.08333333333333333,0.08333333333333333,77,0.3667804234244576,0.7335608468489152,0.5,0.3333333333333333,0.13793103448275862,1.9596417321542625,1.4441006915181034,0.5155410406361592,0.817535996948603,0.7093108804054606,0.7595878622271282,40.607881008493905,19.209372712298546,0,0,True,True,1.0,864,3.0,0.5,0.24211806897073984,0.19936708860759494,0.2581967213114754,0.16237113402061856,1.5134317874908447,classical,tile_00205,synth,"[512, 512]"
228,345,172,56,173,31,86,0.8039132770053631,631,999,216,415,783,631,951,257,0.40729001584786056,0.27024185068349105,0.3249051833122629,0.34231378763866877,0.21621621621621623,0.26503067484662574,0.2981422137909064,0.1622711965114791,0.06760839084601858,4.0,404,607,236,0.5841584158415841,0.38879736408566723,0.46686449060336305,1.5521368637907733,1.4142135623730951,3.0,0.2076271186440678,0.2076271186440678,187,0.482628564205663,0.8039132770053631,0.6003490401396161,0.428927680798005,0.25934065934065936,1.5527600236845291,1.1763694999640797,0.37639052372044945,0.9719806436330412,0.797284829313299,0.8760080761247104,54.589376255824725,13.601470508735444,0,0,True,True,1.0,1614,3.0,0.5,0.3007414094172418,0.31095406360424027,0.3832752613240418,0.2615933412604043,0.604722261428833,classical,tile_00206,synth,"[512, 512]"
131,232,60,71,172,52,62,0.7072135407215095,346,635,33,313,602,337,635,43,0.12759643916913946,0.06771653543307087,0.08847736625514403,0.0953757225433526,0.05196850393700787,0.0672782874617737,0.3418046504521869,0.24842799056240522,0.21165691361332067,1.2094409839817035,216,404,119,0.5509259259259259,0.29455445544554454,0.38387096774193546,1.40022247971267,1.4142135623730951,2.8284271247461903,0.0,0.0,119,0.23378960023851555,0.7072135407215095,0.3305785123966942,0.19801980198019803,0.07079646017699115,2.2917202698149444,1.7820952374332641,0.5096250323816804,0.7649923896499239,0.6843715345493481,0.7224396949338036,44.10215414239989,17.46424919657298,0,0,True,True,1.0,1277,3.0,0.5,0.21961475256830454,0.0866738894907909,0.12195121951219512,0.06722689075630252,0.7349560260772705,classical,tile_00207,synth,"[512, 512]"
103,137,78,25,59,6,31,0.8500666823481752,272,482,76,196,406,272,362,108,0.39705882352941174,0.2983425414364641,0.3406940063091482,0.27941176470588236,0.15767634854771784,0.20159151193633953,0.32757182636937365,0.206700080500975,0.2934811466214171,2.1776943319986426,170,112,56,0.32941176470588235,0.5,0.3971631205673759,1.3367697601513473,1.4142135623730951,2.23606797749979,0.16071428571428573,0.16071428571428573,47,0.5525433435263138,0.8500666823481752,0.65,0.48148148148148145,0.3559322033898305,1.4768478574645263,1.018063996807062,0.45878386065746424,0.9060912348253918,0.828556647697879,0.8655911365058111,44.77722635447622,12.0,0,0,True,True,1.0,733,3.0,0.5,0.2410237779840827,0.3414634146341463,0.3656716417910448,0.3202614379084967,0.7155144214630127,classical,tile_00208,synth,"[512, 512]"
81,113,63,18,50,10,27,0.8333853015059268,208,293,78,130,215,208,293,93,0.44711538461538464,0.3174061433447099,0.3712574850299401,0.375,0.26621160409556316,0.3113772455089821,0.24108943316876738,0.11416253702757702,0.06689728048377643,1.6351716217129932,128,181,79,0.6171875,0.43646408839779005,0.511326860841424,1.1189333876673548,1.0,2.8284271247461903,0.24050632911392406,0.24050632911392406,60,0.5412708659265298,0.8333853015059268,0.6494845360824743,0.48091603053435117,0.3108108108108108,1.2703122075228237,0.9842003581068961,0.28611184941592754,0.9015797317436661,0.791083733556066,0.8427251782857614,45.254833995939045,22.03971716775256,0,0,True,True,1.0,473,3.0,0.5,0.19383194902911782,0.3714285714285714,0.44390243902439025,0.3192982456140351,0.4900801181793213,classical,tile_00209,synth,"[512, 512]"
259,384,150,109,234,108,117,0.718873199861632,699,1063,115,584,948,697,1063,150,0.2152080344332855,0.14111006585136407,0.17045454545454544,0.16452074391988555,0.10818438381937912,0.13053348467650397,0.3422454810083632,0.17721269034729242,0.18075587123904452,3.5227951104609136,441,680,228,0.5170068027210885,0.3352941176470588,0.4067796610169491,1.5749087420701466,1.4142135623730951,2.9399494936611625,0.07894736842105263,0.07894736842105263,210,0.3353996266850538,0.718873199861632,0.4665629860031104,0.30425963488843816,0.10291595197255575,2.14645577749639,1.5361339375974716,0.6103218398989183,0.8733997155049786,0.7430673608159796,0.8029793257711244,30.463092423455635,12.041594578792296,0,0,True,True,1.0,2085,3.0,0.5,0.30489677703008056,0.16212792906903103,0.2006269592476489,0.13602550478214664,0.7803239822387695,classical,tile_00210,synth,"[512, 512]"
122,187,67,55,120,45,52,0.7462731976231711,315,496,47,268,449,311,496,63,0.20257234726688103,0.12701612903225806,0.15613382899628253,0.1492063492063492,0.09475806451612903,0.1159062885326757,0.13831773911664832,0.08402348940287793,-0.03775863238755562,0.6290073699466009,194,310,110,0.5670103092783505,0.3548387096774194,0.43650793650793657,1.1998233813902606,1.0,2.23606797749979,0.10909090909090909,0.10909090909090909,98,0.3236265646650645,0.7462731976231711,0.4336569579288026,0.2768595041322314,0.11151079136690648,1.9532469406374564,1.4998385005343797,0.4534084401030768,0.8362884703720717,0.707066940145441,0.7662679973715391,41.593268686170845,19.4164878389476,0,0,True,True,1.0,990,3.0,0.5,0.2433314537629485,0.15873015873015872,0.20408163265306123,0.12987012987012986,0.7630665302276611,classical,tile_00211,synth,"[512, 512]"
178,107,66,112,41,36,21,0.7971806796863041,466,291,74,392,217,462,278,89,0.19264069264069264,0.32014388489208634,0.24054054054054055,0.15879828326180256,0.2542955326460481,0.1955085865257596,0.18310251218181356,0.08085276046516565,0.014622729403377952,0.9534465782039122,289,172,104,0.35986159169550175,0.6046511627906976,0.45119305856832975,1.2785961465702809,1.4142135623730951,2.739573252659227,0.19230769230769232,0.19230769230769232,84,0.3692205253283935,0.7971806796863041,0.4631578947368421,0.3013698630136986,0.15384615384615385,1.2642199959389626,0.5642880293317937,0.6999319666071688,0.7307772801473358,0.9076424520658926,0.8096636892562156,35.35533905932738,16.0,0,0,True,True,1.0,846,3.0,0.5,0.22905415389686823,0.2551928783382789,0.2087378640776699,0.3282442748091603,0.8289585113525391,classical,tile_00212,synth,"[512, 512]"
80,119,43,37,76,33,38,0.7191194628784373,205,591,18,187,573,202,310,44,0.21782178217821782,0.14193548387096774,0.171875,0.08780487804878048,0.030456852791878174,0.045226130653266326,0.8072949950890189,0.84390309634511,0.7301041777274322,1.4008694260879073,126,192,59,0.46825396825396826,0.3072916666666667,0.37106918238993714,1.310921829537526,1.0,2.8284271247461903,0.15254237288135594,0.15254237288135594,50,0.31077524526404826,0.7191194628784373,0.4321608040201005,0.27564102564102566,0.11797752808988764,2.483433151720157,1.6921437283734915,0.7912894233466657,0.7214285714285714,0.6349141455437449,0.6754121937881352,55.71355310873648,24.08318915758459,0,0,True,True,1.0,923,3.0,0.5,0.2312722858041525,0.16326530612244897,0.18181818181818182,0.14814814814814814,0.48813414573669434,classical,tile_00213,synth,"[512, 512]"
153,175,146,7,29,2,24,0.9052903308532,402,463,302,100,161,402,463,317,0.7885572139303483,0.6846652267818575,0.7329479768786128,0.7512437810945274,0.652267818574514,0.6982658959537571,0.12586406793139493,0.05968850077929405,0.019268910811057652,2.742766742478366,250,289,211,0.844,0.7301038062283737,0.7829313543599258,1.2815497110065355,1.0,2.53224755112299,0.6303317535545023,0.6303317535545023,78,0.8059291969790683,0.9052903308532,0.8902439024390244,0.8021978021978022,0.6237623762376238,0.5984673982552102,0.43123323316156126,0.16723416509364894,0.9915295363303481,0.9401666873989302,0.9651652554667376,25.0,5.385164807134504,0,0,True,True,1.0,375,3.0,0.5,0.24688842194154859,0.7396593673965935,0.7855297157622739,0.6988505747126437,0.513089656829834,classical,tile_00214,synth,"[512, 512]"
445,111,44,401,67,74,36,0.6360250596316903,1235,289,18,1217,271,1233,289,26,0.021086780210867802,0.08996539792387544,0.03416557161629435,0.014574898785425101,0.06228373702422145,0.023622047244094488,0.2302514638964811,0.2127872727872681,-0.1593932902821902,0.5641933009881758,791,65,49,0.061946902654867256,0.7538461538461538,0.11448598130841123,0.9501295752266131,1.0,2.0,0.02040816326530612,0.02040816326530612,48,0.10066583677623875,0.6360250596316903,0.15827338129496402,0.0859375,0.012750455373406194,2.3153464973727345,0.3513770137616512,1.9639694836110833,0.5068082511939843,0.9209530800067754,0.6538160261244915,47.38143096192854,18.384776310850235,0,0,True,True,1.0,2004,3.0,0.5,0.28021113527938724,0.03263403263403264,0.020750988142292492,0.07636363636363637,0.7308814525604248,classical,tile_00215,synth,"[512, 512]"
138,148,134,4,14,0,10,0.932346810993415,368,476,254,114,222,368,390,320,0.8695652173913043,0.8205128205128205,0.8443271767810026,0.6902173913043478,0.5336134453781513,0.6018957345971564,0.3530522589946965,0.1407699330734243,0.3049915636923902,3.626332166809141,231,148,129,0.5584415584415584,0.8716216216216216,0.6807387862796833,0.913357338041342,1.0,2.23606797749979,0.7829457364341085,0.7829457364341085,28,0.8736676410707526,0.932346810993415,0.9370629370629371,0.881578947368421,0.810126582278481,0.684587834084136,0.4070366423204196,0.27755119176371645,0.9940828402366864,0.9550820475140828,0.9741922609199686,29.017236257093817,3.0,0,0,True,True,1.0,382,3.0,0.5,0.2798606310971081,0.8176638176638177,0.7994428969359332,0.8367346938775511,0.527632474899292,classical,tile_00216,synth,"[512, 512]"
278,118,59,219,59,54,39,0.7114058758832793,752,447,33,719,414,743,299,67,0.0901749663526245,0.22408026755852842,0.1285988483685221,0.043882978723404256,0.0738255033557047,0.05504587155963303,0.7527759411450637,0.37104678406215336,0.6084526678303985,5.271958492854726,475,37,24,0.05052631578947368,0.6486486486486487,0.09375,1.5447192547704631,1.4142135623730951,2.23606797749979,0.0,0.0,24,0.2119845791773408,0.7114058758832793,0.29797979797979796,0.17507418397626112,0.0673854447439353,2.308947089267889,0.8035444869337558,1.5054026023341331,0.5750424285119601,0.8164563966356795,0.6748077118149074,39.59797974644666,17.46424919657298,0,0,True,True,1.0,1435,3.0,0.5,0.2767337537370622,0.11235955056179776,0.07727975270479134,0.205761316872428,0.8792300224304199,classical,tile_00217,synth,"[512, 512]"
175,270,119,56,151,37,67,0.7568127514082728,476,882,109,367,773,474,724,140,0.29535864978902954,0.19337016574585636,0.23372287145242068,0.22899159663865545,0.1235827664399093,0.1605301914580265,0.3027845831573709,0.18515257767524537,0.12868199636657254,2.7580166116141376,302,313,137,0.45364238410596025,0.43769968051118213,0.44552845528455287,1.2537214868415587,1.0,2.23606797749979,0.15328467153284672,0.15328467153284672,116,0.40476726929251444,0.7568127514082728,0.5348314606741573,0.36503067484662577,0.17105263157894737,2.2219047833578287,1.5200435326338584,0.7018612507239703,0.8702645585472761,0.7431055986696231,0.8016740149647973,36.22154055254967,14.317821063276353,0,0,True,True,1.0,1463,3.0,0.5,0.28096825489774346,0.236328125,0.2713004484304933,0.2093425605536332,0.7377383708953857,classical,tile_00218,synth,"[512, 512]"
531,129,56,475,73,94,12,0.6238711571453661,1483,334,18,1465,316,1479,334,31,0.020960108181203516,0.09281437125748503,0.03419746276889134,0.012137559002022926,0.05389221556886228,0.019812878370941114,0.2701038995842374,0.24217727194882943,-0.25167918764459496,0.6049540576968386,953,130,112,0.11752360965372508,0.8615384615384616,0.20683287165281625,1.212208647476181,1.0,2.23606797749979,0.0,0.0,112,0.10586904484891062,0.6238711571453661,0.1696969696969697,0.09271523178807947,0.010719754977029096,2.1143455519493424,0.2436232761292228,1.8707222758201194,0.5768088364969601,0.97182050685887,0.7239365032699779,28.0178514522438,14.0,0,0,True,True,1.0,2441,3.0,0.5,0.2629686491563916,0.035182679296346414,0.02220324508966695,0.08469055374592833,0.9888708591461182,classical,tile_00219,synth,"[512, 512]"
110,122,107,3,15,0,10,0.9270517274039937,293,322,248,45,74,293,322,256,0.8737201365187713,0.7950310559006211,0.832520325203252,0.8464163822525598,0.7701863354037267,0.8065040650406504,0.1185285774708567,0.049474235241828673,0.035095670604097684,3.797521666434048,184,201,146,0.7934782608695652,0.7263681592039801,0.7584415584415585,1.4566458900601096,1.4142135623730951,2.8284271247461903,0.7945205479452054,0.7945205479452054,30,0.8551253002778217,0.9270517274039937,0.9224137931034483,0.856,0.7575757575757576,0.5626001882951082,0.38109831138034816,0.18150187691475997,0.9959014239924334,0.9518434542586751,0.9733741437074183,40.0,3.0,0,0,True,True,1.0,167,3.0,0.5,0.2510516019538045,0.8324697754749568,0.8700361010830325,0.7980132450331126,0.558476448059082,classical,tile_00220,synth,"[512, 512]"
93,106,86,7,20,1,12,0.9253895313803483,239,270,166,73,104,239,270,174,0.7280334728033473,0.6444444444444445,0.6836935166994106,0.694560669456067,0.6148148148148148,0.6522593320235757,0.44865198317059385,0.21777439874993976,0.37641265683204606,6.05832601049541,147,5,5,0.034013605442176874,1.0,0.06578947368421054,1.248528137423857,1.4142135623730951,1.882842712474619,0.6,0.6,2,0.7998341678262306,0.9253895313803483,0.864321608040201,0.7610619469026548,0.6722689075630253,0.8096330939039885,0.546278979856294,0.2633541140476945,0.9944038642789821,0.9081144256455922,0.9493022998535967,46.06517122512408,7.933587386566915,0,0,True,True,1.0,206,3.0,0.5,0.260471869725734,0.6555323590814196,0.6709401709401709,0.6408163265306123,0.549734354019165,classical,tile_00221,synth,"[512, 512]"
93,155,41,52,114,43,38,0.7485657438644906,236,414,25,211,389,228,414,34,0.14912280701754385,0.0821256038647343,0.1059190031152648,0.1059322033898305,0.06038647342995169,0.07692307692307693,0.2727693068900949,0.1504382505699118,0.05574617746294184,1.2360802701559255,143,260,52,0.36363636363636365,0.2,0.25806451612903225,1.3129484640547797,1.4142135623730951,2.579837387624881,0.07692307692307693,0.07692307692307693,48,0.24750964111648477,0.7485657438644906,0.33064516129032256,0.19806763285024154,0.08296943231441048,2.4910808446130295,1.9164227001881728,0.5746581444248569,0.7167040079661439,0.6584725005566688,0.6863553549084271,51.0,21.93171219946131,0,0,True,True,1.0,814,3.0,0.5,0.20939630921930075,0.1045751633986928,0.14545454545454545,0.08163265306122448,1.0600264072418213,classical,tile_00222,synth,"[512, 512]"
78,114,55,23,59,17,29,0.8006308269362418,192,297,48,144,249,189,297,58,0.30687830687830686,0.19528619528619529,0.23868312757201646,0.25,0.16161616161616163,0.19631901840490798,0.22847354332457082,0.12833932261514913,0.1209923066730537,1.3852787244873366,115,122,47,0.40869565217391307,0.38524590163934425,0.3966244725738397,1.553217918983115,1.4142135623730951,2.8284271247461903,0.10638297872340426,0.10638297872340426,42,0.4586947445988885,0.8006308269362418,0.5729166666666666,0.40145985401459855,0.2229299363057325,1.6659080748241648,1.26915603582032,0.39675203900384476,0.8672405715624268,0.7614639855303755,0.8109174363879905,38.28837943815329,20.223748416156685,0,0,True,True,1.0,517,3.0,0.5,0.19690127903595567,0.24675324675324675,0.3048128342245989,0.20727272727272728,0.7203757762908936,classical,tile_00223,synth,"[512, 512]"
145,208,106,39,102,27,55,0.8134092576584343,380,563,134,246,429,377,563,158,0.41909814323607425,0.28063943161634103,0.33617021276595743,0.3526315789473684,0.23801065719360567,0.2841993637327677,0.16715865460594248,0.06628181994977606,0.062092763869474724,1.6249836213225337,236,356,173,0.7330508474576272,0.4859550561797753,0.5844594594594595,0.9974934011014774,1.0,2.23606797749979,0.2658959537572254,0.2658959537572254,127,0.4885064096985498,0.8134092576584343,0.6005665722379604,0.4291497975708502,0.24734982332155478,1.4404221244660311,1.1301721245265433,0.310249999939488,0.8960538979788258,0.7859929078014184,0.8374226048869975,30.265491900843113,16.401219466856727,0,0,True,True,1.0,943,3.0,0.5,0.23277439502999187,0.3389830508474576,0.41899441340782123,0.2846299810246679,0.6982638835906982,classical,tile_00224,synth,"[512, 512]"
133,177,106,27,71,10,39,0.8159972454831229,350,458,139,211,319,350,458,163,0.4657142857142857,0.3558951965065502,0.4034653465346534,0.39714285714285713,0.3034934497816594,0.34405940594059403,0.3454656192444445,0.24267072822018076,0.20337958141505713,2.198472664194405,218,19,8,0.03669724770642202,0.42105263157894735,0.06751054852320675,1.3312851924841107,1.2071067811865475,2.732623792124926,0.125,0.125,7,0.558036825943297,0.8159972454831229,0.6838709677419355,0.5196078431372549,0.35964912280701755,1.653213581945996,1.084410933117553,0.568802648828443,0.955763154279434,0.7886286582752036,0.864189121461676,41.0,15.811388300841896,0,0,True,True,1.0,635,3.0,0.5,0.27566524874418974,0.4027777777777778,0.4420731707317073,0.36989795918367346,0.5131187438964844,classical,tile_00225,synth,"[512, 512]"
83,106,40,43,66,27,31,0.7119026045153433,210,305,23,187,282,209,281,35,0.1674641148325359,0.12455516014234876,0.14285714285714285,0.10952380952380952,0.07540983606557378,0.08932038834951457,0.2592077297146065,0.1814369963491609,0.10000280675448339,0.7359679952260477,128,176,36,0.28125,0.20454545454545456,0.23684210526315788,1.7328497835133894,2.0,2.4270509831248424,0.08333333333333333,0.08333333333333333,33,0.30133443577369023,0.7119026045153433,0.42328042328042326,0.2684563758389262,0.07386363636363637,2.2857150084227484,1.5950501277649296,0.6906648806578186,0.6390582745638687,0.6611528256083102,0.6499178231908987,80.05623023850174,24.08318915758459,0,0,True,True,1.0,611,3.0,0.5,0.20284109096974134,0.1492537313432836,0.1724137931034483,0.13157894736842105,0.7135143280029297,classical,tile_00226,synth,"[512, 512]"
74,115,11,63,104,64,41,0.6056758949558785,190,301,1,189,300,187,301,2,0.0106951871657754,0.006644518272425249,0.00819672131147541,0.005263157894736842,0.0033222591362126247,0.004073319755600814,0.13887005637244063,0.13887005637244063,-0.13887005637244063,0.13887005637244063,117,187,8,0.06837606837606838,0.0427807486631016,0.05263157894736842,2.0233640746398054,2.23606797749979,2.6211014232099497,0.0,0.0,8,0.07050195602661019,0.6056758949558785,0.1164021164021164,0.06179775280898876,0.0,3.118366795764793,2.0956765897671454,1.0226902059976477,0.5212765957446809,0.43827702546563757,0.47618715781545035,46.486557196677836,24.166091947189145,0,0,True,True,1.0,664,3.0,0.5,0.20319710299372673,0.008583690987124463,0.01098901098901099,0.007042253521126761,0.7593421936035156,classical,tile_00227,synth,"[512, 512]"
83,148,25,58,123,57,34,0.6653305099208366,206,624,8,198,616,202,395,13,0.06435643564356436,0.03291139240506329,0.043551088777219436,0.038834951456310676,0.01282051282051282,0.019277108433734938,0.9352290316322418,0.26116803260939403,0.9248688015131669,5.203608011378367,124,248,31,0.25,0.125,0.16666666666666666,1.7110911246118792,1.4142135623730951,2.8284271247461903,0.06451612903225806,0.06451612903225806,29,0.14401093288329797,0.6653305099208366,0.21645021645021645,0.12135922330097088,0.01762114537444934,3.326654536220577,2.438964608997001,0.8876899272235759,0.5370611183355006,0.4672257566994409,0.49971535752555146,59.07622195096772,25.079872407968907,0,0,True,True,1.0,1024,3.0,0.5,0.25501766614615917,0.03875968992248062,0.05128205128205128,0.03115264797507788,0.7756199836730957,classical,tile_00228,synth,"[512, 512]"
177,266,97,80,169,76,89,0.7281021546940899,476,726,69,407,657,471,726,85,0.18046709129511676,0.11707988980716254,0.14202172096908938,0.14495798319327732,0.09504132231404959,0.11480865224625625,0.2510392155088556,0.15566179501509947,0.052713507315906676,1.5404589997404972,300,461,139,0.4633333333333333,0.30151843817787416,0.3653088042049934,1.421261922834117,1.4142135623730951,3.0,0.07194244604316546,0.07194244604316546,129,0.3188528623265314,0.7281021546940899,0.43792325056433407,0.28034682080924855,0.10199004975124377,2.0518470759195013,1.4930102267900636,0.5588368491294378,0.8508069109550028,0.7111612038503716,0.7747416369179445,28.071337695236398,15.033296378372908,0,0,True,True,1.0,1442,3.0,0.5,0.2658531633205712,0.14298808432630614,0.1780821917808219,0.11944869831546708,0.808204174041748,classical,tile_00229,synth,"[512, 512]"
189,216,180,9,36,1,21,0.8959404895891077,517,592,392,125,200,517,592,417,0.8065764023210832,0.7043918918918919,0.752028854824166,0.758220502901354,0.6621621621621622,0.7069431920649233,0.18340170253026594,0.09716765552674467,0.056886550418676976,2.238738254386128,329,377,217,0.6595744680851063,0.5755968169761273,0.6147308781869689,1.536745061876731,1.4142135623730951,2.8284271247461903,0.695852534562212,0.695852534562212,66,0.7963915463014289,0.8959404895891077,0.8888888888888888,0.8,0.7016806722689075,0.8174671789898529,0.5465700963126804,0.2708970826771725,0.9812231540192269,0.9272590182150086,0.9534781426651264,29.0,6.0,0,0,True,True,1.0,436,3.0,0.5,0.30446583218872547,0.7497584541062803,0.8,0.7054545454545454,0.586810827255249,classical,tile_00230,synth,"[512, 512]"
198,268,162,36,106,18,58,0.8435236057951007,540,738,252,288,486,539,738,273,0.5064935064935064,0.3699186991869919,0.42756460454189504,0.4666666666666667,0.34146341463414637,0.3943661971830986,0.17644164029214315,0.09131878978544947,0.07017086653337547,1.667868708269408,343,471,281,0.8192419825072886,0.5966029723991507,0.6904176904176904,1.2371872943398516,1.0,2.23606797749979,0.35587188612099646,0.35587188612099646,181,0.5864842237717008,0.8435236057951007,0.6952789699570815,0.5328947368421053,0.3746312684365782,1.1858471791083034,0.9157716637427247,0.2700755153655787,0.9393085085555425,0.8722181551976574,0.9045209776778601,43.278170016764804,9.848857801796104,0,0,True,True,1.0,1097,3.0,0.5,0.2877126499079168,0.42158516020236086,0.49019607843137253,0.3698224852071006,0.7727518081665039,classical,tile_00231,synth,"[512, 512]"
85,125,54,31,71,14,29,0.8017386844444745,218,535,22,196,513,218,323,58,0.26605504587155965,0.17956656346749225,0.2144177449168207,0.10091743119266056,0.041121495327102804,0.058432934926958835,0.7368639057439593,0.5611601595635471,0.6443435390188967,2.4665392484194713,134,46,22,0.16417910447761194,0.4782608695652174,0.24444444444444446,1.60496954963595,1.4142135623730951,2.23606797749979,0.09090909090909091,0.09090909090909091,20,0.4123227520000154,0.8017386844444745,0.5142857142857142,0.34615384615384615,0.22807017543859648,2.0514158822086284,1.4258051155089322,0.6256107666996962,0.8876320624712908,0.7245595648051105,0.7978484567343532,47.12748667179272,22.02271554554524,0,0,True,True,1.0,831,3.0,0.5,0.2500755889341235,0.20434782608695654,0.22596153846153846,0.1865079365079365,0.5269739627838135,classical,tile_00232,synth,"[512, 512]"
102,149,77,25,72,8,37,0.8202067527174991,263,575,65,198,510,263,378,110,0.41825095057034223,0.291005291005291,0.343213728549142,0.24714828897338403,0.11304347826086956,0.15513126491646778,0.5430574559888954,0.3487549228430857,0.444981856385505,3.374922366183643,162,74,30,0.18518518518518517,0.40540540540540543,0.2542372881355932,1.2969420649618935,1.4142135623730951,2.561865508485308,0.13333333333333333,0.13333333333333333,26,0.5032344219860353,0.8202067527174991,0.6135458167330677,0.4425287356321839,0.31413612565445026,1.7189256882862833,1.1729166963689814,0.5460089919173019,0.9726404169079328,0.7843871975019516,0.8684287993410734,31.144823004794873,19.6468827043885,0,0,True,True,1.0,831,3.0,0.5,0.25596541771665215,0.34766355140186916,0.375,0.3240418118466899,0.5141305923461914,classical,tile_00233,synth,"[512, 512]"
572,134,33,539,101,92,76,0.610086839851637,1618,355,8,1610,347,1598,355,19,0.011889862327909888,0.05352112676056338,0.019457245263696882,0.004944375772558714,0.022535211267605635,0.008109477952356815,0.39324137028553524,0.3079658610192291,-0.05866144474204621,1.3383197021739561,1047,222,143,0.13658070678127984,0.6441441441441441,0.22537431048069345,1.2883814850483397,1.0,2.8284271247461903,0.006993006993006993,0.006993006993006993,142,0.05703361392380743,0.610086839851637,0.09348441926345609,0.04903417533432392,0.005698005698005698,2.542844382065808,0.44998899164130735,2.0928553904245004,0.4773770201068523,0.899899033607385,0.6238271810535128,30.4138126514911,14.866068747318506,0,0,True,True,1.0,2739,3.0,0.5,0.2423419072292745,0.022500000000000003,0.0141287284144427,0.05521472392638037,1.019665241241455,classical,tile_00234,synth,"[512, 512]"
327,367,311,16,56,3,37,0.8958323776804573,909,1049,689,220,360,909,1015,726,0.7986798679867987,0.7152709359605911,0.7546777546777547,0.757975797579758,0.6568160152526216,0.7037793667007151,0.20690048964579996,0.11103725198363226,0.07306681227366621,2.6669845113808073,583,610,468,0.8027444253859348,0.7672131147540984,0.7845766974015088,1.2847619448152237,1.0,2.8284271247461903,0.6602564102564102,0.6602564102564102,159,0.8028929955579891,0.8958323776804573,0.8962536023054755,0.8120104438642297,0.7135802469135802,0.8653053361514405,0.5461611283036502,0.3191442078477903,0.9943802387604775,0.9492619646591701,0.9712974305695545,21.095023109728988,3.1622776601683795,0,0,True,True,1.0,811,3.0,0.5,0.34126898366957903,0.735781990521327,0.7666666666666667,0.7072892938496583,0.4952585697174072,classical,tile_00235,synth,"[512, 512]"
112,177,40,72,137,70,58,0.6201228550614888,295,895,3,292,892,288,473,30,0.10416666666666667,0.06342494714587738,0.07884362680683311,0.010169491525423728,0.0033519553072625698,0.0050420168067226885,0.9120928489170872,0.9492728842772183,0.9120928489170872,1.2537508582227264,184,297,63,0.3423913043478261,0.21212121212121213,0.26195426195426197,1.3518451167911227,1.4142135623730951,2.8284271247461903,0.047619047619047616,0.047619047619047616,60,0.17166030589937406,0.6201228550614888,0.2768166089965398,0.1606425702811245,0.024822695035460994,3.217461070873083,2.0643893180630277,1.1530717528100554,0.6384248741592053,0.5155931096416034,0.5704719870242689,33.1058907144937,17.029386365926403,0,0,True,True,1.0,1453,3.0,0.5,0.24634169600903988,0.07224958949096878,0.07913669064748201,0.06646525679758308,0.6648964881896973,classical,tile_00236,synth,"[512, 512]"
440,132,76,364,56,95,3,0.6995326273033676,1222,345,67,1155,278,1213,345,86,0.07089859851607584,0.2492753623188406,0.110397946084724,0.05482815057283143,0.19420289855072465,0.0855137204850032,0.31947445950643844,0.2828505769791727,-0.13735546166480345,1.9745620589034725,783,138,131,0.1673052362707535,0.9492753623188406,0.28447339847991315,0.7389403372202212,1.0,2.0,0.08396946564885496,0.08396946564885496,120,0.18588978907362216,0.6995326273033676,0.26573426573426573,0.1532258064516129,0.047619047619047616,1.590825800472061,0.1209557268781769,1.469870073593884,0.5889890466956659,0.9906372853300227,0.7387500429414515,44.721359549995796,16.278820596099706,0,0,True,True,1.0,1973,3.0,0.5,0.23828991688787937,0.10678871090770405,0.07028112449799197,0.2222222222222222,0.7110240459442139,classical,tile_00237,synth,"[512, 512]"
260,297,243,17,54,0,31,0.9178090086444427,712,843,533,179,310,712,814,561,0.7879213483146067,0.6891891891891891,0.7352555701179553,0.7485955056179775,0.6322657176749703,0.6855305466237942,0.1943970901544002,0.06722304461175597,0.08630386493596919,5.28730109467216,453,495,379,0.8366445916114791,0.7656565656565657,0.79957805907173,1.2216175871815123,1.0,2.8284271247461903,0.6728232189973615,0.6728232189973615,124,0.8008171960524222,0.9178090086444427,0.8725314183123878,0.7738853503184714,0.698170731707317,0.7582781721061782,0.5155853808748638,0.24269279123131443,0.9969769178788633,0.9442217541952578,0.9698824832658008,30.23243291566195,4.0,0,0,True,True,1.0,684,3.0,0.5,0.2945365868508816,0.7060539752005833,0.7469135802469136,0.669432918395574,0.487246036529541,classical,tile_00238,synth,"[512, 512]"
188,330,66,122,264,120,87,0.635272500245404,514,1309,18,496,1291,506,915,39,0.07707509881422925,0.04262295081967213,0.05489092188599578,0.03501945525291829,0.013750954927425516,0.019747668678003292,0.3577000925455239,0.21348597711874207,0.15160927654862047,1.8929651877531735,327,586,128,0.39143730886850153,0.21843003412969283,0.28039430449069,1.2833436688549646,1.0,2.8284271247461903,0.03125,0.03125,124,0.16188411203164735,0.635272500245404,0.2548262548262548,0.14601769911504425,0.01768172888015717,3.2274346798901203,2.1883090828397673,1.039125597050353,0.6874074074074074,0.604458398744113,0.6432698795614525,37.33630940518894,14.7648230602334,0,0,True,True,1.0,2297,3.0,0.5,0.26518352469429374,0.051517939282428704,0.05907172995780591,0.04567699836867863,0.653876543045044,classical,tile_00239,synth,"[512, 512]"
72,123,30,42,93,42,34,0.6711742326169338,183,517,9,174,508,177,316,20,0.11299435028248588,0.06329113924050633,0.08113590263691683,0.04918032786885246,0.017408123791102514,0.025714285714285714,0.49440325966093845,0.3369045670031279,0.3682365858450768,1.103900630012519,112,49,7,0.0625,0.14285714285714285,0.08695652173913043,0.8663564431779971,1.0,1.989511652961781,0.0,0.0,7,0.2065151484975181,0.6711742326169338,0.3076923076923077,0.18181818181818182,0.04838709677419355,2.9786667867439682,2.0402058420516456,0.9384609446923229,0.6262045646661031,0.5197844495765974,0.5680532551743813,42.42640687119285,24.331050121192877,0,0,True,True,1.0,824,3.0,0.5,0.20612659817561507,0.07159904534606204,0.08620689655172414,0.061224489795918366,0.6235668659210205,classical,tile_00240,synth,"[512, 512]"
224,233,219,5,14,2,10,0.9382858826309838,615,718,488,127,230,615,634,553,0.8991869918699187,0.8722397476340694,0.8855084067253803,0.7934959349593496,0.6796657381615598,0.7321830457614403,0.27463077081528453,0.07409517991014555,0.20375703742597262,9.976238808645029,392,308,288,0.7346938775510204,0.935064935064935,0.822857142857143,0.7938951548938018,1.0,1.4142135623730951,0.8472222222222222,0.8472222222222222,44,0.8992761851036561,0.9382858826309838,0.9584245076586433,0.9201680672268907,0.8577235772357723,0.6564884263235173,0.35724131530452047,0.2992471110189969,0.9957001234223832,0.9714876355409938,0.9834448737330671,19.209372712298546,2.0,0,0,True,True,1.0,420,3.0,0.5,0.28944878187030554,0.8508384819064432,0.8281786941580757,0.8747731397459165,0.4733262062072754,classical,tile_00241,synth,"[512, 512]"
176,355,60,116,295,126,85,0.6573146122096495,469,1138,17,452,1121,460,947,27,0.058695652173913045,0.028511087645195353,0.038379530916844345,0.03624733475479744,0.014938488576449912,0.021157436216552583,0.31064748569321443,0.26101925438861107,0.0784840417279361,0.8317012780080396,294,420,86,0.2925170068027211,0.20476190476190476,0.24089635854341737,1.5595265265126166,1.4142135623730951,2.8284271247461903,0.023255813953488372,0.023255813953488372,84,0.148545675075627,0.6573146122096495,0.22598870056497175,0.12738853503184713,0.025096525096525095,3.327092956054919,2.336556919513045,0.9905360365418739,0.8623972306360883,0.6072277698525915,0.7126600961634043,36.124783736376884,15.0,0,0,True,True,1.0,2068,3.0,0.5,0.273272770922631,0.041343669250646,0.05555555555555555,0.03292181069958848,0.6941399574279785,classical,tile_00242,synth,"[512, 512]"
497,133,70,427,63,94,8,0.6764314468578044,1400,349,28,1372,321,1386,349,43,0.031024531024531024,0.12320916905444126,0.049567723342939476,0.02,0.08022922636103152,0.03201829616923956,0.4108639323587087,0.2974957996398654,-0.08972628068858955,4.402898556688232,904,217,210,0.2323008849557522,0.967741935483871,0.37466547725245314,0.6197303705520827,0.0,2.23606797749979,0.009523809523809525,0.009523809523809525,208,0.15031809930173431,0.6764314468578044,0.2222222222222222,0.125,0.03618421052631579,1.66717133774985,0.09149880105307456,1.5756725366967754,0.5670087684336389,0.9846913580246913,0.7196347086407497,29.68164415931166,14.866068747318506,0,0,True,True,1.0,2391,3.0,0.5,0.23183001205325127,0.049450549450549455,0.03202846975088968,0.10843373493975904,0.9488615989685059,classical,tile_00243,synth,"[512, 512]"
245,277,231,14,46,7,38,0.9066062995025651,672,763,519,153,244,671,763,538,0.8017883755588674,0.7051114023591087,0.7503486750348676,0.7723214285714286,0.6802096985583224,0.7233449477351915,0.12199423283077286,0.05183176227969145,0.04757085020283196,2.2398204231686454,428,487,396,0.9252336448598131,0.813141683778234,0.8655737704918033,0.9630414301808514,1.0,2.23606797749979,0.6994949494949495,0.6994949494949495,119,0.8023986788700864,0.9066062995025651,0.8850574712643678,0.7938144329896907,0.6111111111111112,0.6350108546338196,0.453040807391396,0.1819700472424235,0.9807297019527236,0.9443781164407613,0.9622106978304471,26.570660511172846,4.123105625617661,0,0,True,True,1.0,576,3.0,0.5,0.28384798020124435,0.7323076923076923,0.779050736497545,0.690856313497823,0.6442184448242188,classical,tile_00244,synth,"[512, 512]"
91,117,73,18,44,10,26,0.8345408027961705,238,411,73,165,338,237,294,120,0.5063291139240507,0.40816326530612246,0.4519774011299435,0.3067226890756303,0.17761557177615572,0.22496147919876733,0.4496602843919816,0.22837336109562165,0.3689560599773611,2.289861643912875,147,52,31,0.2108843537414966,0.5961538461538461,0.31155778894472363,1.0857757597457427,1.0,2.23606797749979,0.41935483870967744,0.41935483870967744,18,0.5857834481165427,0.8345408027961705,0.7019230769230769,0.5407407407407407,0.37748344370860926,1.378784970392028,0.9243799390173968,0.4544050313746312,0.9127663143767825,0.8172591587516961,0.8623764699550837,39.20459156782532,16.278820596099706,0,0,True,True,1.0,583,3.0,0.5,0.21141365496441722,0.42535787321063395,0.45021645021645024,0.40310077519379844,0.7620401382446289,classical,tile_00245,synth,"[512, 512]"
103,158,55,48,103,33,51,0.7227974385383956,264,495,31,233,464,261,412,53,0.20306513409961685,0.12864077669902912,0.1575037147102526,0.11742424242424243,0.06262626262626263,0.08168642951251646,0.3481943288377828,0.3050908933049601,0.2701588198483914,1.5825587137960266,162,161,46,0.2839506172839506,0.2857142857142857,0.28482972136222906,1.3769090268064026,1.4142135623730951,2.23606797749979,0.13043478260869565,0.13043478260869565,40,0.30462727294721653,0.7227974385383956,0.421455938697318,0.2669902912621359,0.11538461538461539,2.324836630276822,1.6080779858636722,0.7167586444131497,0.7097979845768084,0.6810834008869391,0.6951442881192664,45.0,16.97056274847714,0,0,True,True,1.0,888,3.0,0.5,0.209026912227273,0.16013071895424835,0.19444444444444445,0.1361111111111111,0.6546573638916016,classical,tile_00246,synth,"[512, 512]"
102,161,33,69,128,60,59,0.6415144863140324,266,414,9,257,405,261,414,13,0.04980842911877394,0.03140096618357488,0.038518518518518514,0.03383458646616541,0.021739130434782608,0.026470588235294114,0.19992637375966427,0.11280717039510972,-0.003705862821797634,0.6219996938866166,165,85,15,0.09090909090909091,0.17647058823529413,0.12000000000000001,1.9110414174491683,2.23606797749979,3.0,0.0,0.0,15,0.1609884262232933,0.6415144863140324,0.2509505703422053,0.14347826086956522,0.01937984496124031,2.9110872275075437,1.9928601094478555,0.918227118059688,0.7243485152207356,0.5775333359711946,0.642662641034912,35.014282800023196,21.0,0,0,True,True,1.0,874,3.0,0.5,0.19358796626329422,0.0380952380952381,0.047058823529411764,0.032,0.6670362949371338,classical,tile_00247,synth,"[512, 512]"
116,184,50,66,134,58,58,0.727487457287756,308,492,28,280,464,302,492,36,0.11920529801324503,0.07317073170731707,0.0906801007556675,0.09090909090909091,0.056910569105691054,0.06999999999999999,0.21683884991784014,0.17155265320772056,-0.07558681425076717,0.5511562545382205,193,309,72,0.37305699481865284,0.23300970873786409,0.28685258964143423,1.2844437619003541,1.4142135623730951,2.23606797749979,0.06944444444444445,0.06944444444444445,67,0.24249581909591866,0.727487457287756,0.3333333333333333,0.2,0.08303249097472924,2.271833667847842,1.6667445657248274,0.6050891021230143,0.7629406307977736,0.6520771797920902,0.7031659547409151,44.181444068749045,19.313207915827967,0,0,True,True,1.0,1011,3.0,0.5,0.18318592384457588,0.09296148738379813,0.1206896551724138,0.0755939524838013,0.807373046875,classical,tile_00248,synth,"[512, 512]"
179,201,170,9,31,5,20,0.9327812855494458,485,544,382,103,162,484,544,395,0.8161157024793388,0.7261029411764706,0.7684824902723735,0.7876288659793814,0.7022058823529411,0.7424684159378037,0.09361979704505978,0.042060403890206294,0.021898673839383556,1.5250691527494709,307,344,279,0.9087947882736156,0.811046511627907,0.8571428571428571,0.8799315812827613,1.0,2.23606797749979,0.7025089605734767,0.7025089605734767,83,0.834593781807399,0.9327812855494458,0.8947368421052632,0.8095238095238095,0.6814159292035398,0.541033201567048,0.3987666065879366,0.14226659497911143,0.9874366509092458,0.9457197415999675,0.9661280773379317,34.48187929913333,4.242640687119285,0,0,True,True,1.0,388,3.0,0.5,0.22924030292779207,0.7610062893081762,0.8048780487804879,0.7216699801192843,0.6474308967590332,classical,tile_00249,synth,"[512, 512]"
137,160,128,9,32,2,19,0.9209948089710108,366,427,276,90,151,365,427,285,0.7808219178082192,0.667447306791569,0.7196969696969696,0.7540983606557377,0.6463700234192038,0.6960907944514503,0.12667400371889131,0.05256017637528093,0.06012992708371515,1.6598456054912474,230,268,193,0.8391304347826087,0.7201492537313433,0.7751004016064257,1.2577549133577957,1.0,2.8970562748477104,0.6373056994818653,0.6373056994818653,70,0.7938541114362921,0.9209948089710108,0.8619528619528619,0.757396449704142,0.6318681318681318,0.6096209624096819,0.46525450977472205,0.14436645263495984,0.9887769234442906,0.9213563568041514,0.9538767930980789,43.93176527297759,10.0,0,0,True,True,1.0,352,3.0,0.5,0.2169781308621168,0.712950600801068,0.7694524495677233,0.664179104477612,0.4559957981109619,classical,tile_00250,synth,"[512, 512]"
160,253,102,58,151,45,67,0.7539108758999362,430,1075,73,357,1002,429,695,123,0.2867132867132867,0.17697841726618704,0.21886120996441277,0.1697674418604651,0.06790697674418604,0.09700996677740863,0.26008814331299157,0.07546367011230602,0.17812250554437978,2.27259561043385,271,443,167,0.6162361623616236,0.37697516930022573,0.4677871148459383,0.6903774746090241,1.0,2.0,0.17365269461077845,0.17365269461077845,138,0.37239181279318884,0.7539108758999362,0.4939467312348668,0.3279742765273312,0.1601123595505618,2.40361836642377,1.624526352119141,0.7790920143046286,0.8408703418040108,0.7075202962540948,0.7684531522233732,30.0,13.92838827718412,0,0,True,True,1.0,1706,3.0,0.5,0.337749179918319,0.2239819004524887,0.25063291139240507,0.20245398773006135,0.6789431571960449,classical,tile_00251,synth,"[512, 512]"
88,167,37,51,130,42,44,0.7267817612323153,219,439,20,199,419,218,439,23,0.10550458715596331,0.05239179954441914,0.0700152207001522,0.091324200913242,0.04555808656036447,0.060790273556231005,0.1707841483145879,0.09938132327682331,0.04301481035786213,0.6743497925947909,132,273,56,0.42424242424242425,0.20512820512820512,0.2765432098765432,1.419927871749426,1.4142135623730951,3.0,0.07142857142857142,0.07142857142857142,52,0.21090921698506407,0.7267817612323153,0.2901960784313726,0.16972477064220184,0.06694560669456066,2.383917592306027,1.8743298761562048,0.5095877161498223,0.7890909090909091,0.6343642611683848,0.7033183510077955,38.41874542459709,22.135943621178654,0,0,True,True,1.0,851,3.0,0.5,0.1831243452616036,0.07006369426751592,0.10426540284360189,0.05275779376498801,0.631901741027832,classical,tile_00252,synth,"[512, 512]"
159,109,85,74,24,41,19,0.7940634846781055,424,331,106,318,225,423,278,137,0.32387706855791965,0.49280575539568344,0.39087018544935814,0.25,0.3202416918429003,0.280794701986755,0.2660518566156619,0.18067882462819534,0.016204614635765297,1.6378056801532397,266,123,68,0.2556390977443609,0.5528455284552846,0.3496143958868894,1.4445696685306868,1.4142135623730951,2.8284271247461903,0.20588235294117646,0.20588235294117646,54,0.5036969865495445,0.7940634846781055,0.6343283582089553,0.4644808743169399,0.2523364485981308,1.3025145377503318,0.5402358678272074,0.7622786699231243,0.8368189689623019,0.8938707729468599,0.8644045209140526,25.632011235952593,10.198039027185569,0,0,True,True,1.0,695,3.0,0.5,0.20384014444425702,0.3993759750390016,0.330749354005168,0.5039370078740157,0.5304796695709229,classical,tile_00253,synth,"[512, 512]"
186,304,99,87,205,79,96,0.6877921178322232,508,799,61,447,738,508,799,84,0.16535433070866143,0.10513141426783479,0.12853863810252486,0.12007874015748031,0.07634543178973717,0.09334353481254783,0.38617464763300074,0.27236831117759236,0.15102989253377738,1.6625006147034338,323,71,35,0.10835913312693499,0.49295774647887325,0.17766497461928935,1.4847481240423797,1.4142135623730951,3.0,0.02857142857142857,0.02857142857142857,34,0.27792416189955144,0.6877921178322232,0.40408163265306124,0.2531969309462916,0.06986899563318777,2.7209940389750233,1.7467907736937427,0.9742032652812807,0.8913546527066499,0.6646754281162883,0.761503961514552,36.124783736376884,14.866068747318506,0,0,True,True,1.0,1511,3.0,0.5,0.27218807116150856,0.13257575757575757,0.14893617021276595,0.11945392491467577,0.46781206130981445,classical,tile_00254,synth,"[512, 512]"
152,174,145,7,29,0,19,0.9307248302489053,400,464,305,95,159,400,464,315,0.7875,0.6788793103448276,0.7291666666666667,0.7625,0.6573275862068966,0.7060185185185185,0.1200402495402553,0.05587263483402118,0.024916991809923246,3.0,249,291,218,0.8755020080321285,0.7491408934707904,0.8074074074074075,0.972202676994461,1.0,2.23606797749979,0.6238532110091743,0.6238532110091743,82,0.8279454011416642,0.9307248302489053,0.8895705521472392,0.8011049723756906,0.689119170984456,0.5285016868195586,0.39748771557897056,0.131013971240588,0.994730370630599,0.9375173013801558,0.9652768081267903,26.476404589747453,5.830951894845301,0,0,True,True,1.0,372,3.0,0.5,0.21447817469015718,0.7397260273972603,0.783641160949868,0.7004716981132075,0.4359128475189209,classical,tile_00255,synth,"[512, 512]"
142,177,117,25,60,17,30,0.8464504257217114,374,455,174,200,281,373,455,197,0.5281501340482574,0.432967032967033,0.4758454106280194,0.46524064171123,0.3824175824175824,0.4197828709288299,0.3379269090155315,0.18455723996171738,0.2278027401689944,6.258175625493581,233,131,84,0.3605150214592275,0.6412213740458015,0.46153846153846156,1.1196475901498542,1.0,2.23606797749979,0.38095238095238093,0.38095238095238093,52,0.6209072088366159,0.8464504257217114,0.7335423197492164,0.5792079207920792,0.4177777777777778,1.4614893868760035,1.0115950335998702,0.44989435327613325,0.9240693455180755,0.8389140651225243,0.8794351284587484,31.78049716414141,12.649110640673518,0,0,True,True,1.0,618,3.0,0.5,0.22027392592281103,0.469038208168643,0.5071225071225072,0.4362745098039216,0.449840784072876,classical,tile_00256,synth,"[512, 512]"
69,133,34,35,99,32,34,0.7413468987876951,167,354,15,152,339,165,354,22,0.13333333333333333,0.062146892655367235,0.08477842003853564,0.08982035928143713,0.0423728813559322,0.057581573896353176,0.11248624435553707,0.09482205552676465,-0.019894076023746595,0.4236851498508018,99,222,50,0.5050505050505051,0.22522522522522523,0.31152647975077885,1.130012421922064,1.0,2.561865508485308,0.06,0.06,47,0.2495623223641746,0.7413468987876951,0.33663366336633666,0.20238095238095238,0.0918918918918919,2.342803672046632,1.8718343626185567,0.47096930942807547,0.6960113287703564,0.6281665282392026,0.6603509002879707,69.0,26.076809620810597,0,0,True,True,1.0,672,3.0,0.5,0.16730667697265744,0.08730158730158732,0.13414634146341464,0.06470588235294118,0.6613662242889404,classical,tile_00257,synth,"[512, 512]"
311,350,293,18,57,3,39,0.9180982247203161,864,1068,656,208,412,864,977,709,0.8206018518518519,0.7256908904810645,0.7702335687126562,0.7592592592592593,0.6142322097378277,0.6790890269151139,0.1686034702540838,0.06307748447790279,0.07794135511886899,6.151198614355891,554,628,521,0.9404332129963899,0.8296178343949044,0.8815566835871403,1.1038330270633656,1.0,2.23606797749979,0.7197696737044146,0.7197696737044146,146,0.8139267166204315,0.9180982247203161,0.886535552193646,0.7961956521739131,0.690537084398977,0.7333002221485663,0.4764645090295847,0.25683571311898157,0.996287370546473,0.9578052453256368,0.9766673919242231,23.0,2.23606797749979,0,0,True,True,1.0,841,3.0,0.5,0.411590576171875,0.7424708051628764,0.760705289672544,0.7250900360144058,0.5819525718688965,classical,tile_00258,synth,"[512, 512]"
181,258,125,56,133,40,83,0.7477160313668755,486,767,120,366,647,485,685,154,0.31752577319587627,0.22481751824817517,0.26324786324786326,0.24691358024691357,0.15645371577574968,0.19154030327214686,0.3758671775925791,0.22225949418327057,0.20730165938926176,3.0311875105092234,306,357,129,0.4215686274509804,0.36134453781512604,0.3891402714932127,1.4961773099973963,1.4142135623730951,2.8284271247461903,0.16279069767441862,0.16279069767441862,108,0.4258063959948038,0.7477160313668755,0.5694760820045558,0.3980891719745223,0.1769436997319035,1.861474917630293,1.2596238254669547,0.6018510921633382,0.9190630797773655,0.7691201070592172,0.8374326907462166,31.38470965295043,14.035668847618199,0,0,True,True,1.0,1310,3.0,0.5,0.27863135002553463,0.2671683913452493,0.30669546436285094,0.23666666666666666,0.5647685527801514,classical,tile_00259,synth,"[512, 512]"
220,239,214,6,25,1,18,0.9265288685919023,600,656,519,81,137,600,656,529,0.8816666666666667,0.8064024390243902,0.8423566878980893,0.865,0.7911585365853658,0.8264331210191083,0.13772054228388148,0.060148200034496856,0.06216127566753046,3.17826124666495,381,418,322,0.8451443569553806,0.7703349282296651,0.8060075093867335,1.2150615023558093,1.0,2.23606797749979,0.8136645962732919,0.8136645962732919,60,0.8639528447872205,0.9265288685919023,0.9324618736383442,0.8734693877551021,0.7790697674418605,0.5546154922714728,0.35889546223655217,0.19572003003492067,0.9940543271285898,0.9654588814524194,0.9795479556552624,26.627053911388696,2.0,0,0,True,True,1.0,309,3.0,0.5,0.2971872319467366,0.8416523235800343,0.8701067615658363,0.815,0.5533554553985596,classical,tile_00260,synth,"[512, 512]"
154,203,134,20,69,7,46,0.8400814770284081,413,546,213,200,333,413,546,237,0.5738498789346247,0.4340659340659341,0.4942648592283629,0.5157384987893463,0.3901098901098901,0.4442127215849844,0.18620779276719257,0.08990527822400404,0.046499154566062184,3.0890662605619967,260,344,176,0.676923076923077,0.5116279069767442,0.5827814569536425,1.3552487836252909,1.4142135623730951,2.38415776431139,0.42045454545454547,0.42045454545454547,102,0.6306494001221663,0.8400814770284081,0.7507002801120448,0.600896860986547,0.4,0.9916325414827564,0.7549859531939538,0.2366465882888026,0.9756036322550948,0.8715408517638458,0.9206409438957438,29.832867780352597,12.41751103963947,0,0,True,True,1.0,724,3.0,0.5,0.24366607796400785,0.49396267837541163,0.5610972568578554,0.4411764705882353,0.5023245811462402,classical,tile_00261,synth,"[512, 512]"
79,127,45,34,82,38,43,0.6943055780374938,203,392,30,173,362,203,331,45,0.22167487684729065,0.13595166163141995,0.16853932584269662,0.1477832512315271,0.07653061224489796,0.10084033613445378,0.2384568348805118,0.15466488808654005,0.02915820568426277,1.2230412210657797,125,205,65,0.52,0.3170731707317073,0.3939393939393939,1.432671687493521,1.4142135623730951,2.8284271247461903,0.12307692307692308,0.12307692307692308,57,0.3033373884629827,0.6943055780374938,0.4368932038834951,0.2795031055900621,0.07853403141361257,2.100819934853469,1.5491929959883377,0.551626938865131,0.7884390488388929,0.6654349200175038,0.7217336394233319,64.28063471995279,25.298221281347036,0,0,True,True,1.0,708,3.0,0.5,0.20870186109095812,0.17269076305220882,0.22164948453608246,0.14144736842105263,0.6920487880706787,classical,tile_00262,synth,"[512, 512]"
101,118,98,3,20,1,15,0.9118055562968367,265,313,206,59,107,265,313,222,0.8377358490566038,0.7092651757188498,0.768166089965398,0.7773584905660378,0.65814696485623,0.71280276816609,0.1287393359278477,0.041583835500401775,0.06499525462873805,1.346069499683239,165,196,142,0.8606060606060606,0.7244897959183674,0.7867036011080333,1.2508752167829724,1.0,2.23606797749979,0.6830985915492958,0.6830985915492958,45,0.8160451554072146,0.9118055562968367,0.8949771689497716,0.8099173553719008,0.6466165413533834,0.5629377525861434,0.43059296512895756,0.13234478745718586,0.98223485521407,0.9358169785486079,0.9584642482037248,29.410882339705484,6.0,0,0,True,True,1.0,234,3.0,0.5,0.23661108082160354,0.7531992687385741,0.8174603174603174,0.6983050847457627,0.5194876194000244,classical,tile_00263,synth,"[512, 512]"
118,106,92,26,14,8,10,0.908501480384172,308,280,195,113,85,307,280,207,0.6742671009771987,0.7392857142857143,0.7052810902896082,0.6331168831168831,0.6964285714285714,0.6632653061224489,0.1066835209168756,0.046511627906976744,0.03919229964218128,1.115875018374083,191,175,145,0.7591623036649214,0.8285714285714286,0.7923497267759563,1.3183511161408805,1.4142135623730951,2.23606797749979,0.696551724137931,0.696551724137931,44,0.7462690731727127,0.908501480384172,0.8214285714285714,0.696969696969697,0.5342465753424658,0.5319044373878781,0.2918241403835661,0.24008029700431194,0.9107884967030532,0.9651856360316494,0.9371983964396852,42.0,13.341664064126334,0,0,True,True,1.0,282,3.0,0.5,0.2362943380139768,0.7090909090909091,0.6818181818181818,0.7386363636363636,0.55733323097229,classical,tile_00264,synth,"[512, 512]"
134,227,58,76,169,69,54,0.6732227734380442,358,594,18,340,576,354,594,42,0.11864406779661017,0.0707070707070707,0.08860759493670886,0.05027932960893855,0.030303030303030304,0.037815126050420166,0.5350354056423325,0.4615689793299617,0.19573656605365577,1.8360112118301186,225,30,9,0.04,0.3,0.07058823529411766,2.1269039581923277,2.8284271247461903,2.931370849898476,0.0,0.0,9,0.21632643135405297,0.6732227734380442,0.32132963988919666,0.19141914191419143,0.0463768115942029,3.1305323022514093,2.114885365778839,1.0156469364725702,0.6749648099738589,0.6075763747454175,0.6395002004000491,43.174066289845804,18.027756377319946,0,0,True,True,1.0,1170,3.0,0.5,0.2632232401520014,0.08716707021791767,0.10778443113772455,0.07317073170731707,0.7408232688903809,classical,tile_00265,synth,"[512, 512]"
267,435,170,97,265,76,130,0.7433893107489248,741,1238,160,581,1078,738,1202,189,0.25609756097560976,0.1572379367720466,0.1948453608247423,0.21592442645074225,0.12924071082390953,0.1616978271854472,0.2694440002900409,0.11136775096580953,0.09011573315842696,3.977830847657217,475,742,286,0.6021052631578947,0.38544474393531,0.4700082169268694,1.2595414106206493,1.0,2.23606797749979,0.12937062937062938,0.12937062937062938,249,0.36004610492113165,0.7433893107489248,0.4843304843304843,0.31954887218045114,0.1396103896103896,1.9981745822509027,1.4847958919452051,0.5133786903056976,0.9241638743124486,0.7515610953179289,0.828973281677277,33.54101966249684,12.041594578792296,0,0,True,True,1.0,2270,3.0,0.5,0.29607957089319825,0.1909251620506777,0.23893805309734514,0.1589793915603533,0.5516185760498047,classical,tile_00266,synth,"[512, 512]"
201,246,182,19,64,6,36,0.8835792215866527,541,674,346,195,328,540,674,366,0.6777777777777778,0.543026706231454,0.6029654036243822,0.6395563770794824,0.5133531157270029,0.5695473251028806,0.15733222141766004,0.06961133476485147,0.08529806530369995,2.649833028962886,341,429,295,0.8651026392961877,0.6876456876456877,0.7662337662337663,1.3072539687630216,1.0,2.8284271247461903,0.49491525423728816,0.49491525423728816,149,0.7195141759676545,0.8835792215866527,0.814317673378076,0.6867924528301886,0.5413793103448276,0.9591761277430477,0.7030512158116393,0.25612491193140846,0.9727366664017169,0.9153334068924933,0.9431624169681824,29.0,7.810249675906654,0,0,True,True,1.0,755,3.0,0.5,0.2727836202830076,0.5971479500891266,0.6594488188976378,0.5456026058631922,0.7382264137268066,classical,tile_00267,synth,"[512, 512]"
83,122,62,21,60,15,36,0.8133811545215976,211,316,67,144,249,211,316,78,0.3696682464454976,0.2468354430379747,0.29601518026565465,0.3175355450236967,0.2120253164556962,0.25426944971537,0.20307807131746952,0.10557772603550732,0.08066450157251705,1.3879829545313749,129,195,75,0.5813953488372093,0.38461538461538464,0.46296296296296297,1.5451095107011363,1.4142135623730951,3.0,0.24,0.24,57,0.49199640566184444,0.8133811545215976,0.6048780487804878,0.43356643356643354,0.25766871165644173,1.34803652009903,1.0429241709215815,0.30511234917744856,0.9197035206917851,0.7878859632506157,0.8487069065713126,30.886890422961002,20.248456731316587,0,0,True,True,1.0,531,3.0,0.5,0.2135124122723937,0.29980276134122286,0.37438423645320196,0.25,0.500375509262085,classical,tile_00268,synth,"[512, 512]"
292,370,244,48,126,18,70,0.8740252824762011,808,1033,435,373,598,805,1033,456,0.5664596273291925,0.441432720232333,0.49619151251360166,0.5383663366336634,0.42110358180058083,0.4725692558392178,0.17771718896195976,0.07540535085397346,0.07262967913304823,6.299349422465039,517,664,450,0.8704061895551257,0.677710843373494,0.7620660457239626,1.215836543003414,1.0,2.23606797749979,0.3977777777777778,0.3977777777777778,271,0.6442965828525471,0.8740252824762011,0.7371601208459214,0.583732057416268,0.4422657952069717,1.085065041188781,0.7906307893972535,0.2944342517915274,0.9638620422148236,0.9082385676264215,0.9352239682085296,24.041630560342615,7.0,0,0,True,True,1.0,1416,3.0,0.5,0.34385068621486425,0.48473967684021546,0.5487804878048781,0.4340836012861736,0.7785892486572266,classical,tile_00269,synth,"[512, 512]"
96,114,86,10,28,0,14,0.9033248672511968,252,482,87,165,395,252,293,167,0.6626984126984127,0.5699658703071673,0.6128440366972476,0.34523809523809523,0.18049792531120332,0.23705722070844687,0.9249287368479103,0.7004715445602153,0.9047111282089343,5.760914487355245,157,45,38,0.24203821656050956,0.8444444444444444,0.3762376237623762,1.3985349980620156,1.2071067811865475,2.23606797749979,0.47368421052631576,0.47368421052631576,20,0.7398660817485992,0.9033248672511968,0.819047619047619,0.6935483870967742,0.640625,1.1701881851124047,0.7430963170764484,0.42709186803595633,0.9822327681000058,0.8922975060693004,0.9351077029082122,42.01190307520001,9.848857801796104,0,0,True,True,1.0,618,3.0,0.5,0.29602235089987516,0.5714285714285714,0.563265306122449,0.5798319327731093,0.574639081954956,classical,tile_00270,synth,"[512, 512]"
136,171,120,16,51,13,31,0.844202875486106,356,453,189,167,264,356,453,222,0.6235955056179775,0.4900662251655629,0.5488257107540173,0.5308988764044944,0.41721854304635764,0.4672435105067985,0.21056982173234823,0.10456590050108369,0.04596558730116294,2.2723274653170047,221,283,140,0.6334841628959276,0.49469964664310956,0.5555555555555556,1.3782537379046937,1.4142135623730951,2.8284271247461903,0.4142857142857143,0.4142857142857143,82,0.6599631599891382,0.844202875486106,0.7817589576547231,0.6417112299465241,0.4413145539906103,1.044135234257964,0.7636362554797449,0.28049897877821894,0.958654832523081,0.8481421647819063,0.9000187471503912,33.24154027718932,15.14756598961728,0,0,True,True,1.0,580,3.0,0.5,0.248568344861269,0.5501955671447197,0.6169590643274854,0.4964705882352941,0.6025159358978271,classical,tile_00271,synth,"[512, 512]"
100,132,81,19,51,12,30,0.8371311584848308,263,435,99,164,336,262,349,140,0.5343511450381679,0.40114613180515757,0.4582651391162029,0.376425855513308,0.22758620689655173,0.28366762177650434,0.2652054241134091,0.1153726522339386,0.10403230886841215,3.9868548096680714,164,218,106,0.6463414634146342,0.48623853211009177,0.5549738219895288,1.3169414683214948,1.4142135623730951,2.23606797749979,0.33962264150943394,0.33962264150943394,70,0.584548481355787,0.8371311584848308,0.6982758620689655,0.5364238410596026,0.3488372093023256,1.2905775914838018,0.9459902472546866,0.34458734422911524,0.9269442262372348,0.8133917283727651,0.866463471362597,49.040799340956916,20.09975124224178,0,0,True,True,1.0,640,3.0,0.5,0.2219992857426405,0.4463971880492091,0.49609375,0.4057507987220447,0.500385046005249,classical,tile_00272,synth,"[512, 512]"
94,154,25,69,129,64,55,0.6372591966920426,248,409,4,244,405,239,409,8,0.03347280334728033,0.019559902200488997,0.024691358024691357,0.016129032258064516,0.009779951100244499,0.0121765601217656,0.2816125284475626,0.22677180176859252,0.2816125284475626,0.5963414599262656,155,256,29,0.1870967741935484,0.11328125,0.1411192214111922,1.525910610322911,1.4142135623730951,3.0,0.06896551724137931,0.06896551724137931,27,0.12847967675242794,0.6372591966920426,0.20161290322580644,0.11210762331838565,0.0205761316872428,2.7417636130058023,1.9203044398158213,0.8214591731899812,0.602480996129273,0.5759369755733731,0.588910032065743,55.226805085936306,21.02379604162864,0,0,True,True,1.0,874,3.0,0.5,0.19675604812800884,0.022838499184339316,0.030303030303030304,0.01832460732984293,0.7069833278656006,classical,tile_00273,synth,"[512, 512]"
147,148,147,0,1,0,1,0.9813644813228465,394,397,391,3,6,394,397,393,0.9974619289340102,0.9899244332493703,0.9936788874841973,0.9923857868020305,0.9848866498740554,0.988621997471555,0.046383424058792096,0.027784288997673483,-0.0023928354779394687,1.246238461598933,248,250,245,0.9879032258064516,0.98,0.9839357429718876,0.8304192159507278,1.0,2.23606797749979,0.9918367346938776,0.9918367346938776,2,0.978037822064125,0.9813644813228465,0.9966101694915255,0.9932432432432432,0.9798657718120806,0.17003664357564513,0.0905479321405723,0.07948871143507284,0.9996980828259447,0.9963703261734288,0.9980314305555954,19.026297590440446,1.0,0,0,True,True,1.0,12,3.0,0.5,0.24367106100544333,0.9919999999999999,1.0,0.9841269841269841,0.5121593475341797,classical,tile_00274,synth,"[512, 512]"
104,164,15,89,149,85,52,0.6518263863562734,271,581,1,270,580,264,422,5,0.01893939393939394,0.011848341232227487,0.014577259475218658,0.0036900369003690036,0.0017211703958691911,0.002347417840375587,0.2859407142347647,0.2859407142347647,0.2859407142347647,0.2859407142347647,168,104,8,0.047619047619047616,0.07692307692307693,0.058823529411764705,1.8830618877807475,2.0,2.9399494936611665,0.0,0.0,8,0.07296564026376195,0.6518263863562734,0.11194029850746269,0.05928853754940711,0.007518796992481203,3.5207839816178694,2.3036773134018835,1.217106668215986,0.6000904159132007,0.4799139167862267,0.5333159010704266,38.18376618407357,19.235384061671343,0,0,True,True,1.0,1096,3.0,0.5,0.27091028029099107,0.01342281879194631,0.015810276679841896,0.011661807580174927,0.7578823566436768,classical,tile_00275,synth,"[512, 512]"
88,170,31,57,139,64,39,0.7157045096426369,226,459,11,215,448,221,459,17,0.07692307692307693,0.037037037037037035,0.05,0.048672566371681415,0.023965141612200435,0.032116788321167884,0.2446356123863615,0.09024140854300994,0.08769290284410518,1.0188572938398646,139,290,52,0.37410071942446044,0.1793103448275862,0.24242424242424243,1.0887781900260802,1.0,2.23606797749979,0.019230769230769232,0.019230769230769232,51,0.17199100619319183,0.7157045096426369,0.24031007751937986,0.13656387665198239,0.053061224489795916,2.794384950270332,2.1886643570626623,0.6057205932076698,0.672985059457262,0.5805639691139457,0.6233675243133077,42.05948168962618,22.360679774997898,0,0,True,True,1.0,910,3.0,0.5,0.2236116831190884,0.04680187207488299,0.07281553398058252,0.034482758620689655,0.7755899429321289,classical,tile_00276,synth,"[512, 512]"
163,199,147,16,52,3,29,0.8958446053673127,435,595,246,189,349,435,528,285,0.6551724137931034,0.5397727272727273,0.5919003115264797,0.5655172413793104,0.4134453781512605,0.47766990291262135,0.22382211489281625,0.11498176402883958,0.1098889190033513,4.562124634379532,273,267,187,0.684981684981685,0.700374531835206,0.6925925925925926,1.2850078863879097,1.0,2.948528137423855,0.48663101604278075,0.48663101604278075,96,0.7275644032541159,0.8958446053673127,0.8121546961325967,0.6837209302325581,0.5603448275862069,0.9900517691894103,0.7010867350439083,0.288965034145502,0.9904067232220725,0.8809069129544113,0.9324531305243676,35.510561809129406,13.0,0,0,True,True,1.0,702,3.0,0.5,0.27817615680396557,0.5691609977324262,0.5990453460620525,0.5421166306695464,0.5701370239257812,classical,tile_00277,synth,"[512, 512]"
169,298,47,122,251,122,93,0.6756554153609169,457,973,9,448,964,453,797,17,0.037527593818984545,0.02132998745294856,0.0272,0.019693654266958426,0.009249743062692703,0.012587412587412587,0.6117437752899864,0.19150889189027584,0.33160111560618,3.904324501608966,289,316,61,0.21107266435986158,0.1930379746835443,0.20165289256198346,1.5226396557370425,1.4142135623730951,3.0,0.01639344262295082,0.01639344262295082,60,0.13599916283495972,0.6756554153609169,0.2012847965738758,0.11190476190476191,0.033185840707964605,3.2492833101630483,2.1915348093511993,1.057748500811849,0.8049275362318841,0.6017919362867098,0.6886929626874466,36.71511950137164,15.811388300841896,0,0,True,True,1.0,1845,3.0,0.5,0.2867661938071251,0.02490421455938697,0.030878859857482184,0.02086677367576244,0.7356247901916504,classical,tile_00278,synth,"[512, 512]"
148,203,108,40,95,32,56,0.7968790952488574,393,552,142,251,410,392,552,172,0.4387755102040816,0.3115942028985507,0.3644067796610169,0.361323155216285,0.2572463768115942,0.3005291005291005,0.19717243904119425,0.0886145606225873,0.07518584210238725,1.2263397142680272,246,350,157,0.6382113821138211,0.44857142857142857,0.5268456375838926,1.2836467689938784,1.4142135623730951,2.23606797749979,0.29936305732484075,0.29936305732484075,110,0.4903871355377584,0.7968790952488574,0.6153846153846154,0.4444444444444444,0.23591549295774647,1.4703443781887664,1.0587015664984367,0.41164281169032974,0.8556504802797574,0.8049589451118392,0.8295310112767923,35.22782990761707,12.649110640673518,0,0,True,True,1.0,906,3.0,0.5,0.22690640902146697,0.3596004439511654,0.42408376963350786,0.31213872832369943,0.7067630290985107,classical,tile_00279,synth,"[512, 512]"
243,381,145,98,236,85,108,0.7207615477694782,660,1068,124,536,944,653,1068,164,0.25114854517611024,0.15355805243445692,0.19058686809994188,0.18787878787878787,0.11610486891385768,0.14351851851851852,0.294445290003306,0.15913096262410836,0.15313894672632516,2.249691300443126,418,688,223,0.5334928229665071,0.3241279069767442,0.40325497287522605,1.4264469467652268,1.4142135623730951,3.0,0.13004484304932734,0.13004484304932734,194,0.33496930905953315,0.7207615477694782,0.46474358974358976,0.302713987473904,0.1263537906137184,2.2668995838444843,1.6741646540254558,0.5927349298190286,0.8033548642235697,0.7374379464826251,0.7689864039517814,30.4138126514911,12.529964086141668,0,0,True,True,1.0,2008,3.0,0.5,0.28403413109481335,0.18835840418574235,0.24201680672268908,0.15417558886509636,0.7627701759338379,classical,tile_00280,synth,"[512, 512]"
138,161,127,11,34,2,21,0.8753911624321843,366,413,229,137,184,366,413,251,0.6857923497267759,0.6077481840193705,0.6444159178433889,0.6256830601092896,0.5544794188861986,0.5879332477535302,0.46577047458580223,0.22602141829262326,0.32876275244032066,12.124249268759064,229,13,9,0.039301310043668124,0.6923076923076923,0.0743801652892562,0.8238015069303439,1.0,1.765685424949238,0.1111111111111111,0.1111111111111111,8,0.7436433286213204,0.8753911624321843,0.8494983277591973,0.7383720930232558,0.6338797814207651,1.2133602349812207,0.735808926110801,0.4775513088704198,0.9841671101649814,0.8776891768419304,0.9278834535443361,30.0,9.433981132056603,0,0,True,True,1.0,374,3.0,0.5,0.2848363919183612,0.6191860465116279,0.6396396396396397,0.6,0.5319240093231201,classical,tile_00281,synth,"[512, 512]"
107,143,84,23,59,23,36,0.8227441397974118,277,453,99,178,354,277,377,135,0.48736462093862815,0.35809018567639256,0.4128440366972477,0.3574007220216607,0.2185430463576159,0.2712328767123288,0.23165950567717214,0.11159065785031567,0.11630454352112732,1.9439043950244617,171,235,107,0.6257309941520468,0.4553191489361702,0.5270935960591133,1.1205881442191004,1.0,2.8284271247461903,0.2803738317757009,0.2803738317757009,77,0.5528840619438607,0.8227441397974118,0.672,0.5060240963855421,0.32978723404255317,1.449486926080607,1.0291406625249706,0.42034626355563626,0.8716198881420288,0.8107254010055064,0.8400705704075603,38.07886552931954,14.866068747318506,0,0,True,True,1.0,691,3.0,0.5,0.25000107288360596,0.4071661237785016,0.4699248120300752,0.35919540229885055,0.5586390495300293,classical,tile_00282,synth,"[512, 512]"
155,205,125,30,80,7,39,0.8626974412010646,413,669,164,249,505,413,544,214,0.5181598062953995,0.39338235294117646,0.4472309299895506,0.39709443099273606,0.24514200298953662,0.30314232902033267,0.456408105126141,0.21158654933256232,0.32502732997561795,8.337375825702104,259,219,112,0.43243243243243246,0.5114155251141552,0.4686192468619247,1.4262315291590124,1.4142135623730951,3.0,0.36607142857142855,0.36607142857142855,71,0.5990954452785171,0.8626974412010646,0.6944444444444444,0.5319148936170213,0.41732283464566927,1.4105482175611508,0.9506410622068682,0.45990715535428256,0.9732359098559172,0.8456834532374101,0.9049873477204551,46.52956049652737,13.038404810405298,0,0,True,True,1.0,935,3.0,0.5,0.2676663617603481,0.39520958083832336,0.42091836734693877,0.3724604966139955,0.5087535381317139,classical,tile_00283,synth,"[512, 512]"
215,329,137,78,192,49,85,0.769452023467511,584,868,110,474,758,581,868,142,0.24440619621342513,0.16359447004608296,0.19599723947550035,0.18835616438356165,0.12672811059907835,0.15151515151515152,0.4531331035801008,0.20717754322688325,0.31012978632622307,10.31642653983498,370,290,126,0.34054054054054056,0.43448275862068964,0.38181818181818183,1.3958562125807317,1.4142135623730951,2.6803373379345903,0.0873015873015873,0.0873015873015873,115,0.3875548794670919,0.769452023467511,0.5036764705882353,0.3366093366093366,0.18518518518518517,2.3004308415902006,1.5694419962627921,0.7309888453274086,0.8738461538461538,0.7688743438532823,0.8180063365716979,28.600699292150182,11.40175425099138,0,0,True,True,1.0,1617,3.0,0.5,0.29551111720502377,0.19299610894941632,0.22586520947176686,0.16847826086956522,0.7062981128692627,classical,tile_00284,synth,"[512, 512]"
177,229,156,21,73,3,41,0.8964970304926928,469,611,282,187,329,468,611,298,0.6367521367521367,0.4877250409165303,0.5523632993512511,0.6012793176972282,0.46153846153846156,0.5222222222222223,0.11869211722048158,0.05843166915370096,0.015470834789079398,1.1819682642123657,293,383,264,0.9010238907849829,0.6892950391644909,0.7810650887573964,1.0719221013043005,1.0,2.23606797749979,0.49242424242424243,0.49242424242424243,134,0.688933678605222,0.8964970304926928,0.7684729064039408,0.624,0.48175182481751827,0.8517802213937491,0.6968392679046875,0.15494095348906156,0.9883437786914694,0.8756800322385654,0.9286071421539546,46.010868281309364,14.142135623730951,0,0,True,True,1.0,744,3.0,0.5,0.27585824485868216,0.5434343434343434,0.6226851851851852,0.482078853046595,0.8127493858337402,classical,tile_00285,synth,"[512, 512]"
240,254,232,8,22,0,14,0.9027910845106475,658,675,521,137,154,658,675,553,0.8404255319148937,0.8192592592592592,0.8297074268567143,0.7917933130699089,0.7718518518518519,0.781695423855964,0.5458349506107824,0.2543602957849338,0.453749615983201,13.336294005641141,419,162,146,0.34844868735083534,0.9012345679012346,0.5025817555938038,1.3742889946210013,1.4142135623730951,2.8284271247461903,0.7534246575342466,0.7534246575342466,36,0.8479657150059523,0.9027910845106475,0.9392712550607287,0.8854961832061069,0.8432835820895522,1.0338418541451853,0.5381420088757627,0.49569984526942257,0.995325737657026,0.9486834733893558,0.9714450657834475,17.72004514666935,3.1622776601683795,0,0,True,True,1.0,357,3.0,0.5,0.3767374469898641,0.7952822240943556,0.7712418300653595,0.8208695652173913,0.5885367393493652,classical,tile_00286,synth,"[512, 512]"
479,117,41,438,76,77,50,0.6158014894553958,1334,295,15,1319,280,1318,295,20,0.015174506828528073,0.06779661016949153,0.024798512089274645,0.011244377811094454,0.05084745762711865,0.01841620626151013,0.3209855267546618,0.37135114562809424,-0.1958324158030454,0.5781363912657316,856,52,29,0.03387850467289719,0.5576923076923077,0.06387665198237885,1.5042427100336433,1.4142135623730951,2.5914834658476287,0.0,0.0,29,0.08472436599889674,0.6158014894553958,0.13758389261744966,0.07387387387387387,0.00505902192242833,2.6354327810047664,0.5501238412741116,2.085308939730655,0.5357443431841681,0.9054292434339475,0.6731716426493117,30.0,14.035668847618199,0,0,True,True,1.0,2142,3.0,0.5,0.2694411282427609,0.027879677182685254,0.01743119266055046,0.0695970695970696,0.9652886390686035,classical,tile_00287,synth,"[512, 512]"
166,217,136,30,81,16,48,0.8412995189855849,443,803,163,280,640,443,592,233,0.5259593679458239,0.3935810810810811,0.4502415458937198,0.36794582392776526,0.20298879202988793,0.2616372391653291,0.2705010452500246,0.06571751863505487,0.1588982037419641,5.8893921848284725,278,376,224,0.8057553956834532,0.5957446808510638,0.6850152905198778,0.9117009747206355,1.0,2.0,0.35267857142857145,0.35267857142857145,145,0.5974764207939401,0.8412995189855849,0.7101827676240209,0.5506072874493927,0.36298932384341637,1.3313978442103116,0.9178185666176089,0.41357927759270274,0.9472893401015229,0.8565305825947988,0.8996267090233246,32.0,11.0,0,0,True,True,1.0,1176,3.0,0.5,0.27507325215265155,0.43902439024390244,0.4647887323943662,0.41596638655462187,0.5017755031585693,classical,tile_00288,synth,"[512, 512]"
206,263,180,26,83,20,52,0.8442074583082874,562,795,286,276,509,561,706,337,0.6007130124777184,0.4773371104815864,0.531965272296764,0.5088967971530249,0.35974842767295595,0.421518054532056,0.30654489028642345,0.11815562861589429,0.17832922674578655,6.631282593978988,357,350,219,0.6134453781512605,0.6257142857142857,0.6195190947666196,1.0445154912359826,1.0,2.23606797749979,0.4520547945205479,0.4520547945205479,120,0.6480057249274701,0.8442074583082874,0.767590618336887,0.6228373702422145,0.425531914893617,1.253529423021256,0.8458253909461388,0.4077040320751171,0.9681169886261058,0.8699012031693241,0.9163849813606685,36.76955262170047,9.219544457292887,0,0,True,True,1.0,1014,3.0,0.5,0.2927012722939253,0.5066430469441984,0.5345794392523364,0.48148148148148145,0.5001523494720459,classical,tile_00289,synth,"[512, 512]"
226,355,146,80,209,49,96,0.7667249004145735,622,1453,102,520,1351,622,987,164,0.26366559485530544,0.1661600810536981,0.2038533250466128,0.1639871382636656,0.07019958706125258,0.09831325301204819,0.4163078246171189,0.18619562973543716,0.22961468276981953,4.1781325211239935,397,633,282,0.7103274559193955,0.44549763033175355,0.5475728155339806,1.1301220095137792,1.0,2.23606797749979,0.09929078014184398,0.09929078014184398,254,0.38534194650784076,0.7667249004145735,0.5025817555938038,0.335632183908046,0.17849898580121704,2.2083722464257205,1.458536817227414,0.7498354291983065,0.9595870931498192,0.7762321781385165,0.8582257286226006,31.827660925679098,13.0,0,0,True,True,1.0,2414,3.0,0.5,0.3585656057111919,0.1852152721364744,0.19387755102040816,0.17729393468118196,0.5177063941955566,classical,tile_00290,synth,"[512, 512]"
69,113,42,27,71,15,27,0.8090514742490706,165,354,23,142,331,162,287,36,0.2222222222222222,0.1254355400696864,0.1603563474387528,0.1393939393939394,0.06497175141242938,0.0886319845857418,0.29812286353821343,0.20935199772168603,0.20624680280737262,1.087995333395472,97,102,35,0.36082474226804123,0.3431372549019608,0.35175879396984927,1.1857320313172344,1.0,2.23606797749979,0.0,0.0,35,0.37340837273034033,0.8090514742490706,0.46153846153846156,0.3,0.18181818181818182,2.035971126413984,1.5734970501943004,0.4624740762196836,0.8803720711173908,0.70242797957414,0.7813974669994606,52.009614495783374,23.08679276123039,0,0,True,True,1.0,606,3.0,0.5,0.1884472891688347,0.15609756097560976,0.2,0.128,0.7721536159515381,classical,tile_00291,synth,"[512, 512]"
170,207,147,23,60,2,30,0.8859561887768638,458,540,250,208,290,458,540,274,0.5982532751091703,0.5074074074074074,0.5490981963927856,0.5458515283842795,0.46296296296296297,0.501002004008016,0.6168520621498521,0.326666021236359,0.547734592333934,8.650293061435844,289,21,16,0.05536332179930796,0.7619047619047619,0.1032258064516129,1.4825843344836476,1.4142135623730951,2.4270509831248424,0.25,0.25,12,0.6909048262610026,0.8859561887768638,0.7798408488063661,0.6391304347826087,0.5774058577405857,1.3294240931684358,0.8178632308056613,0.5115608623627745,0.982382112406473,0.8639885807504079,0.9193895139241565,31.25699921617557,9.219544457292887,0,0,True,True,1.0,593,3.0,0.5,0.26623607287183404,0.5361050328227571,0.5493273542600897,0.5235042735042735,0.4343290328979492,classical,tile_00292,synth,"[512, 512]"
187,241,157,30,84,5,42,0.8640468820451674,512,645,266,246,379,512,645,300,0.5859375,0.46511627906976744,0.5185825410544511,0.51953125,0.4124031007751938,0.45980985306828004,0.2948815464128466,0.12514149927316642,0.17662151279992555,6.635149246096116,326,304,184,0.5644171779141104,0.6052631578947368,0.5841269841269842,1.2909496577970898,1.0,2.23606797749979,0.45108695652173914,0.45108695652173914,101,0.6339035536499593,0.8640468820451674,0.7336448598130841,0.5793357933579336,0.4657534246575342,1.2354595791955196,0.8707754964947618,0.3646840827007577,0.9589344724752156,0.8604807908335206,0.9070438287215574,35.014282800023196,10.63014581273465,0,0,True,True,1.0,840,3.0,0.5,0.2442932310514152,0.5009310986964619,0.5489795918367347,0.4606164383561644,0.44670748710632324,classical,tile_00293,synth,"[512, 512]"
199,318,146,53,172,28,85,0.801560096213507,544,872,175,369,697,544,872,203,0.37316176470588236,0.23279816513761467,0.2867231638418079,0.32169117647058826,0.2006880733944954,0.24717514124293782,0.21845016849360124,0.10873961111240653,0.06342987886475311,2.1379863846600458,346,555,236,0.6820809248554913,0.4252252252252252,0.5238623751387347,1.183714370549963,1.0,2.8284271247461903,0.2033898305084746,0.2033898305084746,188,0.4527186616911877,0.801560096213507,0.5647969052224371,0.3935309973045822,0.23095238095238096,1.5124576873117062,1.2070337550604942,0.305423932251212,0.960107262241487,0.7697642163661581,0.8544637257579784,38.0,14.422205101855956,0,0,True,True,1.0,1479,3.0,0.5,0.23871809290722013,0.2803738317757009,0.3543307086614173,0.23195876288659795,0.4604227542877197,classical,tile_00294,synth,"[512, 512]"
221,393,55,166,338,167,134,0.6515907645809692,600,1152,9,591,1143,595,1085,15,0.025210084033613446,0.013824884792626729,0.017857142857142856,0.015,0.0078125,0.010273972602739725,0.1900147326338778,0.14595603267215562,0.07386128059784679,0.5732220707484712,380,630,111,0.29210526315789476,0.1761904761904762,0.2198019801980198,1.2953397138666392,1.0,2.914213562373095,0.0,0.0,111,0.1167345017978935,0.6515907645809692,0.1791530944625407,0.09838998211091235,0.019933554817275746,2.9893477278968312,2.0938783893860196,0.8954693385108118,0.7703587838498387,0.6090160381447768,0.6802514400137263,29.206163733020468,13.92838827718412,0,0,True,True,1.0,2349,3.0,0.5,0.23923588125035167,0.018018018018018018,0.023853211009174313,0.014476614699331848,0.6883101463317871,classical,tile_00295,synth,"[512, 512]"
91,122,75,16,47,5,29,0.8550555540247085,233,318,107,126,211,231,318,122,0.5281385281385281,0.3836477987421384,0.4444444444444445,0.4592274678111588,0.33647798742138363,0.38838475499092556,0.09883007192597026,0.04699430287316875,0.022602280679985567,0.870933849729497,143,197,117,0.8181818181818182,0.5939086294416244,0.6882352941176471,1.0135643472635325,1.0,2.23606797749979,0.36752136752136755,0.36752136752136755,74,0.6021517986089495,0.8550555540247085,0.704225352112676,0.5434782608695652,0.35668789808917195,0.9427339459940782,0.7672984512357399,0.17543549475833825,0.9605618584548893,0.8501088517300477,0.901966474537342,37.0,17.0,0,0,True,True,1.0,474,3.0,0.5,0.18296804977580905,0.4469696969696969,0.5267857142857143,0.3881578947368421,0.43219542503356934,classical,tile_00296,synth,"[512, 512]"
146,155,143,3,12,3,13,0.9381307805123142,390,415,340,50,75,390,415,352,0.9025641025641026,0.8481927710843373,0.8745341614906833,0.8717948717948718,0.8192771084337349,0.84472049689441,0.08821957685284333,0.04056129876183525,0.029502910590482642,1.885901801066649,245,261,228,0.9306122448979591,0.8735632183908046,0.9011857707509883,1.1427826980856273,1.0,2.23606797749979,0.8289473684210527,0.8289473684210527,39,0.8913800771645245,0.9381307805123142,0.9501661129568106,0.9050632911392406,0.7602339181286549,0.3944511812516617,0.26093645917060215,0.13351472208105952,0.9869587897756912,0.9731540501558646,0.9800078077552743,29.0,1.0,0,0,True,True,1.0,179,3.0,0.5,0.21599197573959827,0.8746736292428198,0.9054054054054054,0.8459595959595959,0.6620879173278809,classical,tile_00297,synth,"[512, 512]"
278,412,165,113,247,88,110,0.7265927358226393,765,1364,135,630,1229,757,1153,175,0.2311756935270806,0.15177797051170858,0.1832460732984293,0.17647058823529413,0.09897360703812316,0.12682010333489901,0.3311528352664556,0.17741125871734167,0.15770825173631664,5.1781325211239935,488,742,260,0.5327868852459017,0.3504043126684636,0.4227642276422764,1.4950543654230835,1.4142135623730951,3.0,0.08461538461538462,0.08461538461538462,238,0.34750087365430576,0.7265927358226393,0.4782608695652174,0.3142857142857143,0.12929623567921442,2.306065547256556,1.5688998296499954,0.7371657176065605,0.8781702621768624,0.767880085653105,0.8193302920865885,34.23448553724738,11.40175425099138,0,0,True,True,1.0,2457,3.0,0.5,0.2875852040015161,0.1799746514575412,0.20461095100864554,0.16063348416289594,0.701209545135498,classical,tile_00298,synth,"[512, 512]"
207,270,171,36,99,14,58,0.8588926290623987,561,742,283,278,459,560,742,299,0.5339285714285714,0.4029649595687331,0.4592933947772657,0.5044563279857398,0.38140161725067384,0.43438219493476593,0.18653689720896902,0.0799333152243608,0.07891598178074953,3.1766299011544232,355,473,292,0.8225352112676056,0.6173361522198731,0.7053140096618358,1.199084681436194,1.0,2.23606797749979,0.3493150684931507,0.3493150684931507,190,0.6158098095164368,0.8588926290623987,0.7169811320754716,0.5588235294117647,0.3786127167630058,1.0657148782346324,0.8119659380520238,0.25374894018260863,0.9499527499527499,0.8769612171432453,0.9119988514307119,26.076809620810597,10.770329614269007,0,0,True,True,1.0,1062,3.0,0.5,0.24248522007837892,0.4528925619834711,0.5199240986717267,0.4011713030746706,0.6361095905303955,classical,tile_00299,synth,"[512, 512]"
202,225,197,5,28,2,23,0.9150922690541772,549,610,453,96,157,549,610,468,0.8524590163934426,0.7672131147540984,0.8075927523727351,0.825136612021858,0.7426229508196721,0.7817083692838654,0.167793407580944,0.07538359078711311,0.0521304981116842,3.5890662605619967,348,386,283,0.8132183908045977,0.7331606217616581,0.771117166212534,1.2910248337265842,1.0,2.23606797749979,0.7455830388692579,0.7455830388692579,72,0.8443708524762197,0.9150922690541772,0.9227166276346604,0.8565217391304348,0.708,0.5464028623509469,0.37387811165590645,0.17252475069504053,0.9954894690569932,0.9431472440387745,0.9686117495540746,25.298221281347036,4.242640687119285,0,0,True,True,1.0,358,3.0,0.5,0.2598445196636021,0.7977207977207977,0.825147347740668,0.7720588235294118,0.43390488624572754,classical,tile_00300,synth,"[512, 512]"
196,289,130,66,159,38,66,0.7907861758928857,531,793,132,399,661,527,793,166,0.31499051233396586,0.20933165195460277,0.2515151515151515,0.24858757062146894,0.1664564943253468,0.19939577039274925,0.27566781938041945,0.13418366565318163,0.0924620295403523,5.498305356742881,336,476,189,0.5625,0.39705882352941174,0.46551724137931033,1.4160660544458166,1.4142135623730951,2.8284271247461903,0.15873015873015872,0.15873015873015872,159,0.42392660975701085,0.7907861758928857,0.5360824742268041,0.36619718309859156,0.22784810126582278,1.8054621203398409,1.3392781596499654,0.46618396068987544,0.8826171582572241,0.8023712690425312,0.8405833985274924,30.675723300355934,12.041594578792296,0,0,True,True,1.0,1444,3.0,0.5,0.23054215917363763,0.23953098827470687,0.29183673469387755,0.203125,0.6513838768005371,classical,tile_00301,synth,"[512, 512]"
61,123,13,48,110,54,27,0.634937687363739,145,621,0,145,621,142,320,5,0.035211267605633804,0.015625,0.021645021645021644,0.0,0.0,0.0,0.0,0.0,0.0,0.0,85,198,18,0.21176470588235294,0.09090909090909091,0.12720848056537104,1.376626208020269,1.4142135623730951,2.8541630560342615,0.0,0.0,18,0.08971945582313703,0.634937687363739,0.14130434782608695,0.07602339181286549,0.00546448087431694,3.4274294329913437,2.4970529189784116,0.9303765140129322,0.5635057300635354,0.4374534808713343,0.49254263393411296,46.010868281309364,26.88493384871217,0,0,True,True,1.0,942,3.0,0.5,0.2065255637280643,0.025380710659898477,0.03676470588235294,0.01937984496124031,0.6152560710906982,classical,tile_00302,synth,"[512, 512]"
88,111,71,17,40,4,20,0.8734335868832324,225,286,104,121,182,225,286,116,0.5155555555555555,0.40559440559440557,0.45401174168297453,0.4622222222222222,0.36363636363636365,0.4070450097847358,0.40094975736535293,0.25188511890253484,0.35955416551051356,3.193049436674481,138,11,7,0.050724637681159424,0.6363636363636364,0.09395973154362418,1.6060915267313265,1.4142135623730951,2.9485281374238568,0.14285714285714285,0.14285714285714285,6,0.6232541172734622,0.8734335868832324,0.7135678391959799,0.5546875,0.4420289855072464,1.2328666218809317,0.8711772842412591,0.3616893376396726,0.9290892476393543,0.8134700509889617,0.8674439696203293,51.0,19.1049731745428,0,0,True,True,1.0,366,3.0,0.5,0.19968265993520617,0.4564315352697096,0.497737556561086,0.421455938697318,0.4303092956542969,classical,tile_00303,synth,"[512, 512]"
164,230,117,47,113,44,73,0.7676772099575461,440,626,131,309,495,439,626,157,0.357630979498861,0.2507987220447284,0.2948356807511737,0.29772727272727273,0.20926517571884984,0.24577861163227016,0.21510071862505534,0.1413138744376022,0.04091073799172007,1.1019117758801074,277,397,155,0.5595667870036101,0.3904282115869018,0.4599406528189911,1.4627627247832418,1.4142135623730951,2.8284271247461903,0.21935483870967742,0.21935483870967742,121,0.4559301196194563,0.7676772099575461,0.5939086294416244,0.4223826714801444,0.1903323262839879,1.6525401631534073,1.1774261123532468,0.47511405080016067,0.8703650942244292,0.7789967520750631,0.822150194684718,40.0,13.152946437965905,0,0,True,True,1.0,1085,3.0,0.5,0.2126992898993194,0.3025380710659899,0.36077481840193704,0.26048951048951047,0.46325039863586426,classical,tile_00304,synth,"[512, 512]"
199,343,89,110,254,121,101,0.6774168622898317,541,943,52,489,891,535,943,68,0.12710280373831775,0.07211028632025451,0.09201623815967525,0.09611829944547134,0.05514316012725345,0.07008086253369271,0.3272651682919344,0.24431084530654085,0.06822744204635892,2.4700922050331773,343,601,106,0.30903790087463556,0.17637271214642264,0.2245762711864407,1.6556366498237336,1.4142135623730951,3.0,0.07547169811320754,0.07547169811320754,98,0.22247269647156834,0.6774168622898317,0.3284132841328413,0.19646799116997793,0.04633204633204633,2.6067479489418144,1.8905552302920765,0.7161927186497379,0.8638000067292487,0.6852402687317298,0.7642287397149488,34.0,14.866068747318506,0,0,True,True,1.0,1842,3.0,0.5,0.21136724995449185,0.08961911874533234,0.12121212121212122,0.07109004739336493,0.647040843963623,classical,tile_00305,synth,"[512, 512]"
111,164,85,26,79,12,38,0.8352187687524157,291,577,88,203,489,291,444,122,0.41924398625429554,0.2747747747747748,0.33197278911564626,0.3024054982817869,0.15251299826689774,0.20276497695852533,0.22147445771730354,0.03882769316596626,0.17834082512534957,5.651255257712007,181,281,154,0.850828729281768,0.5480427046263345,0.6666666666666666,0.6049613510078901,1.0,1.4142135623730951,0.22077922077922077,0.22077922077922077,120,0.5163170570469479,0.8352187687524157,0.6181818181818182,0.4473684210526316,0.27906976744186046,1.4005016103838626,1.110870393525598,0.28963121685826465,0.8986350650724791,0.8084092100872384,0.8511376930091238,40.718546143004666,16.278820596099706,0,0,True,True,1.0,917,3.0,0.5,0.20520609058439732,0.3277693474962064,0.38571428571428573,0.2849604221635884,0.659806489944458,classical,tile_00306,synth,"[512, 512]"
152,137,99,53,38,28,29,0.8298360888069781,405,367,163,242,204,403,367,189,0.46898263027295284,0.5149863760217984,0.4909090909090909,0.4024691358024691,0.444141689373297,0.422279792746114,0.16876772861176595,0.09508200420895836,0.028773935688830812,1.2130882867820079,254,231,146,0.5748031496062992,0.6320346320346321,0.6020618556701031,1.3363068859139244,1.0,2.8284271247461903,0.410958904109589,0.410958904109589,86,0.5685382200130853,0.8298360888069781,0.6851211072664359,0.5210526315789473,0.3256880733944954,1.0561076610918225,0.5938457928693492,0.4622618682224732,0.8180131251414348,0.8857214934409687,0.8505219051749199,46.75467891024384,13.601470508735444,0,0,True,True,1.0,623,3.0,0.5,0.18989419098943472,0.4844192634560906,0.4584450402144772,0.5135135135135135,0.47139954566955566,classical,tile_00307,synth,"[512, 512]"
208,237,192,16,45,3,25,0.8902388918327925,568,832,308,260,524,568,623,433,0.7623239436619719,0.695024077046549,0.7271200671704451,0.5422535211267606,0.3701923076923077,0.44000000000000006,0.6557697186447796,0.2824101801779634,0.6135627597713222,8.638748931870213,361,187,157,0.43490304709141275,0.839572192513369,0.572992700729927,0.8749445883706888,1.0,2.23606797749979,0.732484076433121,0.732484076433121,42,0.7682061448624546,0.8902388918327925,0.8629213483146068,0.758893280632411,0.6729323308270677,1.2458204939638873,0.6850975096917555,0.5607229842721316,0.9894009956640437,0.9116744344662954,0.9489487675095187,29.410882339705484,6.082762530298219,0,0,True,True,1.0,887,3.0,0.5,0.31656619207933545,0.6475814412635735,0.608534322820037,0.6919831223628692,0.4425663948059082,classical,tile_00308,synth,"[512, 512]"
101,116,94,7,22,0,13,0.9454738239546902,255,295,196,59,99,255,293,201,0.788235294117647,0.6860068259385665,0.7335766423357662,0.7686274509803922,0.6644067796610169,0.7127272727272727,0.118033408711204,0.07306955333522873,0.0026211466100772105,0.8515437212826341,155,176,117,0.7548387096774194,0.6647727272727273,0.7069486404833837,1.2874807016927594,1.4142135623730951,2.8284271247461903,0.6581196581196581,0.6581196581196581,40,0.8191201792787177,0.9454738239546902,0.8663594470046083,0.7642276422764228,0.6821705426356589,0.49786396350506024,0.37944287184997216,0.11842109165508805,0.9955674232309746,0.9493259625642517,0.9718969782705262,48.16637831516918,3.1622776601683795,0,0,True,True,1.0,227,3.0,0.5,0.19249413860961795,0.7419962335216572,0.7975708502024291,0.6936619718309859,0.43099045753479004,classical,tile_00309,synth,"[512, 512]"
254,351,190,64,161,50,89,0.7964970880971398,703,974,262,441,712,700,974,298,0.4257142857142857,0.3059548254620123,0.3560334528076463,0.37268847795163584,0.26899383983572894,0.31246273106738226,0.25073804329751676,0.15629075889129515,0.08343613308501427,4.021953123301143,450,624,299,0.6644444444444444,0.4791666666666667,0.5567970204841713,1.4996825919725683,1.4142135623730951,2.8284271247461903,0.23076923076923078,0.23076923076923078,230,0.5002791627717572,0.7964970880971398,0.628099173553719,0.4578313253012048,0.27637130801687765,1.586936456964076,1.1418042215304154,0.4451322354336607,0.9030994665406172,0.8343204537620257,0.8673485873065879,33.13608305156178,10.246834584086285,0,0,True,True,1.0,1608,3.0,0.5,0.2598781269043684,0.3450520833333333,0.4089506172839506,0.29842342342342343,0.6747803688049316,classical,tile_00310,synth,"[512, 512]"
99,106,98,1,8,0,7,0.9486437333353601,260,310,214,46,96,260,275,242,0.9307692307692308,0.88,0.9046728971962616,0.823076923076923,0.6903225806451613,0.7508771929824561,0.22230199963419814,0.04399843967512594,0.18622430637781107,3.928606870046382,162,133,123,0.7592592592592593,0.924812030075188,0.8338983050847457,1.038919403627567,1.0,2.23606797749979,0.8861788617886179,0.8861788617886179,14,0.9069959596767345,0.9486437333353601,0.9560975609756097,0.9158878504672897,0.8141592920353983,0.40298397890293197,0.27466099498451957,0.1283229839184124,0.9984690753214942,0.9629253731343284,0.9803751689763108,43.73785545725808,2.0,0,0,True,True,1.0,165,3.0,0.5,0.19805383728817105,0.8897637795275591,0.8968253968253969,0.8828125,0.44613051414489746,classical,tile_00311,synth,"[512, 512]"
246,289,228,18,61,2,39,0.9014009476214531,676,778,477,199,301,676,778,499,0.7381656804733728,0.6413881748071979,0.686382393397524,0.7056213017751479,0.6131105398457584,0.656121045392022,0.3123225292731667,0.10378969507165488,0.22393181639518764,11.280665094866826,431,355,279,0.6473317865429234,0.7859154929577464,0.7099236641221374,0.9754287455489024,1.0,2.23606797749979,0.6164874551971327,0.6164874551971327,107,0.768296882458659,0.9014009476214531,0.8523364485981308,0.742671009771987,0.6310975609756098,0.9091623862385111,0.589527747364728,0.3196346388737831,0.9955383391553972,0.9230769230769231,0.9579392856944762,24.0,5.656854249492381,0,0,True,True,1.0,686,3.0,0.5,0.2882421421818435,0.6671744097486672,0.694136291600634,0.6422287390029325,0.45030999183654785,classical,tile_00312,synth,"[512, 512]"
106,170,51,55,119,56,52,0.6889785389558376,277,540,25,252,515,274,452,38,0.1386861313868613,0.084070796460177,0.1046831955922865,0.09025270758122744,0.046296296296296294,0.06119951040391678,0.3385127802999575,0.3002548800291364,0.17470291297007534,1.1227969707183234,172,283,67,0.38953488372093026,0.23674911660777384,0.29450549450549446,1.4809904336282516,1.4142135623730951,2.23606797749979,0.07462686567164178,0.07462686567164178,62,0.2546225035271574,0.6889785389558376,0.3695652173913043,0.22666666666666666,0.06153846153846154,2.3951436774781865,1.7204687678125836,0.6746749096656028,0.7926113692907102,0.6332465600595016,0.7040230484900083,39.698866482558415,18.788294228055936,0,0,True,True,1.0,1003,3.0,0.5,0.18844220228493214,0.11280487804878049,0.14068441064638784,0.09414758269720101,0.6095936298370361,classical,tile_00313,synth,"[512, 512]"
301,393,249,52,144,20,78,0.8676366190058442,835,1393,366,469,1027,834,1094,477,0.5719424460431655,0.4360146252285192,0.4948132780082987,0.43832335329341315,0.26274228284278534,0.32854578096947934,0.29280939755521374,0.0440968462808916,0.20923121308170603,7.0,535,702,480,0.897196261682243,0.6837606837606838,0.7760711398544867,0.5188712759883618,0.0,1.4142135623730951,0.425,0.425,276,0.6225980349638479,0.8676366190058442,0.7175792507204611,0.5595505617977528,0.42505133470225875,1.3053886199185718,0.873891424354672,0.43149719556389976,0.9766061779679546,0.8765650999754494,0.9238853442377448,23.345235059857504,8.48528137423857,0,0,True,True,1.0,1968,3.0,0.5,0.34531994769349694,0.45580808080808083,0.4634146341463415,0.4484472049689441,0.6930210590362549,classical,tile_00314,synth,"[512, 512]"
307,172,54,253,118,102,106,0.6370289358355945,841,553,23,818,530,825,465,40,0.048484848484848485,0.08602150537634409,0.062015503875968984,0.027348394768133173,0.04159132007233273,0.03299856527977044,0.31848706618421374,0.30149494235060886,-0.07611572627985985,1.2904718655786205,535,294,95,0.17757009345794392,0.3231292517006803,0.2291917973462002,1.7081763855334804,2.0,2.8284271247461903,0.031578947368421054,0.031578947368421054,92,0.14363074127399625,0.6370289358355945,0.2254697286012526,0.12705882352941175,0.021321961620469083,2.6600199322596167,1.171106393321343,1.4889135389382737,0.4976915706030953,0.7056060131537739,0.5836863127690717,41.30375285612676,15.0,0,0,True,True,1.0,1811,3.0,0.5,0.2650924799963832,0.0618921308576481,0.04915730337078652,0.08353221957040573,0.8037173748016357,classical,tile_00315,synth,"[512, 512]"
168,204,153,15,51,12,40,0.8690725211827042,448,550,287,161,263,447,550,310,0.6935123042505593,0.5636363636363636,0.621865596790371,0.640625,0.5218181818181818,0.5751503006012023,0.17262671800592125,0.08165753945962868,0.025460430280262347,1.5267530771719708,281,347,217,0.7722419928825622,0.6253602305475504,0.6910828025477707,1.1977857757857824,1.0,2.23606797749979,0.5345622119815668,0.5345622119815668,101,0.714882235166418,0.8690725211827042,0.8225806451612904,0.6986301369863014,0.47619047619047616,0.8562829161399618,0.630352275063939,0.2259306410760228,0.9728615191265415,0.8905114540798671,0.9298667936832403,27.16615541441225,11.40175425099138,0,0,True,True,1.0,591,3.0,0.5,0.2670323997735977,0.6098081023454158,0.6777251184834123,0.5542635658914729,0.5406348705291748,classical,tile_00316,synth,"[512, 512]"
105,111,99,6,12,1,6,0.9197881075162619,275,486,116,159,370,275,284,226,0.8218181818181818,0.795774647887324,0.8085867620751341,0.4218181818181818,0.23868312757201646,0.304862023653088,0.9659470175809515,0.8084957269719494,0.9402901070265898,7.70664984394659,171,36,30,0.17543859649122806,0.8333333333333334,0.28985507246376807,1.3849925492161517,1.4142135623730951,3.0,0.7333333333333333,0.7333333333333333,8,0.8431390985565734,0.9197881075162619,0.9166666666666666,0.8461538461538461,0.8151260504201681,0.9605922587460269,0.5151832722414784,0.4454089865045485,0.981180496150556,0.938077474892396,0.9591449780379557,35.22782990761707,3.605551275463989,0,0,True,True,1.0,555,3.0,0.5,0.26655852887779474,0.7658730158730158,0.7228464419475655,0.8143459915611815,0.5156581401824951,classical,tile_00317,synth,"[512, 512]"
197,306,126,71,180,44,85,0.7766143027675748,531,839,113,418,726,527,839,126,0.23908918406072105,0.1501787842669845,0.18448023426061494,0.2128060263653484,0.13468414779499405,0.16496350364963505,0.25805889073133875,0.12211277912668539,0.06787645983878901,10.083064454189627,335,534,205,0.6119402985074627,0.3838951310861423,0.47180667433831996,1.4055728580671978,1.4142135623730951,2.8284271247461903,0.09268292682926829,0.09268292682926829,186,0.38907913379210507,0.7766143027675748,0.5009940357852882,0.33421750663129973,0.18632075471698112,1.7170911934692905,1.3147534659641096,0.40233772750518093,0.9275116574819839,0.7762257615762428,0.845151881559034,36.05551275463989,14.142135623730951,0,0,True,True,1.0,1581,3.0,0.5,0.2552001290023327,0.18634538152610441,0.23529411764705882,0.15425531914893617,0.7538719177246094,classical,tile_00318,synth,"[512, 512]"
121,180,84,37,96,40,55,0.7729379214907899,312,474,74,238,400,310,474,91,0.29354838709677417,0.19198312236286919,0.23214285714285712,0.23717948717948717,0.15611814345991562,0.18829516539440205,0.2200668692493916,0.12026724892250401,0.03935197083030934,1.611489116182689,192,295,110,0.5729166666666666,0.3728813559322034,0.4517453798767967,1.1662518885663087,1.0,2.561865508485308,0.11818181818181818,0.11818181818181818,97,0.4314072119948595,0.7729379214907899,0.5581395348837209,0.3870967741935484,0.18972332015810275,1.6236425856125196,1.2279311719290043,0.3957114136835155,0.8837671644551297,0.7587788009628978,0.8165175325306407,45.967379738244816,16.278820596099706,0,0,True,True,1.0,868,3.0,0.5,0.23185025993734598,0.24054054054054055,0.29180327868852457,0.2045977011494253,0.7559390068054199,classical,tile_00319,synth,"[512, 512]"
244,334,184,60,150,17,78,0.8579947444535141,667,1063,259,408,804,667,901,292,0.43778110944527737,0.32408435072142067,0.3724489795918367,0.38830584707646176,0.2436500470366886,0.2994219653179191,0.34026011721574567,0.17409023711592755,0.2123240810930088,4.629753118371285,424,420,271,0.6391509433962265,0.6452380952380953,0.6421800947867299,0.9583385099870588,1.0,2.23606797749979,0.2767527675276753,0.2767527675276753,196,0.5462665501018913,0.8579947444535141,0.6366782006920415,0.467005076142132,0.35362997658079626,1.5953663235507527,1.0522660582088428,0.54310026534191,0.9711290721067307,0.8437186559679037,0.902951473905201,30.59411708155671,10.0,0,0,True,True,1.0,1618,3.0,0.5,0.3650747179053724,0.37093111279333835,0.399673735725938,0.346045197740113,0.5889639854431152,classical,tile_00320,synth,"[512, 512]"
192,262,144,48,118,31,69,0.813853353700773,520,718,178,342,540,520,718,206,0.39615384615384613,0.28690807799442897,0.332794830371567,0.3423076923076923,0.2479108635097493,0.2875605815831987,0.16172353846147058,0.09421030663398763,0.023062004896422898,1.608657543210744,329,457,216,0.6565349544072948,0.4726477024070022,0.549618320610687,1.370468799079211,1.4142135623730951,2.8284271247461903,0.21296296296296297,0.21296296296296297,170,0.5162770173256006,0.813853353700773,0.6343612334801763,0.4645161290322581,0.27887323943661974,1.385455613286871,1.011608239206641,0.37384737408023,0.9200468018720749,0.831056117113977,0.8732902154827936,40.607881008493905,11.40175425099138,0,0,True,True,1.0,1218,3.0,0.5,0.2737509198486805,0.33507853403141363,0.39263803680981596,0.2922374429223744,0.5654230117797852,classical,tile_00321,synth,"[512, 512]"
161,204,131,30,73,9,43,0.8691410649330219,432,946,121,311,825,432,551,230,0.5324074074074074,0.41742286751361163,0.46795523906408953,0.2800925925925926,0.12790697674418605,0.17561683599419448,0.7355153573199573,0.41967991925443854,0.6911701833915441,5.089066260561997,272,348,236,0.8676470588235294,0.6781609195402298,0.7612903225806451,0.9046091769434381,1.0,2.23606797749979,0.3771186440677966,0.3771186440677966,147,0.6238766000341144,0.8691410649330219,0.7178082191780822,0.5598290598290598,0.43700787401574803,1.4060986175746857,0.8730113756496731,0.5330872419250126,0.9779119100730438,0.8950736257805875,0.9346608847613671,42.190046219457976,8.94427190999916,0,0,True,True,1.0,1386,3.0,0.5,0.3221617159433663,0.42312423124231235,0.41646489104116224,0.43,0.5460362434387207,classical,tile_00322,synth,"[512, 512]"
99,116,97,2,19,1,17,0.8887900544407361,258,326,185,73,141,258,304,216,0.8372093023255814,0.7105263157894737,0.7686832740213524,0.7170542635658915,0.5674846625766872,0.6335616438356165,0.19124207001250204,0.08460072221852033,0.11729175949998301,2.034581392254952,160,166,107,0.66875,0.6445783132530121,0.656441717791411,1.4204611118240547,1.4142135623730951,2.8284271247461903,0.7102803738317757,0.7102803738317757,31,0.8019780026116409,0.8887900544407361,0.9023255813953488,0.8220338983050848,0.6165413533834586,0.6908523111789439,0.4939149877810938,0.19693732339785008,0.9786287760642292,0.9130146449295385,0.9446837544326542,35.35533905932738,8.06225774829855,0,0,True,True,1.0,266,3.0,0.5,0.21000523585826159,0.7415730337078652,0.7795275590551181,0.7071428571428572,0.4897580146789551,classical,tile_00323,synth,"[512, 512]"
121,183,68,53,115,51,55,0.7255770080253935,317,482,45,272,437,311,482,67,0.21543408360128619,0.13900414937759337,0.16897856242118536,0.14195583596214512,0.09336099585062241,0.11264080100125157,0.25816797794657165,0.12320668858586353,0.14519796526357384,1.348361739445878,197,167,62,0.3147208121827411,0.3712574850299401,0.34065934065934067,1.4769981162999084,1.4142135623730951,2.23606797749979,0.14516129032258066,0.14516129032258066,53,0.32460024043241287,0.7255770080253935,0.4473684210526316,0.288135593220339,0.10545454545454545,2.2684097949348345,1.6102560037000622,0.6581537912347724,0.7948149789497009,0.7035593765065081,0.7464083044288699,32.01562118716424,16.278820596099706,0,0,True,True,1.0,930,3.0,0.5,0.24246687814593315,0.17073170731707316,0.20860927152317882,0.1444954128440367,0.7243485450744629,classical,tile_00324,synth,"[512, 512]"
190,299,109,81,190,75,99,0.7379749485887109,516,889,74,442,815,512,814,105,0.205078125,0.128992628992629,0.15837104072398192,0.1434108527131783,0.08323959505061868,0.10533807829181495,0.2527341120606296,0.12079949438997026,0.1591740508871025,1.2495634971082983,327,430,171,0.5229357798165137,0.39767441860465114,0.45178335535006603,0.9932456668936681,1.0,2.23606797749979,0.10526315789473684,0.10526315789473684,153,0.32899496685549895,0.7379749485887109,0.4458077709611452,0.2868421052631579,0.12413793103448276,2.1267659481275523,1.500232802052871,0.6265331460746815,0.8701879712811632,0.724693138668943,0.7908040896658866,33.24154027718932,13.892443989449804,0,0,True,True,1.0,1681,3.0,0.5,0.2625964558683336,0.15436810856658187,0.18533604887983707,0.13226744186046513,0.7328841686248779,classical,tile_00325,synth,"[512, 512]"
127,137,123,4,14,1,10,0.9287687397258901,338,365,289,49,76,338,365,298,0.8816568047337278,0.8164383561643835,0.8477951635846374,0.8550295857988166,0.7917808219178082,0.8221906116642959,0.09470397860574398,0.04873445343570942,0.03410769560510751,1.1778063873370237,212,229,188,0.8867924528301887,0.8209606986899564,0.8526077097505668,1.306745242798672,1.4142135623730951,2.23606797749979,0.8138297872340425,0.8138297872340425,35,0.865443598380943,0.9287687397258901,0.9318181818181818,0.8723404255319149,0.7837837837837838,0.5156155471814542,0.3316854131276513,0.18393013405380287,0.9730694524646963,0.9520989465960904,0.9624699855954981,57.0087712549569,3.0,0,0,True,True,1.0,178,3.0,0.5,0.2599315131083131,0.8360902255639099,0.8633540372670807,0.8104956268221575,0.5629565715789795,classical,tile_00326,synth,"[512, 512]"
110,117,110,0,7,0,7,0.9564537639769074,287,307,263,24,44,287,307,272,0.9477351916376306,0.8859934853420195,0.9158249158249159,0.9163763066202091,0.8566775244299675,0.8855218855218855,0.07510315106531203,0.03203749969494231,0.021229996513385987,2.156136723196077,178,191,173,0.9719101123595506,0.9057591623036649,0.9376693766937669,0.9864756690423379,1.0,2.23606797749979,0.8670520231213873,0.8670520231213873,23,0.9269595950436987,0.9564537639769074,0.9691629955947136,0.9401709401709402,0.8306451612903226,0.2834518065478746,0.2049138585207188,0.07853794802715582,1.0,0.9716308337703199,0.9856113194499854,28.0,1.0,0,0,True,True,1.0,98,3.0,0.5,0.2468484239652753,0.9035714285714286,0.9267399267399268,0.8815331010452961,0.5675749778747559,classical,tile_00327,synth,"[512, 512]"
581,122,24,557,98,77,125,0.6193572420812491,1644,527,3,1641,524,1631,320,7,0.004291845493562232,0.021875,0.007175807278318811,0.0018248175182481751,0.0056925996204933585,0.0027637033625057573,0.28377006723733383,0.2605505991794427,0.2001183604355233,0.46528204232984305,1064,46,29,0.02725563909774436,0.6304347826086957,0.05225225225225225,1.3054107677879245,1.4142135623730951,3.0,0.0,0.0,29,0.04228897243229013,0.6193572420812491,0.06827880512091039,0.035346097201767304,0.004285714285714286,3.243282329560567,0.6833769364739604,2.5599053930866065,0.46173754743052664,0.8193924719348448,0.5906414878353266,32.69556544854363,18.0,0,0,True,True,1.0,2849,3.0,0.5,0.37259558122605085,0.009085009733939001,0.005430566330488751,0.027777777777777776,1.084341287612915,classical,tile_00328,synth,"[512, 512]"
108,135,90,18,45,12,27,0.8691504287119293,284,444,124,160,320,284,355,159,0.5598591549295775,0.447887323943662,0.4976525821596244,0.43661971830985913,0.27927927927927926,0.34065934065934067,0.290894890949873,0.08547207349185285,0.21767130835553633,5.934773410456556,177,151,96,0.5423728813559322,0.6357615894039735,0.5853658536585366,0.9405524818719484,1.0,2.38415776431139,0.40625,0.40625,57,0.6438151323792068,0.8691504287119293,0.7407407407407407,0.5882352941176471,0.4378698224852071,1.2412939738151292,0.8483589501853139,0.39293502362981525,0.9042496820686732,0.8297286472414138,0.8653878226607824,40.0,14.560219778561036,0,0,True,True,1.0,600,3.0,0.5,0.2321608760394156,0.4897959183673469,0.51985559566787,0.4630225080385852,0.48224639892578125,classical,tile_00329,synth,"[512, 512]"
95,130,75,20,55,6,29,0.8299272226958456,244,452,78,166,374,244,336,122,0.5,0.3630952380952381,0.42068965517241375,0.319672131147541,0.17256637168141592,0.22413793103448273,0.47616063603346803,0.1497963186183862,0.32288388650486394,12.757334060093,150,93,40,0.26666666666666666,0.43010752688172044,0.3292181069958848,1.6229257240275488,1.4142135623730951,2.83700576850888,0.3,0.3,28,0.5532848151305637,0.8299272226958456,0.6666666666666666,0.5,0.3392857142857143,1.4670020051112793,1.020323485910319,0.4466785192009604,0.9591836734693877,0.8042148198504419,0.8748898539778449,45.5411901469428,21.633307652783937,0,0,True,True,1.0,643,3.0,0.5,0.24458575621247292,0.39393939393939387,0.4369747899159664,0.3586206896551724,0.5244805812835693,classical,tile_00330,synth,"[512, 512]"
97,110,93,4,17,0,13,0.9087418959881078,253,285,201,52,84,251,285,210,0.8366533864541833,0.7368421052631579,0.7835820895522387,0.7944664031620553,0.7052631578947368,0.7472118959107807,0.1199717031055793,0.05381593504527732,0.06032838993881817,1.2403790349057051,157,176,133,0.8471337579617835,0.7556818181818182,0.7987987987987988,1.4338655308819,1.4142135623730951,2.8970562748477127,0.7293233082706767,0.7293233082706767,36,0.8165506891487345,0.9087418959881078,0.8985507246376812,0.8157894736842105,0.656,0.6454107377420837,0.46156310073814444,0.1838476370039392,0.9849172214693925,0.9405143789746188,0.9622038078922961,39.20459156782532,6.324555320336759,0,0,True,True,1.0,193,3.0,0.5,0.20688077481463552,0.7858546168958742,0.8368200836820083,0.7407407407407407,0.6902692317962646,classical,tile_00331,synth,"[512, 512]"
190,217,175,15,42,2,27,0.9352828203226146,511,642,366,145,276,511,582,393,0.7690802348336595,0.6752577319587629,0.7191216834400731,0.7162426614481409,0.5700934579439252,0.634865568083261,0.15311732395737174,0.03957336125699963,0.1079861103416274,2.8838508417020887,322,316,263,0.8167701863354038,0.8322784810126582,0.8244514106583073,0.48823836023701284,0.0,1.4142135623730951,0.6653992395437263,0.6653992395437263,88,0.8042972656336981,0.9352828203226146,0.85995085995086,0.7543103448275862,0.6477732793522267,0.6095994231848711,0.43360351546322706,0.17599590772164403,0.9883904137988224,0.9377373417721518,0.962397843640473,25.495097567963924,4.47213595499958,0,0,True,True,1.0,566,3.0,0.5,0.30600616009905934,0.7024875621890547,0.7308488612836439,0.6762452107279694,0.5221681594848633,classical,tile_00332,synth,"[512, 512]"
327,111,53,274,58,81,18,0.6898479209217434,901,471,22,879,449,893,285,44,0.04927211646136618,0.1543859649122807,0.07470288624787776,0.0244173140954495,0.04670912951167728,0.03206997084548105,0.39059340093768447,0.24083918052661862,0.014148004462866742,1.2588659950953822,575,175,104,0.1808695652173913,0.5942857142857143,0.2773333333333334,1.574918031263866,1.4142135623730951,2.8284271247461903,0.028846153846153848,0.028846153846153848,101,0.16694949684407487,0.6898479209217434,0.2420091324200913,0.13766233766233765,0.04285714285714286,2.062045293257659,0.43008062633118094,1.631964666926478,0.6880370125578321,0.9317006802721088,0.7915411927378367,31.25699921617557,13.152946437965905,0,0,True,True,1.0,1761,3.0,0.5,0.26641939021646976,0.07150153217568947,0.04794520547945205,0.14056224899598393,0.7631194591522217,classical,tile_00333,synth,"[512, 512]"
84,108,76,8,32,1,22,0.8666424567462794,213,285,130,83,155,212,285,141,0.6650943396226415,0.49473684210526314,0.5674044265593561,0.6103286384976526,0.45614035087719296,0.5220883534136547,0.13325195219677283,0.06096798114004312,0.09464017795406802,1.4129134604281115,130,178,111,0.8538461538461538,0.6235955056179775,0.7207792207792206,1.540788677738215,1.4142135623730951,2.8284271247461903,0.44144144144144143,0.44144144144144143,62,0.6860919449241378,0.8666424567462794,0.7916666666666666,0.6551724137931034,0.45454545454545453,0.8561517679717735,0.6807461728061059,0.17540559516566756,0.9815355329949239,0.8966309341500766,0.9371641302791797,44.553338819890925,12.649110640673518,0,0,True,True,1.0,340,3.0,0.5,0.2135662161745131,0.5696465696465696,0.6586538461538461,0.5018315018315018,0.7171773910522461,classical,tile_00334,synth,"[512, 512]"
64,117,14,50,103,51,33,0.6708617450641172,158,300,4,154,296,154,300,6,0.03896103896103896,0.02,0.026431718061674006,0.02531645569620253,0.013333333333333334,0.017467248908296946,0.19801835860281058,0.17544537102346255,-0.07371459435609493,0.3321749386822926,95,4,0,0.0,0.0,0.0,0.0,0.0,0.0,1.0,1.0,0,0.10377971746848222,0.6708617450641172,0.15469613259668508,0.08383233532934131,0.022598870056497175,3.221619213522162,2.305339335197859,0.9162798783243034,0.6053136445555491,0.4419626838894869,0.5108986724447632,52.392747589718944,26.30589287593181,0,0,True,True,1.0,603,3.0,0.5,0.20396283688023686,0.028169014084507043,0.04054054054054054,0.02158273381294964,0.7227184772491455,classical,tile_00335,synth,"[512, 512]"
111,158,75,36,83,6,36,0.8264401179956421,287,788,46,241,742,285,413,109,0.3824561403508772,0.2639225181598063,0.3123209169054441,0.1602787456445993,0.0583756345177665,0.08558139534883721,0.7964234906136305,0.8190137305393613,0.7123844628238065,1.7809546059103891,177,256,124,0.7005649717514124,0.484375,0.5727482678983834,1.230444559700006,1.0,2.739573252659227,0.24193548387096775,0.24193548387096775,94,0.4608402144957112,0.8264401179956421,0.5576208178438662,0.3865979381443299,0.2688679245283019,1.8157347989159933,1.2404735487208973,0.575261250195096,0.9479794268919912,0.7960681947956604,0.8654078726807685,36.71511950137164,18.681541692269406,0,0,True,True,1.0,1196,3.0,0.5,0.27173373522236943,0.29553264604810997,0.31272727272727274,0.28013029315960913,0.512481689453125,classical,tile_00336,synth,"[512, 512]"
215,289,175,40,114,13,63,0.838490600466381,579,1137,195,384,942,577,794,279,0.48353552859618715,0.3513853904282116,0.40700218818380746,0.33678756476683935,0.17150395778364116,0.2272727272727273,0.43691332230343755,0.09431958377004343,0.32026504211887796,6.396713476489784,365,506,298,0.8164383561643835,0.5889328063241107,0.6842709529276694,0.9195449557580434,1.0,2.23606797749979,0.27181208053691275,0.27181208053691275,217,0.5822851392127646,0.838490600466381,0.6944444444444444,0.5319148936170213,0.3695652173913043,1.5490211494681418,1.0166335870978866,0.5323875623702552,0.9737784782920189,0.855909090909091,0.9110471821871459,22.090722034374522,10.198039027185569,0,0,True,True,1.0,1697,3.0,0.5,0.3458763058297336,0.38232642019837687,0.39114391143911437,0.37389770723104054,0.5153982639312744,classical,tile_00337,synth,"[512, 512]"
146,249,41,105,208,104,75,0.5998640552554749,393,1162,10,383,1152,391,676,24,0.061381074168797956,0.03550295857988166,0.04498594189315839,0.02544529262086514,0.008605851979345954,0.012861736334405143,1.3639013568058567,0.667763452767851,1.1950551115081895,8.361733390305378,248,428,61,0.24596774193548387,0.1425233644859813,0.18047337278106507,1.4211430818991357,1.4142135623730951,2.23606797749979,0.0,0.0,61,0.12452874058468087,0.5998640552554749,0.20759493670886076,0.11581920903954802,0.005089058524173028,3.504182406490419,2.251098213255154,1.253084193235265,0.7228685323787829,0.5068691250903832,0.5958990331584442,43.73785545725808,18.24828759089466,0,0,True,True,1.0,1909,3.0,0.5,0.31691124057397246,0.03965303593556382,0.04336043360433604,0.0365296803652968,0.826148271560669,classical,tile_00338,synth,"[512, 512]"
270,383,198,72,185,44,99,0.7893732606606011,746,1064,252,494,812,744,1064,293,0.39381720430107525,0.27537593984962405,0.3241150442477876,0.3378016085790885,0.23684210526315788,0.27845303867403315,0.31900489464457676,0.13336765351625726,0.1961808224806005,4.328939503750791,477,631,297,0.6226415094339622,0.4706814580031696,0.5361010830324909,1.4470481124463879,1.4142135623730951,2.8284271247461903,0.23905723905723905,0.23905723905723905,226,0.4787010891601808,0.7893732606606011,0.6064318529862175,0.4351648351648352,0.2509578544061303,1.663427197133728,1.189538411716146,0.47388878541758206,0.9221659853351503,0.832765207170144,0.8751884416922171,27.459060435491963,9.486832980505138,0,0,True,True,1.0,1789,3.0,0.5,0.2926319339312613,0.31316281971303805,0.36642335766423356,0.27342047930283225,0.7660188674926758,classical,tile_00339,synth,"[512, 512]"
140,127,86,54,41,19,21,0.8231282691654226,359,484,95,264,389,359,326,148,0.41225626740947074,0.4539877300613497,0.43211678832116784,0.2646239554317549,0.1962809917355372,0.2253855278766311,0.4746239665934639,0.30716058688712433,0.35277349096908517,2.0836279485405735,220,56,31,0.1409090909090909,0.5535714285714286,0.2246376811594203,1.4618033161809807,1.4142135623730951,2.53224755112299,0.3870967741935484,0.3870967741935484,19,0.5302549149679876,0.8231282691654226,0.6441947565543071,0.47513812154696133,0.3217821782178218,1.5599164025889882,0.8563512369727162,0.703565165616272,0.885132364332255,0.8443351100177668,0.8642525439799129,29.427877939124322,13.038404810405298,0,0,True,True,1.0,767,3.0,0.5,0.26346924202516675,0.4104234527687296,0.37388724035608306,0.4548736462093863,0.5181708335876465,classical,tile_00340,synth,"[512, 512]"
172,238,128,44,110,16,53,0.8136364213316974,460,627,165,295,462,459,627,198,0.43137254901960786,0.3157894736842105,0.3646408839779005,0.358695652173913,0.2631578947368421,0.30358785648574055,0.47518625649888224,0.36437832432270467,0.27322420068812714,3.932672559680979,289,25,12,0.04152249134948097,0.48,0.07643312101910828,1.7162127874893371,2.118033988749895,2.5798373876248837,0.16666666666666666,0.16666666666666666,10,0.5080266435632063,0.8136364213316974,0.624390243902439,0.45390070921985815,0.30990415335463256,1.981115337475426,1.2582910613776652,0.7228242760977608,0.9563125782227785,0.8119074027693298,0.8782134236316641,26.832815729997478,12.083045973594572,0,0,True,True,1.0,921,3.0,0.5,0.30478307977318764,0.3431578947368421,0.38717339667458434,0.30812854442344045,0.7234330177307129,classical,tile_00341,synth,"[512, 512]"
229,327,150,79,177,74,87,0.7782063160554169,622,907,163,459,744,616,907,191,0.31006493506493504,0.2105843439911797,0.2508207485226526,0.2620578778135048,0.17971334068357223,0.21321124918247222,0.21111972745868993,0.11336343984262907,0.06560664352183422,2.9393478465444822,394,581,243,0.616751269035533,0.41824440619621345,0.4984615384615385,1.4335674137101992,1.4142135623730951,2.8284271247461903,0.16049382716049382,0.16049382716049382,204,0.4198954942745055,0.7782063160554169,0.539568345323741,0.3694581280788177,0.20086393088552915,1.8398174734371013,1.3309340327730972,0.5088834406640041,0.8650375283644615,0.7881626770271964,0.8248127381803719,27.018512172212592,11.40175425099138,0,0,True,True,1.0,1663,3.0,0.5,0.3001797799952328,0.2473040977713875,0.296551724137931,0.2120838471023428,0.8004133701324463,classical,tile_00342,synth,"[512, 512]"
137,144,133,4,11,0,6,0.9643114082214543,366,384,331,35,53,366,384,334,0.912568306010929,0.8697916666666666,0.8906666666666666,0.9043715846994536,0.8619791666666666,0.8826666666666667,0.0971523596233059,0.040309498938774134,0.03046597407199165,2.173419929590359,230,241,211,0.9173913043478261,0.8755186721991701,0.8959660297239915,1.0520821751903973,1.0,2.23606797749979,0.8578199052132701,0.8578199052132701,30,0.9128357102736898,0.9643114082214543,0.9466192170818505,0.8986486486486487,0.8733333333333333,0.3532318263258514,0.2254097775270773,0.1278220487987741,0.9945690792812912,0.9753382257500873,0.9848597837010009,26.832815729997478,1.0,0,0,True,True,1.0,133,3.0,0.5,0.2621686030179262,0.8820960698689956,0.8991097922848664,0.8657142857142858,0.5692205429077148,classical,tile_00343,synth,"[512, 512]"
96,116,85,11,31,4,20,0.8692164164022866,246,296,143,103,153,246,296,164,0.6666666666666666,0.5540540540540541,0.6051660516605166,0.5813008130081301,0.4831081081081081,0.5276752767527675,0.3391139248484066,0.1546357098106487,0.2488479783852793,6.840899426884744,151,9,5,0.033112582781456956,0.5555555555555556,0.06250000000000001,1.847213595499958,2.0,2.847213595499958,0.4,0.4,3,0.6970131640961733,0.8692164164022866,0.8018867924528302,0.6692913385826772,0.5035460992907801,1.0869932554785173,0.726004904413958,0.36098835106455934,0.9696345298774537,0.8632512510528663,0.9133555726051988,32.7566787083184,13.601470508735444,0,0,True,True,1.0,301,3.0,0.5,0.23923725821077824,0.5826771653543307,0.6271186440677966,0.5441176470588235,0.538116455078125,classical,tile_00344,synth,"[512, 512]"
186,276,133,53,143,36,78,0.754095140361319,498,1253,80,418,1173,498,754,177,0.35542168674698793,0.23474801061007958,0.2827476038338658,0.1606425702811245,0.06384676775738228,0.09137635636778982,0.6316964032753225,0.3478688758607605,0.4946500379742592,4.646954967811648,313,479,224,0.7156549520766773,0.46764091858037576,0.5656565656565656,1.1393753411841987,1.0,2.8284271247461903,0.14285714285714285,0.14285714285714285,192,0.4341759899050019,0.754095140361319,0.5757575757575758,0.40425531914893614,0.17857142857142858,2.1558591470736292,1.3713428535714818,0.7845162935021475,0.9427032128671988,0.793334401538215,0.8615929551322509,27.730849247724095,12.041594578792296,0,0,True,True,1.0,1979,3.0,0.5,0.4122782847844064,0.2505133470225873,0.2546972860125261,0.24646464646464647,0.498929500579834,classical,tile_00345,synth,"[512, 512]"
125,150,118,7,32,8,28,0.8862021181915505,326,399,228,98,171,326,399,245,0.7515337423312883,0.6140350877192983,0.6758620689655173,0.6993865030674846,0.5714285714285714,0.6289655172413793,0.162359052821634,0.04152148373637757,0.09969900399483615,6.615904842644607,202,250,181,0.8960396039603961,0.724,0.8008849557522124,0.9558390209469981,1.0,2.23606797749979,0.6022099447513812,0.6022099447513812,72,0.7605225450662033,0.8862021181915505,0.8581818181818182,0.7515923566878981,0.5193370165745856,0.6725977978538984,0.5119711323860809,0.1606266654678175,0.9561372479660417,0.9159518072289157,0.9356132260942847,31.016124838541646,8.06225774829855,0,0,True,True,1.0,380,3.0,0.5,0.2330840933136642,0.6656891495601173,0.7252396166134185,0.6151761517615176,0.8094594478607178,classical,tile_00346,synth,"[512, 512]"
136,199,105,31,94,9,49,0.8337774791070249,364,539,146,218,393,364,539,165,0.4532967032967033,0.30612244897959184,0.36544850498338866,0.4010989010989011,0.27087198515769945,0.3233665559246955,0.20069288920286737,0.10788373510945153,0.11311529134021592,4.536473851264663,229,341,164,0.7161572052401747,0.4809384164222874,0.5754385964912282,1.7099457058322487,2.0,2.8284271247461903,0.31097560975609756,0.31097560975609756,113,0.5226664794402246,0.8337774791070249,0.6268656716417911,0.45652173913043476,0.3188976377952756,1.3063016327741974,1.0115522905265504,0.29474934224764693,0.9466193809874723,0.8359131875682011,0.8878285178443976,33.06055050963308,13.601470508735444,0,0,True,True,1.0,849,3.0,0.5,0.24682185286656022,0.35939323220536756,0.4350282485875706,0.3061630218687873,0.7396364212036133,classical,tile_00347,synth,"[512, 512]"
214,221,210,4,11,3,10,0.9353076205961539,590,609,538,52,71,590,609,550,0.9322033898305084,0.90311986863711,0.9174311926605504,0.911864406779661,0.8834154351395731,0.8974145120934112,0.124598625999178,0.06138085041974409,0.03925352488275479,2.5444286682232686,377,389,319,0.8461538461538461,0.8200514138817481,0.8328981723237597,1.2590112578729908,1.0,2.8284271247461903,0.8808777429467085,0.8808777429467085,38,0.9030556336790452,0.9353076205961539,0.9655172413793104,0.9333333333333333,0.8432203389830508,0.46002925962236946,0.2634014414222011,0.19662781820016834,0.9882903981264637,0.9800088314399261,0.9841321925473494,26.076809620810597,1.4142135623730951,0,0,True,True,1.0,176,3.0,0.5,0.2641437528654933,0.9072727272727272,0.9155963302752294,0.8990990990990991,0.4675140380859375,classical,tile_00348,synth,"[512, 512]"
80,121,57,23,64,17,33,0.8011592354672543,200,306,49,151,257,199,306,58,0.2914572864321608,0.1895424836601307,0.2297029702970297,0.245,0.16013071895424835,0.19367588932806323,0.23729171111052785,0.17657263279467655,0.16737217720617972,1.089303363563035,121,20,13,0.10743801652892562,0.65,0.18439716312056736,1.539135924018857,1.4142135623730951,2.23606797749979,0.38461538461538464,0.38461538461538464,8,0.45438882011575615,0.8011592354672543,0.5671641791044776,0.3958333333333333,0.21818181818181817,1.7097200941647182,1.2736976494513579,0.4360224447133602,0.9030092851549391,0.7806383086338576,0.8373767095258877,44.0,17.69180601295413,0,0,True,True,1.0,503,3.0,0.5,0.18719510501250625,0.22174840085287845,0.26666666666666666,0.1897810218978102,0.6271533966064453,classical,tile_00349,synth,"[512, 512]"
70,134,28,42,106,41,38,0.6790967865401288,172,355,6,166,349,168,355,14,0.08333333333333333,0.03943661971830986,0.05353728489483748,0.03488372093023256,0.016901408450704224,0.02277039848197343,0.27929684321775533,0.23910576938413794,0.10797404342089519,0.4866251014157565,103,222,20,0.1941747572815534,0.09009009009009009,0.12307692307692308,1.9779271744364841,2.23606797749979,2.837005768508881,0.0,0.0,20,0.18641872571689813,0.6790967865401288,0.27450980392156865,0.1590909090909091,0.04081632653061224,2.749044793136545,2.033901326622371,0.7151434665141738,0.6184604082489374,0.5661551823972206,0.5911530592749459,54.037024344425184,23.08679276123039,0,0,True,True,1.0,683,3.0,0.5,0.16705837799236178,0.05656565656565657,0.08484848484848485,0.04242424242424243,0.6589648723602295,classical,tile_00350,synth,"[512, 512]"
524,126,41,483,85,86,111,0.5990226224864883,1459,636,13,1446,623,1438,329,21,0.014603616133518776,0.06382978723404255,0.023769100169779286,0.008910212474297465,0.020440251572327043,0.012410501193317422,0.354714175181802,0.22825235213401926,0.04873945467359665,1.3521275800918062,936,204,129,0.13782051282051283,0.6323529411764706,0.22631578947368425,1.0335171914995063,1.0,2.23606797749979,0.015503875968992248,0.015503875968992248,127,0.0755690077598339,0.5990226224864883,0.12615384615384614,0.06732348111658457,0.006191950464396285,2.9621826010494896,0.6801686524233983,2.282013948626091,0.526064576509125,0.8329668132746901,0.6448627120249372,24.0,14.142135623730951,0,0,True,True,1.0,2764,3.0,0.5,0.27555451169610023,0.025387870239774332,0.015463917525773196,0.07086614173228346,0.8678429126739502,classical,tile_00351,synth,"[512, 512]"
101,183,61,40,122,25,39,0.755370026597669,261,710,35,226,675,253,472,53,0.20948616600790515,0.11228813559322035,0.14620689655172414,0.13409961685823754,0.04929577464788732,0.0720906282183316,0.5696956324106777,0.3009670732765663,0.5052293931766361,3.5558856931249574,155,74,19,0.12258064516129032,0.25675675675675674,0.16593886462882093,1.2297399043153552,1.0,2.312461179749809,0.0,0.0,19,0.32448994100322404,0.755370026597669,0.4295774647887324,0.273542600896861,0.136,2.5892654899486587,1.8346862109033686,0.7545792790452901,0.9029408956363983,0.6687508983757366,0.7683981521537058,33.421549934136806,19.697715603592208,0,0,True,True,1.0,1082,3.0,0.5,0.25107061117887497,0.15228426395939085,0.18907563025210083,0.1274787535410765,0.9498109817504883,classical,tile_00352,synth,"[512, 512]"
73,131,12,61,119,62,43,0.5603983507592845,187,658,0,187,658,183,344,3,0.01639344262295082,0.00872093023255814,0.011385199240986717,0.0,0.0,0.0,0.0,0.0,0.0,0.0,115,214,16,0.1391304347826087,0.07476635514018691,0.0972644376899696,1.184427788726166,1.2071067811865475,2.23606797749979,0.0,0.0,16,0.06592921773638641,0.5603983507592845,0.11764705882352941,0.0625,0.0,3.5165507505606106,2.4015734749827278,1.1149772755778828,0.4730425643720441,0.4061256359881114,0.43703744568182246,50.0,22.80350850198276,0,0,True,True,1.0,1041,3.0,0.5,0.20387123012915254,0.01342281879194631,0.017241379310344827,0.01098901098901099,0.665489673614502,classical,tile_00353,synth,"[512, 512]"
331,109,51,280,58,82,33,0.6396040966118743,915,368,19,896,349,907,282,40,0.044101433296582136,0.14184397163120568,0.0672834314550042,0.020765027322404372,0.051630434782608696,0.029618082618862042,0.2201511159887042,0.15615914667313624,-0.1546206501317986,0.5541179117103482,585,174,98,0.1675213675213675,0.5632183908045977,0.25823451910408435,1.3212463791780729,1.0,2.85416305603426,0.0,0.0,98,0.1482718587600254,0.6396040966118743,0.2318181818181818,0.13110539845758354,0.028037383177570093,2.1338299698753374,0.47311651770996055,1.6607134521653768,0.6002952414032651,0.8908225566078554,0.7172559302553483,34.23448553724738,15.0,0,0,True,True,1.0,1681,3.0,0.5,0.21873301174491644,0.06835937500000001,0.04533678756476684,0.1388888888888889,0.6059651374816895,classical,tile_00354,synth,"[512, 512]"
82,130,50,32,80,20,30,0.7539021607944091,212,333,30,182,303,208,333,46,0.22115384615384615,0.13813813813813813,0.17005545286506468,0.14150943396226415,0.09009009009009009,0.11009174311926605,0.3008627489746792,0.16225013899047017,0.21948103126676294,0.8957024289276767,131,54,17,0.1297709923664122,0.3148148148148148,0.18378378378378377,1.4231461945139965,1.0,2.862741699796952,0.0,0.0,17,0.35561422678981564,0.7539021607944091,0.4716981132075472,0.30864197530864196,0.1276595744680851,2.2370070166629477,1.6133704781373752,0.6236365385255722,0.7593077292879654,0.705822540939741,0.7315888856189191,44.10215414239989,18.788294228055936,0,0,True,True,1.0,614,3.0,0.5,0.19082550797611475,0.16470588235294117,0.20689655172413793,0.13680781758957655,0.63999342918396,classical,tile_00355,synth,"[512, 512]"
141,261,44,97,217,105,74,0.6381043732539374,376,880,12,364,868,372,683,18,0.04838709677419355,0.02635431918008785,0.034123222748815164,0.031914893617021274,0.013636363636363636,0.01910828025477707,0.1971550863969671,0.06698501308869759,0.13678609369274375,0.9761562490710317,236,245,49,0.2076271186440678,0.2,0.20374220374220375,1.6176887228822256,1.4142135623730951,3.0,0.0,0.0,49,0.13968453941877237,0.6381043732539374,0.21890547263681592,0.12290502793296089,0.022900763358778626,3.3467064382062848,2.2373412484832644,1.1093651897230203,0.753728078896091,0.5703947572755226,0.6493695794216503,36.235341863986875,16.492422502470642,0,0,True,True,1.0,1595,3.0,0.5,0.25183140579611063,0.03962703962703963,0.04857142857142857,0.03346456692913386,0.6483550071716309,classical,tile_00356,synth,"[512, 512]"
60,111,25,35,86,23,32,0.7495729153406533,148,291,9,139,282,143,291,13,0.09090909090909091,0.044673539518900345,0.059907834101382486,0.060810810810810814,0.030927835051546393,0.04100227790432802,0.3345130118310522,0.1520811766524556,0.20993299888545594,1.544239514544806,89,181,42,0.47191011235955055,0.23204419889502761,0.31111111111111106,1.671482198071026,2.0,2.7988091673838675,0.023809523809523808,0.023809523809523808,41,0.21917336705867055,0.7495729153406533,0.29239766081871343,0.17123287671232876,0.08227848101265822,2.261595260820174,1.8241439490729552,0.4374513117472188,0.7474073113819031,0.624180043731001,0.6802581353118762,51.85556864985669,27.294688127912362,0,0,True,True,1.0,583,3.0,0.5,0.15604583080857992,0.06175771971496437,0.09154929577464789,0.04659498207885305,0.6321678161621094,classical,tile_00357,synth,"[512, 512]"
142,204,111,31,93,12,45,0.8468675410538425,373,577,153,220,424,373,541,171,0.4584450402144772,0.31608133086876156,0.3741794310722101,0.4101876675603217,0.2651646447140381,0.32210526315789473,0.24956218896611357,0.10329442767605554,0.07849764153301898,8.273413127480183,232,338,146,0.6293103448275862,0.4319526627218935,0.512280701754386,1.3623723830566834,1.4142135623730951,2.8284271247461903,0.2671232876712329,0.2671232876712329,107,0.5433658789420608,0.8468675410538425,0.6416184971098265,0.4723404255319149,0.3359073359073359,1.3320497052531026,1.0254964903080934,0.30655321494500914,0.9659687017853207,0.8190919345741681,0.8864877265985431,33.83784863137726,15.620499351813308,0,0,True,True,1.0,875,3.0,0.5,0.22047741897404194,0.38061465721040183,0.4535211267605634,0.32790224032586557,0.46276021003723145,classical,tile_00358,synth,"[512, 512]"
295,360,269,26,91,13,65,0.8848529975959928,815,995,538,277,457,815,995,563,0.69079754601227,0.5658291457286432,0.6220994475138121,0.660122699386503,0.5407035175879397,0.594475138121547,0.16337825309445336,0.06588245739814305,0.05468691921120764,4.121678947967588,521,636,455,0.8733205374280231,0.7154088050314465,0.7865168539325843,0.9387270627562168,1.0,2.23606797749979,0.5340659340659341,0.5340659340659341,212,0.7267952865750292,0.8848529975959928,0.8213740458015267,0.6968911917098446,0.5162037037037037,0.7878301838588999,0.5815036520456474,0.2063265318132525,0.9898020969438159,0.9106244615512881,0.9485638869260418,23.345235059857504,7.790802018902663,0,0,True,True,1.0,1063,3.0,0.5,0.3020026641897857,0.6275229357798165,0.6895161290322581,0.5757575757575758,0.46477770805358887,classical,tile_00359,synth,"[512, 512]"
131,209,65,66,144,65,63,0.6788432814100835,348,890,30,318,860,347,562,55,0.1585014409221902,0.09786476868327403,0.121012101210121,0.08620689655172414,0.033707865168539325,0.048465266558966075,0.3834134302549655,0.2025601273507623,0.2510874249971881,1.372334560550456,218,354,102,0.46788990825688076,0.288135593220339,0.35664335664335667,1.073965156461485,1.0,2.23606797749979,0.08823529411764706,0.08823529411764706,93,0.2595577252450319,0.6788432814100835,0.38235294117647056,0.23636363636363636,0.0625,2.70673593362733,1.7993086055124792,0.9074273281148507,0.7690732429959479,0.6376411922481205,0.697217242254261,33.0,17.46424919657298,0,0,True,True,1.0,1481,3.0,0.5,0.24322814913466573,0.11812080536912752,0.1345565749235474,0.10526315789473684,0.4525589942932129,classical,tile_00360,synth,"[512, 512]"
110,186,51,59,135,43,52,0.6523746207735109,290,689,14,276,675,287,473,35,0.12195121951219512,0.07399577167019028,0.09210526315789475,0.04827586206896552,0.020319303338171262,0.02860061287027579,0.6842629718019853,0.26945614628075854,0.6356192375716211,3.714213629982895,181,83,20,0.11049723756906077,0.24096385542168675,0.1515151515151515,1.459674265336897,1.4142135623730951,2.274264578624801,0.05,0.05,19,0.22480476796925036,0.6523746207735109,0.34459459459459457,0.20816326530612245,0.04225352112676056,3.0242764517046687,2.0358518914526886,0.9884245602519801,0.7408031323984702,0.5906335865524487,0.6572497284926182,37.64306044943742,19.026297590440446,0,0,True,True,1.0,1164,3.0,0.5,0.24059508787468076,0.08832807570977917,0.10256410256410256,0.07756232686980609,0.6772258281707764,classical,tile_00361,synth,"[512, 512]"
87,192,7,80,185,102,41,0.6094105888146293,219,748,1,218,747,210,502,1,0.004761904761904762,0.00199203187250996,0.0028089887640449437,0.0045662100456621,0.001336898395721925,0.0020682523267838674,0.37102718519611805,0.37102718519611805,0.37102718519611805,0.37102718519611805,133,107,3,0.022556390977443608,0.028037383177570093,0.024999999999999998,2.1573786516665265,2.23606797749979,2.23606797749979,0.0,0.0,3,0.030579742807902547,0.6094105888146293,0.05017921146953405,0.025735294117647058,0.0,3.9980585224280483,2.797932473072267,1.2001260493557813,0.4236883167544373,0.33541727856333653,0.37442058928669525,37.656340767525464,21.37755832643195,0,0,True,True,1.0,1233,3.0,0.5,0.2364784749224782,0.0035335689045936395,0.0049261083743842365,0.0027548209366391185,0.665881872177124,classical,tile_00362,synth,"[512, 512]"
116,176,48,68,128,62,52,0.694750856823159,303,451,21,282,430,299,451,33,0.11036789297658862,0.07317073170731707,0.088,0.06930693069306931,0.04656319290465632,0.055702917771883284,0.3624933633453854,0.2866733135956648,0.3433065788228615,0.9906295824245116,188,32,10,0.05319148936170213,0.3125,0.0909090909090909,1.289292222699217,1.2071067811865475,2.5618655084853095,0.0,0.0,10,0.22841124059939472,0.694750856823159,0.3287671232876712,0.19672131147540983,0.050359712230215826,2.841507983035133,1.8759765274920783,0.9655314555430544,0.7574173255121993,0.6346815505772613,0.6906388775207551,41.773197148410844,17.69180601295413,0,0,True,True,1.0,918,3.0,0.5,0.20926347700878978,0.09267563527653214,0.10839160839160839,0.08093994778067885,0.659714937210083,classical,tile_00363,synth,"[512, 512]"
179,214,147,32,67,11,40,0.8654202712268562,482,686,216,266,470,482,571,276,0.5726141078838174,0.48336252189141854,0.5242165242165241,0.44813278008298757,0.31486880466472306,0.36986301369863017,0.3953978225077651,0.1194065881409225,0.32321473319908783,5.743658823457295,304,253,184,0.6052631578947368,0.7272727272727273,0.6606822262118491,0.9692697289941329,1.0,2.23606797749979,0.4673913043478261,0.4673913043478261,98,0.6474136380170374,0.8654202712268562,0.7480916030534351,0.5975609756097561,0.47191011235955055,1.2829885873810873,0.8184912814751336,0.4644973059059536,0.9334654467259772,0.8684263631593817,0.8997721157151642,34.9857113690718,8.94427190999916,0,0,True,True,1.0,933,3.0,0.5,0.2560322256758809,0.5084388185654009,0.5182795698924731,0.4989648033126294,0.43387436866760254,classical,tile_00364,synth,"[512, 512]"
194,210,185,9,25,0,14,0.9329116219692252,526,559,428,98,131,526,559,439,0.8346007604562737,0.7853309481216458,0.8092165898617512,0.8136882129277566,0.7656529516994633,0.7889400921658987,0.3267923385977434,0.14542454233976435,0.2476936302856508,4.360951905745689,333,184,162,0.4864864864864865,0.8804347826086957,0.6266924564796905,1.0553544847758625,1.0,2.23606797749979,0.7222222222222222,0.7222222222222222,45,0.8543992577440924,0.9329116219692252,0.9158415841584159,0.8447488584474886,0.8035714285714286,0.7550517562385075,0.44509316999848875,0.3099585862400188,0.9974160206718347,0.949410172113711,0.9728212198543521,32.57299494980466,3.1622776601683795,0,0,True,True,1.0,308,3.0,0.5,0.27136645605787635,0.7931726907630522,0.7995951417004049,0.7868525896414342,0.4667651653289795,classical,tile_00365,synth,"[512, 512]"
151,164,143,8,21,1,11,0.9039848900532711,404,625,210,194,415,404,432,330,0.8168316831683168,0.7638888888888888,0.7894736842105262,0.5198019801980198,0.336,0.40816326530612246,0.9171726506700082,0.41309159302647713,0.8880126908468221,10.873112443932175,254,97,81,0.3188976377952756,0.8350515463917526,0.4615384615384615,0.8595165961524694,1.0,2.0,0.7037037037037037,0.7037037037037037,24,0.8207608843023351,0.9039848900532711,0.9079365079365079,0.8313953488372093,0.7696629213483146,1.0612601125352992,0.5756111100309802,0.48564900250431897,0.9761779729794242,0.9317004239284032,0.9534207554617419,21.93171219946131,4.0,0,0,True,True,1.0,662,3.0,0.5,0.28261296078562737,0.720770288858322,0.6649746192893401,0.7867867867867868,0.45447373390197754,classical,tile_00366,synth,"[512, 512]"
214,272,183,31,89,22,61,0.8349943642018749,588,897,281,307,616,588,750,346,0.5884353741496599,0.4613333333333333,0.5171898355754858,0.477891156462585,0.3132664437012263,0.3784511784511784,0.23809543101322744,0.06716050954161702,0.12426307864071534,4.615061218363434,375,479,313,0.8346666666666667,0.6534446764091858,0.7330210772833723,1.0910611928757088,1.0,2.23606797749979,0.402555910543131,0.402555910543131,187,0.6288229162507947,0.8349943642018749,0.7530864197530864,0.6039603960396039,0.39255014326647564,1.2679445931840383,0.8607262461789509,0.4072183470050873,0.9363749575455678,0.8743985281630342,0.9043261248837696,32.0,8.0,0,0,True,True,1.0,1230,3.0,0.5,0.34181283321231604,0.4961636828644501,0.5290909090909091,0.46709470304975925,0.4563775062561035,classical,tile_00367,synth,"[512, 512]"
59,123,7,52,116,55,32,0.579644021476012,140,609,1,139,608,135,317,1,0.007407407407407408,0.0031545741324921135,0.004424778761061947,0.007142857142857143,0.0016420361247947454,0.0026702269692923898,0.011981009206879141,0.011981009206879141,-0.011981009206879141,0.011981009206879141,82,195,13,0.15853658536585366,0.06666666666666667,0.09386281588447652,1.5214824418742188,1.0,2.8284271247461903,0.0,0.0,13,0.04458800165200093,0.579644021476012,0.07692307692307693,0.04,0.0,3.6600377196017564,2.6708359298146087,0.9892017897871478,0.5838979918689171,0.4095832250238281,0.4814481009366216,53.009433122794285,28.861739379323623,0,0,True,True,1.0,928,3.0,0.5,0.2036160589195788,0.005291005291005292,0.007575757575757576,0.0040650406504065045,0.6291170120239258,classical,tile_00368,synth,"[512, 512]"
133,216,52,81,164,70,59,0.6545300925533362,353,569,25,328,544,349,569,35,0.10028653295128939,0.061511423550087874,0.07625272331154684,0.0708215297450425,0.043936731107205626,0.05422993492407809,0.4906840924199286,0.4391272331947835,0.30192368485941967,1.6813497346561381,221,27,7,0.03167420814479638,0.25925925925925924,0.056451612903225805,1.4123356453389537,1.0,2.23606797749979,0.0,0.0,7,0.19504621669211164,0.6545300925533362,0.2979942693409742,0.1750841750841751,0.03869047619047619,3.052880998789252,2.0440018715702735,1.0088791272189783,0.7218959908749102,0.591415490270889,0.6501739724309572,48.703182647543684,19.0,0,0,True,True,1.0,1124,3.0,0.5,0.2264731889590621,0.07635467980295567,0.09451219512195122,0.0640495867768595,0.6565937995910645,classical,tile_00369,synth,"[512, 512]"
384,199,118,266,81,79,48,0.7346228505279986,1066,534,128,938,406,1058,534,162,0.15311909262759923,0.30337078651685395,0.2035175879396985,0.1200750469043152,0.2397003745318352,0.16,0.27435534844465703,0.15792879454340814,0.00047789829922072896,4.901767286998678,683,336,202,0.2957540263543192,0.6011904761904762,0.3964671246319922,1.51524348016701,1.4142135623730951,2.8284271247461903,0.15346534653465346,0.15346534653465346,171,0.2973773460113339,0.7346228505279986,0.40480274442538594,0.2537634408602151,0.11685823754789272,1.6924885138493235,0.6217680083957577,1.0707205054535658,0.6923465805364415,0.9075288720775824,0.7854667815477677,34.66987164671943,11.704699910719626,0,0,True,True,1.0,1862,3.0,0.5,0.28683300036937,0.21022318214542837,0.16441441441441443,0.29141716566866266,0.8236262798309326,classical,tile_00370,synth,"[512, 512]"
194,132,120,74,12,43,10,0.8220539699241319,526,348,211,315,137,524,348,243,0.4637404580152672,0.6982758620689655,0.5573394495412843,0.4011406844106464,0.6063218390804598,0.48283752860411905,0.18929648313788636,0.10844217192925475,-0.04327673911153982,2.1836008691813857,333,217,147,0.44144144144144143,0.6774193548387096,0.5345454545454545,1.3701965459143643,1.4142135623730951,2.8284271247461903,0.4557823129251701,0.4557823129251701,80,0.6051931066926124,0.8220539699241319,0.7361963190184049,0.5825242718446602,0.31983805668016196,0.8863438830942219,0.26710830544406644,0.6192355776501554,0.8276802801416996,0.9653811114485272,0.8912432251509057,21.93171219946131,12.727922061357855,0,0,True,True,1.0,618,3.0,0.5,0.24868806218728423,0.5632754342431762,0.47689075630252103,0.6878787878787879,0.6255836486816406,classical,tile_00371,synth,"[512, 512]"
288,318,264,24,54,6,29,0.9282943524978201,791,926,563,228,363,791,861,602,0.7610619469026548,0.6991869918699187,0.728813559322034,0.7117572692793932,0.6079913606911447,0.6557949912638322,0.22212778542083947,0.05371666702206809,0.15972598072154137,7.835488930199091,504,447,390,0.7738095238095238,0.87248322147651,0.8201892744479495,0.5787341018247716,0.0,1.4142135623730951,0.6846153846153846,0.6846153846153846,123,0.8088109209881997,0.9282943524978201,0.8712871287128713,0.7719298245614035,0.6974789915966386,0.8000519708900717,0.49053142284274476,0.309520548047327,0.9848205757947879,0.9467816506541628,0.965426564105086,18.0,3.605551275463989,0,0,True,True,1.0,792,3.0,0.5,0.38505737902596593,0.7142857142857142,0.7094594594594594,0.7191780821917808,0.562838077545166,classical,tile_00372,synth,"[512, 512]"
95,180,19,76,161,73,42,0.5878568540771071,250,708,2,248,706,239,487,6,0.02510460251046025,0.012320328542094456,0.01652892561983471,0.008,0.002824858757062147,0.0041753653444676405,0.14616081186777877,0.14616081186777877,-0.02079285347791268,0.16695366534569145,156,308,17,0.10897435897435898,0.05519480519480519,0.07327586206896552,1.7202844111614666,2.0,2.388854381999831,0.0,0.0,17,0.08123112892701843,0.5878568540771071,0.13818181818181818,0.07421875,0.0036496350364963502,3.4865387298972985,2.514042066123677,0.9724966637736213,0.5808026284909645,0.46875119745564625,0.5187955507569662,54.20332093147061,22.47220505424423,0,0,True,True,1.0,1208,3.0,0.5,0.2584935831837356,0.01579778830963665,0.021834061135371178,0.012376237623762377,0.7780413627624512,classical,tile_00373,synth,"[512, 512]"
61,117,14,47,103,54,30,0.5936581466502439,146,488,3,143,485,143,290,8,0.055944055944055944,0.027586206896551724,0.03695150115473441,0.02054794520547945,0.006147540983606557,0.00946372239747634,0.5974709057074311,0.538203719581803,0.282573241257076,0.7818625008649577,86,42,3,0.03488372093023256,0.07142857142857142,0.04687499999999999,1.74535599249993,2.0,2.212461179749811,0.0,0.0,3,0.0933844275629597,0.5936581466502439,0.15730337078651685,0.08536585365853659,0.0,3.7066963783164417,2.6113064581946928,1.095389920121749,0.5223288943945494,0.3495430809399478,0.4188148172570434,58.855755878248644,29.732137494637012,0,0,True,True,1.0,781,3.0,0.5,0.267536629922688,0.03835616438356164,0.04929577464788732,0.03139013452914798,0.8135590553283691,classical,tile_00374,synth,"[512, 512]"
203,250,173,30,77,4,45,0.8549764123451097,554,651,272,282,379,554,651,317,0.572202166064982,0.4869431643625192,0.5261410788381743,0.49097472924187724,0.41781874039938555,0.45145228215767635,0.5755616884679498,0.2654176916150477,0.48530594008743744,10.035830931096147,352,34,25,0.07102272727272728,0.7352941176470589,0.1295336787564767,0.9769192229847293,1.0,2.23606797749979,0.24,0.24,19,0.6530283414379866,0.8549764123451097,0.7637969094922737,0.6178571428571429,0.5150501672240803,1.4695561374324462,0.8638343520260573,0.6057217854063889,0.9715159197673552,0.8430930410046485,0.9027601305711844,31.304951684997057,9.055385138137417,0,0,True,True,1.0,787,3.0,0.5,0.32559109572321177,0.4913294797687861,0.4932301740812379,0.4894433781190019,0.5392286777496338,classical,tile_00375,synth,"[512, 512]"
155,229,108,47,121,36,60,0.8109239240613632,412,627,120,292,507,410,627,139,0.33902439024390246,0.22169059011164274,0.26808100289296044,0.2912621359223301,0.19138755980861244,0.23099133782483156,0.2378509808603758,0.11672158970837518,0.12242742930073526,1.6366588395487232,258,399,159,0.6162790697674418,0.39849624060150374,0.4840182648401826,1.6423639194601014,1.4142135623730951,3.0,0.14465408805031446,0.14465408805031446,136,0.4587847522519873,0.8081346094713904,0.5677083333333334,0.39636363636363636,0.23870967741935484,1.6511886985510478,1.2311020789177731,0.4200866196332746,0.8747020769492679,0.7998880940010391,0.8356238908922421,34.0,13.92838827718412,0,0,True,True,1.0,1103,3.0,0.5,0.2363111968152225,0.2669404517453799,0.327455919395466,0.22530329289428075,0.7231845855712891,classical,tile_00376,synth,"[512, 512]"
292,404,213,79,191,34,87,0.8358402964845444,799,1100,281,518,819,796,1100,312,0.39195979899497485,0.28363636363636363,0.3291139240506329,0.35168961201501875,0.25545454545454543,0.29594523433385994,0.3676095904373345,0.17211372550935974,0.2480971808887017,7.307361395358704,508,510,301,0.59251968503937,0.5901960784313726,0.5913555992141454,1.2687419550978596,1.0,2.23606797749979,0.2425249169435216,0.2425249169435216,228,0.5115919056069194,0.8358402964845444,0.6120689655172413,0.4409937888198758,0.32571428571428573,1.7370965504047085,1.1973978243790713,0.5396987260256372,0.9455451752460969,0.8456938483547926,0.8928364417158305,21.93171219946131,9.219544457292887,0,0,True,True,1.0,1835,3.0,0.5,0.33298330707475543,0.32312312312312313,0.3669849931787176,0.2886266094420601,0.7100486755371094,classical,tile_00377,synth,"[512, 512]"
120,174,89,31,85,26,41,0.8362261625854317,311,565,102,209,463,311,465,116,0.3729903536977492,0.24946236559139784,0.29896907216494845,0.3279742765273312,0.18053097345132743,0.2328767123287671,0.20012125550689475,0.09265276808395223,0.07382450448695119,1.3759904501584688,192,292,132,0.6875,0.4520547945205479,0.5454545454545454,1.238766689471017,1.2071067811865475,2.8284271247461903,0.15151515151515152,0.15151515151515152,112,0.506286588231996,0.8362261625854317,0.6054421768707483,0.43414634146341463,0.29515418502202645,1.5367736693175333,1.1432451490209299,0.3935285202966035,0.9276373550205628,0.7941868085270422,0.8557405175872695,31.11269837220809,16.0312195418814,0,0,True,True,1.0,900,3.0,0.5,0.262434521690011,0.30337078651685395,0.3564356435643564,0.26405867970660146,0.5493099689483643,classical,tile_00378,synth,"[512, 512]"
114,171,83,31,88,27,47,0.7935550929146516,305,454,99,206,355,305,454,125,0.4098360655737705,0.2753303964757709,0.3293807641633728,0.32459016393442625,0.21806167400881057,0.26086956521739135,0.3133977067587552,0.2037685886009658,0.2106859109614441,2.8433471732508866,192,159,72,0.375,0.4528301886792453,0.4102564102564103,1.2350804996298206,1.0,2.23606797749979,0.2916666666666667,0.2916666666666667,51,0.46221103657484974,0.7935550929146516,0.5824561403508772,0.41089108910891087,0.22844827586206898,1.7470641839139571,1.2702088977370116,0.4768552861769455,0.8441986234021632,0.7513169346342358,0.7950542616300647,49.03060268852505,15.652475842498529,0,0,True,True,1.0,731,3.0,0.5,0.25362914986908436,0.326241134751773,0.40350877192982454,0.27380952380952384,0.5497720241546631,classical,tile_00379,synth,"[512, 512]"
154,170,150,4,20,4,17,0.9403049422423613,411,455,342,69,113,411,455,355,0.8637469586374696,0.7802197802197802,0.8198614318706698,0.8321167883211679,0.7516483516483516,0.7898383371824479,0.08290647341418289,0.025164813555417595,0.0284380263773368,1.0552969868516853,258,286,236,0.9147286821705426,0.8251748251748252,0.8676470588235293,0.5865061684516081,0.0,2.0,0.7669491525423728,0.7669491525423728,55,0.8706527242984826,0.9403049422423613,0.9259259259259259,0.8620689655172413,0.7052631578947368,0.3476357706104391,0.2741995749004101,0.073436195710029,0.9907509080158797,0.9539107821564313,0.9719818911060882,32.2490309931942,2.23606797749979,0,0,True,True,1.0,261,3.0,0.5,0.2819331679493189,0.8360049321824907,0.8782383419689119,0.7976470588235294,0.7879910469055176,classical,tile_00380,synth,"[512, 512]"
234,283,214,20,69,7,47,0.8693408639659411,637,767,415,222,352,637,767,449,0.7048665620094191,0.5853976531942634,0.6396011396011396,0.6514913657770801,0.5410691003911343,0.5911680911680912,0.2717467141202308,0.12052338083479731,0.15000173244756293,6.686290916990241,404,353,234,0.5792079207920792,0.6628895184135978,0.618229854689564,1.2504521574638037,1.0,2.4433936790360264,0.5726495726495726,0.5726495726495726,100,0.719686440575286,0.8693408639659411,0.8278529980657641,0.7062706270627063,0.5205882352941177,1.0548984606481975,0.7000533276844095,0.35484513296378783,0.9880909418982317,0.8973211674562789,0.9405210809223493,24.0,8.06225774829855,0,0,True,True,1.0,763,3.0,0.5,0.3355212528258562,0.6167056986729118,0.662751677852349,0.5766423357664233,0.5696916580200195,classical,tile_00381,synth,"[512, 512]"
204,317,124,80,193,38,85,0.7471126226706097,557,825,112,445,713,553,825,136,0.24593128390596744,0.16484848484848486,0.1973875181422351,0.20107719928186715,0.13575757575757577,0.1620839363241679,0.5668895795579617,0.298104451801122,0.42373914455139067,5.4207270472439175,354,43,24,0.06779661016949153,0.5581395348837209,0.12090680100755666,1.3488179538171352,1.0,2.739573252659229,0.16666666666666666,0.16666666666666666,20,0.3556313443806357,0.7471126226706097,0.4760076775431862,0.3123425692695214,0.15521064301552107,2.4569022168309282,1.5760232999097514,0.8808789169211768,0.927257197765045,0.7489193528467334,0.8286010924317165,28.0,13.341664064126334,0,0,True,True,1.0,1451,3.0,0.5,0.3222307958640158,0.1838879159369527,0.20669291338582677,0.16561514195583596,0.7377781867980957,classical,tile_00382,synth,"[512, 512]"
183,240,141,42,99,24,57,0.7906048347815537,493,622,156,337,466,493,622,205,0.4158215010141988,0.3295819935691318,0.36771300448430494,0.31643002028397565,0.2508038585209003,0.27982062780269057,0.5257285071412894,0.3083258006982469,0.38667553379830794,5.038262961369457,311,39,24,0.07717041800643087,0.6153846153846154,0.13714285714285715,1.4077435189160141,1.4142135623730951,2.9742640687119284,0.041666666666666664,0.041666666666666664,23,0.5270698898543691,0.7906048347815537,0.6666666666666666,0.5,0.3055555555555556,1.906422744106479,1.1861654862683846,0.7202572578380944,0.9370066612760387,0.8013776452208493,0.8639012547033553,33.015148038438355,12.649110640673518,0,0,True,True,1.0,967,3.0,0.5,0.2939049256965518,0.34232365145228216,0.3548387096774194,0.3306613226452906,0.509129524230957,classical,tile_00383,synth,"[512, 512]"
89,115,75,14,40,2,19,0.9018535280541253,230,297,122,108,175,229,297,133,0.5807860262008734,0.4478114478114478,0.5057034220532319,0.5304347826086957,0.4107744107744108,0.4629981024667932,0.48465760168067296,0.3073796171044554,0.4235712860561001,6.1261020181004255,142,1,0,0.0,0.0,0.0,0.0,0.0,0.0,1.0,1.0,0,0.6631275941574452,0.9018535280541253,0.7352941176470589,0.5813953488372093,0.5,1.16640850643951,0.8454390254570563,0.32096948098245365,0.9740674131229332,0.8559666264134372,0.9112062174770608,42.20189569201838,16.0,0,0,True,True,1.0,337,3.0,0.5,0.24377617007121444,0.488,0.5422222222222223,0.44363636363636366,0.7183864116668701,classical,tile_00384,synth,"[512, 512]"
97,150,54,43,96,37,49,0.7216401881457365,249,393,37,212,356,247,393,50,0.20242914979757085,0.1272264631043257,0.15625,0.14859437751004015,0.09414758269720101,0.11526479750778816,0.22415226393353888,0.11983668632076633,0.06863077269529351,0.8802795929031653,153,244,71,0.46405228758169936,0.29098360655737704,0.35768261964735515,1.3420938007424394,1.0,2.53224755112299,0.028169014084507043,0.028169014084507043,69,0.3155349810515771,0.7216401881457365,0.43724696356275305,0.27979274611398963,0.10267857142857142,2.05749933838886,1.519790645388405,0.5377086930004551,0.7729498801708867,0.6659099002849003,0.7154484191180529,45.221676218380054,22.47220505424423,0,0,True,True,1.0,776,3.0,0.5,0.23242224100977182,0.15960912052117265,0.20588235294117646,0.13031914893617022,0.7485523223876953,classical,tile_00385,synth,"[512, 512]"
154,234,117,37,117,23,61,0.7896406015850389,412,687,133,279,554,411,638,168,0.40875912408759124,0.26332288401253917,0.3203050524308865,0.32281553398058255,0.19359534206695778,0.24203821656050956,0.32294183387817244,0.1695963707478118,0.1462523344370422,3.534987697234239,259,405,163,0.6293436293436293,0.4024691358024691,0.49096385542168675,1.4157987338491755,1.4142135623730951,2.8284271247461903,0.22085889570552147,0.22085889570552147,127,0.4762265483786059,0.7896406015850389,0.6030927835051546,0.4317343173431734,0.24758842443729903,1.5523846736398115,1.1807200838506886,0.371664589789123,0.9320697112326676,0.7924385111594053,0.8566012323692671,33.28663395418648,14.142135623730951,0,0,True,True,1.0,1114,3.0,0.5,0.28202710673213005,0.31611570247933884,0.38636363636363635,0.2674825174825175,0.5707099437713623,classical,tile_00386,synth,"[512, 512]"
125,205,31,94,174,71,60,0.6357524114016846,329,787,4,325,783,319,534,10,0.03134796238244514,0.018726591760299626,0.023446658851113716,0.0121580547112462,0.005082592121982211,0.007168458781362008,0.45228673689062815,0.4667735773900436,0.45228673689062815,0.6481812607060194,205,125,27,0.13170731707317074,0.216,0.16363636363636366,1.5714649364532491,1.4142135623730951,3.0,0.0,0.0,27,0.11944439244516497,0.6357524114016846,0.18787878787878787,0.10367892976588629,0.012269938650306749,3.390426751810164,2.228735752568386,1.1616909992417777,0.7006877812685743,0.5266397947966288,0.6013228685479858,29.698484809834994,17.373541483849422,0,0,True,True,1.0,1403,3.0,0.5,0.30090030282735825,0.02005730659025788,0.023026315789473683,0.017766497461928935,0.7879047393798828,classical,tile_00387,synth,"[512, 512]"
101,110,99,2,11,0,9,0.9538086627434846,261,305,218,43,87,261,288,230,0.8812260536398467,0.7986111111111112,0.8378870673952641,0.8352490421455939,0.7147540983606557,0.7703180212014136,0.08450228709251331,0.022674195514822578,0.05410684837224278,1.3426960682099534,161,165,148,0.9192546583850931,0.896969696969697,0.9079754601226994,0.5989819556044165,0.5,1.4142135623730951,0.7567567567567568,0.7567567567567568,36,0.8950432001099998,0.9538086627434846,0.9383886255924171,0.8839285714285714,0.773109243697479,0.33281071901480863,0.25768564890051565,0.07512507011429298,0.9982783004365738,0.9612227074235807,0.9794001297868549,39.0,2.0,0,0,True,True,1.0,179,3.0,0.5,0.23930810019373894,0.8271844660194174,0.8588709677419355,0.797752808988764,0.5398361682891846,classical,tile_00388,synth,"[512, 512]"
156,284,35,121,249,125,78,0.6505659188613883,423,958,8,415,950,418,748,13,0.03110047846889952,0.017379679144385027,0.022298456260720415,0.018912529550827423,0.008350730688935281,0.011585807385952208,0.4920638301494299,0.45067644223853076,0.20690459379062615,0.9979468491894654,268,240,39,0.1455223880597015,0.1625,0.15354330708661418,1.21813317450571,1.0,2.8284271247461903,0.0,0.0,39,0.10349912345522086,0.6505659188613883,0.1590909090909091,0.08641975308641975,0.018518518518518517,3.5225053418011782,2.318723773546611,1.203781568254567,0.7095206879265801,0.5469232749742533,0.6177010511584877,45.60701700396552,15.620499351813308,0,0,True,True,1.0,1774,3.0,0.5,0.2903260192833841,0.025945945945945945,0.03076923076923077,0.022429906542056073,0.760228157043457,classical,tile_00389,synth,"[512, 512]"
148,169,137,11,32,1,20,0.9219075767356237,389,445,275,114,170,389,445,284,0.7300771208226221,0.6382022471910113,0.6810551558752997,0.7069408740359897,0.6179775280898876,0.65947242206235,0.17050386718451024,0.07824215020329339,0.04105980250055058,4.849077934795219,242,277,169,0.6983471074380165,0.6101083032490975,0.651252408477842,1.3733460048876915,1.4142135623730951,2.591483465847627,0.5502958579881657,0.5502958579881657,76,0.7968538675885202,0.9219075767356237,0.8643533123028391,0.7611111111111111,0.6684210526315789,0.6621846077121364,0.4668655093162184,0.195319098395918,0.9964692382381499,0.9395132275132275,0.9671534186870053,28.0178514522438,5.656854249492381,0,0,True,True,1.0,403,3.0,0.5,0.2376333107240498,0.6939820742637646,0.7344173441734417,0.6577669902912622,0.500199556350708,classical,tile_00390,synth,"[512, 512]"
84,127,41,43,86,32,32,0.6966439931137374,215,326,15,200,311,208,326,35,0.16826923076923078,0.10736196319018405,0.1310861423220974,0.06976744186046512,0.046012269938650305,0.055452865064695,0.5376140150383137,0.3032190129701258,0.38345146254260604,3.4829231288976796,132,13,3,0.022727272727272728,0.23076923076923078,0.041379310344827586,2.0,2.0,2.9,0.0,0.0,3,0.2707336845276136,0.6966439931137374,0.3886255924170616,0.2411764705882353,0.07106598984771574,2.6109520366821632,1.818501720181937,0.7924503165002261,0.7041883468136624,0.6297256097560976,0.6648786211379307,57.77542730261716,23.345235059857504,0,0,True,True,1.0,643,3.0,0.5,0.23376597138121724,0.12749003984063745,0.1553398058252427,0.10810810810810811,0.758439302444458,classical,tile_00391,synth,"[512, 512]"
123,140,119,4,21,0,15,0.9199827587638122,319,364,249,70,115,319,364,262,0.8213166144200627,0.7197802197802198,0.767203513909224,0.780564263322884,0.6840659340659341,0.7291361639824305,0.12793749612995922,0.06247267927258678,0.020773525888152518,2.5427738495428636,197,225,156,0.7918781725888325,0.6933333333333334,0.7393364928909952,1.4632221736924511,1.4142135623730951,2.8284271247461903,0.6858974358974359,0.6858974358974359,49,0.8325319261817007,0.9199827587638122,0.9049429657794676,0.8263888888888888,0.6967741935483871,0.5680072242318157,0.4083540822731901,0.15965314195862568,0.9966829268292683,0.938916704597178,0.9669378253571628,42.42640687119285,6.0,0,0,True,True,1.0,259,3.0,0.5,0.25010391790419817,0.763803680981595,0.8032258064516129,0.7280701754385965,0.5703043937683105,classical,tile_00392,synth,"[512, 512]"
91,105,88,3,17,0,13,0.919788454170467,232,269,181,51,88,232,269,191,0.8232758620689655,0.7100371747211895,0.7624750499001995,0.7801724137931034,0.6728624535315985,0.7225548902195608,0.13109256913061418,0.07079547388505306,0.03271889312220508,1.72907557924042,142,165,102,0.7183098591549296,0.6181818181818182,0.6644951140065147,1.490723863406077,1.4142135623730951,2.8284271247461903,0.696078431372549,0.696078431372549,31,0.8259324894591948,0.919788454170467,0.8979591836734694,0.8148148148148148,0.6610169491525424,0.5583757903249851,0.40984881220032343,0.1485269781246616,0.9793028911105107,0.9329017673653925,0.9555393496752606,43.382023926967726,9.219544457292887,0,0,True,True,1.0,190,3.0,0.5,0.23872323241084814,0.7577639751552796,0.820627802690583,0.7038461538461539,0.7776141166687012,classical,tile_00393,synth,"[512, 512]"
133,198,44,89,154,79,64,0.6333922182591549,351,908,15,336,893,346,526,33,0.0953757225433526,0.06273764258555133,0.0756880733944954,0.042735042735042736,0.016519823788546256,0.023828435266084195,0.37201209511179145,0.2859796178664415,0.2493488029523666,1.15746754984078,219,329,60,0.273972602739726,0.182370820668693,0.218978102189781,1.2782351067140187,1.0,2.83700576850888,0.06666666666666667,0.06666666666666667,56,0.1683943057607421,0.6333922182591549,0.26586102719033233,0.15331010452961671,0.018461538461538463,3.155070193717858,2.023036340471749,1.1320338532461092,0.7243109865752164,0.5747535499483968,0.6409232168168947,45.60701700396552,16.278820596099706,0,0,True,True,1.0,1528,3.0,0.5,0.2885733610019088,0.08516483516483517,0.09253731343283582,0.07888040712468193,0.7863364219665527,classical,tile_00394,synth,"[512, 512]"
163,246,72,91,174,72,64,0.6786383378577009,436,649,33,403,616,430,649,55,0.12790697674418605,0.0847457627118644,0.10194624652455977,0.07568807339449542,0.05084745762711865,0.0608294930875576,0.40151568036101465,0.36011422419953265,0.2548324880854222,1.2021419097967205,274,35,10,0.0364963503649635,0.2857142857142857,0.06472491909385113,1.3478708664619075,1.2071067811865475,2.656230589874905,0.1,0.1,9,0.2389337913239827,0.6786383378577009,0.35207823960880197,0.21364985163204747,0.07068062827225131,3.0219159055769165,1.9758655852946347,1.0460503202822817,0.7514053479185658,0.6477621885758709,0.6957450912488051,36.013886210738214,16.0312195418814,0,0,True,True,1.0,1293,3.0,0.5,0.2928493027575314,0.09638554216867469,0.10810810810810811,0.08695652173913043,0.7394933700561523,classical,tile_00395,synth,"[512, 512]"
88,129,46,42,83,41,49,0.6509127582068238,224,640,8,216,632,221,335,38,0.17194570135746606,0.11343283582089553,0.1366906474820144,0.03571428571428571,0.0125,0.01851851851851852,0.6070613371757316,0.48684628198631863,0.6070613371757316,1.4131788320293721,137,207,45,0.3284671532846715,0.21739130434782608,0.26162790697674415,1.2723995646440869,1.0,2.9656854249492377,0.0,0.0,45,0.2759630126959806,0.6509127582068238,0.423963133640553,0.26900584795321636,0.05853658536585366,2.5344915512826107,1.6794868333799764,0.8550047179026342,0.797055090124397,0.6495276764998342,0.7157687104748254,36.0,20.09975124224178,0,0,True,True,1.0,1018,3.0,0.5,0.22930141584947705,0.13445378151260504,0.15023474178403756,0.12167300380228137,0.4895305633544922,classical,tile_00396,synth,"[512, 512]"
140,178,125,15,53,13,37,0.8472382423150439,376,473,219,157,254,376,473,235,0.625,0.49682875264270615,0.5535924617196701,0.5824468085106383,0.4630021141649049,0.5159010600706714,0.22387742500864416,0.08525142675041007,0.09275586540471452,13.178031811393492,237,296,168,0.7088607594936709,0.5675675675675675,0.6303939962476548,1.3262644974553985,1.4142135623730951,2.8284271247461903,0.47619047619047616,0.47619047619047616,88,0.6660678005621414,0.8472382423150439,0.7861635220125787,0.6476683937823834,0.41964285714285715,1.0604695977455076,0.7755295991450615,0.2849399986004462,0.9523315126619419,0.86791020929861,0.9081631659182466,40.311288741492746,14.0,0,0,True,True,1.0,567,3.0,0.5,0.23874409589916468,0.554726368159204,0.6177285318559557,0.5033860045146726,0.727989912033081,classical,tile_00397,synth,"[512, 512]"
213,292,161,52,131,12,65,0.8348041670655842,578,1041,167,411,874,578,776,249,0.43079584775086505,0.32087628865979384,0.36779911373707536,0.2889273356401384,0.16042267050912584,0.20630018529956762,0.7443108665479399,0.38976243314658154,0.6261530744225721,12.362516208386733,366,215,115,0.31420765027322406,0.5348837209302325,0.3958691910499139,0.955410886849691,1.0,2.23606797749979,0.24347826086956523,0.24347826086956523,87,0.5322909738517191,0.8348041670655842,0.6376237623762376,0.4680232558139535,0.3502673796791444,1.8353764149951766,1.0986550424546844,0.7367213725404922,0.979714091218516,0.82545568645349,0.8959939144758688,21.0,12.0,0,0,True,True,1.0,1555,3.0,0.5,0.35044456319883466,0.3295668549905838,0.33081285444234404,0.32833020637898686,0.5055174827575684,classical,tile_00398,synth,"[512, 512]"
114,132,109,5,23,3,21,0.8906729910616293,300,348,231,69,117,299,348,245,0.8193979933110368,0.7040229885057471,0.7573415765069552,0.77,0.6637931034482759,0.712962962962963,0.11872297809021148,0.05797440599717675,0.049979630967795494,1.2242886436882177,187,217,164,0.8770053475935828,0.7557603686635944,0.8118811881188119,1.319980577085598,1.2071067811865475,2.8284271247461903,0.6951219512195121,0.6951219512195121,50,0.7892955774448586,0.8906729910616293,0.8861788617886179,0.7956204379562044,0.5870967741935483,0.66485055832099,0.47660648537556516,0.18824407294542483,0.9698327037236913,0.9319379844961241,0.9505077986586524,48.16637831516918,6.4031242374328485,0,0,True,True,1.0,264,3.0,0.5,0.24941490730270743,0.7584000000000001,0.8229166666666666,0.7032640949554896,0.5092260837554932,classical,tile_00399,synth,"[512, 512]"
